<?xml version="1.0" encoding="UTF-8"?>
<DOC lang="English" n="N0038624" id="A/54/841" date="2000/04/07">
<text>
	<body>
	<p n="1">
	  <s n="1"> Fifty-fourth session </s>
	</p>
	<p n="2">
	  <s n="2"> Agenda items 128 (a) and (b), 130 (a), 131, 136, 137, 144, 151 and 151 (a) </s>
	</p>
	<p n="3">
	  <s n="3"> Financing of the United Nations peacekeeping forces in the Middle East: United Nations Disengagement Observer Force; United Nations Interim Force in Lebanon </s>
	</p>
	<p n="4">
	  <s n="4"> Financing of the activities arising from Security Council resolution 687 (1991): United Nations Iraq-Kuwait Observation Mission </s>
	</p>
	<p n="5">
	  <s n="5"> Financing of the United Nations Mission for the Referendum in Western Sahara </s>
	</p>
	<p n="6">
	  <s n="6"> Financing of the United Nations Peacekeeping Force in Cyprus </s>
	</p>
	<p n="7">
	  <s n="7"> Financing of the United Nations Observer Mission in Georgia </s>
	</p>
	<p n="8">
	  <s n="8"> Financing of the United Nations Mission in Bosnia and Herzegovina </s>
	</p>
	<p n="9">
	  <s n="9"> Administrative and budgetary aspects of the financing of the United Nations peacekeeping operations: financing of the United Nations peacekeeping operation </s>
	</p>
	<p n="10">
	  <s n="10"> Financing of the United Nations peacekeeping operations </s>
	</p>
	<p n="11">
	  <s n="11"> Report of the Advisory Committee on Administrative and Budgetary Questions </s>
	</p>
	<p n="12">
	  <s n="12"> Introduction </s>
	</p>
	<p n="13">
	  <s n="13"> During its meetings held in February and March 2000, the Advisory Committee on Administrative and Budgetary Questions considered the financial performance reports for the period from 1 July 1998 to 30 June 1999 and the proposed budgets for the period from 1 July 2000 to 30 June 2001 of the peacekeeping operations listed below. </s>
	  <s n="14"> The Committee&apos;s reports on each of these missions are presented as addenda to the present report, as follows: </s>
	</p>
	<p n="14">
	  <s n="15"> (a) United Nations Disengagement Observer Force (UNDOF) (A/54/841/Add.1); </s>
	</p>
	<p n="15">
	  <s n="16"> (b) United Nations Interim Force in Lebanon (UNIFIL) (A/54/841/Add.2); </s>
	</p>
	<p n="16">
	  <s n="17"> (c) United Nations Iraq-Kuwait Observation Mission (UNIKOM) (A/54/841/Add.3); </s>
	</p>
	<p n="17">
	  <s n="18"> (d) United Nations Peacekeeping Force in Cyprus (UNFICYP) (A/54/841/Add.4); </s>
	</p>
	<p n="18">
	  <s n="19"> (e) United Nations Observer Mission in Georgia (UNOMIG) (A/54/841/Add.5); </s>
	</p>
	<p n="19">
	  <s n="20"> (f) United Nations Mission in Bosnia and Herzegovina (UNMIBH), including the liaison offices at Zagreb and Belgrade and the United Nations Mission of Observers in Prevlaka (UNMOP) (A/54/841, Add.6); </s>
	</p>
	<p n="20">
	  <s n="21"> (g) United Nations Mission for the Referendum in Western Sahara (MINURSO) (A/54/841/Add.7); </s>
	</p>
	<p n="21">
	  <s n="22"> (h) United Nations Logistics Base at Brindisi (A/54/841/Add.8). </s>
	</p>
	<p n="22">
	  <s n="23"> The Advisory Committee also considered the financial performance reports for the period from 1 July 1998 to 30 June 1999 for the United Nations Civilian Police Mission in Haiti (MIPONUH) (A/54/757), the United Nations Mission of Observers in Tajikistan (UNMOT) (A/54/705), the United Nations Preventive Deployment Force (UNPREDEP) (A/54/740), the Civilian Police Support Group (A/54/713) and the United Nations Observer Mission in Sierra Leone (UNOMSIL) (A/54/778). </s>
	  <s n="24"> The Committee has reported on MIPONUH (A/54/825), UNMOT (A/54/822), UNPREDEP (A/54/824) and the Civilian Police Support Group (A/54/823). </s>
	  <s n="25"> The Committee&apos;s report on UNOMSIL is to be issued shortly. </s>
	</p>
	<p n="23">
	  <s n="26"> The Advisory Committee considered the financial performance report for the period from 1 July 1998 to 30 June 1999 (A/54/809) and the revised budget for the period from 1 July 1999 to 30 June 2000 (A/54/812) for the United Nations Observer Mission in Angola (MONUA) and the revised budget for the period from 1 July 1999 to 30 June 2000 and the proposed budget for the period from 1 July 2000 to 30 June 2001 for UNOMSIL and the United Nations Mission in Sierra Leone (UNAMSIL) (A/54/820). </s>
	  <s n="27"> The report of the Committee on MONUA is contained in document A/54/831, and, as indicated above, its report on UNOMSIL/UNAMSIL is to be issued shortly. </s>
	</p>
	<p n="24">
	  <s n="28"> The Advisory Committee also considered the financial performance report for the United Nations Mission in East Timor (UNAMET) for the period from 5 May 1999 to 30 November 1999 and the request for additional appropriation (A/54/775), as well as the budget estimates for the United Nations Transitional Administration in East Timor (UNTAET) for the period from 1 July 1999 to 30 June 2000 (A/54/769). </s>
	  <s n="29"> The reports of the Committee on the financing of UNAMET and UNTAET are contained in documents A/54/802 and A/54/804 respectively. </s>
	</p>
	<p n="25">
	  <s n="30"> The Advisory Committee also considered on a preliminary basis the proposed budget for the period from 1 July 2000 to 30 June 2001 for the United Nations Interim Administration Mission in Kosovo (UNMIK) (A/54/807) and the Secretary-General&apos;s request for authority to enter into commitments, with assessment, in an amount not exceeding $200 million to meet the most immediate anticipated requirements of the United Nations Organization Mission in the Democratic Republic of the Congo (MONUC) (see A/54/808). </s>
	  <s n="31"> The reports of the Committee are contained in documents A/54/842 and A/54/813 respectively. </s>
	</p>
	<p n="26">
	  <s n="32"> Further, the Advisory Committee considered the report on losses of United Nations property in peacekeeping operations (A/54/669 and Corr.1). </s>
	  <s n="33"> The Committee&apos;s observations and comments are set out in paragraphs 47-53 below. </s>
	</p>
	<p n="27">
	  <s n="34"> In addition, the Advisory Committee has considered the report of the Board of Auditors to the General Assembly on the accounts of the United Nations peacekeeping operations for the financial period ended 30 June 1999.1 The report of the Committee is contained in document A/54/801. </s>
	</p>
	<p n="28">
	  <s n="35"> General Observations </s>
	</p>
	<p n="29">
	  <s n="36"> A summary of the financial performance of peacekeeping missions for the period ending 30 June 1999 is contained in annex I to the present report. </s>
	  <s n="37"> For the peacekeeping operations listed in that annex, expenditures amounted to $768,242,700, including the absorption of the cost of the United Nations Logistics Base at Brindisi, Italy, which amounts to $4,016,100, against appropriations of $836,056,300, leaving an unencumbered balanced of $67,813,600 (or 8.1 per cent of the appropriation). </s>
	  <s n="38"> As can be seen from table 1, the total of unliquidated obligations for the period ending 30 June 1999 amounted to $230,493,600 (or 30.0 per cent of the expenditure), as reflected in the performance reports. </s>
	  <s n="39"> As at 28 February 2000, unliquidated obligations amounted to $125,188,738. </s>
	</p>
	<p n="30">
	  <s n="40"> The Advisory Committee has commented in the past on the high level of unliquidated obligations as an indication of the need to refine the monitoring of budget implementation and disbursement. </s>
	  <s n="41"> The </s>
	</p>
	<p n="31">
	  <s n="42"> Table 1 </s>
	</p>
	<p n="32">
	  <s n="43"> Unliquidated obligations for the period from 1 July 1998 to 30 June 1999 </s>
	</p>
	<p n="33">
	  <s n="44"> (United States dollars) </s>
	</p>
	<p n="34">
	  <s n="45"> a A good part of the unliquidated obligations is related to provision for reimbursement to Member States for troop costs, contingent-owned equipment, and the like. </s>
	</p>
	<p n="35">
	  <s n="46"> b As at February 2000. </s>
	</p>
	<p n="36">
	  <s n="47"> Committee notes that for this reporting period inter-office vouchers and unliquidated obligations have been reviewed more intensively. </s>
	  <s n="48"> The Committee recalls that, in accordance with decisions of the General Assembly in its resolutions on the financing of each peacekeeping mission following the financial period to which they relate, obligations relating to governmental claims remain valid for five years and those relating to non-governmental claims are retained for 12 months. </s>
	  <s n="49"> The Committee notes from the report of the Board of Auditors2 that more progress needs to be made in the process of reviewing and verifying troop-contributing countries&apos; claims. </s>
	  <s n="50"> In this connection, the Committee stresses the importance of the timely settlement of all claims of Governments participating in peacekeeping operations (see also A/54/801, paras. </s>
	  <s n="51"> 6 and 8). </s>
	</p>
	<p n="37">
	  <s n="52"> As shown in annex II, total estimated budgetary requirements for the period from 1 July 2000 to 30 June 2001, as proposed by the Secretary-General in the reports for each peacekeeping operation submitted to the Advisory Committee as advance texts in February and March 2000, amount to $2,016,160,100 gross, excluding proposed budgets of $9,317,400 gross for the United Nations Logistics Base at Brindisi (A/54/733) and $51,736,600 gross for the Support account for peacekeeping operations (A/54/800). </s>
	  <s n="53"> In this connection, the Committee recalls that the procedure for prorating support account cost requirements among individual peacekeeping mission budgets is contained in its report of 22 March 1996 (A/50/897, para. </s>
	  <s n="54"> 37 and annex II), and the procedure with respect to the Logistics Base is contained in its report of 1 April 1999 (A/53/895, para. </s>
	</p>
	<p n="38">
	  <s n="55"> The Advisory Committee notes that estimated gross budgetary requirements for peacekeeping operations for the period from 1 July 2000 to 30 June 2001 are expanding in comparison with the estimated requirements proposed by the Secretary-General for each peacekeeping operation for the period from 1 July 1999 to 30 June 2000 (see A/53/895, annex IV). </s>
	  <s n="56"> The Committee was informed by the Controller that gross estimated requirements will now exceed $2,600 million for the period 2000/01. </s>
	  <s n="57"> While the budgets of five of the six ongoing missions have decreased between 1999/00 and 2000/01, the expansion refers mainly to the budgetary requirements of three new missions (i.e., UNMIK, UNTAET and MONUC) with large military and/or police components, as well as to the conversion and expansion of the operation in Sierra Leone. </s>
	  <s n="58"> The Committee has paid close attention to the justifications provided for the requests for additional resources as well as to general issues of operational efficiency. </s>
	  <s n="59"> The Committee has indicated areas that need further change, as summarized below and/or as contained in the reports of the Committee on each mission&apos;s budget. </s>
	</p>
	<p n="39">
	  <s n="60"> The Advisory Committee welcomes the improvements in the preparation of the proposed budgets for peacekeeping operations. </s>
	  <s n="61"> The Committee notes that improvements in the reports result in part from the implementation of recommendations made by the Committee, in particular in its reports of 7 May 1998 (A/52/860) and 1 April 1999 (A/53/895) on financing of the United Nations peacekeeping operations. </s>
	  <s n="62"> The Committee was informed that some issues, such as the treatment of income (see A/53/895, para. </s>
	  <s n="63"> 13) remained under review. </s>
	  <s n="64"> The Committee also notes that in many instances the budget preparation process has been streamlined. </s>
	  <s n="65"> In most cases the estimates are more realistic, reflecting performance experience gained from prior mandate periods; however, in some areas, such as civilian staff costs, the Committee has questioned the extent to which past experience has been used and, where appropriate, has adjusted the rates. </s>
	  <s n="66"> In general, the financial performance and budget documents have been made more user-friendly, containing concise but yet more precise narratives with fewer errors than in previous documentation. </s>
	  <s n="67"> In accordance with the Committee&apos;s past recommendation, budgets have provided in a consistent manner expenditures for staff assessment and the corresponding offset. </s>
	</p>
	<p n="40">
	  <s n="68"> The Advisory Committee notes further improvements in the coordination between Headquarters and missions in the field in budgetary and administrative matters. </s>
	  <s n="69"> As a recurrent feature, long-established missions continue to be a source of expertise for new missions. </s>
	</p>
	<p n="41">
	  <s n="70"> The Committee was provided with an updated version of the Standard Cost Manual for Peacekeeping Operations and was informed about how its updating has affected the estimates in a number of areas, such as transportation and accommodation. </s>
	  <s n="71"> The Standard Cost Manual indicates estimated unit prices based on an average of recent purchase costs of various items. </s>
	  <s n="72"> As these items may be bought individually or at varying bulk rates with variable discounts and associated savings, the resulting standard cost need not necessarily reflect either the unit price or a specific bulk cost for the item; rather, it is a functional average suitable for budgeting and mission planning purposes. </s>
	</p>
	<p n="42">
	  <s n="73"> The Advisory Committee welcomes the enhancements in the information contained in the performance reports as well as the refinements in the additional complementary information on budget implementation provided to the Committee during its meetings; however, the Committee believes that further adjustments are needed in some cases so that the most up-to-date information given to the Committee would be more accurate, facilitating the Committee&apos;s review of budget proposals. </s>
	  <s n="74"> The Committee notes that for some missions, such as UNFICYP, information was included on steps taken to manage more effectively authorized funds and on economy measures taken. </s>
	  <s n="75"> The Committee requests that in future similar information be included in the performance reports for other missions, as appropriate. </s>
	</p>
	<p n="43">
	  <s n="76"> The Advisory Committee notes from the additional information provided on budget implementation that considerable variations occurred in expenditures under several items. </s>
	  <s n="77"> Detailed explanations were provided, in general, where variances in expenditure were over or under $100,000 or 10 per cent of the apportionment. </s>
	  <s n="78"> However, when relevant, explanations of smaller variances were also provided. </s>
	  <s n="79"> In some cases variances involved unbudgeted items. </s>
	  <s n="80"> The Committee recognizes that this is a feature of the flexibility accorded to the Secretary-General to manage the appropriations authorized by the General Assembly. </s>
	  <s n="81"> Nevertheless, the Committee intends to monitor this situation to ascertain whether the frequency of unbudgeted expenditures results from unforeseen circumstances or whether it reflects weaknesses in the methods used to identify requirements. </s>
	</p>
	<p n="44">
	  <s n="82"> The Advisory Committee has noted that in some missions (e.g., UNIKOM) there are a number of voluntary contributions for which no value is given. </s>
	  <s n="83"> Moreover, upon enquiry, the Committee was informed that in a number of cases these voluntary contributions were in respect of items that would otherwise have been budgeted. </s>
	  <s n="84"> However, the Committee was not provided with values for the voluntary contributions. </s>
	  <s n="85"> In the opinion of the Committee, this is cause for concern, as it indicates a failure to comply with the requirement for full-cost budgeting. </s>
	  <s n="86"> The Committee recalls that draft technical guidelines for voluntary contributions for peacekeeping operations have been issued (see A/52/860, annex V). </s>
	  <s n="87"> The Committee trusts that this deficiency will be remedied in future budget submissions. </s>
	</p>
	<p n="45">
	  <s n="88"> The Advisory Committee requests that in future budget presentations, organization charts containing an indication of the personnel proposed for each organizational unit of the mission be provided for all peacekeeping missions so as to facilitate a comparative analysis of the budget proposals for various missions. </s>
	</p>
	<p n="46">
	  <s n="89"> Civilian police </s>
	</p>
	<p n="47">
	  <s n="90"> The Advisory Committee continues to be concerned about the issues of screening, selection and deployment of police personnel. </s>
	  <s n="91"> There is a continued need to improve the present arrangements for selection and clearance of police personnel and for notifying Member States about police needs in peacekeeping missions. </s>
	  <s n="92"> A more effective selection process and better management of civilian police personnel could well result in savings. </s>
	  <s n="93"> In this connection, the Chief of the Civilian Police Unit of the Department of Peacekeeping Operations briefed the Committee on progress made to address the problem of delays in deployment and on the number of untimely repatriations of civilian police personnel in peacekeeping operations. </s>
	  <s n="94"> The Committee was informed that at present 8,900 civilian police personnel were required and that 4,800 had been deployed. </s>
	  <s n="95"> The Committee notes that the types and functions of the civilian police personnel are expanding to include, in addition to unarmed police monitors, armed police personnel with full executive enforcement responsibility (e.g., in UNMIK) and armed rapid-reaction police units (formed units which for administrative and budgetary purposes are treated as contingents) (e.g., in UNTAET). </s>
	</p>
	<p n="48">
	  <s n="96"> To address the problem of early repatriations, the selection process has been reviewed. </s>
	  <s n="97"> Selection and assessment teams are now going to those countries that provide a large number of civilian police personnel. </s>
	  <s n="98"> More effective methods of testing and selection are under development, including moving testing from the mission area to the countries that contribute monitors. </s>
	  <s n="99"> The Advisory Committee stresses the importance of ensuring that equipment provided to civilian police personnel is commensurate with the mandate entrusted to them, taking into account the specific need of each peacekeeping operation. </s>
	  <s n="100"> The Committee was provided with data on the early repatriation of civilian police during the period from 1 July 1998 to 30 June 1999, which are shown in table 2. </s>
	</p>
	<p n="49">
	  <s n="101"> The Advisory Committee is also of the view that there is a need to examine the organizational set-up and the role and capacity of the Civilian Police Unit of the Department of Peacekeeping Operations at Headquarters. </s>
	  <s n="102"> The Committee recalls its report of 6 April 1999 (A/53/901, para. </s>
	  <s n="103"> 12) in which it recommended careful monitoring of the changes concerning military and civilian police functions. </s>
	  <s n="104"> In this connection, the Committee was informed that further initiatives were under consideration to increase the capacity and efficiency of the Civilian Police Unit. </s>
	  <s n="105"> These include measures to broaden the base for recruiting police personnel, such as hiring retired police personnel that meet specific mission requirements, less frequent rotations or longer tours of duty and improvements in selection teams. </s>
	  <s n="106"> The Committee stresses the continued need to monitor the current structure of the Military and Civilian Police Division to ensure organizational effectiveness and efficiency and, in the light of the experience gained, to make any changes determined to be necessary. </s>
	</p>
	<p n="50">
	  <s n="107"> International and local staff </s>
	</p>
	<p n="51">
	  <s n="108"> The Advisory Committee notes that vacancy rate assumptions in budget proposals for international and </s>
	</p>
	<p n="52">
	  <s n="109"> Table 2 </s>
	</p>
	<p n="53">
	  <s n="110"> Early repatriation of civilian police for the period from 1 July 1998 to 30 June 1999 </s>
	</p>
	<p n="54">
	  <s n="111"> local staff continue to be less than actual average rates, as shown in the performance reports, and reasons vary with each particular mission. </s>
	  <s n="112"> The Committee was provided with vacancy rates for Professional, General Service/Field Service and local staff for the period from 1 July 1998 to 30 June 1999 (see annex III). </s>
	  <s n="113"> The Committee has questioned the extent to which past experience has been used and in some cases (e.g., in UNIKOM, UNMIBH and UNOMIG) has made adjustments in the rates proposed. </s>
	  <s n="114"> The Committee was informed of the difficulties that missions experience concerning the emplacement and retention of staff. </s>
	  <s n="115"> In several missions there has been a large number of inter-mission loans of personnel and equipment to remedy the situation. </s>
	  <s n="116"> The Committee notes that this situation has prevailed for some time and was reported in the context of the performance reports for the period from 1 July 1997 to 30 June 1998 (A/53/895, annex V). </s>
	  <s n="117"> The Committee was informed that vacant posts were often in the administrative services of the mission. </s>
	  <s n="118"> The Committee recommends that an analysis be undertaken to determine the effect of continuing high vacancy rates on mission operations, as well as the impact that inter-mission loans of personnel and equipment may have on mission implementation. </s>
	  <s n="119"> The report should address measures contemplated to increase mobility, both between missions and from headquarters duty stations to the field, and to improve recruitment. </s>
	  <s n="120"> The Committee was provided with a schedule of mission staff on short-term loan for the start-up of new missions for the periods from 1 July to 31 December 1998 and from 1 January to 30 June 1999, as shown in table 3. </s>
	  <s n="121"> In this connection, the Committee requests that, in future, performance reports include data on inter-mission loans of personnel. </s>
	</p>
	<p n="55">
	  <s n="122"> The Advisory Committee notes that salary cost estimates for international staff have been adjusted in the proposed budgets (e.g., for UNMIBH), taking into account past experience in the implementation of the budget. </s>
	  <s n="123"> Salary estimates have been calculated more accurately taking into account the non-entitlement to post adjustment of Professional staff and Field Service staff classified as mission appointees. </s>
	  <s n="124"> Similarly, common staff costs for international staff have been calculated at a reduced rate owing to the high number of mission appointees (e.g., in UNMIBH). </s>
	</p>
	<p n="56">
	  <s n="125"> The Advisory Committee notes that the number of mission appointees varies widely, from 70 per cent in UNMIBH to 6 per cent in UNIKOM. </s>
	  <s n="126"> Upon request, the Committee was informed that the number or proportion of mission appointees was likely to vary from one mission to the next depending on the mandate of the mission. </s>
	  <s n="127"> Missions with more complicated or specific mandates, as compared with the more traditional peacekeeping operations, such as the established missions, are more likely to hire a larger proportion of mission appointees. </s>
	  <s n="128"> Missions such as </s>
	</p>
	<p n="57">
	  <s n="129"> Table 3 </s>
	</p>
	<p n="58">
	  <s n="130"> Mission staff on short-term loan for the start-up of new missions </s>
	</p>
	<p n="59">
	  <s n="131"> 1 July to 31 December 1998 </s>
	</p>
	<p n="60">
	  <s n="132"> B. 1 January to 30 June 1999 </s>
	</p>
	<p n="61">
	  <s n="133"> UNMIK and MINURSO have a much higher proportion of mission appointees in the substantive areas because staff with the required qualifications are not readily available in such areas as public information, humanitarian assistance, human rights and political affairs within the United Nations system, and the Secretariat therefore often has to resort to outside recruitment. </s>
	  <s n="134"> The Committee was provided with information, shown in table 4, on the percentage of Professional staff who are classified as mission appointees for the period from 1 July 2000 to 30 June 2001. </s>
	  <s n="135"> The Committee calls for maximum utilization of mission appointees. </s>
	</p>
	<p n="62">
	  <s n="136"> The Advisory Committee recalls its comments in its report of 1 April 1999 (A/53/895/Add.1, para. </s>
	  <s n="137"> 47) that it had been informed that there were no operational impediments that would bar the hiring of 300-series employees in established peacekeeping duty stations. </s>
	  <s n="138"> The Committee was informed, upon request, that during the period from 1 July 1998 to 30 June 1999, a total of 75 appointments of limited duration were granted to Local level personnel in established missions, including UNIFIL (55), UNDOF (4), the United Nations Truce Supervision Organization (UNTSO) (13), the United Nations Military Observer Group in India and Pakistan (UNMOGIP) (2) and the United Nations Logistics Base at Brindisi (UNLB) (1). </s>
	  <s n="139"> Appointments of limited duration have been used for the recruitment of temporary replacements of Local level personnel in these established missions because such appointments are relatively easier to administer. </s>
	  <s n="140"> The Committee was provided with the principles and guidelines for the employment of appointments of limited duration recommended by the International Civil Service Commission3 and endorsed by the General Assembly in its resolution 52/216 of 22 December 1997 (see annex IV). </s>
	</p>
	<p n="63">
	  <s n="141"> The Advisory Committee requested information on the number of international General Service posts converted to local posts in response to General Assembly resolution 53/233 of 8 June 1999 (see table 5). </s>
	  <s n="142"> The Committee notes that, in compliance with General Assembly directives, efforts have been made in some established missions (e.g., UNMIBH) to reduce the costs of employing international General Service staff by recruiting more local staff. </s>
	  <s n="143"> While the Committee recognizes that in some situations such conversions may not be feasible, it encourages the practice of continuing to seek opportunities for conversion. </s>
	  <s n="144"> The Committee believes that in new missions (e.g., UNTAET) the number of National Professional Officers should be increased and assigned to the various components of the mission. </s>
	  <s n="145"> The Committee recalls that in its report on the financing of UNMIK, it recommended that a study be carried out on the utilization of National Professional Officers in all future peacekeeping operations (A/54/622, para. </s>
	</p>
	<p n="64">
	  <s n="146"> The Advisory Committee notes that in some missions a large number of posts have been classified at an inflated level and that many may be unnecessary in relation to the functions described in the operational plans of the missions. </s>
	  <s n="147"> The Committee was informed that the development of job descriptions and the classification of peacekeeping operation posts have been delegated by the Office of Human Resources Management to the Department of Peacekeeping Operations. </s>
	  <s n="148"> The Committee calls for greater involvement of the Office of Human Resources Management in the development of job descriptions and the classification of posts so that the overall uniformity of peacekeeping post levels with respect to the rest of the Secretariat is ensured. </s>
	  <s n="149"> The Committee also requests that the Secretary-General present an analysis of problems encountered in attracting and retaining qualified personnel for peacekeeping operations. </s>
	</p>
	<p n="65">
	  <s n="150"> United Nations Volunteers </s>
	</p>
	<p n="66">
	  <s n="151"> The Committee has recommended efforts to increase the number of United Nations Volunteers and local staff. </s>
	  <s n="152"> This might permit an eventual decrease in the number of international General Service staff, in compliance with General Assembly resolution 53/233. </s>
	  <s n="153"> The Committee has recommended that a study be made of the potential for wider use of United Nations Volunteers to meet the requirements of peacekeeping missions. </s>
	  <s n="154"> The study should be made available to the Assembly by the main part of its fifty-fifth session (see A/54/622, para. </s>
	</p>
	<p n="67">
	  <s n="155"> Table 4 </s>
	</p>
	<p n="68">
	  <s n="156"> Percentage of professional staff who are classified as mission appointees for the period from 1 July 2000 to 30 June 2001 </s>
	</p>
	<p n="69">
	  <s n="157"> a UNFICYP being a family duty station, staff recruited specifically for UNFICYP are appointed under the 100 series of the Staff Rules. </s>
	</p>
	<p n="70">
	  <s n="158"> Table 5 </s>
	</p>
	<p n="71">
	  <s n="159"> Number of international General Service posts proposed for conversion to local posts for the period from 1 July 2000 to 30 June 2001 </s>
	</p>
	<p n="72">
	  <s n="160"> Procurement and inventory </s>
	</p>
	<p n="73">
	  <s n="161"> With regard to its previous recommendations on procurement matters for peacekeeping operations, the Advisory Committee notes progress made in the reporting period ending 30 June 1999 (see A/54/801, para. </s>
	  <s n="162"> The Committee notes, for instance, progress in the planning and acquisition of vehicles and other items through the use of volume purchase agreements or systems contracts, which have led to substantial savings. </s>
	  <s n="163"> Furthermore, the Committee notes that there had been savings as a result of a substantial increase in the proportion of peacekeeping procurement done in the field, as, for example, in UNFICYP and UNIKOM, and that further savings could be obtained with an increase in the threshold of procurement that can be handled locally by field missions. </s>
	  <s n="164"> The Committee also notes that, as indicated by the Board of Auditors, there has been a large increase in local procurement in some missions (e.g.,UNIFIL, UNMOT, UNTSO, UNDOF, MIPONUH, UNIKOM, UNOMIG, the United Nations Mission in the Central African Republic (MINURCA) and MINURSO); however, in only two (MINURCA and UNIFIL) were procurement plans prepared, while in one (MIPONUH) a plan was prepared for international procurement. </s>
	  <s n="165"> In the other six missions no plan was prepared to guide procurement activities, resulting in purchases of similar items on a piecemeal basis.4 </s>
	</p>
	<p n="74">
	  <s n="166"> In this connection, the Advisory Committee stresses the need for further information on the impact of the decentralization of procurement activities and of the increase in the threshold of procurement that can be handled by field missions under delegated authority upon the staffing and other resources at Headquarters. </s>
	  <s n="167"> Resources that might be released at Headquarters as a result of the decentralization of procurement could be used to increase further the capacity for procurement planning at Headquarters, with a view to reducing the lead time for mission needs. </s>
	  <s n="168"> The Committee requests that this and the issue of procurement levels and executing units at Headquarters, in the field and in regional areas, in terms of both value and the number of procurement actions, be examined. </s>
	  <s n="169"> The Committee also requests that the matter of the reserve stock for peacekeeping missions, including alternative methods of maintaining standby arrangements, be reviewed. </s>
	  <s n="170"> The result should be reported to the Committee in the context of the next review of the budgets for the period 2001/02. </s>
	</p>
	<p n="75">
	  <s n="171"> The Advisory Committee notes that, as indicated by the Board of Auditors,5 a number of field missions failed to prepare and submit to the Procurement Division at Headquarters relevant forms evaluating the performance of suppliers whose contracts exceeded $200,000. </s>
	  <s n="172"> The Committee stresses the need to comply with the recommendation of the Board of Auditors that all field missions report on the performance of vendors and contractors in accordance with the established procedure. </s>
	</p>
	<p n="76">
	  <s n="173"> The Advisory Committee notes, with respect to the role of the United Nations Logistics Base at Brindisi, that the Base executed several procurement actions in connection with urgent requirements of missions (A/54/711, para. </s>
	  <s n="174"> Savings have resulted from the regular use of Brindisi stock. </s>
	  <s n="175"> The Committee was informed that the value of throughput for the Base is estimated at $60 million; it has $18 million in stock and $15 million worth of maintenance stock. </s>
	  <s n="176"> The Committee believes that an enhanced role for the Base to increase the capacity for procurement for peacekeeping operations and start-up of new or expanded peacekeeping missions needs to be examined. </s>
	  <s n="177"> For example, the Committee has recommended that the potential for use of the Base as a training and regional procurement centre be explored (A/54/841/Add.8, paras. </s>
	  <s n="178"> 10 and 25). </s>
	</p>
	<p n="77">
	  <s n="179"> The Advisory Committee notes that, in accordance with the resourcing policy approved by the General Assembly in its resolution 52/1 B of 26 June 1998, the Base receives surplus serviceable equipment from liquidating missions and charges the missions for the cost of repairing, refurbishing and preserving the equipment at a rate equal to 30 per cent of the total depreciated value of the equipment. </s>
	  <s n="180"> The cost for the work done at the Base is, therefore, not allotted to the Base but to the liquidating mission concerned, and the related expenditure incurred by the Base is settled through inter-office vouchers between Headquarters and the Base. </s>
	  <s n="181"> The Committee recommends that the efficiency of this procedure be reviewed and that the full cost of these activities be disclosed in the next budget presentations. </s>
	</p>
	<p n="78">
	  <s n="182"> In connection with the Base, the Advisory Committee notes that, as indicated by the Board of Auditors,6 the disposal of the assets of the United Nations Transitional Administration for Eastern Slavonia, Baranja and Western Sirmium (UNTAES) included obsolete items transferred to other United Nations missions and to the Base. </s>
	  <s n="183"> The Committee endorses the view of the Board that in future the cost-effectiveness of any proposed transfer of assets should be properly evaluated in all missions under liquidation. </s>
	  <s n="184"> The Committee has noted the progress made by the Secretariat in mission liquidation, but it is of the view that the capacity for and the efficiency of the mission liquidation activities are areas that require sustained improvement on the part of the Secretariat. </s>
	</p>
	<p n="79">
	  <s n="185"> With respect to the use of new technology in peacekeeping missions, the Advisory Committee acknowledges the need to provide missions with additional capacity, such as in data processing and communications. </s>
	  <s n="186"> However, the Committee cautions against the tendency to automatically requisition state-of-the-art equipment in all cases. </s>
	</p>
	<p n="80">
	  <s n="187"> Upon request, the Advisory Committee was provided with detailed information on the current replacement policy for data-processing equipment, communications equipment, vehicles and transport equipment. </s>
	  <s n="188"> The Committee notes that the automatic replacement of vehicles that have reached the replacement threshold age of five years or that have been driven more than 120,000 kilometres has not been applied in all cases, but that rather there has been a pragmatic approach. </s>
	  <s n="189"> Vehicles have been replaced not merely because they have reached the replacement age, but because they are no longer usable or it is no longer economical to continue to operate them. </s>
	  <s n="190"> In the view of the Committee, the current replacement cycles for various inventory items should be made more transparent in the reports. </s>
	  <s n="191"> In addition to implementation of the current replacement policy, other reasons for replacement (e.g., extensive damage due to accidents or loss due to hostile action or theft) should be indicated in a more transparent manner in future performance reports. </s>
	</p>
	<p n="81">
	  <s n="192"> The Advisory Committee has indicated in the past that inventory management and control need further improvement and that poor inventory management often leads to excessive requests for new acquisitions (see, for example, A/53/895, para. </s>
	  <s n="193"> 26, and A/53/940, para. </s>
	  <s n="194"> While the Committee acknowledges that some progress has been made in accounting for inventory, it does not believe the management problems identified in the past have been fully redressed. </s>
	  <s n="195"> In the Committee&apos;s opinion, information provided was not always of much help in evaluating the requests for additional acquisition because of discrepancies and inconsistencies in the information provided. </s>
	</p>
	<p n="82">
	  <s n="196"> The Advisory Committee enquired as to the use of the field assets control system to manage and control inventory and has concluded, on the basis of information from representatives of the Secretary-General, that the overall objective and benefits of the system have yet to be achieved. </s>
	  <s n="197"> The Committee notes that despite the passage of time and repeated requests, inventory management remains a cause of concern. </s>
	  <s n="198"> Standard inventory management procedures are still not visibly in operation. </s>
	  <s n="199"> For example, columns providing the standardized item code classification for the different types of items, their date of purchase and their normal or anticipated life expectancy were not forthcoming. </s>
	  <s n="200"> Without such a standardized system, it is impossible to track inventory as well as cases of mismanagement or avoidable loss. </s>
	  <s n="201"> Given the new surge in peacekeeping operations and the high inventory values involved, the Committee reiterates that all stages of the field assets control system must be implemented within the shortest possible period of time, and suggests that a progress report on the implementation of its initial stage be submitted to the General Assembly by the beginning of its fifty-fifth session. </s>
	  <s n="202"> The Committee also requests that summary reports of inventory be readily available. </s>
	</p>
	<p n="83">
	  <s n="203"> Training </s>
	</p>
	<p n="84">
	  <s n="204"> The Advisory Committee was informed of the increased emphasis on training programmes in peacekeeping operations. </s>
	  <s n="205"> As indicated in annex V, the total allocation for training in all missions amounted to $655,000 for the period 1999/00 according to the performance reports and the estimate for the period 2000/01 amounted to $915,100 according to the proposed budgets. </s>
	  <s n="206"> The Committee welcomes this increase, but requests that the criteria for setting training priorities be stated in a more transparent manner. </s>
	  <s n="207"> In the view of the Committee, in order to optimize the use of resources and avoid a piecemeal approach, areas and costs for training should be more clearly stated in the budget reports, including weaknesses and shortcomings that the training programmes intend to address as well as the number of personnel to be trained and the institutions or facilities to be used for training at the central, regional or local level. </s>
	  <s n="208"> The Committee recommends that in the context of future budgets the number of personnel to be trained, the related costs and the areas of training should be included in the supplementary information supplied to the Committee. </s>
	  <s n="209"> It is also of the view of that before personnel are selected for training, their availability for mission service should be confirmed by the Administration. </s>
	</p>
	<p n="85">
	  <s n="210"> The Advisory Committee noted little information in the reports about staff security training, although a number of missions continued to operate in an unstable security environment. </s>
	  <s n="211"> In UNOMIG, for example, the Committee noted that personnel and property were subjected to acts of violence, and staff security continues to be very precarious. </s>
	</p>
	<p n="86">
	  <s n="212"> The Advisory Committee was informed that training in security matters was conducted under the aegis of the United Nations Security Coordinator. </s>
	  <s n="213"> In this connection, the Committee recalls its comments and recommendations contained in its first report on the proposed programme budget for the biennium 2000-2001.7 The Committee is of the view that the costs and related policy issues of civilian security in the field can no longer be pursued in a piecemeal manner. </s>
	  <s n="214"> The Committee has strongly urged the organizations of the United Nations system to carefully coordinate their security and safety activities at the field level. </s>
	  <s n="215"> In the Committee&apos;s opinion, there is a need to have a comprehensive system-wide approach under the aegis of the United Nations. </s>
	  <s n="216"> This would avoid the potential for a conflict in policy, activities and guidelines that might endanger the security and safety of United Nations personnel and family members. </s>
	  <s n="217"> Accordingly, the Committee recommends that the report it requested be expedited and submitted to the General Assembly at its fifty-fifth session. </s>
	</p>
	<p n="87">
	  <s n="218"> In connection with issues of security and safety of United Nations personnel, the Advisory Committee understands that an investigation of the crash on 12 November 1999 of the plane to Kosovo chartered by the World Food Programme (WFP) is being carried out by WFP and that a study of air safety in United Nations operations is being conducted by the International Civil Aviation Organization. </s>
	  <s n="219"> The Committee trusts that the lessons learned will receive general application in the United Nations system, including in the United Nations peacekeeping operations. </s>
	</p>
	<p n="88">
	  <s n="220"> Coordination and collaboration in the field </s>
	</p>
	<p n="89">
	  <s n="221"> The Advisory Committee notes that coordination and collaboration among partners in operational areas in mission activities, including humanitarian operations and security matters, have not always been clearly explained in reports of the Secretary-General to the Security Council or in the budget reports, as in the case of UNMIBH. </s>
	  <s n="222"> The Committee requests that in future information be given indicating the mechanisms for coordination and the various roles and functions of partners. </s>
	</p>
	<p n="90">
	  <s n="223"> In relation to coordination with other funding partners, the Advisory Committee is of the view that the establishment, financing and expenditure of trust funds and other extrabudgetary funds made available to implement mission mandates need to be more transparent. </s>
	  <s n="224"> The Committee was informed, for example, that in UNMIBH contributions received by the fund for training and restructuring the local police fell short of requirements. </s>
	  <s n="225"> In the view of the Committee, this affects a mission&apos;s ability to fulfil its mandate, even though support from the assessed budget may be provided. </s>
	</p>
	<p n="91">
	  <s n="226"> The Advisory Committee has noted from time to time reference being made to costs for environmental activities in peacekeeping operations. </s>
	  <s n="227"> However, in the Committee&apos;s opinion, there does not appear to be a coordinated approach to this issue. </s>
	  <s n="228"> Accordingly, the Committee recommends that this issue be studied in a comprehensive manner. </s>
	  <s n="229"> Experience in field missions should be studied with a view to identifying lessons learned for wide application and for establishing the best method and means of dealing with the environmental consequences of the activities and operations of United Nations forces in the field. </s>
	</p>
	<p n="92">
	  <s n="230"> Insurance </s>
	</p>
	<p n="93">
	  <s n="231"> The Advisory Committee was provided with information on third-party vehicle liability insurance (see annex VI). </s>
	  <s n="232"> The Committee recommends that the Secretariat collect data systematically on incidents that give rise to high premiums, such as accidents, theft and the like. </s>
	  <s n="233"> These should be evaluated with a view to determining the best way for management to deal with them. </s>
	  <s n="234"> The Committee was also provided, upon request, with information on the current master aviation liability insurance policy, including requirements for war-risk insurance for aircraft leased under letters of assist and commercial arrangements. </s>
	  <s n="235"> The current master aviation liability insurance policy provides a $25 million liability limit per occurrence for third-party claims involving aircraft accidents. </s>
	  <s n="236"> Its scope covers three areas: (a) contingent non-owned excess liabilities in respect of leased or chartered aircraft operations; (b) third-party liability including passengers for bodily injury and property damage arising out of the operation of aircraft (excluding troops and United Nations employees); and (c) liability involving mobile equipment and the like either owned by or in the care, custody or control of the insured party. </s>
	  <s n="237"> While no distinction is made under the policy between helicopters and fixed-wing aircraft, the coverage varies between aircraft under letter-of-assist arrangements and commercial aircraft. </s>
	  <s n="238"> Aircraft under letters of assist are covered on a “first-dollar” basis and have only third-party liability with a limit of $25 million per occurrence for third-party claims. </s>
	  <s n="239"> Coverage for commercial aircraft includes: (a) a contingent policy that includes comprehensive third-party liability for a combined minimum of $20 million per occurrence, basic war-risk insurance, full aircraft insurance including all risk, both in-flight and not, and workmen&apos;s compensation insurance, which is provided in the contract between the United Nations and the vendor; (b) third-party liability insurance under the master aviation policy, which covers the difference between the settlement amount and the third-party portion of the contingent policy; and (c) additional war-risk insurance, which is a requirement of the insurer of the contingent policy for aircraft flown in hostile environments. </s>
	</p>
	<p n="94">
	  <s n="240"> Other matters </s>
	</p>
	<p n="95">
	  <s n="241"> Losses of United Nations property in peacekeeping operations </s>
	</p>
	<p n="96">
	  <s n="242"> The Advisory Committee considered the report of the Secretary-General on losses of United Nations property of peacekeeping operations (A/54/669 and Corr.1). </s>
	  <s n="243"> The report was submitted pursuant to General Assembly resolutions 53/230 and 53/235 of 8 June 1999 and provides an update on losses of United Nations property in peacekeeping operations for the period from 1 January 1996 to 31 December 1997. </s>
	  <s n="244"> The report also provides an update on additional measures taken by the Secretariat to ensure the safety of United Nations peacekeeping assets since 1998 (ibid., paras. </s>
	</p>
	<p n="97">
	  <s n="245"> The Advisory Committee recalls that the Secretary-General provided a comprehensive report on losses of United Nations property in peacekeeping operations covering a period of three years, from 1 January 1993 to 31 December 1995 (A/53/340). </s>
	  <s n="246"> In that report, the Secretary-General also provided a description of the initiatives undertaken by the Secretariat to mitigate losses of United Nations property (ibid., paras. </s>
	</p>
	<p n="98">
	  <s n="247"> The Advisory Committee notes that the report on losses of United Nations property in peacekeeping missions includes all missions that were operational or under liquidation during the period 1996/97 (A/54/669 and Corr.1, para. </s>
	  <s n="248"> 6), with the exception of the United Nations Assistance Mission in Rwanda (UNAMIR). </s>
	  <s n="249"> As indicated in paragraph 5 of the report, a separate report on the final disposition of assets of UNAMIR was to be submitted to the General Assembly at its fifty-fourth session. </s>
	  <s n="250"> Furthermore, because of the size of the property holdings of the United Nations Peace Forces (UNPF), statistics on losses of assets in UNPF during the period under review is presented separately in annex II of the report. </s>
	</p>
	<p n="99">
	  <s n="251"> The Advisory Committee notes that the report on property losses provides updated statistics on losses using the same categories and methodology used in the previous report (A/53/340). </s>
	  <s n="252"> Accordingly, losses of property written off include those due to accidents, negligence, acts of war or hostilities and theft, as well as those unaccounted for (see A/54/669 and Corr.1, table 1). </s>
	  <s n="253"> The information provided excludes those assets that have been written off or disposed of because of normal wear and tear or obsolescence. </s>
	</p>
	<p n="100">
	  <s n="254"> The Advisory Committee recalls that in its report of 1 April 1999 (A/53/895, para. </s>
	  <s n="255"> 52) it had indicated that the definition of loss due to negligence was not clear, in particular as to what might constitute gross carelessness in the definition of negligence (see A/53/340, para. </s>
	  <s n="256"> 5(c)) and the relationship between this definition and the threshold of gross negligence. </s>
	  <s n="257"> The Committee requests that this issue be clarified in the next report on losses of United Nations property of peacekeeping operations. </s>
	</p>
	<p n="101">
	  <s n="258"> The Advisory Committee believes that further progress needs to be made in the methods of collecting, classifying and analysing the data presented in the report. </s>
	  <s n="259"> This includes providing comparative statistics on recovery and loss over the same time period and analysing the causes of loss, with particular emphasis on the distinction between negligence and gross negligence. </s>
	</p>
	<p n="102">
	  <s n="260"> In connection with the action that the General Assembly may take at its fifty-fourth session on the loss of United Nations assets in peacekeeping operations, the Advisory Committee recommends that the Assembly take note of the report of the Secretary-General (A/54/669 and Corr.1). </s>
	</p>
	<p n="103">
	  <s n="261"> Notes </s>
	</p>
	<p n="104">
	  <s n="262"> 1 Official Records of the General Assembly, Fifty-fourth Session, Supplement No. 5 (A/54/5), vol. II, chap. </s>
	</p>
	<p n="105">
	  <s n="263"> 2 Ibid., paras. </s>
	</p>
	<p n="106">
	  <s n="264"> 3 Ibid., Fifty-second Session, Supplement No. 30 (A/52/30), annex XX. </s>
	</p>
	<p n="107">
	  <s n="265"> 4 Ibid., Fifty-fourth Session, Supplement No. 5 (A/54/5), vol. II, chap. </s>
	  <s n="266"> II, paras. </s>
	</p>
	<p n="108">
	  <s n="267"> 5 Ibid., paras. </s>
	  <s n="268"> 101 and 102. </s>
	</p>
	<p n="109">
	  <s n="269"> 6 Ibid., para. </s>
	</p>
	<p n="110">
	  <s n="270"> 7 Ibid., Supplement No. 7 (A/54/7), para. </s>
	</p>
	<p n="111">
	  <s n="271"> Annex I </s>
	</p>
	<p n="112">
	  <s n="272"> Financial performance of peacekeeping missions for the period from 1 July 1998 to 30 June 1999a </s>
	</p>
	<p n="113">
	  <s n="273"> (Thousands of United States dollars) </s>
	</p>
	<p n="114">
	  <s n="274"> a Figures are shown in gross amounts and exclude amounts for the support account for peacekeeping operations. </s>
	</p>
	<p n="115">
	  <s n="275"> b Excludes budgeted voluntary contribution in kind of $2,448,200. </s>
	  <s n="276"> Absorption of the Mission&apos;s prorated share of the financing of the United Nations Logistics Base at Brindisi was reflected in the additional appropriation for the Mission for the 1998/99 period (General Assembly resolution 53/238). </s>
	</p>
	<p n="116">
	  <s n="277"> c An amount of $46,031,077 gross has been assessed on Member States resulting in the unutilized balance of assessments of $1,423,377 gross, equivalent to 3 per cent of the amount assessed (see A/54/780). </s>
	  <s n="278"> Absorption of the Mission&apos;s prorated share of the financing of the Logistics Base was reflected in the additional appropriation for the Mission for the 1998/99 period (General Assembly resolution 53/18 A). </s>
	</p>
	<p n="117">
	  <s n="279"> d Excludes budgeted voluntary contributions in kind of $1,999,900. </s>
	  <s n="280"> Absorption of the Mission&apos;s prorated share of the financing of the Logistics Base was reflected in the revised cost estimates contained in document A/53/789. </s>
	</p>
	<p n="118">
	  <s n="281"> e Absorption of the Mission&apos;s prorated share of the financing of the Logistics Base was reflected in the additional appropriation for the Mission for the 1998/99 period (General Assembly resolution 53/211). </s>
	</p>
	<p n="119">
	  <s n="282"> f Excludes budgeted voluntary contributions in kind of $2,294,000 and commitment authority of $1,534,400 provided by the Advisory Committee. </s>
	</p>
	<p n="120">
	  <s n="283"> g An amount of $16,167,100 gross has been assessed on Member States resulting in the unutilized balance of assessments of $3,283,300 gross equivalent to 20 per cent of the amount assessed (see A/54/778). </s>
	  <s n="284"> No provision was made for the financing of the Logistics Base. </s>
	</p>
	<p n="121">
	  <s n="285"> h Absorption of the Mission&apos;s prorated share of the financing of the Logistics Base was reflected in the revised cost estimates contained in A/53/437/Add.1. </s>
	</p>
	<p n="122">
	  <s n="286"> Annex II </s>
	</p>
	<p n="123">
	  <s n="287"> Estimated gross budgetary requirements proposed by the Secretary-General for each peacekeeping operation for the period from 1 July 2000 to 30 June 2001a </s>
	</p>
	<p n="124">
	  <s n="288"> (United States dollars) </s>
	</p>
	<p n="125">
	  <s n="289"> a Exclusive of provisions for the support account for peacekeeping operations and the United Nations Logistics Base at Brindisi, which are budgeted for and approved separately but whose financing is subsequently prorated in the financing resolutions for each of the individual peacekeeping missions. </s>
	</p>
	<p n="126">
	  <s n="290"> b Excluding budgeted voluntary contributions totalling $180,000. </s>
	</p>
	<p n="127">
	  <s n="291"> Annex III </s>
	</p>
	<p n="128">
	  <s n="292"> Vacancy rates at peacekeeping operations for the period from 1 July 1998 to 30 June 1999 </s>
	</p>
	<p n="129">
	  <s n="293"> (Percentage) </s>
	</p>
	<p n="130">
	  <s n="294"> a Subsequently revised to 10 per cent for international and local personnel (see A/53/939). </s>
	</p>
	<p n="131">
	  <s n="295"> b Subsequently revised to 15 per cent for international and 10 per cent for local personnel (see A/53/722, annex II). </s>
	</p>
	<p n="132">
	  <s n="296"> c Based on the phasing-in of civilian personnel. </s>
	</p>
	<p n="133">
	  <s n="297"> d Vacancy rates are commensurate with the phasing-out schedule. </s>
	</p>
	<p n="134">
	  <s n="298"> Annex IV </s>
	</p>
	<p n="135">
	  <s n="299"> Principles and guidelines for employment of appointments of limited duration </s>
	</p>
	<p n="136">
	  <s n="300"> Principles </s>
	</p>
	<p n="137">
	  <s n="301"> (a) In the recruitment of staff under appointments of limited duration, the highest standards of efficiency, competence and integrity should be the paramount consideration, as for other staff; </s>
	</p>
	<p n="138">
	  <s n="302"> (b) The independence and international character of the international civil service should be preserved; </s>
	</p>
	<p n="139">
	  <s n="303"> (c) Appointments of limited duration do not carry any expectancy of automatic conversion to any other type of appointment; </s>
	</p>
	<p n="140">
	  <s n="304"> (d) Appointments of limited duration should not be used abusively to extend the employment of staff; </s>
	</p>
	<p n="141">
	  <s n="305"> (e) Appointments of limited duration employment should not be at the expense of the core international civil service; </s>
	</p>
	<p n="142">
	  <s n="306"> (f) Due regard should be paid to the importance of recruiting the staff on as wide a geographical basis as possible; </s>
	</p>
	<p n="143">
	  <s n="307"> (g) Organizations&apos; policy imperatives in the area of gender balance should not be compromised; </s>
	</p>
	<p n="144">
	  <s n="308"> (h) There should be a reasonable correlation with the conditions of service of other groups of staff; </s>
	</p>
	<p n="145">
	  <s n="309"> (i) Compatibility with job classification principles should be observed (equal pay for equal work); </s>
	</p>
	<p n="146">
	  <s n="310"> (j) Appointments of limited duration employment arrangements should not create competition for staff among organizations; </s>
	</p>
	<p n="147">
	  <s n="311"> (k) Appointments of limited duration arrangements should support the concept of the United Nations system as a good employer: hence they should incorporate adequate social security coverage; </s>
	</p>
	<p n="148">
	  <s n="312"> (l) These arrangements should be developed with staff consultation and should be characterized by transparency and feedback. </s>
	</p>
	<p n="149">
	  <s n="313"> Guidelines </s>
	</p>
	<p n="150">
	  <s n="314"> (a) Staff members with appointments of limited duration will pledge themselves to discharge their functions and to regulate their conduct with the interests of the United Nations only in view. </s>
	  <s n="315"> They shall neither seek nor accept instructions from any Government or from any other authorities external to the Organization. </s>
	  <s n="316"> They will be bound in their conduct by the obligations pertaining to the staff members of the United Nations and the specialized agencies; </s>
	</p>
	<p n="151">
	  <s n="317"> (b) Appointments of limited duration staff will have the status of “Official” in terms of the Convention on the Privileges and Immunities of the United Nations and the conventions of the specialized agencies; </s>
	</p>
	<p n="152">
	  <s n="318"> (c) Salary is established as one lump-sum amount. </s>
	  <s n="319"> This amount is determined within a range or band corresponding to the net base salary (gross base salary minus staff assessment) at current grades or groups of grades. </s>
	  <s n="320"> Additions to this base take into account a number of allowances and benefits applicable to regular staff, which are incorporated in the lump sum remuneration; </s>
	</p>
	<p n="153">
	  <s n="321"> (d) Annual leave will be granted in accordance with organizations&apos; provisions for short-term staff; </s>
	</p>
	<p n="154">
	  <s n="322"> (e) Sick leave will be granted in accordance with organizations&apos; provisions for short-term staff. </s>
	  <s n="323"> Staff with appointments of limited duration are eligible for maternity leave; </s>
	</p>
	<p n="155">
	  <s n="324"> (f) Staff with appointments of limited duration will be covered against service-incurred illness, injury or death; </s>
	</p>
	<p n="156">
	  <s n="325"> (g) Staff with appointments of limited duration will be insured by organizations against ill health and, where appropriate, war risk; </s>
	</p>
	<p n="157">
	  <s n="326"> (h) Travel entitlements and installation costs will be paid in a lump sum on the basis of requirements (including family considerations, etc.); </s>
	</p>
	<p n="158">
	  <s n="327"> (i) Staff with appointments of limited duration are eligible for medical and security evacuation like other staff; </s>
	</p>
	<p n="159">
	  <s n="328"> (j) Staff with appointments of limited duration are entitled to the right to appeal administrative decisions following the same procedures used for other staff members; </s>
	</p>
	<p n="160">
	  <s n="329"> (k) Appropriate medical clearance is to be obtained before recruitment and dispatch of a staff member under an appointment of limited duration; </s>
	</p>
	<p n="161">
	  <s n="330"> (l) Staff with appointments of limited duration will receive the same termination indemnities as those payable to short-term staff. </s>
	</p>
	<p n="162">
	  <s n="331"> Annex V </s>
	</p>
	<p n="163">
	  <s n="332"> Training programmes </s>
	</p>
	<p n="164">
	  <s n="333"> Resources made available for the period from 1 July 1999 to 30 June 2000 and proposed for the period from 1 July 2000 to 30 June 2001 </s>
	</p>
	<p n="165">
	  <s n="334"> (United States dollars) </s>
	</p>
	<p n="166">
	  <s n="335"> N/A, not applicable. </s>
	</p>
	<p n="167">
	  <s n="336"> Annex VI </s>
	</p>
	<p n="168">
	  <s n="337"> Worldwide third-party vehicle liability insurance programme </s>
	</p>
	<p n="169">
	  <s n="338"> The worldwide vehicle third-party liability insurance programme covers not only vehicle fleets at peacekeeping missions but also large vehicle fleets belonging to other United Nations offices, agencies and programmes (United Nations Development Programme, United Nations Children&apos;s Fund, United Nations Office for Project Services and others). </s>
	</p>
	<p n="170">
	  <s n="339"> The insurer of the programme is selected every year on the basis of a widespread competitive marketing exercise (request for quotations) conducted by United Nations brokers for this programme on instructions from the Insurance, Claims and Compensation Section of the Office of Programme Planning, Budget and Accounts. </s>
	  <s n="340"> The major objective of the annual renewal exercise is to seek the lowest-cost premium that meets the policy specifications established by the United Nations (particularly the continuation of worldwide claims-servicing arrangements and a guaranteed cost policy structure). </s>
	</p>
	<p n="171">
	  <s n="341"> Over the years, every effort has been made to seek proposals and quotations for this complex programme from as geographically wide a range of insurance companies as possible. </s>
	  <s n="342"> However, the nature of the programme, in particular the locations and operational circumstances of the major fleets covered under the policy and the high level of losses, has proven to be unattractive to most insurance concerns which have declined the risk in past marketing exercises. </s>
	</p>
	<p n="172">
	  <s n="343"> For the policy year 1 July 1999 to 30 June 2000, indications of interest and quotations were solicited from a total of seven major insurance concerns in the United States of America, the United Kingdom of Great Britain and Northern Ireland and Europe. </s>
	  <s n="344"> Those insurers that have consistently declined to underwrite the United Nations risk were not invited to participate in the marketing exercise. </s>
	  <s n="345"> As in the prior year, quotations were received from two insurers, AIU and Lloyd&apos;s of London. </s>
	  <s n="346"> AIU was selected in accordance with United Nations financial rule 110.21 on the recommendation of the Headquarters Committee on Contracts, on 22 June 1999. </s>
	</p>
	<p n="173">
	  <s n="347"> The premium rates effective 1 July 1999 to 30 June 2000 are shown in column 1. </s>
	  <s n="348"> For comparison purposes, the rates for the prior period, 1 July 1998 to 30 June 1999, are provided in column 2. </s>
	</p>
	<p n="174">
	  <s n="349"> a The worldwide (XS/DIC) coverage component relates to all vehicles worldwide for which primary local third-party insurance exists. </s>
	  <s n="350"> The worldwide policy in this case provides at low cost coverage up to $1.0 million per occurrence and fills in where the local underlying coverage may not fully apply. </s>
	</p>
	<p n="175">
	  <s n="351"> b Includes Kyrgyzstan, Azerbaijan, Uzbekistan, Kazakhstan, Tajikistan and Turkmenistan. </s>
	</p>
	<p n="176">
	  <s n="352"> c The XS/DIC East Timor rate is $150 due to the low level of local underlying coverage. </s>
	</p>
	</body>
</text>
</DOC>