<?xml version="1.0" encoding="UTF-8"?>
<DOC lang="English" n="N0132461" id="A/55/874" date="2001/04/06">
<text>
	<body>
	<p n="1">
	  <s n="1"> Fifty-fifth session </s>
	</p>
	<p n="2">
	  <s n="2"> Agenda items 130 (a), 133, 135, 138 (a), 143, 144, 148, and 153 (a) </s>
	</p>
	<p n="3">
	  <s n="3"> Financing of the activities arising from Security Council resolution 687 (1991): United Nations Iraq-Kuwait Observation Mission </s>
	</p>
	<p n="4">
	  <s n="4"> Financing of the United Nations Interim Administration Mission in Kosovo </s>
	</p>
	<p n="5">
	  <s n="5"> Financing of the United Nations Mission for the Referendum in Western Sahara </s>
	</p>
	<p n="6">
	  <s n="6"> Financing of the United Nations peacekeeping forces in the Middle East: United Nations Disengagement Observer Force </s>
	</p>
	<p n="7">
	  <s n="7"> Financing of the United Nations Peacekeeping Force in Cyprus </s>
	</p>
	<p n="8">
	  <s n="8"> Financing of the United Nations Observer Mission in Georgia </s>
	</p>
	<p n="9">
	  <s n="9"> Financing of the United Nations Mission in Bosnia and Herzegovina </s>
	</p>
	<p n="10">
	  <s n="10"> Administrative and budgetary aspects of the financing of the United Nations peacekeeping operations: financing of the United Nations peacekeeping operations </s>
	</p>
	<p n="11">
	  <s n="11"> Financing of the United Nations peacekeeping operations </s>
	</p>
	<p n="12">
	  <s n="12"> Report of the Advisory Committee on Administrative and Budgetary Questions </s>
	</p>
	<p n="13">
	  <s n="13"> Introduction </s>
	</p>
	<p n="14">
	  <s n="14"> During its meetings held in February and March 2001, the Advisory Committee on Administrative and Budgetary Questions considered the financial performance reports for the period from 1 July 1999 to 30 June 2000 and the proposed budgets for the period from 1 July 2001 to 30 June 2002 of the peacekeeping operations listed below. </s>
	  <s n="15"> The Committee&apos;s reports on each of these missions are presented as addenda to the present report: </s>
	</p>
	<p n="15">
	  <s n="16"> (a) United Nations Disengagement Observer Force (UNDOF) (A/55/874/Add.1); </s>
	</p>
	<p n="16">
	  <s n="17"> (b) United Nations Iraq-Kuwait Observation Mission (UNIKOM) (A/55/874/Add.2); </s>
	</p>
	<p n="17">
	  <s n="18"> (c) United Nations Peacekeeping Force in Cyprus (UNFICYP) (A/55/874/Add.3); </s>
	</p>
	<p n="18">
	  <s n="19"> (d) United Nations Observer Mission in Georgia (UNOMIG) (A/55/874/Add.4); </s>
	</p>
	<p n="19">
	  <s n="20"> (e) United Nations Mission in Bosnia and Herzegovina (UNMIBH), including the liaison offices in Zagreb and Belgrade and the United Nations Mission of Observers in Prevlaka (UNMOP) (A/55/874/Add.5); </s>
	</p>
	<p n="20">
	  <s n="21"> (f) United Nations Interim Administration Mission in Kosovo (UNMIK) (A/55/874/Add.6); </s>
	</p>
	<p n="21">
	  <s n="22"> (g) United Nations Mission for the Referendum in Western Sahara (MINURSO) (A/55/874/Add.7); </s>
	</p>
	<p n="22">
	  <s n="23"> (h) United Nations Logistics Base at Brindisi, Italy (UNLB) (A/55/874/Add.8). </s>
	</p>
	<p n="23">
	  <s n="24"> The Advisory Committee also considered the financial performance reports for the period from 1 July 1999 to 30 June 2000 of the United Nations Civilian Police Mission in Haiti (MIPONUH) (A/55/753), the report on the final disposition of the assets of the United Nations Support Mission in Haiti (UNSMIH), the United Nations Transition Mission in Haiti (UNTMIH) and MIPONUH (A/55/667) and the report on final disposition of assets of the United Nations Preventive Deployment Force (UNPREDEP) (A/55/390). </s>
	  <s n="25"> The Committee has reported on the financing of the United Nations peacekeeping operations in Haiti (A/55/881) and on UNPREDEP (A/55/886). </s>
	</p>
	<p n="24">
	  <s n="26"> The Advisory Committee also considered the financial performance reports for the period from 1 July 1999 to 30 June 2000 of the United Nations Mission of Observers in Tajikistan (UNMOT) (A/55/816 and Corr.1), the United Nations Observer Mission in Angola (MONUA) (A/55/844) and the United Nations Mission in the Central African Republic (MINURCA) (A/55/849). </s>
	  <s n="27"> The Committee has reported on the financing of UNMOT (A/55/880), MONUA (A/55/879) and MINURCA (A/55/884). </s>
	</p>
	<p n="25">
	  <s n="28"> The Advisory Committee considered the financial performance report for the period from 1 July 1999 to 30 June 2000 (A/55/757) and the revised budget for the period from 1 July 2000 to 30 June 2001 of the United Nations Interim Force in Lebanon (UNIFIL) (A/55/482/Add.1) and the performance report for the period from 1 July 1999 to 30 June 2000 (A/55/853) and the revised budget for the period from 1 July 2000 to 30 June 2001 (A/55/805 and Corr.1) of the United Nations Mission in Sierra Leone (UNAMSIL). </s>
	  <s n="29"> The Committee reported on the financing of UNIFIL (A/55/885) and UNAMSIL (A/55/869). </s>
	</p>
	<p n="26">
	  <s n="30"> The Advisory Committee considered the financial performance report of the United Nations Protection Force (UNPROFOR), the United Nations Confidence Restoration Operation in Croatia (UNCRO), UNPREDEP and the United Nations Peace Forces headquarters for the period from 1 January to 31 December 2000 (A/55/840). </s>
	  <s n="31"> The Committee also submitted its report on these operations (A/55/886). </s>
	</p>
	<p n="27">
	  <s n="32"> The Advisory Committee also considered the proposed budget for the establishment of the United Nations Mission in Ethiopia and Eritrea (UNMEE) for the period from 31 July 2000 to 30 June 2001 (A/55/666 and Corr.1). </s>
	  <s n="33"> The Committee submitted its related report on the financing of UNMEE (A/55/688/Add.1). </s>
	</p>
	<p n="28">
	  <s n="34"> In addition, the Advisory Committee has considered the report of the Board of Auditors to the General Assembly on the accounts of the United Nations peacekeeping operations for the financial period ended 30 June 20001 and has submitted its report (A/55/878). </s>
	</p>
	<p n="29">
	  <s n="35"> Missions for which budgets have not been received </s>
	</p>
	<p n="30">
	  <s n="36"> The Advisory Committee was informed, in a letter from the United Nations Controller dated 22 March 2001 (see annex V to the present report) that recent and prospective anticipated developments specific to certain peacekeeping missions would likely affect their mandates, operational concepts, scope and scale of activities and related resource requirements. </s>
	  <s n="37"> Although it was possible for the Secretariat to prepare initial maintenance level budgets for UNIFIL, UNMEE, UNAMSIL, UNTAET and MONUC for the period from 1 July 2001 to 30 June 2002 for submission to the General Assembly at the second part of its resumed fifty-fifth session, the initial budgets would be overtaken by events and would have to be prepared anew, recosted and resubmitted at a later date. </s>
	</p>
	<p n="31">
	  <s n="38"> The Advisory Committee was further informed that the reports on the financial performance for the period from 1 July 1999 to 30 June 2000 and the budget for the period 1 July 2001 to 30 June 2002 for UNTAET and the budgets for the period 1 July 2001 to 30 June 2002 for UNAMSIL, UNMEE and UNIFIL would be submitted to the General Assembly for consideration during its fifty-sixth session. </s>
	</p>
	<p n="32">
	  <s n="39"> In view of the foregoing, the Advisory Committee recommends that the General Assembly approve, at the second part of its resumed fifty-fifth session in May 2001, the bridging actions indicated below in respect of UNIFIL, UNMEE, UNAMSIL and UNTAET, pending the submission of the respective budgets for these missions to the General Assembly at its fifty-sixth session. </s>
	  <s n="40"> In this connection, the Committee recommends that the Assembly approve commitment authority with assessment for the first six-month period from 1 July to 31 December 2001 as follows: </s>
	</p>
	<p n="33">
	  <s n="41"> (a) UNIFIL: based on the revised budget of $199,097,919 gross ($195,117,090 net) for the period from 1 July 2000 to 30 June 2001 (A/55/482/Add.1), to approve and assess an amount of $99,548,960 gross ($97,558,500 net); </s>
	</p>
	<p n="34">
	  <s n="42"> (b) UNMEE: based on the authorized budget of $180 million gross ($177,866,900 net) for the period from 1 July 2000 to 30 June 2001 (resolution 55/237 of 23 December 2000), to approve and assess an amount of $90 million gross ($88,933,450 net); </s>
	</p>
	<p n="35">
	  <s n="43"> (c) UNAMSIL: based on the revised budget for the period from 1 July 2000 to 30 June 2001 of $550 million gross ($546,750,000 net) recommended by the Advisory Committee in its report (A/55/839) and approved by the General Assembly in its resolution 55/251 of 12 April 2001 to approve and assess an amount of $275 million gross ($273,375,000 net); </s>
	</p>
	<p n="36">
	  <s n="44"> (d) UNTAET: based on the budget of $563 million gross ($546,051,600 net) approved by the General Assembly in its resolution 55/228 of 23 December 2000, to approve and assess an amount of $282 million gross ($273,025,800 net). </s>
	</p>
	<p n="37">
	  <s n="45"> The Advisory Committee was informed that, with regard to the United Nations Organization Mission in the Democratic Republic of Congo (MONUC), both the financial performance report for the period from 1 July 1999 to 30 June 2000 and the detailed budget for the period from 1 July 2000 to 30 June 2001, which were overdue, would be submitted to the General Assembly during the second part of its resumed fifty-fifth session. </s>
	  <s n="46"> The Committee was further informed that the Secretary-General would submit to the General Assembly, at its fifty-sixth session, the estimates for MONUC for the period from 1 July 2001 to 30 December 2002. </s>
	  <s n="47"> Pending this submission, the Secretary-General would, on the basis of such amounts as would be approved by the General Assembly for the period from 1 July 2000 to 30 June 2001, request commitment authority and assessment for the period from 1 July to 31 December 2001. </s>
	</p>
	<p n="38">
	  <s n="48"> With regard to UNMIK, the Advisory Committee examined the Secretary-General&apos;s estimates for the period from 1 July 2001 to 30 June 2002 (A/55/833). </s>
	  <s n="49"> The Committee notes that the estimates are subject to change since, according to the Secretariat, a new Special Representative of the Secretary-General is in the process of reviewing the structure and activities of the Mission; it is therefore planned to issue revised estimates during the fifty-sixth session of the General Assembly. </s>
	  <s n="50"> The Committee notes that the submission of revised estimates would not be based on changes resulting from actions by the Security Council. </s>
	  <s n="51"> Upon enquiry, the Committee was informed that the estimates were not likely to increase significantly. </s>
	  <s n="52"> The Advisory Committee is therefore not fully convinced that the mere arrival of a new Special Representative of the Secretary-General should necessarily result in the submission of revised estimates. </s>
	  <s n="53"> The Committee has commented upon this in its report on the financing of UNMIK (A/55/--). </s>
	</p>
	<p n="39">
	  <s n="54"> Similarly, for reasons provided in his report, the Secretary-General is intending to submit revised estimates to the General Assembly at its fifty-sixth session in respect of UNLB and the support account. </s>
	  <s n="55"> In each case, in its related reports, the Advisory Committee is suggesting that revised budget proposals should instead be formulated and submitted for the session of the Advisory Committee that would begin in February 2002. </s>
	</p>
	<p n="40">
	  <s n="56"> The Advisory Committee recalls that the calendar for the consideration of budgets for peacekeeping operations, as stipulated in General Assembly resolution 49/233 of 23 December 1994, was formulated with the objective of affording the Fifth Committee and the Advisory Committee the opportunity for in-depth consideration of peacekeeping subjects, without adversely affecting the ability of either body to carry out work related to the regular budget and other matters. </s>
	  <s n="57"> To that end, in 1995 the Committee initiated an annual winter session in February and March to consider peacekeeping operations matters (see the report of the Advisory Committee, A/52/860, paras. </s>
	</p>
	<p n="41">
	  <s n="58"> The Advisory Committee also recalls that, in accordance with General Assembly resolution 49/233, for peacekeeping operations with budgetary and operational requirements that are not subject to fluctuation (that is, for stable missions), there should be a submission and review of the budgets only once a year, with assessment subject to renewal of the relevant mandate by the Security Council. </s>
	  <s n="59"> For other peacekeeping operations, the budget estimates should be prepared for 12 months but reviewed by the General Assembly twice a year, with assessment subject to renewal of the mandate by the Security Council. </s>
	</p>
	<p n="42">
	  <s n="60"> The Advisory Committee is aware of the exigencies, in each case, that have led to the proposals of the Secretary-General for bridging action. </s>
	  <s n="61"> The consequences of the developments referred to by the Controller in his letter (see annex V to the present report) are, in the view of the Committee, unavoidable. </s>
	  <s n="62"> Nevertheless, the fact that these actions are to be effected simultaneously during the same budgetary period places a considerable strain on the regime put in place by the General Assembly in its resolution 49/233, including the programme of work of the General Assembly. </s>
	  <s n="63"> The Committee stresses the importance of not letting the above exceptions produce a lasting effect on the discipline required to maintain the system now in place for the consideration and approval of performance reports and budgets for peacekeeping operations. </s>
	</p>
	<p n="43">
	  <s n="64"> Expenditures and unencumbered balances </s>
	</p>
	<p n="44">
	  <s n="65"> A summary of the financial performance of peacekeeping missions for the period ending 30 June 2000 is contained in annex I to the present report. </s>
	  <s n="66"> For the peacekeeping operations listed in that annex, expenditures amounted to $1,529,978,900 gross, against appropriations of $1,705,161,200 gross, reflecting an unencumbered balance of $175,182,300, or 10.3 per cent of the appropriations. </s>
	</p>
	<p n="45">
	  <s n="67"> The Advisory Committee notes that the unencumbered balance in the performance reports during the period from 1 July 1999 to 30 June 2000 has increased, compared with an unencumbered balance of $67,813,000, or 8.1 per cent of the appropriations of $836,056,300 for the preceding period from 1 July 1998 to 30 June 1999 (A/54/841, para. </s>
	  <s n="68"> In the various reports of the Secretary-General and the related reports of the Advisory Committee, reasons have been given for the unencumbered balances. </s>
	  <s n="69"> The Committee points out that account should be taken of the doubling of appropriations and commitment of authority as the result of the simultaneous launch of new, complex missions, such as UNMIK, UNTAET and MONUC, as well as the redesign and expansion of UNOMSIL into UNAMSIL. </s>
	  <s n="70"> The Committee has taken these unencumbered balances into account when making its recommendations on budget requirements. </s>
	</p>
	<p n="46">
	  <s n="71"> The figures in annex I A exclude expenditure for the support account, and for UNLB. </s>
	  <s n="72"> For the support account, expenditure for the period from 1 July 1999 to 30 June 2000 amounts to $38,360,800, against a total amount authorized by the General Assembly of $38,388,700 (appropriation of $34,887,100 and commitment authority of $3,501,600), leaving an unutilized balance of $27,900. </s>
	  <s n="73"> For UNLB, expenditure for the period amounts to $7,026,000, against the approved budget of $7,456,500, leaving an unencumbered balanced of $430,500 (or 5.8 per cent of the approved budget). </s>
	</p>
	<p n="47">
	  <s n="74"> Unliquidated obligations </s>
	</p>
	<p n="48">
	  <s n="75"> As can be seen from table 1, the total of unliquidated obligations for the period from 1 July 1999 to 30 June 2000 amounted to $553,135,785 (or 36.2 per cent of the expenditure of $1,529,978,900), at 30 June 2000, as reflected in the performance reports. </s>
	  <s n="76"> At 28 February 2001, unliquidated obligations amounted to $273,401,641. </s>
	</p>
	<p n="49">
	  <s n="77"> Table 1 Unliquidated obligations for the period from 1 July 1999 to 30 June 2000 (United States dollars) </s>
	</p>
	<p n="50">
	  <s n="78"> a A good part of the unliquidated obligations relate to provision for reimbursement to Member States for troop costs, contingent-owned equipment and the like. </s>
	</p>
	<p n="51">
	  <s n="79"> b At 28 February 2001. </s>
	</p>
	<p n="52">
	  <s n="80"> c 1999/00 performance report currently under preparation. </s>
	</p>
	<p n="53">
	  <s n="81"> The amounts of unliquidated obligations at 30 June 2000 and at 28 February 2001 are larger compared with the corresponding amounts in table 1 of the previous report of the Advisory Committee (A/54/841). </s>
	  <s n="82"> This difference may be due to the larger totals of appropriations for the period ended 30 June 2000 and the related increase in military expenditure. </s>
	  <s n="83"> However, the Committee has noted that large amounts of unliquidated obligations have been retained for operational activities of some missions in the period ending 30 June 2000. </s>
	  <s n="84"> The Board of Auditors has for example noted instances of sudden increases in requisition and procurement activities towards the end of the financial period of some missions thus reflecting lack of proper planning for those activities. </s>
	  <s n="85"> The Advisory Committee requests that these activities should be monitored and, as necessary, appropriate measures taken to improve planning and the efficiency of the management of operational activities such as requisitions and procurement. </s>
	</p>
	<p n="54">
	  <s n="86"> Proposals for 2001/02 </s>
	</p>
	<p n="55">
	  <s n="87"> As shown in annex II A estimated gross budgetary requirements proposed by the Secretary-General for seven missions whose budgets have been submitted for the period from 1 July 2001 to 30 June 2002 amount to $799,398,000. </s>
	  <s n="88"> Annex II B shows gross estimates for the missions whose budgets for the period from 1 July 2001 to 30 June 2002 will be submitted to the General Assembly at its fifty-sixth session (UNIFIL, UNAMSIL, UNMEE, UNTAET, MONUC), amounting to $1,633,416,900. </s>
	  <s n="89"> The figures in annex II exclude the proposed budget of $73,645,500 gross for the support account for peacekeeping operations (A/55/862) and $8,982,600 gross for UNLB (A/55/830). </s>
	  <s n="90"> In this connection, the Advisory Committee recalls that the procedure for prorating support account cost requirements among individual peacekeeping mission budgets is contained in its report of 22 March 1996 (A/50/897, para. </s>
	  <s n="91"> 37 and annex II) and the procedure with respect to UNLB is contained in its report of 1 April 1999 (A/53/895, para. </s>
	  <s n="92"> In its report on the support account (A/55/882), the Advisory Committee makes a specific recommendation on the amounts to be used for prorating. </s>
	</p>
	<p n="56">
	  <s n="93"> The Advisory Committee was informed that with a number of budgets pending completion, it was not possible to provide an accurate indication of the total budget requirements for all peacekeeping operations for the period from 1 July 2001 to 30 June 2002. </s>
	  <s n="94"> Nevertheless, on the basis of the information available, the initial overall requirements would likely be at or around $2.6 billion, more or less the same level of funding for the preceding period of 2000/01. </s>
	  <s n="95"> This figure could, however, become significantly higher should the Security Council approve large-scale deployment of military contingents for MONUC. </s>
	</p>
	<p n="57">
	  <s n="96"> Performance and budget estimates reports </s>
	</p>
	<p n="58">
	  <s n="97"> In its previous reports (see, for example, A/52/860, A/53/895 and A/54/841), the Advisory Committee has regularly commented on presentation of performance reports and budget estimates. </s>
	  <s n="98"> The Committee notes that considerable progress has been made to improve the presentation of budget estimates. </s>
	  <s n="99"> The estimates are generally based on more realistic assumptions, including taking account of performance experience in previous financial periods. </s>
	  <s n="100"> As a result, performance reports show, on the whole, a more realistic outcome of budget implementation. </s>
	  <s n="101"> However as can be seen in annex I and as explained in the related reports of the Secretary-General and the Committee, in a limited number of missions, large budget variations often result from factors other than the inability of the Secretariat to prepare realistic budget estimates. </s>
	  <s n="102"> Where appropriate, the Committee has made suggestions in the context of individual missions for further improvements in budget formulation and performance reporting, calling attention, as appropriate, to the corresponding findings and recommendations of the Board of Auditors. </s>
	</p>
	<p n="59">
	  <s n="103"> The Advisory Committee notes that the performance reports do not disclose miscellaneous income received during the financing period (for example, income received from the sale of equipment). </s>
	  <s n="104"> The Committee was informed that its previous recommendation on the disclosure of miscellaneous income in the performance reports would soon be implemented. </s>
	</p>
	<p n="60">
	  <s n="105"> The Advisory Committee recommends that a summary of the actions taken to implement the relevant recommendations of the internal and external oversight bodies be included, as necessary, as an annex, in the performance reports of peacekeeping operations. </s>
	</p>
	<p n="61">
	  <s n="106"> Status-of-forces agreements and memoranda of understanding </s>
	</p>
	<p n="62">
	  <s n="107"> The Advisory Committee observes that status-of-forces agreements and memoranda of understanding are essential instruments for defining the rights and obligations of the missions in the operational area. </s>
	  <s n="108"> In this connection the Committee expresses concern about the fact that often the United Nations has been forced to start mission operations without these instruments in place. </s>
	  <s n="109"> As stated by the Board of Auditors in its report, for example, the absence of a memorandum of understanding affected customs clearance from the host Government, leading to delays at the border in the transportation of goods to and from Kosovo.2 An absence of agreements often leads to the United Nations incurring heavy expenditures in duties and taxes that could be avoided. </s>
	  <s n="110"> In other situations even after decisions of the Security Council calling for speedy conclusion of status-of-force agreements inordinate delays are experienced in this regard. </s>
	  <s n="111"> With respect to memoranda of understanding concerning contingent-owned equipment, the Committee has consistently reported unacceptable delays in their conclusion. </s>
	  <s n="112"> The Advisory Committee recommends that the Secretariat study the process with respect to memoranda of understanding on arrangements for contingent-owned equipment, identify the elements that often account for delays and submit the results to the General Assembly through the Committee. </s>
	</p>
	<p n="63">
	  <s n="113"> Pre-arrival inspection </s>
	</p>
	<p n="64">
	  <s n="114"> As the Advisory Committee has indicated in its report on UNAMSIL (A/55/869), pre-arrival inspection is done upon request of a troop-contributing country. </s>
	  <s n="115"> The Committee recommends that in addition to its recommendation concerning UNAMSIL, the Secretary-General should consider ways and means of strengthening its capacity to carry out pre-arrival inspections in the context of the ongoing comprehensive review and capacity study requested by the Special Committee on Peacekeeping Operations in its report of 4 December 2000 (A/C.4/55/6), as approved by the General Assembly in its resolution 55/135 of 8 December 2000. </s>
	  <s n="116"> In the meantime, the Secretariat should, as appropriate and wherever applicable, with the concurrence of the troop-contributing countries, supplement expertise available in the Secretariat in carrying out pre-arrival inspections at the request of the troop-contributing countries. </s>
	</p>
	<p n="65">
	  <s n="117"> Contingent-owned equipment verification process </s>
	</p>
	<p n="66">
	  <s n="118"> With respect to contingent-owned equipment verification arrangements in the mission area, the Advisory Committee was informed that each service in the mission carries out verification. </s>
	  <s n="119"> The Committee notes that, pursuant to recommendations of the Board of Auditors, the Secretariat, has streamlined arrangements for handling verification reports at Headquarters. </s>
	  <s n="120"> In this connection, the Advisory Committee stresses the importance of ensuring that qualified personnel are available in the field to implement all the requirements of the contingent-owned equipment reimbursement procedures. </s>
	</p>
	<p n="67">
	  <s n="121"> Wet-lease and self-sustainment arrangements </s>
	</p>
	<p n="68">
	  <s n="122"> The experience of the Advisory Committee in reviewing the estimates of one mission, UNAMSIL, has led to the conclusion that an effective procedure needs to be in place for ascertaining the capacity of troop-contributing countries to meet the requirements for wet-lease and self-sustainment provisions of the contingent-owned equipment arrangements for those troop-contributing countries that choose this option. </s>
	  <s n="123"> Moreover, there is a need to ensure a consistent implementation of the standards set out in the contingent-owned equipment manual. </s>
	</p>
	<p n="69">
	  <s n="124"> In the opinion of the Advisory Committee, overall the “new” wet-lease arrangements appear to be working well. </s>
	  <s n="125"> Nevertheless, the Committee is concerned by indications that some troop-contributing countries might be experiencing difficulties in meeting the required level of equipment and self-sustainment. </s>
	  <s n="126"> In view of this, the Committee encourages the Secretary-General to review the practical aspects of the wet-lease arrangements and the efficiency gains to which they were designed to lead. </s>
	</p>
	<p n="70">
	  <s n="127"> Civilian personnel matters </s>
	</p>
	<p n="71">
	  <s n="128"> Annex III contains information on budgeted and performance vacancy rates for international and local staff in missions for the period from 1 July 1999 to 30 June 2000. </s>
	  <s n="129"> From the information in the annex, it is obvious that missions continue to experience the high vacancies that have been reported in past reports of the Committee. </s>
	  <s n="130"> This has resulted in consistent under-expenditure of the related staff costs. </s>
	  <s n="131"> In the individual reports of the Secretary-General and those of the Committee, the reasons for these vacancies have been given. </s>
	  <s n="132"> Some of the contributing causes are contractual difficulties, the long and cumbersome recruitment and placement process in the United Nations, the security situation in some mission areas, changes in mandates as approved by the Security Council during the financial period and, in a few missions, instances of personnel being loaned for start-up activities in new or expanded missions. </s>
	</p>
	<p n="72">
	  <s n="133"> The Advisory Committee has reiterated its concern about the high vacancy situation in missions and has requested the Secretariat to take action to reduce those vacancies (see A/54/841, para. </s>
	  <s n="134"> The Committee notes that the Secretariat has taken some steps to strengthen the capacity to recruit mission personnel at Headquarters and in the mission area. </s>
	  <s n="135"> These measures include additional personnel officers under the support account and the granting of delegated authority for recruitment of personnel to missions with governance components, such as UNMIK and UNTAET. </s>
	  <s n="136"> The Committee was informed that the experience in UNMIK and UNTAET was being reviewed with a view to identifying practices that could either be replicated or avoided in other missions. </s>
	  <s n="137"> The Committee looks forward to the Secretariat&apos;s report on this matter. </s>
	</p>
	<p n="73">
	  <s n="138"> The Advisory Committee reiterates its request that the Secretariat&apos;s report on measures contemplated to increase mobility, both between missions and from headquarters duty stations to the field, including those related to career incentives of the staff and their security in the mission area (A/54/841, para. 22). </s>
	</p>
	<p n="74">
	  <s n="139"> The Advisory Committee was provided with a schedule of mission loans of staff for the periods from 1 July to 31 December 1999 and from 1 January to 30 June 2000, as shown in table 2. </s>
	  <s n="140"> While recognizing the utility of such loans, the Committee points out that care should be taken to ensure that such staff loans do not impact negatively on the operations of the missions lending staff. </s>
	  <s n="141"> The Advisory Committee recommends that information on mission staff on short-term loan be provided in performance reports. </s>
	</p>
	<p n="75">
	  <s n="142"> Table 2 Mission staff on short-term loan for the start up of new missions </s>
	</p>
	<p n="76">
	  <s n="143"> 1 July to 31 December 1999 </s>
	</p>
	<p n="77">
	  <s n="144"> B. 1 January to 30 June 2000 </s>
	</p>
	<p n="78">
	  <s n="145"> During its consideration of the budget estimates of the various peacekeeping missions, the Advisory Committee exchanged views with representatives of the Secretary-General on measures to increase staff security in the field. </s>
	  <s n="146"> In this connection, the Committee recalls and reiterates paragraphs 8 to 17 of its report of 1 December 2000 (A/55/658). </s>
	  <s n="147"> The Advisory Committee trusts that information on lessons learned and measures taken to ensure accountability will be fully addressed in future reports on safety and security of United Nations personnel. </s>
	  <s n="148"> The Committee requests that measures be taken to ensure that all United Nations staff assigned to missions are adequately briefed and trained on security measures prior to their arrival in the mission area, and that they receive properly formulated and coordinated advice on security matters during the course of their assignment. </s>
	  <s n="149"> Moreover, expenditures on staff security should be clearly identified in the performance reports and budgets of the peacekeeping operations. </s>
	</p>
	<p n="79">
	  <s n="150"> During its examination of the budget estimates of individual missions, such as UNAMSIL and UNMEE, the Advisory Committee noted a tendency to request posts at inflated grades or propose reclassifications on the ground that high grades and reclassifications would facilitate the recruitment of civilian personnel to mission operations. </s>
	  <s n="151"> In the opinion of the Advisory Committee, this is not a justifiable response to recruitment difficulties. </s>
	  <s n="152"> The Advisory Committee also noted that in some missions (for example, UNAMSIL) attempts were made to justify additional staff and reclassification of posts on the basis of broad generalities. </s>
	  <s n="153"> In the Advisory Committee&apos;s opinion, while factors such as expansion of mission strength and scope of operation may warrant additional posts, they do not necessarily warrant specific reclassification of posts. </s>
	</p>
	<p n="80">
	  <s n="154"> In this connection, the Advisory Committee recalls that it had called for greater involvement of the Office of Human Resources Management in the development of standardized generic job descriptions and classification of posts for peacekeeping activities. </s>
	  <s n="155"> The Committee accordingly reiterates its request. </s>
	  <s n="156"> The Committee also reiterates its request that the Secretary-General present an analysis of problems encountered in attracting and retaining qualified personnel for peacekeeping operations (A/54/841, para. </s>
	  <s n="157"> Bearing in mind its concern with the issue of vacancy management, the Committee recommends that personnel contracts be issued to peacekeeping mission staff for periods that may be longer than those of the mission&apos;s mandate, provided that proper safeguards are contained in the contract of employment should the mandate not be renewed. </s>
	</p>
	<p n="81">
	  <s n="158"> In reviewing the estimates of some missions, the Advisory Committee has encountered instances where the Secretariat has used vacant posts in the approved staffing table for the preceding budgetary period to recruit personnel to fill posts in the proposed estimates even though the latter posts had not yet been reviewed by the Committee and approved by the General Assembly. </s>
	  <s n="159"> For example, a proposed post at the D-1 level in the estimates would be filled at that level using a vacant D-1 post in the approved staffing table of the preceding budgetary period. </s>
	  <s n="160"> The Advisory Committee recognizes that the Secretary-General needs flexibility to manage the staffing table, but it cautions that it should not be assumed that the General Assembly will approve a requested post at the level of an incumbent temporarily placed against a vacant post. </s>
	</p>
	<p n="82">
	  <s n="161"> The Advisory Committee acknowledges that travel activities are an essential input for implementing mission mandates and that, very often, unforeseen political developments may lead to a sudden increase in travel needs. </s>
	  <s n="162"> However, the Committee has noted many instances where travel expenditure in areas such as management and administrative support, surveys and consultation for officials of missions and Headquarters lacks adequate explanation and justification in the estimates. </s>
	  <s n="163"> The Committee is of the view that every effort should be made to justify travel expenditure. </s>
	  <s n="164"> Attempts should be made wherever possible to use, in the first instance, modern communications techniques, including video conferencing, before additional expenditure is incurred for expanded travel programmes. </s>
	  <s n="165"> Where such expenses are incurred or required, adequate explanation should be included in performance reports and in the proposed estimates. </s>
	</p>
	<p n="83">
	  <s n="166"> United Nations Volunteers </s>
	</p>
	<p n="84">
	  <s n="167"> The Advisory Committee considered the report of the Secretary-General on the participation of United Nations Volunteers in peacekeeping operations (A/55/697). </s>
	  <s n="168"> The Committee met with representatives of the Secretary-General and of the United Nations Volunteers. </s>
	  <s n="169"> This discussion covered many issues, including those related to peacekeeping operations. </s>
	</p>
	<p n="85">
	  <s n="170"> The study on the use of United Nations Volunteers in peacekeeping operations was called for by the Advisory Committee in its report on the financing of UNMIK (see A/54/622, para. </s>
	  <s n="171"> The Committee notes that over the past year the inclusion of Volunteers in peacekeeping operations has been expanded, in particular in connection with larger, more complex and multifaceted missions, such as those in Kosovo and East Timor (A/55/697, para. </s>
	  <s n="172"> The Committee also notes that steps have been taken to explore ways of increasing the participation of United Nations Volunteers in peacekeeping missions and encourages the Secretariat to review the use of United Nations Volunteers with a view to making greater use of them, especially in substantive areas such as human rights, communications and public information activities. </s>
	</p>
	<p n="86">
	  <s n="173"> The representative of the United Nations Volunteers informed the Advisory Committee that they were in contact with the Department of Peacekeeping Operations, but that no formal process existed to discuss lessons learned. </s>
	  <s n="174"> The Advisory Committee believes that there is a need for close cooperation with the United Nations Volunteers at the early stages of the missions, especially at the planning stage. </s>
	  <s n="175"> In a related matter, the Committee is of the opinion that the United Nations Secretariat could learn much from the very successful roster system used by the United Nations Volunteers (including the ability to mobilize former Volunteers), which utilizes the resources of the United Nations Development Programme (UNDP) country offices and resident representatives (see, for example, A/54/804, paras. </s>
	</p>
	<p n="87">
	  <s n="176"> The Advisory Committee cautions, however, that United Nations Volunteers should not be seen as a means of obtaining cheap labour for peacekeeping operations. </s>
	  <s n="177"> In the Committee&apos;s opinion, the key contribution of the United Nations Volunteers programme to peacekeeping operations is its ability to mobilize quickly international volunteers with a wide range of relevant skills and experience to complement staff services of the United Nations Secretariat, both in support and substantive areas of missions. </s>
	</p>
	<p n="88">
	  <s n="178"> The Advisory Committee was informed that often United Nations Volunteers were given low priority in the provision of some services that would contribute to the effective discharge of their functions. </s>
	  <s n="179"> The Advisory Committee is of the opinion that the Secretariat and the senior staff in missions should ensure that the valuable contribution of Volunteers in any mission operation is given recognition in the management practices of the missions concerned. </s>
	  <s n="180"> The Committee recommends that the Secretariat take all necessary measures in order to give Volunteers functional access to services in the mission area which is equivalent to that provided to the United Nations international staff, such as transportation and communication services. </s>
	</p>
	<p n="89">
	  <s n="181"> Procurement and inventory management </s>
	</p>
	<p n="90">
	  <s n="182"> As it has done in past reports (see, for example, A/53/895, A/53/940 and A/54/841), the Advisory Committee has commented on this subject in its individual reports and also in the context of its report on the report of the Board of Auditors (A/55/878). </s>
	  <s n="183"> The Committee will offer more comments when it reviews the report of the Secretary-General on the field assets control system (A/55/845). </s>
	  <s n="184"> The Advisory Committee remains concerned about weaknesses in inventory management and asset control of peacekeeping operations. </s>
	  <s n="185"> The Board has identified lack of procurement planning and vendor performance evaluation and systematic training and retention of staff as major causes of concern. </s>
	  <s n="186"> During discussions, the representatives of the Secretary-General revealed that often less priority was given in staff recruitment and assignment to the functions of inventory management and procurement activities for some missions. </s>
	</p>
	<p n="91">
	  <s n="187"> The Advisory Committee expresses concern about the above situation. </s>
	  <s n="188"> It stresses that procurement and inventory management are functions that account for large investment by the Organization, and that it is essential for all concerned to take steps to ensure that adequate qualified staff are assigned, trained and retained to perform these functions in field missions. </s>
	</p>
	<p n="92">
	  <s n="189"> The Advisory Committee was informed that in some peacekeeping missions, such as UNDOF, purchase requests were made by logistics units staffed by military personnel who report to the Force Commander. </s>
	  <s n="190"> The Committee is aware that military personnel serve in the mission area normally for six months and often do not have time to become familiar with United Nations procurement policies and procedures. </s>
	  <s n="191"> In the view of the Advisory Committee, the current logistics arrangements may impinge on proper procurement planning. </s>
	  <s n="192"> In this connection, the Committee is of the opinion that logistics units should be restructured so that they report directly to the civilian component of the mission. </s>
	  <s n="193"> This issue should be addressed as a matter of urgency in all peacekeeping operations, with a view to introducing, where applicable, the appropriate changes. </s>
	</p>
	<p n="93">
	  <s n="194"> Delegation of procurement authority </s>
	</p>
	<p n="94">
	  <s n="195"> As indicated in its report on the report of the Board of Auditors (A/55/878), the Advisory Committee was informed that the Under-Secretary-General for Peacekeeping Operations has received delegated authority to procure goods and services of up to $1 million, subject to certain conditions. </s>
	  <s n="196"> In this connection, the Advisory Committee recalls its observation that adequate capacity must exist at the receiving end in the field to discharge procurement functions properly, as well as a mechanism at the central level to monitor those capacities (see, for example, A/55/458, para. </s>
	</p>
	<p n="95">
	  <s n="197"> The Advisory Committee understands that in some missions, such as UNMIBH, arrangements for provision of rent-free premises have been made with host Government, on the understanding that the cost of renovation would be covered by the United Nations. </s>
	  <s n="198"> In the case of UNMIBH, the Committee was informed that the Mission had spent $3 million in renovations. </s>
	  <s n="199"> The Advisory Committee recommends that all future budget submissions for United Nations peacekeeping operations provide a complete justification for significant investments ($1 million and above) in non-United Nations-owned premises. </s>
	</p>
	<p n="96">
	  <s n="200"> Mission liquidation and disposition of assets </s>
	</p>
	<p n="97">
	  <s n="201"> The Board of Auditors has identified several weaknesses in liquidation activities. </s>
	  <s n="202"> The Advisory Committee remains concerned at what appears to be a deterioration (after the efforts made in 1999) in the capacity of the Secretariat to handle current liquidation and other tasks as well as to eliminate backlogs in areas such as the claims and information and personnel management support services (see, for example, the report of the Secretary-General on the support account A/55/862, annex V). </s>
	  <s n="203"> The Committee recommends that the short and long-term solution to these problems be addressed, with concrete remedial proposals, in the context of the report of the Secretary-General on the comprehensive review and capacity study, requested by the Special Committee on Peacekeeping Operations in its report of 4 December 2000 (A/C.4/55/6), as approved by the General Assembly in its resolution 55/135. </s>
	  <s n="204"> In any case, the Committee recommends that, in the future, the Secretary-General&apos;s requests for resources for mission liquidation be accompanied by a detailed liquidation plan, including a timetable for completion of all tasks and activities. </s>
	</p>
	<p n="98">
	  <s n="205"> In the view of the Advisory Committee, when a mission is being liquidated, it is advisable to retain the personnel who had been handling the operation of the mission rather than recruit temporary staff (see para. </s>
	  <s n="206"> 47 above). </s>
	  <s n="207"> In such cases, after the mission is liquidated, all efforts should be made to place the personnel retained for liquidation in other missions so that the Organization would continue to have recourse to their expertise and experience. </s>
	</p>
	<p n="99">
	  <s n="208"> According to the reports of the Secretary-General, the disposition of mission assets has been guided by the principles endorsed by the General Assembly in section VII of its resolution 49/233. </s>
	  <s n="209"> The Advisory Committee notes, however, that in some missions (for example, UNPREDEP) mission assets were transferred to the host Government under “temporary possession” arrangements, pending the approval of the General Assembly. </s>
	  <s n="210"> The Committee was informed that the transfer was made on the determination that it was not economical to secure, dismantle, ship and do site restoration. </s>
	  <s n="211"> The Advisory Committee recommends that, in the future, such a proposed transfer of assets to a host Government under “temporary possession” arrangements be submitted to the Committee for review prior to finalizing the transfer to the host Government. </s>
	  <s n="212"> The Committee points out that, in accordance with the guidelines, as regards assets left with the national authority, it is essential to request approval of the General Assembly of any such disposition of mission assets, which would provide for free-of-charge contribution to the Government. </s>
	  <s n="213"> In a related matter, the Committee is aware of a sale of equipment on credit to a Member State; future transactions of this type should be discouraged. </s>
	</p>
	<p n="100">
	  <s n="214"> The Advisory Committee observes that in some disposition of assets reports (for example, MIPONUH and UNPREDEP), a number of “unaccounted for” items may be attributable to lack of proper inventory control. </s>
	  <s n="215"> The Advisory Committee trusts that proper use of the field assets control system, including ensuring that it is complete, continuously updated and accurately maintained, as well as strict measures to avoid losses of United Nations property, will result in better control of United Nations property in peacekeeping missions. </s>
	  <s n="216"> The Committee also trusts that since field assets control system is operational in all missions, instances of inability to identify the names of the officials who receive assets would be reduced. </s>
	  <s n="217"> The Committee recommends that, as a general rule, United Nations officials should be designated to receive, inspect and report on equipment provided to missions and hold records of their actual locations within the mission area. </s>
	</p>
	<p n="101">
	  <s n="218"> Public information programmes </s>
	</p>
	<p n="102">
	  <s n="219"> The Advisory Committee recognizes the importance for the United Nations to have an effective public information programme in peacekeeping operations. </s>
	  <s n="220"> However, the programmes must be carefully identified and implemented on the basis of objectives tailored to the specific needs of the mission concerned. </s>
	  <s n="221"> The Committee points out that these programmes have not always been adequately justified in the budget estimates. </s>
	  <s n="222"> The Advisory Committee recommends that the experience gained by the United Nations in some missions be examined to determine whether it is applicable in other missions. </s>
	  <s n="223"> In this connection, the Committee expects that consideration will be given to whether maximum use is being made of existing United Nations facilities and resources and that the possibility of using local public information facilities will be explored. </s>
	  <s n="224"> The results of this examination should be reported in the next budget submission, together with a concise explanation of the extent to which the public information programme is designed to achieve the most effective operational impact. </s>
	</p>
	<p n="103">
	  <s n="225"> Quick impact projects </s>
	</p>
	<p n="104">
	  <s n="226"> As indicated in its report of 2 March 2001 on UNMEE (A/55/688/Add.1, paras. </s>
	  <s n="227"> 21 and 22), during its examination of the budget estimates, the Advisory Committee discussed a provision for quick-impact projects to provide a flexible disbursement option for addressing immediate and short-term needs in the mission area. </s>
	  <s n="228"> The Committee noted that specific projects had not yet been proposed in the budget of that Mission and was informed that no projects had been approved to date. </s>
	  <s n="229"> The Committee was provided with detailed guidelines on the administration of quick-impact projects (see A/55/688/Add.1, annex II). </s>
	  <s n="230"> Subject to the decision of the General Assembly, the Advisory Committee recommends that, if available, information on quick-impact projects be reflected in the relevant budget reports and that the Secretary-General report on their implementation in the performance reports. </s>
	</p>
	<p n="105">
	  <s n="231"> Training </s>
	</p>
	<p n="106">
	  <s n="232"> The Advisory Committee was informed that resources made available for training programmes for all missions amounted to $1,438,500 for the period from 1 July 2000 to 30 June 2001. </s>
	  <s n="233"> For 2001/02, partial requirements amount to $1,173,100, as requirements for missions to be submitted to the General Assembly at its fifty-sixth session have not yet been determined (see annex IV to the present report). </s>
	  <s n="234"> In this connection, the Committee recalls that it had requested that the criteria for setting training priorities be stated in a more transparent manner in the reports (A/54/841, para. </s>
	  <s n="235"> The Committee understands that a large number of Headquarters staff have been trained in administrative matters of peacekeeping operations but have not been deployed to the missions. </s>
	  <s n="236"> The Committee reiterates its view that before personnel are selected for training, their availability for mission service should be confirmed by the Administration. </s>
	  <s n="237"> The Advisory Committee believes that there should be better planning for training of personnel in the mission area without conflicting with other priority activities (for example, UNAMSIL). </s>
	  <s n="238"> The Committee requests that in the future the subjects covered in the training programmes and their costs be more clearly stated in the performance and budget reports. </s>
	  <s n="239"> For the period concerned, the reports should include information on issues such as weaknesses and shortcomings that the training programmes have addressed or will address as well as the number of personnel trained or to be trained and the institutions or facilities used or to be used for training at the central, regional or local level. </s>
	</p>
	<p n="107">
	  <s n="240"> Notes </s>
	</p>
	<p n="108">
	  <s n="241"> 1 Official Records of the General Assembly, Fifty-fifth Session, Supplement No.5, A/55/5, vol. II. </s>
	</p>
	<p n="109">
	  <s n="242"> 2 Ibid., chap. </s>
	  <s n="243"> II, paras. </s>
	</p>
	<p n="110">
	  <s n="244"> Annex I </s>
	</p>
	<p n="111">
	  <s n="245"> Financial performance of peacekeeping missions for the period from 1 July 1999 to 30 June 2000a </s>
	</p>
	<p n="112">
	  <s n="246"> (Thousands of United States dollars) </s>
	</p>
	<p n="113">
	  <s n="247"> a Figures are shown in gross amounts and exclude amounts for the support account for peacekeeping operations and UNLB. </s>
	</p>
	<p n="114">
	  <s n="248"> b Excludes budgeted voluntary contributions in kind of $1,714,200. </s>
	</p>
	<p n="115">
	  <s n="249"> c In addition to the approved appropriation of $140,044,200 gross, the Advisory Committee had authorized the Secretary-General to enter into commitments not exceeding $12 million in connection with the expansion of the Mission&apos;s authorization approved by the Security Council in presidential statement S/PRST/2000/18 of 23 May 2000. </s>
	  <s n="250"> However most of the additional expenditure incurred could be met within the approved appropriation. </s>
	  <s n="251"> No additional financing action for the excess expenditure over appropriation of $571,000 is required as it is expected that it can be met through further liquidation of unliquidated obligations for the period (A/55/757). </s>
	</p>
	<p n="116">
	  <s n="252"> d The Secretary-General has recommended that the approved appropriation be reduced to the actual amount assessed on Member States of $16,370,309 gross, which would result in a consequential adjustment downward of the unencumbered balance to $2,416,109 gross. </s>
	</p>
	<p n="117">
	  <s n="253"> e Based on appropriations approved by the General Assembly in its resolutions 54/241 A and B of 23 December 1999 and 15 June 2000, respectively. </s>
	</p>
	<p n="118">
	  <s n="254"> f Performance report under preparation. </s>
	</p>
	<p n="119">
	  <s n="255"> g Covers the period from 1 December 1999 to 30 June 2000. </s>
	</p>
	<p n="120">
	  <s n="256"> h Commitment authority and assessment covering the period from 6 August 1999 to 30 June 2000. </s>
	</p>
	<p n="121">
	  <s n="257"> Supplementary information on the financial and budgetary reports of peacekeeping missions for the period from 1 July 1999 to 30 June 2000 as at 31 December 2000a </s>
	</p>
	<p n="122">
	  <s n="258"> Status of contributions </s>
	</p>
	<p n="123">
	  <s n="259"> (United States dollars) </s>
	</p>
	<p n="124">
	  <s n="260"> a Information is as at 31 December 2000. </s>
	  <s n="261"> However, some missions provided the Advisory Committee with more up-to-date information. </s>
	</p>
	<p n="125">
	  <s n="262"> b The UNTAET performance report for the period ending 30 June 2000 will be available in May 2001. </s>
	</p>
	<p n="126">
	  <s n="263"> c UNMEE was established on 31 July 2000 and its initial start up was funded from a $50 million commitment authority provided by the Advisory Committee in accordance with General Assembly resolution 49/233 A. </s>
	  <s n="264"> Subsequently, by its resolution 55/237, the General Assembly approved a commitment authority with assessment of $150 million for UNMEE inclusive of the $50 million originally provided by the Advisory Committee. </s>
	  <s n="265"> Hence assessment action only commenced in January 2001. </s>
	</p>
	<p n="127">
	  <s n="266"> Status of reimbursement to troop-contributing Member States </s>
	</p>
	<p n="128">
	  <s n="267"> (United States dollars) </s>
	</p>
	<p n="129">
	  <s n="268"> a Reflects reimbursements to 31 October 2000 and amounts owed at 31 December 2000 for November and December 2000. </s>
	</p>
	<p n="130">
	  <s n="269"> b Amounts are cumulative from inception of each mission. </s>
	</p>
	<p n="131">
	  <s n="270"> c Certified claims in accounts payable are included in estimated amounts owed. </s>
	</p>
	<p n="132">
	  <s n="271"> d Closed missions. </s>
	</p>
	<p n="133">
	  <s n="272"> e Missions without military components. </s>
	</p>
	<p n="134">
	  <s n="273"> Annex II </s>
	</p>
	<p n="135">
	  <s n="274"> Estimated gross budgetary requirements proposed by the Secretary-General for each peacekeeping operation for the period from 1 July 2001 to 30 June 2002a </s>
	</p>
	<p n="136">
	  <s n="275"> Missions whose budgets have been submitted </s>
	</p>
	<p n="137">
	  <s n="276"> (Thousands of United States dollars) </s>
	</p>
	<p n="138">
	  <s n="277"> Missions whose budgets will be submitted to the General Assembly at its fifty-sixth session </s>
	</p>
	<p n="139">
	  <s n="278"> It is not possible at this stage to project what the levels of the budgets for the missions might be. </s>
	  <s n="279"> However, for indicative purposes and as an order of magnitude, their budget levels for the current period from 1 July 2000 to 30 June 2001 amount to some $1.6 billion as follows: </s>
	</p>
	<p n="140">
	  <s n="280"> (Thousands of United States dollars) </s>
	</p>
	<p n="141">
	  <s n="281"> a Based on the above, the overall peacekeeping operations budget level would be in the order of $2.4 billion initially. </s>
	  <s n="282"> However, it is anticipated that once the budgets for UNAMSIL, UNMEE and MONUC have been formulated and finalized, additional requirements, taking into account the 1 July 2001 to 30 June 2002 peacekeeping operations budget level, could reach between $2.6 billion and $3 billion. </s>
	</p>
	<p n="142">
	  <s n="283"> Annex III </s>
	</p>
	<p n="143">
	  <s n="284"> Vacancy rates of peacekeeping operations for the period from 1 July 1999 to 30 June 2000 </s>
	</p>
	<p n="144">
	  <s n="285"> (Percentage) </s>
	</p>
	<p n="145">
	  <s n="286"> a Actual vacancy rate reflects full incumbency of posts provided in the revised budget, which was based on actual deployment during the reporting period. </s>
	</p>
	<p n="146">
	  <s n="287"> b Comparison between projected and actual vacancies are for the period from 1 March to 30 June 2000. </s>
	  <s n="288"> The revised budget was based on actual deployments from 1 July 1999 to 29 February 2000. </s>
	</p>
	<p n="147">
	  <s n="289"> c Performance report under preparation. </s>
	</p>
	<p n="148">
	  <s n="290"> Annex IV </s>
	</p>
	<p n="149">
	  <s n="291"> Resources made available for training programmes for the period from 1 July 2000 to 30 June 2001 and proposed for the period from 1 July 2001 to 30 June 2002 </s>
	</p>
	<p n="150">
	  <s n="292"> (United States dollars) </s>
	</p>
	<p n="151">
	  <s n="293"> a Requirements not available yet. </s>
	  <s n="294"> Detailed 2001/02 budget to be submitted to the General Assembly for its consideration at its fifty-sixth session. </s>
	</p>
	<p n="152">
	  <s n="295"> Information on training activities during the fiscal periods 1999/00, 2000/01 and 2001/02 </s>
	</p>
	<p n="153">
	  <s n="296"> a Liquidated missions. </s>
	</p>
	<p n="154">
	  <s n="297"> b Requirements for 2001/02 will be finalized by the General Assembly at its fifty-sixth session. </s>
	</p>
	<p n="155">
	  <s n="298"> Annex V </s>
	</p>
	<p n="156">
	  <s n="299"> Letter dated 22 March 2001 from the United Nations Controller addressed to the Chairman of the Advisory Committee on Administrative and Budgetary Questions </s>
	</p>
	<p n="157">
	  <s n="300"> It will be recalled that at the start of its current winter session, the Secretariat had apprised the Advisory Committee of the fact that recent and prospective anticipated developments specific to certain peacekeeping missions would likely affect their mandates, operational concepts, scope and scale of activities and related resources requirements. </s>
	  <s n="301"> This would consequentially impact on the development, preparation and timing of submissions of their budgets for the next period, from 1 July 2001 to 30 June 2002. </s>
	  <s n="302"> While there have been similar occurrences in past years (usually one or two cases), what is different for 2001/02 is the number of such missions involved: specifically, UNIFIL, UNMEE, UNAMSIL, UNTAET and MONUC. </s>
	  <s n="303"> The particular considerations affecting each of these missions are described in the appendix to the present letter. </s>
	</p>
	<p n="158">
	  <s n="304"> It is possible for the Secretariat in the interim to prepare initial maintenance level budgets for the period from 1 July 2001 to 30 June 2002 for these above-mentioned missions for submission to the Advisory Committee in the course of its next session in May 2001, without taking into account the impact of prospective Security Council consideration and decisions and of recent and anticipated developments, which could substantially increase or decrease their current resource levels. </s>
	  <s n="305"> However, the utility and value of such an approach seems to me questionable when there is general awareness that these initial budgets will, shortly thereafter, be overtaken by events, have to be prepared anew, recosted and resubmitted at a later date. </s>
	  <s n="306"> It would affect the Advisory Committee&apos;s summer session programme of work which is devoted to review the Secretary-General&apos;s proposed programme budget for the biennium 2002-2003. </s>
	  <s n="307"> Moreover, even if the Advisory Committee were to exceptionally consider all these outstanding peacekeeping budget reports as its first order of business at the start of its May session, it is unlikely that the Committee&apos;s related detailed reports could be finalized and issued in all the languages in time for the Fifth Committee to digest and consider them before the end of the second part of the resumed fifty-fifth session, which concludes on Friday, 1 June 2001. </s>
	</p>
	<p n="159">
	  <s n="308"> For these reasons, and consistent with the procedures established by the General Assembly in its resolution 49/233 A for dealing with financing those peacekeeping missions whose requirements are subject to fluctuations, I request that the Advisory Committee consider recommending for approval and action by the General Assembly at the second part of its resumed fifty-fifth session, in May, the following bridging actions in respect of UNIFIL, UNMEE, UNAMSIL and UNTAET: </s>
	</p>
	<p n="160">
	  <s n="309"> For UNIFIL, based on the revised 1 July 2000 to 30 June 2001 budget level for the mission of $199,097,919 gross ($195,117,090 net) contained in the report of the Secretary-General (A/55/482/Add.1), to grant a commitment authority with assessment for the next period, 1 July 2001 to 30 June 2002, in the amount of $99,548,960 gross ($97,558,500 net) corresponding to six months of resources (covering 1 July to 31 December 2001), pending submission of the detailed UNIFIL budget to the General Assembly at its fifty-sixth session. </s>
	</p>
	<p n="161">
	  <s n="310"> For UNMEE, based on the 1 July 2000 to 30 June 2001 budget level of $180 million gross ($177,866,900 net) for the mission recommended by the Advisory Committee and informally approved by the Fifth Committee on Monday, 19 March 2001, to grant a commitment authority with assessment for the next period, 1 July 2001 to 30 June 2002, in the amount of $90 million gross ($88,933,450 net) corresponding to six months of resources (covering 1 July to 31 December 2001), pending submission of the detailed UNMEE budget to the General Assembly at its fifty-sixth session. </s>
	</p>
	<p n="162">
	  <s n="311"> For UNAMSIL, based on the revised 1 July 2000 to 30 June 2001 budget level of $550 million gross ($546,750,000 net) for the mission recommended by the Advisory Committee, which will be considered by the Fifth Committee on Friday, 23 March 2001, to grant a commitment authority with assessment for the next period, 1 July 2001 to 30 June 2002, in the amount of $275 million gross ($273,375,000 net) corresponding to six months of resources (covering 1 July to 31 December 2001), pending submission of the detailed UNAMSIL budget to the General Assembly at its fifth-sixth session. </s>
	</p>
	<p n="163">
	  <s n="312"> For UNTAET, based on the 1 July 2000 to 30 June 2001 budget level of $563 million gross ($546,051,600 net) for the Mission approved by the General Assembly in its resolution 55/228 of 23 December 2000, to grant a commitment authority with assessment for the next period, 1 July 2001 to 30 June 2002, in the amount of $282 million gross ($273,025,800 net) corresponding to six months of resources (covering 1 July to 31 December 2001), pending submission of the detailed UNTAET budget to the General Assembly at its fifty-sixth session. </s>
	</p>
	<p n="164">
	  <s n="313"> In respect of MONUC, it will be recalled that in its resolution 54/260 B of 15 June 2000, the General Assembly had granted commitment authorities with assessment amounting to $200 million, of which $58,681,000 gross ($58,441,000 net) related to the financial period from 1 July 1999 to 30 June 2000 (covering start up and other initial requirements from 6 August 1999 to 30 June 2000), and $141,319,000 gross ($140,827,100 net), related to the current financial period, 1 July 2000 to 30 June 2001. </s>
	  <s n="314"> The financial performance report for the period from 1 July 1999 to 30 June 2000 and the first detailed budget of the mission for the current period from 1 July 2000 to 30 June 2001 which will seek resources in addition to the $141.3 million granted thus far are still under preparation and will be submitted to the Advisory Committee before the start of its May 2001 session. </s>
	  <s n="315"> The exceptional consideration and reporting by the Advisory Committee on these two reports of the Secretary-General in time for action by the General Assembly during the second part of its resumed fifty-fifth session is requested. </s>
	  <s n="316"> This would allow regularizing of the financing of MONUC for the prior and current financial periods. </s>
	  <s n="317"> It would also then permit the Secretary-General subsequently to request from the General Assembly a new commitment authority with assessment for MONUC for the next financial period, 1 July 2001 to 30 June 2002, covering its projected requirements from 1 July to 30 December 2001, pending submission of the detailed MONUC budget to the General Assembly at its fifty-sixth session. </s>
	</p>
	<p n="165">
	  <s n="318"> I regret proposing recourse to such bridging actions. </s>
	  <s n="319"> However, I believe that they represent the most pragmatic and realistic scenario for the preparation of credible budget reports of the Secretary-General and the orderly conduct of the heavy work programme facing the Advisory Committee and the General Assembly in the coming months. </s>
	</p>
	<p n="166">
	  <s n="320"> The Advisory Committee&apos;s understanding and support of the proposals outlined above is appreciated. </s>
	</p>
	<p n="167">
	  <s n="321"> (Signed) Jean-Pierre Halbwachs Assistant Secretary-General, Controller </s>
	</p>
	<p n="168">
	  <s n="322"> Appendix </s>
	</p>
	<p n="169">
	  <s n="323"> In its resolution 1337 (2001) of 30 January 2001, the Security Council, inter alia, decided to extend the present mandate of UNIFIL for a further period of six months, until 31 July 2001; to return the military personnel of UNIFIL to its previous strength of about 4,500 troops by 31 July 2001; endorsed the general approach for reconfiguration of UNIFIL as outlined in paragraph 23 of the Secretary-General&apos;s report (S/2001/66); and to review the situation by early May 2001 and to consider any steps it deems appropriate regarding UNIFIL and UNTSO, on the basis of a detailed report to be submitted by the Secretary-General by 30 April 2001. </s>
	  <s n="324"> At the present time information on the possible timing, nature and scope of such reconfiguration is not available. </s>
	</p>
	<p n="170">
	  <s n="325"> In its report (A/55/688/Add.1), the Advisory Committee had, following its review of the first budget for UNMEE for the period from 1 July 2000 to 30 June 2001, made a number of observations and recommendations regarding the organizational structure, staffing and related resources for the mission that must be addressed when preparing the next budget for UNMEE for the period from 1 July 2001 to 30 June 2002. </s>
	</p>
	<p n="171">
	  <s n="326"> For the reasons stated in paragraphs 48, 49, 50 and 53 of his progress report to the Security Council on UNMEE (S/2001/202), the Secretary-General had recommended that the mission&apos;s mandate be adjusted to include support to the Boundary Commission. </s>
	  <s n="327"> In its resolution 1344 (2001) of 15 March 2001, the Security Council, inter alia, decided to extend the mandate of the Mission until 15 September 2001 and to consider the recommendations of the Secretary-General in paragraphs 50 and 53 of his report upon receipt of more detailed information. </s>
	  <s n="328"> Depending on the timing of submission of the additional detailed information requested and subsequent action by the Security Council, the proposed 2001-2002 budget for UNMEE would have to take account of these requirements. </s>
	</p>
	<p n="172">
	  <s n="329"> In its report (A/55/869), the Advisory Committee had, following its review of the revised budget for UNAMSIL for the period 1 July 2000 to 30 June 2001, made a number of observations and recommendations regarding the organizational structure, staffing and related resources for the mission which must be addressed when preparing the next budget for UNAMSIL for the period from 1 July 2001 to 30 June 2002. </s>
	</p>
	<p n="173">
	  <s n="330"> The current mandate of UNAMSIL will expire on 31 March 2001. </s>
	  <s n="331"> In paragraph 66 of his ninth progress report to the Security Council on UNAMSIL (S/2001/228), the Secretary-General had recalled his view that in order adequately to discharge its tasks, UNAMSIL would require up to 20,500 military personnel. </s>
	  <s n="332"> In paragraphs 99 and 100 of the report, the Secretary-General recommended that the authorized strength of the mission be increased to 17,500 troops and expressed his intention to continue to seek further commitments from potential troop contributors and to keep the Security Council informed. </s>
	  <s n="333"> The Security Council has not taken a decision yet on this recommendation. </s>
	</p>
	<p n="174">
	  <s n="334"> The financial performance report for the period from 1 July 1999 to 30 June 2000 for UNTAET is being finalized. </s>
	  <s n="335"> It has taken awhile to prepare this report as it covers the complex start-up and first year of UNTAET. </s>
	  <s n="336"> This report will be submitted to the Advisory Committee before the start of its May 2001 session. </s>
	</p>
	<p n="175">
	  <s n="337"> With regard to preparation of the UNTAET budget for the next period, 1 July 2001 to 30 June 2002, it is noted that following its consideration of the Secretary-General&apos;s progress report on UNTAET (S/2001/42), the Security Council adopted resolution 1338 (2001) of 31 January 2001, in paragraph 2 of which the Council decided to extend the current mandate of UNTAET until 31 January 2002. </s>
	  <s n="338"> In paragraph 10 of the resolution, the Council requested the Secretary-General to submit, by 30 April 2001, a report on the implementation of the mandate of UNTAET, which should include in particular military and political assessments of the situation on the ground and their implications for the size, structure and deployment of UNTAET, and expressed its intention to take appropriate steps on the basis of this report expeditiously, taking into account the views of troop-contributing countries. </s>
	  <s n="339"> In paragraph 11, the Council stressed the need for a substantial international presence in East Timor after independence and requested the Secretary-General to make detailed recommendations in that regard to the Council within six months. </s>
	  <s n="340"> In view of these developments, it is not feasible at the present time to prepare a proposed budget for UNTAET for the next period, 1 July 2001 to 30 June 2002, pending finalization of the Secretary-General&apos;s next report to the Security Council. </s>
	</p>
	<p n="176">
	  <s n="341"> While expenditures have been incurred against the commitment authorities granted by the General Assembly for the start-up and initial deployment of MONUC, because of the fluid situation, the preparation of an expenditure report for the period from 6 August 1999 to 30 June 2000 and a first detailed budget for the Mission is only now being completed for submission shortly, following the recent return of the survey mission. </s>
	</p>
	<p n="177">
	  <s n="342"> In view of this and in the light of recent developments as detailed in the Secretary-General&apos;s sixth progress report on MONUC to the Security Council (S/2001/128) it is not feasible to submit a credible budget for MONUC for the next period, 1 July 2001 to 30 June 2002, at the present time. </s>
	  <s n="343"> Moreover, the formulation of this budget will have to take full account of the revised concept of operations proposed in paragraphs 71 to 84 of the Secretary-General&apos;s report and his recommendation, in paragraph 100, that MONUC be strengthened with the addition of the necessary additional civilian staff, including a reinforced human rights component. </s>
	  <s n="344"> In paragraphs 20 and 21 of its resolution 1341 (2001) of 22 February 2001, the Security Council emphasized that it was prepared to consider a further review of the concept of operations for MONUC, and reaffirmed that it is ready to support the Secretary-General if and when he deemed that it was necessary and it determined that conditions allowed it to deploy troops in the border areas in the east of the Democratic Republic of the Congo, including possibly in Goma or Bukavu. </s>
	</p>
	</body>
</text>
</DOC>