<?xml version="1.0" encoding="UTF-8"?>
<DOC lang="English" n="N0051950" id="A/55/117" date="2000/06/28">
<text>
	<body>
	<p n="1">
	  <s n="1"> Fifty-fifth session </s>
	</p>
	<p n="2">
	  <s n="2"> Item 119 of the preliminary list* </s>
	</p>
	<p n="3">
	  <s n="3"> Capital master plan </s>
	</p>
	<p n="4">
	  <s n="4"> Report of the Secretary-General </s>
	</p>
	<p n="5">
	  <s n="5"> Contents </s>
	</p>
	<p n="6">
	  <s n="6"> Overview </s>
	</p>
	<p n="7">
	  <s n="7"> A long-term capital master plan has been developed for the United Nations Headquarters complex in New York in accordance with the budget appropriation for the biennium 1998-1999. </s>
	  <s n="8"> The plan, which covers the buildings and land owned by the United Nations in New York, with the exception of the residence of the Secretary-General, reviews the current condition of the facilities and assesses their requirements over a 25-year period. </s>
	  <s n="9"> The selection of the 25-year period is based on the functional life expectancy of building components and major equipment. </s>
	</p>
	<p n="8">
	  <s n="10"> The capital master plan is based on several assumptions: </s>
	</p>
	<p n="9">
	  <s n="11"> (a) United Nations Headquarters will remain in its current location in New York; </s>
	</p>
	<p n="10">
	  <s n="12"> (b) The Headquarters complex should be energy efficient, free of hazardous materials and compliant with host city building, fire and safety codes, and should provide full accessibility to all persons; </s>
	</p>
	<p n="11">
	  <s n="13"> (c) The Headquarters complex should meet all reasonable, modern-day security requirements; </s>
	</p>
	<p n="12">
	  <s n="14"> (d) The original architecture of this landmark facility should be preserved to the greatest extent possible; </s>
	</p>
	<p n="13">
	  <s n="15"> (e) Disruption to the work of the United Nations should be kept to a minimum; </s>
	</p>
	<p n="14">
	  <s n="16"> (f) The most cost-effective and technologically viable method of implementation should be selected for all repair and refurbishment. </s>
	</p>
	<p n="15">
	  <s n="17"> A thorough examination of the current condition of the Headquarters complex was conducted in 1998-1999 by the Secretariat, with the assistance of a team of professional architects and engineers, in order to develop a series of options and to formulate a proposed course of action for the consideration of Member States. </s>
	</p>
	<p n="16">
	  <s n="18"> The study confirmed the high quality of the original construction. </s>
	  <s n="19"> Nevertheless, serious deficiencies were found. </s>
	  <s n="20"> Many building elements have deteriorated simply due to age and extended use. </s>
	  <s n="21"> Furthermore, standards and expectations have risen since the original design of the complex, and the buildings no longer meet minimum requirements. </s>
	</p>
	<p n="17">
	  <s n="22"> The current condition of the Headquarters complex renders it unacceptable for continued use over the long term. </s>
	  <s n="23"> The capital master plan outlines the work required to rectify this situation and provide a safe, secure, appropriate and energy-efficient facility to carry out the vital business of the Organization. </s>
	  <s n="24"> In sum, a major repair and refurbishment programme is required. </s>
	</p>
	<p n="18">
	  <s n="25"> One possible approach is to undertake the required work in a reactive manner over the next 25 years. </s>
	  <s n="26"> This means that, as and when building and system failures occur, the required repair work is performed and expenditures incurred. </s>
	</p>
	<p n="19">
	  <s n="27"> However, there are serious disadvantages to the reactive approach. </s>
	  <s n="28"> First, because the major alterations required to reduce energy consumption would occur incrementally, United Nations energy costs, already one of the highest in New York City, would continue to rise. </s>
	  <s n="29"> Measured in constant year 2000 dollars, the United Nations energy costs for Headquarters complex buildings will increase by nearly 300 per cent, from an estimated $10 million in 2001 to a projected $28 million in 2027. </s>
	  <s n="30"> Second, the cost of repairs would also increase significantly. </s>
	  <s n="31"> In comparison to the $11 million allocation for alterations, improvements and major maintenance in 2001, it is estimated that, by 2014, the annual costs for similar expenditures would increase to $78 million. </s>
	  <s n="32"> Thus, notwithstanding total repair expenditures amounting to $1,154 million being incurred over a 25-year period, the facilities would not be modernized or improved in any meaningful way. </s>
	  <s n="33"> The reactive approach would not result in the installation of a full sprinkler system or of a more efficient electrical distribution system; it would not lead to systematic removal of asbestos and sources of electromagnetic field exposure in the buildings; and it would not provide improvements in air distribution or essential security upgrades. </s>
	</p>
	<p n="20">
	  <s n="34"> The alternative to the reactive approach is a planned and managed renovation programme — a capital master plan carried out over a set period of time. </s>
	  <s n="35"> Rather than waiting for deteriorated building systems to fail completely and then performing the work, large portions of the Headquarters complex would be vacated and isolated in an organized and planned manner, so that improvements could be made efficiently and without risk to building occupants. </s>
	  <s n="36"> In order to vacate spaces and do the work, adjustments to meeting schedules, relocation of certain meetings to locations away from the Headquarters complex, temporary curtailment of certain Headquarters services and the availability of adequate “swing space” to accommodate vacated staff and functions would be required to ensure successful implementation of this programme. </s>
	  <s n="37"> Leasing of space in a building acquired or constructed by the United Nations Development Corporation (UNDC) is the cheapest solution in the short term. </s>
	  <s n="38"> However, adding space onto existing Headquarters building or the construction of a new building would have long-term financial and operational advantages that warrant serious consideration. </s>
	  <s n="39"> Construction of additional space would provide the Organization with the opportunity after the plan&apos;s implementation to accommodate space needs that are currently met under commercial leases in the former swing space. </s>
	</p>
	<p n="21">
	  <s n="40"> Options of a three-year, six-year or 12-year duration for the planned programme have been considered. </s>
	  <s n="41"> The estimated cost for the capital master plan ranges from $875 million for the three-year option to $1,054 million for the 12-year option, exclusive of any financing or maintenance costs. </s>
	  <s n="42"> Each option has advantages and disadvantages in terms of the costs and the impact that the refurbishment programme will have on operations at Headquarters. </s>
	  <s n="43"> Although the three-year option would be the cheapest, it would also be the most disruptive since approximately 50 per cent of the Headquarters facility would be under construction at the same time. </s>
	  <s n="44"> Conversely, although the 12-year option would be more expensive, it would be the least disruptive since only 10 per cent of the Headquarters facility would be under construction at the same time. </s>
	  <s n="45"> The Secretary-General is of the view that the most practical and desirable approach is the six-year option, at an estimated cost of $964 million, under which 33 per cent of the Headquarters facility would be under construction at the same time and would require the availability of swing space at an estimated cost of between $62 and $91 million. </s>
	  <s n="46"> If the six-year plan were implemented, it is estimated that, in addition to having a completely refurbished Headquarters site, there would be substantial energy cost savings of some $164 million over the 25-year period in comparison with the reactive approach. </s>
	</p>
	<p n="22">
	  <s n="47"> The Secretary-General also examined the option of complete demolition and reconstruction of the Headquarters buildings. </s>
	  <s n="48"> The estimated cost of demolition and reconstruction is conservatively estimated at $992 million. </s>
	  <s n="49"> There would be additional costs for relocating the entire Secretariat staff for a period of up to five years, which is estimated at $218 million. </s>
	  <s n="50"> This would bring the total cost to $1,210 million. </s>
	  <s n="51"> In addition, there would be further costs for convening all meetings away from United Nations Headquarters, which would be substantial for the Organization. </s>
	</p>
	<p n="23">
	  <s n="52"> Implementation of the capital master plan will give the Organization an opportunity to look to its future, with a long-term perspective and with a view to accommodating needed changes and improvements to the facility at a lower cost than would otherwise be the case if such changes were made through individual construction projects. </s>
	  <s n="53"> The Organization&apos;s expanded membership over the years, increased levels of interaction with civil society, non-governmental organizations and the public, as well as technological changes, have placed unprecedented and new operational demands on an ageing Headquarters complex. </s>
	  <s n="54"> Those demands are being addressed by the addition of more meeting spaces, consolidation of technological support spaces and the enhancement of public areas at Headquarters as part of the plan. </s>
	  <s n="55"> The Secretary-General will also be submitting to the General Assembly a separate report on a related proposal to expand the United Nations visitors&apos; area beyond the existing buildings funded through private donations. </s>
	</p>
	<p n="24">
	  <s n="56"> The Secretary-General is firmly convinced that there is a clear case for the Organization to proceed with the six-year refurbishment programme. </s>
	  <s n="57"> Such a course of action makes sense both substantively and financially. </s>
	  <s n="58"> The six-year programme would address the identified deficiencies and enable remedial actions to be taken as soon as possible to ensure that Member States, delegates, staff and other users of the Headquarters site are provided with safe, secure and modern facilities to carry out the work of the Organization. </s>
	  <s n="59"> The total cost of a six-year capital master plan would be $964 million, $190 million less than the total cost of the reactive approach of $1,154 million over the same 25-year period. </s>
	  <s n="60"> In addition, estimated savings in energy costs would total $164 million over that same period. </s>
	  <s n="61"> Thus, implementation of the six-year plan would be more cost-effective than the reactive approach by a total of $354 million. </s>
	</p>
	<p n="25">
	  <s n="62"> There are three possible sources of funding for the capital master plan: special assessments; the programme budget; and voluntary contributions, in cash or in kind, from public and private sources. </s>
	  <s n="63"> Although every effort would be made to explore the availability of voluntary contributions, it is assumed that most and possibly all of the plan&apos;s costs would have to be met by Member States. </s>
	</p>
	<p n="26">
	  <s n="64"> Under the six-year capital master plan, the projected annual funds requirement during its six years of implementation would be as follows: $174 million in the first year; $174 million in the second year; $174 million in the third year; $161 million in the fourth year; $135 million in the fifth year; and $101 million in the sixth year. </s>
	  <s n="65"> In addition, due to the necessity of performing certain plan-related work (e.g., construction design) prior to commencement of actual construction, it would be necessary to have on hand $45 million two years prior to start of construction, as well as the required funds during the actual six-year construction period. </s>
	  <s n="66"> Interest income earned on a construction fund to be established and maintained throughout the plan&apos;s implementation period would be applied to reduce the annual funds required. </s>
	</p>
	<p n="27">
	  <s n="67"> The Secretary-General is mindful that an additional assessment of $964 million over an eight-year period could be a burden to Member States. </s>
	  <s n="68"> In order to alleviate that burden and to relate annual cash outlays to the life expectancy of the planned refurbishment, the Secretary-General recommends that Member States consider amortization of the refurbishment cost of $964 million over a period of 25 years in the form of interest-free loans and/or outside commercial borrowing. </s>
	  <s n="69"> There are precedents for both of these possibilities. </s>
	  <s n="70"> In 1948, the host Government for United Nations Headquarters provided a $65 million loan to finance the cost of the construction and furnishing of the Headquarters buildings, which loan was repaid over a 31-year period. </s>
	  <s n="71"> In 1961, the General Assembly authorized the Secretary-General to issue 25-year bonds up to $200 million. </s>
	</p>
	<p n="28">
	  <s n="72"> The viability of outside commercial borrowing has been examined with the assistance of a financial consultant. </s>
	  <s n="73"> Several possibilities have been considered, including outside loans guaranteed by Member States, borrowing against the assets of the Organization and a bond offering. </s>
	  <s n="74"> The review indicates that a bond offering appears to be the only viable approach among these possibilities. </s>
	  <s n="75"> Bond financing can be secured at a reasonable interest rate provided that specific financial mechanisms are put in place to satisfy the credit rating agencies and investors. </s>
	</p>
	<p n="29">
	  <s n="76"> Interest-free loans from Member States for the full capital cost requirement of $964 million would result in annual debt service payments of $38.6 million over the 25-year period. </s>
	  <s n="77"> In the case of outside commercial borrowing of the full capital cost requirement, annual debt service payments are estimated at approximately $76.8 million, for a total payment of $1,921 million, including interest of $957 million, over the 25-year period. </s>
	  <s n="78"> In the event a combination of interest-free loans and outside commercial borrowing are used to provide the full capital cost requirement, the annual debt service payment would range between $38.6 million and $76.8 million, depending on the amount of interest-free loans available. </s>
	</p>
	<p n="30">
	  <s n="79"> The financing options mentioned in the present report include progressive cash payments; deferred payments through interest-free loans and/or outside commercial borrowing; and voluntary contributions, in cash or in kind, from public and private sources. </s>
	  <s n="80"> The Secretary-General is of the view that all financing options must be carefully considered and examined in detail. </s>
	  <s n="81"> For that reason, he intends to establish a five-member expert financial advisory group composed of financial experts and eminent persons to provide the detailed and comprehensive advice required. </s>
	</p>
	<p n="31">
	  <s n="82"> The Secretary-General recommends that, having considered his report on the capital master plan for United Nations Headquarters, the General Assembly: </s>
	</p>
	<p n="32">
	  <s n="83"> (a) Endorse in principle the proposed six-year plan; </s>
	</p>
	<p n="33">
	  <s n="84"> (b) Approve a special assessment of $8 million to cover the costs of the initial schematic design for the plan, including the swing space requirement, in order to provide a detailed basis for its implementation; </s>
	</p>
	<p n="34">
	  <s n="85"> (c) Request the Secretary-General to continue exploring all financing options for meeting the plan&apos;s costs, including its amortization over a 25-year period; </s>
	</p>
	<p n="35">
	  <s n="86"> (d) Request the Secretary-General to submit no later than 2001 a comprehensive schedule and financing plan for the capital master plan. </s>
	</p>
	<p n="36">
	  <s n="87"> Background </s>
	</p>
	<p n="37">
	  <s n="88"> The decision to locate United Nations Headquarters in New York was taken by the General Assembly in 1946. </s>
	  <s n="89"> Among the factors considered by the General Assembly was a gift of $8.5 million (equivalent to $72.6 million in year 2000 dollars) from John D. </s>
	  <s n="90"> Rockefeller Jr., which enabled the Organization to purchase a large tract of land from private owners. </s>
	  <s n="91"> The City of New York contributed property rights, access and land to create a continuous and uninterrupted site, from 42nd to 48th Streets, between First Avenue and the East River. </s>
	</p>
	<p n="38">
	  <s n="92"> The land remains the property of the United Nations as long as the Headquarters of the United Nations remains on the site. </s>
	  <s n="93"> An interest-free loan of $65 million (equivalent to $449.2 million in year 2000 dollars) was provided in 1948 by the host Government for the construction and furnishing of the Headquarters buildings. </s>
	  <s n="94"> By its resolution 242 (III) of 18 November 1948, the General Assembly approved the loan and the repayment schedule. </s>
	  <s n="95"> The loan was repaid in full over a 31-year period, beginning in 1951 and ending in 1982. </s>
	</p>
	<p n="39">
	  <s n="96"> Both the City and the State of New York contributed major improvements and alterations to First Avenue, 43rd Street, the FDR Drive ramps at 42nd and 48th Streets, and the infrastructure around the Headquarters site to create better traffic flow and pedestrian access. </s>
	</p>
	<p n="40">
	  <s n="97"> The Headquarters complex was originally designed to accommodate up to 70 Member States. </s>
	  <s n="98"> It was the result of a unique collaboration among 10 internationally renowned architects forming a Board of Design, whose efforts were coordinated by a Director of Planning. </s>
	  <s n="99"> Construction began in 1949, with the Secretariat building ready for occupancy in 1951, followed by the General Assembly and Conference buildings in 1952. </s>
	  <s n="100"> The total cost of construction was $67 million (equivalent to $463 million in year 2000 dollars). </s>
	  <s n="101"> The buildings were technically advanced for their time, the quality of materials and equipment was outstanding, and the complex was considered innovative and truly international in design. </s>
	  <s n="102"> Conceived before modern concepts of energy conservation, the extensive use of glass created a sense of openness and transparency. </s>
	</p>
	<p n="41">
	  <s n="103"> The Dag Hammarskjöld Library was constructed at the South end of the Headquarters site in 1961, funded by a gift to the United Nations from the Ford Foundation. </s>
	  <s n="104"> The cost of construction was $6.7 million (equivalent to $37.3 million in year 2000 dollars). </s>
	  <s n="105"> The Library building maintained the high design standard and construction quality of the earlier buildings. </s>
	</p>
	<p n="42">
	  <s n="106"> In 1968, in view of the growth of the United Nations and affiliated organizations and the resulting need for additional office, hotel and parking facilities, the Legislature of the State of New York, acknowledging the benefits of the presence of the United Nations in New York City, statutorily created a development zone, known as the United Nations Development District, in the vicinity of the Headquarters site. </s>
	  <s n="107"> The 1968 statute also created UNDC, managed by a board, which included state and city representatives, and charged it with the responsibility of coordinating development within the District to meet the needs of the United Nations and the international diplomatic community. </s>
	</p>
	<p n="43">
	  <s n="108"> New office buildings were constructed by UNDC in three phases. </s>
	  <s n="109"> The UNDC-I building (One United Nations Plaza) was completed in 1976 and the UNDC-II building (Two United Nations Plaza) in 1983. </s>
	  <s n="110"> As of June 2000, the United Nations is leasing 339,143 square feet (ft2) (31,507 square metres) (m2) of office space in the UNDC-I building and 320,999 ft2 (29,822 m2) of office space in the UNDC-II building, including office space for which the United Nations is reimbursed that is occupied by United Nations funds and programmes, liaison offices of the specialized agencies and other United Nations-affiliated entities. </s>
	  <s n="111"> The UNDC-III building (Three United Nations Plaza), also known as “UNICEF House”, was constructed by UNDC in 1983 to meet UNICEF&apos;s expanded office space requirements. </s>
	  <s n="112"> The United Nations currently leases 127,500 ft2 of space at United Nations Headquarters in buildings not owned by UNDC. </s>
	</p>
	<p n="44">
	  <s n="113"> In September 1989, the underlying land of the United Nations Institute for Training and Research (UNITAR) building at 45th Street and First Avenue was purchased by the United Nations for $4.5 million. </s>
	  <s n="114"> The building itself was owned by UNITAR. </s>
	  <s n="115"> In its resolution 47/227 of 26 March 1993, the General Assembly transferred ownership of the building to the United Nations. </s>
	</p>
	<p n="45">
	  <s n="116"> In 1976, the General Assembly approved $55 million (equivalent to $161 million in year 2000 dollars) for an expansion programme for United Nations Headquarters, funded from the regular budget. </s>
	  <s n="117"> Although the complex was originally designed to accommodate the needs of up to 70 Member States, by 1976 there were 147 Member States. </s>
	  <s n="118"> The 1976 expansion programme included the reconfiguration of conference rooms, the addition of the South Annex building to accommodate an expanded cafeteria, a reconfiguring of the former cafeteria area to accommodate a new Staff Café, and an expanded Delegates Dining Room. </s>
	  <s n="119"> In addition, the North Lawn extension was constructed below ground to accommodate the Organization&apos;s expanded document printing and distribution requirements, while the Conference Building was expanded to add two new conference rooms and additional conference support facilities. </s>
	</p>
	<p n="46">
	  <s n="120"> A conditions survey of the mechanical and electrical systems of the Headquarters buildings was performed in 1977. </s>
	  <s n="121"> Although the survey found that these systems were in “remarkably good condition”, it revealed that some equipment was obsolete and other equipment required replacement after 25 years of use. </s>
	  <s n="122"> During the 1978-1989 period, replacement of mechanical equipment was undertaken since first-generation equipment had reached the end of its useful life. </s>
	  <s n="123"> It should be noted that from the time of the original construction of the Headquarters site until the 1980s, construction industry practices and public attitudes toward energy consumption, fire safety, accessibility and the workplace environment had not changed significantly. </s>
	</p>
	<p n="47">
	  <s n="124"> In 1990, it was recognized that another conditions survey was required to be undertaken for the entire facility with a view to developing a long-term plan to provide for and manage the future needs of the Headquarters complex. </s>
	  <s n="125"> In the 1992-1993, 1994-1995 and 1996-1997 regular budgets, funds were approved for the development of a capital master plan. </s>
	  <s n="126"> However, those funds had to be redeployed to meet building emergencies. </s>
	  <s n="127"> In 1998, the Secretariat, assisted by a team of outside architects and engineers, undertook the preparation of a plan. </s>
	</p>
	<p n="48">
	  <s n="128"> Capital master plan development </s>
	</p>
	<p n="49">
	  <s n="129"> Review of existing conditions </s>
	</p>
	<p n="50">
	  <s n="130"> In order to develop the capital master plan, the physical condition of the United Nations Headquarters complex was examined in detail in 1998-1999. </s>
	  <s n="131"> The buildings and site were examined in relation to the original design intent, conformance with host city building, fire and safety codes both at the time of construction and today, conformance with principles of sustainable development, reasonable life expectancy of equipment and building systems, and current building standards. </s>
	  <s n="132"> All building elements were examined, including the condition of building exteriors, landscaping, fire protection, plumbing, heating, air conditioning, electrical systems, roofs, glazing, information infrastructure, the presence of hazardous materials and the interior finishes. </s>
	  <s n="133"> In some cases, building components were removed to permit the inspection of normally concealed conditions. </s>
	</p>
	<p n="51">
	  <s n="134"> The detailed examination confirmed the high quality of the initial construction. </s>
	  <s n="135"> Notwithstanding, serious deficiencies of two major types were found: </s>
	</p>
	<p n="52">
	  <s n="136"> (a) Key building systems, including mechanical, electrical and waterproofing components, have severely deteriorated due to age and prolonged usage; </s>
	</p>
	<p n="53">
	  <s n="137"> (b) Building performance standards and user expectations have risen since the construction of United Nations Headquarters, and the buildings no longer meet minimum modern standards with respect to fire safety, security, energy conservation or better accessibility for all persons. </s>
	</p>
	<p n="54">
	  <s n="138"> The results of the detailed examination clearly show that users of the United Nations Headquarters site, such as delegates, staff members and visitors, have a lower chance of survival during a fire, consume more energy at higher cost and face greater obstacles to accessibility and productivity than they would at comparable modern buildings in New York City or other major cities in the world. </s>
	  <s n="139"> In comparison to original expectations when first constructed and considering that Headquarters conference facilities are operating significantly beyond capacity, it is clear that the Headquarters site is being overutilized. </s>
	  <s n="140"> Since the levels of interaction with civil society, NGOs and the public are expected to increase in the coming years, that utilization will further intensify and wear and tear on the buildings, particularly the conference-related facilities, will accelerate. </s>
	  <s n="141"> Moreover, expectations among meeting attendees concerning facilities have risen, and existing facilities at Headquarters are not considered adequate for modern conferences. </s>
	</p>
	<p n="55">
	  <s n="142"> The future impact of these existing deficiencies will be dramatic. </s>
	  <s n="143"> The condition of the building systems has reached the point at which regular maintenance can no longer keep pace with the rate of deterioration. </s>
	  <s n="144"> Among other things, the buildings are experiencing major leaks, falling concrete, cracked pipes, exploding steam valves, electrical feeder failures and inaccurate fire alarm signals. </s>
	  <s n="145"> It is projected that the frequency of those types of building emergencies will increase significantly over the coming years as the buildings and systems continue to age and deteriorate. </s>
	</p>
	<p n="56">
	  <s n="146"> Furthermore, energy consumption costs will rise as the systems age even further. </s>
	  <s n="147"> It has been estimated that 25 per cent of the United Nations steam use is “false load”, i.e., energy wasted through leaking steam valves or rusted piping. </s>
	  <s n="148"> False load will increase in future years as equipment further deteriorates. </s>
	  <s n="149"> Since the original design and installation of the heating and cooling systems in 1947-1949, the most significant change in the use of energy in buildings has been the introduction of sensors and controls to manage those systems so as to supply energy when needed and reduce supply when it is not needed. </s>
	  <s n="150"> There are virtually no energy sensors or controls throughout the Headquarters site. </s>
	  <s n="151"> Consequently, hundreds of air circulation fans are either “on” or “off”, and the entire energy supply system, covering 2,650,653 ft2 (246,254 m2), must be manually reset with the change in seasons. </s>
	</p>
	<p n="57">
	  <s n="152"> Reactive approach to dealing with deficiencies </s>
	</p>
	<p n="58">
	  <s n="153"> Remedying the deficiencies described in paragraphs 31-35 above is a major undertaking. </s>
	  <s n="154"> One possible approach would be to undertake the required alterations in a reactive manner, that is, as and when the need arises over a 25-year period (the reactive approach). </s>
	  <s n="155"> The scope of work for the reactive approach would ultimately involve the piecemeal replacement or alteration of nearly every building system in the United Nations Headquarters complex. </s>
	</p>
	<p n="59">
	  <s n="156"> Under the reactive approach, the annual cost for major construction and emergency work would dramatically increase in future years, from $11 million in 2000 to $78 million by 2014, although it would gradually decline toward the end of the 25-year period because of the extended life expectancy of replacement equipment. </s>
	</p>
	<p n="60">
	  <s n="157"> There are several other significant disadvantages to the reactive approach. </s>
	  <s n="158"> One such disadvantage, with which delegations and staff are already familiar, is the disruption to the planned work of the Organization due to building emergencies. </s>
	  <s n="159"> As the rate and effects of deterioration are not predictable, an approach that is premised on responding to building system failures and emergencies as they occur would inevitably result in unplanned and untimely disruptions. </s>
	</p>
	<p n="61">
	  <s n="160"> Another disadvantage of the reactive approach is the continued exposure of users of the buildings to an unacceptably high degree of potential risk, should a major fire, hazardous material exposure or major security incident occur. </s>
	  <s n="161"> The substandard fire protection systems, the large quantity of existing asbestos in the buildings and the deficient security infrastructure at Headquarters, could have disastrous consequences. </s>
	</p>
	<p n="62">
	  <s n="162"> Moreover, there are significant financial consequences to continuing with the reactive approach. </s>
	  <s n="163"> First, the required remedial work would be expensive: performing construction work in occupied facilities in small segments on an emergency basis is the most expensive of all possible construction and refurbishment scenarios. </s>
	  <s n="164"> Second, the comparatively high level of energy costs would be unduly prolonged since transition to new, significantly more energy-efficient technologies would occur only as systems completely failed and were replaced. </s>
	  <s n="165"> Indeed, the annual energy cost is expected to progressively increase from $10 million in 2001 to $19 million in 2014 and $28 million in 2027. </s>
	</p>
	<p n="63">
	  <s n="166"> More importantly, under the reactive approach, at the end of the 25-year period under consideration, after expenditures projected at $1,154 million for emergency work and major construction and $490 million for energy, a total of $1,644 million, the Headquarters complex would merely have been repaired and would not have been fundamentally upgraded or improved. </s>
	  <s n="167"> Serious building code deficiencies, including incomplete fire sprinkler systems, would remain, while the technological infrastructure would continue to be a patchwork and the security infrastructure would continue to be inadequate, thereby posing unnecessary risk to all who use or visit the Headquarters site. </s>
	  <s n="168"> Furthermore, because the reactive approach would not permit thorough, systematic modernization, at the end of the 25-year period a fundamental refurbishment of the Headquarters complex would still be required. </s>
	</p>
	<p n="64">
	  <s n="169"> The estimated annual costs for major construction, emergency work and energy of the reactive approach over the 25-year period beginning in 2003 are set out in figure I. </s>
	</p>
	<p n="65">
	  <s n="170"> C. Capital master plan </s>
	</p>
	<p n="66">
	  <s n="171"> The alternative to the reactive approach is a planned and managed programme of refurbishment under a capital master plan. </s>
	  <s n="172"> This approach would minimize the total time spent in construction, control disruption and relocation, and ultimately cost much less than other approaches to refurbishing the United Nations Headquarters complex. </s>
	</p>
	<p n="67">
	  <s n="173"> Figure I Reactive approach: responding to emergencies </s>
	</p>
	<p n="68">
	  <s n="174"> The major elements of the refurbishment to be implemented under the capital master plan, which are based on the findings of the building conditions assessment conducted in 1998-1999, include the following: </s>
	</p>
	<p n="69">
	  <s n="175"> (a) A core construction refurbishment programme in the General Assembly, Conference, Secretariat, Dag Hammarskjöld Library, North Lawn extension, South Annex and UNITAR buildings. </s>
	  <s n="176"> Core refurbishment would include installation of a full sprinkler system and a complete fire alarm system; replacement of the heating, ventilating and air conditioning systems; upgrading of electrical wiring and panels; replacement of lighting and ceilings; removal of asbestos; refurbishment of damaged finishes; consolidation and modernization of data-distribution systems; and improvements in signage, doors, bathrooms and elevators to provide better accessibility for all persons. </s>
	</p>
	<p n="70">
	  <s n="177"> (b) In addition to the core refurbishment, in the General Assembly and Conference buildings the remaining obsolete simultaneous interpretation systems would be replaced, capacity for teleconferencing and video presentation would be expanded, and the elevators and escalators would be refurbished and replaced, as necessary. </s>
	  <s n="178"> In the Secretariat building, the work would also include elimination of major equipment on the 28th floor which generates electromagnetic fields. </s>
	  <s n="179"> The Dag Hammarskjöld Library building work would include replacement of the existing elevator with a fully accessible one and refurbishment of the Auditorium. </s>
	</p>
	<p n="71">
	  <s n="180"> (c) Infrastructure work throughout the Headquarters complex would include replacement of the incoming electric service with a more efficient one and installation of new electrical distribution equipment. </s>
	  <s n="181"> It would also include replacement of the older central plant heating and cooling equipment with efficient systems, replacement of deteriorated piping, installation of a complete facility-wide automatic building management system, a consolidated distribution system for voice and data and a construction programme to upgrade all basement spaces. </s>
	</p>
	<p n="72">
	  <s n="182"> (d) Security improvements in the Headquarters complex would include improvements to the perimeter monitoring, expansion of screening facilities to permit visitor screening outside the General Assembly building, provision of a sheltered location for screening of visitors at the 42nd Street entrance, upgrades and extension of camera systems to cover greater areas of the facility with better visibility, construction of an additional elevator at the Conference building “neck” to separate outside users of the Delegate&apos;s Dining Room from internal traffic, and replacing some existing exterior glass with blast-proof glazing. </s>
	</p>
	<p n="73">
	  <s n="183"> (e) Site and landscaping improvements would consist of restoration of deteriorated paving, railing, walkways, site amenities and drainage, and timely replacement of diseased and decayed planting. </s>
	</p>
	<p n="74">
	  <s n="184"> Although the purpose of the capital master plan is to refurbish existing Headquarters buildings, Member States may wish to note that as a result of undertaking preparation of the plan it became readily apparent to the Secretariat that its implementation would provide the Organization with a unique opportunity to make certain improvements to the Headquarters facilities. </s>
	  <s n="185"> For instance, implementation of the plan would provide an opportunity to rationalize space allocation within buildings. </s>
	  <s n="186"> More importantly, several other additions and improvements were identified which could remedy long-standing problems, including the overutilization of conference facilities noted in paragraph 33 above, to better enable the United Nations to plan and meet its future needs. </s>
	  <s n="187"> Implementation of the plan would provide an opportunity to undertake these recommended additions and improvements at a much more reasonable cost than would otherwise be possible as stand-alone projects. </s>
	  <s n="188"> In the light of the expanded membership of the United Nations, which is currently 189 Member States compared to the Headquarters site&apos;s original design capacity of up to 70 Member States (see para. </s>
	  <s n="189"> 28 above), and considering, as previously noted, the Organization&apos;s increased interaction with civil society, NGOs and the public, the Secretary-General suggests that the recommended additions and improvements are both necessary and operationally justified, and has therefore included them in the plan. </s>
	  <s n="190"> The recommended additions and improvements are described in paragraphs 46 to 49 below. </s>
	</p>
	<p n="75">
	  <s n="191"> Expansion of and improvements to meeting facilities. </s>
	  <s n="192"> This project involves improving facilities for meetings and conferences through the addition of three mid-sized meeting rooms to accommodate 60 occupants in each room and supporting spaces. </s>
	  <s n="193"> A suite of interpretation booths would also be created for remote interpretation, thus keeping a conference room available when remote interpretation is being provided for meetings other than at Headquarters. </s>
	  <s n="194"> The probable location would be the first basement of the General Assembly building, in part of the area currently occupied by broadcast and conference engineering facilities. </s>
	  <s n="195"> The project would also improve the office facilities for the heads of intergovernmental bodies, as well as the supporting office spaces adjacent to the conference rooms. </s>
	  <s n="196"> The estimated cost of this project is $6 million. </s>
	</p>
	<p n="76">
	  <s n="197"> Extension of the Conference building. </s>
	  <s n="198"> This project involves extending the South end of the Conference building to create an additional two-story chamber at the second and third floor levels capable of supporting meetings of the General Assembly. </s>
	  <s n="199"> It also provides for multipurpose space at the first basement and first floor levels to meet requirements for functions other than meetings, such as concerts, lectures and special events. </s>
	  <s n="200"> The estimated cost of this project is $45 million. </s>
	</p>
	<p n="77">
	  <s n="201"> Consolidation of information technology service spaces (addition of computer centre and broadcast areas). </s>
	  <s n="202"> Due to serious difficulties in renovating the existing high-technology areas, the capital master plan provides for the addition of a computer centre and broadcast area at the North end of the General Assembly building, at the second and third basement levels. </s>
	  <s n="203"> Such an addition could be constructed quickly and without disruption to existing systems, and would provide completely modern facilities. </s>
	  <s n="204"> The addition would release valuable space for improvements to conference facilities and make office space available in the Secretariat building, which is urgently required. </s>
	  <s n="205"> The estimated cost of this project is $12 million. </s>
	</p>
	<p n="78">
	  <s n="206"> Improvements to public areas. </s>
	  <s n="207"> In the light of the desirability of allowing more direct observation by the public of the work of the United Nations, the capital master plan provides for the installation of sound-proof partitioning at the public galleries of the Security Council, the Trusteeship and the Economic and Social Council chambers, so that the public can observe open meetings without disruption to the participants. </s>
	  <s n="208"> Security improvements are also needed to prevent inadvertent access to the second floor. </s>
	  <s n="209"> The first basement concourse would be reconfigured to provide space for additional exhibition areas, new bathrooms, a more visible postal counter and the construction of a new coffee shop. </s>
	  <s n="210"> The observation area to Conference Room 4 from the first floor public lobby would be re-established. </s>
	  <s n="211"> The estimated cost for this project is $11 million. </s>
	  <s n="212"> Its financial and programmatic in relation to the proposed visitor&apos;s experience will be discussed in the Secretary-General&apos;s separate report on that subject. </s>
	</p>
	<p n="79">
	  <s n="213"> The total cost of the recommended additions and improvements described in paragraphs 46 to 49 above is estimated at $74 million, and has been included in the costs of the capital master plan, as further discussed in paragraphs 66-74 below. </s>
	</p>
	<p n="80">
	  <s n="214"> In addition to planned work under the capital master plan, it should be noted that emergency work will continue to be required during its implementation. </s>
	  <s n="215"> It is anticipated that building systems will continue to break down in areas outside of the construction work areas, so that emergency work may be needed in particular areas before core refurbishments under the plan can be implemented. </s>
	</p>
	<p n="81">
	  <s n="216"> Impact of the capital master plan on normal operations </s>
	</p>
	<p n="82">
	  <s n="217"> There are a number of operational consequences arising from the implementation of the capital master plan. </s>
	  <s n="218"> First, staff and functions would have to be temporarily moved out of designated areas in the United Nations Headquarters complex in a planned and phased manner. </s>
	  <s n="219"> The construction work areas would be separated through partitioning and the air systems isolated from adjacent areas that are outside work areas. </s>
	  <s n="220"> Construction would then proceed, without exposing delegates, staff and the public to the risk of hazardous materials, and without disrupting the work environment for users of areas adjacent to the construction areas. </s>
	  <s n="221"> The most feasible scenario for the renovation of the Secretariat building would require the isolation of 10 floors at a time, or approximately 200,000 ft2 (18,581 m2). </s>
	  <s n="222"> Other buildings would probably undergo renovation in two phases, involving approximately 50 per cent of each of those buildings at a time. </s>
	</p>
	<p n="83">
	  <s n="223"> Second, adjustments to the regular schedule of meetings, the availability of facilities for NGOs and the reduction of services to the public would be necessary. </s>
	  <s n="224"> Some meetings would have to be held outside the Headquarters complex during certain phases of construction work. </s>
	  <s n="225"> Alternate facilities for NGO activities and new arrangements for visitors to the United Nations would have to be identified as part of the implementation of the capital master plan. </s>
	</p>
	<p n="84">
	  <s n="226"> Third, in order to vacate areas of the Headquarters site of staff and functions in phases during construction and at the same time ensure the proper functioning of the Secretariat, adequate temporary office space (swing space) in close proximity to Headquarters would have to be secured. </s>
	  <s n="227"> To meet this requirement, several alternatives would have to be explored, including: </s>
	</p>
	<p n="85">
	  <s n="228"> (a) Commercial leasing of office space for the required period; </s>
	</p>
	<p n="86">
	  <s n="229"> (b) Leasing from UNDC, which could create new space for this purpose through purchase and renovation of an existing building or through construction of a new one; </s>
	</p>
	<p n="87">
	  <s n="230"> (c) Constructing additions onto existing on-site buildings; </s>
	</p>
	<p n="88">
	  <s n="231"> (d) Construction of a new building on the Headquarters site or off-site in the vicinity of the United Nations. </s>
	</p>
	<p n="89">
	  <s n="232"> E. Possibilities for meeting the swing space requirement </s>
	</p>
	<p n="90">
	  <s n="233"> The availability of swing space is a key factor in successfully planning and implementing the capital master plan. </s>
	  <s n="234"> Unfortunately, meeting the swing space requirement will be expensive. </s>
	  <s n="235"> As of June 2000, the average asking price for commercial office space in proximity to United Nations Headquarters is $47.50 per square foot. </s>
	  <s n="236"> The total estimated cost under a commercial lease of meeting the swing space requirement of 200,000 ft2 for a period of six years is $69 million, comprised of $57 million for rent, $10 million to “fit out” the space and $2 million to cover the cost of relocating staff within the Secretariat and to other buildings. </s>
	  <s n="237"> It should be noted that 200,000 ft2 is considered a relatively large block of space, which will be particularly difficult to obtain in proximity to Headquarters under current local real estate market conditions. </s>
	</p>
	<p n="91">
	  <s n="238"> As an alternative to commercial leasing, UNDC could be of assistance in meeting the need for office swing space. </s>
	  <s n="239"> It is expected that UNDC would be in a position to purchase and refurbish a building within the District, or to identify a site therein and construct a building for use by the United Nations. </s>
	  <s n="240"> In either instance, the building could be leased to the United Nations for the duration of the swing space need. </s>
	  <s n="241"> The estimated cost, $62 million, including rent, fit-out and staff relocation, is less than that of a commercial lease ($69 million). </s>
	</p>
	<p n="92">
	  <s n="242"> Another way to meet the need for swing space would be to construct either an addition to an existing on-site building or a new building. </s>
	  <s n="243"> Over the long term, this approach might represent a better use of resources than leasing. </s>
	  <s n="244"> After implementation of the capital master plan, offices currently located in commercially leased space could be relocated to the former swing space, thus avoiding future commercial leasing expenditures. </s>
	  <s n="245"> There are, in fact, several construction options for meeting the swing space requirement as described below. </s>
	  <s n="246"> All of them require significant architectural consideration, particularly in view of the design heritage of the present complex. </s>
	</p>
	<p n="93">
	  <s n="247"> One option for the creation of swing space would be to construct an addition to an existing building. </s>
	  <s n="248"> This would require careful review of the effect not only on the particular building itself but also on the harmony of the complex as a whole. </s>
	  <s n="249"> Such an addition might be considered to either the Secretariat building or the Dag Hammarskjöld Library. </s>
	</p>
	<p n="94">
	  <s n="250"> Another on-site option would be to construct an addition above the existing South Annex building or to replace the building altogether. </s>
	  <s n="251"> From a construction perspective, replacing the South Annex building entirely with a larger building which would incorporate the swing space requirement would be less complicated and might prove to be a better option. </s>
	</p>
	<p n="95">
	  <s n="252"> A third on-site option would be to construct a new low-rise building. </s>
	  <s n="253"> One location could be the North end of the Headquarters site, which is principally comprised of the United Nations garden. </s>
	  <s n="254"> Although it would certainly be structurally feasible to construct such a building, it should be noted that the United Nations garden has become a well appreciated amenity within the neighbourhood and changes to the garden must take that into account. </s>
	</p>
	<p n="96">
	  <s n="255"> The final option would be to construct an off-site building, which would involve the utilization of property in the vicinity of the United Nations. </s>
	</p>
	<p n="97">
	  <s n="256"> Any one of the above-mentioned construction options could meet the swing space requirement of 200,000 ft2 for the six-year capital master plan. </s>
	  <s n="257"> Construction would represent the best value for money over time because the swing space would remain available for use after the plan&apos;s implementation. </s>
	</p>
	<p n="98">
	  <s n="258"> However, each option will require careful consideration and not all may prove to be acceptable. </s>
	  <s n="259"> An international group of architects played a prominent role in the conceptual design of the present complex, and the unique character of the buildings and site must be preserved. </s>
	</p>
	<p n="99">
	  <s n="260"> Leasing office space from UNDC is a proven method, for which reason the estimated costs of leasing swing space from UNDC are included in the estimated costs of the capital master plan. </s>
	  <s n="261"> A detailed examination of the architectural and financial feasibility of all the options described above would be required as a key element of the implementation planning for the capital master plan. </s>
	</p>
	<p n="100">
	  <s n="262"> The options for meeting the swing space requirement, with the estimated range of costs for each, are summarized in table 1. </s>
	</p>
	<p n="101">
	  <s n="263"> Table 1 Estimated costs of swing space options </s>
	</p>
	<p n="102">
	  <s n="264"> a Construction costs only. </s>
	</p>
	<p n="103">
	  <s n="265"> Duration and cost of the capital master plan </s>
	</p>
	<p n="104">
	  <s n="266"> The capital master plan can be implemented over a three, six or 12-year period. </s>
	  <s n="267"> Each of these options has advantages and disadvantages. </s>
	  <s n="268"> The plan&apos;s duration will determine the size of the area to be refurbished during any given time period, which will, in turn, determine the amount and duration of swing space required and have significant implications, as discussed below. </s>
	  <s n="269"> The shortest feasible time-frame for the plan is three years. </s>
	  <s n="270"> This would result in approximately 50 per cent of the Headquarters facility being under construction at the same time. </s>
	  <s n="271"> It would require that 50 per cent of the staff be relocated to the swing space and that many meetings be held in other locations. </s>
	  <s n="272"> A three-year plan, which is estimated to cost $875 million, is the cheapest of the three options considered. </s>
	  <s n="273"> Energy costs would be $301 million over the 25-year period, which also is the cheapest of the three options. </s>
	  <s n="274"> This compares with $490 million in energy costs under the reactive approach. </s>
	  <s n="275"> However, under the three-year plan the degree of disruption to normal United Nations operations and the resulting indirect costs (relocation of meetings, travel costs etc.) would be substantial and by far the highest of the three options. </s>
	  <s n="276"> For those reasons, the Secretary-General considers a three-year period for implementing the plan not to be realistic or operationally desirable. </s>
	</p>
	<p n="105">
	  <s n="277"> Another alternative is a 12-year capital master plan. </s>
	  <s n="278"> In comparison with the three-year plan, the construction cost is higher, $1,054 million, and energy costs would also be higher, at $367 million over the 25-year period. </s>
	  <s n="279"> However, because of the longer time-frame, the degree of disruption to work and staff relocation required — 10 per cent — would be far less. </s>
	  <s n="280"> On the other hand, the need to operate the Headquarters site through 12 years of extensive construction activity would impose undue hardship and inconvenience on delegates, staff and visitors. </s>
	  <s n="281"> Therefore, the Secretary-General, also considers the 12-year period for implementing the plan not to be realistic or operationally desirable. </s>
	</p>
	<p n="106">
	  <s n="282"> The third alternative is a six-year capital master plan, which is considered to be a reasonable time-frame for implementation and not as disruptive to the Organization&apos;s work. </s>
	  <s n="283"> The six-year project period, which would require the relocation of 33 per cent of Headquarters staff, is considered manageable. </s>
	  <s n="284"> The cost of construction is estimated at $964 million, and the cost of energy at $326 million over the 25-year period. </s>
	</p>
	<p n="107">
	  <s n="285"> Comparative cost estimates for the three, six and 12-year capital master plans, along with those for the reactive approach, are provided in table 2. </s>
	</p>
	<p n="108">
	  <s n="286"> The comparisons provided in table 2 clearly indicate that the capital master plan, irrespective of its duration, is substantially more cost-effective than continuing with the reactive approach. </s>
	  <s n="287"> In addition to being more costly, continuing with the reactive approach would not result in any fundamental improvements being made to the Headquarters site over the 25-year period. </s>
	  <s n="288"> Its inefficiencies would remain to be addressed and paid for sometime after the 25-year period. </s>
	  <s n="289"> Moreover, under the reactive approach, it would be prohibitively expensive and operationally problematic to implement the recommended additions and improvements identified in paragraphs 45 to 50 above. </s>
	</p>
	<p n="109">
	  <s n="290"> Member States may wish to note that there are no substantive differences among the three capital master plan options. </s>
	  <s n="291"> The cost differences are attributable to the time factor, which impacts construction costs, the swing space requirement and its cost and energy cost savings. </s>
	  <s n="292"> It should be noted that table 2 includes the costs of the recommended additions and improvements (see paras. </s>
	  <s n="293"> 45-50 above) that the Secretary-General has suggested be implemented as part of the plan. </s>
	</p>
	<p n="110">
	  <s n="294"> As a point of reference, the Secretary-General has examined the construction of an entirely new facility on the Headquarters site. </s>
	  <s n="295"> New construction costs, at typical new office space standards, are estimated at $967 million, while the cost of demolition of the structures is estimated at $25 million. </s>
	  <s n="296"> Costs for relocating the approximately 4,200 staff serving in the Headquarters buildings to new premises in proximity to Headquarters for a period of three years or longer are estimated at $218 million. </s>
	  <s n="297"> The total estimated cost is $1,210 million. </s>
	  <s n="298"> That estimate does not include the cost and disruption to normal operations of convening and servicing all meetings away from the Headquarters site for a period of three to five years. </s>
	</p>
	<p n="111">
	  <s n="299"> In sum, the capital master plan has been developed to remedy serious existing deficiencies in the facilities at United Nations Headquarters. </s>
	  <s n="300"> Three time periods have been considered for implementing the plan. </s>
	  <s n="301"> Based both on cost factors and operational considerations, the Secretary-General recommends the implementation of a six-year plan. </s>
	</p>
	<p n="112">
	  <s n="302"> The sources of funding available to Member States to meet the costs of the capital master plan, the associated financing options and the issue of commercial borrowing are addressed in paragraphs 75 to 88 below. </s>
	</p>
	<p n="113">
	  <s n="303"> Table 2 Estimated costsa of three, six and 12-year capital master plans, and reactive approach (Millions of United States dollars) </s>
	</p>
	<p n="114">
	  <s n="304"> a Including the costs for recommended additions and improvements, as discussed and described in paragraphs 45 to 50 above. </s>
	</p>
	<p n="115">
	  <s n="305"> Sources of funding, financing options and commercial borrowing </s>
	</p>
	<p n="116">
	  <s n="306"> Sources of funding </s>
	</p>
	<p n="117">
	  <s n="307"> There are three possible sources of funding to meet the costs of the capital master plan: special assessments; the programme budget; and voluntary contributions, in cash or in kind, from public and private sources. </s>
	</p>
	<p n="118">
	  <s n="308"> Financing options </s>
	</p>
	<p n="119">
	  <s n="309"> In considering the important issue of financing options for meeting the costs of the capital master plan, Member States may wish to note the Secretary-General&apos;s intention to establish a five-member expert financial advisory group, composed of financial experts and eminent persons, to assist him in examining and exploring all possible financing options, as well as identifying possible sources of voluntary contributions. </s>
	</p>
	<p n="120">
	  <s n="310"> Bearing in mind the magnitude of the financial outlay required for implementing the plan, in addition to a “cash payments” option, the Secretary-General has examined three “deferred payments” options which provide for amortization of costs over a 25-year period in order to relate annual cash outlays to the life expectancy of the planned refurbishment. </s>
	</p>
	<p n="121">
	  <s n="311"> Cash payments option </s>
	</p>
	<p n="122">
	  <s n="312"> The cash payments option, based on the application of a one-time or multiple-year special assessment, would be the simplest approach for meeting the costs of the capital master plan. </s>
	  <s n="313"> However, relatively large up-front financial outlays would be required from Member States. </s>
	  <s n="314"> For example, for a six-year plan, the financial outlays would be $174 million for the first year of the construction period, $174 million for the second year, $174 million for the third year, $161 million for the fourth year, $135 million for the fifth year and $101 million for the sixth year. </s>
	  <s n="315"> In addition, due to the need to perform work (e.g., construction design) and incur plan-related costs prior to actual commencement of construction, which would be required for the plan irrespective of its duration, a special assessment amounting to $45 million would have to be issued two years prior to the start of construction as well as during the actual construction period. </s>
	</p>
	<p n="123">
	  <s n="316"> Table 3 provides an illustrative payment and expenditure pattern under the cash payments option, including both pre-construction and construction period costs, under a six-year capital master plan. </s>
	  <s n="317"> It should be noted that the calculations do not include interest income earned on amounts deposited into a construction fund that would be established for the plan and be maintained until its full implementation. </s>
	  <s n="318"> Interest income would be used to reduce the amount of annual assessment payments required for the plan. </s>
	</p>
	<p n="124">
	  <s n="319"> Table 3 Payment and expenditure pattern: cash payment option (Millions of United States dollars) </s>
	</p>
	<p n="125">
	  <s n="320"> a Construction period is six years, payment period is eight years; thus, years -2 and -1 are pre-construction years; start of construction is year 1. </s>
	</p>
	<p n="126">
	  <s n="321"> b Including the $8 million special assessment requested for approval by the Secretary-General in paragraph 96 above. </s>
	</p>
	<p n="127">
	  <s n="322"> c Of the total capital cost requirement of $964 million, approximately $45 million would be required for pre-construction expenditures incurred in the two years (years -2 and -1) prior to construction start; funding would also be required to be in place before incurring construction expenditures. </s>
	</p>
	<p n="128">
	  <s n="323"> Deferred payments options </s>
	</p>
	<p n="129">
	  <s n="324"> Three deferred payments options were examined. </s>
	  <s n="325"> The first deferred payments option is based on the possibility of Member States providing interest-free loans covering the full capital cost requirement. </s>
	  <s n="326"> Under this option, the total capital cost requirement for a six-year capital master plan would remain at $964 million and annual debt service payments over the 25-year period would be $38.6 million. </s>
	  <s n="327"> As the loans would be interest-free under this option, there would be no interest cost. </s>
	</p>
	<p n="130">
	  <s n="328"> The second deferred payments option is outside commercial borrowing, at market interest rates, of the full capital cost requirement of $964 million. </s>
	  <s n="329"> Under the second deferred payments option, the annual debt service payments over the 25-year period are estimated at approximately $76.8 million, for a total cost of $1,921 million. </s>
	  <s n="330"> Net interest costs under the second deferred payments option would total $957 million. </s>
	</p>
	<p n="131">
	  <s n="331"> The third deferred payments option is premised on the possibility of interest-free loans being available for only a portion of the total capital cost requirement of $964 million, with the balance of the requirement being obtained from outside commercial borrowing. </s>
	  <s n="332"> The annual debt service payments over the 25-year period under this option would range, depending on the amount of interest-free loans available, between $38.6 million and $76.8 million. </s>
	  <s n="333"> Net interest costs would range between none and $957 million, again depending on the amount of interest-free loans received. </s>
	</p>
	<p n="132">
	  <s n="334"> In considering the third deferred payments option, the total cost of the six-year capital master plan in comparison with that of the reactive approach should be borne in mind. </s>
	  <s n="335"> As noted above, the total cost of the reactive approach over the 25-year period would be $1,644 million, including capital costs and energy costs. </s>
	  <s n="336"> In contrast, the total cost of the six-year capital master plan would be $1,290 million, including capital, energy and swing space costs. </s>
	  <s n="337"> Thus, implementation of the six-year plan would result in “savings” in the form of avoided costs amounting to $354 million, which could be used to support the costs of interest charges associated with outside borrowing. </s>
	</p>
	<p n="133">
	  <s n="338"> For example, the $354 million could be used to support a commercial loan of $480 million raised through a bond issue, while the remaining capital cost requirement of $484 million could be secured in the form of interest-free loans from Member States. </s>
	  <s n="339"> The annual debt service payment under this example over the 25-year period would be $51.5 million, in comparison to $38.6 million under the first deferred payments option, and $76.8 million under the second. </s>
	  <s n="340"> Total annual debt service payments would amount to $1,288 million, comprised of $964 million in principal and $324 million in net interest costs. </s>
	  <s n="341"> When added to the estimated total energy cost of $326 million over the 25-year period based on implementation of the six-year capital master plan, the total cost of the plan, including capital, interest and energy costs over the 25-year period, is $1,614 million. </s>
	  <s n="342"> This compares to total estimated costs over the same period under the reactive approach of $1,644 million (see table 2). </s>
	</p>
	<p n="134">
	  <s n="343"> Figure II sets out a comparison of expenditures between the reactive approach and the six-year capital master plan over a 25-year period. </s>
	  <s n="344"> The six-year plan expenditures are based on the third deferred payments option (see para. </s>
	  <s n="345"> 82 above), with the Organization receiving $484 million in interest-free loans from Member States and $480 million being commercially borrowed through a United Nations bond issue. </s>
	  <s n="346"> Annual expenditures for both the reactive approach and the six-year plan include energy costs. </s>
	  <s n="347"> Total estimated costs for the reactive approach ($1,644 million) and the six-year plan ($1,614 million) over the 25-year period are nearly the same, but annual expenditure patterns under the six-year plan and the reactive approach are significantly different. </s>
	</p>
	<p n="135">
	  <s n="348"> Figure II Comparison of expenditures between reactive approach and six-year capital master plan </s>
	</p>
	<p n="136">
	  <s n="349"> C. Commercial borrowing </s>
	</p>
	<p n="137">
	  <s n="350"> A financial consultant was engaged by the Secretariat to advise on the viability of outside commercial borrowing. </s>
	  <s n="351"> Several possible approaches were examined, including outside commercial loans guaranteed by Member States, borrowing against the assets of the Organization and a commercial bond offering. </s>
	  <s n="352"> However, the possibility of Member States acting as guarantors of a commercial loan by the Organization was not considered practical, nor, in the light of the Organization&apos;s special status, was the possibility of borrowing against United Nations assets. </s>
	  <s n="353"> Subject to the agreement of Member States on the establishment of certain financial mechanisms geared to providing assurances to investors of the return of their investment, the examination undertaken suggests that the only viable approach is a United Nations bond offering. </s>
	  <s n="354"> The financial consultant has also suggested approaches that could possibly enhance the United Nations bond&apos;s credit rating and result in its debt being considered a “quasi-sovereign” obligation, thereby reducing the overall cost of borrowing. </s>
	  <s n="355"> To have the debt treated as a “quasi-sovereign” obligation, the Organization would have to agree to debt service being a “first call” on a partial basis against the receipt of regular budget assessments. </s>
	</p>
	<p n="138">
	  <s n="356"> Member States may wish to note that there are precedents for both interest-free loans and outside borrowing. </s>
	  <s n="357"> An interest-free loan amounting to $65 million, which was repaid over a 31-year period, was obtained from the host Government to finance the construction and furnishing of the Headquarters site in accordance with the Headquarters Agreement of June 1947. </s>
	  <s n="358"> As to outside borrowing, in 1961 the General Assembly authorized the Secretary-General to issue 25-year bonds up to $200 million to States Members of the United Nations and members of the specialized agencies and the International Atomic Energy Agency, as well as to the official institutions of such members, and to non-profit institutions or associations (see General Assembly resolution 1739 (XVI) of 20 December 1961). </s>
	  <s n="359"> For the purpose of a United Nations bond offering to finance the capital master plan, it is not recommended to limit the pool of potential bond purchasers, as was decided in 1961. </s>
	</p>
	<p n="139">
	  <s n="360"> A detailed explanatory note on outside commercial borrowing is contained in the annex. </s>
	</p>
	<p n="140">
	  <s n="361"> Voluntary contributions </s>
	</p>
	<p n="141">
	  <s n="362"> It is assumed that, given the intergovernmental nature of the United Nations, most if not all of the funding requirements of the capital master plan would come from Member States. </s>
	  <s n="363"> Notwithstanding, it is considered possible that the Organization might secure a portion of the required financing from voluntary contributions, either from Member States or from public or private sources. </s>
	  <s n="364"> Such voluntary contributions would go some way towards easing the financial burden of the plan on Member States. </s>
	  <s n="365"> However, since the impact of voluntary contributions would, in all likelihood, be relatively minor, they have not been taken into account in any of the financing options described above. </s>
	</p>
	<p n="142">
	  <s n="366"> Conclusion </s>
	</p>
	<p n="143">
	  <s n="367"> The United Nations facility should be safe, free of hazardous materials, environmentally sound, fully accessible to all persons and cost-efficient to operate. </s>
	  <s n="368"> Continuing with the current approach is simply not a viable option because it fails to meet the fundamental needs and interest of delegates, staff and a host of other users of the Headquarters complex in having suitable and modern facilities to carry out the Organization&apos;s work in the new millennium. </s>
	  <s n="369"> In addition, it makes little sense to incur $1,644 million in costs over the next 25 years under the reactive approach, only to leave the Organization saddled with the same deficient buildings and facilities, when all other approaches examined would cost the Organization less and yet provide it with a refurbished and much improved Headquarters facility. </s>
	  <s n="370"> In the opinion of the Secretary-General, there is a clear case for Member States to proceed with the capital master plan. </s>
	</p>
	<p n="144">
	  <s n="371"> The Secretary-General recommends that Member States endorse in principle his proposal to implement a six-year capital master plan, and that he be authorized to continue exploring all possible financing options for meeting the plan&apos;s capital cost requirement, including but not limited to interest-free loans, commercial borrowing, voluntary contributions and amortization of the capital cost requirement over a 25-year period. </s>
	  <s n="372"> Since commercial borrowing would significantly increase the overall project cost, the Secretary-General further recommends that Member States consider providing as many interest-free loans as possible in order to keep the plan&apos;s costs as low as possible. </s>
	</p>
	<p n="145">
	  <s n="373"> Requested actions </s>
	</p>
	<p n="146">
	  <s n="374"> In order to proceed with the capital master plan, several actions must be taken in parallel. </s>
	  <s n="375"> First, the scope of work must be developed in detail and thoroughly agreed upon in order to avoid construction-phase changes that would probably have financial consequences. </s>
	  <s n="376"> Second, a decision is required to be taken as early as possible on the critical issue of swing space to permit corresponding action to be taken immediately to develop the most cost-effective strategy. </s>
	  <s n="377"> Third, decisions are required to be taken on the approach to be adopted by the Member States to finance the plan&apos;s costs. </s>
	</p>
	<p n="147">
	  <s n="378"> These actions require supporting initiatives. </s>
	  <s n="379"> In order to develop the scope of work in detail, the engineering and architectural teams must be selected through competitive procurement and a schematic design developed for the capital master plan. </s>
	  <s n="380"> The selection of three architectural and engineering teams is envisaged: an infrastructure team for the early utility modernization work, a building construction team for the renovation work, and a separate team for the UNITAR building, which could have a schedule of work different from the other Headquarters buildings. </s>
	</p>
	<p n="148">
	  <s n="381"> In order to address the critical decisions of swing space and capital master plan financing, outreaches to the commercial and governmental sectors will be required. </s>
	  <s n="382"> Taking into account relevant decisions to be taken by Member States, the Secretary-General intends to consult with the advisory group in order to bring this vitally important project to fruition. </s>
	  <s n="383"> Individuals from outside the United Nations experienced in finance and construction issues can also make valuable contributions towards successful implementation of the plan and will therefore be consulted with respect to their particular expertise, as necessary, by the Secretary-General and the advisory group. </s>
	</p>
	<p n="149">
	  <s n="384"> Upon completion of a detailed schematic design, a comprehensive implementation schedule for the capital master plan will be established. </s>
	</p>
	<p n="150">
	  <s n="385"> The Secretary-General therefore recommends that, having considered the present report, the General Assembly: </s>
	</p>
	<p n="151">
	  <s n="386"> (a) endorse in principle the recommendation of the Secretary-General to implement a six-year capital master plan; </s>
	</p>
	<p n="152">
	  <s n="387"> (b) approve a special assessment of $8 million to cover the costs of the initial schematic design for the plan, including the swing space requirement, in order to provide a detailed basis for its implementation; </s>
	</p>
	<p n="153">
	  <s n="388"> (c) request the Secretary-General to continue exploring all financing options for meeting the costs of the plan, including but not limited to its amortization over a 25-year period, with the support of the advisory group; </s>
	</p>
	<p n="154">
	  <s n="389"> (d) request the Secretary-General to submit no later than 2001 a comprehensive implementation schedule and financing plan for the capital master plan for approval by the General Assembly. </s>
	</p>
	<p n="155">
	  <s n="390"> Annex </s>
	</p>
	<p n="156">
	  <s n="391"> Explanatory note on outside commercial borrowing </s>
	</p>
	<p n="157">
	  <s n="392"> Possibilities for outside commercial borrowing </s>
	</p>
	<p n="158">
	  <s n="393"> The viability of outside commercial borrowing was examined with the assistance of a financial consultant. </s>
	  <s n="394"> Several possibilities were considered, including loans guaranteed by Member States, borrowing against the assets of the Organization and a bond offering. </s>
	  <s n="395"> The first possibility was not considered practical since it would require individual Member States to act as legal guarantors of a loan granted to the Organization. </s>
	  <s n="396"> The second possibility, outside borrowing against the Organization&apos;s assets, was not considered viable due to the United Nations special status under the Convention on the Privileges and Immunities of the United Nations. </s>
	  <s n="397"> The third possibility, a bond offering, is considered viable for the reasons explained below. </s>
	</p>
	<p n="159">
	  <s n="398"> Bond offering </s>
	</p>
	<p n="160">
	  <s n="399"> A bond offering represents a written obligation of the issuer to repay a loan under specific terms, including the term of years for repayment and the interest rate to be charged on the loan. </s>
	</p>
	<p n="161">
	  <s n="400"> C. Financial mechanisms associated with a bond offering </s>
	</p>
	<p n="162">
	  <s n="401"> In order for the Organization to be in a position to make a bond offering to capital markets, Member States would have to agree to the establishment of certain financial mechanisms geared to assuring investors (i.e., the bond holders) of the return of their investment. </s>
	  <s n="402"> The principal mechanism to be established would entail Member States tendering their assessment payments directly to a bond trustee, normally a major financial institution, which would be authorized by the United Nations to “set aside” a certain percentage of the assessment payments for the sole purpose of meeting the required annual debt service payment (i.e., principal and interest) under the bond offering. </s>
	  <s n="403"> Once the required annual debt service payment amount was reached, the trustee would no longer set aside any portion of the assessment payments, which would then be fully directed to the United Nations regular budget. </s>
	  <s n="404"> At all times, Member States would be credited the full amount tendered to the bond trustee, regardless of the assessment set aside for debt servicing purposes. </s>
	</p>
	<p n="163">
	  <s n="405"> Debt service coverage and bond interest </s>
	</p>
	<p n="164">
	  <s n="406"> Lower interest rates on loans are available in capital markets to borrowers who have ample “debt service coverage”, which is defined as total revenues available for debt service as a percentage of the required debt service. </s>
	  <s n="407"> The availability of ample debt service coverage reduces the financial risk to investors and translates into lower borrowing costs for the borrower. </s>
	</p>
	<p n="165">
	  <s n="408"> Ample debt service coverage for a United Nations bond could be created by permitting the trustee to set aside a higher-than-required percentage of assessment payments tendered by Member States to permit the accelerated collection by the bond trustee of the total annual debt service requirement. </s>
	  <s n="409"> Such an arrangement would provide a “cushion” to protect investors from potential or unanticipated declines in the expected flow of revenue available for debt servicing. </s>
	  <s n="410"> Once the total annual debt service requirement was reached, all assessment payments received by the trustee would be fully directed to the United Nations regular budget. </s>
	  <s n="411"> In order to achieve the ample debt service coverage and taking into account the historical pattern of assessment payments by Member States, investors would probably require 250 per cent of the normally required debt service percentage to be set aside from assessment payments early in the calendar year, thereby allowing the total annual debt service requirement to be reached more quickly every year. </s>
	</p>
	<p n="166">
	  <s n="412"> As an illustration, if the annual regular budget were $1,198 million and were increased by $52 million to accommodate capital master plan debt service, a Member State with a regular budget assessment of 10 per cent would contribute $125 million towards the regular budget ($1,198 million plus $52 million = $1,250 million; 10 per cent of $1,250 million = $125 million). </s>
	  <s n="413"> The portion of the assessment due for plan debt service, or “assessed plan debt service”, would be 10 per cent of $52 million, or $5.2 million. </s>
	  <s n="414"> Assuming the contribution was made early in the calendar year, a Member State with a 10 per cent regular budget assessment would have 250 per cent of the assessed plan debt service amount retained for plan debt service by the trustee, which in this example would amount to $13 million (250 per cent of $5.2 million = $13 million). </s>
	  <s n="415"> By the trustee retaining a higher proportion of early regular budget contributions, the bondholders would be assured that the annual debt service requirement would be met in a timely manner. </s>
	  <s n="416"> In this illustration, upon tendering full payment of its assessed contribution, the Member State would receive full credit for its contribution to the regular budget ($125 million), $13 million would be retained by the trustee and applied towards the annual plan debt service payment, and $112 million would be released to the regular budget. </s>
	</p>
	<p n="167">
	  <s n="417"> The end result of providing ample debt service coverage in the manner described above would be a high-to-medium grade “credit rating” for the United Nations loan, which would in turn reduce the overall cost of borrowing. </s>
	  <s n="418"> A description of how credit ratings for a United Nations bond would be established is set out below. </s>
	</p>
	<p n="168">
	  <s n="419"> E. Credit rating of United Nations bond </s>
	</p>
	<p n="169">
	  <s n="420"> Any United Nations bond issue would be evaluated by market participants and potential investors by its credit rating, which is a formal evaluation of the creditworthiness of the bond issue by an independent credit rating agency. </s>
	  <s n="421"> An “investment grade” rating reflects the credit rating agencies&apos; belief that the probability of payment of the bond is high and the financial risk associated with the investment is low. </s>
	</p>
	<p n="170">
	  <s n="422"> Investors use credit ratings as a factor in pricing loans on bonds. </s>
	  <s n="423"> The more secure the borrowing, the more likely the investor is to get its loan repaid and the less risk is involved in making the loan. </s>
	  <s n="424"> When investors make less risky loans, they require a lower “risk premium”, thereby reducing the cost of borrowing to the borrower. </s>
	</p>
	<p n="171">
	  <s n="425"> In establishing a credit rating on a United Nations bond issue, the credit rating agencies would focus on the source and probability of timely debt service payments, in accordance with the terms applicable to the bond issue. </s>
	  <s n="426"> The United Nations goal with respect to the credit rating would be to convince the credit rating agencies to treat the borrowing as “quasi-sovereign” for credit rating purposes. </s>
	  <s n="427"> Sovereign obligations, such as bonds, are commonplace in the capital markets, and demonstrate strong investor demand and confidence. </s>
	  <s n="428"> The obligations of certain organizations, such as the World Bank, are defined as quasi-sovereign by the credit ratings agencies. </s>
	  <s n="429"> Like the World Bank, United Nations budget assessment payments are obligations of Member States, and accordingly United Nations obligations (i.e., the bond issue) would probably be eligible to be defined as quasi-sovereign. </s>
	  <s n="430"> That would provide the United Nations with the benefit of a higher credit rating, which would result in a lower cost for borrowing. </s>
	</p>
	<p n="172">
	  <s n="431"> The credit rating agencies would probably evaluate the United Nations for credit rating purposes based on various criteria, including: </s>
	</p>
	<p n="173">
	  <s n="432"> (a) Credit and security structure; </s>
	</p>
	<p n="174">
	  <s n="433"> (b) Breadth, stability, predictability and collectability of revenue; </s>
	</p>
	<p n="175">
	  <s n="434"> (c) Revenue source&apos;s protection from adjustment; </s>
	</p>
	<p n="176">
	  <s n="435"> (d) Structural elements (e.g., trustee, funds flow, timing); </s>
	</p>
	<p n="177">
	  <s n="436"> (e) Debt service coverage; </s>
	</p>
	<p n="178">
	  <s n="437"> (f) Rationale for the borrowing and the project&apos;s importance. </s>
	</p>
	<p n="179">
	  <s n="438"> A financial consultant firm has advised that the United Nations could expect to receive a credit rating in a range between the “AA” (very high grade, high quality) and “A” (upper medium grade) categories. </s>
	</p>
	<p n="180">
	  <s n="439"> Member States might wish to note that a United Nations bond issue&apos;s potential appeal to investors could be enhanced by limiting the number of Member States whose assessment payments would be subject to the “set aside” mechanism described in paragraph 3 above, which would not only reduce the number of Member States whose assessment payments were used to meet the total annual debt service requirement but would also reduce the number of Member States required to be analysed by the credit rating agencies to establish the credit rating of a United Nations bond. </s>
	  <s n="440"> Implementation of that approach would essentially result in the utilization of the high credit ratings of some Member States to enhance the overall credit rating of a United Nations bond issue, which would benefit all Member States since it would lower the overall cost of borrowing. </s>
	  <s n="441"> Moreover, including a smaller number of Member States in the set aside mechanism would facilitate consideration of any United Nations bond offering by market participants and would probably prove easier and less costly for the bond trustee to administer. </s>
	  <s n="442"> It should be emphasized that irrespective of whether a particular Member State&apos;s assessments were utilized for set aside purposes, all assessments received by the bond trustee would be fully credited to assessed contributions. </s>
	</p>
	<p n="181">
	  <s n="443"> Level annual debt service </s>
	</p>
	<p n="182">
	  <s n="444"> The bonds can be structured to mature (i.e., come due) over 25 years, resulting in level annual debt service requirements. </s>
	  <s n="445"> Upon the issuance of the bonds, the United Nations would invest the bond proceeds in a project construction fund account to be invested over the period of construction. </s>
	  <s n="446"> Construction fund earnings would be applied to the annual debt service requirement, thereby reducing the net annual debt service to be met by the set aside procedure. </s>
	</p>
	<p n="183">
	  <s n="447"> Agreements required </s>
	</p>
	<p n="184">
	  <s n="448"> Two agreements would be required to be entered into for the purposes of issuing a United Nations bond: </s>
	</p>
	<p n="185">
	  <s n="449"> (a) Agreement between United Nations and participating Member States. </s>
	  <s n="450"> Every Member State involved in the set aside mechanism would be requested to enter into an agreement with the United Nations, acknowledging that its assessments would be subject to the set aside mechanism and that any assessment payments received by the bond trustee would be fully credited against its regular budget assessment; </s>
	</p>
	<p n="186">
	  <s n="451"> (b) Agreement between participating Member States and the bond trustee. </s>
	  <s n="452"> Every Member State whose assessments would be subject to the set aside mechanism would enter into agreement with the bond trustee, acknowledging that fact and that any portion of the assessment payments received by the bond trustee not used for set aside purposes would be directed to the United Nations regular budget. </s>
	</p>
	<p n="187">
	  <s n="453"> Equivalent established based on United States Bureau of Labor Statistics data on the annual percentage change in the consumer price index (CPI). </s>
	</p>
	<p n="188">
	  <s n="454"> Ibid. </s>
	</p>
	<p n="189">
	  <s n="455"> Ibid. </s>
	</p>
	<p n="190">
	  <s n="456"> Ibid. </s>
	</p>
	<p n="191">
	  <s n="457"> Since the UNDC-I, II and III buildings are owned and operated by UNDC they are not included within the scope of the capital master plan. </s>
	</p>
	<p n="192">
	  <s n="458"> See footnote 1. </s>
	</p>
	<p n="193">
	  <s n="459"> As of 1 June 2000, there are 189 Member States. </s>
	</p>
	<p n="194">
	  <s n="460"> See Official Records of the General Assembly, Thirty-sixth Session, Supplement No. </s>
	  <s n="461"> 6A (A/36/6/Add.1); ibid., Thirty-eighth Session, Supplement No. </s>
	  <s n="462"> 6A (A/38/6/Add.1); and ibid., Fortieth Session, Supplement No. 6 (A/40/6). </s>
	</p>
	<p n="195">
	  <s n="463"> Under the terms of the Agreement between the United Nations and the United States regarding the Headquarters of the United Nations, signed on 26 June 1947 (United Nations, Treaty Series, No. 147), the Organization is responsible for complying with United States federal, state and local laws unless the United Nations promulgates its own regulations regarding a particular subject. </s>
	  <s n="464"> The United Nations has not promulgated a regulation providing for its own building code, and is therefore bound to comply with local building codes. </s>
	  <s n="465"> Although the Headquarters buildings were all code-compliant as originally designed and constructed, local building codes have been upgraded over the years as a result of experience, particularly with regard to fire safety and environmental standards. </s>
	  <s n="466"> The Headquarters buildings do not meet current standards. </s>
	</p>
	<p n="196">
	  <s n="467"> Notwithstanding the serious deficiencies found to exist, some of the major building components are in relatively good condition and can be expected to perform well for many years if properly maintained: for example, both the glass and marble Secretariat building facades will require only normal maintenance work. </s>
	</p>
	<p n="197">
	  <s n="468"> Under the reactive approach, complete asbestos removal would not be possible since the buildings would not be vacated. </s>
	  <s n="469"> Asbestos-containing materials could only be removed and replaced gradually, as they became “friable” or when distrubed by other repairs. </s>
	</p>
	<p n="198">
	  <s n="470"> Should the visitor&apos;s experience project proceed, the required screening facility for visitors would be part of a new building to be constructed on-site at 47th Street; the visitor&apos;s experience project is the subject of a separate report of the Secretary-General to the General Assembly. </s>
	</p>
	<p n="199">
	  <s n="471"> The estimated costs are based on certain assumptions, including a 1 January 2003 construction commencement date, escalation of construction project costs at 3.5 per cent per annum during each construction year, a design and planning phase contingency of 20 per cent of the construction project cost, professional costs (e.g. architectural, engineering, quality control, project management) of 20 per cent of the construction project cost and a standard construction industry contingency of 5 per cent of construction project cost to cover unanticipated work discovered during actual construction. </s>
	</p>
	</body>
</text>
</DOC>