<?xml version="1.0" encoding="UTF-8"?>
<DOC lang="English" n="N0059696" id="A/55/270" date="2000/08/03">
<text>
	<body>
	<p n="1">
	  <s n="1"> Fifty-fifth session </s>
	</p>
	<p n="2">
	  <s n="2"> Items 61 and 125 of the provisional agenda* </s>
	</p>
	<p n="3">
	  <s n="3"> Human resources management </s>
	</p>
	<p n="4">
	  <s n="4"> United Nations reform: measures and proposals </s>
	</p>
	<p n="5">
	  <s n="5"> Accountability and responsibility </s>
	</p>
	<p n="6">
	  <s n="6"> Report of the Secretary-General** </s>
	</p>
	<p n="7">
	  <s n="7"> ** The submission of the present report was delayed owing to the extensive consultations required with different offices for its finalization and in order to ensure that outcomes of the consultations of the Staff-Management Coordination Committee were duly reflected in the present report. </s>
	  <s n="8"> Furthermore, as numerous cross-references to the report of the Secretary-General on human resources management (A/55/253) were needed, completion of the present report had to await completion of that report. </s>
	</p>
	<p n="8">
	  <s n="9"> Contents </s>
	</p>
	<p n="9">
	  <s n="10"> Introduction </s>
	</p>
	<p n="10">
	  <s n="11"> The Secretary-General&apos;s reform programme, as put forward in his report entitled “Renewing the United Nations: a programme for reform” (A/51/950), is based on the premise that giving managers more authority and responsibility for decision-making is essential to improve the delivery of programme objectives, and to improve the management of human and financial resources, but that increased authority and responsibility must be accompanied by increased accountability. </s>
	  <s n="12"> Accountability is therefore an essential building block in the Secretary-General&apos;s reform strategy. </s>
	</p>
	<p n="11">
	  <s n="13"> As illustrated in the Secretary-General&apos;s 1994 report to the General Assembly (A/C.5/49/1), the chain of responsibility, authority and accountability flows vertically and personally through the Organization from the Secretary-General to every manager and staff member. </s>
	  <s n="14"> The present report supplements that report by setting out how measures have been taken to strengthen accountability based on the principles and framework described therein to ensure that managers and staff are held accountable for exercising their decision-making responsibility. </s>
	  <s n="15"> It also responds to Assembly resolution 53/221 of 7 April 1999 by providing an overview of the mechanisms of accountability, the necessary internal monitoring and control procedures and the training that have been put in place. </s>
	  <s n="16"> In this regard, the detailed mechanisms of accountability are described in the Secretary-General&apos;s report on human resources management reform (A/55/253). </s>
	</p>
	<p n="12">
	  <s n="17"> A comprehensive system of accountability </s>
	</p>
	<p n="13">
	  <s n="18"> A comprehensive system of accountability is based on the premises that responsibility must be clearly defined; managers and staff must have the resources, capacity and authority to carry out their respective responsibilities, and accountability must be established at all levels through appropriate mechanisms. </s>
	</p>
	<p n="14">
	  <s n="19"> The Organization has had at its disposal a variety of means to ensure accountability. </s>
	  <s n="20"> These include: </s>
	</p>
	<p n="15">
	  <s n="21"> (a) Documents, including both legal instruments and guidance, which set out the Organization&apos;s policies, mandates, values, legislative provisions, regulations and rules; </s>
	</p>
	<p n="16">
	  <s n="22"> (b) Processes, which govern the way work is done and resources are allocated, dispersed and deployed, as well as the use of the Organization&apos;s human and financial resources; </s>
	</p>
	<p n="17">
	  <s n="23"> (c) The Performance Appraisal System (PAS), which serves as a goal-setting, work-planning and performance-reporting mechanism for all levels of staff; </s>
	</p>
	<p n="18">
	  <s n="24"> (d) An internal justice system, from which staff members can seek redress for administrative actions; </s>
	</p>
	<p n="19">
	  <s n="25"> (e) Oversight bodies and systems, internal and external, that monitor and investigate the Organization&apos;s activities. </s>
	</p>
	<p n="20">
	  <s n="26"> The 1994 report highlighted concerns and indicated measures that were being taken to address them. </s>
	  <s n="27"> Since that report, continuous efforts have been made to implement and refine those measures. </s>
	  <s n="28"> Essential as these have been, additional measures have been required as the Organization moves from centralized management decision-making to a situation where a manager&apos;s decisions concerning his or her human resources are no longer, in most cases, to be vetted by a central approving authority. </s>
	  <s n="29"> To meet these requirements, additional accountability measures have been implemented. </s>
	  <s n="30"> These can be summarized as follows: </s>
	</p>
	<p n="21">
	  <s n="31"> (a) A performance management plan for departmental heads focusing on planned programme and management objectives, expected standards of performance and a review of achievements; </s>
	</p>
	<p n="22">
	  <s n="32"> (b) Strengthened monitoring by the Department of Management and the Office of Internal Oversight Services; </s>
	</p>
	<p n="23">
	  <s n="33"> (c) An Accountability Panel to advise the Secretary-General on accountability matters from a systemic perspective. </s>
	</p>
	<p n="24">
	  <s n="34"> Furthermore, extensive consultations with staff have been completed on the topic of accountability. </s>
	  <s n="35"> The Secretary-General is now satisfied that the principles on which a system of accountability should be built have been identified and that the measures taken since 1994, combined with the most recent mechanisms referred to above, satisfy those principles and provide a comprehensive system of accountability. </s>
	</p>
	<p n="25">
	  <s n="36"> Responsibility and authority </s>
	</p>
	<p n="26">
	  <s n="37"> Clearly defined responsibilities </s>
	</p>
	<p n="27">
	  <s n="38"> Statutory and organizational framework </s>
	</p>
	<p n="28">
	  <s n="39"> For accountability to operate effectively, a clearly understood and accepted organizational framework is required. </s>
	  <s n="40"> In the United Nations, this is defined in ways ranging from the Charter, to regulations and rules, through to administrative issuances. </s>
	  <s n="41"> In order to clarify various roles and functions and lines of accountability, the Secretary-General has issued a series of bulletins, which define the functions of the Secretariat, its overall structure, the key mechanisms of coordination, the functions of the heads of department and the line managers, and the role of the executive offices and administrative units. </s>
	  <s n="42"> An organizational bulletin has been issued for each organizational unit, defining its functions and organization, the head of department&apos;s responsibilities, and the functions and responsibilities of line managers and subsidiary units. </s>
	  <s n="43"> The lines of accountability of the head of department to the Secretary-General, and of each senior staff member, are defined. </s>
	</p>
	<p n="29">
	  <s n="44"> An essential part of the definition of a staff member&apos;s duties and responsibilities relates to the conduct of that staff member. </s>
	  <s n="45"> After consideration by the General Assembly of a Code of Conduct proposed by the Secretary-General, amendments were made to Article 1 of the Staff Regulations and Chapter 1 of the Staff Rules to ensure that those provisions would be clearly and unambiguously stated, and would take into account current situations and needs. </s>
	  <s n="46"> The amended Regulations and Rules came into effect on 1 January 1999. </s>
	  <s n="47"> A publication entitled “Status, Basic Rights and Duties of United Nations Staff Members” (ST/SGB/1998/19), in which the amended Regulations and Rules were set out in full, together with an explanatory commentary, has been distributed to all staff members. </s>
	</p>
	<p n="30">
	  <s n="48"> An important way to support compliance with regulations and rules is to ensure that they are clear and understandable. </s>
	  <s n="49"> By its resolution 53/207 of 18 December 1998, the General Assembly adopted revised Regulations Governing Programme Planning, the Programme Aspects of the Budget, the Monitoring of Implementation and the Methods of Evaluation. </s>
	  <s n="50"> The associated revised rules have been issued and are effective from 1 May 2000 (see ST/SGB/2000/8). </s>
	  <s n="51"> A project to streamline documentation on human resources rules is nearing completion (see Secretary-General&apos;s report on human resources management reform (A/55/253)). </s>
	  <s n="52"> A review of the financial regulations and rules is under way. </s>
	</p>
	<p n="31">
	  <s n="53"> A major area of weakness identified in the 1994 report was the procurement process. </s>
	  <s n="54"> Since then, the independent high-level group of procurement experts have reported to the Secretary-General and recommendations have been or are in the final stages of being implemented. </s>
	  <s n="55"> Measures that have strengthened accountability include the appointment of a full-time chair for the Headquarters Committee on Contracts, specification of the Committee&apos;s working methods, and policy guidelines for required reviews. </s>
	  <s n="56"> The centralization of the procurement function under the overall authority of the Assistant Secretary-General for Central Support Services has clarified the lines of authority. </s>
	  <s n="57"> The officials in the field who can approve contracts and the lines of their authority have been clearly specified. </s>
	</p>
	<p n="32">
	  <s n="58"> Responsibility for programme delivery </s>
	</p>
	<p n="33">
	  <s n="59"> The main mechanisms for specifying programme requirements are the medium-term plan and the programme budget, which are translated into departmental work plans and cascade down to individual performance objectives contained in the PAS. </s>
	</p>
	<p n="34">
	  <s n="60"> Clarification of the responsibilities for programme delivery has been achieved through amendments to the Regulations and Rules Governing Programme Planning, the Programme Aspects of the Budget, the Monitoring of Implementation and the Methods of Evaluation (hereinafter referred to as the Programme Regulations and Rules). </s>
	  <s n="61"> They now require, whenever possible, congruence between the programmatic and organizational structure in the medium-term plan. </s>
	  <s n="62"> This alignment flows through to the programme budget. </s>
	  <s n="63"> The Programme Regulations and Rules also place the responsibility for the preparation of the plan and budget, and delivery of the programme, on departmental heads and their line managers. </s>
	  <s n="64"> The combined effect of these measures is to ensure that the heads of department, and their line managers, can clearly identify the parts of the plan and programme budget for which they are responsible and their role in executing them. </s>
	</p>
	<p n="35">
	  <s n="65"> The revised Programme Regulations and Rules also require the narrative of the medium-term plan to include accomplishments to be achieved and indicators of achievement, and the programme budget to include expected accomplishments. </s>
	  <s n="66"> These expected accomplishments are to be expressed in terms that will facilitate the subsequent determination of whether the expectations have been met and assist in holding managers accountable. </s>
	  <s n="67"> These improvements are included in the proposed medium-term plan for the period 2002-2005. </s>
	</p>
	<p n="36">
	  <s n="68"> The role of coordination, and leadership </s>
	</p>
	<p n="37">
	  <s n="69"> Leadership and a well-defined coordination mechanism are an integral part of an accountability framework. </s>
	  <s n="70"> Where accountability is established from the top, the entire organization becomes aligned to the accountability system. </s>
	  <s n="71"> In the case of the Secretariat, it is the Secretary-General, as the chief administrative officer, who assumes the highest responsibility in being accountable to Member States. </s>
	  <s n="72"> Through his reform, the Secretary-General is playing the lead role in changing the management culture of the Organization to one where responsibilities are accompanied by accountability. </s>
	  <s n="73"> He is assisted by a Deputy Secretary-General and the senior management structure. </s>
	  <s n="74"> Through this structure, the Secretary-General ensures that accountability systems are in place and accountability machineries are at work dealing with the issues as they arise, particularly in relation to senior staff. </s>
	</p>
	<p n="38">
	  <s n="75"> Coordination is essential to ensure consistent and focused application of policies across the Secretariat. </s>
	  <s n="76"> To ensure effective coordination at the senior level, in 1997, the Secretary-General created the Senior Management Group comprising heads of department within the Secretariat, as well as heads of Funds and Programmes. </s>
	  <s n="77"> He also created four executive committees in the areas of peace and security, development operations, humanitarian affairs and economic and social issues. </s>
	  <s n="78"> The Advisory Panel on Management and Finance has been superseded by the Steering Committee on Reform and Management, chaired by the Deputy Secretary-General to ensure that issues relating to the reform of the Organization and the policy aspects of other management issues are coordinated in an effective manner. </s>
	  <s n="79"> The United Nations Development Assistance Framework has also been formed to improve coordination at the field level. </s>
	  <s n="80"> Consultative mechanisms have been published to facilitate exchange of information on current crises, and as an instrument to ensure early concerted action on potential crisis situations. </s>
	  <s n="81"> Initially comprising Secretariat departments, this now includes a number of humanitarian agencies and the World Bank. </s>
	  <s n="82"> These coordinating bodies assist in avoiding overlap and duplication and in clarifying senior management responsibilities. </s>
	</p>
	<p n="39">
	  <s n="83"> Exercise of authority </s>
	</p>
	<p n="40">
	  <s n="84"> In order to be held accountable for discharging their responsibilities, managers need authority and control over their human and financial resources, timely and accurate information about the status of resources assigned to them, and training as required. </s>
	</p>
	<p n="41">
	  <s n="85"> Accountability of staff to the Secretary-General in exercising his delegated authority </s>
	</p>
	<p n="42">
	  <s n="86"> The Secretary-General delegates financial and human resources management authority to heads of departments and heads of overseas offices through the Under-Secretary-General for Management. </s>
	  <s n="87"> When the authority is granted, clear information is provided defining its scope, expectations regarding its discharge, and the manner in which it will be monitored. </s>
	  <s n="88"> Heads of department and line managers have primary responsibility for ensuring the proper exercise of delegated authority. </s>
	  <s n="89"> The Department of Management is responsible for monitoring the exercise of authority, and for assisting staff in doing so properly. </s>
	  <s n="90"> If necessary, the level of authority can be reduced or the authority withdrawn altogether. </s>
	</p>
	<p n="43">
	  <s n="91"> Information on available resources and programme delivery </s>
	</p>
	<p n="44">
	  <s n="92"> Staff at all levels must have ready access to the information required to satisfactorily exercise authority. </s>
	  <s n="93"> Among other initiatives, the Integrated Management Information System (IMIS) has been developed to meet information needs in the areas of human resources and finance. </s>
	  <s n="94"> Now being implemented at all major duty stations, the system also promotes administrative discipline and accountability by virtue of its design. </s>
	  <s n="95"> It provides on line up-to-date information on administrative transactions, status of personnel and budgetary implementation. </s>
	  <s n="96"> By keeping a detailed log of users who process and approve transactions in the system, IMIS provides reliable information with which to monitor and take prompt corrective action as required, thus increasing the accountability of the staff members concerned. </s>
	  <s n="97"> Efforts are under way to extend IMIS access to the peacekeeping missions: other specialized computerized systems currently support field missions. </s>
	</p>
	<p n="45">
	  <s n="98"> Systems have also been developed to facilitate the monitoring of programme delivery. </s>
	  <s n="99"> The Integrated Monitoring and Documentation Information System (IMDIS) programme monitoring module is an integrated Intranet-based programme performance monitoring system that improves the quality and timeliness of programme performance monitoring and more closely integrates programme planning and monitoring. </s>
	  <s n="100"> It strengthens the accountability of those responsible for implementation by providing regularly updated records of the status of their work. </s>
	  <s n="101"> The Internet and other information management technologies provide the opportunity to improve further the dissemination of both management and programme delivery information. </s>
	  <s n="102"> As a next step, work is under way to develop a management reporting system that will provide periodic performance information on key management items to senior management. </s>
	  <s n="103"> They will then be able to identify more easily areas of concern that may require action. </s>
	</p>
	<p n="46">
	  <s n="104"> Training of managers and supervisors </s>
	</p>
	<p n="47">
	  <s n="105"> Providing proper training of managers and supervisors is essential if they are to discharge their responsibilities effectively and then legitimately be held to account for their actions. </s>
	  <s n="106"> A People Management Training programme has been made mandatory for all staff at the D-1 and D-2 levels, as well as for all P-4 and P-5 staff who have supervisory responsibilities. </s>
	  <s n="107"> One new feature of the training is the feedback provided by staff, peers and supervisors aimed at identifying the managerial strengths and weaknesses of the staff receiving feedback. </s>
	</p>
	<p n="48">
	  <s n="108"> Programmes in supervisory skills are provided to staff at the senior General Service and junior Professional levels. </s>
	  <s n="109"> Training is also offered on human and financial resources management, focusing particularly on managing in a decentralized environment with increased delegation of responsibility and accountability. </s>
	</p>
	<p n="49">
	  <s n="110"> These development programmes aim to create a results-oriented culture in which managers are held accountable for using their human and financial resources in a responsible and productive manner. </s>
	  <s n="111"> They also build skills required for effective performance management, including work planning, goal-setting, monitoring and evaluating performance, coaching, motivating and providing performance feedback. </s>
	  <s n="112"> The identification of organizational core and managerial competencies and related behaviours is helping to define standards of performance and target training to specific competency development. </s>
	  <s n="113"> The Office of Human Resources Management continues to assess gaps in skills and competencies and identify both individual and organizational development needs. </s>
	</p>
	<p n="50">
	  <s n="114"> Accountability mechanisms </s>
	</p>
	<p n="51">
	  <s n="115"> Accountability is frequently understood as consisting largely of action to be taken if managers fail to exercise their authority responsibly. </s>
	  <s n="116"> In practice, such action is the last in a series of steps that include: specifying responsibility, authority and results to be achieved; providing guidance and support; and monitoring and assessing the exercise of responsibility and authority. </s>
	  <s n="117"> Annex I describes these steps more fully. </s>
	  <s n="118"> Any change in processes and procedures or further delegation of decision-making authority will be reviewed against these steps to ensure that accountability is not compromised and proper controls are in place. </s>
	  <s n="119"> With regard to the various reform modules that together constitute the human resources management reform proposals, detailed accountability mechanisms have been developed. </s>
	  <s n="120"> These are described in the Secretary-General&apos;s report on human resources management reform (A/55/253). </s>
	  <s n="121"> Such mechanisms will be implemented in tandem with the implementation of each reform proposal. </s>
	</p>
	<p n="52">
	  <s n="122"> The mechanisms described below comprise the building blocks of the Organization&apos;s system of accountability. </s>
	</p>
	<p n="53">
	  <s n="123"> Supervision and performance appraisal </s>
	</p>
	<p n="54">
	  <s n="124"> Supervision is the most important day-to-day accountability mechanism. </s>
	  <s n="125"> Supervisors are charged with clearly defining a staff member&apos;s functions and standards of work, monitoring performance and ensuring that issues are dealt with on a timely basis. </s>
	  <s n="126"> Annex II highlights some of the key mechanisms available at each level to facilitate accountability. </s>
	</p>
	<p n="55">
	  <s n="127"> During 1995, a new performance appraisal system was introduced. </s>
	  <s n="128"> The key feature of this system is the mutual agreement by staff member and manager of work objectives and associated performance indicators used to measure whether the objectives have been achieved. </s>
	  <s n="129"> It also includes ongoing feedback, staff development, and appraisal of performance. </s>
	  <s n="130"> The PAS establishes a process for achieving responsibility and accountability in the execution of programmes approved by the General Assembly (see ST/SGB/1997/13). </s>
	  <s n="131"> It is applicable to all up to and including the Under-Secretary-General level, except that, in the case of the latter, the new programme management plans, described in paragraph 27, serve as the tool for work planning and accountability purposes. </s>
	  <s n="132"> The system is based on work plans of individuals being linked to departmental and work unit plans, which themselves reflect mandated programmes and associated indicators of achievement. </s>
	  <s n="133"> Further information is contained in the report of the Secretary-General on human resources management reform (A/55/253). </s>
	</p>
	<p n="56">
	  <s n="134"> Performance appraisal for senior officials </s>
	</p>
	<p n="57">
	  <s n="135"> Beginning in February 2000, the Secretary-General has effectuated a new instrument that requires the heads of department to define clearly the goals and intended results they seek to achieve. </s>
	  <s n="136"> This instrument, called the programme management plan, spells out the contributions the head of department will make to the Organization, together with measurable performance indicators for each objective. </s>
	  <s n="137"> These objectives have been directly linked to Member States&apos; mandates, as set out in the medium-term plan. </s>
	  <s n="138"> The heads of department also set out their objectives for managing human and financial resources, indicators of achievement and objectives for improving productivity. </s>
	</p>
	<p n="58">
	  <s n="139"> The Secretary-General has been meeting with each head of department to review plans and the proposed objectives for the forthcoming year. </s>
	  <s n="140"> In future years, the review will also cover the achievements of the previous year. </s>
	  <s n="141"> It will compare actual performance to the performance indicators established in the previous year and focus on ways of identifying the reasons for success or failure in order to benefit from the successes and consider, where necessary, any remedial action needed. </s>
	  <s n="142"> To facilitate this review, the Secretary-General will draw on programme performance reports, information derived from monitoring carried out by the Department of Management and other sources of information, such as oversight body reports. </s>
	</p>
	<p n="59">
	  <s n="143"> The value of this management tool lies in the fact that the Secretary-General is using this document as a living instrument to review the progress of work, thereby holding the managers accountable for their actions and also helping them when they need his support and guidance. </s>
	  <s n="144"> In this way, the Secretary-General has institutionalized the accountability framework at the highest management level of the Organization. </s>
	</p>
	<p n="60">
	  <s n="145"> Monitoring </s>
	</p>
	<p n="61">
	  <s n="146"> The basis for the comprehensive monitoring of the delegation of authority, programme delivery and management of human and financial resources has been established. </s>
	  <s n="147"> The medium-term plan, programme budget, departmental work plans, programme management plans of the heads of departments, and the PAS of staff, all contain predetermined performance indicators. </s>
	  <s n="148"> The standards by which the staff need to discharge their responsibilities and authority have been properly defined. </s>
	  <s n="149"> Together, they enable objective assessment of the extent to which results have been achieved and how effectively responsibilities have been exercised. </s>
	</p>
	<p n="62">
	  <s n="150"> Programme performance and evaluation </s>
	</p>
	<p n="63">
	  <s n="151"> Monitoring of programme performance is the responsibility of the heads of department, line managers and the Office of Internal Oversight Services. </s>
	  <s n="152"> Biennial programme performance reports are prepared by the Office of Internal Oversight Services. </s>
	  <s n="153"> In addition, heads of department and line managers continuously monitor programme delivery to ensure that any problems encountered during implementation are rectified, and that the programme is delivered in accordance with plans. </s>
	  <s n="154"> The definition in the medium-term plan of accomplishments to be achieved and the inclusion of expected accomplishments in the programme budget provide the basis for meaningful monitoring of programme delivery and will lead to improvements in future programme performance reports. </s>
	  <s n="155"> Specific proposals to improve the monitoring of programme performance are contained in the report of the Secretary-General on ways in which the full implementation and the quality of mandated programmes and activities could be ensured and could be better assessed by and reported to Member States (A/55/85). </s>
	</p>
	<p n="64">
	  <s n="156"> There are several objectives of programme evaluation. </s>
	  <s n="157"> Regulation 7.1 defines them as: </s>
	</p>
	<p n="65">
	  <s n="158"> (a) “To determine as systematically and objectively as possible the relevance, efficiency, effectiveness and impact of the Organization&apos;s activities in relation to their objectives; </s>
	</p>
	<p n="66">
	  <s n="159"> (b) “To enable the Secretariat and Member States to engage in systematic reflection, with a view to increasing the effectiveness of the main programmes of the Organization by altering their content and, if necessary, reviewing their objectives.” (ST/SGB/2008, article VII). </s>
	</p>
	<p n="67">
	  <s n="160"> Thus, the focus of programme evaluation, whether self, internal or external, is on the relevance and impact of a programme&apos;s activities, and on providing the Member States with information to review objectives and alter programme content. </s>
	  <s n="161"> This may entail identifying weaknesses in management among other factors that are associated with effectiveness and impact. </s>
	</p>
	<p n="68">
	  <s n="162"> Management responsibility </s>
	</p>
	<p n="69">
	  <s n="163"> The responsibility for monitoring management performance, including the exercise of delegated authority, is shared by the heads of department and line managers, and the Department of Management. </s>
	  <s n="164"> They have at their disposal various monitoring mechanisms. </s>
	  <s n="165"> These include reporting back by staff members on their activities, examination of transactions and reports, participation in processes such as ex officio representation on the proposed central review board, and examination of reports arising out of processes and procedures. </s>
	</p>
	<p n="70">
	  <s n="166"> When authority is delegated, the associated responsibilities are clearly stated. </s>
	  <s n="167"> In addition, management objectives and performance indicators are defined in the programme management plans of heads of department, and supervisory and managerial goals are included in the PAS of individual line managers. </s>
	  <s n="168"> These form the basis for the objective monitoring of the exercise of delegated authority and managerial performance. </s>
	</p>
	<p n="71">
	  <s n="169"> The human resource management objectives and performance indicators contained in the programme management plans of the heads of department are also covered in the annual action plans that each department agrees to with the Office of Human Resources Management. </s>
	  <s n="170"> These action plans include firm targets for vacancy levels, geographic distribution, gender balance, mobility and other aspects of human resource management. </s>
	  <s n="171"> A fuller explanation of these action plans and the systems that monitor them is given in the report of the Secretary-General on human resources management reform (A/55/253). </s>
	  <s n="172"> Monitoring by the Office of Human Resources Management covers the extent to which each department is meeting its objectives, and permits review of the exercise of management authority, including compliance with regulations and rules. </s>
	  <s n="173"> The close monitoring of the exercise of authority over financial resources will continue to be undertaken by the Controller. </s>
	</p>
	<p n="72">
	  <s n="174"> Monitoring by the Department of Management is intended to identify systemic issues in a timely fashion and to highlight problems and best practices. </s>
	  <s n="175"> The information derived from it is made available to heads of department and line managers to assist them in managing their departments and programmes. </s>
	  <s n="176"> The findings will also be used to trigger follow up action. </s>
	  <s n="177"> On an individual basis, such action could include extension of or increase in authority, formal recognition of superior performance, training, counselling, reprimand, withdrawal of authority, reassignment, or recovery of financial losses under Staff Rule 112.3.1 Other action could be investigations and inspection, policy review, or a management review with the intention of providing advice or solutions to overcome particular administrative problems. </s>
	</p>
	<p n="73">
	  <s n="178"> Review of decisions of programme managers </s>
	</p>
	<p n="74">
	  <s n="179"> There are many different mechanisms by which decisions of programme managers are reviewed. </s>
	  <s n="180"> Processes and procedures have built into them features that provide for further review by the Organization to assure that the authority exercised by the programme manager is implemented properly. </s>
	  <s n="181"> For example, in the area of appointment and promotion, the programme manager will make the substantive decision, but he must do so following a prescribed process leading to a reasoned and documented decision. </s>
	  <s n="182"> The proposed central review board will carry out a review to ensure that the prescribed process has been followed by the programme manager and that extraneous factors that may introduce bias into the system are absent. </s>
	  <s n="183"> Other review mechanisms, such as reports on programme performance, will determine and hold the programme manager accountable for decisions and performance. </s>
	  <s n="184"> In this fashion, a balance is struck between not undermining the authority of a programme manager and, at the same time, safeguarding the proper exercise of authority. </s>
	</p>
	<p n="75">
	  <s n="185"> C. Administration of justice </s>
	</p>
	<p n="76">
	  <s n="186"> The jurisdictional immunity of the Organization legally obligates it to have just and effective internal processes to deal with grievances and appeals by staff, and with disciplinary cases. </s>
	  <s n="187"> A just and effective system is also an indispensable aid to maintaining staff morale, as well as enforcing accountability. </s>
	  <s n="188"> The Secretary-General believes that several of his recent initiatives for strengthening the system of justice (see A/53/414, para. </s>
	  <s n="189"> 30) will contribute to enhancing the accountability and responsibility of managers. </s>
	  <s n="190"> Thus, in order to address the perception that the system shields managers from being accountable for their decisions, the defence of a contested administrative decision before the appellate bodies may be placed in the hands of the person(s) who took the decision. </s>
	  <s n="191"> Furthermore, the establishment of a targeted training and “lessons learned” mechanism for managers and officials involved in personnel and administrative functions will help to prevent a repetition of managerial errors. </s>
	  <s n="192"> It will also promote informed decision-making and managerial accountability. </s>
	  <s n="193"> In addition, by monitoring cases and identifying the organizational units or specific managers who generate a large number of decisions in favour of the appellants, appropriate specific action can be taken to correct weaknesses. </s>
	</p>
	<p n="77">
	  <s n="194"> Oversight </s>
	</p>
	<p n="78">
	  <s n="195"> The General Assembly and other bodies, such as the Advisory Committee on Administrative and Budgetary Questions, the Committee for Programme and Coordination, the Joint Inspection Unit, the Board of Auditors and the Office of Internal Oversight Services routinely exercise oversight to ensure compliance with regulations and rules and proper use of resources for delivery of mandated programmes. </s>
	  <s n="196"> Together, these bodies represent a comprehensive system of oversight. </s>
	  <s n="197"> The latter, since its establishment in 1994, has greatly strengthened accountability. </s>
	  <s n="198"> By providing an independent body with a wide remit covering audit, investigation, inspection and programme monitoring and evaluation, the Member States can be confident that the results of its oversight activities are both impartial and objective, and that any potential areas of weakness in the Organization&apos;s management, administration and systems will be quickly identified and brought to the attention of the Secretary-General and the General Assembly. </s>
	  <s n="199"> The Office of Internal Oversight Services also offers staff an independent body to refer, without fear of reprisal, any matter that they consider should be considered for investigation. </s>
	</p>
	<p n="79">
	  <s n="200"> E. Accountability Panel </s>
	</p>
	<p n="80">
	  <s n="201"> In order to strengthen monitoring at the most senior level, an additional mechanism has been established in the form of the Accountability Panel. </s>
	  <s n="202"> The Panel is chaired by the Deputy Secretary-General and comprises up to four under-secretaries-general. </s>
	</p>
	<p n="81">
	  <s n="203"> The Panel meets annually or on an ad hoc basis to review the exercise of managerial authority and responsibility within the Organization and recommend to the Secretary-General actions required to remedy systemic managerial weaknesses. </s>
	  <s n="204"> The Accountability Panel may invite the heads of oversight bodies and individual programme managers to join their meetings to offer their views and clarify issues that they have raised in their reports. </s>
	</p>
	<p n="82">
	  <s n="205"> The findings of oversight bodies form an important source of information for the Accountability Panel with regard to systemic problems relating to programme, financial or human resources management. </s>
	  <s n="206"> The Department of Management receives oversight body reports and follows up on their recommendations, and now analyses those findings to highlight cases where there has been a significant failure of management oversight, and prepares recommendations about improvement of management systems and procedures. </s>
	  <s n="207"> In preparing its recommendations for the Accountability Panel, the Department may also draw on other sources of information, including its own monitoring. </s>
	</p>
	<p n="83">
	  <s n="208"> Conclusions and recommendations </s>
	</p>
	<p n="84">
	  <s n="209"> In his 1994 report, the Secretary-General highlighted some concerns with respect to the overall system of accountability. </s>
	  <s n="210"> To address these concerns, a number of measures have been taken. </s>
	  <s n="211"> They include the following: </s>
	</p>
	<p n="85">
	  <s n="212"> (a) Improvements in planning and budgeting to clarify responsibility and performance expectations; </s>
	</p>
	<p n="86">
	  <s n="213"> (b) Revision and streamlining of regulations, rules and administrative issuances; </s>
	</p>
	<p n="87">
	  <s n="214"> (c) Improvements in the procurement process; </s>
	</p>
	<p n="88">
	  <s n="215"> (d) Issuance of new Secretary-General&apos;s bulletins regarding organizational structure; </s>
	</p>
	<p n="89">
	  <s n="216"> (e) Implementation of updated Regulations and Rules governing the conduct of staff; </s>
	</p>
	<p n="90">
	  <s n="217"> (f) Establishment of the Senior Management Group and other coordination mechanisms; </s>
	</p>
	<p n="91">
	  <s n="218"> (g) The development of information systems, such as IMIS and updating of programme monitoring tools; </s>
	</p>
	<p n="92">
	  <s n="219"> (h) Implementation of the PAS; </s>
	</p>
	<p n="93">
	  <s n="220"> (i) Improved management training; </s>
	</p>
	<p n="94">
	  <s n="221"> (j) The establishment of the Office of Internal Oversight Services; </s>
	</p>
	<p n="95">
	  <s n="222"> (k) A performance management plan for departmental heads focusing on planned programme and management objectives, expected standards of performance and a review of achievements; </s>
	</p>
	<p n="96">
	  <s n="223"> (l) Strengthened monitoring by the Department of Management and the Office of Internal Oversight Services; </s>
	</p>
	<p n="97">
	  <s n="224"> (m) An Accountability Panel to advise the Secretary-General on accountability matters from a systemic perspective. </s>
	</p>
	<p n="98">
	  <s n="225"> These measures, combined with existing measures, make up a comprehensive system of accountability, and a change in management culture is under way to ensure that they are effectively used. </s>
	  <s n="226"> The change is being facilitated by placing special emphasis on how day-to-day supervision is carried out, making sure that supervisors take appropriate action and, if they do not do so, that they themselves are subject to follow-up action. </s>
	</p>
	<p n="99">
	  <s n="227"> In the new working environment, managers are responsible for decisions over their financial and human resources and are held accountable for delivery of results. </s>
	  <s n="228"> The decentralization of decision-making and the elimination of duplicative administrative processes will enable the Department of Management to focus more than ever on ensuring that accountability mechanisms and controls are fully functioning. </s>
	  <s n="229"> As requested by the General Assembly in paragraph 168 of its resolution 54/249 of 23 December 1999, the Office of Human Resources Management will be able to focus on the maintenance of a proper system of accountability and responsibility in human resources matters. </s>
	  <s n="230"> Overall, the Department of Management will maintain its responsibility for ensuring compliance with policies, controls, regulations, rules and procedures. </s>
	  <s n="231"> Strong central monitoring will enable timely corrective action to be taken. </s>
	  <s n="232"> Full managerial authority will be granted to those who handle it well and removed from those who are unable to exercise it properly. </s>
	</p>
	<p n="100">
	  <s n="233"> In conclusion, the Secretary-General is confident that the comprehensive system of accountability now in place ensures that accountability mechanisms are effectively used, are seen to be used, and ensure that staff at all levels are held accountable for both their actions and inaction. </s>
	</p>
	<p n="101">
	  <s n="234"> The General Assembly may wish to take note of the mechanisms in place since 1994, including those discussed in the present report, which together constitute the comprehensive system of accountability for the Organization. </s>
	</p>
	<p n="102">
	  <s n="235"> Notes </s>
	</p>
	<p n="103">
	  <s n="236"> 1 See the follow-up report of the Secretary-General on management irregularities causing financial losses to the Organization (A/54/793). </s>
	</p>
	<p n="104">
	  <s n="237"> Annex I </s>
	</p>
	<p n="105">
	  <s n="238"> Four steps to ensuring accountability </s>
	</p>
	<p n="106">
	  <s n="239"> Specifying responsibility, authority and results to be achieved </s>
	</p>
	<p n="107">
	  <s n="240"> The persons who are to be held accountable must be informed of the following: </s>
	</p>
	<p n="108">
	  <s n="241"> (a) What they are to be held accountable for, that is, the programme results they must deliver, and the resources — financial and human — that they will be allocated; </s>
	</p>
	<p n="109">
	  <s n="242"> (b) How their results, and their exercise of responsibility and authority will be monitored and assessed; </s>
	</p>
	<p n="110">
	  <s n="243"> (c) The limits of their authority, that is, the types of decision they may make without reference to a central or higher authority; </s>
	</p>
	<p n="111">
	  <s n="244"> (d) The overall parameters within which their decisions must be made, that is, the Organizational values, policies, rules and regulations they must abide by, and the behavioural standards to which they will be expected to conform. </s>
	</p>
	<p n="112">
	  <s n="245"> Providing guidance and support </s>
	</p>
	<p n="113">
	  <s n="246"> The persons who are to be held accountable must be provided with guidance and support to enable them to exercise their responsibility and authority responsibly and effectively. </s>
	  <s n="247"> This should include the following: </s>
	</p>
	<p n="114">
	  <s n="248"> (a) Regular, timely and relevant management information; </s>
	</p>
	<p n="115">
	  <s n="249"> (b) Training and development in the required skills and competencies; </s>
	</p>
	<p n="116">
	  <s n="250"> (c) Ready access to a more senior manager for advice and guidance; </s>
	</p>
	<p n="117">
	  <s n="251"> (d) Professional advice from central finance and human resource experts. </s>
	</p>
	<p n="118">
	  <s n="252"> Monitoring and assessing the exercise of responsibility and authority </s>
	</p>
	<p n="119">
	  <s n="253"> Monitoring must result in information that permits objective comparison of results against targets and standards, covering, among other things, the following: </s>
	</p>
	<p n="120">
	  <s n="254"> (a) Delivery of programmes, in terms of time, cost and quality; </s>
	</p>
	<p n="121">
	  <s n="255"> (b) Management of human and financial resources; </s>
	</p>
	<p n="122">
	  <s n="256"> (c) Evidence that authority has been fully exercised but not exceeded, that is, that managers have not sought to avoid decisions they are empowered to make; and have referred decisions elsewhere if they are not empowered to make them; </s>
	</p>
	<p n="123">
	  <s n="257"> (d) Compliance with policies, values, regulations, rules and behavioural standards. </s>
	</p>
	<p n="124">
	  <s n="258"> Taking appropriate action </s>
	</p>
	<p n="125">
	  <s n="259"> Follow-up must be capable of distinguishing between and dealing appropriately with the following: </s>
	</p>
	<p n="126">
	  <s n="260"> (a) Excellent or satisfactory execution of responsibility and authority; </s>
	</p>
	<p n="127">
	  <s n="261"> (b) Unsatisfactory execution of responsibility and authority as a result of carelessness or ignorance; </s>
	</p>
	<p n="128">
	  <s n="262"> (c) Unacceptable exercise of responsibility and authority due to deliberate flouting of policies, rules and regulations, or exceeding the limits of authority; </s>
	</p>
	<p n="129">
	  <s n="263"> (d) Misconduct or fraud. </s>
	</p>
	<p n="130">
	  <s n="264"> Annex II </s>
	</p>
	<p n="131">
	  <s n="265"> The chain of accountability </s>
	</p>
	</body>
</text>
</DOC>