<?xml version="1.0" encoding="UTF-8"?>
<DOC lang="English" n="N0047422" id="A/55/57" date="2000/06/12">
<text>
	<body>
	<p n="1">
	  <s n="1"> Fifty-fifth session </s>
	</p>
	<p n="2">
	  <s n="2"> * Reissued for technical reasons. </s>
	</p>
	<p n="3">
	  <s n="3"> Item 118 of the preliminary list** </s>
	</p>
	<p n="4">
	  <s n="4"> Review of the efficiency of the administrative and </s>
	</p>
	<p n="5">
	  <s n="5"> financial functioning of the United Nations </s>
	</p>
	<p n="6">
	  <s n="6"> Report of the Joint Inspection Unit on the administration of justice at the United Nations </s>
	</p>
	<p n="7">
	  <s n="7"> Note by the Secretary-General </s>
	</p>
	<p n="8">
	  <s n="8"> The Secretary-General has the honour to transmit to the members of the General Assembly the report of the Joint Inspection Unit entitled “Administration of justice at the United Nations” (JIU/REP/2000/1). </s>
	</p>
	</body>
</text>
</DOC>