<?xml version="1.0" encoding="UTF-8"?>
<DOC lang="English" n="N0228712" id="A/56/870" date="2002/03/14">
<text>
	<body>
	<p n="1">
	  <s n="1"> Fifty-sixth session </s>
	</p>
	<p n="2">
	  <s n="2"> Agenda items 89 and 133 </s>
	</p>
	<p n="3">
	  <s n="3"> Comprehensive review of the whole question of peacekeeping operations in all their aspects </s>
	</p>
	<p n="4">
	  <s n="4"> Administrative and budgetary aspects of the financing of the United Nations peacekeeping operations </s>
	</p>
	<p n="5">
	  <s n="5"> The concept of strategic deployment stocks and its implementation </s>
	</p>
	<p n="6">
	  <s n="6"> * In accordance with General Assembly resolution 56/242, if a report is submitted late to conference services, the reasons therefor should be included in a footnote to the document. </s>
	  <s n="7"> The required footnote was not included in this submission. </s>
	</p>
	<p n="7">
	  <s n="8"> Report of the Secretary-General* </s>
	</p>
	<p n="8">
	  <s n="9"> Contents </s>
	</p>
	<p n="9">
	  <s n="10"> The concept of strategic deployment stocks and its implementation </s>
	</p>
	<p n="10">
	  <s n="11"> Introduction </s>
	</p>
	<p n="11">
	  <s n="12"> The lack of a rapid deployment capability has been repeatedly identified as a major weakness in United Nations peacekeeping operations. </s>
	  <s n="13"> As a result, the Organization has often missed opportunities to provide effective support in the critical initial phase of such operations. </s>
	  <s n="14"> In its report (see A/55/305-S/2000/809), the Panel on United Nations Peace Operations addressed this weakness and recommended the development of a capability for the rapid deployment of peacekeeping missions within 30 or 90 days (30 days for a traditional mission and 90 days for a complex mission). </s>
	</p>
	<p n="12">
	  <s n="15"> In response, the Secretary-General proposed the concept of a strategic reserve in his report on the implementation of the recommendations of the Special Committee on Peacekeeping Operations and the Panel on United Nations Peace Operations (A/55/977). </s>
	  <s n="16"> Subsequently, the Special Committee urged the Secretariat to work towards the goal of rapid deployment within a 30/90 day time frame and endorsed the concept of a strategic reserve, including a material reserve; the medium-sized reserve was considered the most appropriate and practical (see A/55/1024, para. </s>
	</p>
	<p n="13">
	  <s n="17"> At the suggestion of the Special Committee, the Secretariat held informal consultations with Committee members on 11 and 12 October 2001. </s>
	  <s n="18"> A number of views and positions were expressed during these consultations, as follows: </s>
	</p>
	<p n="14">
	  <s n="19"> (a) Appreciation was expressed for the detailed explanation provided regarding the identification of the items required for the strategic deployment stocks; </s>
	</p>
	<p n="15">
	  <s n="20"> (b) Some expressed the view that, in the preparation of a detailed budget for the strategic reserve, the planning assumption for deploying one complex mission could be used, while others expressed the view that the planning assumption for two missions — one complex, one traditional — should be maintained; </s>
	</p>
	<p n="16">
	  <s n="21"> (c) Support was expressed for the basic criteria for developing the list of equipment for the strategic deployment stocks, and it was recognized that the expertise existed in the Secretariat to draw up the detailed requirements; </s>
	</p>
	<p n="17">
	  <s n="22"> (d) It was recognized that there is a need to store key mission start-up equipment items requiring long production, procurement and delivery times, while other items are procured through the use of systems contracts; </s>
	</p>
	<p n="18">
	  <s n="23"> (e) The crucial importance of an advance commitment authority prior to the formal authorization of a mandate by the Security Council was recognized; </s>
	</p>
	<p n="19">
	  <s n="24"> (f) The critical role of the United Nations Logistics Base at Brindisi (UNLB) in support of the strategic deployment stocks and the need for enhancing the Base&apos;s capacity was also recognized; </s>
	</p>
	<p n="20">
	  <s n="25"> (g) Appreciation was expressed for the intention of the Secretariat to further the consultative process in order to benefit from the expertise of Member States. </s>
	</p>
	<p n="21">
	  <s n="26"> Rapid deployment and a strategic reserve </s>
	</p>
	<p n="22">
	  <s n="27"> The objective of a strategic reserve is to provide the Organization with the capability to deploy peacekeeping missions within the rapid deployment time frames. </s>
	  <s n="28"> In this regard, the Secretary-General has identified the main components of peacekeeping operations as follows: </s>
	</p>
	<p n="23">
	  <s n="29"> (a) Standby arrangements with Member States for military and civilian police personnel; </s>
	</p>
	<p n="24">
	  <s n="30"> (b) A standby roster of key civilian personnel; </s>
	</p>
	<p n="25">
	  <s n="31"> (c) A material reserve (involving such items as vehicles, communications equipment and accommodation), called strategic deployment stocks, which will be stored at UNLB; </s>
	</p>
	<p n="26">
	  <s n="32"> (d) A financial commitment authority (pre-mandate commitment authority) for new missions to initiate contracts to provide services (such as strategic lift and port operations) and critical items (such as rations, fuel and water) prior to the approval of a mission mandate by the Security Council. </s>
	</p>
	<p n="27">
	  <s n="33"> Of these four critical components, the material reserve and the financial commitment authority are covered in this report. </s>
	  <s n="34"> Existing arrangements and procedures do not allow the Organization to meet the rapid deployment time frame in these areas. </s>
	  <s n="35"> The Secretary-General proposed the medium-sized material reserve in his report (see A/55/977, para. </s>
	  <s n="36"> The Secretariat will procure key items, such as vehicles, communications and engineering equipment, accommodations and ablution units, and store them at UNLB as strategic deployment stocks. </s>
	  <s n="37"> Other critical items and services, such as strategic lift, fuel, rations and water, will be procured through contractual arrangements before the adoption of a Security Council resolution establishing a new mission (see figure 1). </s>
	</p>
	<p n="28">
	  <s n="38"> Figure 1 Logistics support for a new mission </s>
	</p>
	<p n="29">
	  <s n="39"> C. Planning assumptions </s>
	</p>
	<p n="30">
	  <s n="40"> Mission profiles were established for traditional and complex missions, as follows, in order to develop planning assumptions for strategic deployment stocks: </s>
	</p>
	<p n="31">
	  <s n="41"> a With 50 per cent self-sustaining capability. </s>
	</p>
	<p n="32">
	  <s n="42"> These assumptions were developed based on recent trends in mission start-ups and expansions, including recent deployments of the United Nations Mission in Ethiopia and Eritrea, the United Nations Mission in Sierra Leone, the United Nations Organization Mission in the Democratic Republic of the Congo, the United Nations Interim Administration Mission in Kosovo and the United Nations Transitional Administration in East Timor. </s>
	  <s n="43"> In the informal consultations, Member States expressed varying views on the assumption regarding the number of missions, that is, whether two missions — one complex and one traditional — or one complex mission alone constituted an appropriate planning assumption. </s>
	</p>
	<p n="33">
	  <s n="44"> The following planning parameters were used to develop the strategic deployment stocks requirements: </s>
	</p>
	<p n="34">
	  <s n="45"> (a) Military contingents provide 100 per cent of contingent-owned equipment (including weapons, combat vehicles, second-, third- and fourth-line maintenance and spare parts, and lower-level communications equipment) under wet-lease arrangements; </s>
	</p>
	<p n="35">
	  <s n="46"> (b) The Secretariat provides second- and third-line communications, transport and engineering equipment; </s>
	</p>
	<p n="36">
	  <s n="47"> (c) Combat support elements are mission-dependent and provided under wet-lease arrangements; </s>
	</p>
	<p n="37">
	  <s n="48"> (d) Contingents are self-sustaining for at least 50 per cent of equipment/materiel; </s>
	</p>
	<p n="38">
	  <s n="49"> (e) Strategic deployment stock expendables (such as office, cleaning and medical supplies) sustain operations for the first 60 days; </s>
	</p>
	<p n="39">
	  <s n="50"> (f) Levels of strategic deployment stocks are determined by requirement date and lead time for procurement and delivery (including in-theatre). </s>
	</p>
	<p n="40">
	  <s n="51"> Strategic deployment stocks will provide the minimum operational capability whereby, within 30 or 90 days, the force configuration can perform its basic core tasks in the principal theatre of the mission area for a limited period of time. </s>
	  <s n="52"> It will take a full budget and full deployment of the mission to ensure an effective deployment whereby the mission will have in place an overall command and control capability and a comprehensive logistics system. </s>
	</p>
	<p n="41">
	  <s n="53"> Developing requirements for strategic deployment stocks </s>
	</p>
	<p n="42">
	  <s n="54"> A material reserve has been identified as a key feature for ensuring operational readiness for rapid deployment of peacekeeping operations. </s>
	  <s n="55"> The components of strategic deployment stocks were determined through an analysis of criticality and time lines for procuring equipment and materials. </s>
	  <s n="56"> The components that were deemed critical and were not readily available within the rapid deployment time lines make up the strategic deployment stocks. </s>
	  <s n="57"> The force deployment model was used as the foundation for the development of unit modules comprising supply, medical, engineering, communications/electronic data-processing and transportation packages. </s>
	  <s n="58"> Scaling and costing of the modules was done in accordance with the Standard Costs Manual and, where applicable, current systems contracts and/or market surveys. </s>
	  <s n="59"> The components of the current mission start-up kits will be merged with strategic deployment stocks. </s>
	</p>
	<p n="43">
	  <s n="60"> Strategic deployment stocks are intended to meet operational requirements for supporting the deployment of new peacekeeping missions. </s>
	  <s n="61"> In general, strategic deployment stocks should consist of equipment that is new and has its full service-life expectancy, except for long-life equipment that is considered as good as new after reconditioning. </s>
	</p>
	<p n="44">
	  <s n="62"> Commodities in the Field Administration and Logistics Division reserve must be assessed for use in strategic deployment stocks and could help defray costs or reduce procurement time. </s>
	  <s n="63"> The reserve consists of items that have become available because of changes in an existing mission or the liquidation of a mission. </s>
	  <s n="64"> The reserve is not a controlled stock, however, and could include items that have no applicability to the strategic deployment stocks. </s>
	  <s n="65"> Hence, there is no guarantee that the reserve can be counted upon as a means to reduce the overall costs of strategic deployment stocks to the full extent of its value. </s>
	</p>
	<p n="45">
	  <s n="66"> Equipment from the reserve considered suitable for strategic deployment stocks could be distributed to peacekeeping missions in accordance with their approved budgets. </s>
	  <s n="67"> Missions that receive commodities from the reserve or from mission start-up stocks would be required to defray the investment cost of strategic deployment stocks by financing the replacement of such equipment. </s>
	</p>
	<p n="46">
	  <s n="68"> E. Operation and management of strategic deployment stocks </s>
	</p>
	<p n="47">
	  <s n="69"> Responsibilities for the implementation and management of the strategic deployment stocks are distributed as follows: </s>
	</p>
	<p n="48">
	  <s n="70"> (a) The Assistant Secretary-General for Mission Support will provide strategic guidance on the operation and management of strategic deployment stocks and authorize general policies; </s>
	</p>
	<p n="49">
	  <s n="71"> (b) The Director of the Logistics Support Division will direct overall management of strategic deployment stocks, including planning, policy development, procedures and monitoring. </s>
	  <s n="72"> The Director will also direct the establishment, replenishment and rotation of strategic deployment stocks; </s>
	</p>
	<p n="50">
	  <s n="73"> (c) The Logistics Support Division Service Chiefs will implement the establishment, replenishment and rotation of strategic deployment stocks; </s>
	</p>
	<p n="51">
	  <s n="74"> (d) The UNLB Chief Administrative Officer will direct day-to-day management activities and serve as the custodian of strategic deployment stocks. </s>
	  <s n="75"> In this respect he will maintain the operational readiness of the stocks; receive, inspect, store and maintain commodities; replace commodities as directed by the Director of the Logistics Support Division; prepare stocks for shipment, as directed by the Director of the Logistics Support Division; maintain inventory records and life data history for commodities; and manage the UNLB strategic deployment stocks maintenance budget allocation. </s>
	</p>
	<p n="52">
	  <s n="76"> The Secretariat will procure and store materials at UNLB and ensure that strategic deployment stocks are kept current and serviceable. </s>
	  <s n="77"> To this end, the Secretariat will rotate certain items — for example, vehicles and electronic data-processing equipment — to other missions so that the items do not become obsolete. </s>
	  <s n="78"> Once items have been deployed or rotated, the Secretariat will replenish them by charging the replacement cost to the budget of the mission that receives them. </s>
	</p>
	<p n="53">
	  <s n="79"> Use of contractual services </s>
	</p>
	<p n="54">
	  <s n="80"> Rapid deployment depends on the tightening of many of the existing time frames for the procurement and delivery of key equipment. </s>
	  <s n="81"> The procurement-related lead time involves acquisition, production, delivery, shipping and other associated tasks. </s>
	  <s n="82"> While strategic deployment stocks include many of the key items, the Secretariat will procure other mission-critical items and services, using pre-commitment authority as indicated in section IV below, through the following arrangements: </s>
	</p>
	<p n="55">
	  <s n="83"> (a) Under-fee service arrangements (systems contracts) bidding procedures are conducted and vendors agree to deliver the required goods at an agreed price for a determined period. </s>
	  <s n="84"> Base on a requisition by individual managers, the Procurement Division issues a purchase order, and a vendor then delivers the goods. </s>
	  <s n="85"> With more than 100 systems contracts in place, the Secretariat now has reduced lead time for internal procurement processes. </s>
	  <s n="86"> The Secretariat will make further use of systems contracts, which are a key to significantly reducing procurement-related lead time. </s>
	</p>
	<p n="56">
	  <s n="87"> (b) Letters of assist are contracts with Governments, usually for military items. </s>
	  <s n="88"> They are currently used for standby arrangements for strategic lift and have proved to be very useful. </s>
	  <s n="89"> The Secretariat will further explore the use of letters of assist. </s>
	</p>
	<p n="57">
	  <s n="90"> The possibility of using retainer contracts will continue to be explored in the context of ongoing discussions regarding the establishment of new systems contracts. </s>
	  <s n="91"> A cost/benefit assessment will be undertaken to analyse a spectrum of contractor-serviced contracts, from minimum service to turnkey operations, so that sound decisions can be made regarding the possible use of retainer contracts, whereby contractors, at a cost, hold minimum quantities for immediate delivery to peacekeeping missions. </s>
	  <s n="92"> While such arrangements would be useful with respect to items requiring long procurement and delivery lead time, such as specialized vehicles, the high cost of retainer fees, which could range up to 30 per cent per annum of the cost of the items, may limit the use of these contracts. </s>
	  <s n="93"> The use of retainer contracts is not common in the United Nations system, and there are no specific plans at this time to use them in the context of strategic deployment stocks. </s>
	</p>
	<p n="58">
	  <s n="94"> The United Nations Logistics Base at Brindisi and strategic deployment stocks </s>
	</p>
	<p n="59">
	  <s n="95"> UNLB needs to further expand its role in the maintenance and warehousing of strategic deployment stocks. </s>
	  <s n="96"> It will require more staff in order to perform additional functions in distribution, maintenance, shipment, rotation, procurement, administrative support, receipt and inspection. </s>
	  <s n="97"> The UNLB budget for 2002/2003 includes a summary of the evolving operations of the Base, the requirements for its maintenance and the current operating expenses for strategic deployment stocks. </s>
	  <s n="98"> The implementation of the strategic deployment stocks concept will require comprehensive planning of all aspects. </s>
	  <s n="99"> An implementation plan for strategic deployment stocks that identifies the major tasks and milestones has been developed. </s>
	  <s n="100"> A number of tasks are already under way, such as the preparation of specifications for non-system contract commodities and the initial preparations for drafting statements of work for contractual services to facilitate the receipt, warehousing and support tasks relating to strategic deployment stocks at UNLB. </s>
	</p>
	<p n="60">
	  <s n="101"> An analysis of space requirements indicates that strategic deployment stocks will require additional covered and open storage space. </s>
	  <s n="102"> The Italian Government has generously agreed to ensure that these requirements are met. </s>
	</p>
	<p n="61">
	  <s n="103"> Budgetary requirements </s>
	</p>
	<p n="62">
	  <s n="104"> The budgetary requirements for the implementation of the strategic deployment stocks concept include non-recurrent costs amounting to $179,656,300. </s>
	  <s n="105"> Other costs, such as those relating to staff and maintenance, estimated at $6 million per year, will be met through the UNLB budget. </s>
	  <s n="106"> The cost estimates are shown by main category of expenditure in annex I, and supplementary information is provided in annex II. </s>
	</p>
	<p n="63">
	  <s n="107"> Staffing requirements </s>
	</p>
	<p n="64">
	  <s n="108"> A total of 47 additional posts (13 international and 34 local) are required for the implementation of the strategic deployment stocks concept. </s>
	  <s n="109"> Provision for these posts, as well as for a new post for the Chief Administrative Officer, at the D-1 level, is being made in the 2002-2003 UNLB budget. </s>
	  <s n="110"> Detailed information on staffing requirements is contained in the report of the Secretary-General on the UNLB budget for 2002-2003 (A/56/871). </s>
	</p>
	<p n="65">
	  <s n="111"> Financing modalities </s>
	</p>
	<p n="66">
	  <s n="112"> Financing of the strategic deployment stocks </s>
	</p>
	<p n="67">
	  <s n="113"> It is proposed that the cost of establishing the strategic deployment stocks be charged to the UNLB budget on a one-time basis. </s>
	</p>
	<p n="68">
	  <s n="114"> It is proposed that the fund balances available in several closed missions, for which final performance reports are being submitted to the General Assembly at its current session, be utilized to offset the cost of strategic deployment stocks. </s>
	  <s n="115"> The amounts available for transfer are shown in the table below. </s>
	</p>
	<p n="69">
	  <s n="116"> B. Replenishment of the strategic deployment stocks </s>
	</p>
	<p n="70">
	  <s n="117"> The initial procurement of the strategic deployment stocks will represent a one-time cost. </s>
	  <s n="118"> Suitable items will be moved from the FALD reserve to the strategic deployment stocks. </s>
	  <s n="119"> The strategic deployment stocks will supersede the two existing mission start-up kits. </s>
	</p>
	<p n="71">
	  <s n="120"> Every release of equipment from strategic deployment stocks will trigger an immediate replenishment action, which will be initiated by the Director of the Logistics Support Division of the Department of Peacekeeping Operations and coordinated by the strategic deployment stocks desk officer. </s>
	  <s n="121"> In order to keep the stockpile technologically current, replenishment items may occasionally constitute more advanced models and supplant items that have become functionally obsolete, meaning that the composition of the strategic deployment stocks will be updated continuously. </s>
	</p>
	<p n="72">
	  <s n="122"> The budgets of receiving missions will provide for the purchase of replacement commodities, as well as the cost of shipment from the provider to UNLB. </s>
	</p>
	<p n="73">
	  <s n="123"> The costs associated with the preparations for storage and shipment of strategic deployment stocks commodities, as part of replacement or rotation actions, will be met through the UNLB budget. </s>
	  <s n="124"> Operating and maintenance costs, including costs for items that have to be replaced because of expiration or obsolescence of stocks, other than shipment and preparation costs, will also be met through the UNLB budget. </s>
	</p>
	<p n="74">
	  <s n="125"> C. Pre-mandate commitment authority </s>
	</p>
	<p n="75">
	  <s n="126"> Lengthy procurement lead time has been identified as an obstacle to rapid deployment, particularly for specialized equipment and large-volume orders that entail dedicated production schedules for manufacturers. </s>
	  <s n="127"> Financial authority is required for the Secretary-General to commit funds for procurement purposes before the adoption of a mission mandate, in order to ensure readiness for rapid deployment. </s>
	</p>
	<p n="76">
	  <s n="128"> In its resolution 49/233 A, the General Assembly authorized the Secretary-General to enter into commitments of up to $50 million per decision of the Security Council relating to the start-up or expansion phase of a peacekeeping operation, with the prior concurrence of the Advisory Committee on Administrative and Budgetary Questions. </s>
	  <s n="129"> The Panel on United Nations Peace Operations, however, recommended that the Secretary-General be given authority to draw up to $50 million from the Peacekeeping Reserve Fund when it became clear that an operation was likely to be established, with the approval of the Advisory Committee on Administrative and Budgetary Questions, but prior to the adoption of a Security Council resolution (see A/55/305-S/2000/809, annex III, para. </s>
	  <s n="130"> 13 (c)). </s>
	  <s n="131"> In the annex to its resolution 1327 (2000), the Security Council encouraged the Secretary-General, during the planning and preparation of a peacekeeping operation, to take all possible measures at his disposal to facilitate rapid deployment, and agreed to assist the Secretary-General, wherever appropriate, with specific planning mandates requesting him to take the necessary administrative steps to prepare the rapid deployment of a mission. </s>
	  <s n="132"> The Organization is taking positive action to achieve rapid deployment, and pre-mandate financial commitment authority is essential in order to meet this goal. </s>
	  <s n="133"> The Secretary-General made a further proposal in this regard in paragraphs 117-119 of document A/55/977. </s>
	</p>
	<p n="77">
	  <s n="134"> It is therefore proposed that pre-mandate commitment authority up to the amount of $50 million be granted to the Secretary-General when the establishment of a new peacekeeping mission is anticipated. </s>
	  <s n="135"> All commitments authorized under this arrangement will be funded from the Peacekeeping Reserve Fund. </s>
	</p>
	<p n="78">
	  <s n="136"> The cumulative total of outstanding commitment authority for all peacekeeping missions, in respect of both pre-mandate commitment authority and commitment authority granted under the provisions of section IV of General Assembly resolution 49/233 A, will not at any one time exceed $150 million. </s>
	  <s n="137"> However, appropriate by the General Assembly of any outstanding commitments will automatically restore the balance of the limit of $150 million to the extent of the amount appropriated. </s>
	</p>
	<p n="79">
	  <s n="138"> An initial budget for the six-month financial cycle for peacekeeping operations, in accordance with section I of General Assembly resolution 49/233 A, will be submitted within 30 days of the adoption of a decision by the Security Council. </s>
	</p>
	<p n="80">
	  <s n="139"> A pre-mandate commitment authority will align the availability of financial resources with political developments so that response can be rapid and the initial key support structures of a new mission can be established. </s>
	  <s n="140"> Figure 2 below shows the proposed 50-day time line for obtaining funding prior to the adoption of a resolution, designed to facilitate procurement action and the mobilization of personnel at the initial stage of a mission. </s>
	  <s n="141"> The Secretariat will take complementary measures to accelerate internal processes, such as expediting spending authorization, simplifying procurement procedures and expanding delegation of authority to the field. </s>
	</p>
	<p n="81">
	  <s n="142"> Experience of the past 10 years indicates that new peacekeeping operations can often be anticipated prior to the adoption of a full mandate, which often hinges on late-developing political action in the host country. </s>
	  <s n="143"> For planning purposes, “D-day” is designated as the estimated date of adoption of a new Security Council resolution. </s>
	  <s n="144"> Planning for rapid deployment will normally commence about 60 days before D-day, or D - 60 days. </s>
	</p>
	<p n="82">
	  <s n="145"> To initiate rapid deployment planning, the Secretary-General will be engaged in extensive consultation with the Security Council. </s>
	  <s n="146"> Following these consultations, the Secretary-General will inform the President of the Security Council in writing of his intention to plan and prepare for a new mission, in keeping with Security Council resolution 1327 (2000). </s>
	  <s n="147"> Once the Secretary-General has received from the President of the Security Council a letter expressing concurrence with his intention, the following steps will be taken (see figure 2) to initiate rapid deployment: </s>
	</p>
	<p n="83">
	  <s n="148"> (a) D - 60 days: a planning team will be established. </s>
	  <s n="149"> A warning order will be issued to the Department of Peacekeeping Operations regarding anticipated preparatory steps for a new mission. </s>
	</p>
	<p n="84">
	  <s n="150"> (b) D - 50 days: the concurrence of the Advisory Committee on Administrative and Budgetary Questions will be sought for pre-mandate commitment authority of up to $50 million to meet the costs of the advance team, the procurement of supplies and service with long lead times and the recruitment of personnel for the establishment of the mission headquarters. </s>
	</p>
	<p n="85">
	  <s n="151"> (c) D - 30 days: contract arrangements will be made for strategic sealift and/or airlift and other services. </s>
	  <s n="152"> Procurement action will be initiated for delivery of goods and provision of services as from D + 60. </s>
	  <s n="153"> Standby arrangements for personnel and material will be activated. </s>
	</p>
	<p n="86">
	  <s n="154"> (d) D - 15 days: shipment of items from strategic deployment stocks will be prepared. </s>
	</p>
	<p n="87">
	  <s n="155"> (e) D-day (Security Council mandate): the concept of operations will be finalized. </s>
	</p>
	<p n="88">
	  <s n="156"> (f) D + 30/90 days: deployment will take place to provide an initial minimum operational capability. </s>
	  <s n="157"> An initial budget for the first six-month period will be submitted to the General Assembly within 30 days of the adoption of a Security Council resolution. </s>
	</p>
	<p n="89">
	  <s n="158"> Figure 2 Proposed mission sequence </s>
	</p>
	<p n="90">
	  <s n="159"> D - 60 days </s>
	</p>
	<p n="91">
	  <s n="160"> D - 50 days </s>
	</p>
	<p n="92">
	  <s n="161"> D - 30 days </s>
	</p>
	<p n="93">
	  <s n="162"> D - 15 days </s>
	</p>
	<p n="94">
	  <s n="163"> D-day (Security Council mandate) </s>
	</p>
	<p n="95">
	  <s n="164"> D + 30 days </s>
	</p>
	<p n="96">
	  <s n="165"> D + 30/90 days </s>
	</p>
	<p n="97">
	  <s n="166"> Rapid deployment </s>
	</p>
	<p n="98">
	  <s n="167"> Actions to be taken by the General Assembly </s>
	</p>
	<p n="99">
	  <s n="168"> The actions to be taken by the General Assembly are as follows: </s>
	</p>
	<p n="100">
	  <s n="169"> (a) To endorse the concept of strategic deployment stocks and its implementation; </s>
	</p>
	<p n="101">
	  <s n="170"> (b) To approve the cost estimates for the strategic deployment stocks, amounting to $179,656,300 for the period from 1 July 2002 to 30 June 2003; </s>
	</p>
	<p n="102">
	  <s n="171"> (c) To decide that Member States shall waive their respective shares in the credits, amounting to $179,656,300, arising from previous budgets of the United Nations Protection Force, the United Nations Confidence Restoration Operation in Croatia, the United Nations Preventive Deployment Force and the United Nations Peace Forces headquarters ($125,644,300), the United Nations Preventive Deployment Force ($18,213,000) and the United Nations Transitional Administration for Eastern Slavonia, Baranja and Western Sirmium/Civilian Police Support Group ($35,799,000), to be applied to meeting the resource requirements for the financing of the strategic deployment stocks for the period from 1 July 2002 to 30 June 2003; </s>
	</p>
	<p n="103">
	  <s n="172"> (d) To endorse the replenishment policy set out in paragraphs 24-27 above for the replenishment of the strategic deployment stocks; </s>
	</p>
	<p n="104">
	  <s n="173"> (e) To authorize the Secretary-General, subject to the concurrence of the Security Council, when a new peacekeeping operation requiring rapid deployment is imminent, to enter into commitments not to exceed $50 million per new mission, with the prior concurrence of the Advisory Committee on Administrative and Budgetary Questions, it being understood that no further commitments shall be authorized under the provisions set out in section IV, paragraph 1, of General Assembly resolution 49/233 A in respect of a decision of the Security Council relating to the start-up phase of the new peacekeeping operation; that the cumulative total of outstanding commitment authority, in respect of both pre-mandate commitment authority and commitment authority granted under the provisions of section IV of General Assembly resolution 49/233 A, shall not at any one time exceed $150 million; and that appropriation by the General Assembly of any outstanding commitments shall automatically restore the balance of the limit of $150 million to the extent of the amount appropriated; </s>
	</p>
	<p n="105">
	  <s n="174"> (f) To amend section XI of General Assembly resolution 49/233 A to provide for utilization of the Peacekeeping Reserve Fund to finance the pre-mandate commitment authority set out in subparagraph (e) above. </s>
	</p>
	<p n="106">
	  <s n="175"> Annex I </s>
	</p>
	<p n="107">
	  <s n="176"> Cost estimates for the period 1 July 2002 to 30 June 2003: summary statement </s>
	</p>
	<p n="108">
	  <s n="177"> Operational requirements </s>
	</p>
	<p n="109">
	  <s n="178"> (Thousands of United States dollars) </s>
	</p>
	<p n="110">
	  <s n="179"> Annex II </s>
	</p>
	<p n="111">
	  <s n="180"> Supplementary information </s>
	</p>
	<p n="112">
	  <s n="181"> Overall plan for strategic deployment stocks </s>
	</p>
	<p n="113">
	  <s n="182"> A modular approach was used in identifying requirements for strategic deployment stocks. </s>
	  <s n="183"> A module is a composite package containing equipment and supplies in appropriate quantities for supporting an organizational structure, enabling each component to achieve effective deployment. </s>
	  <s n="184"> The number of modules needed to support each of the various elements of a mission will be dictated by the function, role and strength of each element. </s>
	  <s n="185"> Support modules will exist for functional areas such as headquarters, administrative support, ports of debarkation, medical services, logistics and engineering, as well as for formed military units, military observers and civilian police. </s>
	  <s n="186"> The following module types have been defined: </s>
	</p>
	<p n="114">
	  <s n="187"> (a) Mission headquarters stocks. </s>
	  <s n="188"> One mission headquarters start-up module will be ready for deployment by airlift at all times. </s>
	  <s n="189"> Dedicated modules for airport and seaport functions and transit camps supplement the headquarters stocks. </s>
	</p>
	<p n="115">
	  <s n="190"> (b) Sector headquarters stocks. </s>
	  <s n="191"> Three sector headquarters start-up modules will be required for a complex mission. </s>
	</p>
	<p n="116">
	  <s n="192"> (c) Military components stocks. </s>
	  <s n="193"> Three modules for infantry battalions, three for logistics units, two for level II medical facilities, one for a headquarters support unit, one for a military police unit, one for an engineering unit, one for a mine- clearance unit, one for an aviation unit and one for a reserve unit will be required. </s>
	  <s n="194"> The logistics and engineering modules include second-and third-line transport and engineering equipment. </s>
	</p>
	<p n="117">
	  <s n="195"> (d) Military observer stocks. </s>
	  <s n="196"> Two modules are required, each to support 100 personnel. </s>
	</p>
	<p n="118">
	  <s n="197"> (e) Civilian police stocks. </s>
	  <s n="198"> Two modules are required, each to support 100 personnel. </s>
	</p>
	<p n="119">
	  <s n="199"> To provide a rapid deployment capability for two missions — one complex and one traditional — 28 strategic deployment stocks modules of varying size are proposed. </s>
	  <s n="200"> Twenty-five modules would be required to support a complex mission, and 18 to support a traditional mission. </s>
	</p>
	<p n="120">
	  <s n="201"> Planning parameters </s>
	</p>
	<p n="121">
	  <s n="202"> It is assumed that a mission area would have a bare-base infrastructure; however, access to a major airfield and a seaport would be available. </s>
	</p>
	<p n="122">
	  <s n="203"> The strength of mission and sector headquarters has been determined on the basis of existing missions, as follows: </s>
	</p>
	<p n="123">
	  <s n="204"> Military components </s>
	</p>
	<p n="124">
	  <s n="205"> Each type of military component will be allocated modules as follows: </s>
	</p>
	<p n="125">
	  <s n="206"> Common planning parameters for commodities </s>
	</p>
	<p n="126">
	  <s n="207"> Common planning parameters, used for all commodities, include the following: </s>
	</p>
	<p n="127">
	  <s n="208"> (a) Ten team sites for 100 military observers; </s>
	</p>
	<p n="128">
	  <s n="209"> (b) Five team/squad sites for 100 civilian police; </s>
	</p>
	<p n="129">
	  <s n="210"> (c) Provision for transportation/shipment cost to the United Nations Logistics Base at Brindisi (UNLB); </s>
	</p>
	<p n="130">
	  <s n="211"> (d) Spare-part scales for items with associated spare-part packages, established on the basis of existing guidelines and past experience. </s>
	</p>
	<p n="131">
	  <s n="212"> Specific parameters for individual categories of commodities </s>
	</p>
	<p n="132">
	  <s n="213"> Engineering </s>
	</p>
	<p n="133">
	  <s n="214"> The specific engineering requirements are as follows: </s>
	</p>
	<p n="134">
	  <s n="215"> (a) Accommodation for mission headquarters, logistics base or area, transit camp(s), sector headquarters and team sites: </s>
	</p>
	<p n="135">
	  <s n="216"> (i) Sixty per cent prefabricated hardwall (containerized) and softwall; </s>
	</p>
	<p n="136">
	  <s n="217"> (ii) Forty per cent use of existing hardwall infrastructure; </s>
	</p>
	<p n="137">
	  <s n="218"> (iii) Warehouse and workshop halls (prefabricated); </s>
	</p>
	<p n="138">
	  <s n="219"> (iv) Hardwall kitchens and dining areas (containerized). </s>
	</p>
	<p n="139">
	  <s n="220"> (b) Accommodation for military contingents (shared between United Nations personnel and personnel of troop-contributing countries): </s>
	</p>
	<p n="140">
	  <s n="221"> (i) Semi-rigid framed structure (tentage); </s>
	</p>
	<p n="141">
	  <s n="222"> (ii) Warehouse and workshop halls (prefabricated); </s>
	</p>
	<p n="142">
	  <s n="223"> (iii) Hardwall kitchens and dining areas. </s>
	</p>
	<p n="143">
	  <s n="224"> (c) Engineering enabling packages containing minimum quantities of basic materials, tools, portable toilets, generators and field defence stores for all troops; </s>
	</p>
	<p n="144">
	  <s n="225"> (d) Generators and electrical supplies for mission headquarters, logistics base or area, sector headquarters, team sites and contingent camps (shared between United Nations personnel and personnel of troop-contributing countries); 50 per cent back-up capacity; </s>
	</p>
	<p n="145">
	  <s n="226"> (e) Field defence stores for 50 per cent of contingents premises and all headquarters premises; </s>
	</p>
	<p n="146">
	  <s n="227"> (f) Capacity to upgrade, repair and maintain one existing airfield suitable for use by heavy cargo aeroplanes (e.g., AN-124, C-5A) and up to two other existing airfields for use by medium cargo aeroplanes (e.g., C-130, C-160); </s>
	</p>
	<p n="147">
	  <s n="228"> (g) Bridging sets (modular bridges); </s>
	</p>
	<p n="148">
	  <s n="229"> (h) Water purification and bottling plants; </s>
	</p>
	<p n="149">
	  <s n="230"> (i) Geographical information start-up package. </s>
	</p>
	<p n="150">
	  <s n="231"> Common supplies </s>
	</p>
	<p n="151">
	  <s n="232"> Contingents will be required to deploy with a 30-day supply of combat rations and a 7-day supply of bottled water. </s>
	</p>
	<p n="152">
	  <s n="233"> A 30-day stock of emergency rations for 50 per cent of the overall strength of a traditional mission, i.e., 2,750 personnel, is required (local staff not included). </s>
	</p>
	<p n="153">
	  <s n="234"> While most fuel supplies will have to be arranged through systems contracts, a 30-day storage capacity for vehicle and generator fuel is required for the headquarters modules. </s>
	  <s n="235"> A 30-day supply of lubricants must be stocked. </s>
	</p>
	<p n="154">
	  <s n="236"> Communications and information technology </s>
	</p>
	<p n="155">
	  <s n="237"> The United Nations will be responsible for providing all means of communication down to the battalion (or independent unit) headquarters level, including for strategic communications from mission headquarters to United Nations Headquarters and UNLB. </s>
	  <s n="238"> It is planned to have communications equipment in stock to establish links initially to 14 battalions or independent units. </s>
	</p>
	<p n="156">
	  <s n="239"> Electronic data-processing services, systems and equipment for mission, force and sector headquarters will be a United Nations responsibility. </s>
	</p>
	<p n="157">
	  <s n="240"> Contingents are assumed to be 100 per cent self-sustaining with respect to internal tactical communications. </s>
	</p>
	<p n="158">
	  <s n="241"> Transport </s>
	</p>
	<p n="159">
	  <s n="242"> All specialized vehicles — airfield/port material-handling equipment, bowsers, forklifts, cranes, firefighting trucks, ambulances, etc. — are part of the headquarters start-up modules. </s>
	</p>
	<p n="160">
	  <s n="243"> Vehicles to support military functions will be provided only for military commanders at the headquarters level, military observers and specialized units, such as headquarters support units, logistics/transport units and engineering units. </s>
	</p>
	<p n="161">
	  <s n="244"> Military observers are assumed to require some protected patrol vehicles: 25 per cent of the military observers&apos; vehicles should be of the armoured mine-protected type. </s>
	</p>
	<p n="162">
	  <s n="245"> Civilian police are assumed to require specialized patrol vehicles: 100 per cent of civilian police vehicles should be specially equipped. </s>
	</p>
	<p n="163">
	  <s n="246"> Cost estimates by item of expenditure </s>
	</p>
	<p n="164">
	  <s n="247"> Premises/accommodation </s>
	</p>
	<p n="165">
	  <s n="248"> Estimates: $40,355,500 </s>
	</p>
	<p n="166">
	  <s n="249"> Twenty-foot prefab containerized accommodation. </s>
	  <s n="250"> Based on the assumption that 40 per cent of the required accommodation space will come from existing facilities in the host country, the requirement of 828 office containers has been calculated using a ratio of two staff members per unit, as follows: </s>
	</p>
	<p n="167">
	  <s n="251"> (a) Mission headquarters and force headquarters (traditional mission) with an initial strength of 375 staff: 188 units; </s>
	</p>
	<p n="168">
	  <s n="252"> (b) Mission headquarters and force headquarters (complex mission) with an initial strength of 600 staff: 300 units; </s>
	</p>
	<p n="169">
	  <s n="253"> (c) Sector headquarters (complex mission) with an initial strength of 75 staff: 38 units for each sector, i.e., 114 units for 3 sectors; </s>
	</p>
	<p n="170">
	  <s n="254"> (d) Transit camp: 4 units; </s>
	</p>
	<p n="171">
	  <s n="255"> (e) Military units that are 50 per cent self-sustained will in general require 8 office containers per 150 troops. </s>
	  <s n="256"> Exceptions are the aviation unit and the level II medical facility, with requirements for 48 units for living and offices and 21 units for offices, respectively. </s>
	  <s n="257"> Total requirement: 222 units. </s>
	</p>
	<p n="172">
	  <s n="258"> Twenty-foot ablution unit. </s>
	  <s n="259"> Fifty-three units are required, based on a standard scale of 30 persons per unit, as follows: </s>
	</p>
	<p n="173">
	  <s n="260"> (a) Mission headquarters and force headquarters (traditional mission) for 600 staff: 10 units; </s>
	</p>
	<p n="174">
	  <s n="261"> (b) Mission headquarters and force headquarters (complex mission) for 1,000 staff: 13 units; </s>
	</p>
	<p n="175">
	  <s n="262"> (c) Two sector headquarters for 100 staff each: 6 units; </s>
	</p>
	<p n="176">
	  <s n="263"> (d) Two hundred civilian police officers: 10 units; </s>
	</p>
	<p n="177">
	  <s n="264"> (e) One aviation unit and two medical units: 14 units. </s>
	</p>
	<p n="178">
	  <s n="265"> Hangar, type A (45x35 metres). </s>
	  <s n="266"> Three units are required to support aircraft maintenance: one for a traditional mission and two for a complex mission. </s>
	</p>
	<p n="179">
	  <s n="267"> Hangar, type B (30x30 metres). </s>
	  <s n="268"> Seven units are required for aircraft maintenance: one for a traditional mission, five for a complex mission (this also covers the requirements of three regional sectors) and one for the aviation unit. </s>
	</p>
	<p n="180">
	  <s n="269"> Warehouse, type C (15x36 metres). </s>
	  <s n="270"> Eighty-two units are required for warehouse and workshop facilities as follows: 10 for mission headquarters (warehouses at logistics base, workshops for engineering, transport, electronic data processing and communications), 20 for complex mission headquarters, 6 for three sector headquarters, 40 for military units, including aviation and medical units, and 6 for a transit camp. </s>
	</p>
	<p n="181">
	  <s n="271"> Warehouse, type D (20x42 metres). </s>
	  <s n="272"> Seven units are required for warehousing mission assets and workshop facilities — two for a traditional mission and five for a complex mission. </s>
	</p>
	<p n="182">
	  <s n="273"> Kitchen and dining area set. </s>
	  <s n="274"> Provision is made for 25 units of containerized kitchen and dining area sets of various capacities, allocated as follows: </s>
	</p>
	<p n="183">
	  <s n="275"> (a) Six 50-person units: one for a military police unit, one for an aviation unit, two each for two medical units; </s>
	</p>
	<p n="184">
	  <s n="276"> (b) Thirteen 100-person units: two for traditional mission and force headquarters, three for sector headquarters, one for a headquarters support unit, one for a mine-clearance unit, one for an engineering unit, one for a reserve unit, three for logistics units, one for a transit camp; </s>
	</p>
	<p n="185">
	  <s n="277"> (c) Two 250-person units: both for complex mission headquarters; </s>
	</p>
	<p n="186">
	  <s n="278"> (d) Four 500-person units: three for infantry battalions, one for a transit camp. </s>
	</p>
	<p n="187">
	  <s n="279"> Transport </s>
	</p>
	<p n="188">
	  <s n="280"> Estimate: $54,193,200 </s>
	</p>
	<p n="189">
	  <s n="281"> The construction time for vehicles currently under contract is between 90 and 270 days for a single unit. </s>
	  <s n="282"> An order for multiple units has a significant impact on these figures, which is determined by the capacity of the manufacturer. </s>
	  <s n="283"> Ordering, shipping, configuring and issuing will all add to the time needed to provide operational vehicles to a mission. </s>
	  <s n="284"> Therefore, it has been assumed that all vehicles will be purchased and pre-positioned as part of strategic deployment stocks. </s>
	</p>
	<p n="190">
	  <s n="285"> Light utility vehicles. </s>
	  <s n="286"> These vehicles form the bulk of the proposed fleet and are the main form of transport in a mission. </s>
	</p>
	<p n="191">
	  <s n="287"> (a) Four-by-four general purpose vehicles are allocated on the basis of standard ratios applied to the planned staffing levels. </s>
	  <s n="288"> Four-by-four general purpose police vehicles, also allocated on the basis of standard ratios are the same as the four-by-four general purpose vehicles, with the addition of light bars, sirens, searchlights, police markings and other role-specific items; </s>
	</p>
	<p n="192">
	  <s n="289"> (b) A limited number of four-by-four VIP and VIP armoured vehicles are required to provide an appropriate level of protected transport for Special Representatives of the Secretary-General and Force Commanders; </s>
	</p>
	<p n="193">
	  <s n="290"> (c) Double-cabin pickups are allocated on the basis of historical mission information, contract data and military planning guidance. </s>
	  <s n="291"> They are generally used by mission technical staff to move tools, equipment and personnel; </s>
	</p>
	<p n="194">
	  <s n="292"> (d) Armoured mine-hardened vehicles are projected to constitute 25 per cent of the fleet for military observers. </s>
	  <s n="293"> They are designed to allow the occupants to survive a single anti-tank mine under one wheel and are protected against small-arms fire. </s>
	</p>
	<p n="195">
	  <s n="294"> Command vehicles. </s>
	  <s n="295"> Wheeled, armoured personnel carriers (unarmed) are converted to provide a tactical mobile command post for force headquarters staff. </s>
	  <s n="296"> They will be provided for the Force Commander, Deputy Force Commander and each Sector Commander. </s>
	  <s n="297"> Basic communications will include United Nations-provided high frequency, VHF and UHF equipment. </s>
	  <s n="298"> Additional radio equipment may be added depending on the command structure and means of subordinate military units. </s>
	</p>
	<p n="196">
	  <s n="299"> Passenger-carrying vehicles. </s>
	  <s n="300"> These vehicles will provide the mission infrastructure for the various passenger movement tasks as follows: </s>
	</p>
	<p n="197">
	  <s n="301"> (a) Light buses (minibuses) are scaled at a standard ratio of one per eight local staff members at main and sector headquarters. </s>
	  <s n="302"> Larger missions operate a scheduled service between main mission locations; </s>
	</p>
	<p n="198">
	  <s n="303"> (b) Light delivery buses or panel vans are provided in small numbers to mission and sector headquarters. </s>
	  <s n="304"> These vehicles allow movement of low-volume items such as computers, spare parts, general stores and mail; </s>
	</p>
	<p n="199">
	  <s n="305"> (c) Light buses will also serve as prisoner vans. </s>
	  <s n="306"> Recent experience in the United Nations Interim Administration Mission in Kosovo and the United Nations Transitional Administration in East Timor requires that a purpose-built prisoner transport capability be in place; </s>
	</p>
	<p n="200">
	  <s n="307"> (d) Medium-sized buses are a workhorse of mission transport infrastructure, moving passengers and baggage between mission headquarters, airfields and sectors, for troop rotations and mission travel. </s>
	  <s n="308"> Scaling will allow daily two-way routes to be run between main headquarters and sector headquarters and one-way routes between sector headquarters, and will provide transport for force headquarters military staff; </s>
	</p>
	<p n="201">
	  <s n="309"> (e) Heavy buses will be the main vehicles for troop rotations and deployments. </s>
	</p>
	<p n="202">
	  <s n="310"> Cargo vehicles. </s>
	  <s n="311"> A modular approach is used, whereby various interchangeable, load-carrying bodies can be used on a single vehicle. </s>
	  <s n="312"> High-mobility container-carrying vehicles and trailers are the primary third-line means of direct movement to unit locations, depending on route capacities. </s>
	  <s n="313"> Given the uncertainties of roads, climate, infrastructure and terrain that may be encountered in a new mission, this modular approach is extended to vehicles carrying lighter payloads: in areas where a break-bulk capability is provided at the second line, stores are moved by smaller vehicles, capable of carrying payloads of four to six tons, that have interchangeable load bodies. </s>
	  <s n="314"> This solution provides an enhanced operational capability whereby fewer vehicles can perform the necessary range of tasks. </s>
	</p>
	<p n="203">
	  <s n="315"> The table below reflects the ratios applied to three categories of vehicle. </s>
	</p>
	<p n="204">
	  <s n="316"> Bulk fuel. </s>
	  <s n="317"> The bulk fuel transportation capacity for a complex mission has been determined on the basis of the following assumptions: </s>
	</p>
	<p n="205">
	  <s n="318"> (a) Approximately 2,700 vehicles (1,000 United Nations-owned and 1,700 contingent-owned) operated in a complex mission area, at the standard ratio of 20 litres per day, will require 54,000 litres of fuel per day. </s>
	  <s n="319"> In addition, 6,000 litres per day will be needed for 200 generators, each consuming 30 litres per day. </s>
	  <s n="320"> Therefore, 60,000 litres of ground fuel constitute one day of supply; </s>
	</p>
	<p n="206">
	  <s n="321"> (b) One day of supply should be held at the first line, in the operational vehicles and generators, assuming that the best practice of keeping vehicle fuel tanks filled is adopted; </s>
	</p>
	<p n="207">
	  <s n="322"> (c) One day of supply should be held at the second line, in the modular palletized load system (PLS) fuel tanks. </s>
	  <s n="323"> There is a 15,000-litre excess capacity to achieve rotation of full and empty PLS fuel tanks; </s>
	</p>
	<p n="208">
	  <s n="324"> (d) Five days of supply should be held on wheels at the third line, in fuel tank trucks and trailers, with one 15,000-litre tanker in reserve to cover for breakdowns and planned maintenance; </s>
	</p>
	<p n="209">
	  <s n="325"> (e) Seven days of supply should be held in fuel bladders at the third or fourth line to form the emergency reserve, with a spare capacity of 22,000 litres for ad hoc tasks; </s>
	</p>
	<p n="210">
	  <s n="326"> (f) The total of 14 days of supply (840,000 litres) is an appropriate holding for the deployment of a complex mission; </s>
	</p>
	<p n="211">
	  <s n="327"> (g) Each of the fuel vehicles and modular PLS tanks can perform bulk onloading and offloading and provide a stand-alone vehicle refuelling capability. </s>
	</p>
	<p n="212">
	  <s n="328"> Aviation fuel. </s>
	  <s n="329"> Aviation fuel transportation capacity is 90,000 litres. </s>
	  <s n="330"> Some of the modular PLS tanks can be used to provide forward fuel points for helicopter aviation units. </s>
	</p>
	<p n="213">
	  <s n="331"> Bulk water. </s>
	  <s n="332"> The engineering concept provides for 1,080 cubic metres of water to be stored. </s>
	  <s n="333"> Assuming a worst-case scenario in which no local sources are available, the mission transport requirements are a third-line lift capacity of 315 cubic metres and a second-line lift capacity of 75 cubic metres in mobile PLS containers. </s>
	</p>
	<p n="214">
	  <s n="334"> Maintenance. </s>
	  <s n="335"> The repair and maintenance concept foresees the establishment of two dual-purpose second- or third-line workshops, one for light vehicles and one for heavy vehicles, in the rear of the mission area. </s>
	  <s n="336"> In the sectors, second-line workshops will be established to complete routine maintenance work on vehicles in their area. </s>
	  <s n="337"> Any sector vehicles requiring more extensive repairs will be sent to the third-line workshops. </s>
	</p>
	<p n="215">
	  <s n="338"> Workshop tools and equipment. </s>
	  <s n="339"> The Standard Cost Manual provides for up to 7.5 per cent of vehicle purchase costs to be spent on tools and equipment. </s>
	  <s n="340"> This figure provides for everything from basic mechanic&apos;s tools to vehicle lifts, engine hoists, tire-changing bays, compressors and air conditioner recharging units, and will allow the rapid establishment of fully functional workshops. </s>
	  <s n="341"> For the purposes of the strategic deployment stocks, 5 per cent is used to calculate costs. </s>
	  <s n="342"> Mobile maintenance trucks provide an immediate maintenance capability. </s>
	  <s n="343"> In the longer term these vehicles provide field maintenance for static equipment, such as generators and refrigerator units, and field repairs to vehicles as necessary. </s>
	  <s n="344"> They are fully equipped to provide a second-line maintenance and limited third-line repair capability. </s>
	</p>
	<p n="216">
	  <s n="345"> Spare parts. </s>
	  <s n="346"> Current planning for the introduction of new types of vehicles to mission areas allows for up to 10 per cent of the vehicle acquisition cost to be spent on spare parts for scheduled maintenance, non-accident repairs and a limited accident-repair capability. </s>
	  <s n="347"> Economies of scale with strategic deployment stocks are such that 5 per cent rather than 10 per cent has been used for budget planning, but this means that the parts resupply line will have to be established quickly once the mission is set up. </s>
	  <s n="348"> There are particular challenges involved in parts management, with more than 10,000 individual parts for a basic four-by-four vehicle, 20,000 for trucks and more than 30,000 for many of the more sophisticated trucks, such as heavy equipment, airport function and forklift types. </s>
	  <s n="349"> The investment of more than $2.1 million to provide parts support for 35 different vehicle types requires that initial detailed parts lists be developed to meet likely needs, that parts be deployed efficiently and that an effective inventory management tool be provided. </s>
	</p>
	<p n="217">
	  <s n="350"> Recovery. </s>
	  <s n="351"> The recovery plan envisages that the United Nations will be responsible for second- and third-line recovery on all the main and secondary supply routes. </s>
	  <s n="352"> The bulk of mission accidents traditionally involves vehicle types. </s>
	  <s n="353"> Recovery vehicles are therefore scaled to provide the following response capabilities: </s>
	</p>
	<p n="218">
	  <s n="354"> (a) For light vehicles, eight-ton recovery trucks will be positioned at each end of major and secondary routes to ensure a maximum two-hour response time for two incidents on any route at the same time; </s>
	</p>
	<p n="219">
	  <s n="355"> (b) For heavy vehicles, heavy recovery trucks will be positioned to provide a maximum four-hour response time on any route; </s>
	</p>
	<p n="220">
	  <s n="356"> (c) Vehicle-carrier flatbed PLS trucks are provided to allow movement of non-roadworthy light vehicles from sectors to the main vehicle workshops; </s>
	</p>
	<p n="221">
	  <s n="357"> (d) Tractor truck and low-bed trailer combinations are provided to facilitate the recovery of heavy vehicles. </s>
	</p>
	<p n="222">
	  <s n="358"> Camp services vehicles. </s>
	  <s n="359"> The following vehicle types are needed in connection with camp servicing: </s>
	</p>
	<p n="223">
	  <s n="360"> (a) Aerial working trucks, to perform high-reach tasks, including erecting warehousing, running cables, fastening radio masts and installing satellite dishes; </s>
	</p>
	<p n="224">
	  <s n="361"> (b) Fire trucks, scaled at two for mission headquarters locations and one per sector, to provide a rapid response capability for domestic mission incidents; </s>
	</p>
	<p n="225">
	  <s n="362"> (c) Sewage trucks, for the fortnightly removal of waste from the 110 septic tanks envisaged in the engineering plan; </s>
	</p>
	<p n="226">
	  <s n="363"> (d) Fridge and dry vans, to allow the establishment of a weekly delivery schedule in a worst-case scenario requiring the movement of rations from a central warehouse depot to company-level locations; </s>
	</p>
	<p n="227">
	  <s n="364"> (e) Modular camp service systems, based on four-ton PLS vehicles will provide a number of camp services, such as: </s>
	</p>
	<p n="228">
	  <s n="365"> (i) Regular removal of bulk rubbish containers at all locations, exchanging empty containers for full ones; </s>
	</p>
	<p n="229">
	  <s n="366"> (ii) Refrigeration, to allow the delivery of chilled and frozen food on a rotation basis to support the static unit; </s>
	</p>
	<p n="230">
	  <s n="367"> (iii) The movement and delivery of a range of heavy or bulky items with an integrated crane arm. </s>
	</p>
	<p n="231">
	  <s n="368"> Airport operations. </s>
	  <s n="369"> Vehicle scaling will allow one cargo and one passenger aircraft to be handled concurrently. </s>
	  <s n="370"> Functions include onloading and offloading, refuelling, aircraft marshalling and positioning, the provision of ground power and emergency response, using a high-mobility crash tender, that extends beyond the airport perimeter. </s>
	  <s n="371"> Airfield communications are provided by mobile control towers; a limited airfield maintenance capability is based on the use of grass cutters and runway sweepers. </s>
	  <s n="372"> Contracted aviation companies based in the mission area are scaled to be supported with light vehicles to help meet their ground transportation needs. </s>
	</p>
	<p n="232">
	  <s n="373"> Port vehicles. </s>
	  <s n="374"> It is assumed that strategic deployment stocks, contingent vehicles and containers arriving at the seaport of debarkation will be on board ro-ro type and/or self-discharging vessels. </s>
	  <s n="375"> The concept of port operations is therefore based primarily on container operations. </s>
	  <s n="376"> Thus, two large container forklifts and one small one are provided to transfer containers from the quayside to storage areas and to load the container vehicles from the logistic units. </s>
	  <s n="377"> One 25-ton crane can be assigned from the engineer unit if the capabilities of the port infrastructure so allow. </s>
	  <s n="378"> A low-bed tractor/trailer combination is provided to allow movement of non-functioning vehicles and tracked or heavy plant equipment. </s>
	  <s n="379"> One light truck and two utility vehicles are provided for administrative and break-bulk tasks. </s>
	</p>
	<p n="233">
	  <s n="380"> Mechanical handling equipment. </s>
	  <s n="381"> Based on approximate levels in other missions, the proposed mix of types will allow the full range of handling tasks to be accomplished at every stage: </s>
	</p>
	<p n="234">
	  <s n="382"> (a) Three-ton forklifts and electric forklifts to perform warehouse operations; </s>
	</p>
	<p n="235">
	  <s n="383"> (b) Three-ton teleporter vehicles to provide a container-stuffing capability based on their extended reach; </s>
	</p>
	<p n="236">
	  <s n="384"> (c) Larger-capacity eight-ton forklifts and rough terrain forklifts to handle larger break-bulk and palletized loads, including engineering stores, ammunition, bottled water and general stores; </s>
	</p>
	<p n="237">
	  <s n="385"> (d) Low-mast fifteen-ton forklifts for airfield operations in which their reduced mast height and full free fork movement allow them to work safely behind cargo aircraft such as the C-130 and Il-76; </s>
	</p>
	<p n="238">
	  <s n="386"> (e) Fifteen-ton rough terrain forklifts for high-mobility container handling in forward areas and greenfield container-marshalling areas; </s>
	</p>
	<p n="239">
	  <s n="387"> (f) Twenty-eight-ton forklifts for primary handling of containers arriving in the mission area. </s>
	</p>
	<p n="240">
	  <s n="388"> Engineering vehicles. </s>
	  <s n="389"> These are intended for a number of discrete tasks in support of mission effectiveness: </s>
	</p>
	<p n="241">
	  <s n="390"> (a) Road infrastructure repair route maintenance and airfield maintenance; </s>
	</p>
	<p n="242">
	  <s n="391"> (b) Vertical construction of tented camps, prefabricated camps and modular softwall buildings, and rehabilitation of existing buildings; </s>
	</p>
	<p n="243">
	  <s n="392"> (c) Construction of field defences; </s>
	</p>
	<p n="244">
	  <s n="393"> (d) Water-provisioning tasks; </s>
	</p>
	<p n="245">
	  <s n="394"> (e) Provision of field power sources. </s>
	</p>
	<p n="246">
	  <s n="395"> Communications </s>
	</p>
	<p n="247">
	  <s n="396"> Estimate: $43,110,300 </s>
	</p>
	<p n="248">
	  <s n="397"> The allocation of communications equipment is based on standard ratios applied to the planned staffing levels. </s>
	</p>
	<p n="249">
	  <s n="398"> UHF and VHF equipment. </s>
	  <s n="399"> The following equipment is envisaged: </s>
	</p>
	<p n="250">
	  <s n="400"> (a) VHF handheld: portable radios (handie talkie — general) with a range of 5-10 kilometres are provided to all peacekeeping personnel in accordance with established standard ratios; </s>
	</p>
	<p n="251">
	  <s n="401"> (b) VHF base stations: stationary radios installed in fixed locations, usually in offices, where an antenna is mounted on the roof of a building or on a tower to maximize signal propagation (coverage: 20-30 kilometres). </s>
	  <s n="402"> The number of units and sub-units at a particular location determines the number of base stations required; </s>
	</p>
	<p n="252">
	  <s n="403"> (c) VHF mobile sets: mounted in vehicles for mobile communications (coverage: 15-25 kilometres). </s>
	  <s n="404"> The proposed quantity of 1,284 sets is based on the number of vehicles to be equipped with VHF radios; </s>
	</p>
	<p n="253">
	  <s n="405"> (d) VHF repeaters (secure and non-secure): used to extend the coverage of radio networks by receiving signals over one frequency and retransmitting them over a different frequency. </s>
	  <s n="406"> Repeaters are usually located on centrally located mountains, hillsides or tall buildings and provide the same coverage as base stations; </s>
	</p>
	<p n="254">
	  <s n="407"> (e) Digital microwave links: for communication links to regional sub-headquarters and other communication nodes within a mission area. </s>
	  <s n="408"> Microwave transmitters use significantly higher frequencies than VHF/UHF systems and thus are able to carry greater amounts of information. </s>
	  <s n="409"> They are normally configured as point-to-point terrestrial links. </s>
	  <s n="410"> The distance between transmitters is determined by the need for line-of-sight transmission. </s>
	  <s n="411"> The latest models also incorporate high-speed data local area network (LAN)/wide area network (WAN) connections; </s>
	</p>
	<p n="255">
	  <s n="412"> (f) Linked digital trunking systems: sophisticated radio networks that perform essentially the same function as VHF networks. </s>
	  <s n="413"> The trunking system employs a more complex transmission processing protocol controlled by computer. </s>
	  <s n="414"> It monitors and identifies the transmissions of each radio operating within a given network and performs multiplexing of radio transmissions and assignment of frequencies. </s>
	  <s n="415"> The system thus allows many users to use the same repeater simultaneously without interference, while also providing protection against jamming and interference. </s>
	</p>
	<p n="256">
	  <s n="416"> High-frequency equipment. </s>
	  <s n="417"> High-frequency radio offers very wide coverage and performs most efficiently over long distances (more than 50 kilometres). </s>
	  <s n="418"> Its signal quality and reliability, however, are far from equalling those provided by VHF and UHF, because of its lower frequencies. </s>
	  <s n="419"> High-frequency equipment is to be used between regional headquarters within a mission as back-up to satellite circuits, and by military observers deployed in remote areas where no other means of communications is available. </s>
	  <s n="420"> High-frequency equipment is sensitive to environmental conditions and requires periodic calibration. </s>
	  <s n="421"> Vehicles for overland travel will be equipped with mobile transceivers that include a global positioning system function for remote vehicle tracking. </s>
	</p>
	<p n="257">
	  <s n="422"> Satellite equipment. </s>
	  <s n="423"> The following equipment is included: </s>
	</p>
	<p n="258">
	  <s n="424"> (a) Earth stations provide a mission headquarters rear link to United Nations Headquarters via the global United Nations satellite network; </s>
	</p>
	<p n="259">
	  <s n="425"> (b) Very small aperture (VSAT) “C” band stations. </s>
	  <s n="426"> VSAT refers to antenna size, which in turn determines the number of telephone/fax lines that can be connected to the network. </s>
	  <s n="427"> VSAT provides connectivity for regional headquarters and, in vans, together with the mobile deployable telecommunications system (MDTS), mobile connectivity to the global United Nations satellite network; </s>
	</p>
	<p n="260">
	  <s n="428"> (c) INMARSAT terminals (mini “M”, mobile mini “M” and “M4”) provide independent voice, fax and data communications for all sub-headquarters locations. </s>
	</p>
	<p n="261">
	  <s n="429"> Telephone equipment. </s>
	  <s n="430"> Peacekeeping operations may be deployed in countries where the national infrastructure has been severely damaged, if not destroyed. </s>
	  <s n="431"> This often requires the United Nations to establish the mission communications network from scratch, including landline telephone services. </s>
	  <s n="432"> Telephone services and equipment include the following: </s>
	</p>
	<p n="262">
	  <s n="433"> (a) Private access branch exchange (PABX) is the brain behind any telephone network. </s>
	  <s n="434"> It is the gateway between the mission headquarters office telephone system and provides the satellite link back to New York Headquarters and access to local postal telephone and telegraph lines. </s>
	  <s n="435"> PABX systems are always installed in mission headquarters and usually throughout sector or regional offices in the field to provide the necessary number of telephone/fax circuits. </s>
	  <s n="436"> Three exchange types are proposed — large, medium and small — to provide telephone services to mission installations, in accordance with their size and function and the number of lines required; </s>
	</p>
	<p n="263">
	  <s n="437"> (b) GSM mobile telephones with worldwide access are provided for substantive staff and key mission personnel; </s>
	</p>
	<p n="264">
	  <s n="438"> (c) Rural telephone links are used to extend telephone lines over radio links in areas that are difficult to access with landlines; </s>
	</p>
	<p n="265">
	  <s n="439"> (d) Secure (encrypted) telephone and fax services are provided to the Special Representative of the Secretary-General or key mission personnel for sensitive communications with United Nations Headquarters. </s>
	  <s n="440"> This may also be required for communications between key organizations within a mission to ensure the privacy of sensitive communications in critical situations. </s>
	</p>
	<p n="266">
	  <s n="441"> Radio broadcasting equipment. </s>
	  <s n="442"> Radio broadcasting equipment is provided for the transmission of information to the public. </s>
	  <s n="443"> Broadcasting equipment will be located at a mission headquarters. </s>
	  <s n="444"> One set of equipment will be kept on standby at these locations as a back-up. </s>
	</p>
	<p n="267">
	  <s n="445"> Workshop, test and other equipment. </s>
	  <s n="446"> The following equipment is included: </s>
	</p>
	<p n="268">
	  <s n="447"> (a) A rapidly deployable telecommunications system (RDTS) will be set up at a mission headquarters location to provide access to the United Nations worldwide communications network until permanent installations can be completed, typically for the first 90 days; </s>
	</p>
	<p n="269">
	  <s n="448"> (b) An MDTS is capable of performing the same functions as an RDTS in a highly mobile vehicle-mounted system. </s>
	  <s n="449"> This type of communications system will be employed at forward and/or remote mission locations such as regional headquarters, logistic bases, airports and seaports during initial deployment phases, typically for the first 15 days; </s>
	</p>
	<p n="270">
	  <s n="450"> (c) Solar panel kits are used to provide communications equipment with direct current power in locations where other sources are not available or reliable. </s>
	  <s n="451"> This permits, for example, the deployment of remote or unattended repeater sites in support of radio or trunking systems; </s>
	</p>
	<p n="271">
	  <s n="452"> (d) The CarLog system is proposed as a standard feature for all vehicles driven on public roads. </s>
	  <s n="453"> The system has features that allow only authorized users to operate a certain vehicle, and that sound alerts when speed is excessive or scheduled maintenance becomes due. </s>
	  <s n="454"> It also has features for recording fuel consumption, trip profiles and information about the last 3 hours of operation. </s>
	</p>
	<p n="272">
	  <s n="455"> Other equipment </s>
	</p>
	<p n="273">
	  <s n="456"> Estimate: $36,681,700 </s>
	</p>
	<p n="274">
	  <s n="457"> Standard ratio scales have been applied to determine quantities of office furniture, accommodation equipment and office equipment (e.g., copiers, safes and shredders). </s>
	</p>
	<p n="275">
	  <s n="458"> Photocopiers. </s>
	  <s n="459"> Applying the standard ratio scales for large headquarters, major base locations, sections/divisions/units at headquarters, regional headquarters and team sites, the following quantities of photocopiers have been determined (quantities for entities not listed have been determined from empirical data and by comparison): </s>
	</p>
	<p n="276">
	  <s n="460"> Data-processing equipment. </s>
	  <s n="461"> The allocation of electronic data-processing equipment is based on the application of standard ratios for desktop computers, laptops, printers and file servers to the planned staffing levels. </s>
	</p>
	<p n="277">
	  <s n="462"> (a) Desktop computers with monitors are used for basic computer operations in the mission area, including word-processing, spreadsheet production and database management; </s>
	</p>
	<p n="278">
	  <s n="463"> (b) Portable (notebook) computers are also used for basic computer operations in the mission area, including word-processing, spreadsheet production and database management; </s>
	</p>
	<p n="279">
	  <s n="464"> (c) LAN file/application servers and software: the server stores data for network users and provides access to the data and/or applications through the network media under the control of the network operating system. </s>
	  <s n="465"> The technical specifications for the file servers depend on the number of users and the selected topology of the LAN. </s>
	  <s n="466"> A file server consists of a CPU, a monitor, a keyboard, network interface cards, a tape streamer (data back-up) and the network operating system (Novell Netware, MS Windows NT, Linux or SCO UNIX); </s>
	</p>
	<p n="280">
	  <s n="467"> (d) Uninterrupted power supply (UPS) is based on battery-type power sources, which provide protection against power failures and potentially destructive fluctuations. </s>
	  <s n="468"> In case of an interruption in the power supply, 1,000VA and 3,000VA models, for personal computers and servers respectively, provide continuous electrical power until back-up power becomes available or the computer is shut down. </s>
	  <s n="469"> Both types of UPS can also be used in conjunction with voltage regulators when required. </s>
	</p>
	<p n="281">
	  <s n="470"> Software. </s>
	  <s n="471"> Standard United Nations application software licences are provided for 100 per cent of the proposed computers. </s>
	</p>
	<p n="282">
	  <s n="472"> Generators. </s>
	  <s n="473"> The provision of 241 generator sets of various capacities is required to generate electrical power for all mission elements, including troops (United Nations standard ratio = 1.5 kVA per person). </s>
	  <s n="474"> In order to maintain continuous power generation, a 50 per cent back-up capacity is required. </s>
	  <s n="475"> Therefore, a pair of generator sets should be allocated at each location and/or for each purpose. </s>
	  <s n="476"> Smaller generators of various capacities are required for remote location deployments (e.g., for military observers) and dedicated power consumers (satellite farms, communications centres, etc.). </s>
	  <s n="477"> The breakdown of generator requirements is as follows: </s>
	</p>
	<p n="283">
	  <s n="478"> The total power generation capacity is 19,000 kVA, of which 2,000 kVA is reserved for dedicated power consumers and 17,000 kVA for mission personnel, including military units (1,000 complex mission headquarters staff + 500 military observers + 500 civilian police + 10,000 troops (50 per cent self-sustained) + 600 traditional mission headquarters staff = 7,600 x 1.5 kVA + 50 per cent back-up = 17,000 kVA). </s>
	</p>
	<p n="284">
	  <s n="479"> Fuel equipment. </s>
	  <s n="480"> Provision is made for 2 complete ground fuel farms and 10 aviation fuel systems (2 for each mission headquarters and sector headquarters). </s>
	</p>
	<p n="285">
	  <s n="481"> Water treatment and bottling unit. </s>
	  <s n="482"> The provision of five units is required to supply drinking water in central mission locations: one unit each for both types of mission headquarters and one unit each for three sector headquarters. </s>
	</p>
	<p n="286">
	  <s n="483"> Medical and dental equipment. </s>
	  <s n="484"> Timely provision of medical services is considered a prerequisite for rapid mission deployment. </s>
	  <s n="485"> Experience shows that deployment time lines of 30/90 days will be met only with pre-configured equipment. </s>
	  <s n="486"> Therefore, provision is made to store two complete level II hospitals, three level I clinics and five headquarters clinics, one for each mission headquarters and each sector headquarters. </s>
	  <s n="487"> Each level II hospital is able to provide medical services for troop formations as large as a brigade. </s>
	  <s n="488"> The headquarters clinics provide emergency and primary health services to mission personnel that do not belong to formed units. </s>
	  <s n="489"> Three level I clinics are provided as back-ups for military units that cannot deploy their own medical facilities in time. </s>
	</p>
	<p n="287">
	  <s n="490"> Observation equipment. </s>
	  <s n="491"> Provision is made to equip military observers and civilian police with night-vision devices and to provide supplementary equipment to military contingents. </s>
	  <s n="492"> The standard ratio scale applied is 1:15, taking into account that military contingents are 50 per cent self-sustained. </s>
	</p>
	<p n="288">
	  <s n="493"> Security equipment. </s>
	  <s n="494"> Provision is made for walk-through metal detectors and luggage X-ray machines at headquarters entrances and cargo X-ray machines at mission airfields. </s>
	  <s n="495"> Fragmentation jackets and ballistic helmets are required for international staff. </s>
	</p>
	<p n="289">
	  <s n="496"> Supplies and services </s>
	</p>
	<p n="290">
	  <s n="497"> Estimate: $3,648,100 </s>
	</p>
	<p n="291">
	  <s n="498"> Purchases of miscellaneous supplies, cleaning materials and office supplies are based on consumption totals for not more than 60 days. </s>
	  <s n="499"> Medical supplies and drug sets are provided for each headquarters clinic, level I clinic and level II hospital. </s>
	  <s n="500"> Provision is made for 30 days&apos; emergency rations for 50 per cent of the overall strength of a traditional mission, i.e., 2,750 personnel (local staff not included). </s>
	</p>
	<p n="292">
	  <s n="501"> Field defence stores are provided for all mission installations (100 per cent) and contingent facilities (50 per cent). </s>
	</p>
	<p n="293">
	  <s n="502"> The cost estimate provides for stationery and office supplies ($371,800), medical supplies ($311,700), sanitation and cleaning materials ($130,800), rations ($1,127,000), tools ($84,800), uniform items and decals ($109,700), field defence stores ($859,600) and miscellaneous supplies ($652,700). </s>
	</p>
	<p n="294">
	  <s n="503"> Public information programmes </s>
	</p>
	<p n="295">
	  <s n="504"> Estimate: $208,800 </s>
	</p>
	<p n="296">
	  <s n="505"> Provision is made to produce and edit video and audio footage for public information purposes for both types of mission headquarters. </s>
	  <s n="506"> The equipment proposed provides for mobile production of raw video and audio footage, which can then be edited, using professional video and audio equipment, for later broadcast. </s>
	</p>
	<p n="297">
	  <s n="507"> Advance procurement </s>
	</p>
	<p n="298">
	  <s n="508"> • Strategic lift </s>
	</p>
	<p n="299">
	  <s n="509"> • Fuel </s>
	</p>
	<p n="300">
	  <s n="510"> • Rations </s>
	</p>
	<p n="301">
	  <s n="511"> • Water </s>
	</p>
	<p n="302">
	  <s n="512"> Stockpile at UNLB </s>
	</p>
	<p n="303">
	  <s n="513"> • Vehicles </s>
	</p>
	<p n="304">
	  <s n="514"> • Communications equipment </s>
	</p>
	<p n="305">
	  <s n="515"> • Accommodation, etc. </s>
	</p>
	<p n="306">
	  <s n="516"> For </s>
	</p>
	<p n="307">
	  <s n="517"> • Technical survey mission </s>
	</p>
	<p n="308">
	  <s n="518"> • Planning in New York </s>
	</p>
	<p n="309">
	  <s n="519"> • Establish a planning team </s>
	</p>
	<p n="310">
	  <s n="520"> • Issue warning order for deployment </s>
	</p>
	<p n="311">
	  <s n="521"> For </s>
	</p>
	<p n="312">
	  <s n="522"> • Advance team, procurement with long lead time </s>
	</p>
	<p n="313">
	  <s n="523"> • Recruitment of some core personnel </s>
	</p>
	<p n="314">
	  <s n="524"> • Establishment of mission HQ </s>
	</p>
	<p n="315">
	  <s n="525"> • Request pre-mandate commitment authority from ACABQ (up to $50 million) </s>
	</p>
	<p n="316">
	  <s n="526"> • Contract strategic sealift and/or airlift and other services </s>
	</p>
	<p n="317">
	  <s n="527"> • Commence procurement </s>
	</p>
	<p n="318">
	  <s n="528"> • Activate standby arrangements for personnel and material </s>
	</p>
	<p n="319">
	  <s n="529"> • Prepare strategic deployment stocks for shipment </s>
	</p>
	<p n="320">
	  <s n="530"> • Finalize the concept of operations </s>
	</p>
	<p n="321">
	  <s n="531"> • Prepare an initial budget </s>
	</p>
	<p n="322">
	  <s n="532"> • Submit an initial budget </s>
	</p>
	<p n="323">
	  <s n="533"> • Budget approval </s>
	</p>
	</body>
</text>
</DOC>