<?xml version="1.0" encoding="UTF-8"?>
<DOC lang="English" n="N0226778" id="A/56/848" date="2002/02/28">
<text>
	<body>
	<p n="1">
	  <s n="1"> Fifty-sixth session </s>
	</p>
	<p n="2">
	  <s n="2"> Agenda item 123 </s>
	</p>
	<p n="3">
	  <s n="3"> Programme budget for the biennium 2002-2003 </s>
	</p>
	<p n="4">
	  <s n="4"> Strengthening the security and safety of United Nations premises </s>
	</p>
	<p n="5">
	  <s n="5"> Revised estimates under sections 16, 17, 19, 20, 27C, 27D, 27E, 27F, 27G, 30, 31 and 32 and income section 1 of the programme budget for the biennium 2002-2003* </s>
	</p>
	<p n="6">
	  <s n="6"> * The General Assembly adopted the programme budget for the biennium 2002-2003 in its resolution 56/254 of 24 December 2001. </s>
	</p>
	<p n="7">
	  <s n="7"> Report of the Secretary-General </s>
	</p>
	<p n="8">
	  <s n="8"> Contents </s>
	</p>
	<p n="9">
	  <s n="9"> Introduction </s>
	</p>
	<p n="10">
	  <s n="10"> Following the events of 11 September 2001, the Secretary-General established the Senior Emergency Management Group to deal with major emergency situations at Headquarters. </s>
	  <s n="11"> An Emergency Command Centre was set up to implement immediate administrative and operational measures in case of an emergency. </s>
	  <s n="12"> The Senior Emergency Management Group is composed of the heads of departments and offices of the Secretariat responsible for specific functional areas that would be involved in case of an emergency. </s>
	  <s n="13"> The Group is responsible for evaluating threats and taking all necessary decisions relating to the security and safety of staff and the functioning of the United Nations, including evacuation of the premises and cancellation of intergovernmental and other meetings. </s>
	  <s n="14"> The Group will also advise the Secretary-General on matters arising directly from such an emergency situation. </s>
	  <s n="15"> The heads of offices away from Headquarters have been directed to proceed in the same manner and review, in close coordination with the United Nations Security Coordinator, the security and safety arrangements in those offices. </s>
	</p>
	<p n="11">
	  <s n="16"> Towards the end of 2001 a thorough review of security and safety arrangements at the United Nations was undertaken. </s>
	  <s n="17"> The review focused on assessing the present security conditions at the United Nations and potential security threats; assessing various specific threat scenarios and related requirements and emergency operational as well as funding and financial procedures; establishing modalities for coordination during emergencies with the management of the United Nations Development Programme, the United Nations Children&apos;s Fund, the United Nations Population Fund and the United Nations Office for Project Services; and determining the scope of programmes to train key personnel in emergency crisis management and rapid response to emergency situations. </s>
	</p>
	<p n="12">
	  <s n="18"> The United Nations Office at Geneva, the United Nations Office at Vienna, the United Nations Office at Nairobi and the regional commissions were requested to assess the present security conditions, determine the measures needed for strengthening security and safety of the premises in the light of the evolving situation and to submit proposals. </s>
	  <s n="19"> Those proposals have been further evaluated by the Office of the United Nations Security Coordinator through security assessment missions dispatched to the United Nations Office at Nairobi and to the regional commissions and have also been reviewed by the Headquarters Security and Safety Service. </s>
	</p>
	<p n="13">
	  <s n="20"> In the course of the security and safety assessment exercise during 2001, the Secretariat identified the most immediate short-term specific needs required to be addressed on an urgent basis. </s>
	  <s n="21"> The related requirements, totalling $3,573,600, were incorporated into the second budget performance report for the biennium 2000-2001 (A/56/674 and Corr.1, para. </s>
	  <s n="22"> The short-term measures have been largely implemented. </s>
	</p>
	<p n="14">
	  <s n="23"> Proposals for strengthening the security and safety of United Nations premises at its main locations </s>
	</p>
	<p n="15">
	  <s n="24"> The long-term requirements for strengthening the security and safety of United Nations premises over and above those already approved in the programme budget for the biennium 2002-2003 are set out below. </s>
	  <s n="25"> The proposals made with respect to the United Nations Office at Nairobi and the regional commissions to a large extent address gaps and imbalances in the existing security and safety arrangements to bring them up to the minimal standard security and safety coverage levels. </s>
	  <s n="26"> The assessment of conditions of the United Nations premises in New York, Geneva and Vienna has indicated a need for substantial strengthening of security protection to ensure adequate coverage during sessions of the General Assembly, the Security Council, the Economic and Social Council and their subsidiary organs and when United Nations headquarters are visited by heads of State and Government. </s>
	</p>
	<p n="16">
	  <s n="27"> The proposals set forth in the present report have been made on the understanding that the security of the United Nations at every duty station is primarily the responsibility of the host country. </s>
	  <s n="28"> Therefore, the proposals that follow are limited to strengthening the security and safety arrangements inside the area occupied by the United Nations, including measures for dealing with an emergency should one occur. </s>
	  <s n="29"> It is understood in this connection that host countries would provide all the required protection of the United Nations outside the perimeter of the United Nations district in that country. </s>
	</p>
	<p n="17">
	  <s n="30"> The security arrangements of the Economic and Social Commission for Asia and the Pacific (ESCAP), the Economic Commission for Latin America and the Caribbean (ECLAC) and the Economic and Social Commission for Western Asia (ESCWA) have been reviewed bearing in mind the policy established by the General Assembly in its resolution 55/232 of 23 December 2000, whereby the Assembly declared that activities that could compromise the safety and security of delegations, staff and visitors could not be outsourced. </s>
	  <s n="31"> In the course of the security assessment missions to the three regional commissions undertaken by the Office of the United Nations Security Coordinator, it was ascertained that the contractual security arrangements practised by those regional commissions did not provide sufficient security coverage and could compromise security and safety. </s>
	  <s n="32"> On that basis, the proposals set out below include a set of measures for discontinuing the outsourcing of security activities and ensuring the provision of protection inside the premises by the United Nations Security Service, including the establishment of 60 new security officer posts at the regional commissions surveyed. </s>
	  <s n="33"> Taking into account the contractual obligations established by the United Nations for 2002, the change in the arrangements is proposed with effect from 1 January 2003, except at ESCWA, where such obligations expire on 31 March 2002. </s>
	</p>
	<p n="18">
	  <s n="34"> The present report also proposes additional provisions for insuring United Nations premises for the current biennium. </s>
	  <s n="35"> While the proposal has no impact on the level of the security and safety of those premises, these requirements reflect the substantial increase in insurance premiums and certain limitations in the scope of insurance coverage experienced since the events of 11 September. </s>
	  <s n="36"> The additional insurance costs are estimated at $2.3 million. </s>
	  <s n="37"> It should be noted in this connection that the insurance of United Nations premises and/or property at Addis Ababa, Santiago and Beirut is administered centrally by Headquarters as a consolidated contract. </s>
	  <s n="38"> Therefore, the related additional requirements for the Economic Commission for Africa (ECA), ECLAC and ESCWA, together with those for Headquarters, are proposed under section 30, Special expenses. </s>
	  <s n="39"> Insurance of United Nations property in other offices is administered locally. </s>
	  <s n="40"> The estimated additional requirements with respect to the United Nations Offices at Geneva and Nairobi are proposed under their respective budget sections. </s>
	  <s n="41"> No increase in insurance costs is presently foreseen for the United Nations Office at Vienna or ESCAP. </s>
	</p>
	<p n="19">
	  <s n="42"> United Nations Headquarters requirements ($36,649,400) </s>
	</p>
	<p n="20">
	  <s n="43"> The overall law-and-order situation in New York City can be described as normal. </s>
	  <s n="44"> It is well under control by local authorities, and there is a low level of crime. </s>
	  <s n="45"> However, given the high profile of the United Nations, the overall security risk and/or level of threat to United Nations Headquarters is rated as high, and can be upgraded to very high during sessions of the General Assembly, the Security Council, the Economic and Social Council and their subsidiary bodies and during visits to Headquarters by heads of State and Government. </s>
	  <s n="46"> The security situation at Headquarters is complicated by the close proximity of the United Nations district to main transportation routes and residential areas of midtown Manhattan and the absence of a security buffer zone around the district. </s>
	  <s n="47"> The Headquarters premises are the property of the United Nations. </s>
	  <s n="48"> The complex occupies a total area of 7.08 hectares. </s>
	  <s n="49"> Security inside the United Nations district is provided by the United Nations Security Service. </s>
	  <s n="50"> The Security Service is composed of 5 Professional, 9 General Service and 190 Security Officer posts, including 14 extrabudgetary posts. </s>
	</p>
	<p n="21">
	  <s n="51"> As indicated in paragraph 2 above, a thorough review of security and safety arrangements in the Headquarters area has been undertaken in the light of the present security situation in the host country and city. </s>
	  <s n="52"> The purpose of the review was to identify weaknesses in the present security and safety arrangements at Headquarters and to provide a blueprint for security improvements with the objective of minimizing security risks. </s>
	  <s n="53"> The review has identified the areas, with very specific needs, in which new security challenges must be met on both a short-term and a long-term basis. </s>
	  <s n="54"> As indicated above, the short-term measures were initiated in 2001. </s>
	  <s n="55"> The long-term measures proposed below relate to the following areas: </s>
	</p>
	<p n="22">
	  <s n="56"> (a) Security and safety (access control, safety and security within the premises, detection of explosives, surveillance and response to biological or chemical emergencies); </s>
	</p>
	<p n="23">
	  <s n="57"> (b) Building and property management (security of the physical premises, establishment of off-site premises, maintenance of fire and chemical alarm systems and strengthening of related technological infrastructure). </s>
	</p>
	<p n="24">
	  <s n="58"> The following specific projects have been identified for the above areas to adequately secure the Headquarters premises from external threats, in addition to measures already reported in the second performance report for the biennium 2000-2001 and those approved in the programme budget for 2002-2003: </s>
	</p>
	<p n="25">
	  <s n="59"> (a) Safety and security on the premises: </s>
	</p>
	<p n="26">
	  <s n="60"> (i) Strengthening the security force and security-related functions: establishment of 56 new posts (54 in the Office of Central Support Services and 2 in the Medical Services Division of the Office of Human Resources Management) are proposed effective 2002. </s>
	  <s n="61"> The responsibilities of those posts are set out in annex I; </s>
	</p>
	<p n="27">
	  <s n="62"> (ii) Setting up a Security Control Centre within the district perimeter by relocating non-priority occupants of Headquarters space to an off-site location, as well as establishing a back-up centre in a remote location, with a view to providing centralized electronic monitoring of the perimeter, access control points and intrusion detection systems and to coordinate early biohazard responses; </s>
	</p>
	<p n="28">
	  <s n="63"> (iii) Installing ballistic partitions and laminations: ballistic partitions should be installed at the General Assembly Hall and the Security Council, Economic and Social Council and Trusteeship Council Chambers, providing a layer of protection between delegates and the public. </s>
	  <s n="64"> Furthermore, ballistic film would be installed on the first-floor windows of the Secretariat and General Assembly buildings; </s>
	</p>
	<p n="29">
	  <s n="65"> (iv) Strengthening protection of the executive areas: additional measures to reinforce the security of the Office of the Secretary-General and the senior executive floors of the United Nations funds and programmes; </s>
	</p>
	<p n="30">
	  <s n="66"> (v) Replacing trash receptacles in public areas with strengthened, blast-proof ones; </s>
	</p>
	<p n="31">
	  <s n="67"> (vi) Establishing and maintaining at Headquarters a stock of biohazard equipment, specialized suits and uniforms and related supplies; </s>
	</p>
	<p n="32">
	  <s n="68"> (b) Reinforcement of the perimeter and access control: several security deficiencies have been identified in the perimeter of and at access points in the Headquarters district; addressing those weaknesses and requirements would include: </s>
	</p>
	<p n="33">
	  <s n="69"> (i) Developing a global United Nations standard identification system: implementing the first phase of the project at Headquarters and the United Nations Offices at Geneva, Vienna and Nairobi; evaluating the first phase with a view to expanding the system to other duty stations subsequently. </s>
	  <s n="70"> The project implementation would be managed centrally by Headquarters; </s>
	</p>
	<p n="34">
	  <s n="71"> (ii) Installing two prefabricated buildings for screening purposes: one building at the Forty-Second Street pedestrian entrance and another at the Forty-Sixth Street visitors&apos; entrance; </s>
	</p>
	<p n="35">
	  <s n="72"> (iii) Acquiring and installing additional baggage X-ray machines and magnetometers owing to the increase in the number of screening points for visitors and affiliated personnel; </s>
	</p>
	<p n="36">
	  <s n="73"> (iv) Procuring a tent to cover arriving and departing vehicles at the delegates&apos; entrance of the General Assembly building to replace the current one, which is leased; </s>
	</p>
	<p n="37">
	  <s n="74"> (v) Installing barriers (stingers) at all vehicle entrances and exits (the garage as well as ramps); </s>
	</p>
	<p n="38">
	  <s n="75"> (vi) Replacing the current perimeter fence, which is highly vulnerable to being climbed by intruders, with a new perimeter fence, supplemented with alarms and closed-circuit television cameras around the entire complex; </s>
	</p>
	<p n="39">
	  <s n="76"> (vii) Installing grills and vents on, as well as magnetic contacts on the interior of, all vault grates of the electrical utility and on all utility manholes in the vicinity for alerting the Security Control Centre of any unauthorized access to the premises; </s>
	</p>
	<p n="40">
	  <s n="77"> (viii) Establishing an off-site facility for the processing of incoming mail and the pouch, equipped with mail-sorting and bar-coding systems and with equipment to treat mail for biohazards; </s>
	</p>
	<p n="41">
	  <s n="78"> (c) Detection, surveillance and preventive measures: </s>
	</p>
	<p n="42">
	  <s n="79"> (i) Expanding beyond current time slots, to include weekends and evenings, the coverage provided by the canine explosive-detection team; </s>
	</p>
	<p n="43">
	  <s n="80"> (ii) Installing a fully integrated and centralized access control and alarm monitoring system connected to a file server in the Security Control Centre, which would provide coverage of the entire perimeter, indoor open areas and all entrances and exits, and a new digital closed-circuit television system in the Security Control Centre, which would secure every public access door and permit restricted access within the premises of authorized individuals; </s>
	</p>
	<p n="44">
	  <s n="81"> (iii) Conducting an extensive overhaul of the present fire alarm system, warden stations and related communications systems, particularly in the Conference and General Assembly buildings; and installing in those areas automatic fan shutdown and fan purge and exhaust systems to ensure the quality and safety of the air on the premises; </s>
	</p>
	<p n="45">
	  <s n="82"> (iv) Installing sensors to detect gas, chemical and biological threats and ultraviolet bacteriological controls in selected air streams, as well as upgrading isolation mechanisms and providing for remote control of air vents; </s>
	</p>
	<p n="46">
	  <s n="83"> (v) Overhauling the lighting system around the entire perimeter of the Headquarters premises; </s>
	</p>
	<p n="47">
	  <s n="84"> (vi) Installing an intrusion detection and alarm system at approximately 300 points or zones. </s>
	  <s n="85"> This project would also require fibre-optic rewiring in the basement corridors to provide maximum coverage throughout the premises; </s>
	</p>
	<p n="48">
	  <s n="86"> (vii) Irradiating incoming mail and the pouch to guard against biological threats and testing for anthrax exposure; </s>
	</p>
	<p n="49">
	  <s n="87"> (d) Technological and other infrastructure upgrade: </s>
	</p>
	<p n="50">
	  <s n="88"> (i) Setting up an off-site facility for storage of records and disaster recovery units; </s>
	</p>
	<p n="51">
	  <s n="89"> (ii) Establishing local-area network connectivity between the off-site Pass and Identification Office and Headquarters offices, including the Protocol and Liaison Service and the Security and Safety Service, to facilitate paperless processing of requests for passes and identification cards; </s>
	</p>
	<p n="52">
	  <s n="90"> (iii) Installing dedicated telephone lines in selected security units and in the Security Control Centre; </s>
	</p>
	<p n="53">
	  <s n="91"> (iv) Improving the communications infrastructure, including setting up a one-way paging network, and providing a hand-held emergency locator alarm system for the guided tours; replacing the current radio equipment system at the Headquarters complex with new trunking technology to provide nine channels of communication on the same frequency (as opposed to the three channels currently available), as well as to improve coverage. </s>
	</p>
	<p n="54">
	  <s n="92"> Additional requirements have also been identified with respect to renewal of the insurance coverage of the United Nations complex at Headquarters owing to higher insurance premiums effective 1 December 2002. </s>
	  <s n="93"> Those requirements are estimated in the amount of $918,600 for the biennium 2002-2003. </s>
	</p>
	<p n="55">
	  <s n="94"> The total cost of the measures proposed above with respect to Headquarters is estimated at $36,649,400; they are set out in detail in annex I. </s>
	  <s n="95"> Of those requirements, an amount of $27,952,000 represents one-time costs associated with the alteration and improvement of existing premises and infrastructure systems, as well as with the acquisition of security-related equipment and other non-recurrent security requirements. </s>
	  <s n="96"> It should also be noted that out of the total one-time costs of $27,952,000, an amount of $17,028,000 represents the cost of the security improvements originally envisaged in the capital master plan (A/55/117 and Add.1). </s>
	  <s n="97"> These are proposed to be brought forward and implemented without delay. </s>
	  <s n="98"> The improvements in security and safety set out in the capital master plan are set out in annex II. </s>
	</p>
	<p n="56">
	  <s n="99"> United Nations Office at Geneva requirements ($16,647,700) </s>
	</p>
	<p n="57">
	  <s n="100"> The overall law-and-order situation in Geneva can be described as normal. </s>
	  <s n="101"> It is well under control by local authorities, and there is a low level of crime. </s>
	  <s n="102"> However, given the high profile of the United Nations Office at Geneva in Europe, the overall security risk and/or level of threat for the United Nations Office complex is rated as medium, with upgrades to high and very high during sessions of United Nations intergovernmental organs and the governing bodies of specialized agencies taking place at the Palais des Nations and visits to the Office by heads of State and Government. </s>
	  <s n="103"> The United Nations complex is United Nations property, occupying a total area of 47.1 hectares. </s>
	  <s n="104"> The security of the complex as well as of the rented buildings occupied by the Secretariat and the United Nations funds and programmes is provided by the United Nations Office at Geneva Security Service. </s>
	  <s n="105"> The Security Service consists of 2 Professional and 88 Security Service posts, including 19 extrabudgetary posts, supplemented by temporary assistance resources equivalent to 16 full-time posts. </s>
	</p>
	<p n="58">
	  <s n="106"> The security arrangements for the United Nations Office at Geneva have been reviewed, and an analysis of risks and potential security threats was undertaken by a task force consisting of representatives of the host country and the United Nations in 1999, resulting in the development of a new security concept. </s>
	  <s n="107"> The proposals of the task force and the most immediate resource requirements were reported to the General Assembly at its fifty-fifth session (A/55/511). </s>
	  <s n="108"> Subsequently, the proposals to enhance security in the United Nations compound were made in the context of the proposed programme budget for the biennium 2002-2003 under section 31, Construction, alteration, improvement and major maintenance, including proposals to reinforce perimeter protection of the Palais des Nations, to construct an entry-control building at the Pregny gate and create an intermediate buffer zone and to install protected doors and additional window shutters and electronic access control systems. </s>
	  <s n="109"> The Assembly endorsed those proposals at its fifty-sixth session and approved an appropriation for the purpose in the amount of $2,439,100. </s>
	</p>
	<p n="59">
	  <s n="110"> The need for accelerated implementation of the new security concept and for further strengthening of security at the United Nations Office at Geneva was reviewed after 11 September. </s>
	  <s n="111"> A number of measures for security enhancement, which initially were planned over a longer period of time, are now proposed to be implemented during the period from 2002 to 2005, with a predominant part of them to be implemented during the current biennium. </s>
	  <s n="112"> The proposals for the current biennium, in addition to those already approved by the General Assembly under section 31, include the following: </s>
	</p>
	<p n="60">
	  <s n="113"> (a) Strengthening of the security force and the security-related functions through the establishment of 1 new P-4 post for the Deputy Chief of the Security and Safety Section and 13 General Service posts, including 1 at the Principal level. </s>
	  <s n="114"> The responsibilities of the posts are set out in detail in annex I; </s>
	</p>
	<p n="61">
	  <s n="115"> (b) Creation of a security control centre with a provision for adequate technical and communication support; </s>
	</p>
	<p n="62">
	  <s n="116"> (c) Provision of full perimeter protection, including reinforcement of fences, traffic-control barriers and access control at the Place des Nations gate and the Chemin de Fer gate; modification of road access to the gates; and installation of a new generalized video surveillance system; </s>
	</p>
	<p n="63">
	  <s n="117"> (d) Provision of blast protection to oversized glazed facades, especially around the Assembly building, the Honour courtyard and the E building; </s>
	</p>
	<p n="64">
	  <s n="118"> (e) Improvement of underground garage area protection through the provision of additional access controls, video surveillance devices and increased lighting and implementation of the first phase of the intermediate area surveillance system (outside lighting and parking); </s>
	</p>
	<p n="65">
	  <s n="119"> (f) Relocation of mail and pouch shipping and receiving operations out of the current location in the inner secretariat courtyard to an outside building. </s>
	</p>
	<p n="66">
	  <s n="120"> Additional requirements have also been identified with respect to renewal of the insurance coverage of the United Nations complex in Geneva due to higher insurance rates effective 1 January 2002. </s>
	  <s n="121"> Those requirements are estimated in the amount of $595,400 for the biennium 2002-2003. </s>
	</p>
	<p n="67">
	  <s n="122"> The cost of these additional measures to be implemented in the current biennium amount to $16,647,700, including an amount of $14,595,200 related to one-time costs associated with alteration and improvement of existing premises and security structures and the acquisition of related equipment. </s>
	  <s n="123"> These costs are detailed in annex I. </s>
	  <s n="124"> The further strengthening of the security infrastructure, including additional building protection improvements, partitioning of buildings and implementation of the second phase of the intermediate surveillance system, which are estimated at this stage in the amount of $5.6 million, would be proposed in the context of the proposed programme budget for the biennium 2004-2005. </s>
	</p>
	<p n="68">
	  <s n="125"> C. United Nations Office at Vienna requirements ($1,619,000) </s>
	</p>
	<p n="69">
	  <s n="126"> The overall law-and-order situation in Vienna can be described as normal. </s>
	  <s n="127"> It is well under control by local authorities, and there is a low level of crime. </s>
	  <s n="128"> However, given the high profile of the United Nations system organizations stationed in Vienna, the overall security risk and/or level of threat for the Vienna International Centre may be rated as medium, upgraded to high and very high during sessions of the governing bodies of the international organizations headquartered at the Centre and visits to the Centre by heads of State and Government. </s>
	  <s n="129"> The Centre is the property of the Austrian Government and is leased by the United Nations. </s>
	  <s n="130"> It occupies a total area of 18.0 hectares. </s>
	  <s n="131"> The maintenance of the Centre is the responsibility of the United Nations Industrial Development Organization (UNIDO), while security is the responsibility of the United Nations. </s>
	  <s n="132"> The Security Service is composed of 2 Professional staff and 83 security officers, supplemented by temporary assistance resources equivalent to 9 full-time posts. </s>
	  <s n="133"> The related security costs are shared by the Vienna International Centre tenant organizations. </s>
	</p>
	<p n="70">
	  <s n="134"> In accordance with the security standards and requirements established by the Office of the United Nations Security Coordinator, the United Nations Office at Vienna has recently reviewed its present security arrangements and options to minimize the level of threat. </s>
	  <s n="135"> The review has identified a need for further threat-prevention measures, in particular along the site perimeter and service areas. </s>
	  <s n="136"> The existing perimeter fence is a simple wire mesh construction erected over 20 years ago at the time of the construction of the Centre. </s>
	  <s n="137"> It does not meet current security standards. </s>
	  <s n="138"> Erection of a new higher and stronger fence around the 400-metre perimeter is required. </s>
	  <s n="139"> The new fence would be built on a concrete foundation to prevent vehicles from deliberately crashing through it. </s>
	  <s n="140"> It would also feature appropriate deterrents to inhibit climbing or penetration by intruders. </s>
	</p>
	<p n="71">
	  <s n="141"> An experience of the past few months has also highlighted the need for more thorough screening of persons and vehicles entering the premises. </s>
	  <s n="142"> For that purpose, two additional security officer positions are required on a permanent basis: one at a delivery and vehicle access gate and one at the main gate to check visitors entering the premises. </s>
	  <s n="143"> Furthermore, four temporary security officer posts would be required to provide coverage of the areas affected by the asbestos removal project, to be carried out over the next six years, given the fact that up to 200 external contractors would be engaged throughout the premises on a continuous basis during the implementation of that project. </s>
	</p>
	<p n="72">
	  <s n="144"> The total cost of the measures proposed above amounts to $1,619,000, including $1,250,000 in one-time costs relating to the construction of a new fence. </s>
	  <s n="145"> The cost of those items would normally be shared among the tenant organizations on the basis of the formula reported in section 27F, Administration, Vienna, of the programme budget for the biennium 2002-2003. </s>
	  <s n="146"> The United Nations share of the costs would amount to $370,600. </s>
	</p>
	<p n="73">
	  <s n="147"> It should be noted in connection with the requirements estimated in paragraph 22 above that the secretariats of the Vienna-based organizations (the United Nations Office at Vienna, UNIDO, the International Atomic Energy Agency and the Comprehensive Nuclear-Test-Ban Treaty Organization) are still in consultations on issues related to the financing of the requirement of $1,619,000. </s>
	  <s n="148"> The Secretary-General intends to proceed with the implementation of the proposed measures subject to an agreement on this issue by the executive heads of the organizations located at the Vienna International Centre. </s>
	</p>
	<p n="74">
	  <s n="149"> United Nations Office at Nairobi requirements ($862,200) </s>
	</p>
	<p n="75">
	  <s n="150"> The overall law-and-order situation in Nairobi is under control by local authorities, but the overall security situation can be described as unstable. </s>
	  <s n="151"> Demonstrations are common and sometimes turn violent. </s>
	  <s n="152"> The crime rate is considered high in Nairobi, with a high incidence of residential break-ins. </s>
	  <s n="153"> There are no specific registered threats against the United Nations, and therefore the level of threat to the Organization may be rated as low. </s>
	  <s n="154"> However, due to the high incidence of common crimes, the threat to the personal safety and security of delegates, staff members and affiliated personnel may be rated as high. </s>
	</p>
	<p n="76">
	  <s n="155"> The United Nations complex at Nairobi consists of 24 buildings spread out over a total area of 56.66 hectares. </s>
	  <s n="156"> Security is provided by the United Nations Office at Nairobi Security Service, consisting of 2 Professional staff and 69 security officers, including 22 temporary posts. </s>
	  <s n="157"> An assessment of the security-related requirements for the complex was carried out with the objective of identifying any deficiencies that might exist. </s>
	  <s n="158"> Following are the measures that need to be implemented to adequately secure the complex against any external threats, in addition to the measures already approved in the context of the programme budget for 2002-2003: </s>
	</p>
	<p n="77">
	  <s n="159"> (a) Based on experience with security coverage and bearing in mind the continuing nature of the functions, it is proposed to convert the 22 temporary security officer posts to established posts (with no cost implications); </s>
	</p>
	<p n="78">
	  <s n="160"> (b) The main gate area has separate entry and exit driveways with a manually operated barrier on the entry driveway only. </s>
	  <s n="161"> Although the existing system provides for an effective means of regulating traffic entering the United Nations complex, it does not prevent any vehicle from entering the complex by force. </s>
	  <s n="162"> Therefore, it is necessary to fortify the entrance by installing vehicle-resistant bollards and rapid-deployment barriers; </s>
	</p>
	<p n="79">
	  <s n="163"> (c) The current perimeter fence has been in place since the complex was constructed in the 1970s. </s>
	  <s n="164"> Normal wear and tear and frequent intrusions in which the fence was cut has made the fence ineffective. </s>
	  <s n="165"> The proposal is to erect a two-layer fence consisting of a heavy-duty galvanized protective mesh fence 1.8 metres tall supported by a 3-metre-high electric-alarm fence, fully integrated into existing security control alarm systems; </s>
	</p>
	<p n="80">
	  <s n="166"> (d) The video surveillance programme would require the installation of 52 high-resolution closed-circuit television cameras throughout the complex capable of operating in low-light conditions. </s>
	  <s n="167"> All the cameras would include intruder alarm activation and tracking capability with automatic video recording. </s>
	  <s n="168"> The cameras would be fully integrated into existing security control alarm systems; </s>
	</p>
	<p n="81">
	  <s n="169"> (e) There is a need for the installation of a large X-ray machine for the scanning of packages and bulk mail, six walk-through X-ray machines and regular mail-screening equipment. </s>
	  <s n="170"> There is also a requirement for 12 hand-held metal detectors and 6 illuminated mirrors on poles for searching the undercarriage of vehicles; </s>
	</p>
	<p n="82">
	  <s n="171"> (f) Currently, the complex does not have any public address system to advise delegates, staff members and visitors of an emergency situation within the complex. </s>
	  <s n="172"> The installation of such a system would enhance the fire-safety systems already in place. </s>
	  <s n="173"> In addition, there is a need to upgrade the fire-safety systems and to replace the old fire extinguishers; </s>
	</p>
	<p n="83">
	  <s n="174"> (g) The location of the complex prevents local authorities from effectively responding to a fire. </s>
	  <s n="175"> The current fire truck is antiquated and needs to be replaced; </s>
	</p>
	<p n="84">
	  <s n="176"> (h) The registration desk for conferences is located in the conference area within the complex. </s>
	  <s n="177"> Anybody claiming to be a delegate therefore has to have access to the complex just to get to the registration desk. </s>
	  <s n="178"> This in itself is a security issue and a major concern. </s>
	  <s n="179"> Therefore, there is a need to establish a preregistration area at the visitors&apos; pavilion to screen delegates before allowing them into the complex and to install blast-proof lamination on the glass surfaces in the visitors&apos; pavilion and the main gate booths; </s>
	</p>
	<p n="85">
	  <s n="180"> (i) Security aspects of information technology systems would be upgraded by establishing firewalls between the network and the Internet and installing physical security features in the server room (additional hardware and software); </s>
	</p>
	<p n="86">
	  <s n="181"> (j) The acquisition of two four-wheel-drive vehicles is required for rapid response to emergency calls as well as 10 mountain bikes to patrol the complex; </s>
	</p>
	<p n="87">
	  <s n="182"> (k) The acquisition of bulletproof vests, hazardous materials suits and biohazard equipment for use by security personnel, as well as firefighting uniforms for the Fire Unit, is also required. </s>
	</p>
	<p n="88">
	  <s n="183"> Additional requirements have been identified with respect to renewal of the insurance coverage of the United Nations complex in Nairobi due to higher insurance rates in the new biennium. </s>
	  <s n="184"> These requirements are estimated at an additional $34,300 for the biennium 2002-2003. </s>
	</p>
	<p n="89">
	  <s n="185"> The total cost of the measures proposed above for the United Nations Office at Nairobi would amount to $862,200, including a one-time cost of $808,400 associated with alteration and improvement of the security-related structures and the acquisition of security and safety equipment. </s>
	  <s n="186"> These costs are set out in detail in annex I. </s>
	</p>
	<p n="90">
	  <s n="187"> E. Economic Commission for Africa requirements ($1,011,200) </s>
	</p>
	<p n="91">
	  <s n="188"> The overall law-and-order situation in Addis Ababa can be described as normal. </s>
	  <s n="189"> It is well under control by local authorities. </s>
	  <s n="190"> The crime rate is considered relatively low, and crime is preventable with normal security precautions. </s>
	  <s n="191"> There are no specific threats against the United Nations, and therefore the level of threat to the Organization can be rated as low. </s>
	  <s n="192"> The United Nations complex at Addis Ababa consists of seven buildings owned by the United Nations, spread out over an area of 11.05 hectares. </s>
	  <s n="193"> The security of the complex is provided for by the ECA Security Service, composed of 1 Professional post and 45 security officers. </s>
	</p>
	<p n="92">
	  <s n="194"> In view of the prevailing security conditions, the assessment of security-related requirements for the complex focused on proper access-control measures and normal security precautions. </s>
	  <s n="195"> The following additional measures are proposed to be implemented to provide an adequate level of security for the complex, in addition to the measures already approved in the programme budget for the biennium 2002-2003: </s>
	</p>
	<p n="93">
	  <s n="196"> (a) Modification of the perimeter control wall by increasing its height and installing a wrought-iron fence on top of it; </s>
	</p>
	<p n="94">
	  <s n="197"> (b) Enlargement of the visitors&apos; entrance area, including the provision of a covered pavilion and access gates for the handicapped, and the installation of a revolving turnstile; </s>
	</p>
	<p n="95">
	  <s n="198"> (c) Construction of a small building for registration of conference participants outside the main entrance to improve access control; </s>
	</p>
	<p n="96">
	  <s n="199"> (d) Installation of a public address system connected to the security control room in all buildings as part of the warning/alert system for evacuation of the complex; </s>
	</p>
	<p n="97">
	  <s n="200"> (e) Installation of a baggage X-ray machine in the mail-sorting unit for checking incoming mail and the pouch. </s>
	</p>
	<p n="98">
	  <s n="201"> In line with past experience and on the basis of estimated requirements, a provision of $64,400 would be required for specialized security training to be provided from external sources, including training in firefighting and first aid as well as specialized training in managing emergency situations. </s>
	</p>
	<p n="99">
	  <s n="202"> Additional requirements have also been identified with respect to renewal of the insurance coverage of the United Nations complex at Addis Ababa due to higher insurance premiums effective 1 December 2002. </s>
	  <s n="203"> These additional requirements are estimated at $600,600 for the biennium 2002-2003. </s>
	</p>
	<p n="100">
	  <s n="204"> The total cost of the requirements proposed above for ECA would amount to $1,011,200, including one-time costs of $346,200 associated with alteration and improvement of the security-related structures and the acquisition of related equipment. </s>
	  <s n="205"> These costs are set out in detail in annex I. </s>
	</p>
	<p n="101">
	  <s n="206"> Economic and Social Commission for Asia and the Pacific requirements ($691,400) </s>
	</p>
	<p n="102">
	  <s n="207"> The overall law-and-order situation in Bangkok can be described as normal. </s>
	  <s n="208"> It is well under control by local authorities. </s>
	  <s n="209"> The crime rate is considered relatively low, and crime is preventable with normal security precautions. </s>
	  <s n="210"> There are no specific threats against the United Nations, and therefore the level of threat to the Organization can be rated as low. </s>
	  <s n="211"> The United Nations complex in Bangkok is the property of the United Nations. </s>
	  <s n="212"> The complex is composed of three buildings, including a new conference centre, occupying an area of 3.16 hectares. </s>
	  <s n="213"> The security of the United Nations premises is provided by the ESCAP Security Service, consisting of 1 P-3 and 27 security officer posts, supplemented by contractual security arrangements. </s>
	</p>
	<p n="103">
	  <s n="214"> In view of prevailing security conditions, the assessment of the security requirements for the ESCAP complex focused on proper access-control measures and maintenance of normal security precautions. </s>
	  <s n="215"> The following additional measures are proposed to be implemented to provide an adequate level of security for the complex, in addition to the measures already approved in the programme budget for 2002-2003: </s>
	</p>
	<p n="104">
	  <s n="216"> (a) Replacement of contractual security arrangements. </s>
	  <s n="217"> Currently, a significant part of the ESCAP security requirements is met through outsourcing. </s>
	  <s n="218"> In line with General Assembly resolution 55/232, paragraph 4 (b), it is proposed to discontinue the contractual security arrangements in 2003, taking into account existing contractual obligations for 2002, and to replace them with permanent United Nations security staff. </s>
	  <s n="219"> In the course of a security assessment mission to ESCAP, it was estimated that 30 new security officer posts supplemented by resources for overtime and security training, would be required to replace the present contractual arrangements; </s>
	</p>
	<p n="105">
	  <s n="220"> (b) Upgrading of emergency response. </s>
	  <s n="221"> It is a standard requirement that all United Nations security officers carry firearms when on duty. </s>
	  <s n="222"> However, at present this is not the case at ESCAP. </s>
	  <s n="223"> It is therefore necessary to provide all security officers with firearms, bulletproof vests and the requisite firearm training. </s>
	  <s n="224"> Furthermore, to improve mobility in responding to emergencies, the acquisition of a four-wheel-drive vehicle for the Security Service is proposed; </s>
	</p>
	<p n="106">
	  <s n="225"> (c) Upgrading of surveillance and preventive measures. </s>
	  <s n="226"> This would include expansion of the existing video surveillance programme to encompass the entire perimeter of the complex; modification of the fire sub-control centre to integrate all closed-circuit television cameras and all motion detectors into the building automation system; installation of infrared motion detectors around the entire perimeter of the complex; and improving lighting in the garage; </s>
	</p>
	<p n="107">
	  <s n="227"> (d) Construction of a reinforced off-site mail- sorting and -receiving facility to ensure that all incoming mail is screened for hazardous materials; </s>
	</p>
	<p n="108">
	  <s n="228"> (e) Erection of concrete barriers in order to prevent unauthorized vehicles from parking in areas designated as no-parking zones along the perimeter. </s>
	</p>
	<p n="109">
	  <s n="229"> The total cost of the measures proposed above for ESCAP would amount to $691,400, including a one-time cost of $180,200 associated with alteration and improvement of the security-related structures and acquisition of security-related equipment. </s>
	  <s n="230"> These costs are set out in detail in annex I. </s>
	</p>
	<p n="110">
	  <s n="231"> Economic Commission for Latin America and the Caribbean requirements ($502,400) </s>
	</p>
	<p n="111">
	  <s n="232"> The overall law-and-order situation in Santiago can be described as normal. </s>
	  <s n="233"> It is well under control by local authorities. </s>
	  <s n="234"> The crime rate is considered relatively low, and crime is preventable with normal security precautions. </s>
	  <s n="235"> There are no specific threats against the United Nations, and therefore the level of threat to the Organization can be rated as low. </s>
	  <s n="236"> The United Nations complex at Santiago is the property of the United Nations. </s>
	  <s n="237"> It is composed of seven buildings located on an area of 5.45 hectares. </s>
	  <s n="238"> The security of the complex is provided for by the ECLAC Security Service, composed of 1 Professional and 14 security officer posts, supplemented by contractual security arrangements. </s>
	</p>
	<p n="112">
	  <s n="239"> In view of the prevailing security conditions, the assessment of security-related requirements for the ECLAC compound focused on proper access-control measures and normal security precautions. </s>
	  <s n="240"> The following additional measures are proposed to be implemented to provide an adequate level of security for the complex, in addition to the measures already approved in the programme budget for 2002-2003: </s>
	</p>
	<p n="113">
	  <s n="241"> (a) Establishment of three new posts for security officers to strengthen the coverage of entry points in view of a need for more thorough checking of visitors and incoming vehicles; </s>
	</p>
	<p n="114">
	  <s n="242"> (b) Replacement of contractual security arrangements. </s>
	  <s n="243"> Currently, a portion of the Commission&apos;s security requirements is met through outsourcing. </s>
	  <s n="244"> In line with General Assembly resolution 55/232, paragraph 4 (b), it is proposed to discontinue the contractual security arrangements in 2003, taking into account existing contractual obligations for 2002, and to replace them with permanent United Nations security staff. </s>
	  <s n="245"> In the course of the security assessment mission to ECLAC, it was estimated that six new security officer posts, supplemented by resources for security training, would be required to replace the present contractual arrangements; </s>
	</p>
	<p n="115">
	  <s n="246"> (c) Construction of Security and Safety Unit premises. </s>
	  <s n="247"> The current ECLAC Security and Safety Unit is located in the basement of the main building, which does not allow for a rapid response and deployment of security staff in case of emergency. </s>
	  <s n="248"> It is therefore proposed that new premises for the Unit be constructed to improve the coordination of security coverage; </s>
	</p>
	<p n="116">
	  <s n="249"> (d) Installation of an emergency generator for the exclusive use of the Security and Safety Unit. </s>
	  <s n="250"> This proposal envisages a set of emergency lights that are switched on automatically in case of a power failure. </s>
	  <s n="251"> These would provide lighting at strategic locations during the time gap between the power failure and the switching on of the back-up generator; </s>
	</p>
	<p n="117">
	  <s n="252"> (e) Upgrading of the lighting, alarm and video surveillance systems. </s>
	  <s n="253"> The present lighting system is 35 years old. </s>
	  <s n="254"> Because of its age it is unstable, does not provide the lighting required by security standards and must be replaced. </s>
	  <s n="255"> The current alarm system was installed some 20 years ago. </s>
	  <s n="256"> The wiring and some of the detectors have become obsolete and are not compatible with new technologies, which has been causing false alarms. </s>
	  <s n="257"> The system requires substantial renovation and upgrading. </s>
	  <s n="258"> The current video surveillance system covers only certain strategic points. </s>
	  <s n="259"> To provide an adequate level of security, it is necessary to install additional closed-circuit television cameras; </s>
	</p>
	<p n="118">
	  <s n="260"> (f) Installation of a public address system. </s>
	  <s n="261"> Currently, ECLAC does not have a public address system. </s>
	  <s n="262"> This security feature is essential and needs to be installed so that announcements can be made in case of emergency or if the premises must be evacuated; </s>
	</p>
	<p n="119">
	  <s n="263"> (g) Installation of X-ray equipment. </s>
	  <s n="264"> At present ECLAC does not have X-ray equipment to scan incoming letters and packages. </s>
	  <s n="265"> The acquisition and installation of a baggage X-ray machine at a mail-sorting unit for checking incoming mail and the pouch is required. </s>
	</p>
	<p n="120">
	  <s n="266"> Additional requirements have also been identified with respect to renewal of the insurance coverage of the United Nations complex in Santiago due to higher insurance rates effective 1 December 2002. </s>
	  <s n="267"> These additional requirements are estimated in the amount of $122,400 for the biennium 2002-2003. </s>
	</p>
	<p n="121">
	  <s n="268"> The total cost of the measures proposed above for ECLAC would amount to $502,400, including a one-time cost of $169,200 associated with alteration and improvement of the physical and security-related structures and acquisition of security-related equipment. </s>
	  <s n="269"> These costs are set out in detail in annex I. </s>
	</p>
	<p n="122">
	  <s n="270"> H. Economic and Social Commission for Western Asia requirements ($1,050,400) </s>
	</p>
	<p n="123">
	  <s n="271"> The overall law-and-order situation in Beirut can be described as normal. </s>
	  <s n="272"> It is under control of the local authorities for the time being. </s>
	  <s n="273"> However, it remains unpredictable, with potential volatility due to the past history and the geopolitical realities of the area. </s>
	  <s n="274"> The crime rate is considered relatively low, and crime is preventable with normal security precautions. </s>
	  <s n="275"> There are no specific threats against the United Nations. </s>
	  <s n="276"> ESCWA is located in a commercially leased building. </s>
	  <s n="277"> The total area occupied by ESCWA amounts to 0.26 hectares. </s>
	  <s n="278"> Security of the ESCWA headquarters is provided by the ESCWA Security Service, consisting of 1 Professional and 13 security officer posts, supplemented by contractual security arrangements. </s>
	</p>
	<p n="124">
	  <s n="279"> Although the level of threat to the United Nations in Beirut is considered low for the time being, the unpredictability of the situation in the city and the region warrants security preparations for at least a medium level of threat. </s>
	  <s n="280"> Therefore, the assessment of the security-related requirements for the complex focused on proper access-control measures, adequate security precautions and proper contingency planning. </s>
	  <s n="281"> The following measures need to be implemented to provide an adequate level of security for the complex, in addition to the measures already approved in the programme budget for 2002-2003: </s>
	</p>
	<p n="125">
	  <s n="282"> (a) Replacement of contractual security arrangements. </s>
	  <s n="283"> Currently, much of the ESCWA security requirements are met through outsourcing. </s>
	  <s n="284"> In line with General Assembly resolution 55/232 paragraph 4 (b), it is proposed to discontinue the contractual security arrangements effective 1 April 2002, taking into account existing contractual obligations for the first three months of 2002, and replace them with permanent United Nations security staff. </s>
	  <s n="285"> In the course of a security assessment mission to ESCWA, it was estimated that 21 new security officer posts, supplemented by resources for overtime and security training, would be required to replace the present contractual security arrangements; </s>
	</p>
	<p n="126">
	  <s n="286"> (b) Upgrading of protective measures, including the installation of a fence and sliding doors to provide protection from demonstrators and threats from the street as well as intrusion from adjacent buildings; installation of metal protection and blast-proof lamination on the glass surfaces on the ground and first floors of the building to protect staff against shrapnel in case of an explosion; installation of video surveillance equipment in the garage and service lift and on the roof of the building to protect against intruders; and installation of lighting on the perimeter wall; </s>
	</p>
	<p n="127">
	  <s n="287"> (c) Installation of a public address system in the building as a part of warning/alert system for evacuation of the building in case of emergency; </s>
	</p>
	<p n="128">
	  <s n="288"> (d) Acquisition of hands-free communication equipment for the security officers, which at present is not available to officers on patrol and at checkpoints; </s>
	</p>
	<p n="129">
	  <s n="289"> (e) Construction of a screening area. </s>
	  <s n="290"> Currently, all visitors are screened inside the premises. </s>
	  <s n="291"> Construction of a separate screening area outside the premises is required. </s>
	</p>
	<p n="130">
	  <s n="292"> Additional requirements have also been identified with respect to renewal of the insurance on the United Nations property within the leased building due to higher insurance premiums effective 1 December 2002. </s>
	  <s n="293"> These additional requirements are estimated at $5,400 for the biennium 2002-2003. </s>
	</p>
	<p n="131">
	  <s n="294"> The total costs of the measures proposed above for ESCWA would amount to $1,050,400, including a one-time cost of $810,200. </s>
	  <s n="295"> These costs are set out in detail in annex I. </s>
	</p>
	<p n="132">
	  <s n="296"> Conclusions and recommendations </s>
	</p>
	<p n="133">
	  <s n="297"> The total cost of the proposals on strengthening the security and safety of the United Nations premises in the biennium 2002-2003 is estimated at $57,785,300. </s>
	  <s n="298"> Annex I provides a detailed explanation of the requirements by object of expenditure for the relevant budget section. </s>
	  <s n="299"> Those costs represent additional requirements over and above those already approved for that purpose in the programme budget for the current biennium. </s>
	  <s n="300"> They are deemed to be covered by the provisions of paragraph 11 of annex I to General Assembly resolution 41/213 of 19 December 1986 concerning extraordinary expenses, as well as by paragraph (b) (ii) of section A of the annex to Assembly resolution 42/211 of 21 December 1987 concerning unforeseen obstacles to be treated on an ad hoc basis. </s>
	  <s n="301"> Accordingly, the provisions sought fall outside the scope of the contingency fund. </s>
	</p>
	<p n="134">
	  <s n="302"> The General Assembly is requested to approve the following specific proposals for the biennium 2002-2003: </s>
	</p>
	<p n="135">
	  <s n="303"> (a) To establish under the regular budget 130 new posts, as follows: </s>
	</p>
	<p n="136">
	  <s n="304"> (i) Office of Central Support Services: 1 P-1/2, 13 General Service (Other level), 36 Security Service and 4 Trades and Crafts posts; </s>
	</p>
	<p n="137">
	  <s n="305"> (ii) Office of Human Resources Management: 2 General Service (Other level) posts; </s>
	</p>
	<p n="138">
	  <s n="306"> (iii) United Nations Office at Geneva: 1 P-4 and 13 General Service posts (1 Principal level and 12 Other level); </s>
	</p>
	<p n="139">
	  <s n="307"> (iv) Economic and Social Commission for Asia and the Pacific: 30 General Service (Local level) posts; </s>
	</p>
	<p n="140">
	  <s n="308"> (v) Economic Commission for Latin America and the Caribbean: 9 General Service (Local level) posts; </s>
	</p>
	<p n="141">
	  <s n="309"> (vi) Economic and Social Commission for Western Asia: 21 General Service (Local level) posts; </s>
	</p>
	<p n="142">
	  <s n="310"> (b) To convert 22 Local level temporary posts utilized for security officers at the United Nations Office at Nairobi into established posts; </s>
	</p>
	<p n="143">
	  <s n="311"> (c) To establish outside the regular budget two permanent and four temporary General Service (Other level) posts for security officers in the Security and Safety Service of the United Nations Office at Vienna, to be financed on a cost-sharing basis by the organizations located at the Vienna International Centre; </s>
	</p>
	<p n="144">
	  <s n="312"> (d) To approve an additional appropriation under the regular budget in the amount of $57,785,300, broken down as follows (in United States dollars): </s>
	</p>
	<p n="145">
	  <s n="313"> (e) To also approve an additional appropriation in the amount of $1,574,900 under section 32, Staff assessment, to be offset by an equivalent amount of income under income section 1, Income from staff assessment. </s>
	</p>
	<p n="146">
	  <s n="314"> Annex I </s>
	</p>
	<p n="147">
	  <s n="315"> Additional resource requirements by budget section for the biennium 2002-2003 </s>
	</p>
	<p n="148">
	  <s n="316"> The full resource requirements (net of staff assessment) for strengthening the security and safety of United Nations premises at the main locations of the Secretariat for the biennium 2002-2003 are estimated at $57,785,300 (at current rates), including one-time requirements in the amount of $44,861,400 for upgrading the physical and security infrastructures, acquiring related equipment and other expenditures in the context of the measures set out in section II of the present report. </s>
	  <s n="317"> The summary of the requirements broken down by individual budget section and object of expenditure is set out in tables 1 and 2 below. </s>
	  <s n="318"> The summary of posts financed by all sources of funding and the additional post requirements are presented in table 3. </s>
	  <s n="319"> The additional requirements under section 32, Staff assessment, are estimated at $1,574,900, to be offset by the equivalent amount under income section 1, Income from staff assessment. </s>
	  <s n="320"> The estimates relating to staff assessment are not included in tables 1 and 2. </s>
	</p>
	<p n="149">
	  <s n="321"> Table 1 Summary of requirements by budget section (Thousands of United States dollars) </s>
	</p>
	<p n="150">
	  <s n="322"> Table2 Summary of requirements by object of expenditure (Thousands of United States dollars) </s>
	</p>
	<p n="151">
	  <s n="323"> Table 3 Post requirements for security-related operational activities for the biennium 2002-2003 </s>
	</p>
	<p n="152">
	  <s n="324"> a Includes 45 new posts in the Security and Safety Service and 9 new posts in the Facilities Management Division of the Office of Central Support Services and 2 new posts in the Medical Services Division of the Office of Human Resources Management. </s>
	</p>
	<p n="153">
	  <s n="325"> b These posts are established outside the United Nations Secretariat staffing table due to specific cost-sharing arrangements for their financing. </s>
	</p>
	<p n="154">
	  <s n="326"> c Includes 19 extrabudgetary posts. </s>
	</p>
	<p n="155">
	  <s n="327"> d Includes 14 extrabudgetary posts. </s>
	</p>
	<p n="156">
	  <s n="328"> e Twenty-two temporary posts are proposed for conversion into established posts. </s>
	</p>
	<p n="157">
	  <s n="329"> Section 16 Economic and social development in Africa </s>
	</p>
	<p n="158">
	  <s n="330"> Table 4 Requirements by object of expenditure (Thousands of United States dollars) </s>
	</p>
	<p n="159">
	  <s n="331"> Table 5 Post requirements </s>
	</p>
	<p n="160">
	  <s n="332"> Resource requirements </s>
	</p>
	<p n="161">
	  <s n="333"> Contractual services </s>
	</p>
	<p n="162">
	  <s n="334"> The provision of $64,400 would cover the costs of specialized training courses for the security staff, including training in firefighting, first aid and other specialized security-related areas. </s>
	</p>
	<p n="163">
	  <s n="335"> Furniture and equipment </s>
	</p>
	<p n="164">
	  <s n="336"> The amount of $21,200 relates to the acquisition of a baggage X-ray machine required for screening incoming mail and the pouch ($20,000) and six illuminated mirrors on poles for the screening of vehicle undercarriages ($1,200). </s>
	</p>
	<p n="165">
	  <s n="337"> Section 17 Economic and social development in Asia and the Pacific </s>
	</p>
	<p n="166">
	  <s n="338"> Table 6 Requirements by object of expenditure (Thousands of United States dollars) </s>
	</p>
	<p n="167">
	  <s n="339"> Table 7 Post requirements </s>
	</p>
	<p n="168">
	  <s n="340"> a Proposed positions will be established starting 1 January 2003 in replacement of the contractual security personnel. </s>
	</p>
	<p n="169">
	  <s n="341"> Resource requirements </s>
	</p>
	<p n="170">
	  <s n="342"> Posts </s>
	</p>
	<p n="171">
	  <s n="343"> The additional requirement of $495,000 relates to the establishment of 30 General Service (Local level) posts in the Security and Safety Unit for security officers to replace the present contractual security personnel, with effect from 1 January 2003, in addition to 1 P-3 and 27 General Service (Local level) posts for security officers already existing in ESCAP. </s>
	  <s n="344"> These 30 additional posts represent an equal replacement in terms of working time of 20 contractual security personnel currently working a 12-hour shift. </s>
	</p>
	<p n="172">
	  <s n="345"> Other staff costs </s>
	</p>
	<p n="173">
	  <s n="346"> The decreased requirement under this heading in the amount of $52,400 is the net result of the discontinuation, effective 1 January 2003, of the present contractual security arrangements ($92,400) and the additional provision for overtime ($40,000) that would be required owing to strengthening of the Unit. </s>
	</p>
	<p n="174">
	  <s n="347"> Contractual services </s>
	</p>
	<p n="175">
	  <s n="348"> The requirement of $68,600 would provide for specialized training courses for the security staff, including training in firearms, firefighting, first aid and other specialized security-related areas. </s>
	</p>
	<p n="176">
	  <s n="349"> Furniture and equipment </s>
	</p>
	<p n="177">
	  <s n="350"> The requirement of $80,500 relates to the acquisition of a vehicle for use by the Security and Safety Unit for rapid response to emergencies ($25,000), firearms ($46,300), bullet-proof vests ($8,000) and illuminated mirrors on poles to screen vehicle undercarriages ($1,200). </s>
	</p>
	<p n="178">
	  <s n="351"> Section 19 Economic and social development in Latin America and the Caribbean </s>
	</p>
	<p n="179">
	  <s n="352"> Table 8 Requirements by object of expenditure (Thousands of United States dollars) </s>
	</p>
	<p n="180">
	  <s n="353"> Table 9 Post requirements </s>
	</p>
	<p n="181">
	  <s n="354"> a Proposed positions include three additional posts. </s>
	  <s n="355"> In addition, six new posts are to be established starting 1 January 2003 to replace the contractual security personnel. </s>
	</p>
	<p n="182">
	  <s n="356"> Resource requirements </s>
	</p>
	<p n="183">
	  <s n="357"> Posts </s>
	</p>
	<p n="184">
	  <s n="358"> The additional requirement of $225,000 relates to: (a) the establishment of three additional General Service (Local level) posts for security officers to strengthen security coverage of the entry points to the compound to permit more detailed checking of visitors and incoming vehicles; and (b) the establishment of six General Service (Local level) posts in the Security and Safety Unit for security officers, effective 1 January 2003, to replace the four contractual security officers, currently working a 12-hour shift. </s>
	  <s n="359"> In total, the 9 new posts would supplement the existing 1 P-3 and 14 security officer posts. </s>
	</p>
	<p n="185">
	  <s n="360"> Other staff costs </s>
	</p>
	<p n="186">
	  <s n="361"> The increase in the amount of $25,000 under this heading would cover estimated additional requirements for overtime. </s>
	</p>
	<p n="187">
	  <s n="362"> Contractual services </s>
	</p>
	<p n="188">
	  <s n="363"> The requirement of $30,800 would provide for specialized training courses for the security staff, including training in firefighting, first aid and other specialized security-related areas. </s>
	</p>
	<p n="189">
	  <s n="364"> General operating expenses </s>
	</p>
	<p n="190">
	  <s n="365"> The decrease in requirements under this heading in the amount of $70,000 is a result of the discontinuation, effective 1 January 2003, of the present contractual security arrangements. </s>
	</p>
	<p n="191">
	  <s n="366"> Furniture and equipment </s>
	</p>
	<p n="192">
	  <s n="367"> The amount of $21,200 relates to the acquisition of an X-ray machine to scan incoming mail and the pouch ($20,000) and illuminated mirrors on poles to screen vehicle undercarriages ($1,200). </s>
	</p>
	<p n="193">
	  <s n="368"> Section 20 Economic and social development in Western Asia </s>
	</p>
	<p n="194">
	  <s n="369"> Table 10 Requirements by object of expenditure </s>
	</p>
	<p n="195">
	  <s n="370"> (Thousands of United States dollars) </s>
	</p>
	<p n="196">
	  <s n="371"> Table 11 Post requirements </s>
	</p>
	<p n="197">
	  <s n="372"> a Proposed positions will be established starting 1 April 2002 to replace the contractual security personnel. </s>
	</p>
	<p n="198">
	  <s n="373"> Resource requirements </s>
	</p>
	<p n="199">
	  <s n="374"> Posts </s>
	</p>
	<p n="200">
	  <s n="375"> The additional requirement of $581,700 relates to the establishment of 21 General Service (Local level) posts in the Security and Safety Unit, effective 1 January 2003, for security officers to replace the present contractual security personnel, in addition to 1 P-3 and 13 General Service (Local level) posts of security officers already existing at ESCWA. </s>
	  <s n="376"> These additional 21 posts would be sufficient to replace an equal number of contractual security personnel. </s>
	  <s n="377"> The security arrangements during nine months of 2002 (1 April-31 December) would be covered by general temporary assistance resources as discussed below. </s>
	</p>
	<p n="201">
	  <s n="378"> Other staff costs </s>
	</p>
	<p n="202">
	  <s n="379"> The additional requirement under this heading in the amount of $59,100 is the net result of the discontinuation, effective 1 April 2002, of the present contractual security arrangements ($408,900), more than offset by additional requirements under general temporary assistance to meet security costs during the period from 1 April to 31 December 2002 ($428,000), and the provision of overtime ($40,000) that would be required due to the strengthening of the Security and Safety Unit. </s>
	</p>
	<p n="203">
	  <s n="380"> Contractual services </s>
	</p>
	<p n="204">
	  <s n="381"> The requirement of $22,000 would provide for specialized training courses for the security staff, including training in firefighting, first aid and other specialized security-related areas. </s>
	</p>
	<p n="205">
	  <s n="382"> Furniture and equipment </s>
	</p>
	<p n="206">
	  <s n="383"> The amount of $6,200 relates to the acquisition of hands-free communication equipment for the security officers ($5,000) and illuminated mirrors on poles to screen vehicle undercarriages ($1,200). </s>
	</p>
	<p n="207">
	  <s n="384"> Improvement of premises </s>
	</p>
	<p n="208">
	  <s n="385"> The estimated requirement of $376,000 represents a one-time provision for implementation of projects for enhancing security arrangements at ESCWA, as follows: </s>
	</p>
	<p n="209">
	  <s n="386"> (a) Installation of a fence and sliding doors at the front entrance and on the roof of the building to provide protection from demonstrators, threats from the street and intrusion from the adjacent buildings ($70,000); </s>
	</p>
	<p n="210">
	  <s n="387"> (b) Installation of metal protection and blast-proof lamination on the glass surfaces of the ground and first floors of the building to protect staff against shrapnel in case of explosion ($85,000); </s>
	</p>
	<p n="211">
	  <s n="388"> (c) Construction of a separate building for visitors outside the premises ($80,000); </s>
	</p>
	<p n="212">
	  <s n="389"> (d) Installation of lighting on the perimeter wall ($15,000); </s>
	</p>
	<p n="213">
	  <s n="390"> (e) Installation of video surveillance equipment in the garage and service lift and on the roof of the building to protect against intruders ($86,000); </s>
	</p>
	<p n="214">
	  <s n="391"> (f) Installation of a public address system that would allow for addressing the delegations, staff and visitors in case of emergency and to notify them if evacuation were necessary ($40,000). </s>
	</p>
	<p n="215">
	  <s n="392"> Section 27C Office of Human Resources Management </s>
	</p>
	<p n="216">
	  <s n="393"> Table 12 Requirements by object of expenditure (Thousands of United States dollars) </s>
	</p>
	<p n="217">
	  <s n="394"> Resource requirements (at current rates) </s>
	</p>
	<p n="218">
	  <s n="395"> Posts </s>
	</p>
	<p n="219">
	  <s n="396"> The estimated requirement of $158,600 relates to the proposed establishment of two new posts for nurses in the Medical Services Division to cope with additional workload related to vaccination campaigns, training on and enhanced response to bioterrorism and other health hazards, carrying out regular awareness and preparation programmes for staff, and management of the stock of emergency medications. </s>
	</p>
	<p n="220">
	  <s n="397"> Supplies and materials </s>
	</p>
	<p n="221">
	  <s n="398"> The requirement of $300,000 would cover the cost of a stock of specific medications at Headquarters to respond to a biohazard emergency, including: (a) vaccines to ensure immunity against some biological agents and antibiotics and antidotes to be distributed as a first-aid response; (b) doxycycline and ciprofloxacin, the two antibiotics commonly prescribed to treat exposure to the most likely bacterial agents to be used in bioterrorism (anthrax, tularemia and plague); (c) atropine, an antidote used against some of the most likely chemical weapons, such as nerve gas; and (d) rapid-test kits to differentiate between the initial symptoms of anthrax and influenza. </s>
	</p>
	<p n="222">
	  <s n="399"> Section 27D Office of Central Support Services </s>
	</p>
	<p n="223">
	  <s n="400"> Table 13 Requirements by object of expenditure (Thousands of United States dollars) </s>
	</p>
	<p n="224">
	  <s n="401"> Table 14 Post requirements </s>
	</p>
	<p n="225">
	  <s n="402"> a Includes 14 extrabudgetary posts. </s>
	</p>
	<p n="226">
	  <s n="403"> Resource requirements </s>
	</p>
	<p n="227">
	  <s n="404"> Posts </s>
	</p>
	<p n="228">
	  <s n="405"> The additional requirement of $4,581,000 would provide for 54 new posts, including: (a) 1 P-2 in the Security and Safety Service for a planning officer to plan and direct the training and career development programme for security officers at Headquarters, offices away from Headquarters and officers assigned to peacekeeping missions, as well as to monitor the implementation of common standards in the field of security and safety; (b) 36 new security officers to handle the increased workload related to screening vehicles patrolling the guided tour routes and monitoring the inside perimeter, and to strengthen the security presence at entry points, reinforce watch-tour patrols within the buildings, strengthen security coverage of the delegations&apos; areas and the Secretary-General&apos;s residence, strengthen the Fire Unit and establish a capacity for hazardous material detection and response; (c) an additional 13 General Service (Other level) posts, including the conversion to regular status of 8 posts the incumbents of which perform basic duties of a continuing nature in the Pass and Identification Office, which are currently financed from general temporary assistance resources, and 5 additional posts in the Facilities Management Division to handle the additional workload arising from the processing of incoming mail and the pouch on the basis of specific procedures established to respond to potential biochemical and bomb threats; and (d) 4 additional Trades and Crafts posts in the Facilities Management Division to accommodate the increased workload relating to the control, servicing and maintenance of the regular and emergency infrastructure systems to respond to biological threats. </s>
	</p>
	<p n="229">
	  <s n="406"> The 36 additional posts for security officers are broken down by function as follows: </s>
	</p>
	<p n="230">
	  <s n="407"> Other staff costs </s>
	</p>
	<p n="231">
	  <s n="408"> The reduction in resources of $410,000 is the net result of the conversion from general temporary assistance to established posts of eight General Service (Other level) posts in the Security and Safety Service ($424,600) and estimated additional requirements for temporary assistance to supplement the existing security force at peak periods ($214,600), offset by lower requirements for overtime ($200,000) in view of the establishment of 36 new security officer posts. </s>
	</p>
	<p n="232">
	  <s n="409"> Consultants and experts </s>
	</p>
	<p n="233">
	  <s n="410"> A provision of $300,000 is requested for consultancy services to develop specific security-related plans on business recovery and continuation, emergency and disaster management, chemical and biological response and security-related information technology requirements. </s>
	</p>
	<p n="234">
	  <s n="411"> Contractual services </s>
	</p>
	<p n="235">
	  <s n="412"> The provision of $1,750,000 would cover the cost of: (a) external training of security and safety officers at Headquarters ($100,000); (b) continuation of the programme of irradiating incoming mail and the pouch against biological hazards, which was initiated in 2001 ($1,600,000); and (c) testing for possible anthrax exposure of staff in the Mail and Pouch Unit ($50,000). </s>
	</p>
	<p n="236">
	  <s n="413"> General operating expenses </s>
	</p>
	<p n="237">
	  <s n="414"> The estimated requirement of $1,436,200 would cover costs relating to: (a) additional canine explosive detection services for expanded coverage at the Headquarters complex ($470,000); (b) the installation of luminescent Exit signs for doors on all floors, as well as in pathways in the second and third basements ($97,000); (c) the creation and maintenance of an emergency supply of drinking water in case of contamination of regular tap water sources ($220,000); (d) additional telephone lines in the Security Control Centre, as well as a paging system ($68,700); (e) the repair and cleaning of uniforms ($20,000); and (f) the rental of additional office space for the establishment of a back-up remote Security Control Centre and for the relocation of non-priority occupants at Headquarters to an off-site location ($560,500). </s>
	</p>
	<p n="238">
	  <s n="415"> Supplies and materials </s>
	</p>
	<p n="239">
	  <s n="416"> Estimated requirements in the amount of $35,000 relate to the costs of new uniforms and other specialized supplies for the Security and Safety Service. </s>
	</p>
	<p n="240">
	  <s n="417"> Furniture and equipment </s>
	</p>
	<p n="241">
	  <s n="418"> Estimated requirements of $1,452,000 are for the acquisition of additional equipment related to improving and upgrading security and safety on the Headquarters premises, including: </s>
	</p>
	<p n="242">
	  <s n="419"> (a) Two X-ray machines and 10 magnetometers for the visitors&apos; entrance at Forty-Sixth Street ($300,000); </s>
	</p>
	<p n="243">
	  <s n="420"> (b) Specialized equipment for a first response to threats from hazardous materials ($200,000); </s>
	</p>
	<p n="244">
	  <s n="421"> (c) Hand-held emergency locators for use on guided tours ($50,000); </s>
	</p>
	<p n="245">
	  <s n="422"> (d) A tent at the delegates&apos; entrance to cover arriving and departing vehicles ($50,000); </s>
	</p>
	<p n="246">
	  <s n="423"> (e) A radio system using trunking technology with nine channels per frequency to replace the current three-channel system, which will include walkie-talkies, transmitters, receivers, base stations and antennas ($400,000); </s>
	</p>
	<p n="247">
	  <s n="424"> (f) A dedicated mail van for delivery of mail between the Secretariat building and the off-site mail processing facility ($20,000); </s>
	</p>
	<p n="248">
	  <s n="425"> (g) Specialized equipment for a global standard identification system to be implemented at the United Nations Office at Geneva, the United Nations Office at Vienna and the United Nations Office at Nairobi under central management by the Headquarters Security and Safety Service ($432,000). </s>
	</p>
	<p n="249">
	  <s n="426"> Section 27E Administration, Geneva </s>
	</p>
	<p n="250">
	  <s n="427"> Table 15 Requirements by object of expenditure (Thousands of United States dollars) </s>
	</p>
	<p n="251">
	  <s n="428"> Table 16 Post requirements </s>
	</p>
	<p n="252">
	  <s n="429"> a Includes 19 extrabudgetary posts. </s>
	</p>
	<p n="253">
	  <s n="430"> Resource requirements </s>
	</p>
	<p n="254">
	  <s n="431"> Posts </s>
	</p>
	<p n="255">
	  <s n="432"> The additional requirement of $1,369,500 would provide for 14 new posts, including: (a) 1 P-4 post for a Deputy Chief of the Security and Safety Section; (b) 1 new General Service (Principal level) post for a fire, biohazard and rescue specialist; and (c) 12 new security officer posts to handle the increased workload in the following functional areas: </s>
	</p>
	<p n="256">
	  <s n="433"> Other staff costs </s>
	</p>
	<p n="257">
	  <s n="434"> The additional requirement of $87,600 is for general temporary assistance (equivalent to 15 months of a security officer) to supplement the existing security and safety capacity during meetings of intergovernmental organs on the United Nations Office at Geneva premises. </s>
	</p>
	<p n="258">
	  <s n="435"> General operating expenses </s>
	</p>
	<p n="259">
	  <s n="436"> The requirement of $595,400 relates to additional costs for renewal of the insurance coverage of the United Nations property in Geneva due to the higher insurance rates in effect from 1 January 2002. </s>
	</p>
	<p n="260">
	  <s n="437"> Section 27F Administration, Vienna </s>
	</p>
	<p n="261">
	  <s n="438"> Gross budget of jointly financed security and safety services </s>
	</p>
	<p n="262">
	  <s n="439"> Table 17 Requirements by object of expenditure (gross budget) </s>
	</p>
	<p n="263">
	  <s n="440"> (Thousands of United States dollars) </s>
	</p>
	<p n="264">
	  <s n="441"> Table 18 Post requirements </s>
	</p>
	<p n="265">
	  <s n="442"> Resource requirements </s>
	</p>
	<p n="266">
	  <s n="443"> Posts </s>
	</p>
	<p n="267">
	  <s n="444"> The estimated requirement of $369,000 would provide for the six new security officer posts as summarized below: </s>
	</p>
	<p n="268">
	  <s n="445"> Improvement of premises </s>
	</p>
	<p n="269">
	  <s n="446"> The estimated requirement of $1,250,000 would cover the cost of reinforcing the perimeter of the Vienna International Centre through the construction of a higher fence on a concrete, crash-proof foundation. </s>
	</p>
	<p n="270">
	  <s n="447"> Net budget (United Nations share of the gross additional requirements) </s>
	</p>
	<p n="271">
	  <s n="448"> Table 19 Requirements by object of expenditure (net budget) (Thousands of United States dollars) </s>
	</p>
	<p n="272">
	  <s n="449"> Resource requirements </s>
	</p>
	<p n="273">
	  <s n="450"> Grants and contributions </s>
	</p>
	<p n="274">
	  <s n="451"> The requirement of $370,600 relates to the United Nations share of the additional security costs in Vienna, as detailed in section II of the present report, based on the cost-sharing formula utilized by the Vienna International Centre tenant organizations. </s>
	  <s n="452"> It should be noted in this connection that the secretariats of the tenant organizations (the United Nations Office at Vienna, the United Nations Industrial Development Organization, the International Atomic Energy Agency and the Comprehensive Nuclear-Test-Ban Treaty Organization) are still in consultations on issues related to the financing of the total cost of the security enhancement requirements, totalling $1,619,000. </s>
	  <s n="453"> The implementation of the proposed measures would commence subject to an agreement on cost-sharing by the executive heads of the Vienna-based organizations. </s>
	</p>
	<p n="275">
	  <s n="454"> Section 27G Administration, Nairobi </s>
	</p>
	<p n="276">
	  <s n="455"> Table 20 Requirements by object of expenditure (Thousands of United States dollars) </s>
	</p>
	<p n="277">
	  <s n="456"> Table 21 Post requirements </s>
	</p>
	<p n="278">
	  <s n="457"> Resource requirements </s>
	</p>
	<p n="279">
	  <s n="458"> Posts </s>
	</p>
	<p n="280">
	  <s n="459"> Currently there are 22 temporary security officer posts at the United Nations Office at Nairobi. </s>
	  <s n="460"> As the functions are considered to be of a continuing nature, it is proposed to convert these posts to established status, which would have no cost implications. </s>
	</p>
	<p n="281">
	  <s n="461"> General operating expenses </s>
	</p>
	<p n="282">
	  <s n="462"> The requirement of $34,300 relates to additional costs for general insurance of the United Nations property at Nairobi and results from the higher premiums experienced over the past few months. </s>
	</p>
	<p n="283">
	  <s n="463"> Supplies and materials </s>
	</p>
	<p n="284">
	  <s n="464"> The requirement of $19,500 relates to the acquisition of firefighting uniforms and hazardous materials suits for the security and fire-safety officers in line with the measures proposed in the present report. </s>
	</p>
	<p n="285">
	  <s n="465"> Furniture and equipment </s>
	</p>
	<p n="286">
	  <s n="466"> The requirement of $273,400 relates to the replacement of a fire truck ($42,200) and the acquisition of 2 four-wheel-drive security vehicles to permit a rapid response to emergency calls and 10 mountain bikes to patrol the complex ($49,000), bulletproof vests ($32,000), 1 large X-ray machine for the scanning of packages and bulk mail, 6 walk-through X-ray machines, regular mail-screening equipment, 12 hand-held metal detectors, 6 illuminated mirrors on poles for searching vehicles entering the complex and biohazard equipment ($150,200). </s>
	</p>
	<p n="287">
	  <s n="467"> Section 30 Special expenses </s>
	</p>
	<p n="288">
	  <s n="468"> Table 22 Requirements by object of expenditure (Thousands of United States dollars) </s>
	</p>
	<p n="289">
	  <s n="469"> Resource requirements (at current rates) </s>
	</p>
	<p n="290">
	  <s n="470"> General operating expenses </s>
	</p>
	<p n="291">
	  <s n="471"> The additional provision of $1,647,000, an 89.2 per cent increase over the initial appropriation, relates to requirements under general insurance and reflects higher insurance premiums experienced over the past few months. </s>
	  <s n="472"> This provision would be required for renewal of the insurance policy for 2002 and 2003. </s>
	  <s n="473"> The policy covers United Nations properties and risks at Headquarters, Santiago, Addis Ababa and Beirut, including buildings and other property, such as automobiles and works of art, as well as air travel. </s>
	</p>
	<p n="292">
	  <s n="474"> Section 31 Construction, alteration, improvement and major maintenance </s>
	</p>
	<p n="293">
	  <s n="475"> Table 23 Resource requirements by component (Thousands of United States dollars) </s>
	</p>
	<p n="294">
	  <s n="476"> The estimated requirement under this section of $41,830,900 represents one-time costs of the security-related measures detailed in section II of the present report. </s>
	</p>
	<p n="295">
	  <s n="477"> United Nations Headquarters ($26,128,000) </s>
	</p>
	<p n="296">
	  <s n="478"> The projects to be implemented at Headquarters during the biennium 2002-2003, in the amount of $26,128,000, include the following: </s>
	</p>
	<p n="297">
	  <s n="479"> (a) Improvement of facilities and general infrastructure ($8,225,000): </s>
	</p>
	<p n="298">
	  <s n="480"> (i) Improvements to fire alarms, warden stations and communications in the first, second and third basements, including the provision of automatic fan shutdown and fan purge and exhaust systems for use during chemical, gas or other threats ($2,500,000); </s>
	</p>
	<p n="299">
	  <s n="481"> (ii) Installation of sensors to detect gas, chemical and biological threats; upgrading of dampers in ventilation shafts through automated, remote-controlled isolation mechanisms; and installation of bactericidal ultraviolet devices to protect selected air streams ($1,700,000); </s>
	</p>
	<p n="300">
	  <s n="482"> (iii) Installation of ballistic partitions in the General Assembly Hall and the Security Council, Economic and Social Council and Trusteeship Council Chambers to provide a secure separation between the delegate and staff working areas and the public areas ($1,000,000); </s>
	</p>
	<p n="301">
	  <s n="483"> (iv) Installation of ballistic film on the first-floor windows of the Secretariat and General Assembly buildings to protect interior areas from outside blasts ($150,000); </s>
	</p>
	<p n="302">
	  <s n="484"> (v) Installation of permanent prefabricated buildings at the Forty-Second Street pedestrian/staff entrance and at the Forty-Sixth Street visitors&apos; entrance for screening visitors and affiliated personnel entering buildings ($225,000); </s>
	</p>
	<p n="303">
	  <s n="485"> (vi) Construction of: (a) an off-site non-governmental organization resource centre facility; and (b) an isolated off-site mail and delivery receiving and processing facility, equipped with bar coding and mail-sorting equipment and equipment to treat mail for bioorganisms ($2,650,000). </s>
	</p>
	<p n="304">
	  <s n="486"> (b) Improvements in security and safety ($17,903,000): </s>
	</p>
	<p n="305">
	  <s n="487"> (i) Construction of a Security Control Centre in an interior location in the complex and a back-up centre at an off-site location ($3,448,000); </s>
	</p>
	<p n="306">
	  <s n="488"> (ii) Installation of a complex-wide access control and alarm monitoring system, including file-server-based integration in the Security Control Centre, 25 workstations that would monitor different levels of access to the various parts of the complex, restricting individuals to authorized areas, an intrusion detection system over 300 points or zones and a new digital closed-circuit television system ($9,450,000); </s>
	</p>
	<p n="307">
	  <s n="489"> (iii) Installation of a physical security barrier around the entire perimeter of the complex ($3,000,000); </s>
	</p>
	<p n="308">
	  <s n="490"> (iv) Implementation of physical security improvements in the Secretary-General&apos;s office ($200,000); </s>
	</p>
	<p n="309">
	  <s n="491"> (v) Provision of man-traps, isolation doors and other security enhancements on senior executive floors, in both the Secretariat building and in the buildings occupied by the United Nations funds and programmes ($600,000); </s>
	</p>
	<p n="310">
	  <s n="492"> (vi) Installation of six additional physical vehicle barriers ($300,000); </s>
	</p>
	<p n="311">
	  <s n="493"> (vii) Overhaul of the existing perimeter lighting system ($400,000); </s>
	</p>
	<p n="312">
	  <s n="494"> (viii) Installation of 30 blast-proof trash receptacles ($90,000); </s>
	</p>
	<p n="313">
	  <s n="495"> (ix) Installation of secure electric utility vault grates in and around the perimeter to prevent intrusions, and provision of surface-mounted magnetic contacts on the interior side of utility manholes in the proximity of the United Nations complex ($340,000); </s>
	</p>
	<p n="314">
	  <s n="496"> (x) Installation of a land-line connection from the off-site Pass and Identification Office to the Secretariat building ($75,000). </s>
	</p>
	<p n="315">
	  <s n="497"> United Nations Office at Geneva ($14,595,200) </s>
	</p>
	<p n="316">
	  <s n="498"> The projects proposed for implementation at the United Nations Office at Geneva, in addition to those already approved by the General Assembly under section 31, are the following: </s>
	</p>
	<p n="317">
	  <s n="499"> (a) Improvement of facilities and general infrastructure ($2,286,600). </s>
	  <s n="500"> Relocation of mail and pouch shipping and receiving operations out of the current location in the inner secretariat courtyard, including construction of premises and installation of equipment; </s>
	</p>
	<p n="318">
	  <s n="501"> (b) Improvements in security and safety ($12,308,600): </s>
	</p>
	<p n="319">
	  <s n="502"> (i) Provision of full perimeter protection, including reinforcement of fences, traffic control barriers and access control at the Place des Nations gate and the Chemin de Fer gate and modification of road access to the gates ($5,424,600); </s>
	</p>
	<p n="320">
	  <s n="503"> (ii) Provision of blast protection to oversized glazed facades, especially around the Assembly building, the Honour courtyard and the E building ($1,586,000); </s>
	</p>
	<p n="321">
	  <s n="504"> (iii) Improvement of underground garage area protection through the provision of additional access controls, video surveillance devices and increased lighting, and implementation of the first phase of the intermediate area surveillance system (outside parking and lighting) ($2,880,200); </s>
	</p>
	<p n="322">
	  <s n="505"> (iv) Creation of a security control centre with a provision for adequate technical and communication support, including the installation of a new generalized video surveillance system ($2,417,800). </s>
	</p>
	<p n="323">
	  <s n="506"> United Nations Office at Nairobi ($535,000) </s>
	</p>
	<p n="324">
	  <s n="507"> The projects proposed for implementation at the United Nations Office at Nairobi, in addition to those already approved by the General Assembly under section 31, are the following: </s>
	</p>
	<p n="325">
	  <s n="508"> (a) Installation and improvement of gates and barriers ($40,800); </s>
	</p>
	<p n="326">
	  <s n="509"> (b) Installation of a perimeter alarm system and fence ($204,100); </s>
	</p>
	<p n="327">
	  <s n="510"> (c) Increase in perimeter lighting ($98,000); </s>
	</p>
	<p n="328">
	  <s n="511"> (d) Installation of closed-circuit television and control room equipment ($138,900); </s>
	</p>
	<p n="329">
	  <s n="512"> (e) Installation of public address and fire-safety systems ($32,700); </s>
	</p>
	<p n="330">
	  <s n="513"> (f) Installation of a conference preregistration area at the visitors&apos; pavilion, including the extension of the local area network to reach the site ($12,300); </s>
	</p>
	<p n="331">
	  <s n="514"> (g) Installation of lamination/glazing material on the glass surfaces of windows in the visitors&apos; pavilion and the main gate booths ($8,200). </s>
	</p>
	<p n="332">
	  <s n="515"> Economic Commission for Africa ($325,000) </s>
	</p>
	<p n="333">
	  <s n="516"> The projects proposed for implementation by ECA, in addition to those already approved by the General Assembly under section 31, are the following: </s>
	</p>
	<p n="334">
	  <s n="517"> (a) Construction of a small building for the registration of conference participants outside the main entrance to improve access control; </s>
	</p>
	<p n="335">
	  <s n="518"> (b) Modification of the perimeter wall by increasing its height and installing wrought-iron fence on top of it; </s>
	</p>
	<p n="336">
	  <s n="519"> (c) Installation of public address system as part of the warning/alert system for evacuation of the complex. </s>
	</p>
	<p n="337">
	  <s n="520"> Economic and Social Commission for Asia and the Pacific ($99,700) </s>
	</p>
	<p n="338">
	  <s n="521"> The projects proposed for implementation by ESCAP, in addition to those already approved by the General Assembly under section 31, are the following: </s>
	</p>
	<p n="339">
	  <s n="522"> (a) Relocation of mail and pouch shipping and receiving operations out of the current location in the inner secretariat courtyard, including the installation of related equipment ($21,600); </s>
	</p>
	<p n="340">
	  <s n="523"> (b) Improvements in security and safety ($78,100): </s>
	</p>
	<p n="341">
	  <s n="524"> (i) Expansion of the existing closed-circuit television system to encompass the entire perimeter of the complex, including specific coverage for vehicle, staff and visitor entry and exit points not currently covered ($32,500); </s>
	</p>
	<p n="342">
	  <s n="525"> (ii) Increase of lighting levels and installation of infrared motion detectors around the entire perimeter of the complex ($7,800); </s>
	</p>
	<p n="343">
	  <s n="526"> (iii) Integration of the fire alarm system into the building automation system ($37,800). </s>
	</p>
	<p n="344">
	  <s n="527"> Economic Commission for Latin America and the Caribbean ($148,000) </s>
	</p>
	<p n="345">
	  <s n="528"> The projects proposed for implementation by ECLAC, in addition to those already approved by the General Assembly under section 31, are the following: </s>
	</p>
	<p n="346">
	  <s n="529"> (a) Construction of Security and Safety Unit premises ($60,000); </s>
	</p>
	<p n="347">
	  <s n="530"> (b) Installation of an emergency generator for the exclusive use of the Security and Safety Unit ($6,000); </s>
	</p>
	<p n="348">
	  <s n="531"> (c) Upgrading of the perimeter lighting system ($30,000); </s>
	</p>
	<p n="349">
	  <s n="532"> (d) Upgrading of the closed-circuit television system ($25,000); </s>
	</p>
	<p n="350">
	  <s n="533"> (e) Upgrading of the alarm system ($15,000); </s>
	</p>
	<p n="351">
	  <s n="534"> (f) Installation of a public address system ($12,000). </s>
	</p>
	<p n="352">
	  <s n="535"> Annex II </s>
	</p>
	<p n="353">
	  <s n="536"> Security-related projects originally proposed for Headquarters in the capital master plana now proposed for immediate implementation </s>
	</p>
	<p n="354">
	  <s n="537"> ((United States dollars) </s>
	</p>
	<p n="355">
	  <s n="538"> a A/55/117 and Add.1. </s>
	</p>
	</body>
</text>
</DOC>