<?xml version="1.0" encoding="UTF-8"?>
<DOC lang="English" n="N0155079" id="A/56/400" date="2001/09/25">
<text>
	<body>
	<p n="1">
	  <s n="1"> Fifty-sixth session </s>
	</p>
	<p n="2">
	  <s n="2"> Agenda item 74 (n) </s>
	</p>
	<p n="3">
	  <s n="3"> General and complete disarmament </s>
	</p>
	<p n="4">
	  <s n="4"> Reducing nuclear danger </s>
	</p>
	<p n="5">
	  <s n="5"> * The present report contains a summary of the discussion on the subject by the Advisory Board on Disarmament Matters at its two sessions held respectively from 31 January to 2 February and from 25 to 27 July 2001. </s>
	</p>
	<p n="6">
	  <s n="6"> Note by the Secretary-General* </s>
	</p>
	<p n="7">
	  <s n="7"> In paragraph 5 of its resolution 55/33 N of 20 November 2000, the General Assembly requested the Secretary-General to seek inputs from the Advisory Board on Disarmament Matters on information with regard to specific measures that would significantly reduce the risk of nuclear war and to report thereon to the General Assembly at its fifty-sixth session. </s>
	</p>
	<p n="8">
	  <s n="8"> Pursuant to that request, the Secretary-General has the honour to transmit herewith the summary of the discussions held on the subject by the Advisory Board at its thirty-sixth and thirty-seventh sessions, as conveyed to him by the Chairman of the Board. </s>
	  <s n="9"> The discussions were based on papers prepared by certain members of the Board, which are contained in annexes I and II to the summary of the discussions. </s>
	  <s n="10"> The membership of the Board is set out in annex III. </s>
	</p>
	<p n="9">
	  <s n="11"> Summary of the discussions of the Advisory Board on Disarmament Matters on specific measures that would significantly reduce the risk of nuclear war, as approved by the Chairman of the Advisory Board on 30 August 2001 </s>
	</p>
	<p n="10">
	  <s n="12"> On 20 November 2000, the General Assembly approved resolution 55/33 N, in which it requested the Secretary-General, within existing resources: “to continue to seek inputs from the Advisory Board on Disarmament Matters on information with regard to specific measures that would significantly reduce the risk of nuclear war, including the proposal contained in the United Nations Millennium Declaration for convening an international conference to identify ways of eliminating nuclear dangers, and to report thereon to the General Assembly at its fifty-sixth session”. </s>
	</p>
	<p n="11">
	  <s n="13"> The Board held its thirty-sixth session in New York from 31 January to 2 February 2001 and its thirty-seventh session at Geneva from 25 to 27 July 2001. </s>
	  <s n="14"> At each of the sessions, the Board held an exchange of views on specific measures that might reduce the risk of nuclear war. </s>
	  <s n="15"> Five papers prepared by certain members of the Board (see annexes I and II) set the framework for the Board&apos;s discussions on the item. </s>
	</p>
	<p n="12">
	  <s n="16"> While the members felt that many of the items enumerated in paragraph 13 below would require further discussion at a future session, there was broad agreement in the Board on seven recommendations: </s>
	</p>
	<p n="13">
	  <s n="17"> (a) The members urged the Secretary-General to promote a dialogue on cooperative security on a regional and a global level as an important means of advancing disarmament objectives, and thereby, international peace and security; </s>
	</p>
	<p n="14">
	  <s n="18"> (b) With respect to the proposal in the Millennium Report (A/54/2000, para. </s>
	  <s n="19"> 253) for an international conference on eliminating nuclear dangers, the Board recommended that the Secretary-General may wish to urge Member States to undertake certain preliminary political and technical preparations for such a conference, to be convened after the emergence of an international consensus to hold such event; </s>
	</p>
	<p n="15">
	  <s n="20"> (c) The Board encouraged the Secretary-General to promote, especially in his consultations with Member States, the de-alerting of nuclear weapons; </s>
	</p>
	<p n="16">
	  <s n="21"> (d) The Board also urged the Secretary-General to encourage and promote, through his consultations with Member States, the review of nuclear doctrines; </s>
	</p>
	<p n="17">
	  <s n="22"> (e) The Board also suggested that the Secretary-General encourage Member States to pursue the elimination of all tactical nuclear weapons of the two major nuclear-weapon States while, as a first step towards their total elimination, drastically reducing and removing such weapons to central storage; </s>
	</p>
	<p n="18">
	  <s n="23"> (f) The Board asked the Secretary-General to work with Member States to promote transparency at the global and regional levels, particularly with respect to weapons and weapons facilities, and postures and doctrines; </s>
	</p>
	<p n="19">
	  <s n="24"> (g) The Board reaffirmed that programmes of education and training on the dangers of nuclear weapons would foster an informed world public opinion that would be able to exercise a positive influence on the political will to eliminate nuclear weapons and create a climate conducive to nuclear disarmament measures. </s>
	</p>
	<p n="20">
	  <s n="25"> At its thirty-sixth session, the Board considered three discussion papers (see annex I) which addressed the following specific measures to reduce nuclear danger: deep reductions, de-alerting, and a variety of confidence-building measures among States with large nuclear arsenals; de-alerting and enhanced transparency of States with smaller nuclear arsenals; efforts by nuclear possessors to assist in defusing regional disputes; controls against unauthorized or accidental uses; an emphasis at the United Nations on the principle of accountability for progress in disarmament; a review of nuclear doctrines; the elimination of tactical nuclear weapons; cultivation of a norm against the use of nuclear weapons; preparatory work on an international conference on reducing nuclear danger; high-level meetings of the Security Council on disarmament issues; a ban on the use of weapons-usable nuclear materials for peaceful purposes; and annual prizes for news media reporting on disarmament issues. </s>
	  <s n="26"> At its thirty-seventh session, the Board considered two additional discussion papers (see annex II ) which covered additional issues, including: the health and environmental damages from the testing, production, operation and maintenance of nuclear weapons; the significant limitations of missile defence as a means of eliminating nuclear danger, relative to the security gained from global nuclear disarmament; the need for greater attention to verification of disarmament commitments and the development of measures to deal with violations thereof; the need for an emphasis on public education; the need for multilateral efforts to advance “cooperative security” rather than the unilateral interests of individual States; controls against the development of new generations of nuclear weapons; controls against regional imbalances of conventional forces; and improvements in the command and control of nuclear forces. </s>
	</p>
	<p n="21">
	  <s n="27"> As a result of its deliberations in both sessions, the Board agreed that: (a) nuclear weapons not only remain a serious threat to international peace and security at the global level, despite the end of the cold war, but are posing serious dangers at the regional level as well; (b) the perpetuation and growth of these dangers only increases the risk of the eventual use of these weapons; and (c) the global threat from nuclear weapons is growing in the world today. </s>
	  <s n="28"> The Board concluded that this threat underscores the need for new measures both globally and regionally to reduce nuclear dangers. </s>
	</p>
	<p n="22">
	  <s n="29"> Most members continued to support the proposal made in the Millennium Report for the convening of a major international conference that would help to identify ways of eliminating nuclear dangers (A/54/2000, para. </s>
	  <s n="30"> While the Board agreed that the necessary international consensus to convene such a conference had not yet materialized, the members believed that certain incremental steps could promote the development of such a consensus and the convening of such a conference at the appropriate time. </s>
	  <s n="31"> These steps could include certain technical and political preparatory measures, including the creation of “technical working groups” to examine specific issues — such as deep reductions, de-alerting, no first use, a review of nuclear doctrines, and confidence-building measures — to be addressed at such a conference. </s>
	</p>
	<p n="23">
	  <s n="32"> All members of the Board concurred that it was fundamental to stress that the danger of nuclear war would be eliminated only when nuclear weapons were eliminated. </s>
	  <s n="33"> Thus the Board encouraged the Secretary-General to assign this goal a high priority in his consultations with Member States and with individuals and groups in civil society. </s>
	</p>
	<p n="24">
	  <s n="34"> There was, in summary, broad agreement in the Board that emphasis should be given to the following measures for reducing nuclear dangers: </s>
	</p>
	<p n="25">
	  <s n="35"> (a) Promoting a wide-ranging international dialogue on cooperative security; </s>
	</p>
	<p n="26">
	  <s n="36"> (b) Preliminary political and technical measures in preparation for the possibility of convening, at the appropriate time, a major international conference that would help to identify ways of eliminating nuclear dangers; </s>
	</p>
	<p n="27">
	  <s n="37"> (c) De-alerting of nuclear weapons; </s>
	</p>
	<p n="28">
	  <s n="38"> (d) Review of nuclear doctrines; </s>
	</p>
	<p n="29">
	  <s n="39"> (e) Further reduction of tactical nuclear weapons as an integral part of the nuclear arms reduction and disarmament process; </s>
	</p>
	<p n="30">
	  <s n="40"> (f) Enhancing security at a global and a regional level by promoting increased transparency of all nuclear weapons programmes; </s>
	</p>
	<p n="31">
	  <s n="41"> (g) Creating a climate for implementing nuclear disarmament measures. </s>
	  <s n="42"> Programmes of education and training on the dangers of nuclear weapons would foster an informed world public opinion that would be able to exercise a positive influence on the political will to eliminate nuclear weapons. </s>
	</p>
	<p n="32">
	  <s n="43"> The following specific measures and broad approaches received varying degrees of support from the Board: </s>
	</p>
	<p n="33">
	  <s n="44"> (a) Preventing the further proliferation of nuclear weapons; </s>
	</p>
	<p n="34">
	  <s n="45"> (b) Banning the use of nuclear weapons; </s>
	</p>
	<p n="35">
	  <s n="46"> (c) Changing military doctrines to no first use of nuclear weapons; </s>
	</p>
	<p n="36">
	  <s n="47"> (d) Withdrawing all nuclear weapons deployed abroad back to their owner&apos;s territory; </s>
	</p>
	<p n="37">
	  <s n="48"> (e) Eliminating all but a very small stock of reserve warheads; </s>
	</p>
	<p n="38">
	  <s n="49"> (f) Creating additional nuclear-weapon-free zones on the basis of arrangements freely arrived at among the States of the region concerned; </s>
	</p>
	<p n="39">
	  <s n="50"> (g) Providing unconditional negative security assurances to all non-nuclear-weapon States; </s>
	</p>
	<p n="40">
	  <s n="51"> (h) Abolishing the policy and practice of nuclear sharing and a nuclear umbrella; </s>
	</p>
	<p n="41">
	  <s n="52"> (i) Reducing the number of nuclear-weapon systems, including eliminating multiple independently targetable re-entry vehicles; </s>
	</p>
	<p n="42">
	  <s n="53"> (j) Enhancing nuclear transparency at the global and regional levels, particularly with respect to facilities and nuclear postures; </s>
	</p>
	<p n="43">
	  <s n="54"> (k) Keeping nuclear submarines deployed in a mode that would make the firing of nuclear ballistic missiles from close range on depressed trajectories more difficult; </s>
	</p>
	<p n="44">
	  <s n="55"> (l) De-targeting; </s>
	</p>
	<p n="45">
	  <s n="56"> (m) Shaping communication practices so as to make immediate strikes difficult or impossible; </s>
	</p>
	<p n="46">
	  <s n="57"> (n) Keeping nuclear forces in a low status of alert; </s>
	</p>
	<p n="47">
	  <s n="58"> (o) De-mating nuclear warheads from launchers; </s>
	</p>
	<p n="48">
	  <s n="59"> (p) Removing essential parts from launchers or nuclear warheads (such as batteries, fuel, connection cables and computers); </s>
	</p>
	<p n="49">
	  <s n="60"> (q) Promoting confidence-building measures between neighbouring States in territorial conflict, including the disengagement of forces, stationing of neutral (peacekeeping) forces on either side of the demarcation line, and refraining from supporting armed non-State actors within the contested territory. </s>
	</p>
	<p n="50">
	  <s n="61"> Annex I </s>
	</p>
	<p n="51">
	  <s n="62"> Discussion papers prepared by Harald Müller, Arundhati Ghose and Boris Pyadyshev and presented on 1 February 2001 at the thirty-sixth session of the Advisory Board on Disarmament Matters in New York </s>
	</p>
	<p n="52">
	  <s n="63"> Reducing nuclear dangers: additional considerations on the responsibilities of the possessors of nuclear weapons </s>
	</p>
	<p n="53">
	  <s n="64"> by Harald Müller </s>
	</p>
	<p n="54">
	  <s n="65"> The following considerations are based on my earlier paper on this subject as well as on the considerations of the Board, including the contributions by Ambassador Ghose and Ambassador González. </s>
	</p>
	<p n="55">
	  <s n="66"> The fact that nuclear weapons present a permanent danger has been accepted by the world community. </s>
	  <s n="67"> The Final Document of the Review Conference of the Parties to the Treaty on the Non-Proliferation of Nuclear Weapons recognized the danger that existing nuclear weapons could be used. </s>
	  <s n="68"> The General Assembly has twice adopted, by about a two-thirds majority, the resolution on reducing nuclear dangers. </s>
	  <s n="69"> Significantly, India, Pakistan, and Cuba, which are not signatories to the Non-Proliferation Treaty, have sponsored and endorsed the resolution, and the Democratic People&apos;s Republic of Korea, which was not present at the deliberations on the Non-Proliferation Treaty, has also voted in favour of the resolution. </s>
	  <s n="70"> With the exception of Israel, which has abstained on the resolution, the whole world community has, in one form or the other, adopted the position that nuclear weapons are dangerous, the different language and objective of the above documents notwithstanding. </s>
	</p>
	<p n="56">
	  <s n="71"> Nuclear dangers are by nature transnational. </s>
	  <s n="72"> In all likelihood, the consequences of a nuclear explosion, not to speak of a nuclear exchange in war, would not be confined within national borders or to the territories of the warring parties. </s>
	  <s n="73"> From the inevitable harm that would be done to bystanders not involved in the conflict, and even less so in an accident, flows an obligation by the possessors of nuclear weapons to do their utmost to prevent the dangers from occurring. </s>
	  <s n="74"> Nuclear weapons, for that reason, are not just a matter for national security policy. </s>
	  <s n="75"> Already, in its 1996 advisory opinion, the International Court of Justice has established that nuclear-weapon States bear the obligation to enter in good faith, and bring to a successful end, negotiations on nuclear disarmament. </s>
	  <s n="76"> On the basis of the above considerations, one would wish to add that, pending nuclear disarmament, nuclear weapon possessors are obliged to exert, and are accountable for, their best efforts to prevent nuclear dangers from arising. </s>
	  <s n="77"> To be accountable means again that this is not something to be left to national security policy and the ensuing military secrecy alone, but a subject for regular reporting to the international community. </s>
	</p>
	<p n="57">
	  <s n="78"> Nuclear weapons possessors are not all the same. </s>
	  <s n="79"> Some have huge arsenals, while those of others are small. </s>
	  <s n="80"> In addition, conventional options may exist for one or the other among them that could substitute for nuclear missions and, in themselves pose a threat to the survivability of the nuclear deterrent of others, in particular if the latter are relatively small. </s>
	  <s n="81"> One of them may, in due time, dispose of a national missile defence system capable of denying the capability of small nuclear forces to penetrate to their targets. </s>
	  <s n="82"> Some nuclear possessors enjoy a relatively high degree of security and stability, due to their strength or geopolitical situation. </s>
	  <s n="83"> Others are weaker and are located in zones of tension and conflict. </s>
	  <s n="84"> All these factors add up to quite different degrees of vulnerability and flexibility for changing present postures. </s>
	  <s n="85"> As a consequence, different steps might be required from different nuclear-weapon States to reduce nuclear dangers as far as possible. </s>
	</p>
	<p n="58">
	  <s n="86"> 4.1 Those States with the largest arsenals, the strongest posture, the best security situation and the most abundant options beyond the nuclear arsenal have the most leeway for deep reductions. </s>
	  <s n="87"> One would also argue that, as national missile defences are erected, the fear of a possible first strike would be considerably mitigated if offensive nuclear forces could be reduced proportionally to the capabilities of those defences. </s>
	  <s n="88"> Also, curbs on offensive conventional options as they bear on the survivability of the nuclear forces of others should not be excluded. </s>
	  <s n="89"> The strongest States can also afford the highest degree of transparency and voluntary confidence-building measures, such as dismantling of reserve warheads, de-alerting, adopting no-first-use doctrines, or the acceptance of liaison officers in their launch control centres. </s>
	</p>
	<p n="59">
	  <s n="90"> 4.2 States with smaller arsenals should assume postures eschewing hair-trigger alert while still assuring survivability. </s>
	  <s n="91"> The adoption of new communication and readiness practices by the British submarine force after the Strategic Defence Review is a case in point. </s>
	  <s n="92"> The weakness therein lies in the fact that it is not really verifiable. </s>
	  <s n="93"> Still, it is very much in the interest of the nuclear possessor State itself to ensure that its own posture is as risk-free as possible, as long as survivability is granted. </s>
	  <s n="94"> Along the same lines, different de-alerting steps might be possible for other nuclear-weapon States. </s>
	</p>
	<p n="60">
	  <s n="95"> 4.3 Minimum transparency standards apply to all nuclear weapons possessors. </s>
	  <s n="96"> The fact that several of them do not even publicize posture targets, that is, the size of the arsenals they strive for as minimum deterrents is not acceptable. </s>
	  <s n="97"> It introduces considerable insecurity and uncertainty into the international community and thereby adds to nuclear danger. </s>
	  <s n="98"> That the revelation of very small arsenals as they might exist presently could compromise national security now might be accepted. </s>
	  <s n="99"> That the end point of a build-up is not given, however, cannot be justified with security concerns and deviates from the principle of accountability that derives inescapably from the existence of nuclear danger. </s>
	  <s n="100"> This represents a clear trade-off between the “uncertainty principle” that some see at the heart of deterrence strategy and the principle of accountability. </s>
	  <s n="101"> In this conflict, the accountability principle has to prevail. </s>
	</p>
	<p n="61">
	  <s n="102"> 4.4 Nuclear possessors in regions of conflict, particularly if in conflict with each other, bear utmost responsibility for defusing their disputes and taking measures to prevent them from erupting into acute crisis situations. </s>
	  <s n="103"> Confidence that the existence of nuclear weapons would under all circumstances prevent low-level armed conflict from escalating is not justified. </s>
	  <s n="104"> Wars do not evolve along textbook lines, but usually move along unforeseen and often chaotic paths. </s>
	  <s n="105"> Confidence-building measures are most appropriate in these circumstances. </s>
	</p>
	<p n="62">
	  <s n="106"> 4.5 As unauthorized or accidental nuclear explosions and launches and the diversion of weapons and materials to criminal or terrorist uses or to clandestine nuclear weapons programmes are prominent among nuclear dangers, all nuclear-weapon States, big and small, bear responsibility for taking strong efforts to keep their weapons and fissile materials in the strictest and safest custody. </s>
	  <s n="107"> A combination of technical and organizational measures is needed. </s>
	  <s n="108"> Nuclear weapons possessors should report on these measures in a form that gives reassurance to the international community without compromising the security of their procedures or publicizing weapons-related information. </s>
	</p>
	<p n="63">
	  <s n="109"> 4.6 Generally, nuclear doctrines should be adapted to the much more relaxed security environment as far as major-Power relations are concerned. </s>
	  <s n="110"> Traces of war-fighting and abundant target selection should be abolished forthwith. </s>
	  <s n="111"> This would permit a radical trimming of the largest arsenals, to the benefit of international confidence and security. </s>
	  <s n="112"> In the course of this development, the decisive reduction of tactical nuclear weapons, which are most vulnerable to the threats alluded to in the preceding paragraph, is a high priority. </s>
	</p>
	<p n="64">
	  <s n="113"> As for the United Nations, it would appear to me that emphasizing the principle of accountability is the most appropriate effort. </s>
	  <s n="114"> The elaboration of specific steps and the means for their implementation is the mission of bilateral negotiations; of the Conference on Disarmament, once the long-sought forum to address nuclear disarmament issues is eventually established; and of the Non-Proliferation Treaty review process, with its particular relationship of mutual undertakings between nuclear-weapon States and non-nuclear-weapon States. </s>
	  <s n="115"> Movement in these forums will only be visible, however, if the nuclear-weapon States accept clearly that their arsenals are not just the subject of national considerations, but imply a threefold responsibility towards the international community: the responsibility to disarm, the responsibility to keep nuclear dangers from arising while disarmament is under way, and the responsibility to be accountable to the rest of the world concerning these two sets of activities. </s>
	</p>
	<p n="65">
	  <s n="116"> Reducing nuclear dangers: convening of an international conference on reducing nuclear dangers </s>
	</p>
	<p n="66">
	  <s n="117"> by Arundhati Ghose </s>
	</p>
	<p n="67">
	  <s n="118"> The General Assembly, in its resolution 55/33 W of 20 November 2000 requested the Secretary-General to continue to seek inputs from the Board “on information with regard to specific measures that would significantly reduce the risk of nuclear war, including the proposal contained in the United Nations Millennium Declaration for convening an international conference to identify ways of eliminating nuclear dangers”. </s>
	</p>
	<p n="68">
	  <s n="119"> At the previous meeting of the Board, most members agreed to the need for an international conference as a means “to identify ways of eliminating nuclear dangers” and “giving high visibility to those urgent needs”. </s>
	  <s n="120"> There was also general agreement in the Board that emphasis should be given to: de-alerting of nuclear weapons, review of nuclear doctrines, elimination of tactical nuclear weapons, and the need to create a climate for implementing nuclear disarmament measures. </s>
	</p>
	<p n="69">
	  <s n="121"> In my view, an international conference focusing on some specific areas might provide irreversible steps in the direction of eliminating nuclear weapons altogether, an objective, given the current political realities, which seems not yet in sight. </s>
	  <s n="122"> An unfocused, open-ended conference might raise public awareness about the issues but is unlikely to result in any practical steps forward. </s>
	  <s n="123"> It is more likely that known positions will be reiterated and the conference might be stalemated even before it started. </s>
	  <s n="124"> (The list of issues on which there was no agreement (see A/55/324, annex 6, para. </s>
	  <s n="125"> 6) illustrates this point. </s>
	</p>
	<p n="70">
	  <s n="126"> A more focused Conference could aim for an umbrella-type, politically binding declaration on eliminating nuclear dangers, with specific agreements to be negotiated, bilaterally or multilaterally. </s>
	</p>
	<p n="71">
	  <s n="127"> Such an outcome would be facilitated if the conference concentrated on three or four specific areas: </s>
	</p>
	<p n="72">
	  <s n="128"> (a) The larger number of weapons, deployed or in storage, strategic or tactical, the greater the risks of theft, smuggling, etc. </s>
	  <s n="129"> Therefore, a commitment to steep reductions of the numbers of nuclear weapons possessed, in a negotiated timeframe (e.g., by re-energizing the START process), would be a major step. </s>
	  <s n="130"> (It has been reported that the United States of America has recently refused to endorse START III levels below 2,000 to 2,500 developed nuclear warheads, despite the expressed desire of the Russian Federation to reduce levels to 1,000 to 1,500 nuclear weapons on each side. </s>
	</p>
	<p n="73">
	  <s n="131"> (b) De-alerting. </s>
	  <s n="132"> The five nuclear Powers under the Non-Proliferation Treaty have already declared that “none of our nuclear weapons are targeted at any State”. </s>
	  <s n="133"> Yet some 2,000 nuclear warheads in the United States and the Russian Federation alone remain on short reaction time alert and are thus particularly vulnerable to accidental or erroneous launch. </s>
	  <s n="134"> The international community has been emphasizing the need to de-alert nuclear weapons. </s>
	  <s n="135"> This step would also, of necessity, include verification measures. </s>
	</p>
	<p n="74">
	  <s n="136"> (c) There already exists a global norm against weapons of mass destruction. </s>
	  <s n="137"> In the case of chemical and biological weapons, the norm is backed by comprehensive treaties. </s>
	  <s n="138"> Even where there is no such comprehensive treaty, in the case of nuclear weapons, I would suggest that there exist a norm against the use of nuclear weapons based on a large number of General Assembly resolutions, the 1996 advisory opinion of the International Court of Justice, etc. Conceptually, the task before the conference could be to strengthen the norms against the use of nuclear weapons through, for example, a global commitment to no first use. </s>
	  <s n="139"> Such a global commitment together with an agreement on de-alerting offer itself as a concrete, pragmatic and practical step forward. </s>
	</p>
	<p n="75">
	  <s n="140"> (d) Review of nuclear doctrines. </s>
	  <s n="141"> Recently (December 2000), the North Atlantic Treaty Organization (NATO) reaffirmed the “continued validity of the fundamentally political purpose and the principles underpinning the nuclear forces of the allies as set out in the alliance&apos;s 1999 Strategic Concept. </s>
	  <s n="142"> NATO&apos;s nuclear forces are a credible and effective element of the alliance&apos;s strategy of preventing war ”. </s>
	  <s n="143"> The earlier renunciation by the Russian Federation of its long-standing “no-first-use” pledge and its increased reliance, according to statements made by its leaders, on nuclear weapons to safeguard its national security and national interests, is also cause for concern. </s>
	  <s n="144"> Such reviews of doctrines would necessarily be “internal”, but a commitment to such reviews with the objective of reducing nuclear dangers can be made at the global level. </s>
	</p>
	<p n="76">
	  <s n="145"> (e) An overarching issue is that of confidence-building measures. </s>
	  <s n="146"> These could be bilaterally/multilaterally agreed, but the conference could identify the most practical and effective confidence-building measures to reduce the risks of nuclear war. </s>
	  <s n="147"> Prof. Müller has already suggested doctrinal seminars, crisis prevention/communication centres, warning data exchanges or joint stations, exchanging of liaison officers to strategic command and/or launch centres. </s>
	  <s n="148"> The recent agreement between the United States and the Russian Federation on the establishment of a joint warning centre for the exchange of information of missile launches and early warning is a welcome step. </s>
	</p>
	<p n="77">
	  <s n="149"> Preparatory process </s>
	</p>
	<p n="78">
	  <s n="150"> I would propose that the Secretary-General of the United Nations initiate a preparatory process by establishing technical working groups (intergovernmental, with techno-military participation) on each cluster of issues. </s>
	  <s n="151"> Bilateral/multilateral informal discussions could be encouraged. </s>
	  <s n="152"> Even direct involvement by the Secretary-General himself in the dialogue, to narrow differences, might be required. </s>
	  <s n="153"> If the Secretary-General finds that there is sufficient common ground on two or more issues, these could form the foci of the Conference. </s>
	</p>
	<p n="79">
	  <s n="154"> There is already a large amount of background material on each of these issues. </s>
	  <s n="155"> The Secretary-General might even consider inviting specialists to address the working groups, as and when the need arose. </s>
	</p>
	<p n="80">
	  <s n="156"> C. Reducing nuclear dangers </s>
	</p>
	<p n="81">
	  <s n="157"> by Boris D. Pyadyshev </s>
	</p>
	<p n="82">
	  <s n="158"> It is sad but true that, since as long ago as 1928, when Maksim Litvinov, who later became the Russian people&apos;s commissar for foreign affairs, put forward the term “General and complete disarmament” in the League of Nationsa and the world leaders wholeheartedly accepted it, the disarmament process has disintegrated into separate disarmament areas. </s>
	</p>
	<p n="83">
	  <s n="159"> The actual concept of general and complete disarmament did not completely disappear, however. </s>
	  <s n="160"> One may recall the solid programme adopted in 1959 by the United Nations General Assembly (I note that its originator was N. S. Khrushchev, who had put forward the main provisions of the programme in a statement at the fourteenth session of the General Assembly). </s>
	</p>
	<p n="84">
	  <s n="161"> This initiative was followed up. </s>
	  <s n="162"> In March of the following year, in accordance with a resolution of the General Assembly at its fourteenth session, the Ten-Nation Disarmament Committee began its work, with a mandate from the General Assembly to formulate and submit a plan for freeing the world from weapons of mass destruction. </s>
	  <s n="163"> If I am not mistaken, two sessions of the Ten-Nation Disarmament Committee were held in Conference Room 8, where our Council met last summer. </s>
	</p>
	<p n="85">
	  <s n="164"> The fate of the Ten-Nation Disarmament Committee clearly confirmed how inseparably the disarmament problem was linked with the overall political situation in the world. </s>
	  <s n="165"> In May 1960, there was the well-known incident in the skies over the Soviet Union involving a U-2 spy plane of the United States of America. </s>
	  <s n="166"> This led to the cancellation of the Paris summit meeting and, naturally, there could be no question of continuing the work of the Ten-Nation Disarmament Committee. </s>
	  <s n="167"> At that time, however, it was difficult to remove the issue of general and complete disarmament from the orbit of world politics. </s>
	  <s n="168"> The committee was revived as a 15-nation committee (with the participation of the non-aligned countries) and then, as far as I recall, 18 nations. </s>
	  <s n="169"> In the end, the Disarmament Commission was established. </s>
	  <s n="170"> The outcome of its work, however, is not encouraging. </s>
	</p>
	<p n="86">
	  <s n="171"> One cannot fail to recall the last bold attempt — the programme put forward by M. Gorbachev in January 1986. </s>
	  <s n="172"> It called for the phased renunciation of nuclear and all types of weapons of mass destruction, under a set timetable. </s>
	  <s n="173"> It should be noted that this idea of Gorbachev&apos;s elicited a broad response. </s>
	  <s n="174"> Many people understood that these plans were castles in the air, but it could be the last opportunity, and that was why they found it so hard to let go of that beautiful dream. </s>
	</p>
	<p n="87">
	  <s n="175"> In the end, we are left with what we have. </s>
	  <s n="176"> In his report to the Millennium Summit, the Secretary-General of the United Nations, I believe with a heavy heart, said that “for three years in a row now, the Conference on Disarmament in Geneva has not engaged in any negotiations because its members have been unable to agree on disarmament priorities”. </s>
	</p>
	<p n="88">
	  <s n="177"> And yet, how realistic is the question we are asked: “To what extent should current efforts to reduce nuclear dangers be coordinated with efforts to promote disarmament efforts involving other weapons of mass destruction, conventional weapons, or both? </s>
	  <s n="178"> How can the United Nations best promote such an integrated approach?” </s>
	</p>
	<p n="89">
	  <s n="179"> It is hardly realistic to combine in one programme, established for a fixed period and with fixed stages, the reduction and elimination of weapons of mass destruction, as in Litvinov&apos;s concept, or in the General Assembly resolution of 1959, or in Gorbachev&apos;s programmes. </s>
	</p>
	<p n="90">
	  <s n="180"> The times are now very different, but efforts to coordinate the work on various disarmament issues, including that of the United Nations, are by no means hopeless. </s>
	</p>
	<p n="91">
	  <s n="181"> It goes without saying that it is hardly possible to bring back together under one roof the various disarmament processes which have become autonomous in nature. </s>
	  <s n="182"> But it is possible to think about how to combine them more closely at both the practical and the geographical levels. </s>
	  <s n="183"> Artificial linkages of different areas of disarmament may be counterproductive because of their specific characteristics and complexity. </s>
	  <s n="184"> Nevertheless, progress in one area undoubtedly has a favourable influence on other areas. </s>
	  <s n="185"> Therefore, the central task of the international community is to ensure that the work of each disarmament track proceeds as effectively as possible. </s>
	</p>
	<p n="92">
	  <s n="186"> Without in any way diverting attention from New York as the main centre, it might be advisable to enhance the role of the Disarmament Commission at the organizational level, in particular by holding fairly regular high-level meetings of the Security Council there. </s>
	</p>
	<p n="93">
	  <s n="187"> Essentially, however fragmented the different areas of disarmament might be, an effective disarmament mechanism has now been established. </s>
	  <s n="188"> Its basis is the 1972 Treaty on the Limitation of Anti-Ballistic Missile Systems, the regimes for the non-proliferation of weapons of mass destruction and their means of delivery, and other agreements. </s>
	  <s n="189"> This mechanism will be strengthened if, in particular, the use of enriched uranium and pure plutonium for peaceful nuclear energy is prohibited. </s>
	  <s n="190"> Technologically this is entirely feasible. </s>
	  <s n="191"> The incineration of plutonium and other radioactive elements will provide the prerequisites for finally resolving the problem of radioactive waste. </s>
	</p>
	<p n="94">
	  <s n="192"> The United Nations cannot ignore the facts of the spread of radioactive materials used for peaceful purposes to means of destruction and weapons of war. </s>
	  <s n="193"> It appears that this happened when depleted uranium was used in the recent military operations in the Balkans, leading to human casualties. </s>
	</p>
	<p n="95">
	  <s n="194"> It should be noted that the subject of disarmament is far from prominent in the mass information media. </s>
	  <s n="195"> This situation is disastrous for any issue, and particularly for an issue as important as disarmament. </s>
	  <s n="196"> The level of cooperation with the press must be substantially increased; it should not be confined to traditional types of contacts, and the most prominent and authoritative journalists and television commentators must be enlisted. </s>
	  <s n="197"> Annual prizes should be established for the best coverage of the role of the United Nations in the processes of disarmament. </s>
	</p>
	<p n="96">
	  <s n="198"> Notes </s>
	</p>
	<p n="97">
	  <s n="199"> a In 1928 the Union of Soviet Socialist Republics was not yet a member of the League of Nations, and M. Litvinov was not a people&apos;s commissar. </s>
	</p>
	<p n="98">
	  <s n="200"> Annex II </s>
	</p>
	<p n="99">
	  <s n="201"> Discussion papers prepared by Harald Müller and Maleeha Lodhi and presented on 27 July 2001 at the thirty-seventh session of the Advisory Board on Disarmament Matters in Geneva </s>
	</p>
	<p n="100">
	  <s n="202"> Reducing nuclear dangers </s>
	</p>
	<p n="101">
	  <s n="203"> by Harald Müller </s>
	</p>
	<p n="102">
	  <s n="204"> Nuclear dangers and nuclear disarmament </s>
	</p>
	<p n="103">
	  <s n="205"> Nuclear dangers are inherent in the existence of nuclear weapons. </s>
	  <s n="206"> While the biggest danger is, of course, that nuclear weapons might be used in war, the risks to health and the environment connected to the testing, production and operation and maintenance of nuclear weapons should also be recognized. </s>
	</p>
	<p n="104">
	  <s n="207"> Missile defences are not reassuring as an instrument for reducing nuclear dangers internationally. </s>
	  <s n="208"> Unless the introduction of defences is accompanied by very deep cuts in offensive nuclear forces and is designed in such a way as to reassure other States, they might drastically change the calculus of retaliatory capabilities after the absorption of a first strike. </s>
	  <s n="209"> Hence it is probable that missile defences will trigger high-alert postures and offensive counter-deployments by States that fear that their deterrent might be compromised. </s>
	  <s n="210"> In this way, they serve rather to enhance than to diminish nuclear dangers. </s>
	</p>
	<p n="105">
	  <s n="211"> The only reliable way to eliminate nuclear dangers is the complete elimination of nuclear weapons. </s>
	  <s n="212"> All other attempts to reduce nuclear dangers by deterrence, defence, non-proliferation, physical security and technical controls are attempts at managing, but not eliminating, nuclear dangers. </s>
	</p>
	<p n="106">
	  <s n="213"> The complete elimination of nuclear weapons will require: </s>
	</p>
	<p n="107">
	  <s n="214"> • Strict and effective verification; </s>
	</p>
	<p n="108">
	  <s n="215"> • Prompt and effective measures to deal with rule-breaking; </s>
	</p>
	<p n="109">
	  <s n="216"> • Prompt and effective measures to deal with the proliferation, the use or threat of use of other weapons of mass destruction; </s>
	</p>
	<p n="110">
	  <s n="217"> • The elimination of the possibility that a rule-breaker could prevent the international community from adopting or implementing these measures. </s>
	</p>
	<p n="111">
	  <s n="218"> Pending the complete elimination of nuclear weapons, certain measures can help to reduce nuclear dangers in the interim. </s>
	  <s n="219"> It has to be emphasized that these measures are not a replacement for nuclear disarmament, but just what they are called: interim measures while nuclear disarmament proceeds. </s>
	  <s n="220"> In that context, it has to be emphasized that further nuclear proliferation is both a direct contribution to enhancing nuclear dangers and a serious impediment to nuclear disarmament. </s>
	</p>
	<p n="112">
	  <s n="221"> Interim steps to reduce nuclear dangers </s>
	</p>
	<p n="113">
	  <s n="222"> Reductions </s>
	</p>
	<p n="114">
	  <s n="223"> Nuclear dangers rise with the growth of nuclear arsenals and diminish with their shrinking. </s>
	  <s n="224"> Deep cuts in nuclear weapons are therefore welcome. </s>
	  <s n="225"> Unilateral reductions not embedded in legally binding instruments are insufficient means for the reduction of nuclear dangers. </s>
	  <s n="226"> While such reductions can be very useful in accelerating the disarmament process, they will help only if they are codified later and supplemented by strict and effective verification. </s>
	  <s n="227"> All nuclear possessors should join the disarmament process as early as possible. </s>
	  <s n="228"> Because of their particular risk, the elimination of tactical nuclear weapons should give high priority. </s>
	  <s n="229"> Pending their elimination, nuclear possessors holding such weapons should reduce them to the lowest number compatible with present doctrine and consolidate them in a few storage areas with the highest physical security. </s>
	</p>
	<p n="115">
	  <s n="230"> De-alerting </s>
	</p>
	<p n="116">
	  <s n="231"> Nuclear postures should be turned away determinedly from high-alert status. </s>
	  <s n="232"> Where high alert is related to a relationship of deep mistrust and high conflict, Governments are obliged to work out a policy of détente that would make it possible to reduce such mistrust and manage conflict with instruments other than deterrence postures based on hair-trigger postures. </s>
	</p>
	<p n="117">
	  <s n="233"> Doctrines </s>
	</p>
	<p n="118">
	  <s n="234"> Nuclear doctrines should be reviewed with a view to de-emphasizing the role of nuclear weapons, scrutinizing missions assigned to nuclear weapons and eliminating such missions or assigning them to conventional weapons wherever possible. </s>
	  <s n="235"> Doctrines of first use should be abandoned; nuclear possessors adhering to such doctrines should be accountable for their rationales and bear the responsibility of working to remove the impediments to adopting no-first-use doctrines quickly. </s>
	  <s n="236"> Other States should be obliged to assist, when possible, the nuclear possessors to move in that direction. </s>
	</p>
	<p n="119">
	  <s n="237"> Transparency </s>
	</p>
	<p n="120">
	  <s n="238"> Transparency with regard to nuclear capabilities is both a precondition for progress in nuclear disarmament and a process driven, in turn, by this progress. </s>
	  <s n="239"> By enhancing confidence and mutual trust, increasing transparency helps to contain nuclear dangers. </s>
	  <s n="240"> While it has to be recognized that different degrees of transparency might be appropriate for different sizes of nuclear arsenals at the beginning of the process, no nuclear-weapon processor can escape the requirement of providing at least for minimum transparency and thereby contributing to the process of mutual confidence-building. </s>
	</p>
	<p n="121">
	  <s n="241"> Public education </s>
	</p>
	<p n="122">
	  <s n="242"> Efforts to reduce nuclear dangers and to proceed with nuclear disarmament will only be upheld continuously if the public is aware of the dangers and persists in requesting the political leadership to take effective steps towards this objective. </s>
	  <s n="243"> A well-informed public is thus the prerequisite for the reduction of nuclear dangers. </s>
	  <s n="244"> This points to the importance of nuclear disarmament and non-proliferation education. </s>
	</p>
	<p n="123">
	  <s n="245"> Possible benefits of an international conference </s>
	</p>
	<p n="124">
	  <s n="246"> An international conference could be useful precisely because the subject is contested. </s>
	  <s n="247"> The objective of such a conference would probably not be so much to achieve a consensus as to start a process of free exchange of opinions and an exploration of steps that could be followed. </s>
	  <s n="248"> Such a conference could address, inter alia: </s>
	</p>
	<p n="125">
	  <s n="249"> • Present nuclear doctrines, the prerequisites for de-emphasizing nuclear weapons and turning to no first use, and possible steps to implement these prerequisites; </s>
	</p>
	<p n="126">
	  <s n="250"> • The relationship between unilateral and legally binding nuclear arms reduction; </s>
	</p>
	<p n="127">
	  <s n="251"> • Steps in de-alerting; </s>
	</p>
	<p n="128">
	  <s n="252"> • Measures of transparency and mutual confidence-building; </s>
	</p>
	<p n="129">
	  <s n="253"> • Missile defence and its impact on nuclear dangers; </s>
	</p>
	<p n="130">
	  <s n="254"> • Nuclear disarmament and non-proliferation education, probably on the basis of the report of the Expert Group. </s>
	</p>
	<p n="131">
	  <s n="255"> Reducing nuclear dangers </s>
	</p>
	<p n="132">
	  <s n="256"> by Maleeha Lodhi </s>
	</p>
	<p n="133">
	  <s n="257"> Ironically, the end of the cold war heightened nuclear dangers rather than reducing them. </s>
	  <s n="258"> The Advisory Board&apos;s interesting discussion at its thirty-sixth session identified a number of measures to arrest the nuclear danger. </s>
	  <s n="259"> To be relevant, the Board&apos;s recommendations should be responsive to the emerging strategic, political and technological realities in the nuclear field. </s>
	</p>
	<p n="134">
	  <s n="260"> Among these realities is the fact that, despite best endeavours to the contrary, the reliance on nuclear weapons by the nuclear-weapon States and their allies is stronger than ever. </s>
	  <s n="261"> Moreover, nuclear deterrence doctrine has gained at least three new adherents: India, Pakistan and Israel. </s>
	  <s n="262"> Secondly, the stability of nuclear deterrence, both among the major Powers and at the regional level — in South Asia, the Middle East and North-East Asia — is less certain and indeed could become volatile for several reasons. </s>
	  <s n="263"> The present paper seeks to identify the main sources of the emerging nuclear danger and to propose steps at various levels to reduce them. </s>
	  <s n="264"> These steps are the essential interim measures on the road to the ultimate elimination of nuclear weapons. </s>
	</p>
	<p n="135">
	  <s n="265"> Missile defence and strategic stability </s>
	</p>
	<p n="136">
	  <s n="266"> The most serious nuclear challenge may arise from technological and policy decisions that threaten strategic stability. </s>
	  <s n="267"> There is a general concern that unilateral deployment of missile defence systems and the abrogation of the Anti-Ballistic Missile Treaty may provoke a major new arms race and heighten political tensions between the United States of America and the Russian Federation — China, apart from eroding the existing negotiated structures of arms control and non-proliferation. </s>
	  <s n="268"> The nuclear danger will seriously intensify if the unilateral deployment of strategic missile defences leads the Russian Federation to re-MIRV its strategic missile systems. </s>
	  <s n="269"> Similarly, if ballistic missile defence is pursued unilaterally, at the regional or global level, this could still evoke a major Chinese build-up of strategic, theatre and tactical nuclear weapons systems. </s>
	</p>
	<p n="137">
	  <s n="270"> It seems essential to address the missile defence issue through a broad-based consultative process involving all interested parties. </s>
	  <s n="271"> The recent agreement (22 July 2001) between the United States and the Russian Federation to pursue a dialogue on the issue, involving a discussion of the role of both offensive and defensive systems, is a welcome development. </s>
	  <s n="272"> In the past, the Russian Federation had proposed that “balance” could be achieved through a mix of strategic offensive and defensive weapons. </s>
	  <s n="273"> It is uncertain whether Moscow could agree now to this approach to maintaining “strategic stability”, i.e., with limited deployment of strategic missile defences being accompanied by drastic reductions in strategic offensive weapons. </s>
	</p>
	<p n="138">
	  <s n="274"> However, a United States-Russian “deal” on an offensive-deployment “balance” may be a necessary but insufficient condition for global strategic stability, since China appears unlikely, at the current stage, to accept the deployment of ballistic missile defences, at the strategic or theatre level, without resorting to a major build-up of its “offensive” weapons systems. </s>
	  <s n="275"> Thus, the introduction of missile defences without a broad international consensus could not only destabilize “strategic stability” but also intensify nuclear instability in the regions where such missile defences might be introduced, i.e., the Taiwan Straits, North-East Asia and possibly South Asia. </s>
	</p>
	<p n="139">
	  <s n="276"> If the move to explore the possible role of missile defences is not to intensify the nuclear danger, it appears essential that it should be pursued as a collective project to promote “cooperative security” rather than as a quest for unilateral strategic advantage by the United States. </s>
	  <s n="277"> Therefore, the “dialogue” agreed at Genoa should include, besides the United States and the Russian Federation, all other “relevant” States, including China, as well as India, Pakistan, Israel, Japan and North Atlantic Treaty Organization (NATO) allies. </s>
	  <s n="278"> The purpose should be to evolve and agree on: (a) a concept of a possible mix of offensive and defensive systems, at the strategic and regional levels, that could enhance the stability of nuclear deterrence rather than erode it; and (b) a joint process of research and development designed to evolve this within the framework of cooperative security. </s>
	</p>
	<p n="140">
	  <s n="279"> While such a dialogue is under way it would be essential for the existing treaty obligations, especially under the Anti-Ballistic Missile Treaty, not to be abrogated, including in the testing of ballistic missile defence systems. </s>
	  <s n="280"> The prospects of an eventual agreement would be enhanced if the largest number of countries were invited to participate in the research and development efforts to be undertaken on strategic and theatre ballistic missile defence systems. </s>
	</p>
	<p n="141">
	  <s n="281"> Nuclear reduction by the United States and the Russian Federation </s>
	</p>
	<p n="142">
	  <s n="282"> The existence of thousands of nuclear weapons in the arsenals of the United States and the Russian Federation continues to pose the threat of inadvertent or accidental use. </s>
	  <s n="283"> Even as the dialogue on cooperative security is proceeding, the United States and the Russian Federation should pursue a “START II-plus” Agreement that could seek to reduce their offensive strategic systems to less than 1,000 each. </s>
	</p>
	<p n="143">
	  <s n="284"> An important positive step would be the widely recommended elimination of tactical nuclear weapons by the United States and the Russian Federation as a means of promoting nuclear stability and reducing the risk of use of nuclear weapons. </s>
	</p>
	<p n="144">
	  <s n="285"> To facilitate nuclear disarmament and enhance nuclear stability, assurances may be necessary from the United States that it is not seeking to develop new and advanced designs of nuclear weapons, so-called “fourth generation” weapons, including “low-yield nukes” for battlefield use. </s>
	  <s n="286"> The development and deployment of such weapons would erode the firewall between conventional and nuclear weapons and increase the danger of nuclear escalation in the event of a conflict. </s>
	</p>
	<p n="145">
	  <s n="287"> Meanwhile, the Russian Federation needs to continue to enhance its “custodial controls” over fissile materials, nuclear warheads and other sensitive nuclear materials and technology. </s>
	  <s n="288"> This could continue to be assisted by the United States and the international community. </s>
	</p>
	<p n="146">
	  <s n="289"> Review of NATO nuclear doctrine </s>
	</p>
	<p n="147">
	  <s n="290"> The continuing adherence of NATO to the “first use” of nuclear weapons appears unnecessary in the post-cold war realities, when its members do not face a superior conventional force. </s>
	</p>
	<p n="148">
	  <s n="291"> The practice of “nuclear sharing” among NATO allies widens the circle of States which “possess” nuclear weapons, thus increasing the possibilities of use, by design or accident. </s>
	  <s n="292"> In the current military circumstances, NATO nuclear sharing poses an unnecessary risk, apart from being contrary to the spirit and letter of the Treaty on the Non-Proliferation of Nuclear Weapons. </s>
	</p>
	<p n="149">
	  <s n="293"> It is equally essential for NATO to explicitly disavow the (implicit as well as explicit) threat to use nuclear weapons against non-nuclear-weapon States which may use or threaten to use chemical or biological weapons. </s>
	  <s n="294"> This would be a disproportionate response which could unleash nuclear war. </s>
	  <s n="295"> NATO allies have non-nuclear means to deter the use or threat of use of chemical weapons or biological weapons. </s>
	</p>
	<p n="150">
	  <s n="296"> Collective measures by the nuclear-weapon States </s>
	</p>
	<p n="151">
	  <s n="297"> To reduce the danger of nuclear war in practical terms, several measures for nuclear and political self-restraint need to be evolved by all the nuclear-weapon States, i.e., the five nuclear-weapon States under the Non-Proliferation Treaty and the three nuclear-weapon States outside the Non-Proliferation Treaty regime — India, Israel and Pakistan. </s>
	  <s n="298"> These measures should include the following: </s>
	</p>
	<p n="152">
	  <s n="299"> (a) Maintenance of nuclear arsenals and delivery systems on de-alert status (including de-mating, dismantling, locational separation of warheads and delivery systems etc.); </s>
	</p>
	<p n="153">
	  <s n="300"> (b) Transparency measures to enhance mutual confidence and stability; </s>
	</p>
	<p n="154">
	  <s n="301"> (c) Avoidance of conventional threats to each other&apos;s security (and promotion of deterrence through balance in conventional forces); </s>
	</p>
	<p n="155">
	  <s n="302"> (d) Effective mechanisms to address and resolve outstanding political disputes and causes of tension; </s>
	</p>
	<p n="156">
	  <s n="303"> (e) Adoption of other military and political confidence-building measures. </s>
	</p>
	<p n="157">
	  <s n="304"> A viable non-proliferation strategy </s>
	</p>
	<p n="158">
	  <s n="305"> Non-proliferation can be rendered more effective if it is premised on a more equitable and realistic basis. </s>
	  <s n="306"> First, the endeavour to transform the three nuclear-weapon States outside the Non-Proliferation Treaty regime into non-nuclear-weapon States under the Treaty is unrealistic. </s>
	  <s n="307"> It hinders the adoption of realistic measures to prevent further proliferation and to stabilize the security environments in the regions of South Asia and the Middle East. </s>
	</p>
	<p n="159">
	  <s n="308"> Secondly, the security and economic benefits of adherence to the Non-Proliferation Treaty by the non-nuclear-weapon States parties to the Treaty need to be greatly enhanced. </s>
	  <s n="309"> Among other measures, they deserve to be provided unconditional positive and negative security assurances against the use or threat of use of nuclear weapons, and against military aggression in general. </s>
	  <s n="310"> Also, the promise of peaceful nuclear cooperation contained in the Non-Proliferation Treaty must be fulfilled. </s>
	</p>
	<p n="160">
	  <s n="311"> Thirdly, suspicions about the development of nuclear weapons, or other weapons of mass destruction, by some of the parties to the Non-Proliferation Treaty, the so-called rogue States, need to be addressed through the considerable legal measures provided for in the Non-Proliferation Treaty rather than being combated by coercive “counter-proliferation” measures which are likely to evoke defiant behaviour from such States and increase the risk of “asymmetric” responses. </s>
	</p>
	<p n="161">
	  <s n="312"> Specific regional measures </s>
	</p>
	<p n="162">
	  <s n="313"> Each region requires a specific political and arms control approach to reduce the nuclear danger. </s>
	</p>
	<p n="163">
	  <s n="314"> (a) South Asia </s>
	</p>
	<p n="164">
	  <s n="315"> For good reason, South Asia has been described as the most dangerous place on earth. </s>
	  <s n="316"> Despite the “nuclearization” of South Asia, there are several measures which can be taken to reduce the threat or use of nuclear weapons. </s>
	  <s n="317"> These include: </s>
	</p>
	<p n="165">
	  <s n="318"> (a) Agreement on a regime for mutual nuclear and conventional restraint between India and Pakistan. </s>
	  <s n="319"> This could involve: a disavowal of the deployment of large numbers of nuclear weapons/delivery systems; agreed limits on the range and numbers of nuclear-capable missiles; maintenance of nuclear assets on de-alert status; a moratorium on the induction of anti-ballistic missile systems; the maintenance of a balance on conventional forces; and implementation of confidence-building measures; </s>
	</p>
	<p n="166">
	  <s n="320"> (b) A treaty disavowing the use or threat of force by India and Pakistan; </s>
	</p>
	<p n="167">
	  <s n="321"> (c) An effective mechanism, bilateral and/or plurilateral, to address and resolve the Kashmir dispute and other outstanding issues between India and Pakistan; </s>
	</p>
	<p n="168">
	  <s n="322"> (d) A modality for cooperation with the non-proliferation regime of the Treaty on the Non-Proliferation of Nuclear Weapons, with a view to implementation of the obligations under articles I and II of the Treaty by India and Pakistan; </s>
	</p>
	<p n="169">
	  <s n="323"> (e) International assistance to the two countries to enhance the effectiveness of command and control and such measures as stockpile safety, nuclear emergency search/response mechanisms, permissive action links for warheads and personnel reliability programmes. </s>
	</p>
	<p n="170">
	  <s n="324"> (b) The Middle East </s>
	</p>
	<p n="171">
	  <s n="325"> It is necessary to evolve a political modality to reconcile the possession of nuclear weapons by one State with the security requirements of other States of the region. </s>
	  <s n="326"> This could take various forms, e.g., international constraints on regional nuclear capabilities or, more realistically, effective security guarantees to its neighbours by one or more of the nuclear-weapon States of assistance in the event of the threat or use of nuclear weapons or the use of conventional forces. </s>
	</p>
	<p n="172">
	  <s n="327"> (c) North-East Asia </s>
	</p>
	<p n="173">
	  <s n="328"> The best approach to reduce the nuclear danger in this region would be to promote reconciliation and peace on the Korean peninsula. </s>
	  <s n="329"> This could lead to agreed measures of reassurance against the proliferation of nuclear weapons and nuclear-capable missile systems. </s>
	  <s n="330"> Coercive approaches to promote non-proliferation may run counter to the emerging trends towards political reconciliation. </s>
	</p>
	<p n="174">
	  <s n="331"> A global policy to reduce nuclear danger </s>
	</p>
	<p n="175">
	  <s n="332"> To be effective and mutually reinforcing, the measures outlined above should be promoted simultaneously within a coherent framework. </s>
	  <s n="333"> To this end, their consideration by an international conference, as proposed by the Secretary-General of the United Nations, could be a first step towards such coordinated political action. </s>
	</p>
	<p n="176">
	  <s n="334"> Annex III </s>
	</p>
	<p n="177">
	  <s n="335"> Members of the Advisory Board on Disarmament Matters </s>
	</p>
	<p n="178">
	  <s n="336"> H.E. Mr. Nabil Fahmy (Chairman)a, b Ambassador of the Arab Republic of Egypt to the United States of America Washington </s>
	</p>
	<p n="179">
	  <s n="337"> H.E. Mr. Vicente Berasateguib, c Ambassador of the Argentine Republic to the United Kingdom of Great Britain and Northern Ireland London </s>
	</p>
	<p n="180">
	  <s n="338"> Mr. Pascal Bonifacea, b Director Institute of International and Strategic Relations Paris </s>
	</p>
	<p n="181">
	  <s n="339"> Mr. Rolf Ekéusa, b Chairman, Governing Board Stockholm International Peace Research Institute Solna, Sweden </s>
	</p>
	<p n="182">
	  <s n="340"> Mr. Shai Feldmana, b Head, The Jaffee Center for Strategic Studies Tel Aviv University Tel Aviv </s>
	</p>
	<p n="183">
	  <s n="341"> H.E. Ms. Arundhati Ghosea, b Ambassador and member, Union Public Service Commission New Delhi </s>
	</p>
	<p n="184">
	  <s n="342"> H.E. Mr. Guillermo Enrique Gonzálezd Ambassador of Argentina to the United States Washington </s>
	</p>
	<p n="185">
	  <s n="343"> H.E. Mr. Raimundo Gonzáleza, b Ambassador of Chile to Austria Vienna </s>
	</p>
	<p n="186">
	  <s n="344"> H.E. Mr. Kostyantyn I. Gryshchenkoa, b Ambassador of Ukraine to the United States Washington </s>
	</p>
	<p n="187">
	  <s n="345"> H.E. Mr. Hu Xiaodia, b Ambassador of China for Disarmament Affairs Geneva </s>
	</p>
	<p n="188">
	  <s n="346"> Dr. Rokiatou N&apos;Diaye Keitaa, b Director, International Institute for Peace and Security Bamako </s>
	</p>
	<p n="189">
	  <s n="347"> H.E. Dr. Maleeha Lodhia, b Ambassador of Pakistan to the United States Washington </s>
	</p>
	<p n="190">
	  <s n="348"> Ms. Graça Machelc President Foundation for Community Development Maputo </s>
	</p>
	<p n="191">
	  <s n="349"> Mr. Miguel Marín Boscha, b Under-Secretary for Asia, Africa, Europe and Multilateral Affairs Ministry of Foreign Affairs Mexico D.F. </s>
	</p>
	<p n="192">
	  <s n="350"> Mr. Abdul S. Mintyb Deputy Director General, Multilateral Department of Foreign Affairs Pretoria </s>
	</p>
	<p n="193">
	  <s n="351"> Dr. Harald Müllera, b Director, Peace Research Institute Frankfurt Frankfurt, Germany </s>
	</p>
	<p n="194">
	  <s n="352"> Prof. William C. Pottera, b Director, Center for Nonproliferation Studies Monterey Institute of International Studies Monterey, California, United States </s>
	</p>
	<p n="195">
	  <s n="353"> H.E. Mr. Boris D. Pyadysheva, b Ambassador Editor-in-Chief, International Affairs Moscow </s>
	</p>
	<p n="196">
	  <s n="354"> Ms. Jane Sharpa, b Senior Research Fellow Centre for Defence Studies Kings College London </s>
	</p>
	<p n="197">
	  <s n="355"> H.E. Mr. Yoshitomo Tanakaa, b Ambassador President, Radio Press, Inc. Tokyo </s>
	</p>
	<p n="198">
	  <s n="356"> H.E. Mr. Nugroho Wisnumurtia, b Permanent Representative of the Republic of Indonesia to the United Nations Office at Geneva </s>
	</p>
	<p n="199">
	  <s n="357"> Ms. Patricia Lewis (ex officio member)a, b Director, United Nations Institute for Disarmament Research Geneva </s>
	</p>
	<p n="200">
	  <s n="358"> Notes </s>
	</p>
	<p n="201">
	  <s n="359"> a Participated at the thirty-sixth session. </s>
	</p>
	<p n="202">
	  <s n="360"> b Participated at the thirty-seventh session. </s>
	</p>
	<p n="203">
	  <s n="361"> c New member in the thirty-seventh session. </s>
	</p>
	<p n="204">
	  <s n="362"> d Resigned before the thirty-seventh session. </s>
	</p>
	</body>
</text>
</DOC>