<?xml version="1.0" encoding="UTF-8"?>
<DOC lang="English" n="N0332583" id="A/57/786" date="2003/04/15">
<text>
	<body>
	<p n="1">
	  <s n="1"> Fifty-seventh session </s>
	</p>
	<p n="2">
	  <s n="2"> Agenda item 52 </s>
	</p>
	<p n="3">
	  <s n="3"> Strengthening of the United Nations system </s>
	</p>
	<p n="4">
	  <s n="4"> Strengthening of the United Nations: an agenda for further change </s>
	</p>
	<p n="5">
	  <s n="5"> Intergovernmental review of the medium-term plan and the programme budget </s>
	</p>
	<p n="6">
	  <s n="6"> Report of the Secretary-General </s>
	</p>
	<p n="7">
	  <s n="7"> Introduction </s>
	</p>
	<p n="8">
	  <s n="8"> In his report entitled “Strengthening of the United Nations: an agenda for further change” (A/57/387), the Secretary-General summarized the achievements of the Organization since the programme of reform that he had proposed in 1997, particularly with respect to the changes that fell within his responsibility. </s>
	  <s n="9"> He also outlined a number of additional improvements aimed at ensuring that the Secretariat gives better service to the intergovernmental organs. </s>
	</p>
	<p n="9">
	  <s n="10"> In its resolution 57/300, the General Assembly commended the Secretary-General&apos;s efforts and initiatives aimed at further reforming the United Nations. </s>
	  <s n="11"> Among those initiatives were recommendations for improving the current budgeting and planning process. </s>
	</p>
	<p n="10">
	  <s n="12"> The process for review of the medium-term plan and the programme budget of the Organization has become burdensome not only for Member States, who spend a significant amount of time considering those documents, but also for the Secretariat, which provides substantive and technical support for all the formal and informal meetings. </s>
	  <s n="13"> In spite of the in-depth and detailed review process, the deliberations have had little effect on the strategic direction or outcome of the work of the Organization. </s>
	</p>
	<p n="11">
	  <s n="14"> The present report has been prepared pursuant to paragraph 37 of the above-mentioned resolution, by which the Assembly noted the proposal for a single-stage intergovernmental review of the programme budget and medium-term plan contained in paragraph 22 of the Secretary-General&apos;s report (A/57/387) and requested him to submit a report clarifying that proposal for consideration by the Assembly at its resumed fifty-seventh session. </s>
	</p>
	<p n="12">
	  <s n="15"> The present report responds to the request of the Assembly, and expands on the responses to issues raised and supplementary information contained in document A/57/CRP.3 concerning actions 21 and 22 of the Secretary-General&apos;s report (A/57/387). </s>
	</p>
	<p n="13">
	  <s n="16"> Intergovernmental review of the medium-term plan and the programme budget </s>
	</p>
	<p n="14">
	  <s n="17"> In its resolution 2008 (LX), the Economic and Social Council adopted the terms of reference of the Committee for Programme and Coordination (CPC), a subsidiary organ of the Council and of the General Assembly for planning, programming and coordination. </s>
	  <s n="18"> The matters seized by CPC include the medium-term plan, the biennial programme budget, establishment of priorities, evaluation procedures, coordination within the United Nations system and the work of the Joint Inspection Unit. </s>
	  <s n="19"> In addition, and according to General Assembly resolution 41/213, CPC also considers the budget outline of the programme budget. </s>
	</p>
	<p n="15">
	  <s n="20"> In paragraphs 155 to 165 of his report (A/57/387), the Secretary-General drew attention to the current procedures and processes for programme planning and budgeting, which have become complex, protracted, disjointed, time-consuming and rigid. </s>
	  <s n="21"> The excessive paperwork and the inordinate amount of time given to detailed and in-depth consideration of the medium-term plan and the programme budget by the Fifth Committee and CPC, with support from the Secretariat, have not encouraged a rigorous, strategic approach to establishing priorities or to allocating resources accordingly. </s>
	</p>
	<p n="16">
	  <s n="22"> The four-year medium-term plan and revisions thereto are reviewed in detail not only by specialized intergovernmental bodies within their respective sphere of competence but also by CPC, the respective main committees of the General Assembly, within their sphere of competence, and the Fifth Committee. </s>
	  <s n="23"> The biennial budget outline and the biennial programme budgets are also reviewed by CPC and the Fifth Committee. </s>
	  <s n="24"> Member States therefore review planning and budgeting documents at least twice. </s>
	</p>
	<p n="17">
	  <s n="25"> Such reviews have tended to focus on details that do not have a significant impact on the programme of work or on the overall level of resources, and have thus inhibited Member States from addressing strategic issues, assessing the results achieved or determining the continuing validity of legislative decisions. </s>
	</p>
	<p n="18">
	  <s n="26"> Although the medium-term plan and revisions thereto are considered in the same year as the budget outline, each document is reviewed separately by each of the above-mentioned review bodies. </s>
	  <s n="27"> Not only are the reviews duplicative and time-consuming but there is no obvious connection between the four-year plan and the two-year budget outline for the allocation of resources. </s>
	</p>
	<p n="19">
	  <s n="28"> In keeping with the General Assembly&apos;s endorsement, in its resolution 55/231, of the use of results-based budgeting as a management tool for programme managers to clearly specify the objectives, expected accomplishments and indicators of achievement prior to the implementation of their programmes, as well as for Member States to focus on strategic issues, policy direction for the work of the Organization and the results achieved, there is a need to further enhance and facilitate intergovernmental review and decision-making. </s>
	</p>
	<p n="20">
	  <s n="29"> The Secretary-General therefore identified, under action 21 of his report (A/57/387), several possible ways to simplify and improve the current process of planning and budgeting, including the following features: </s>
	</p>
	<p n="21">
	  <s n="30"> (a) A shorter, more strategic medium-term plan covering two years rather than four, and submitted closer to the period to which it relates; </s>
	</p>
	<p n="22">
	  <s n="31"> (b) A budget outline that could be combined with the medium-term plan; </s>
	</p>
	<p n="23">
	  <s n="32"> (c) A shorter, more strategic budget, with supplementary detail provided separately; </s>
	</p>
	<p n="24">
	  <s n="33"> (d) The flexibility to reallocate resources between programmes and between allocations for personnel and other allocations by up to 10 per cent within a single budgetary period; </s>
	</p>
	<p n="25">
	  <s n="34"> (e) A strengthened system of evaluation and monitoring to better measure the impact of our work. </s>
	</p>
	<p n="26">
	  <s n="35"> In action 21, the Secretary-General proposed that the medium-term plan be a shorter plan covering two years instead of four and combined with the budget outline. </s>
	  <s n="36"> That proposal to address the disconnection between the plan and resources would enable the review bodies to take a more strategic and coherent approach to the work of the Organization and its related resources. </s>
	  <s n="37"> A report on the modalities for a shorter plan combined with the budget outline will be submitted to the General Assembly for consideration at its fifty-eighth session. </s>
	  <s n="38"> The Secretary-General will also be submitting reports to the General Assembly at its fifty-eighth session on the other issues mentioned in paragraph 12 above, as requested by the Assembly in its resolution 57/300. </s>
	</p>
	<p n="27">
	  <s n="39"> Consistent with the approach taken in action 21 outlined above, the Secretary-General has also proposed, in action 22, that the intergovernmental review of plans and budgets currently performed by both the Fifth Committee and CPC be absorbed under the aegis of the Fifth Committee. </s>
	</p>
	<p n="28">
	  <s n="40"> Role of the Committee for Programme and Coordination </s>
	</p>
	<p n="29">
	  <s n="41"> To further facilitate the deliberations by Member States and to avoid duplication and time-consuming efforts for their review, CPC would no longer have responsibility for reviewing the medium-term plan, the budget outline and the programme budgets. </s>
	  <s n="42"> While specialized intergovernmental bodies would continue to review the relevant portions of the plan and programme of work within their own area of expertise, it is proposed that the entire plan and budget would henceforth be subject to a single-stage intergovernmental review by the Fifth Committee, which would continue to take into account, as is currently the case, the technical recommendations of the Advisory Committee on Administrative and Budgetary Questions. </s>
	</p>
	<p n="30">
	  <s n="43"> A significant amount of time is spent reviewing the plan and budget prior to their adoption and subsequent implementation. </s>
	  <s n="44"> Disproportionately, hardly any time is devoted to the assessment of the results achieved at the end of the budget or plan period. </s>
	  <s n="45"> Furthermore, the existing systems for reporting and evaluating the performance of programmes have had no practical impact on future plans and resource allocation decisions. </s>
	</p>
	<p n="31">
	  <s n="46"> The introduction of results-based budgeting has brought about significant improvements in the manner in which the budget is prepared and presented. </s>
	  <s n="47"> For the biennium 2002-2003, for each subprogramme, expected accomplishments and performance indicators were identified. </s>
	  <s n="48"> That presentation was further refined in the 2004-2005 programme budget by the augmentation of indicators of achievements with quantified performance measures, which provide a good basis for determining whether and to what extent the objectives set under each subprogramme are achieved. </s>
	</p>
	<p n="32">
	  <s n="49"> The role of CPC could be strengthened and its efficiency enhanced in the assessment of the results achieved at the end of the budget or plan period. </s>
	  <s n="50"> That could be achieved by having the Committee place greater emphasis on programme monitoring of results and devote significantly more of its work to that area, time that the discontinuation of reviewing the budget and medium-term plan would provide. </s>
	  <s n="51"> Monitoring and evaluation require more intensive deliberations. </s>
	  <s n="52"> CPC could rearrange its programme of work, enhance its working methods and guide the Secretariat in further refining the basic elements of results-based budgeting and developing tools for measuring results. </s>
	  <s n="53"> That would also be in keeping with the Secretary-General&apos;s recommendation in action 21 (c) for a strengthened system of evaluation and monitoring that would better measure the impact of the work of the Organization. </s>
	</p>
	<p n="33">
	  <s n="54"> CPC would continue to hold annual sessions, but there would be a shift in its programme of work to concentrate on monitoring and evaluation. </s>
	  <s n="55"> In that connection, it is recalled that, in its resolution 57/300, the Assembly also invited CPC to improve its working methods. </s>
	  <s n="56"> When so doing, the Committee may wish to also review the size and composition of its membership and current participation arrangements. </s>
	</p>
	<p n="34">
	  <s n="57"> Conclusion </s>
	</p>
	<p n="35">
	  <s n="58"> It is recommended that the General Assembly approve the proposal of the Secretary-General for a single-stage intergovernmental review of the medium-term plan, the budget outline and the programme budget, to become effective in the year 2004, and that the Assembly review the functions of the Committee for Programme and Coordination with a view to enhancing its effectiveness in the areas of monitoring and evaluation. </s>
	</p>
	</body>
</text>
</DOC>