<?xml version="1.0" encoding="UTF-8"?>
<DOC lang="English" n="N0265348" id="A/57/488" date="2002/10/21">
<text>
	<body>
	<p n="1">
	  <s n="1"> Fifty-seventh session </s>
	</p>
	<p n="2">
	  <s n="2"> Agenda items 111 and 122 </s>
	</p>
	<p n="3">
	  <s n="3"> Review of the efficiency of the administrative and financial functioning of the United Nations </s>
	</p>
	<p n="4">
	  <s n="4"> Report of the Secretary-General on the activities of the Office of Internal Oversight Services </s>
	</p>
	<p n="5">
	  <s n="5"> Management review of the Office of the United Nations High Commissioner for Human Rights </s>
	</p>
	<p n="6">
	  <s n="6"> Note by the Secretary-General* </s>
	</p>
	<p n="7">
	  <s n="7"> Pursuant to General Assembly resolutions 48/218 B of 29 July 1994, 54/244 of 23 December 1999 and 56/253 (para. </s>
	  <s n="8"> 128) of 24 December 2001, the Secretary-General has the honour to transmit, for the attention of the Assembly, the attached report, conveyed to him by the Under-Secretary-General for Internal Oversight Services, on the management review of the Office of the United Nations High Commissioner for Human Rights (OHCHR). </s>
	</p>
	<p n="8">
	  <s n="9"> * Because of the relatively short time since the adoption of General Assembly resolution 56/253, OIOS was able to complete the review only in August 2002. </s>
	  <s n="10"> The report transmitted by the present note was delayed accordingly. </s>
	</p>
	<p n="9">
	  <s n="11"> The Secretary-General takes note of its findings and concurs with its recommendations. </s>
	</p>
	<p n="10">
	  <s n="12"> Management review of the Office of the United Nations High Commissioner for Human Rights </s>
	</p>
	<p n="11">
	  <s n="13"> Contents </s>
	</p>
	<p n="12">
	  <s n="14"> Introduction </s>
	</p>
	<p n="13">
	  <s n="15"> The Office of Internal Oversight Services of the United Nations Secretariat (OIOS) conducted the present comprehensive management review of the Office of the United Nations High Commissioner for Human Rights (OHCHR) in accordance with paragraph 128 of General Assembly resolution 56/253. </s>
	  <s n="16"> OIOS distributed questionnaires to 216 Professional staff members of OHCHR to which 54 replies were received, and interviewed OHCHR staff and management in Geneva and in the field as well as representatives of Member States and non-governmental organizations. </s>
	  <s n="17"> In addition, OIOS took into account the results of numerous recent audits, oversight reviews and evaluation studies. </s>
	</p>
	<p n="14">
	  <s n="18"> OHCHR was established by General Assembly resolution 48/141 of 20 December 1993 which mandated the United Nations High Commissioner for Human Rights to promote and protect the enjoyment and full realization by all people of all rights established in the Charter of the United Nations and in the international human rights instruments. </s>
	  <s n="19"> The mandate includes preventing human rights violations, securing respect for all human rights, enhancing international cooperation in this field, coordinating relevant activities throughout the United Nations and strengthening and streamlining the United Nations machinery in the field of human rights with a view to improving its efficiency and effectiveness. </s>
	  <s n="20"> The Secretary-General&apos;s reform programme of 1997 designated the issue of human rights as cutting across each of the four substantive fields of the Secretariat&apos;s work programme (peace and security, economic and social affairs, development cooperation, and humanitarian affairs) and restructured and consolidated the human rights programme. </s>
	  <s n="21"> In recognition of the pivotal importance of the mandate of OHCHR, the High Commissioner became a member of all four Executive Committees established by the Secretary-General. </s>
	</p>
	<p n="15">
	  <s n="22"> Resources and workload </s>
	</p>
	<p n="16">
	  <s n="23"> The promotion of human rights was given priority in the medium-term plans for the periods 1998-2001 and 2002-2005. </s>
	  <s n="24"> Human rights were identified in the United Nations Millennium Declaration (see General Assembly resolution 55/2) as one of the key objectives to which special significance was assigned. </s>
	  <s n="25"> However, the priority status accorded the human rights programme was not reflected in the United Nations regular budget resource base. </s>
	  <s n="26"> During the last six years, the regular budget appropriations for human rights decreased by 19 per cent — from $48 million in 1996-1997 to $39 million in 2000-2001 and the share of OHCHR in the United Nations regular budget went down from 1.84 to 1.54 per cent. </s>
	  <s n="27"> During the same time, its extrabudgetary resources more than doubled — from $36 million to $79 million — and their share in the overall OHCHR budget rose from 43 to 67 per cent. </s>
	</p>
	<p n="17">
	  <s n="28"> In reviewing the purposes of voluntary contributions to OHCHR, OIOS was satisfied that provisions of Regulation 7.2 and Rule 107.6 of the Financial Regulations and Rules of the United Nations were observed, namely, that such purposes were consistent with the mandate, policies and activities of OHCHR. </s>
	  <s n="29"> The main concern of OIOS is that the mandated core activities of the Office be largely supported by voluntary contributions rather than by the regular budget. </s>
	  <s n="30"> Out of 155 core Professional posts, only 88 (or 57 per cent) are financed from the regular budget. </s>
	  <s n="31"> The incumbents of the rest are mostly employed as project (200 series) personnel. </s>
	  <s n="32"> A debilitating disruption in the OHCHR core activities could occur if voluntary contributions diminished or were increasingly earmarked. </s>
	</p>
	<p n="18">
	  <s n="33"> OIOS recognizes that the disparity between the regular budget and extrabudgetary financing does not yield an easy short-term resolution. </s>
	  <s n="34"> Nevertheless, it is important for intergovernmental bodies to be fully aware of all the implications of this anomalous situation. </s>
	</p>
	<p n="19">
	  <s n="35"> The fact that new responsibilities were commonly assigned to OHCHR without commensurate additional regular budget resources resulted in the need to fill the gap through voluntary contributions. </s>
	  <s n="36"> The General Assembly was not consistently apprised of programme budget implications when it approved additional mandates and activities for OHCHR. </s>
	</p>
	<p n="20">
	  <s n="37"> The workload of OHCHR comprises a broad range of secretariat, technical and analytical support and servicing to the multiple and complex institutional tiers of the United Nations human rights machinery: the General Assembly, the Economic and Social Council, the Commission on Human Rights and its Subcommission on the Promotion and Protection of Human Rights, the treaty monitoring bodies and a number of extra-conventional procedures and mechanisms (working groups, special rapporteurs, special representatives and independent experts). </s>
	  <s n="38"> As this machinery evolved, so grew the OHCHR workload. </s>
	  <s n="39"> OHCHR also considerably expanded its field presence and its technical cooperation activities. </s>
	</p>
	<p n="21">
	  <s n="40"> Since 1997, while the OHCHR regular budget was shrinking, the number of working groups increased from 13 to 16, and the number of special rapporteurs, special representatives and independent experts tripled from 11 to 34, while both the volume of meetings serviced by OHCHR, and the amount of documentation produced biennially for different organs, more than doubled. </s>
	</p>
	<p n="22">
	  <s n="41"> Of 946 parliamentary documents of all kinds produced during 2000-2001, 12 per cent were for the General Assembly and the Economic and Social Council, 27 per cent went to the Commission on Human Rights and its Subcommission, and 61 per cent were for the treaty bodies and special procedures. </s>
	  <s n="42"> OIOS observed considerable inefficiencies in this flow of outputs. </s>
	  <s n="43"> Numerous documents are submitted in the name of the Secretary-General, the High Commissioner, special rapporteurs and independent experts or as notes by the Secretariat to the different organs on the same subject. </s>
	  <s n="44"> Out of 183 official documents reviewed by OIOS, some 70 (or 38 per cent) could be considered thematically overlapping or duplicative. </s>
	  <s n="45"> A telling case of such overlap arises when Special Rapporteurs are called upon to report to the Commission and then to the Assembly within a short time period of only two to three months, with the content of the reports being very similar. </s>
	  <s n="46"> Costs incurred through such double reporting could be avoided if the original report to the Commission was presented to the Assembly with an oral update by a special rapporteur. </s>
	  <s n="47"> It would be desirable to formalize such procedural change through an Assembly resolution. </s>
	  <s n="48"> OIOS noted that the High Commissioner is cognizant of the problem and has taken the initiative towards eventually consolidating certain types of reporting through a resolution of the relevant policy-making body. </s>
	</p>
	<p n="23">
	  <s n="49"> Also, half a dozen treaty bodies are currently considering multiple reports from countries under relevant treaty obligations. </s>
	  <s n="50"> The number of reports of States parties and related analyses and observations by OHCHR thereon exceed the capacity of treaty bodies to consider them in a timely manner, resulting in a backlog of submissions pending consideration. </s>
	  <s n="51"> Many developing countries experience considerable difficulty in coping with the burden of separate reporting to each treaty body. </s>
	  <s n="52"> OIOS is aware that this matter is being actively discussed by Member States with a view to streamlining all such reporting requirements. </s>
	  <s n="53"> OIOS is cognizant that achieving such rationalization and consolidation would require considerable time and effort. </s>
	</p>
	<p n="24">
	  <s n="54"> Overall, OIOS observed that the disparity between resources and workload presents a growing challenge in many organizational entities of OHCHR. </s>
	  <s n="55"> One example is the situation in the Petitions Team which processes individual complaints under the relevant mandates of treaty bodies. </s>
	  <s n="56"> The petition system is the basic means through which the peoples of the world may complain about human rights violations and discrimination on any grounds. </s>
	  <s n="57"> It is one of the more important core functions of OHCHR. </s>
	  <s n="58"> In addition to servicing 19 weeks of the meetings of expert committees and their working groups, the Team reviews cases for consideration and prepares draft decisions of these bodies on admissibility and merits. </s>
	  <s n="59"> The strength of the Team remains at eight Professional staff members, of which only two are regular staff and six are project personnel. </s>
	  <s n="60"> Its per capita workload in terms of incoming petitions increased by two thirds between 1997 and 2001 and keeps on growing. </s>
	  <s n="61"> This mismatch between demand for the Team&apos;s services and its capacity makes a responsible fulfilment of one of the most important OHCHR mandates close to impossible. </s>
	</p>
	<p n="25">
	  <s n="62"> In reviewing OHCHR use of resources, OIOS was satisfied that mechanisms for programmatic, administrative and financial oversight are in place. </s>
	  <s n="63"> Their effectiveness, however, is uneven. </s>
	  <s n="64"> OHCHR productivity could be improved through rationalizing its working methods, streamlining its organizational structure and enhancing management practices. </s>
	  <s n="65"> There is an overarching problem in respect of achieving these goals. </s>
	  <s n="66"> OIOS observed that, while the management of OHCHR is clearly aware of the need for improvement, translating this awareness into action remains inadequate. </s>
	</p>
	<p n="26">
	  <s n="67"> Quest for improvement </s>
	</p>
	<p n="27">
	  <s n="68"> A critical requirement for effective management is the ability to learn from experience and to seek improvements in work methods. </s>
	  <s n="69"> The leadership of OHCHR should be given credit for its commitment to these goals. </s>
	  <s n="70"> Numerous internal and external evaluations were carried out, senior management retreats and field presences meetings were conducted, and the management-of-change process was launched. </s>
	  <s n="71"> These exercises produced a considerable body of proposals and recommendations, most of which OIOS found very useful. </s>
	  <s n="72"> However, executive follow-up on these recommendations was insufficient and uneven throughout OHCHR. </s>
	</p>
	<p n="28">
	  <s n="73"> The common pattern that emerged was one in which a review or evaluation was launched with vigour, was conducted with commitment and produced pertinent recommendations. </s>
	  <s n="74"> Then, only ad hoc follow-up arrangements were made and such follow-ups were neither continuous nor consistent. </s>
	  <s n="75"> New priorities claim management&apos;s attention, and while some recommendations are implemented, the majority remain pending and gradually drift out of sight. </s>
	  <s n="76"> Subsequent reviews often result in the same or similar recommendations on persistent problems and these, in turn, suffer the same fate. </s>
	  <s n="77"> By OIOS count, there are currently over 100 outstanding recommendations resulting from different exercises pertaining to all areas of OHCHR management. </s>
	  <s n="78"> While there is no lack of good faith to bring about improvement on the part of management, there is a weakness in maintaining the institutional memory of the outcome of such efforts and following through with implementation. </s>
	  <s n="79"> Such follow-up should be strengthened and systematized. </s>
	</p>
	<p n="29">
	  <s n="80"> Issues of substance </s>
	</p>
	<p n="30">
	  <s n="81"> The last five years saw a considerable expansion in the substantive activities of OHCHR, its support to extra-conventional procedures and treaty bodies and its technical cooperation and field presences. </s>
	  <s n="82"> Mainstreaming of human rights into the United Nations system-wide efforts for development and maintenance of international peace and security was advanced. </s>
	  <s n="83"> Greater visibility for human rights on the global political scene was achieved, the emphasis on economic, social and cultural rights became more pronounced, and the issue of human rights was integrated into conflict prevention, peacekeeping and peace-building. </s>
	  <s n="84"> The Office became increasingly operational in its mission of promoting and protecting human rights. </s>
	  <s n="85"> This multidimensional expansion brought to the fore the cardinal problem of a holistic implementation of the “universal, indivisible, interdependent and interrelated” doctrine of human rights. </s>
	</p>
	<p n="31">
	  <s n="86"> Strategy </s>
	</p>
	<p n="32">
	  <s n="87"> The High Commissioner sought to promote all of human rights with equal vigour. </s>
	  <s n="88"> Progress has been made with respect to establishing longer-term objectives, planning and better in-house coordination. </s>
	  <s n="89"> OIOS observed, however, that reactive, emergency-driven and poorly coordinated engagements often weaken the programmatic focus and that support to thematic and geographical aspects of various mandates and procedures is not always coherent. </s>
	  <s n="90"> Programmatic and operational objectives are often set without a realistic appraisal of the expertise and resources needed to achieve them. </s>
	</p>
	<p n="33">
	  <s n="91"> OIOS observed that the weakness in strategic direction results in the lack of an optimal balance between resources dedicated to advancing mainstreaming and to the Office&apos;s own technical cooperation; and between regional activities, regional representation, country activities and field presence. </s>
	  <s n="92"> Efforts to address these challenges are not coherent. </s>
	  <s n="93"> The regional dimension of OHCHR activities is a case in point. </s>
	  <s n="94"> OIOS found weaknesses and voids in programmatic and operational coordination among regional advisers, regional representatives and country presence in relevant regions. </s>
	  <s n="95"> Terms of reference and reporting lines for regional representatives need to be clarified and connected to regional strategies. </s>
	  <s n="96"> OIOS had difficulty in identifying the strategic considerations that determine the choice of technical cooperation projects. </s>
	</p>
	<p n="34">
	  <s n="97"> OHCHR needs an integrated, multidimensional strategy that would direct the priority-setting in its diverse activities, including the mainstreaming of human rights. </s>
	  <s n="98"> This strategy should guide all organizational units in determining their medium- and longer-term goals and prioritize their operational activities and technical cooperation. </s>
	</p>
	<p n="35">
	  <s n="99"> Methodology </s>
	</p>
	<p n="36">
	  <s n="100"> OHCHR has become more proactive in promoting, protecting and mainstreaming human rights, and also more operational. </s>
	  <s n="101"> This requires prioritizing the work of the Office and determining its comparative advantage vis-à-vis other actors in various areas of human rights. </s>
	  <s n="102"> The Policy Planning and Methodology Team was effectively created in November 2001 to develop necessary policies and methodologies, guidelines and manuals on standard operating procedures and various training tools. </s>
	  <s n="103"> Its tasks also included establishing a functional system of evaluation in OHCHR. </s>
	</p>
	<p n="37">
	  <s n="104"> While OIOS found this concept important and timely, its implementation has left much to be desired. </s>
	  <s n="105"> The Team was divided between the Activities and Programmes Branch and the Research and Right to Development Branch with respect to enhancing horizontal cooperation within the Office. </s>
	  <s n="106"> However, OIOS found little evidence of such impact. </s>
	  <s n="107"> While the Team produced a number of valuable outputs, it was often used as a back-up resource for various emergency missions outside of its planned tasks, thus diverting it from its core assignments. </s>
	  <s n="108"> The five Professional staff initially assigned to the Team were supposed to be strengthened by five additional staff; this strengthening, however, had not occurred at the time of the OIOS review. </s>
	  <s n="109"> OIOS observed that, under these conditions, the volume of planned outputs far exceeded the Team&apos;s capacity, resulting in delays in the implementation of some important tasks and depriving end-users of some of the expected tools. </s>
	</p>
	<p n="38">
	  <s n="110"> OIOS considers the concept of an entity assigned to support policy formulation and methodology development essential for the success of the work of OHCHR. </s>
	  <s n="111"> To turn it into reality, however, requires organizational soundness, critical mass of diverse expertise, effective dissemination of its products and factoring end-users&apos; feedback into the work of the unit. </s>
	</p>
	<p n="39">
	  <s n="112"> C. Planning and implementation </s>
	</p>
	<p n="40">
	  <s n="113"> OHCHR aims to ensure the integration of universally recognized human rights norms both in law and in practice, to provide the highest-quality support to the international human rights bodies and to act as a catalyst in integrating the human rights standards throughout the work of the United Nations. </s>
	  <s n="114"> The decisions of policy-making organs guide this effort and emphasis is placed on the enhancement of cooperation at the international, regional and national levels. </s>
	</p>
	<p n="41">
	  <s n="115"> The scope of activities in pursuing the mission of OHCHR comprises research, development of norms, support to treaty bodies and special procedures, preventive and curative protection, promotion of human rights and dissemination of relevant information, advisory services and fostering of national human rights strategies, institutions and systems. </s>
	  <s n="116"> OIOS observed that the planning of these activities is of a rather general nature and it is often not closely aligned with the resources available. </s>
	  <s n="117"> The objectives, expected accomplishments and the listing of outputs in the biennial programme budget are not coherently translated into the work plans of the organizational units with clear assignments of deadlines and responsibilities. </s>
	  <s n="118"> At the planning stage, there is no consistent effort to establish substantive linkages between outputs of similar or closely related subject matter. </s>
	  <s n="119"> The planning discipline with regard to activities financed from extrabudgetary contributions is particularly in need of further improvement. </s>
	</p>
	<p n="42">
	  <s n="120"> While OIOS recognizes that unforeseen circumstances do not yield easily to the rigour of planning, the work of the Office would certainly benefit from actionable plans with regard to preventive action, emergency response mechanisms, urgent action procedures and follow-up on recommendations of treaty bodies and mandate-holders of special procedures. </s>
	  <s n="121"> Durable links should be established at the outset between complementary activities, such as country analyses prepared in the context of the State reporting process, fact-finding and fact-gathering, and technical cooperation. </s>
	  <s n="122"> This holistic planning approach should be vertically consistent — from the Office level to an organizational unit and finally down to a staff member&apos;s work plan. </s>
	</p>
	<p n="43">
	  <s n="123"> OIOS noted that the Secretary-General&apos;s bulletin on the organization of OHCHR (ST/SGB/1997/10) had provided for a staff support function to develop and maintain a framework for management and planning of the activities of the human rights programme and facilitate the development of the overall work programme, and to prepare annual management reports on activities and achievements (para. 5.2 (f)). </s>
	  <s n="124"> This function was realized only partially and remains understaffed and undergraded. </s>
	</p>
	<p n="44">
	  <s n="125"> OIOS noted that the OHCHR biennial reporting of programme performance was timely and of good quality. </s>
	  <s n="126"> That contrasted, however, with the uneven monitoring of implementation during the biennium. </s>
	  <s n="127"> Reviews of progress in implementing outputs against deadlines are mostly ad hoc. </s>
	  <s n="128"> There is no central control over follow-up to resolutions and decisions of human rights organs and no system to alert senior management to instances where required implementation action is lagging. </s>
	  <s n="129"> Efforts to develop appropriate mechanisms to capture performance information and to guide the collection, collation and presentation of such information are in their infancy. </s>
	  <s n="130"> The self-evaluation efforts are not systematic and coherent. </s>
	</p>
	<p n="45">
	  <s n="131"> Organization and structure </s>
	</p>
	<p n="46">
	  <s n="132"> The organization and structure of OHCHR were initially based on regular budget activities and resources. </s>
	  <s n="133"> The rapid expansion of extrabudgetary resources has led to its mutation. </s>
	  <s n="134"> Currently, the structure of the Office is opaque and cumbersome, with convoluted reporting lines. </s>
	</p>
	<p n="47">
	  <s n="135"> With their misleading names, the three Branches — the Activities and Programmes Branch, the Research and Right to Development Branch and the Support Services Branch — are rendered unwieldy through the ad hoc creation of teams and units in response to new programmatic mandates and operational concerns. </s>
	  <s n="136"> Their strength ranges from about 50 to over 100 Professional staff — well above the conventional strength of divisions within the United Nations Secretariat. </s>
	  <s n="137"> There is a clear need to streamline the OHCHR organizational structure to form more coherent and manageable substantive divisions and OHCHR-wide programme support services. </s>
	</p>
	<p n="48">
	  <s n="138"> OIOS noted that the nomenclature of organizational entities and the level of management posts were drastically different from those of comparable entities of the United Nations Secretariat. </s>
	  <s n="139"> OHCHR currently consists of branches and teams as main organizational components, with a few units. </s>
	  <s n="140"> It would be appropriate if, in accordance with the current Secretariat-wide practice, entities of from four to eight Professional posts were named either units or sections and headed by a chief at the P-4 or P-5 level; those with the strength of from 8 to 15 Professional posts were named branches or services and headed by an officer at the D-1 level; and the entities with the strength of between 15 and 20 Professional posts were named divisions and headed by an officer at the D-2 level. </s>
	  <s n="141"> OIOS has no doubt that such normalization of nomenclature and structure would benefit the organization of the Office and the morale of the management and staff. </s>
	  <s n="142"> OIOS is cognizant that the reclassification of posts in line with their real responsibilities would have resource implications. </s>
	  <s n="143"> However, OIOS believes that such a rationalization is essential for the efficiency and effectiveness of OHCHR. </s>
	</p>
	<p n="49">
	  <s n="144"> Regarding the substantive aspects of streamlining the organizational structure, OIOS believes that the departure point should be creating a critical mass for effective OHCHR-wide management and programme support in separate entities while concentrating the programme delivery in substantive divisions. </s>
	  <s n="145"> Currently, such essential OHCHR-wide support functions as information management, policy, methodological and mainstreaming support, legal advice, security, registry and document processing, external relations and fund-raising are dispersed throughout the Branches. </s>
	  <s n="146"> OIOS is of the view that, organizationally, separating these OHCHR-wide programme support functions from substantive ones and subordinating them to the Deputy High Commissioner, would enhance their effectiveness. </s>
	  <s n="147"> Most of them could be shaped either into a single programme support division or, preferably, into separate thematic branches or sections. </s>
	  <s n="148"> Others could be absorbed into an administration division. </s>
	</p>
	<p n="50">
	  <s n="149"> Another important functional point underlying the structural choices is the role of country Desk Officers (DO). </s>
	  <s n="150"> Currently, there are 27 of them covering 188 Member States, giving an average of 7 countries per Desk Officer. </s>
	  <s n="151"> In addition, staff members supporting five treaty bodies become engaged, as required, in relevant issues pertaining to different countries with the Desk Officer playing only a marginal role in the process. </s>
	  <s n="152"> Once all treaty bodies examine country reporting, country-specific information is often institutionally lost. </s>
	  <s n="153"> OIOS believes that expanding the functions of the Desk Officers to serving the treaty bodies in regard to the countries under their responsibility may help consolidate the reporting process and improve the coordination of recommendations between treaty bodies; strengthen the institutional approach of OHCHR to country human rights situations; and maximize the use of the limited personnel resources of OHCHR. </s>
	  <s n="154"> With this option, the number of Desk Officers would need to be increased through a carefully planned possible reassignment of some staff from treaty body support responsibilities. </s>
	  <s n="155"> The relevant organizational entity — an operations division — could provide country coverage and support to field presences, technical cooperation and regional activities. </s>
	  <s n="156"> The activities related to national institutions, which are currently self-standing, should be incorporated into this division and become an integral part of technical cooperation and advisory services. </s>
	</p>
	<p n="51">
	  <s n="157"> Consequently, the staff providing general support to the work of treaty bodies would focus on work that was not country-specific by following up on the recommendations of treaty bodies and developing tools to facilitate their implementation. </s>
	  <s n="158"> OIOS believes that the currently existing organizational division between entities dedicated to civil and political rights and those dedicated to economic, social and cultural rights should be eliminated and that they should be grouped into a treaty support division. </s>
	  <s n="159"> The human rights education activity could be absorbed into this division. </s>
	  <s n="160"> The follow-up to the recommendations of treaty bodies should be strengthened. </s>
	</p>
	<p n="52">
	  <s n="161"> OIOS observed that there is an urgent need for strengthening the interdisciplinary legal and socio-economic research and policy analysis capability of OHCHR. </s>
	  <s n="162"> It is obvious in the area of “right to development” where OHCHR relies on consultants and expert groups to conduct analyses of the different aspects of the problem and most of the time and effort of the Professional staff is devoted to supporting various expert groups. </s>
	  <s n="163"> There is also a need for periodic analysis of the jurisprudence of the treaty bodies and for synthesizing observations and issues emanating from reviews of the reports of the States parties. </s>
	  <s n="164"> A series of relevant periodic publications could provide a valuable basis for the technical cooperation activities and useful references for both legal and policy analysis of human rights issues. </s>
	  <s n="165"> A research and policy analysis division could be established to carry out such responsibilities along with assisting the High Commissioner in developing strategies for both urgent action and a long-term framework for human rights mainstreaming strategy and policies. </s>
	</p>
	<p n="53">
	  <s n="166"> OIOS sees merit in combining all the entities involved in servicing special procedures along with the Petitions Team into a separate special procedures and petitions division. </s>
	</p>
	<p n="54">
	  <s n="167"> An option that deserves to be considered is constituting secretariat services to the Commission on Human Rights, its Subcommission and the entity responsible for supporting human rights trust funds as two self-standing sections reporting to the Deputy High Commissioner. </s>
	  <s n="168"> The support to the Commission and Subcommission should put more emphasis on following up on priority issues. </s>
	  <s n="169"> Similarly, a unit responsible for public information activities, essential for the human rights mission, should be created. </s>
	</p>
	<p n="55">
	  <s n="170"> OIOS recalls that previous management reviews recommended establishing a central responsibility centre to supervise all the programme support functions of OHCHR, including the administrative and financial support, to prevent the diffusion of administrative and financial responsibilities and to ensure the coherence of such support. </s>
	  <s n="171"> OIOS found this recommendation still pertinent. </s>
	  <s n="172"> Implementing it would strengthen the executive capacity for establishing good management practices, sensitizing all programme managers to their responsibility for efficient management of their programmes and resources and their personal accountability in this regard and ensuring coherent and effective programme support. </s>
	  <s n="173"> Such responsibility could be entrusted either to the Deputy High Commissioner or, if the High Commissioner chooses to delegate a considerable portion of substantive responsibilities to the Deputy, to an office manager at a senior director level. </s>
	</p>
	<p n="56">
	  <s n="174"> Executive management </s>
	</p>
	<p n="57">
	  <s n="175"> OIOS noted the widely acknowledged success of the former High Commissioner in enhancing the global profile of OHCHR, inspiring the commitment of staff to its mission and mobilizing the support of the international community for the human rights cause. </s>
	  <s n="176"> Her leadership had enhanced the moral authority of the Office and ensured that the bearers of the human rights message were vocal and convincing. </s>
	</p>
	<p n="58">
	  <s n="177"> OIOS is of the view that these accomplishments need to be supported by an equally effective build-up in executive management. </s>
	  <s n="178"> OHCHR needs to develop solid modalities and practices in programme planning, monitoring of progress against adopted plans and assessing how its resources are being deployed and utilized to achieve priorities. </s>
	  <s n="179"> The complementarities and synergies between various OHCHR activities have to be identified and realized. </s>
	  <s n="180"> There is a need to strengthen the executive capacity for establishing and maintaining good management practices; overseeing the consistent implementation of executive decisions; and sensitizing all programme managers to their responsibility for efficient management of their activities and resources as well as personal accountability in this regard. </s>
	</p>
	<p n="59">
	  <s n="181"> While key management advisory mechanisms such as the Senior Policy Committee (SPC), the Management Board (MB) and the Project Review Committee are in place, it is important to establish a clear distinction between the roles of the Senior Policy Committee and the Management Board, prioritize their agenda and ensure thorough follow-up on executive decisions of these bodies. </s>
	</p>
	<p n="60">
	  <s n="182"> The immediate support to the High Commissioner is provided by the front Office. </s>
	  <s n="183"> Currently, its functions and procedures are not formally developed and the roles of the Head of the Office, the Special Assistant to the High Commissioner and the Special Advisers are not clearly defined. </s>
	  <s n="184"> The Office should be focused on staff support and coordination functions. </s>
	  <s n="185"> Special Advisers should provide expert advice and not substitute for line managers. </s>
	  <s n="186"> There should be a system through which all senior managers may be fully informed about all pertinent issues. </s>
	</p>
	<p n="61">
	  <s n="187"> In considering the efficiency of executive management, OIOS observed that such an important resource as the post of the Deputy High Commissioner could be more fully utilized. </s>
	  <s n="188"> Clearly defining the responsibilities of the Deputy and consistently observing such empowering arrangements could considerably improve the current situation. </s>
	  <s n="189"> Assigning to the Deputy a fair share of the executive management burden should allow the High Commissioner to focus fully on leadership and the global promotion of the mission of OHCHR. </s>
	</p>
	<p n="62">
	  <s n="190"> Information management </s>
	</p>
	<p n="63">
	  <s n="191"> Gathering, processing, analysing, organizing and disseminating information are at the heart of human rights work. </s>
	  <s n="192"> Recognition that efficient information management is essential for effective human rights promotion and protection was reflected in measures to enhance the OHCHR capacity in this area. </s>
	  <s n="193"> These endeavours are hampered, however, by a shortage of resources and fragmentation of efforts. </s>
	</p>
	<p n="64">
	  <s n="194"> OIOS observed that the share of regular budget and staff resources dedicated to information technology and management (ITM) activities is exceptionally low in OHCHR — less than 3 per cent compared with over 9 per cent for most Geneva-based United Nations entities. </s>
	  <s n="195"> In regard to extrabudgetary funds, information technology and management is also given insufficient attention. </s>
	  <s n="196"> There is a historical reason for this — for a long time, the main application of information technology and management in OHCHR was text processing and it was financed accordingly. </s>
	</p>
	<p n="65">
	  <s n="197"> However, today&apos;s technology allows access to human rights information by experts and all the citizens of the world through the Internet. </s>
	  <s n="198"> Human rights information is multifaceted and intrinsically interrelated. </s>
	  <s n="199"> Establishing thematic, geographical and judicial linkages in the information environment is therefore essential. </s>
	  <s n="200"> There is a clear need for more sophisticated and versatile information technology and management services in OHCHR and a concomitant higher level of resources. </s>
	</p>
	<p n="66">
	  <s n="201"> The efforts to satisfy this growing demand are not, however, based on realistic assessment and allocation of resources available. </s>
	  <s n="202"> Currently, not enough attention is given to coordination of efforts and quality of outputs. </s>
	  <s n="203"> For example, OIOS observed that there are about 25 databases run by different OHCHR entities. </s>
	  <s n="204"> To maintain all of them is an impossible task for the current information technology and management resources of OHCHR. </s>
	  <s n="205"> Another weakness observed by OIOS was the unevenness of discipline in updating the substantive content of many of these databases as well as insufficient user knowledge about them. </s>
	</p>
	<p n="67">
	  <s n="206"> OIOS was impressed with the dedication, professionalism and vision of the information technology and management staff of the Office. </s>
	  <s n="207"> OIOS believes that this entity should be strengthened, both resource-wise and organizationally, and empowered to realize its full potential. </s>
	  <s n="208"> Such a revitalized organizational entity should concentrate on information technology and management policy, and structural and development issues and provide OHCHR-wide guidance. </s>
	  <s n="209"> The roles of content providers and content managers also should be clarified. </s>
	</p>
	<p n="68">
	  <s n="210"> Creating a comprehensive OHCHR-wide information technology and management system could resolve many of the persistent internal coordination problems. </s>
	  <s n="211"> More versatile, interlinked and sophisticated information databases and networks could provide an effective solution to most intra-OHCHR coordination challenges and save considerable staff time now spent on coordination efforts. </s>
	</p>
	<p n="69">
	  <s n="212"> Human resources management </s>
	</p>
	<p n="70">
	  <s n="213"> The growth in voluntary financing has left a heavy imprint on human resources management at OHCHR. </s>
	  <s n="214"> Currently, voluntary contributions finance 84 out of 185 Professional staff (or 45 per cent) in Geneva and 92 out of 99 Professional staff (or 93 per cent) in the field. </s>
	  <s n="215"> Most of the extrabudgetary staff are managed by the United Nations Office for Project Services (UNOPS) and encumber “L” category posts (technical assistance project personnel under the 200 series of staff rules). </s>
	  <s n="216"> They account for 47 per cent of staff performing the core functions of the Office. </s>
	  <s n="217"> It should be recalled that the “L” category posts are not subject to the stringency of the United Nations regulations and rules with regard to recruitment and promotion. </s>
	  <s n="218"> OIOS noted that assigning personnel contracted by UNOPS to core functions creates complicated and controversial personnel management issues regarding reporting lines of such staff and assessment of their performance. </s>
	  <s n="219"> There is a perception among the staff that placement and promotion under this category are at times arbitrary. </s>
	</p>
	<p n="71">
	  <s n="220"> OIOS was concerned about widespread assignment of technical advisers (200 series staff) to carry out line functions, which should be performed by 100 series staff, and to supervise staff under the 100 series of staff rules. </s>
	  <s n="221"> This practice is against established policies and should be discontinued. </s>
	  <s n="222"> OIOS realizes that achieving the regularization of the “L/200” staff is not a simple exercise because of the prevalence of such personnel among the OHCHR staff and the legacy of disregarding the clear distinction between personnel management under the 100 series of the Staff Rules and that under the 200 series. </s>
	  <s n="223"> While recognizing the challenge, OIOS is of the view that this problem should be tackled without delay, as it will only be exacerbated with time. </s>
	  <s n="224"> To regularize the situation, management should clearly establish which posts are under the 100 series and which are under the 200 series within the framework of the approved new organizational structure, conduct a classification exercise and issue vacancy announcements in accordance with established rules and procedures. </s>
	  <s n="225"> The experience of the United Nations Human Settlements Programme (UN-Habitat) in recently conducting a similar exercise should be helpful. </s>
	</p>
	<p n="72">
	  <s n="226"> The prevalence of project personnel has impacted on the geographical distribution of the OHCHR staff. </s>
	  <s n="227"> It is skewed towards Western Europe and North America as compared with the Secretariat-wide pattern. </s>
	  <s n="228"> The geographical distribution of OHCHR consultants is similarly biased. </s>
	  <s n="229"> OIOS noted that the Commission on Human Rights recorded its concern in this regard. </s>
	  <s n="230"> OIOS is of the view that the management of OHCHR should pay closer attention to this problem. </s>
	</p>
	<p n="73">
	  <s n="231"> OIOS noted that while the Performance Appraisal System (PAS) exercise has become part and parcel of the overall performance assessment in OHCHR, its application was uneven. </s>
	  <s n="232"> A more consistent approach should be exercised in regard to its procedures and deadlines. </s>
	</p>
	<p n="74">
	  <s n="233"> In general, OIOS felt that the middle-level managerial culture could benefit from more consistency and professionalism. </s>
	  <s n="234"> It is not unusual for managers at different levels to have a substantive professional expertise but their management skills are lagging behind. </s>
	  <s n="235"> The top leadership would be well advised to infuse a healthy dose of managerial discipline at all levels, to conduct management training as required and to keep managers accountable for discharging their responsibilities. </s>
	  <s n="236"> OHCHR managers need to give staff a clear sense of purpose and direction, to motivate them and to build team spirit. </s>
	</p>
	<p n="75">
	  <s n="237"> Administrative and financial management </s>
	</p>
	<p n="76">
	  <s n="238"> OIOS observed that the capacity of the Administrative Service was strengthened recently and its expertise enhanced. </s>
	  <s n="239"> It is making determined efforts to improve the effectiveness of administrative support and the accuracy and promptness of financial reporting. </s>
	  <s n="240"> Tighter financial and administrative controls have been introduced. </s>
	  <s n="241"> Fund-raising has become more proactive and consistent. </s>
	  <s n="242"> Improvements in the contributions database and clean-up of old records resulted in better monitoring of extrabudgetary resources and more reliable flow of financial information to responsible staff and donors. </s>
	  <s n="243"> Financial reporting from implementing partners, in particular UNOPS, is becoming more reliable, consolidated and timely. </s>
	  <s n="244"> The personnel management capacity of the Service has also been strengthened recently. </s>
	</p>
	<p n="77">
	  <s n="245"> However, much remains to be done to make administrative and finance areas fully effective. </s>
	  <s n="246"> Many specific recommendations in this regard were made in recent years in a number of audits conducted by OIOS and the Board of Auditors. </s>
	  <s n="247"> Their implementation is under way but progress could be more rapid and consistent. </s>
	  <s n="248"> OIOS recognizes that, to achieve further improvements, the capacity of the administration needs to be further enhanced in terms of both its numerical strength and its expertise, with special emphasis on its support to the field presences. </s>
	</p>
	<p n="78">
	  <s n="249"> One of the main difficulties that became obvious in the course of this review concerned the relationship of OHCHR with the administrations of both UNOPS and the United Nations Office at Geneva. </s>
	  <s n="250"> In regard to the former, OIOS believes that a comprehensive review of the scope and the nature of services provided by UNOPS should be conducted with particular regard to the above recommendation on regularizing the personnel structure of OHCHR. </s>
	  <s n="251"> Concerning the United Nations Office at Geneva, OIOS observed the need for improving communication between the United Nations Office at Geneva and OHCHR and aiming at concluding the service-level agreements that would record common understanding on quality and timeliness of expected administrative support. </s>
	  <s n="252"> OHCHR might find useful the experience of the Office for the Coordination of Humanitarian Affairs of the United Nations Secretariat in cooperating with the United Nations Office at Geneva and UNOPS. </s>
	</p>
	<p n="79">
	  <s n="253"> In the course of this review, the issue of enhancing the delegation of authority to OHCHR in administrative and financial matters was repeatedly raised. </s>
	  <s n="254"> While OIOS supports decentralization in principle, the administrative capacity of OHCHR needs to be strengthened first. </s>
	  <s n="255"> The matter should be kept under review and be considered when there is enough evidence to justify such action. </s>
	</p>
	<p n="80">
	  <s n="256"> Given the considerable number of outstanding specific recommendations of previous bodies, it would be redundant to repeat them in the present report. </s>
	  <s n="257"> Implementing them in a timely and effective manner should result in further tangible improvements. </s>
	</p>
	<p n="81">
	  <s n="258"> Conclusions </s>
	</p>
	<p n="82">
	  <s n="259"> The recent growth in mandates and extrabudgetary resources calls for a realistic assessment of the ways and means of carrying out the mission of OHCHR effectively and for making informed choices as to the necessary improvements in its management, structure and work methods. </s>
	  <s n="260"> The last five years witnessed significant accomplishments. </s>
	  <s n="261"> It is time now to reflect on the problems that persist and to prepare for new challenges. </s>
	</p>
	<p n="83">
	  <s n="262"> In doing so, the High Commissioner should give priority to formulating a comprehensive strategy for the Office that guides allocation of resources to its diverse activities including the regional dimension and field presence. </s>
	  <s n="263"> The structure of the Office should be aligned with the strategy and ensure that workflows and reporting lines are clear and consistent. </s>
	  <s n="264"> Such a revitalization exercise should take full advantage of the ideas and proposals that were put forth by the committed, enthusiastic and hard-working staff of OHCHR. </s>
	</p>
	<p n="84">
	  <s n="265"> Recommendations </s>
	</p>
	<p n="85">
	  <s n="266"> * The symbols in parentheses in the present section refer to an internal code used by the Office of Internal Oversight Services for recording recommendations. </s>
	</p>
	<p n="86">
	  <s n="267"> The Secretary-General should fully apprise the General Assembly of how the persistent shortfall in the regular budget funding impacts on the mandated activities of the Office (paras. </s>
	</p>
	<p n="87">
	  <s n="268"> In accordance with rule 153 of the rules of procedure of the General Assembly, comprehensive statements of programme budget implications should be submitted to the Assembly in all instances where new OHCHR mandates and activities are presented for approval (para. </s>
	</p>
	<p n="88">
	  <s n="269"> The High Commissioner should pursue further the consolidation of reporting to different organs on similar or closely related topics, with oral updates on recently issued reports, as necessary, and propose enabling actions for such arrangements to the General Assembly (paras. </s>
	</p>
	<p n="89">
	  <s n="270"> The High Commissioner should consistently pursue consultations with the treaty bodies on the modalities for consolidating reporting under various treaty obligations into a single national report with a view to achieving a steady progress towards this goal (para. </s>
	</p>
	<p n="90">
	  <s n="271"> The staffing of the Petitions Team should be brought in line with its workload to ensure the timely processing of communications and relevant jurisprudence (para. </s>
	</p>
	<p n="91">
	  <s n="272"> Management should review, prioritize and systematize all outstanding recommendations. </s>
	  <s n="273"> Responsibilities and deadlines for action should be assigned and a mechanism for ensuring their implementation established (paras. </s>
	</p>
	<p n="92">
	  <s n="274"> The High Commissioner should draw up a comprehensive and detailed strategy for the Office, from which the medium- and longer-term tangible objectives of the OHCHR organizational units and operational activities would be derived. </s>
	  <s n="275"> The strategy should be realistic, taking into account the resources available (paras. </s>
	</p>
	<p n="93">
	  <s n="276"> The entity responsible for policy planning and methodology should be established as a self-contained unit having OHCHR-wide responsibility and reporting to the Deputy High Commissioner. </s>
	  <s n="277"> It should be strengthened with due regard to the required diversity of professional expertise. </s>
	  <s n="278"> Realistic work plans for the short, medium and longer term should be adopted, with clear assignment of responsibilities, deadlines and accountability for the delivery of planned outputs (paras. </s>
	</p>
	<p n="94">
	  <s n="279"> (a) There should be an established practice of preparing annual work plans for each organizational unit that would include all outputs, deadlines, staff responsibilities and resources required. </s>
	  <s n="280"> Plans should be coordinated to establish substantive horizontal linkages, approved by the High Commissioner and updated as necessary. </s>
	</p>
	<p n="95">
	  <s n="281"> (b) Staff support to programme management and planning should be strengthened and upgraded to ensure that the framework for programme management and work planning is fully developed and incorporates extrabudgetary activities and that required guidance, training and support are provided to managers at all levels (paras. </s>
	</p>
	<p n="96">
	  <s n="282"> Central staff support to the ongoing monitoring of the implementation of the work programme should be strengthened and made responsible for the preparation of quarterly progress reports for senior management along with short-term projections regarding priorities to be focused on in regard to achieving the set objectives of the Office. </s>
	  <s n="283"> This responsibility centre should also monitor the implementation of recommendations of intergovernmental and oversight bodies, follow up on executive decisions and foster the development of self-evaluation activities (para. </s>
	</p>
	<p n="97">
	  <s n="284"> The High Commissioner should align the nomenclature of OHCHR organizational entities with common norms, initiate the reclassification of all managerial posts in line with their actual responsibilities, and subsequently apprise the Commission on Human Rights and the General Assembly of the relevant financial implications (paras. </s>
	</p>
	<p n="98">
	  <s n="285"> The organizational structure of OHCHR should be streamlined into more manageable, compact and substantively coherent entities benefiting from the synergies between the activities they carry out. </s>
	  <s n="286"> In deciding on the organizational streamlining, the High Commissioner may wish to take into consideration the proposals outlined in paragraphs 30-36 (SP-02-001-12). </s>
	</p>
	<p n="99">
	  <s n="287"> The High Commissioner should define the responsibilities delegated to the Deputy and maintain the integrity of such delegation and accountability for discharging those responsibilities. </s>
	  <s n="288"> Clear procedures and reporting lines should be established in the front office (paras. </s>
	</p>
	<p n="100">
	  <s n="289"> An information management and communication section reporting directly to the Deputy High Commissioner should be established. </s>
	  <s n="290"> It should comprise the library, web site, database and information technology operations throughout OHCHR. </s>
	  <s n="291"> It should be mandated to establish and oversee the relevant policies and procedures and to vet all information technology projects proposed by other entities. </s>
	  <s n="292"> A biennial plan for information management and technology development should be prepared and implemented (paras. </s>
	</p>
	<p n="101">
	  <s n="293"> Systematic action should be taken to reclassify all posts in the new organizational structure according to their levels and types of service and to decide whether they belong to the 100 or the 200 series. </s>
	  <s n="294"> Evaluation criteria should be put in place to define qualifications, expertise and performance for the purpose of considering serving staff against the new staffing table. </s>
	  <s n="295"> OHCHR should seek assistance from the Office of Human Resources Management of the United Nations Secretariat in carrying out this regularization exercise (paras. </s>
	</p>
	<p n="102">
	  <s n="296"> The High Commissioner should devote more attention to human resources management issues, including the geographical distribution of the staff, PAS discipline and effectiveness, and managerial accountability for discharging supervisory duties. </s>
	  <s n="297"> The situation should be periodically reviewed at senior staff meetings and appropriate remedial measures taken (paras. </s>
	</p>
	<p n="103">
	  <s n="298"> A comprehensive plan of action to implement all outstanding recommendations of internal and external reviews and evaluations as well as oversight bodies should be drawn up in the context of implementing the recommendations of the current report. </s>
	  <s n="299"> The implementing action should be monitored quarterly by the senior management (paras. </s>
	</p>
	<p n="104">
	  <s n="300"> In his comments on the present report, the High Commissioner concurred with the above OIOS recommendations. </s>
	  <s n="301"> He stressed that the need for additional regular budget resources to carry out mandated core functions of OHCHR is acutely felt. </s>
	  <s n="302"> The process of sharpening OHCHR programmatic priorities has been launched and will remain ongoing. </s>
	  <s n="303"> The nomenclature and structure of the Office will be guided by the OIOS recommendations and brought in line with the nomenclature and structure of the rest of the Secretariat over a period of time. </s>
	</p>
	<p n="105">
	  <s n="304"> The High Commissioner recalled that the Secretary-General in his report entitled “Strengthening of the United Nations: an agenda for further change” (A/57/387), of 9 September 2002, had requested (para. </s>
	  <s n="305"> 58, action 5) that the High Commissioner report to him by March 2003 on a plan to strengthen management, taking into account the recommendations of the current OIOS report. </s>
	  <s n="306"> The detailed plan of action informed by the OIOS recommendations will be reflected in this forthcoming report. </s>
	</p>
	<p n="106">
	  <s n="307"> (Signed) Dileep Nair Under-Secretary-General for Internal Oversight Services </s>
	</p>
	</body>
</text>
</DOC>