<?xml version="1.0" encoding="UTF-8"?>
<DOC lang="English" n="N0270407" id="A/57/620" date="2002/11/20">
<text>
	<body>
	<p n="1">
	  <s n="1"> Fifty-seventh session </s>
	</p>
	<p n="2">
	  <s n="2"> Agenda item 112 </s>
	</p>
	<p n="3">
	  <s n="3"> Programme budget for the biennium 2002-2003 </s>
	</p>
	<p n="4">
	  <s n="4"> Information and communication technology strategy </s>
	</p>
	<p n="5">
	  <s n="5"> * The release of the present report has been delayed to allow its final revision in line with the strategic direction articulated in the report of the Secretary-General entitled “Strengthening the United Nations: an agenda for further change” (A/57/387 and Corr.1). </s>
	</p>
	<p n="6">
	  <s n="6"> Report of the Secretary-General* </s>
	</p>
	<p n="7">
	  <s n="7"> Contents </s>
	</p>
	<p n="8">
	  <s n="8"> Introduction </s>
	</p>
	<p n="9">
	  <s n="9"> The General Assembly, in resolution 54/249 of 23 December 1999 (para. </s>
	  <s n="10"> 61), requested the Secretary-General to develop a comprehensive strategy for the development and implementation of information technology. </s>
	  <s n="11"> Accordingly, and in line with action 27 (d) of his programme for reform (A/51/950), on 13 February 2001, the Secretary-General submitted an information technology strategy for the Secretariat as a whole to the General Assembly in his report entitled “Information technology in the Secretariat: a plan of action” (A/55/780). </s>
	</p>
	<p n="10">
	  <s n="12"> By resolution 56/239 of 24 December 2001, the General Assembly requested the Secretary-General to resubmit the plan of action for consideration at its fifty-seventh session, taking into account the observations and recommendations of the Advisory Committee on Administrative and Budgetary Questions thereon and, inter alia: </s>
	</p>
	<p n="11">
	  <s n="13"> (a) Developing a specific plan to improve efficiency through the application of information technology in the Secretariat and the action required to implement it; </s>
	</p>
	<p n="12">
	  <s n="14"> (b) Defining clearly the responsibilities of the different bodies in the application and integration of information technology within the United Nations; </s>
	</p>
	<p n="13">
	  <s n="15"> (c) Addressing the objective of improving decision-making with respect to information technology in the Secretariat by improving coordination and reducing duplication; </s>
	</p>
	<p n="14">
	  <s n="16"> (d) Developing a cost-benefit analysis for use in identifying information technology priorities. </s>
	</p>
	<p n="15">
	  <s n="17"> The broader context for the present report is provided by the Secretary-General&apos;s reform report, entitled “Strengthening of the United Nations: an agenda for further change” (A/57/387 and Corr.1), which aims at aligning the United Nations programme of work with the United Nations Millennium Declaration, along with the outcomes of the International Conference on Financing for Development, the World Summit on Sustainable Development and other major conferences of the past decade. </s>
	  <s n="18"> These major conferences and summits have outlined a comprehensive vision of what Member States seek to accomplish. </s>
	  <s n="19"> The need for a strong multilateral institution has never been more acutely felt than it is today, in the era of globalization. </s>
	</p>
	<p n="16">
	  <s n="20"> The present document comprises three separate parts: the main body of the report and two annexes. </s>
	  <s n="21"> Annex I includes a list of projects and initiatives to be undertaken until the end of 2005 and annex II contains a list of frequently asked questions, and their answers, as well as issues raised in the recent past on several matters related to information and communications technology. </s>
	</p>
	<p n="17">
	  <s n="22"> Overview </s>
	</p>
	<p n="18">
	  <s n="23"> Major advances in information and communications technology, combined with the rapid growth of global networks, such as the Internet, have created new opportunities for the United Nations system for the realization of the global vision. </s>
	  <s n="24"> Harnessing strategically the power of information and communication technologies will serve as an accelerator and enabler to the realization of the Organization&apos;s goals and commitments. </s>
	  <s n="25"> The Organization itself will need to enhance its capacity to create, share and disseminate knowledge and be able to function efficiently and effectively in the emerging knowledge-based world economy. </s>
	</p>
	<p n="19">
	  <s n="26"> Information technology is the key enabler that will allow us to become a more focused and empowered Organization, as well as a more flexible one that readily accommodates to changing needs. </s>
	  <s n="27"> What is envisioned is an Organization that has efficient internal processes that facilitate decision-making at the appropriate level, and that is properly supported by automation, and an Organization that fully coordinates all its activities, making creative use of the collaboration tools and techniques that are now on the forefront of the information revolution, and which make breakthrough performance possible as old barriers are transcended. </s>
	</p>
	<p n="20">
	  <s n="28"> The ICT strategy presented in the present report identifies a series of initiatives, driven by foreseeable substantive needs, that address the core of these issues, and which support the process of reform, as summarized below. </s>
	  <s n="29"> The report does not list every individual initiative that would be taken on the basis of the strategy, but rather, describes prominent elements that require the most attention. </s>
	  <s n="30"> Moreover, not all needs can be anticipated, and technologies and current projects are certain to change. </s>
	  <s n="31"> Revisions and additions to the strategy will therefore be required in the course of its implementation to reflect both widening and changing needs that cannot be predicted. </s>
	</p>
	<p n="21">
	  <s n="32"> As the focus on “doing what matters” is sharpened, information technology is critical along a number of dimensions: timely delivery of coherent public information is increasingly dependent upon technology and places ever-increasing demands upon our technological infrastructure (networks, computers, etc.), as well as our staff; consolidation of information centres and the continued evolution of the libraries towards online functions have similar impact; the management of information needed to support rational decision-making reflecting organizational priorities and alignment must be continually enhanced. </s>
	  <s n="33"> The strategy presents initiatives in all these areas and, in addition, has measures to improve flexibility through substantial enhancements to the Integrated Management Information System (IMIS), as well as process improvements. </s>
	  <s n="34"> In the future, continued emphasis on technological infrastructure will be essential and systems and processes will be increasingly integrated, worldwide in scope and required to be fully operational all day every day of the year. </s>
	  <s n="35"> Only in this way can the priorities of the Organization be achieved. </s>
	</p>
	<p n="22">
	  <s n="36"> “Serving member States better” requires increased emphasis on process improvements facilitated by automation, to tighten and integrate the management of meetings and documents. </s>
	  <s n="37"> Initiatives in the strategy address these areas, as well as infrastructure enhancements to videoconferencing. </s>
	  <s n="38"> The processes for handling multilingual meetings and documents are a core function of the Organization and, as such, will be the continuing subject of future initiatives. </s>
	</p>
	<p n="23">
	  <s n="39"> Collaboration is fundamental to the mission and operation of the Organization; information technology is essential to achieving the goal of “working better together”. </s>
	  <s n="40"> The technological tools and techniques supporting organizational effectiveness through collaboration are rapidly evolving and are not as mature as those supporting efficiency, which were touched on in the previous paragraphs. </s>
	  <s n="41"> As an Organization, full use of the telephone and good use of e-mail is made, but even these basic services are evolving as digital technologies converge towards a future of integrated video, voice and text delivered anytime anywhere. </s>
	  <s n="42"> The strategy includes initiatives to share knowledge and promote collaboration across the breadth of the Organization and with civil society. </s>
	  <s n="43"> The potentially explosive growth of the use of collaboration technologies has major implications for the technological infrastructure of the Organization, yet these technologies must be employed in order for the goal of a more effective Organization to be achieved, and there must therefore continue to be a push forward in this area. </s>
	</p>
	<p n="24">
	  <s n="44"> The way in which programmes at Headquarters and in the field are managed and guided is evolving. </s>
	  <s n="45"> The emerging philosophy is that Headquarters is responsible for establishing policy, providing appropriate resources and monitoring programme performance. </s>
	  <s n="46"> Programme managers at every level are appropriately empowered by enabling them to make informed decisions and by holding them accountable for their programme&apos;s performance. </s>
	  <s n="47"> ICT is an essential “enabler” for this transformation. </s>
	</p>
	<p n="25">
	  <s n="48"> In order to be effective at “allocating resources to priorities”, planning, budgeting and management processes should be fully supported by automated information systems. </s>
	  <s n="49"> The strategy does not yet contain initiatives addressing these specific areas, but anticipates that such initiatives will be required to improve the efficiency and effectiveness of management information in general. </s>
	  <s n="50"> The proposed improvements in the management of trust funds may, for example, require enhancements to IMIS. </s>
	</p>
	<p n="26">
	  <s n="51"> Addressing the issue of “the Organization and its people: investing in excellence”, empowerment of individuals using information technology underlies many of the goals. </s>
	  <s n="52"> Trusted staff making use of re-engineered processes that capture data directly and process it immediately is an aspect where the Organization makes an investment in information technology and process improvement that is matched by increased staff responsibility. </s>
	  <s n="53"> The strategy contains initiatives that address these issues in areas such as recruitment and benefits. </s>
	  <s n="54"> Looking to the future, increased staff flexibility, which may call for work from home, mobile data access and other technological features, will spawn more initiatives that are responsive to the professional needs of staff. </s>
	  <s n="55"> Further initiatives are anticipated in the review of delegation of authority and the ongoing identification of areas of possible administrative duplication. </s>
	  <s n="56"> Such reviews may involve the development of an organization-wide approach to automating administrative processes. </s>
	</p>
	<p n="27">
	  <s n="57"> One building block of the strategy deserves special emphasis: security. </s>
	  <s n="58"> The network and computing infrastructure of the United Nations is under constant and accelerating attack. </s>
	  <s n="59"> At the same time, as an Organization, it is increasingly dependent upon the proper functioning of this infrastructure every hour of every day. </s>
	  <s n="60"> There are initiatives in the strategy to address security policy and the technologies to implement it. </s>
	  <s n="61"> However, as the Organization becomes increasingly interconnected electronically, both internally and within the United Nations system, as well as with civil society, there will be a push to create a layered security structure that is increasingly sophisticated, balancing, as it must, the conflicting demands of transparency and confidentiality for tens or hundreds of thousands of users. </s>
	  <s n="62"> Substantial initiatives in this area can be anticipated as we move into the increasingly interconnected future. </s>
	</p>
	<p n="28">
	  <s n="63"> A successful ICT strategy is one that transforms technology into a key business enabler. </s>
	  <s n="64"> It is focused on delivering tangible improvements in the way the Organization and its stakeholders use and share information. </s>
	</p>
	<p n="29">
	  <s n="65"> The framework and proposals described in the present document will make possible this transformation by applying information and communication technologies to: </s>
	</p>
	<p n="30">
	  <s n="66"> • Enable decision-making and administrative processes to become more effective </s>
	</p>
	<p n="31">
	  <s n="67"> • Facilitate the sharing of the Organization&apos;s institutional knowledge </s>
	</p>
	<p n="32">
	  <s n="68"> • Provide higher quality services to governing bodies and Member States </s>
	</p>
	<p n="33">
	  <s n="69"> The chart below displays an overall picture of the service delivery model proposed in the strategy. </s>
	  <s n="70"> A similar chart, prepared at a lower level of detail showing all projects and initiatives mentioned throughout the document, is included in annex I. </s>
	</p>
	<p n="34">
	  <s n="71"> Drivers </s>
	</p>
	<p n="35">
	  <s n="72"> The proposed strategy has been developed taking into consideration three sets of factors or drivers: programmatic, institutional and external. </s>
	</p>
	<p n="36">
	  <s n="73"> A. Programmatic drivers </s>
	</p>
	<p n="37">
	  <s n="74"> The strategy must ensure that ICT investments are aligned with the programmes of the Organization. </s>
	  <s n="75"> In ICT, alignment can be defined as the capacity to generate value added to an activity and to demonstrate a positive relationship between technology and accepted measures of performance. </s>
	</p>
	<p n="38">
	  <s n="76"> In the private sector these measures of performance are generally associated with positive financial impact, for example, revenue growth and cost reduction, leading to overall higher profits. </s>
	  <s n="77"> In the United Nations context, higher performance means higher quality of services, for instance, more accurate and relevant information, timely availability of documents, faster and greater access to information and provision of the capability to add efficiency to its administrative and management processes. </s>
	</p>
	<p n="39">
	  <s n="78"> Taking into consideration the multitude of substantive activities undertaken in the Secretariat worldwide, the focus of an Organization-wide ICT strategy needs to be at a level where it can produce and reflect tangible returns in all areas. </s>
	  <s n="79"> Hence the strategy focuses on the three widely encompassing activity areas of knowledge sharing, administrative and management processes, or e-management, and services to governing bodies. </s>
	  <s n="80"> The concept is developed in detail in section IV. </s>
	</p>
	<p n="40">
	  <s n="81"> Institutional drivers </s>
	</p>
	<p n="41">
	  <s n="82"> The complex organizational structure and the geographical set-up of the Secretariat also play a significant role in the development and execution of the ICT strategy. </s>
	  <s n="83"> In addition to having a wide scope of substantive activities, unique among United Nations system organizations, the United Nations Secretariat operates over a diverse organizational landscape, which combines large Headquarters-like campuses and field operations. </s>
	  <s n="84"> This requires a robust yet flexible telecommunications and security infrastructure and a complex flow of information to support decentralized operations and centralized reporting. </s>
	</p>
	<p n="42">
	  <s n="85"> The Organization&apos;s body of rules and regulations, especially those related to personnel recruitment and career development, play a significant role in shaping the strategy. </s>
	</p>
	<p n="43">
	  <s n="86"> Lastly, the level of financial resources made available to ICT will limit the number and magnitude of initiatives to be undertaken. </s>
	  <s n="87"> It should be noted that the level of resources devoted to ICT at the United Nations Secretariat, as a portion of the overall regular budget (approximately 5 per cent), has been historically low, compared with other information-intensive organizations. </s>
	  <s n="88"> The Secretary-General&apos;s report on reform highlights the Organization&apos;s historical underinvestment in information technology and related training and calls for appropriate increases in resources. </s>
	  <s n="89"> The proposed ICT strategy foresees a substantial increase in training resources needed to provide the internal capacity of the Organization to maximize the potential of ICT as an enabler of change. </s>
	</p>
	<p n="44">
	  <s n="90"> C. External drivers </s>
	</p>
	<p n="45">
	  <s n="91"> The current and projected state of the technology landscape are major determining factors in shaping the strategy. </s>
	  <s n="92"> The likely emergence of new products and industry standards, costs, interoperability of alternative technical solutions and maintenance aspects all have a very significant influence in the direction in which the strategy foresees ICT in the Organization. </s>
	</p>
	<p n="46">
	  <s n="93"> In line with current and projected trends, most systems will be developed to be Web accessible, avoiding proprietary client software components, that is, software that needs to reside in individual users&apos; computers, as they carry significant maintenance and additional support costs. </s>
	  <s n="94"> Furthermore standardization and central distribution of software will be pivotal, as they have proven to be cost-containment and streamlining factors. </s>
	</p>
	<p n="47">
	  <s n="95"> The threat of “cyberterrorism”, following the events of September 2001, is a major consideration in the manner in which networks and operational environments are being designed and operated. </s>
	  <s n="96"> The increasing sophistication of computer viruses, disseminated over the Internet, have potential crippling effects to entire networks and have the capability of seriously compromising the integrity of information systems. </s>
	  <s n="97"> Large and visible organizations are required to substantially increase their investment in information security, secure communications and business continuity infrastructure. </s>
	</p>
	<p n="48">
	  <s n="98"> Focus areas </s>
	</p>
	<p n="49">
	  <s n="99"> Information and communications technology in the United Nations Secretariat is focused on delivering positive results in three widely encompassing areas: (a) the sharing and dissemination of the Organization&apos;s institutional knowledge capital; (b) administrative and management processes; and (c) the servicing of the United Nations organs and governing bodies. </s>
	</p>
	<p n="50">
	  <s n="100"> As shown in figure 1 below, the following four elements collaborate as “building blocks” in the proposed service delivery model: (a) a robust infrastructure; (b) security policies and provisions to ensure business continuity, secure communications and integrity of information; (c) reliable connectivity with the field; and (d) the building and retaining of internal capacity (skilled human resources). </s>
	</p>
	<p n="51">
	  <s n="101"> Figure 1 </s>
	</p>
	<p n="52">
	  <s n="102"> A governance structure, in line with the organizational complexity of the Secretariat, ensures the necessary level of representation and participation in all relevant ICT initiatives by both departments and the offices away from Headquarters. </s>
	</p>
	<p n="53">
	  <s n="103"> In line with the broad objectives of the strategy, all ICT investments need to generate tangible returns. </s>
	  <s n="104"> Return on investment will be the top determining factor in assigning priorities to ICT projects and initiatives. </s>
	  <s n="105"> It will be quantified, whenever possible, by projecting the total economic impact of the application of ICT to a process or the opportunity costs associated with proposed initiatives. </s>
	  <s n="106"> However, as return on investment may be difficult to quantify for certain initiatives and projects, typically those brought about by ICT tools that support knowledge sharing and dissemination, a set of qualitative benefits are being proposed to determine the overall return on investment for each project. </s>
	  <s n="107"> The indicators of return, which are listed below, will be used to rank projects and ultimately to assign priorities. </s>
	</p>
	<p n="54">
	  <s n="108"> • (SI) Service improvement: Quicker access to information and/or higher quality services </s>
	</p>
	<p n="55">
	  <s n="109"> • (PS) Process streamlining, eliminating duplication and having the potential for redeployment of resources </s>
	</p>
	<p n="56">
	  <s n="110"> • (L) Leveraging past investments. </s>
	  <s n="111"> Updating and extending the life of current systems </s>
	</p>
	<p n="57">
	  <s n="112"> • (D) Strong enabler in the decision-making process </s>
	</p>
	<p n="58">
	  <s n="113"> The tables shown in annex I present the key initiatives undertaken or proposed through the end of 2005 for the three focus areas. </s>
	  <s n="114"> The return indicators will determine the priority assigned to each project-initiative-investment. </s>
	  <s n="115"> Return indicators are not being used for elements of the four “building blocks”, as they are considered indispensable and their deferral is not a viable option. </s>
	</p>
	<p n="59">
	  <s n="116"> Although the return indicators will determine the priority assigned to the initiatives and projects, they alone will not indicate start dates and the overall scheduling of projects. </s>
	  <s n="117"> These are impacted also by other factors, such as available funding and prerequisite projects completed. </s>
	</p>
	<p n="60">
	  <s n="118"> A. E-management </s>
	</p>
	<p n="61">
	  <s n="119"> This area encompasses the management and administrative systems where the returns generated by ICT are associated with improving the decision-making process and adding efficiency through streamlining of administrative workflows and reducing duplication. </s>
	</p>
	<p n="62">
	  <s n="120"> At the core of the administrative structure and workflows is IMIS, which supports personnel, finance, payroll, procurement, travel and related administrative functions. </s>
	  <s n="121"> Its integrated database ensures the integrity of data and single-source input to the Organization&apos;s financial statements and related reporting. </s>
	</p>
	<p n="63">
	  <s n="122"> As shown in figure 2, several systems that provide additional functionality to administrative and management processes interchange data with IMIS through automated interfaces. </s>
	</p>
	<p n="64">
	  <s n="123"> A premise of the proposed ICT strategy is that IMIS will continue to play a pre-eminent role in the administrative processes of the Secretariat for at least the next five years. </s>
	  <s n="124"> As underscored in the report of the Secretary-General on reform (A/57/387), the Organization intends to build on the achievements of IMIS. </s>
	  <s n="125"> On this same basis, the General Assembly approved the appropriation of funds for the technological upgrade of the system to ensure its viability and alignment with the administrative processes of the Organization. </s>
	</p>
	<p n="65">
	  <s n="126"> The review of delegation of authority and the responsibilities of the Department of Management and the executive offices would form the basis of an initiative to implement new automated processes using modern workflow techniques to eliminate paper, increase transparency and greatly improve speed. </s>
	  <s n="127"> Enhanced interfaces to IMIS would be part of this initiative. </s>
	  <s n="128"> The feasibility of an Organization-wide approach to automating administrative processes will also be assessed. </s>
	</p>
	<p n="66">
	  <s n="129"> In addition to IMIS, several human resources information systems (Galaxy, e-PAS and the Human Resources Handbook) are expected to play a central role in supporting the human resources reform and in providing effective and efficient mechanisms for human resources recruitment, performance management and client service. </s>
	</p>
	<p n="67">
	  <s n="130"> Figure 2 </s>
	</p>
	<p n="68">
	  <s n="131"> The Key Item Management Reporting System provides analytical information on key performance indicators to facilitate decision-making processes. </s>
	  <s n="132"> The system uses IMIS as its source of data. </s>
	</p>
	<p n="69">
	  <s n="133"> Details on the projects and initiatives in the area of e-management are included in annex I, table I.1. </s>
	</p>
	<p n="70">
	  <s n="134"> Knowledge sharing </s>
	</p>
	<p n="71">
	  <s n="135"> The United Nations can be seen, irrespective of technology, as a global “collaboration system”. </s>
	  <s n="136"> Formal and informal meetings, a great variety of documents in multiple languages and information interchanges of all kinds, both structured and unstructured, are part of this system. </s>
	  <s n="137"> Many stakeholders, both internal and external are simultaneously involved in the system. </s>
	  <s n="138"> The challenge to the Organization is to reinvent itself in the interconnected world, harnessing technology to collaborate effectively and empower programme managers in the information age. </s>
	</p>
	<p n="72">
	  <s n="139"> The Organization can also be viewed as the natural home of “information hubs”, virtual centres of data, dialogue, and focused collaboration that address the many substantive issues facing the United Nations at any point in time. </s>
	  <s n="140"> Each hub would enable rich interaction, at many levels of access, among the experts and knowledge seekers, both within and from outside the Organization who are concerned with its area of focus. </s>
	  <s n="141"> In effect, a hub would comprise a global “community of interest” dedicated to a substantive subject that is chartered by the Organization and aligned with its goals. </s>
	  <s n="142"> The Organization would set as the objective for each information hub that it become globally pre-eminent in its focus area, cutting across the structures of the United Nations and engaging civil society intensely and comprehensively. </s>
	</p>
	<p n="73">
	  <s n="143"> Realizing the concepts of the United Nations as a technology-enabled collaboration system, hosting a dynamic goal-aligned set of information hubs, goes beyond the ICT strategy into the realm of information management. </s>
	  <s n="144"> Nevertheless, this strategy addresses knowledge-sharing issues that are considered key, as outlined in the subsequent paragraphs. </s>
	</p>
	<p n="74">
	  <s n="145"> This area of focus encompasses the approach, methodologies and specific projects and initiatives to promote and facilitate the sharing of the knowledge capital of the Organization, both internally and externally. </s>
	  <s n="146"> There is no standard blueprint for knowledge sharing and knowledge management. </s>
	  <s n="147"> While, in the case of administrative and management processes, workflows and business functions have been well established and documented, as they have been part of the everyday activities of the Organization for decades, processes that drive knowledge sharing still constitute a “work in progress”. </s>
	</p>
	<p n="75">
	  <s n="148"> Mechanisms to promote and support knowledge sharing will be developed under the coordination of the Knowledge Sharing Task Force of the Information and Communications Technology Board. </s>
	  <s n="149"> The Intranet will be the key medium to enable internal knowledge sharing, while an Extranet will be used to facilitate the sharing of knowledge among organizations of the United Nations system. </s>
	</p>
	<p n="76">
	  <s n="150"> As part of the restructuring of the Department of Public Information, Web-based activities are being strengthened and centralized to enhance its ability to deliver more effectively an increasing range of targeted information products in all official languages to audiences in all regions of the world. </s>
	</p>
	<p n="77">
	  <s n="151"> The chart below displays what may be defined as the stakeholders or users of information items generated and maintained by the United Nations. </s>
	</p>
	<p n="78">
	  <s n="152"> Figure 3 </s>
	</p>
	<p n="79">
	  <s n="153"> The knowledge capital of the United Nations Secretariat could be seen as knowledge elements of one or more of the types shown in figure 4 below. </s>
	  <s n="154"> The chart intends to categorize knowledge along two dimensions: (a) explicit/implicit and (b) formal/informal. </s>
	  <s n="155"> The first dimension differentiates information items that may be in written and/or recorded on electronic media from the knowledge that is unwritten and not recorded. </s>
	  <s n="156"> The second dimension (formal/informal) divides knowledge elements on the basis of the role assigned to them within the Secretariat. </s>
	</p>
	<p n="80">
	  <s n="157"> Knowledge in the United Nations Secretariat </s>
	</p>
	<p n="81">
	  <s n="158"> Figure 4 </s>
	</p>
	<p n="82">
	  <s n="159"> While the Organization has made and will continue to make progress in sharing formal/explicit knowledge, that is, the top left quadrant, the proposed ICT strategy will also address knowledge elements in the other three categories, which at present remain largely isolated and untapped. </s>
	  <s n="160"> One goal in this area is for the Organization to “know what it knows” as a first step towards being able to leverage this knowledge effectively. </s>
	</p>
	<p n="83">
	  <s n="161"> The development and implementation of a United Nations Secretariat directory of skills will result in the ability to easily find specific competencies within the Organization worldwide. </s>
	  <s n="162"> This will greatly facilitate the development of communities of practice and the enabling and utilization of implicit knowledge sources. </s>
	</p>
	<p n="84">
	  <s n="163"> Several additional knowledge-sharing initiatives in support of the Department of Public Information are also being planned: (a) centralizing and strengthening the Organization&apos;s web site and the management of its content; (b) rationalizing the network of information centres; (c) moving further in the direction of a virtual library; and (d) online service and delivery of published information. </s>
	</p>
	<p n="85">
	  <s n="164"> Significant progress has been made by the Secretariat in activities that impact the entire United Nations system. </s>
	  <s n="165"> As lead agency, the Information Technology Services Division of the United Nations, in coordination with the secretariat of the United Nations System Chief Executives Board (CEB) successfully implemented the United Nations system Extranet, a facility that allows United Nations system organizations to share information and software applications in a secure manner. </s>
	  <s n="166"> At present, the Extranet allows access to the Directory of Senior Officials. </s>
	  <s n="167"> It is foreseen that other software applications and information products will be added to the Extranet in the near future. </s>
	</p>
	<p n="86">
	  <s n="168"> In addition, in the context of initiatives with an impact on the United Nations system, the Information Technology Services Division, in coordination with the CEB secretariat, will be implementing before the end of 2002, on a pilot basis, a United Nations system-wide search engine based on the Google search facility. </s>
	  <s n="169"> The system will greatly facilitate access by Member States and the general public to United Nations system-wide Web-based information. </s>
	  <s n="170"> Users will no longer need to access the individual web sites of United Nations funds, programmes and specialized agencies when looking for specific thematic material, but rather, will be able to search the entire United Nations system from a single entry point. </s>
	</p>
	<p n="87">
	  <s n="171"> Details on the projects and initiatives in the area of knowledge sharing are included in annex I, table I.2. </s>
	</p>
	<p n="88">
	  <s n="172"> C. Services to governing bodies </s>
	</p>
	<p n="89">
	  <s n="173"> Ample opportunities exist for significant improvements in the quality and efficacy of the services provided to governing bodies and organs of the United Nations. </s>
	  <s n="174"> The workflows involved in the normal operations of these bodies could significantly benefit from the application of information and communications technology. </s>
	</p>
	<p n="90">
	  <s n="175"> The proposed strategy foresees several initiatives involving the coordinated efforts of the Department for General Assembly and Conference Management, the Department of Public Information and the Department of Management to improve the quality of services provided and to add efficiency to the administrative processes involved. </s>
	  <s n="176"> The specific areas of focus are: </s>
	</p>
	<p n="91">
	  <s n="177"> • Meetings and conference support </s>
	</p>
	<p n="92">
	  <s n="178"> • Conference resource planning and allocation </s>
	</p>
	<p n="93">
	  <s n="179"> • Linking of meeting subject and relevant documents </s>
	</p>
	<p n="94">
	  <s n="180"> • Meeting-room documentation (draft resolutions) </s>
	</p>
	<p n="95">
	  <s n="181"> • Regional groups Extranets </s>
	</p>
	<p n="96">
	  <s n="182"> Specific initiatives under the Department for General Assembly and Conference Management will be launched to promote the strategic use of ICT in the Department, as called for in the report of the Secretary-General entitled “Strengthening of the United Nations: an agenda for further change” (A/57/387 and Corr.1) and further described in the report of the Secretary-General on improving the performance of the Department of General Assembly Affairs and Conference Services (A/57/289 and Corr.1). </s>
	  <s n="183"> These initiatives will, inter alia, address electronic document processing and print-on-demand, which will enable a more cost-effective production of official documents. </s>
	</p>
	<p n="97">
	  <s n="184"> Annex I, I.3 includes the initiatives and projects planned within the time horizon of this strategy. </s>
	</p>
	<p n="98">
	  <s n="185"> Building blocks </s>
	</p>
	<p n="99">
	  <s n="186"> Infrastructure </s>
	</p>
	<p n="100">
	  <s n="187"> A robust infrastructure is essential to ensure sustainable and reliable ICT operations and to enable the Organization to deliver effective services. </s>
	  <s n="188"> While, in the relatively recent past, office automation facilities and networked computing were considered mere productivity enhancers, today they are deemed to be basic necessities for the normal operation of any office. </s>
	  <s n="189"> Malfunctions in the local or wide area networks (LAN/WAN), electronic mail, IMIS and the connectivity to the Internet tend to have crippling effects. </s>
	  <s n="190"> Furthermore, as the United Nations Secretariat operates globally over virtually all time zones and in an interconnected manner, the telecommunications and central computing infrastructure must be available and operating adequately at all times, hence its placement as the foundation of the service delivery model. </s>
	</p>
	<p n="101">
	  <s n="191"> In addition to having adequate physical infrastructure in place to ensure maximum availability of services, emphasis is also being given to the management of the ICT infrastructure. </s>
	  <s n="192"> Standardization and the adoption of best practices in using and managing ICT are critical to ensuring compatibility of systems worldwide and acceptable performance. </s>
	</p>
	<p n="102">
	  <s n="193"> The central management approach applied to software distribution and desktop computing support has been essential in reaching current performance levels with very limited support resources. </s>
	  <s n="194"> It should be noted that, although there are more than 7,000 network-connected desktop computers at United Nations Headquarters alone, the level of resources dedicated to their support is extremely low (10 contract personnel at the Information Technology Services Division Help Desk), compared to generally accepted industry standards. </s>
	  <s n="195"> By utilizing central software distribution, new versions of software, anti-virus updates and configuration parameters are applied automatically through the network to all connected computers. </s>
	  <s n="196"> The strategy foresees the implementation of central software distribution at all offices worldwide. </s>
	</p>
	<p n="103">
	  <s n="197"> The use of service level agreements between the central support service (Information Technology Services Division) and user departments will continue and will be implemented globally and enhanced to cover additional service elements. </s>
	  <s n="198"> Service level agreements permit the necessary flexibility in the provision of services to a large and heterogeneous user population. </s>
	</p>
	<p n="104">
	  <s n="199"> An approach to centralizing enterprise storage facilities through the implementation of storage area network (SAN) technologies has proven to be extremely cost-effective by making possible the drastic reduction in the number of LAN servers deployed and requiring maintenance. </s>
	  <s n="200"> Furthermore, SANs significantly improve availability by using higher performance disk technology. </s>
	  <s n="201"> The United Nations Secretariat is implementing this technology through a joint Department of Management/Department for General Assembly and Conference Management/Department of Peacekeeping Operations initiative. </s>
	  <s n="202"> The same technology is planned for use at the United Nations Office at Geneva and at the United Nations Logistics Base at Brindisi, Italy, enabling three sites (New York, Geneva and Brindisi) to provide back-up facilities to one another. </s>
	</p>
	<p n="105">
	  <s n="203"> In addition to the initiatives mentioned above, the upgrading of various components of the physical infrastructure is planned, including replacement of the Headquarters telephone switch (PABX), which has become obsolete and can no longer be maintained. </s>
	</p>
	<p n="106">
	  <s n="204"> The list below shows the ongoing and planned major initiatives aimed at fulfilling identified infrastructure needs: </s>
	</p>
	<p n="107">
	  <s n="205"> Security </s>
	</p>
	<p n="108">
	  <s n="206"> In the current global context, information security and the framework and measures to ensure business continuity need to be given close attention and prioritized accordingly. </s>
	  <s n="207"> The likelihood of “cyberterrorism” attacks with potentially devastating effects to all information-intensive organizations requires that adequate business continuity plans be developed and implemented without delay. </s>
	</p>
	<p n="109">
	  <s n="208"> Even without considering major catastrophic events, the increasing sophistication of viruses disseminated through the Internet constitutes an ever-present threat to normal operations, requiring appropriate measures. </s>
	  <s n="209"> Anti-virus facilities at several levels, desktop computers, LAN servers and e-mail messages need to be frequently updated to detect and eradicate newly developed viruses. </s>
	  <s n="210"> In addition to viruses, the Organization is exposed to attempts at unauthorized access by hackers, “mail-bombs”, and other potentially disrupting actions, which require proper and constant monitoring, as well as the engineering and maintenance of robust network security facilities. </s>
	  <s n="211"> Multilayer firewalls, operating both at the perimeter of the network as well as around critical segments, will continue to be used and enhanced as part of the network security infrastructure. </s>
	</p>
	<p n="110">
	  <s n="212"> Secure communications and secure data-storage facilities to protect the confidentiality and integrity of information are a core element of the information security infrastructure. </s>
	  <s n="213"> Data encryption over the transmission lines, as well as on the storage facilities, are already being used and will continue to be part of the normal operating procedures and standards in place at all offices. </s>
	  <s n="214"> Encrypted electronic mail and procedures to ensure its proper use will replace the current system of code cables. </s>
	</p>
	<p n="111">
	  <s n="215"> The proposed strategy includes the preparation of a comprehensive ICT security policy, which will cover business continuity plans, as well as norms on data security and data privacy. </s>
	  <s n="216"> Disaster recovery scenarios, from normal operational disruptions to major catastrophic events, are being considered within the business continuity plans. </s>
	  <s n="217"> Network security designs have been developed and are being implemented at Headquarters and at offices away from Headquarters. </s>
	  <s n="218"> Standards based on strict network security guidelines based on current industry standard procedures are being put in place at all offices worldwide. </s>
	</p>
	<p n="112">
	  <s n="219"> The list below indicates the major actions currently being undertaken and planned in the area of information security: </s>
	</p>
	<p n="113">
	  <s n="220"> C. Field connectivity </s>
	</p>
	<p n="114">
	  <s n="221"> Enabling field offices, large and small, to connect to the United Nations Secretariat wide area network is an essential requirement in the implementation of most deliverables in the area of e-management and knowledge sharing. </s>
	  <s n="222"> The Department of Peacekeeping Operations has taken a leading role in ensuring that the local infrastructure at all peacekeeping and political missions and at other field activities, such as tribunals, is adequate and capable of connecting to Headquarters either through satellite or land-based links. </s>
	  <s n="223"> The United Nations Logistics Base at Brindisi provides coordination, communications, materiel and logistics support to the missions. </s>
	  <s n="224"> The Information Technology Services Division is responsible for the provision of central support 24 hours a day, 7 days a week at United Nations Headquarters and, to enable full connectivity to the United Nations Secretariat Intranet. </s>
	</p>
	<p n="115">
	  <s n="225"> In addition to peacekeeping missions, the proposed strategy includes plans to connect the United Nations information centres to the Intranet by using secure virtual private network technology. </s>
	</p>
	<p n="116">
	  <s n="226"> Below are the major actions and time frames proposed: </s>
	</p>
	<p n="117">
	  <s n="227"> D. Capacity-building </s>
	</p>
	<p n="118">
	  <s n="228"> Skilled human resources and an adequate physical infrastructure are critical success factors in the implementation of the ICT strategy. </s>
	  <s n="229"> Technical training and the adoption of best practices in the management, development, operation and use of ICT comprise the essential elements in building internal capacity. </s>
	  <s n="230"> As highlighted in the above-mentioned report of the Secretary-General on further change (A/57/387 and Corr.1), significant increases in training will be needed to support this process. </s>
	  <s n="231"> Achieving critical mass in key technologies through the intense training of ICT staff is essential to efficient delivery of services. </s>
	  <s n="232"> In addition, the staff of the entire Organization is dependent upon ICT, and their training in its efficient and effective use should be enhanced. </s>
	</p>
	<p n="119">
	  <s n="233"> As a first step towards adopting a consistent and proven approach, codified practices, such as those published by the Information Technology Infrastructure Library and the Information Technology Service Management, are being compiled and will be disseminated to staff who are assigned ICT-related responsibilities. </s>
	</p>
	<p n="120">
	  <s n="234"> Standard methodologies for the development of systems and the management of ICT projects have been completed by the Information Technology Services Division and are being introduced throughout the Secretariat. </s>
	  <s n="235"> The adoption of standard methodologies, including the use of mandatory cost-benefit analyses as a prerequisite for the development of all new systems and the initiation of ICT-related projects, will provide a consistent approach to ensure alignment and returns on investment. </s>
	</p>
	<p n="121">
	  <s n="236"> The concept of “economies of skill”, already in place (the implementation of Galaxy being an example), will be further promoted through the Information and Communications Technology Board and ICT committees and task forces as a vehicle for optimizing the use of existing skilled resources. </s>
	  <s n="237"> The United Nations Secretariat directory of skills, once implemented, will further complement the coordination efforts of these ICT governing bodies by facilitating the rapid location of specialized skills dispersed throughout the Organization. </s>
	</p>
	<p n="122">
	  <s n="238"> In addition to building internal skills, selective outsourcing, especially for skills which tend to be commoditized and do not require institutional knowledge, will continue to be used. </s>
	  <s n="239"> The practice of using multiple systems contracts for these types of services will continue to guarantee prompt availability when required. </s>
	</p>
	<p n="123">
	  <s n="240"> Major actions and their time frames are listed below: </s>
	</p>
	<p n="124">
	  <s n="241"> Governance </s>
	</p>
	<p n="125">
	  <s n="242"> The management of ICT is a pivotal element of the strategy. </s>
	  <s n="243"> The report of the Secretary-General entitled “Information technology in the Secretariat: a plan of action” (A/55/780) proposed a system of governance which addressed the need to have a central body tasked with the promulgation of standards throughout the Organization and conversely, put in place a mechanism for United Nations Secretariat departments and offices away from Headquarters to actively participate in the decision-making process. </s>
	</p>
	<p n="126">
	  <s n="244"> The Information and Communications Technology Board, established through Secretary-General&apos;s bulletin ST/SGB/2001/5 dated 8 June 2001, is the interdepartmental body entrusted with the coordination and harmonization of ICT initiatives in the United Nations Secretariat. </s>
	</p>
	<p n="127">
	  <s n="245"> The Board, chaired by the Assistant Secretary-General for Central Support Services, was fully constituted in October 2001 and began to operate in November 2001, when it held its first meeting. </s>
	  <s n="246"> In line with the terms of reference of the Board, six subject area task forces were formed and began operating in January 2002. </s>
	</p>
	<p n="128">
	  <s n="247"> Figure 5 below displays the structure of the governance bodies and key aspects of their modus operandi: </s>
	</p>
	<p n="129">
	  <s n="248"> Figure 5 </s>
	</p>
	<p n="130">
	  <s n="249"> It should be noted that the formulation of standards is entrusted to the Task Force on ICT Standards and Methodologies, chaired by the Information Technology Services Division, which is ultimately assigned the responsibility to promulgate such standards. </s>
	</p>
	<p n="131">
	  <s n="250"> The Information and Communications Technology Board, through its subject area task forces, is entrusted with the monitoring of progress on all approved ICT initiatives and projects. </s>
	  <s n="251"> The Board has also been instrumental in coordinating jointly developed infrastructure upgrades, such as the storage area network, undertaken by the Department of Management, the Department of Peacekeeping Operations and the Department for General Assembly and Conference Management, the implementation of the ICT inventory system, the drafting of administrative instructions concerning standards and the coordination on issues pertaining to the programme budget proposals for the biennium 2004-2005. </s>
	</p>
	<p n="132">
	  <s n="252"> Resource aspects </s>
	</p>
	<p n="133">
	  <s n="253"> The overall level of ICT-related expenditures for the current biennium for the Secretariat is approximately $132 million, or 5 per cent of the total regular budget. </s>
	  <s n="254"> This level of expenditure as a percentage of the overall budget is very low, compared to other large information-intensive organizations. </s>
	  <s n="255"> For example, the World Bank spends approximately 11 per cent of its overall regular budget equivalent on ICT. </s>
	  <s n="256"> Particularly in the area of humanitarian coordination, information and communications technology requirements have been supplemented by voluntary contributions. </s>
	</p>
	<p n="134">
	  <s n="257"> The programme budget approved by the General Assembly at its fifty-sixth session included resource reductions that significantly affected the programme of work of the Organization for 2002-2003 in the area of ICT. </s>
	  <s n="258"> The impact of these cuts was felt by the central services with even greater intensity, as the cuts targeted information technology expenditures, as well as on other objects of expenditures, which are very relevant to the ICT programme of work. </s>
	  <s n="259"> The end result was that the proposed budget for the Information Technology Service Division was subjected to a series of cuts. </s>
	</p>
	<p n="135">
	  <s n="260"> The impact of the cuts has been particularly severe in areas that provide critical central services, including network (LAN and WAN) operations, 24-hours-a-day, 7-days-a-week operations, Help Desk and services associated with supporting meetings and conferences, such as sound engineering and ancillary services. </s>
	  <s n="261"> The depth and reach of the cuts, combined with the ever-increasing reliance on ICT services for the daily activities of the Secretariat, have significantly heightened the levels of risk and compromised basic business continuity. </s>
	  <s n="262"> The fact that critical systems, such as LAN/WAN routers, IMIS operations support, e-mail and web servers, are not properly covered by 24-hours-a-day, 7-days-a-week hardware service contracts, impedes the rapid restoration of services in the event of malfunctions. </s>
	  <s n="263"> In addition to operations support, several development projects and initiatives have been put on hold until adequate funding can be secured. </s>
	</p>
	<p n="136">
	  <s n="264"> The outline of the programme budget for the biennium 2004-2005 contains provisions to restore an adequate level of funding for ICT to ensure sustainable operations. </s>
	  <s n="265"> It does not, however, contain sufficient provisions to enable the Secretariat to undertake all the projects and initiatives described in the present document. </s>
	</p>
	<p n="137">
	  <s n="266"> Conclusion </s>
	</p>
	<p n="138">
	  <s n="267"> The vision, framework and specific proposals contained in the present report are internally driven by the programme of reform of the Secretary-General. </s>
	</p>
	<p n="139">
	  <s n="268"> In developing the document, the Secretariat also closely focused on the observations and recommendations issued in General Assembly resolution 56/239 of 24 December 2001. </s>
	  <s n="269"> In the resolution, the Assembly endorsed prior observations made issued by the Advisory Committee on Administrative and Budgetary Questions and included specific comments. </s>
	</p>
	<p n="140">
	  <s n="270"> The table below maps the observations raised in the resolution with the relevant actions described throughout the present document: </s>
	</p>
	<p n="141">
	  <s n="271"> The pace of implementation of the proposed strategy will be limited by the resources available. </s>
	  <s n="272"> Several initiatives, including basic infrastructure enhancements, will not be undertaken during the current biennium programme budget, owing to resource constraints. </s>
	  <s n="273"> These will be proposed within the budget for the biennium 2004-2005 and carried out if adequate funding is approved. </s>
	</p>
	<p n="142">
	  <s n="274"> Annex I </s>
	</p>
	<p n="143">
	  <s n="275"> Most notable projects and initiatives (2002-2005) </s>
	</p>
	<p n="144">
	  <s n="276"> Table I.1 </s>
	</p>
	<p n="145">
	  <s n="277"> E-management </s>
	</p>
	<p n="146">
	  <s n="278"> PS (Process streamliner) </s>
	</p>
	<p n="147">
	  <s n="279"> SI (Service improvement) </s>
	</p>
	<p n="148">
	  <s n="280"> D (Support the decision-making process) </s>
	</p>
	<p n="149">
	  <s n="281"> L (Leverage past investments) </s>
	</p>
	<p n="150">
	  <s n="282"> Table I.2 </s>
	</p>
	<p n="151">
	  <s n="283"> Knowledge sharing </s>
	</p>
	<p n="152">
	  <s n="284"> Table I.3 </s>
	</p>
	<p n="153">
	  <s n="285"> Services to governing bodies </s>
	</p>
	<p n="154">
	  <s n="286"> Annex II </s>
	</p>
	<p n="155">
	  <s n="287"> Frequently asked questions </s>
	</p>
	<p n="156">
	  <s n="288"> Question: How will the return on investment be quantified and who will evaluate it as the strategy progresses? </s>
	</p>
	<p n="157">
	  <s n="289"> Answer: </s>
	</p>
	<p n="158">
	  <s n="290"> The strategy foresees projecting return on investment through one or more of the three following criteria: </s>
	</p>
	<p n="159">
	  <s n="291"> • Total economic impact </s>
	</p>
	<p n="160">
	  <s n="292"> • Qualitative return indicators </s>
	</p>
	<p n="161">
	  <s n="293"> • Opportunity costs </s>
	</p>
	<p n="162">
	  <s n="294"> Total economic impact. </s>
	  <s n="295"> This is the ideal and preferable way of demonstrating projected return on investment. </s>
	  <s n="296"> It shows the direct and indirect financial impact of the implementation of an information and communications technology (ICT) initiative in an organization. </s>
	</p>
	<p n="163">
	  <s n="297"> Although this is the clearest way of projecting return on investment, normally through a standard cost-benefit analysis, this approach is not always possible. </s>
	  <s n="298"> Benefits of a more intangible nature tend to be difficult to quantify. </s>
	  <s n="299"> In these cases, traditional cost-benefit analyses cannot be used. </s>
	</p>
	<p n="164">
	  <s n="300"> Qualitative return indicators. </s>
	  <s n="301"> Although not suited to demonstrating financial impact, qualitative return indicators may be used to set priorities among proposed initiatives, normally giving higher priority to those initiatives capable of generating multiple benefits. </s>
	  <s n="302"> As described in the main body of this report, the United Nations Secretariat applies this methodology to prioritize ICT projects using the following return indicators: </s>
	</p>
	<p n="165">
	  <s n="303"> • (SI) Service improvement: Quicker access to information and/or higher quality services </s>
	</p>
	<p n="166">
	  <s n="304"> • (PS) Process streamlining, eliminating duplication and having the potential for redeployment of resources </s>
	</p>
	<p n="167">
	  <s n="305"> • (L) Leveraging past investments. </s>
	  <s n="306"> Updating and extending the life of current systems </s>
	</p>
	<p n="168">
	  <s n="307"> • (D) Strong enabler in the decision-making process </s>
	</p>
	<p n="169">
	  <s n="308"> Opportunity costs. </s>
	  <s n="309"> This concept consists of identifying projected medium and long-term costs to be incurred by the Organization attributable to not undertaking or successfully implementing a project or initiative. </s>
	  <s n="310"> This approach can render clear quantitative evidence in lieu of the benefits column in a traditional cost/benefit analysis. </s>
	</p>
	<p n="170">
	  <s n="311"> Opportunity costs are well suited to supporting infrastructure enhancement proposals which, given the reliance on basic ICT services (e-mail, file-sharing, office automation tools, Internet), for the everyday operation of organizations, should not be presented as optional investments, but rather as mandatory periodic upgrades. </s>
	</p>
	<p n="171">
	  <s n="312"> The subject area task forces of the Information and Communications Technology Board will monitor progress on each initiative and evaluate their return as the strategy progresses. </s>
	</p>
	<p n="172">
	  <s n="313"> Question: To what extent are decisions taken by the Information and Communications Technology Board on standards, procurement, etc. binding on the different United Nations departments and duty stations, and who enforces this on a day-to-day basis? </s>
	</p>
	<p n="173">
	  <s n="314"> Answer: </s>
	</p>
	<p n="174">
	  <s n="315"> The main deliverables of the Task Force on Standards and Methodologies of the Information and Communications Technology Board are the draft administrative instructions on standards. </s>
	  <s n="316"> Once promulgated by the Under-Secretary-General for Management, administrative instructions are binding on all Headquarters offices, and offices away from Headquarters. </s>
	  <s n="317"> Enforcement of the standards is the responsibility of the Information Technology Services Division at Headquarters and of the electronic services sections at all offices away from Headquarters. </s>
	</p>
	<p n="175">
	  <s n="318"> Question: How will knowledge sharing between duty stations be accomplished? </s>
	  <s n="319"> Who will ensure interconnectivity between the various Extranets and other mechanisms? </s>
	  <s n="320"> Will there be a requirement for all systems to be Web accessible? </s>
	</p>
	<p n="176">
	  <s n="321"> Answer: </s>
	</p>
	<p n="177">
	  <s n="322"> One of the infrastructure components to support knowledge sharing in the Secretariat is the Intranet. </s>
	  <s n="323"> At present, the United Nations Headquarters Intranet is accessible by all offices away from Headquarters and peacekeeping missions. </s>
	  <s n="324"> Users at Headquarters can also access the information stored in local Intranets maintained at offices away from Headquarters. </s>
	  <s n="325"> Connectivity is managed by the Information Technology Services Division in coordination with the local electronic services sections. </s>
	  <s n="326"> To support information sharing with other organizations of the United Nations system, an Extranet has been developed and is maintained by the Information Technology Services Division designated lead agency for this project. </s>
	  <s n="327"> The first Extranet application, the Directory of Senior Officials, developed by the secretariat of the United Nations System Chief Executives Board, was implemented in September 2002 and is now in production mode. </s>
	</p>
	<p n="178">
	  <s n="328"> All new systems are required to be developed to operate on the Web. </s>
	</p>
	<p n="179">
	  <s n="329"> Question: What evaluation has been undertaken with regard to IMIS technology to ensure that it will be able to continue to play a pre-eminent role in the administrative processes of the Secretariat for the next five years? </s>
	  <s n="330"> What is the status of the plan for IMIS Web enablement? </s>
	</p>
	<p n="180">
	  <s n="331"> Answer: </s>
	</p>
	<p n="181">
	  <s n="332"> The underlying technology infrastructure of IMIS was considered state of the art when the implementation of the system began in the early 1990s. </s>
	  <s n="333"> The thirteenth progress report of IMIS included proposals for significant upgrades to this technology, in line with the dramatic changes that have occurred in ICT over the past 10 years. </s>
	  <s n="334"> These upgrades, which include the migration of the system to the Web, will ensure the technological viability of the system for at least the next five years. </s>
	</p>
	<p n="182">
	  <s n="335"> The migration of the system to the Web began in the second quarter of 2002 and is scheduled to be completed in August 2003. </s>
	</p>
	<p n="183">
	  <s n="336"> Question: Who will take responsibility for standardizing and enforcing the introduction and servicing of storage area networks (SANs) and protecting back-up data? </s>
	  <s n="337"> How will this be coordinated between the Department of Management, the Department of Peacekeeping Operations and the Department for General Assembly and Conference Management at Headquarters, and in Geneva and Brindisi? </s>
	</p>
	<p n="184">
	  <s n="338"> Answer: </s>
	</p>
	<p n="185">
	  <s n="339"> The United Nations Secretariat has already selected a technology to be the global standard for SANs. </s>
	  <s n="340"> This technology is currently being implemented to support production operations of major systems developed by various departments. </s>
	  <s n="341"> Enforcement of the standard is the responsibility of the Information Technology Services Division at Headquarters and of local electronic services sections at offices away from Headquarters. </s>
	  <s n="342"> The Procurement Division at Headquarters and the Procurement Services at offices away from Headquarters ensure that the standard is adhered to prior to approving and completing purchases of SAN technology equipment worldwide. </s>
	</p>
	<p n="186">
	  <s n="343"> Question: What are the plans for data recovery in the event of a major disaster or virus attack, and which division takes the lead? </s>
	</p>
	<p n="187">
	  <s n="344"> Answer: </s>
	</p>
	<p n="188">
	  <s n="345"> A three-site coordinated operational disaster recovery plan has been developed and is being implemented to ensure business continuity in the event of several possible disaster scenarios. </s>
	  <s n="346"> It involves the replication of key databases and systems over the SAN environments installed at the Secretariat building, the DC-2 building and at the United Nations Logistics Base at Brindisi. </s>
	</p>
	<p n="189">
	  <s n="347"> Question: In what sense is the Headquarters telephone switch “obsolete”? </s>
	  <s n="348"> What is envisaged as its replacement? </s>
	  <s n="349"> Will it provide significantly superior support for videoconferencing, higher data transfer speeds, etc.? </s>
	</p>
	<p n="190">
	  <s n="350"> Answer: </s>
	</p>
	<p n="191">
	  <s n="351"> The Headquarters telephone system, installed in 1987, needs to be replaced, as the manufacturer will no longer provide maintenance and support beyond December 2005. </s>
	  <s n="352"> A request for proposal exercise is currently in place to complete the replacement within this timeframe. </s>
	  <s n="353"> The new system should provide current technology management tools, including integrated billing and voicemail, as well as redundancy for disaster recovery. </s>
	  <s n="354"> Videoconferencing and other data communication services are provided through leased circuits, ISDN lines and over the Internet. </s>
	  <s n="355"> The capacity to provide these services is essentially determined by bandwidth and by the tools used to manage remote traffic. </s>
	  <s n="356"> The telephone system to be replaced will have no impact on the capacity to provide these services, but will facilitate their management. </s>
	</p>
	<p n="192">
	  <s n="357"> Question: In what format are the cost-benefit analyses referred to in section V.C, which have been developed by the Information Technology Services Division and are being introduced across the Secretariat? </s>
	  <s n="358"> Give examples. </s>
	</p>
	<p n="193">
	  <s n="359"> Answer: </s>
	</p>
	<p n="194">
	  <s n="360"> Cost-benefit analyses, whenever applicable, will be used to quantify return on investment. </s>
	  <s n="361"> An example of the format of this tool, which is still being customized, is attached at the end of the present annex. </s>
	</p>
	<p n="195">
	  <s n="362"> Question: How will future procurement of information and communications technology equipment and services be handled throughout the United Nations? </s>
	  <s n="363"> To what extent will the Information Technology Services Division negotiate procurement contracts and enforce standards, compatibility etc.? </s>
	</p>
	<p n="196">
	  <s n="364"> Answer: </s>
	</p>
	<p n="197">
	  <s n="365"> Procurement of ICT equipment and services will be increasingly handled through the use of systems contracts, negotiated centrally by the Procurement Division or as a result of inter-agency procurement initiatives, whenever possible. </s>
	  <s n="366"> Standards are recommended by the Information Technology Services Division, promulgated through administrative instructions and posted on the Intranet. </s>
	</p>
	<p n="198">
	  <s n="367"> Attachment </s>
	</p>
	<p n="199">
	  <s n="368"> Cost-benefits analysis </s>
	</p>
	<p n="200">
	  <s n="369"> Official Records of the General Assembly, Fifty-sixth Session, Supplement No. 7 (A/56/7), chap. </s>
	  <s n="370"> I, sect. </s>
	  <s n="371"> E, paras. </s>
	</p>
	<p n="201">
	  <s n="372"> a United Nations Peacekeeping Force in Cyprus, United Nations Truce Supervision Organization, United Nations Interim Force in Lebanon, United Nations Interim Administration Mission in Kosovo and United Nations Logistics Base at Brindisi. </s>
	</p>
	<p n="202">
	  <s n="373"> b United Nations Observer Mission in Guatemala. </s>
	</p>
	<p n="203">
	  <s n="374"> Budget Information System </s>
	</p>
	<p n="204">
	  <s n="375"> Galaxy </s>
	</p>
	<p n="205">
	  <s n="376"> Allotments </s>
	</p>
	<p n="206">
	  <s n="377"> Expenditures </s>
	</p>
	<p n="207">
	  <s n="378"> Allotments, expenditures </s>
	</p>
	<p n="208">
	  <s n="379"> Contributions </s>
	</p>
	<p n="209">
	  <s n="380"> Post Data </s>
	</p>
	<p n="210">
	  <s n="381"> New Appointments Data </s>
	</p>
	<p n="211">
	  <s n="382"> Electronic PAS </s>
	</p>
	<p n="212">
	  <s n="383"> Allotments, expenditures &amp; other </s>
	</p>
	<p n="213">
	  <s n="384"> Key Item Reporting Mgt. </s>
	  <s n="385"> System </s>
	</p>
	<p n="214">
	  <s n="386"> Personnel Data </s>
	</p>
	<p n="215">
	  <s n="387"> Requisitions </s>
	</p>
	<p n="216">
	  <s n="388"> Appraisals, competencies evaluations and comments </s>
	</p>
	<p n="217">
	  <s n="389"> Purchase Orders </s>
	</p>
	<p n="218">
	  <s n="390"> ProcurePlus </s>
	</p>
	<p n="219">
	  <s n="391"> Cheque Payments </s>
	</p>
	<p n="220">
	  <s n="392"> EFT Payments </s>
	</p>
	<p n="221">
	  <s n="393"> Investments </s>
	</p>
	<p n="222">
	  <s n="394"> Payments System </s>
	</p>
	<p n="223">
	  <s n="395"> Completed </s>
	</p>
	<p n="224">
	  <s n="396"> Assessments </s>
	</p>
	<p n="225">
	  <s n="397"> Benefits System </s>
	</p>
	<p n="226">
	  <s n="398"> Pension </s>
	</p>
	<p n="227">
	  <s n="399"> Treasury Investment System </s>
	</p>
	<p n="228">
	  <s n="400"> Under development </s>
	</p>
	</body>
</text>
</DOC>