<?xml version="1.0" encoding="UTF-8"?>
<DOC lang="English" n="N0249344" id="A/57/228" date="2002/07/23">
<text>
	<body>
	<p n="1">
	  <s n="1"> Fifty-seventh session </s>
	</p>
	<p n="2">
	  <s n="2"> ** The present report is the first attempt to present information and analysis in a single consolidated report on a wide range of issues requested by the General Assembly under the agenda item “Pattern of conferences”. </s>
	  <s n="3"> As a result, preparation of the manuscript could not be finished before the deadline for submission of reports to the General Assembly at its fifty-seventh session. </s>
	  <s n="4"> The report exceeds the 16-page limit for the length of reports originating in the Secretariat owing to the consolidation of several separate reports into one response. </s>
	</p>
	<p n="3">
	  <s n="5"> Item 118 of the provisional agenda* </s>
	</p>
	<p n="4">
	  <s n="6"> Pattern of conferences </s>
	</p>
	<p n="5">
	  <s n="7"> Report of the Secretary-General** </s>
	</p>
	<p n="6">
	  <s n="8"> Contents </s>
	</p>
	<p n="7">
	  <s n="9"> Introduction </s>
	</p>
	<p n="8">
	  <s n="10"> During its organizational session on 22 March 2002, the Committee on Conferences agreed that several subjects that required reporting in accordance with General Assembly resolution 56/242 could be dealt with in a consolidated report of the Secretary-General. </s>
	</p>
	<p n="9">
	  <s n="11"> The present report is prepared accordingly. </s>
	  <s n="12"> For ease of reference, it follows the agenda of the Committee (A/AC.172/2002/1). </s>
	  <s n="13"> The subjects handled by the report are either of an analytical or statistical nature or are included in response to ongoing mandates and reporting requirements. </s>
	  <s n="14"> Certain requests for substantive analysis that deal with the overall managing, functioning and capacity of Conference Services have been reported on separately in A/57/289. </s>
	</p>
	<p n="10">
	  <s n="15"> Calendar of conferences and meetings </s>
	</p>
	<p n="11">
	  <s n="16"> Adoption of the draft revised calendar of conferences and meetings for 2003 </s>
	</p>
	<p n="12">
	  <s n="17"> The draft revised calendar for 2003 will be issued as an addendum to the present report. </s>
	</p>
	<p n="13">
	  <s n="18"> Improved utilization of conference-servicing resources and facilities </s>
	</p>
	<p n="14">
	  <s n="19"> (1) Meeting statistics of United Nations organs </s>
	</p>
	<p n="15">
	  <s n="20"> Annex I to the present document contains statistical data on the planned and actual utilization of conference resources allocated to a core sample of bodies that met in New York, Geneva, Vienna and Nairobi in 2001, compiled in accordance with the experimental methodology adopted as final by the Committee on Conferences at its 348th meeting, on 18 May 1993. </s>
	  <s n="21"> The data include compliance and availability indices for assessing compliance with the deadlines for the submission of pre-session documentation and availability of such documentation for bodies based in New York, Geneva, Vienna and Nairobi. </s>
	</p>
	<p n="16">
	  <s n="22"> In compliance with the request of the Committee at its substantive session in 1999, utilization factors for a three-year period are provided and organs are listed in the order of their utilization factors for 2001. </s>
	</p>
	<p n="17">
	  <s n="23"> In general, the bodies in the sample meet on a regular basis and it may be assumed that their performance is a reflection of United Nations bodies as a whole. </s>
	  <s n="24"> Clearly, however, such indicators as the utilization factor can depend on particulars that do not apply to all United Nations bodies. </s>
	</p>
	<p n="18">
	  <s n="25"> In accordance with decisions of the Committee on Conferences, the time utilized for informal meetings or consultations held before the start or after the adjournment of officially scheduled meetings, when utilizing the same services and with due notification given to the Secretariat, is not included as time lost owing to late starting or early ending of meetings. </s>
	</p>
	<p n="19">
	  <s n="26"> An explanation of column headings that appear in annex I and in the analysis below follows: </s>
	</p>
	<p n="20">
	  <s n="27"> A Number of meetings planned by a given organ at a scheduled session; </s>
	</p>
	<p n="21">
	  <s n="28"> B Number of additional meetings held during the session; </s>
	</p>
	<p n="22">
	  <s n="29"> C Number of meetings cancelled during the session; </s>
	</p>
	<p n="23">
	  <s n="30"> D Number of meetings actually held; </s>
	</p>
	<p n="24">
	  <s n="31"> E Number of reassignments; </s>
	</p>
	<p n="25">
	  <s n="32"> F Amount of time lost owing to late starting/early ending (hours and minutes rounded to the nearest five minutes, e.g., 5.25 = 5 hours and 25 minutes); </s>
	</p>
	<p n="26">
	  <s n="33"> MR Meeting ratio, calculated as meetings held as a percentage of meetings available to a given body (D as a percentage of A); </s>
	</p>
	<p n="27">
	  <s n="34"> PAF Planning accuracy factor, calculated as meetings planned, minus additional meetings, minus cancellations, all as a percentage of meetings planned (A minus B minus C as a percentage of A); </s>
	</p>
	<p n="28">
	  <s n="35"> UF Utilization factor, the percentage of available conference resources actually used by the organ in question. </s>
	  <s n="36"> The utilization factor is based on the following calculation: </s>
	</p>
	<p n="29">
	  <s n="37"> (A+B) - (C-E) - (F/3) = UF </s>
	</p>
	<p n="30">
	  <s n="38"> (A+B) </s>
	</p>
	<p n="31">
	  <s n="39"> In the foregoing calculation, the number of hours lost as a result of late starting and early ending is converted into the equivalent of meetings lost by dividing the total by three, as the standard meeting time is three hours. </s>
	  <s n="40"> The number of reassignments is subtracted from the number of cancelled meetings. </s>
	  <s n="41"> The difference between the two and the number of meetings lost are then subtracted from the sum of meetings planned and additional meetings held. </s>
	  <s n="42"> The result is expressed as a percentage of the sum of meetings planned and additional meetings held; </s>
	</p>
	<p n="32">
	  <s n="43"> CI Compliance index, calculated as the percentage of pre-session documentation issued in accordance with the six-week rule; </s>
	</p>
	<p n="33">
	  <s n="44"> AI Availability index, calculated as the actual rate of delivery presented on a week-by-week basis. </s>
	</p>
	<p n="34">
	  <s n="45"> Analysis of the statistics </s>
	</p>
	<p n="35">
	  <s n="46"> A breakdown by body of the utilization statistics referred to below is contained in annex I. </s>
	</p>
	<p n="36">
	  <s n="47"> The overall utilization factor for 2001 was 74 per cent. </s>
	  <s n="48"> This figure is computed by totalling the data in the six columns for all bodies in the four duty stations and treating them as if they reflected a single body, as follows: </s>
	</p>
	<p n="37">
	  <s n="49"> The overall utilization factor for 2001, 74 per cent, is 7 percentage points lower than in 2000 and 1999. </s>
	  <s n="50"> Although there was a decrease in utilization of 3 percentage points in both Geneva and Nairobi, Vienna increased by one point. </s>
	  <s n="51"> The sharp drop of 14 percentage points in New York is the main cause of the overall decrease. </s>
	  <s n="52"> Out of the 994 meetings held, the equivalent of 307 meetings were not utilized owing to late starting and early ending. </s>
	  <s n="53"> Even though the total number of meetings held in 2001 was close to 300 less than in 2000, as a result of late starting and early ending the equivalent of 88 more meetings were wasted in 2001 in New York than in 2000. </s>
	</p>
	<p n="38">
	  <s n="54"> The utilization factors for the bodies in the sample for the period from 1999 to 2001 are presented below in tabular form for purposes of comparison: </s>
	</p>
	<p n="39">
	  <s n="55"> As to compliance with the benchmark, in 1999 and 2000, 59 per cent and 62 per cent of the bodies, respectively, showed a utilization factor of 80 per cent or higher. </s>
	  <s n="56"> In 2001, 47 per cent of the bodies in the sample utilized their available conference-servicing resources on or above the benchmark. </s>
	</p>
	<p n="40">
	  <s n="57"> 14 The following is a breakdown of the meeting ratios of the bodies in the sample for 2001: </s>
	</p>
	<p n="41">
	  <s n="58"> Thus, in 2001, 75 per cent of the bodies in the sample had meeting ratios above 80 per cent. </s>
	</p>
	<p n="42">
	  <s n="59"> The following is a breakdown of the planning accuracy factors of the bodies in the sample for 2001: </s>
	</p>
	<p n="43">
	  <s n="60"> Thus, in 2001, 67 per cent of the bodies had planning accuracy factors above 80 per cent. </s>
	</p>
	<p n="44">
	  <s n="61"> Consideration of changes to the methodology </s>
	</p>
	<p n="45">
	  <s n="62"> The Committee on Conferences noted in its report (A/56/32) the concerns expressed by chairpersons of intergovernmental bodies on the methodology used to calculate the utilization factor and looked forward to receiving a further analysis and review of the indices, including possible benchmark figures for the planning accuracy factor and the meeting ratio, among others, and a measurement of the degree to which unutilized services were reallocated. </s>
	</p>
	<p n="46">
	  <s n="63"> The meeting ratio (MR) is a complex index; its meaning and interpretation can vary depending on how the ultimate figure is arrived at. </s>
	  <s n="64"> A perfect score of 100 per cent can be the result of no meetings added or cancelled, indicating perfect planning, or can just as well be the result of an equal number of additional and cancelled meetings, far from being an indication of good planning. </s>
	  <s n="65"> Still, a meeting ratio of 100 per cent would mean that the overall number of meetings needed to service a session is equal to the original number of meetings planned. </s>
	  <s n="66"> Thereby, 100 per cent may be considered to be a meaningful benchmark. </s>
	</p>
	<p n="47">
	  <s n="67"> The planning accuracy factor (PAF) has a more straightforward meaning; additional meetings as well as cancellations reduce the index. </s>
	  <s n="68"> It is a matter of choice to decide what is acceptable in terms of additions and cancellations. </s>
	  <s n="69"> A body that had planned 10 meetings, then actually added one and cancelled one, i.e. still held 10 meetings as planned, would have a PAF of 80 per cent. </s>
	  <s n="70"> This, however, would still not indicate how well the meeting time of the meetings actually held was utilized. </s>
	  <s n="71"> That is only factored in by the utilization factor (UF), it being the more comprehensive indicator. </s>
	  <s n="72"> Thus, while a PAF of 100 per cent would be desirable, a PAF of 80 per cent seems like an acceptable benchmark. </s>
	</p>
	<p n="48">
	  <s n="73"> In view of the foregoing, a meeting ratio of 100 per cent and a planning accuracy factor of 80 per cent may be considered recommended benchmarks. </s>
	  <s n="74"> As the utilization factor is a complex index that incorporates all the aspects of the MR and the PAF and includes utilization of meeting time as a factor as well, it is clearly superior as an overall measurement of utilization to both the MR and the PAF and thus should be kept as the primary index to judge utilization performance of intergovernmental bodies. </s>
	</p>
	<p n="49">
	  <s n="75"> Committee chairpersons and secretaries also argued that there should be a differentiation as to how to account for the time lost owing to late starting and early ending. </s>
	  <s n="76"> It is accepted that a late start can reflect lack of discipline or leadership on the part of the secretary or the chairperson, but it is argued that the early ending can be an indicator of the effective conduct of business or the result of the unpredictable nature of intergovernmental or expert negotiations. </s>
	  <s n="77"> It is noted, however, that in order to avoid early endings, there can be contingencies, that is, ad hoc adjustments foreseen in the programme of work, such as the inclusion of additional agenda items for a particular meeting in case the list of speakers is exhausted sooner than anticipated, and the rescheduling or combining of meetings for which not enough speakers are inscribed. </s>
	  <s n="78"> In any event, in requesting meeting resources, bodies should take account of their experience at previous sessions, including the incidence of early endings, which should be factored in. </s>
	  <s n="79"> In other words, better planning and flexible adjusting of the programme of work can help to reduce time lost owing to early ending. </s>
	  <s n="80"> Thus, it would not be justified to consider a weighted system to account for such time lost. </s>
	</p>
	<p n="50">
	  <s n="81"> (2) Consultations with/letters to bodies concerning utilization of the conference services available to them </s>
	</p>
	<p n="51">
	  <s n="82"> An oral presentation by the Chairman of the Committee on Conferences will be made to the Committee at its substantive session in compliance with the request of the General Assembly set forth in section II, paragraph 6, of its resolution 56/242, concerning the utilization of conference services. </s>
	</p>
	<p n="52">
	  <s n="83"> (3) Provision of interpretation services to meetings of regional and other major groupings of Member States </s>
	</p>
	<p n="53">
	  <s n="84"> Meetings held by regional and other major groupings of Member States are provided with interpretation services on an ad hoc basis, in accordance with established practice, that is, from existing resources not used owing mostly to the cancellation of meetings of calendar bodies. </s>
	  <s n="85"> In paragraph 11 of its resolution 54/248 B, the General Assembly decided to include all necessary resources in the budget for the biennium 2000-2001 to provide such services. </s>
	  <s n="86"> Furthermore, in section II, paragraph 4, of its resolution 55/222, the Assembly reiterated the decision and request for the ensuing biennium. </s>
	  <s n="87"> A report on the item (A/56/213) was issued in accordance with paragraph 11 of resolution 54/248 B. </s>
	</p>
	<p n="54">
	  <s n="88"> In section II, paragraph 18, of its resolution 56/242, the Assembly decided to include all necessary resources in the budget for the biennium 2002-2003 to provide interpretation services for meetings of regional and other major groupings of Member States upon request by those groups, on an ad hoc basis, in accordance with established practice, and requested the Secretary-General to submit to the Assembly at its fifty-seventh session, through the Committee on Conferences, a report on the implementation of that decision. </s>
	</p>
	<p n="55">
	  <s n="89"> The statistical data and analysis, submitted pursuant to the aforementioned request deal with meetings of regional and other major groupings, including a breakdown by regional group. </s>
	  <s n="90"> The period covered by the report is from July 2001 to April 2002 in order to ensure timely issuance of the report in compliance with the six-week rule. </s>
	</p>
	<p n="56">
	  <s n="91"> Statistical data and analysis </s>
	</p>
	<p n="57">
	  <s n="92"> With regard to New York, for the period from 1 July 2001 to 30 April 2002, 100 per cent of the 747 requests for facilities alone were met. </s>
	  <s n="93"> The need for groups to meet outside traditional working hours continued. </s>
	  <s n="94"> However, with the issuance of ST/IC/2002/13 of 28 February 2002, conference facilities have no longer been provided beyond regular meeting hours. </s>
	  <s n="95"> Nevertheless, 101 requests in March and 100 requests in April 2002 were complied with, compared with 73 and 107 for the corresponding two-month period of 2001. </s>
	  <s n="96"> As to the provision of interpretation services, out of 207 requests, 201 were met, or a total of 97 per cent. </s>
	</p>
	<p n="58">
	  <s n="97"> With respect to Geneva, during the same period, 100 per cent of the 42 requests for interpretation and facilities were met. </s>
	  <s n="98"> At Vienna, 100 per cent of the 231 requests for facilities only were met. </s>
	  <s n="99"> In Nairobi, 100 per cent of the 31 requests for facilities were met. </s>
	  <s n="100"> No request for interpretation services was made in Vienna and Nairobi. </s>
	  <s n="101"> (For the breakdown by groupings, see annex II below. </s>
	</p>
	<p n="59">
	  <s n="102"> As in previous years, the main difficulty in providing services during this 10-month period continued to be: (a) an increase in the number of scheduled meetings over previous years, including heavy activity prior to and in preparation for special sessions of the General Assembly; (b) an ongoing tendency towards lengthier and more frequent meetings of the Security Council, additional and sometimes parallel meetings of its working groups and special committees alone (472 over the reporting period, separate and apart from other Security Council plenary meetings, which are clearly very difficult to predict); and (c) the need to reschedule the general debate of the fifty-sixth session of the General Assembly and the postponement of the special session of the General Assembly on children owing to the events of 11 September 2001. </s>
	</p>
	<p n="60">
	  <s n="103"> Annex III contains statistics for the four duty stations. </s>
	</p>
	<p n="61">
	  <s n="104"> In order to provide services and facilities whenever possible to regional and other major groupings, the responsible sections of the Department of General Assembly Affairs and Conference Services at each duty station continued to work closely with the secretaries and organizers of calendar or other meetings with confirmed services so as to have adequate notice of cancellations or other instances where services might not be needed for the full three-hour block. </s>
	  <s n="105"> By providing this information ahead of time, more regional groups, which often meet for less than three hours, were able to receive the services they needed. </s>
	  <s n="106"> Coordinating this information with the regional groups is the key to providing interpretation when conference services are so stretched. </s>
	</p>
	<p n="62">
	  <s n="107"> As indicated in paragraph 25 above, there was an increase in the percentage of meetings provided with interpretation despite the volume of scheduled and other intergovernmental meetings in 2001-2002. </s>
	  <s n="108"> A significant, limiting factor in providing facilities to meetings of regional and other major groupings has been the relative shortage of conference and meeting rooms at Headquarters in the most recent reporting period, especially related to the upkeep of and repairs to the General Assembly Hall and other meeting rooms. </s>
	  <s n="109"> In addition, regional groups can no longer meet after normal meeting hours. </s>
	  <s n="110"> All this has required very intensive coordination between the requesters and Conference Services in order to accommodate requests at such a high percentage. </s>
	</p>
	<p n="63">
	  <s n="111"> Conclusion </s>
	</p>
	<p n="64">
	  <s n="112"> The percentage of meetings held by regional and other major groupings that were provided with interpretation for the reporting period continued to increase from 92 per cent during the period 2000-2001 to 97 per cent for the current period for New York, that is, July 2001 to April 2002. </s>
	  <s n="113"> Overall, for all four duty stations, 98 per cent of the requests for interpretation were met. </s>
	</p>
	<p n="65">
	  <s n="114"> Although in its resolution 56/242 the General Assembly decided to include all necessary resources in the budget for the biennium 2002-2003 to provide interpretation services for meetings of regional and other major groupings of Member States upon request by those groups, and despite the fact that it noted with concern the difficulties experienced by some Member States owing to the lack of conference services for some meetings of regional and other major groupings of Member States, no provision for interpretation services for such groups has been specifically earmarked by the Assembly in the programme budget. </s>
	  <s n="115"> In order to put these services on a more predictable and formal basis and to avoid daily scheduling difficulties, the Assembly would have to include corresponding expenses in the programme budget for the next biennium 2004-2005, thus facilitating the programming of the available conference-servicing resources. </s>
	</p>
	<p n="66">
	  <s n="116"> (4) Improved utilization of conference facilities </s>
	</p>
	<p n="67">
	  <s n="117"> (a) United Nations Office at Nairobi </s>
	</p>
	<p n="68">
	  <s n="118"> A report on the matter will be submitted as an addendum to the present report. </s>
	</p>
	<p n="69">
	  <s n="119"> (b) United Nations Centre in Bangkok </s>
	</p>
	<p n="70">
	  <s n="120"> Background </s>
	</p>
	<p n="71">
	  <s n="121"> Pursuant to paragraph 116 of General Assembly resolution 56/253, wherein the Secretary-General was requested to pursue his efforts to maximize the use of the United Nations Centre in Bangkok, including its external use, and to report thereon to the Assembly at its fifty-seventh session, the following report summarizes such efforts. </s>
	</p>
	<p n="72">
	  <s n="122"> Promotion of use by United Nations agencies and offices </s>
	</p>
	<p n="73">
	  <s n="123"> The Executive Secretary of the Economic and Social Commission for Asia and the Pacific (ESCAP) has repeatedly, through the regular inter-agency meetings, publicized the Centre, and offered its facilities and services to the other United Nations agencies and offices. </s>
	  <s n="124"> As a result, many agencies and related offices, such as the Asian Development Bank (ADB), CityNet, the International Labour Organization (ILO), the Joint United Nations Programme on HIV/AIDS, the United Nations Conference on Trade and Development (UNCTAD), the United Nations International Drug Control Programme, the United Nations Development Programme (UNDP), the United Nations Environment Programme (UNEP), the Office of the United Nations High Commissioner for Refugees, the United Nations Children&apos;s Fund, the World Food Programme, the World Bank and the World Trade Organization used the Conference Centre as the venue for a number of their events in 2001. </s>
	  <s n="125"> There has been a tendency over the last couple of years towards an increased number of inter-agency related meetings in which ESCAP is, more often than not, a participant. </s>
	</p>
	<p n="74">
	  <s n="126"> Major activities organized in 2001 included: the National Forum for Thai Judicial Officers on Environment (UNEP); the Regional Meeting on Fighting Urban Air Pollution (ADB, World Bank); World Environment Day (UNEP); the Third Asian Development Forum (ADB, ESCAP and World Bank); Human Development Report (UNDP); and CityNet Congress 2001 (CityNet, ESCAP). </s>
	</p>
	<p n="75">
	  <s n="127"> During April and May 2002, the Mid-term Review of UNCTAD X was held in the Centre, in cooperation with UNCTAD and the Thai Government. </s>
	  <s n="128"> Similarly, the United Nations Population Fund and ESCAP will jointly organize the Fifth Asian and Pacific Population Conference in December 2002. </s>
	  <s n="129"> In addition, outside users, such as the International School in Bangkok, will be using the facilities for the model United Nations convention in November 2002. </s>
	</p>
	<p n="76">
	  <s n="130"> Promotion of use by Member States and other organizations </s>
	</p>
	<p n="77">
	  <s n="131"> In the light of the excellent facilities and the attentive and professional services provided by the staff at the Centre, coupled with the gradual recovery of the local economy, many offices of the Thai Government have repeatedly used the Centre for their various activities. </s>
	  <s n="132"> The Governments of several other Member States, such as Australia, Japan, the United States of America and the United Kingdom of Great Britain and Northern Ireland, have also used the Centre&apos;s facilities and services. </s>
	</p>
	<p n="78">
	  <s n="133"> Significant events organized in 2001 for outside users included: International Conference on New Biotechnology Food and Crops; Science, Safety and Society: Workshop on Science and Technology for Human Development; Forum of the Annual Economic Review, National Congress of Law; Information Technology Law Seminar; Meeting and Training on Weapons of Mass Destruction; and Workshop for AusAID Project Identification: Mission for ASEAN. </s>
	</p>
	<p n="79">
	  <s n="134"> An increasing number of civil organizations and private sector entities are now utilizing the services and facilities of the Centre. </s>
	</p>
	<p n="80">
	  <s n="135"> Publicity </s>
	</p>
	<p n="81">
	  <s n="136"> Publicity work for the Centre has been carried out in the form of regular briefings and guided tours, organized jointly with the United Nations Information Services in Bangkok. </s>
	  <s n="137"> The target groups cover a very wide range, from university students and teachers to officials representing various Thai government institutions, as well as a range of United Nations offices and both local residents and visitors from abroad. </s>
	</p>
	<p n="82">
	  <s n="138"> Meeting packages </s>
	</p>
	<p n="83">
	  <s n="139"> Following the recommendations of the Office of Internal Oversight Services on preparing promotional packages and with the good cooperation of the contracted caterer, ESCAP has been able to offer very attractive competitive meeting packages to potential outside users. </s>
	</p>
	<p n="84">
	  <s n="140"> Improvement in services </s>
	</p>
	<p n="85">
	  <s n="141"> While waiting for the vacant P-2 post in the Conference Services Unit to be filled through competitive examinations, ESCAP obtained the services of a short-term local consultant to develop a marketing plan for the Centre. </s>
	  <s n="142"> The P-2 post was filled on 20 May 2002. </s>
	  <s n="143"> In addition, four outsourced technical staff have been recruited to assist with the audio-visual and physical/exhibition arrangements in the Centre. </s>
	  <s n="144"> The Centre now provides a questionnaire to all external users, soliciting their evaluation of the services offered. </s>
	  <s n="145"> The result of these evaluations has been overwhelmingly positive. </s>
	</p>
	<p n="86">
	  <s n="146"> Improvement of the facilities </s>
	</p>
	<p n="87">
	  <s n="147"> A state-of-the-art Internet Café was established during 2001 on the main circulation floor of the Centre and has been extremely well received by both delegates and visitors. </s>
	</p>
	<p n="88">
	  <s n="148"> ESCAP will continue to monitor the adequacy of the meeting room facilities during the current biennium with a view to increasing utilization. </s>
	</p>
	<p n="89">
	  <s n="149"> Conclusion </s>
	</p>
	<p n="90">
	  <s n="150"> In 2001, a total of 594 events were organized at the United Nations Centre in Bangkok (415 ESCAP, 89 non-ESCAP and 90 various catering functions). </s>
	  <s n="151"> These figures show a marked increase over previous years, i.e. 499 events in 2000, 423 in 1999, 374 in 1998 and 353 in 1997. </s>
	  <s n="152"> ESCAP projects that, in 2002, around 630 events will be organized in the Centre. </s>
	</p>
	<p n="91">
	  <s n="153"> Given the excellent facilities and the general level of services provided, it is expected that the utilization of the Centre will steadily increase in the years to come. </s>
	</p>
	<p n="92">
	  <s n="154"> (5) Improved coordination and utilization of conference services </s>
	</p>
	<p n="93">
	  <s n="155"> A report on improving the performance of the Department of General Assembly Affairs and Conference Services will be issued separately. </s>
	</p>
	<p n="94">
	  <s n="156"> C. Requests for exceptions to section I, paragraph 7, of General Assembly resolution 40/243 </s>
	</p>
	<p n="95">
	  <s n="157"> In section I, paragraph 7, of its resolution 40/243 of 18 December 1985, the General Assembly decided that no subsidiary organ of the Assembly may meet at United Nations Headquarters during a regular session of the Assembly unless explicitly authorized by the Assembly. </s>
	</p>
	<p n="96">
	  <s n="158"> Every year, a certain number of requests for exceptions to that rule are received. </s>
	  <s n="159"> In accordance with established practice, the requests are first submitted to the Committee on Conferences, which then makes a recommendation to the Assembly. </s>
	</p>
	<p n="97">
	  <s n="160"> At its substantive session of 1986, the Committee on Conferences reviewed the procedure by which it dealt with such requests and decided that, in future, the following procedure should be adopted: </s>
	</p>
	<p n="98">
	  <s n="161"> (a) Subsidiary organs of the General Assembly wishing to request explicit authorization from the Assembly to meet at Headquarters during the session should write to the Chairman of the Committee on Conferences, except in unforeseen circumstances, before the substantive session of the Committee; the letter should be circulated to all members of the Committee, together with appropriate servicing information provided by the Secretariat; </s>
	</p>
	<p n="99">
	  <s n="162"> (b) The request should contain the reason or reasons why the authorization is being requested and/or the reason or reasons why the organ concerned did not finish its work during the time allotted to it, in compliance with the 1 September deadline for the completion of reports of subsidiary organs of the General Assembly, as laid down in section I, paragraph 6, of resolution 40/243; </s>
	</p>
	<p n="100">
	  <s n="163"> (c) The request should also explain why it is necessary to meet during the General Assembly and should specify, to the extent possible, the number of meetings required; </s>
	</p>
	<p n="101">
	  <s n="164"> (d) In the event that approval is forthcoming, all such meetings would be allocated conference services on an “as available” basis, from within existing resources, in such a way that the work of the General Assembly and its Main Committees is not impeded. </s>
	</p>
	<p n="102">
	  <s n="165"> Annex III to the present report contains the requests received to date from subsidiary organs of the General Assembly to meet at Headquarters during the fifty-seventh session of the Assembly, as well as the relevant statistical information. </s>
	  <s n="166"> Requests received after the submission of the present report will be issued in an addendum. </s>
	</p>
	<p n="103">
	  <s n="167"> Documentation- and publication-related matters </s>
	</p>
	<p n="104">
	  <s n="168"> Submission of documentation </s>
	</p>
	<p n="105">
	  <s n="169"> Measures to strengthen accountability and responsibility within the Secretariat in the submission of documentation </s>
	</p>
	<p n="106">
	  <s n="170"> Introduction </s>
	</p>
	<p n="107">
	  <s n="171"> The General Assembly, in section III, paragraphs 10 and 11, of its resolution 56/242, requested the Secretary-General to submit a comprehensive report to the General Assembly at its fifty-seventh session on measures taken to ensure full implementation of the report on measures taken by the Secretariat to strengthen responsibility and accountability in the submission of documentation, and to develop an effective accountability and responsibility system within the Secretariat in order to ensure timely submission of documents for processing, and to report thereon, through the Committee on Conferences, to the Assembly at its fifty-seventh session. </s>
	  <s n="172"> The following report is submitted in compliance with those requests. </s>
	</p>
	<p n="108">
	  <s n="173"> The Secretariat as a whole bears a responsibility for seeking to improve the documentation situation within the area of its authority as Member States do within theirs. </s>
	  <s n="174"> The Department of General Assembly Affairs and Conference Services endeavours to reach out to the author entities for closer cooperation and communication, including early warning and situation assessment. </s>
	</p>
	<p n="109">
	  <s n="175"> The following measures have been taken and are being strengthened to ensure more timely submission as well as compliance with other documentation-related rules. </s>
	</p>
	<p n="110">
	  <s n="176"> Improving timeliness of submission </s>
	</p>
	<p n="111">
	  <s n="177"> By the terms of General Assembly resolutions 53/208, 54/248, 55/222 and 56/242, if a report is submitted late to Conference Services, the reasons therefor should be included in a footnote to the document. </s>
	  <s n="178"> Despite repeated reminders, a substantial amount of late submissions still did not contain the footnote. </s>
	  <s n="179"> In such cases, the Department of General Assembly Affairs and Conference Services now inserts a standardized footnote to indicate that the document was submitted without the required explanation. </s>
	</p>
	<p n="112">
	  <s n="180"> The reasons for late submission are being tracked and analysed by the Department. </s>
	  <s n="181"> Any findings are fed back to the author entities, which have been urged to review such feedback at an adequate level to facilitate future improvements. </s>
	  <s n="182"> They are also reminded to comply strictly with the rule regarding footnotes on late submissions. </s>
	</p>
	<p n="113">
	  <s n="183"> Quantitative evaluation of performance </s>
	</p>
	<p n="114">
	  <s n="184"> Hitherto, quantitative indications of the timeliness of submission and issuance of documentation have not been prepared. </s>
	  <s n="185"> A computerized methodology has now been developed to summarize statistically the timeliness of document submission for the General Assembly and the Economic and Social Council and its subsidiary organs. </s>
	</p>
	<p n="115">
	  <s n="186"> For the Assembly and the Council, the recorded performance has been provided to each author entity to enable a quantitative summary and comparison of performance. </s>
	</p>
	<p n="116">
	  <s n="187"> Format </s>
	</p>
	<p n="117">
	  <s n="188"> The General Assembly, in its resolutions 52/214, 53/208, 54/248, 55/222 and 56/242, requested that reports originating in the Secretariat should include, where appropriate, (a) a summary of the report; (b) consolidated conclusions, recommendations and other proposed actions; and (c) relevant background information. </s>
	  <s n="189"> Moreover, it decided that all documents submitted to legislative bodies for consideration and action should have conclusions and recommendations in bold print. </s>
	</p>
	<p n="118">
	  <s n="190"> Until recently, these requirements had not been applied to documents for organs other than the General Assembly. </s>
	  <s n="191"> The Department of General Assembly Affairs and Conference Services has now clarified the policy and applies it across the board to all official documents. </s>
	</p>
	<p n="119">
	  <s n="192"> Inter-office memoranda on strict compliance with these rules have been sent to all author entities. </s>
	  <s n="193"> Submissions that fail to comply with these rules are corrected by the Department, where possible, or are returned for resubmission. </s>
	</p>
	<p n="120">
	  <s n="194"> Page limits </s>
	</p>
	<p n="121">
	  <s n="195"> The General Assembly, in paragraph 15 of its resolution 53/208 B, invited all intergovernmental bodies to consider, where appropriate, the possibility of further reducing the length of their reports from 32 to 20 pages without adversely affecting either the quality of presentation or the content of the reports. </s>
	</p>
	<p n="122">
	  <s n="196"> The Committee on Conferences noted in paragraph 109 of its report to the General Assembly at its fifty-fifth session that, although the number and proportion of documents issued in accordance with the established and desirable page limits had increased, compliance with the limitation targets for both intergovernmental and Secretariat documents continued to be only partial. </s>
	  <s n="197"> In paragraph 110, it further noted that documents that were significantly in excess of the page limit, especially when submitted late, created an additional burden for the processing services and could jeopardize timely issuance and compromise quality. </s>
	  <s n="198"> Efforts to reduce further the length of documents should therefore be concentrated on those cases in which page limits were applicable or desirable, since such documents made up 50 per cent of all documentation and accounted for close to 80 per cent of their total volume. </s>
	</p>
	<p n="123">
	  <s n="199"> The Secretary-General has reiterated his instructions to all departments, offices and other entities to adhere to the page limits. </s>
	  <s n="200"> Justifiable requests for waivers for major policy documents and other documents exceeding 7,200 words have to be signed personally by the heads of departments. </s>
	  <s n="201"> Such waivers are granted only in exceptional cases. </s>
	  <s n="202"> In addition, all reports which do not originate in the Secretariat are now assumed to fall under the 20-page guideline. </s>
	</p>
	<p n="124">
	  <s n="203"> Other measures </s>
	</p>
	<p n="125">
	  <s n="204"> When a document is submitted very close to the scheduled parliamentary deliberation, Conference Services is compelled to suspend work on earlier submissions to accommodate the rush job, causing disruption and making human errors and oversights more likely. </s>
	  <s n="205"> Even more important, it results in late issuance of the timely submissions. </s>
	  <s n="206"> The disciplinary dilemma is, while the current practice victimizes early submissions, refusal to expedite late submissions will penalize the intergovernmental organs. </s>
	</p>
	<p n="126">
	  <s n="207"> The current budget constraints have seriously reduced the ability of Conference Services to expedite late submissions by arranging night and weekend shifts. </s>
	  <s n="208"> Apart from timely submission of documents, therefore, the provision by author departments of accurate document forecasts has become more essential for advance planning and more efficient use of the reduced resources allocated to Conference Services. </s>
	</p>
	<p n="127">
	  <s n="209"> In general, the practice of accommodating time-sensitive late submissions over submissions made in accordance with the rules needs to be adjusted. </s>
	  <s n="210"> Even when late submissions are accommodated, the author entities should be aware that priority cannot be accorded to such submissions, which may result in untimely issuance. </s>
	</p>
	<p n="128">
	  <s n="211"> Distribution of documentation </s>
	</p>
	<p n="129">
	  <s n="212"> A note by the Secretary-General on the simultaneous availability of parliamentary documentation in the six official languages on the United Nations web site was issued as document A/C.5/56/37. </s>
	</p>
	<p n="130">
	  <s n="213"> C. Compliance with the regulations concerning page limits </s>
	</p>
	<p n="131">
	  <s n="214"> Introduction </s>
	</p>
	<p n="132">
	  <s n="215"> The present report is submitted in accordance with General Assembly resolution 53/208 B, in which the Assembly requested the Secretary-General to submit every two years, through the Committee on Conferences, updated information on the number and length of documents. </s>
	  <s n="216"> The information contained herein for the years 2000-2001 follows the reporting format of documents A/51/268, A/AC.172/1998/CRP.4 and A/AC.172/2000/CRP.2, in which were analysed the number and length of documents for the years 1995, 1996-1997 and 1998-1999, respectively. </s>
	</p>
	<p n="133">
	  <s n="217"> Developments concerning documentation policy </s>
	</p>
	<p n="134">
	  <s n="218"> In its resolution 53/208 B, the General Assembly stressed the need for compliance with the existing page limits for documents and invited all intergovernmental bodies to consider, where appropriate, the possibility of further reducing the length of their reports from 32 to 20 pages. </s>
	  <s n="219"> The Assembly called upon the Secretariat to make more rigorous its procedures for obtaining waivers to the 16-page rule for documents originating in the Secretariat, while maintaining the necessary degree of flexibility, with a view to encouraging author departments to reduce the length of their submissions while maintaining high standards of quality. </s>
	</p>
	<p n="135">
	  <s n="220"> In a memorandum dated 25 April 2002 to members of the Senior Management Group, the Secretary-General directed the Under-Secretary-General for General Assembly Affairs and Conference Services not to accept for processing drafts of reports that exceeded the 16-page limit (7,200 words) for all reports originating in the Secretariat. </s>
	  <s n="221"> He further requested that members of the Senior Management Group clear drafts prepared under their authority and sign justifiable requests for waivers, which would be granted only in exceptional cases by the Assistant Secretary-General for General Assembly Affairs and Conference Services. </s>
	</p>
	<p n="136">
	  <s n="222"> In section III, paragraph 6, of its resolution 55/222, the General Assembly reiterated its request that the Secretary-General direct all departments to include, where appropriate, the following elements in reports originating in the Secretariat: </s>
	</p>
	<p n="137">
	  <s n="223"> (a) A summary of the report; </s>
	</p>
	<p n="138">
	  <s n="224"> (b) Consolidated conclusions, recommendations and other proposed actions; </s>
	</p>
	<p n="139">
	  <s n="225"> (c) Relevant background information. </s>
	</p>
	<p n="140">
	  <s n="226"> In paragraph 7 of the same resolution, it reiterated that all documents submitted to legislative organs by the Secretariat and expert bodies for consideration and action should have conclusions and recommendations in bold print. </s>
	</p>
	<p n="141">
	  <s n="227"> In addition, in paragraph 9, the General Assembly reiterated its decision that, if a report is submitted late to Conference Services, the reasons therefor should be included in a footnote to the document. </s>
	</p>
	<p n="142">
	  <s n="228"> For further information on steps taken in this area, see paragraphs 51-66 above. </s>
	</p>
	<p n="143">
	  <s n="229"> Length of documents </s>
	</p>
	<p n="144">
	  <s n="230"> In accordance with the method used in previous reports on the length of documents and in order to provide as comprehensive a picture as possible of the degree of compliance with the existing page limits, statistical information has been compiled on the number and length of documents issued in 2000 and 2001 for the General Assembly, the Security Council and the Economic and Social Council. </s>
	  <s n="231"> As in earlier reports, the data gathered refer only to documents issued strictly under the symbols of those three principal organs (A/-, S/- and E/-). </s>
	  <s n="232"> Documents issued under the symbols of subsidiary bodies of those organs, including their main and sessional committees, are excluded. </s>
	  <s n="233"> Meeting records, official records, resolutions, information documents and corrigenda are also excluded. </s>
	</p>
	<p n="145">
	  <s n="234"> The documents have been categorized as follows: </s>
	</p>
	<p n="146">
	  <s n="235"> (a) Category A: reports originating in the Secretariat; </s>
	</p>
	<p n="147">
	  <s n="236"> (b) Category B: major policy documents, such as the proposed programme budget and reports not originating in the Secretariat. </s>
	  <s n="237"> This group includes reports of subsidiary organs and of special rapporteurs, reports in which replies from Governments are compiled and other documents whose length, in a strict sense, cannot be controlled by the Secretariat, such as agendas, notes transmitting biographical information of candidates for elections, programmes of work and similar documents; </s>
	</p>
	<p n="148">
	  <s n="238"> (c) Category C: communications from Member States; </s>
	</p>
	<p n="149">
	  <s n="239"> (d) Category D: draft resolutions and draft decisions. </s>
	</p>
	<p n="150">
	  <s n="240"> The information below combines statistics for the years 2000 and 2001 and can be summarized as follows: </s>
	</p>
	<p n="151">
	  <s n="241"> As seen under category A, the length of about one third of the documents included in the sample is subject to control by the Secretariat. </s>
	  <s n="242"> The length of the remaining documents reflects the practices and decisions of intergovernmental bodies and the Member States themselves. </s>
	  <s n="243"> Compared to the two previous years, the number of documents stayed at the same level, while the total number of pages decreased by 27 per cent. </s>
	  <s n="244"> Consequently, the length of an average document — about 7 pages — is 3 pages less than in previous years. </s>
	  <s n="245"> The ratios between the categories are unchanged: categories A and B account for half the total number of documents and three quarters of the total number of pages. </s>
	</p>
	<p n="152">
	  <s n="246"> Category A: reports originating in the Secretariat </s>
	</p>
	<p n="153">
	  <s n="247"> The breakdown by length of reports originating in the Secretariat is as follows: </s>
	</p>
	<p n="154">
	  <s n="248"> Category A </s>
	</p>
	<p n="155">
	  <s n="249"> Compared to the period 1998-1999, the number of documents in category A went up by 18 per cent, while the total number of pages went down by 2 per cent. </s>
	  <s n="250"> Close to 80 per cent of the Secretariat documents continue to comply with the limit of 16 pages, up by 6 per cent from the two previous years; however, because of their length, the remaining documents continue to account for 55 per cent of the workload originating in the Secretariat. </s>
	  <s n="251"> Documents with manuscripts in excess of the page limit are accepted for processing only if the heads of the author departments concerned provide written justification for the need to exceed the established limit. </s>
	  <s n="252"> The Department of General Assembly Affairs and Conference Services, while providing guidance and advice on how to reduce the length of such manuscripts, decides on the granting of waivers to the sixteen-page rule on a case-by-case basis. </s>
	</p>
	<p n="156">
	  <s n="253"> Category B: major policy documents and reports not originating in the Secretariat </s>
	</p>
	<p n="157">
	  <s n="254"> The breakdown by length of major policy documents and reports not originating in the Secretariat is as follows: </s>
	</p>
	<p n="158">
	  <s n="255"> Category B </s>
	</p>
	<p n="159">
	  <s n="256"> Category B includes documents of intergovernmental bodies. </s>
	  <s n="257"> As a result of numerous invitations of the General Assembly for subsidiary bodies to reduce the length of their reports from the desired limit of 32 pages to 20 pages, this category saw a reduction, as compared to the previous two years, in the number of pages by 41 per cent. </s>
	  <s n="258"> While 87 per cent of the documents were within the desired page limit, close to 70 per cent of the workload in this category involves documents that are longer than 20 pages. </s>
	</p>
	<p n="160">
	  <s n="259"> Category C: communications from Member States </s>
	</p>
	<p n="161">
	  <s n="260"> Category D: draft resolutions and decisions </s>
	</p>
	<p n="162">
	  <s n="261"> Although communications from Member States and draft resolutions and decisions are not subject to length limitations, their breakdown by length is indicated below for information purposes. </s>
	  <s n="262"> In terms of communications, the General Assembly has reviewed the matter and appealed to Member States to exercise restraint in their requests for the circulation of communications as United Nations documents and to keep their submissions as brief as possible. </s>
	</p>
	<p n="163">
	  <s n="263"> Category C </s>
	</p>
	<p n="164">
	  <s n="264"> Category D </s>
	</p>
	<p n="165">
	  <s n="265"> Conclusions </s>
	</p>
	<p n="166">
	  <s n="266"> Although the number and proportion of documents issued in accordance with the established and desirable page limits have increased, compliance with the limitation targets for both intergovernmental and Secretariat documents continues to be partial. </s>
	</p>
	<p n="167">
	  <s n="267"> Documents which are significantly in excess of the page limit, especially when submitted late, create an additional burden for the processing services, can jeopardize timely issuance and may compromise quality. </s>
	  <s n="268"> Member States have repeatedly called for the timely issuance of documentation and respect for simultaneous distribution of all language versions and have raised quality concerns. </s>
	  <s n="269"> Bearing all this in mind, efforts to reduce further the length of documents should concentrate on those cases where page limits are applicable or desirable since such documents make up 50 per cent of all documentation and account for close to 80 per cent of the total volume. </s>
	</p>
	<p n="168">
	  <s n="270"> Issuance of all documents and publications of the Economic and Social Commission for Western Asia in Arabic and in other working languages of the Commission </s>
	</p>
	<p n="169">
	  <s n="271"> Introduction </s>
	</p>
	<p n="170">
	  <s n="272"> In part III, paragraph 17, of its resolution 56/242 of 24 December 2001 and in paragraph 124 of its resolution 56/253 of 24 December 2001, the General Assembly requested the Secretary-General to ensure fully the issuance of all documents and publications of the Economic and Social Commission for Western Asia (ESCWA) in Arabic, which is most relevant to the requirements of the Member States of the region, as well as in the other working languages of the Commission, to meet the requirements of readers outside the region, as appropriate, and to report thereon to the Assembly by its fifty-seventh session. </s>
	</p>
	<p n="171">
	  <s n="273"> In its resolution 56/277 of 27 March 2002, the General Assembly urged ESCWA to comply with all relevant provisions of Commission resolution 44 (IV) of 28 April 1977, whereby it decided, inter alia, that all documents to be submitted to it should, as far as possible, be drafted in Arabic. </s>
	  <s n="274"> In addition, it took note of the note by the Secretariat (A/C.5/56/19) and looked forward to the report of the Secretary-General on the progress achieved in the production of documents and publications in Arabic. </s>
	</p>
	<p n="172">
	  <s n="275"> In compliance with the requests of the General Assembly, the present note provides updated information on the current situation regarding the use of Arabic and other languages for ESCWA documents and publications and indicates steps to be taken for improving their issuance in Arabic. </s>
	</p>
	<p n="173">
	  <s n="276"> Remedial measures taken to improve the situation </s>
	</p>
	<p n="174">
	  <s n="277"> In order to improve the situation and to increase the number of documents issued in Arabic, the following measures have been introduced in 2002: </s>
	</p>
	<p n="175">
	  <s n="278"> (a) Enforcing implementation of ESCWA resolution 20 (II) of 9 May 1975, in which it is requested that all other technical and non-technical documents issued by the Commission should be translated into Arabic; </s>
	</p>
	<p n="176">
	  <s n="279"> (b) Requesting submitting divisions and consultants to draft more documents in Arabic; </s>
	</p>
	<p n="177">
	  <s n="280"> (c) Increasing the resources available for translation; </s>
	</p>
	<p n="178">
	  <s n="281"> (d) Reviewing the total number of publications to be produced and spreading the workload evenly over the biennium; </s>
	</p>
	<p n="179">
	  <s n="282"> (e) Making Arabic drafting skills a desirable condition for post applicants; </s>
	</p>
	<p n="180">
	  <s n="283"> (f) Revitalizing the ESCWA Committee on Publications; </s>
	</p>
	<p n="181">
	  <s n="284"> (g) Undertaking activities aimed at optimum utilization of the Arabic language in ESCWA, including workshops, meetings and staff training; </s>
	</p>
	<p n="182">
	  <s n="285"> (h) Ensuring, through better planning and monitoring, that the majority of ESCWA documents are drafted in Arabic and that those drafted in English are translated into Arabic in a timely manner. </s>
	</p>
	<p n="183">
	  <s n="286"> Current situation </s>
	</p>
	<p n="184">
	  <s n="287"> The current situation in ESCWA regarding languages used in the preparation of ESCWA documents and publications is as shown in tables 1 and 2 below. </s>
	</p>
	<p n="185">
	  <s n="288"> Table 1 Use of different languages for the preparation of ESCWA documents </s>
	</p>
	<p n="186">
	  <s n="289"> Table 2 Ratio of use of different languages for preparation of documents </s>
	</p>
	<p n="187">
	  <s n="290"> (percentage based on the number of pages) </s>
	</p>
	<p n="188">
	  <s n="291"> * Estimated. </s>
	</p>
	<p n="189">
	  <s n="292"> Conclusion </s>
	</p>
	<p n="190">
	  <s n="293"> It is the intention of the Economic and Social Commission for Western Asia to increase the percentage of documents available in Arabic from 47 per cent in 2000-2001 to 80 per cent in 2002-2003 and to 100 per cent during the biennium to 2004-2005. </s>
	</p>
	<p n="191">
	  <s n="294"> Translation- and interpretation-related matters </s>
	</p>
	<p n="192">
	  <s n="295"> A. Videoconferencing and remote interpretation </s>
	</p>
	<p n="193">
	  <s n="296"> Introduction </s>
	</p>
	<p n="194">
	  <s n="297"> The present report is submitted in accordance with paragraphs 108 and 109 of the report of the Committee on Conferences to the General Assembly at its fifty-sixth session. </s>
	  <s n="298"> In paragraph 108, the Committee requested the Secretariat to assess future advances in the videoconferencing and communications areas to determine whether they could offer solutions to the outstanding technical problems of remote interpretation. </s>
	  <s n="299"> In paragraph 109, it also requested that a report on developments in those areas, as well as any activities in other fields of remote interpretation carried out by other international organizations, be submitted to the General Assembly at its fifty-seventh session. </s>
	</p>
	<p n="195">
	  <s n="300"> Outstanding problems related to remote interpretation </s>
	</p>
	<p n="196">
	  <s n="301"> The report of the Secretary-General on remote interpretation (A/56/188) showed that the satellite link remained stable and provided very good sound and video transmission when the ground segment was via hard wire, but that ISDN (integrated services digital network)-based video transmission required further attention. </s>
	</p>
	<p n="197">
	  <s n="302"> With ISDN transmission, the sound quality was generally acceptable, but image interruptions were experienced. </s>
	  <s n="303"> In addition, interpreters were disoriented by the lack of synchronization between sound and image, and the image on which they relied was not always clear or stable, causing loss of concentration. </s>
	</p>
	<p n="198">
	  <s n="304"> Videoconferencing as a solution to outstanding problems of remote interpretation </s>
	</p>
	<p n="199">
	  <s n="305"> Both the United Nations and international agencies and organizations that are not part of the United Nations system have been routinely organizing live videoconferences which include interpretation in order to make possible a dialogue with one or more individuals or to enable groups of people at different locations to interact. </s>
	  <s n="306"> Videoconferencing is a widely accepted tool based on proven technology. </s>
	</p>
	<p n="200">
	  <s n="307"> In such situations, end-users and interpreters are present in the same room. </s>
	  <s n="308"> The speaker is at a remote location, while the interpretation takes place on-site, with the statements delivered through the videoconference monitor. </s>
	  <s n="309"> This process is straightforward, usually of short duration and is routinely applied. </s>
	  <s n="310"> From the interpretation standpoint, nonetheless, the only similarity it bears to remote </s>
	</p>
	<p n="201">
	  <s n="311"> interpretation is that it involves interpreting statements delivered through a television monitor. </s>
	</p>
	<p n="202">
	  <s n="312"> Remote interpretation, however, is a more complex concept since the interpreters are located away from the end-users, who also deliver the statements to be interpreted. </s>
	  <s n="313"> In a remote interpretation situation, sound and picture signals would normally be sent via ISDN phone lines from the conference location to where the interpreters are located. </s>
	  <s n="314"> The interpreters would then interpret the statements thus delivered into the five other official languages and the five language versions of that statement would in turn be simultaneously sent back to the end-users. </s>
	</p>
	<p n="203">
	  <s n="315"> This technical approach, using videoconferencing equipment, is the one that was adopted for the last remote experiment, in April 2001. </s>
	  <s n="316"> As long as such an approach is followed, the technical problems of remote interpretation will continue to be those connected with videoconferencing. </s>
	  <s n="317"> As a result, videoconferencing does not offer technical solutions to the technical problems of remote interpretation. </s>
	</p>
	<p n="204">
	  <s n="318"> A technical alternative would be the use of broadcast quality television links. </s>
	  <s n="319"> Such an approach would resolve the outstanding image quality problems, but at a significantly higher cost. </s>
	  <s n="320"> With the passage of time, however, image quality is bound to improve even with videoconferencing equipment. </s>
	</p>
	<p n="205">
	  <s n="321"> Remote interpretation in other international organizations </s>
	</p>
	<p n="206">
	  <s n="322"> While the concept is alive and well, from a practical point of view, remote interpretation, as opposed to videoconferencing-based interpretation, is still not part of the general picture. </s>
	  <s n="323"> At the present time, it is not considered a priority in international organizations. </s>
	</p>
	<p n="207">
	  <s n="324"> One exception is the European Parliament. </s>
	  <s n="325"> On 29 May 2002, the Bureau of that organization adopted the note by its Secretary-General advocating the introduction of remote interpretation. </s>
	  <s n="326"> However, the question as to whether, how and when the European Parliament will follow up on this recommendation is still unanswered. </s>
	</p>
	<p n="208">
	  <s n="327"> In conformity with section IV of General Assembly resolution 56/242, the Secretariat is conducting a comprehensive cost-benefit analysis on the use of remote interpretation, covering, inter alia, issues pertaining to the working conditions of interpreters, which will be instrumental in that respect. </s>
	</p>
	<p n="209">
	  <s n="328"> Conclusions </s>
	</p>
	<p n="210">
	  <s n="329"> Provision of interpretation during videoconferences is now commonplace both within and outside the United Nations system. </s>
	  <s n="330"> Videoconference-based interpretation shares one important feature with remote interpretation, i.e. the interpretation is based on sound and a picture transmitted to a television monitor and in that sense it helps to facilitate the process of adaptation of interpreters for the purpose of remote interpretation. </s>
	  <s n="331"> However, it does not solve the remaining problems, inherent to remote interpretation, related to the transmission quality of a point-to-point or point-to-multipoint communications link. </s>
	</p>
	<p n="211">
	  <s n="332"> Nevertheless, the remaining image quality problems could be solved, as explained in paragraph 93 above. </s>
	  <s n="333"> It is also likely that in two or three years, the present less-expensive, routinely used videoconferencing ISDN-based technology will also be able to solve them. </s>
	  <s n="334"> However, the cost of broadcast quality television links is likely to decrease too. </s>
	  <s n="335"> It is therefore safe to say that, within the next couple of years, the remaining problems related to image quality will be solved. </s>
	</p>
	<p n="212">
	  <s n="336"> Utilization of new technologies </s>
	</p>
	<p n="213">
	  <s n="337"> An update on projects and information technology systems is given in chapter V. </s>
	</p>
	<p n="214">
	  <s n="338"> C. Language services posts </s>
	</p>
	<p n="215">
	  <s n="339"> Temporary assistance posts </s>
	</p>
	<p n="216">
	  <s n="340"> A report will be issued on the conversion of some temporary assistance posts under the agenda item entitled “Programme budget for the biennium 2002-2003”. </s>
	</p>
	<p n="217">
	  <s n="341"> Employment of retirees </s>
	</p>
	<p n="218">
	  <s n="342"> Updated information on this subject was requested under the agenda item entitled “Human resources management”. </s>
	</p>
	<p n="219">
	  <s n="343"> Employment of interpreters with desired language combinations </s>
	</p>
	<p n="220">
	  <s n="344"> Introduction </s>
	</p>
	<p n="221">
	  <s n="345"> The present report contains the results of the training initiative taken internally by the Department of General Assembly Affairs and Conference Services and approved for an initial period of one year by the General Assembly in August 2001 in section IV, paragraph 3, of its resolution 56/242. </s>
	  <s n="346"> It shows the related financial arrangements and implications of the initiative as well as the need to continue it. </s>
	</p>
	<p n="222">
	  <s n="347"> Training initiative </s>
	</p>
	<p n="223">
	  <s n="348"> In August 2001, an internal initiative was approved by the Department of General Assembly Affairs and Conference Services to reinstate on a trial basis, within existing budgetary resources, the interpreters&apos; training programme, established in 1974 and suspended in 1992 owing to budgetary constraints. </s>
	</p>
	<p n="224">
	  <s n="349"> The initiative targeted near-successful candidates in the interpreters&apos; competitive examination who were close to performing at the requisite level but needed additional training and, most specifically, those who scored higher than the benchmark of 55 per cent and possessed those language combinations insufficiently represented on the roster of successful candidates. </s>
	</p>
	<p n="225">
	  <s n="350"> In August 2001, four English-language applicants who met the requirements set for this training initiative were selected for in-house training for a period of three months. </s>
	</p>
	<p n="226">
	  <s n="351"> After this initial training, the four trainees successfully passed an informal examination that prepared them for the United Nations English interpreters&apos; competitive examination scheduled for January 2002. </s>
	</p>
	<p n="227">
	  <s n="352"> Of the 22 candidates selected from a field of 74 applicants to take the English interpreters&apos; competitive examination, 5 were successful, including 3 out of the 4 trainees. </s>
	  <s n="353"> These figures clearly underscore the success of the training exercise. </s>
	</p>
	<p n="228">
	  <s n="354"> The related resources for the one-year initiative amount to US$ 124,600, covering net salaries and, when appropriate, travel and assignment grant for 30 days. </s>
	</p>
	<p n="229">
	  <s n="355"> The yearly financial implications of a training programme organized on a continuous basis along the lines of this successful initiative would follow a similar pattern for each booth involved in the training. </s>
	  <s n="356"> It is not anticipated that more than two booths per year would be involved in the training. </s>
	  <s n="357"> In other words, the cost of the training programme, on a two-booth-yearly basis, would be $249,100. </s>
	</p>
	<p n="230">
	  <s n="358"> Conclusion </s>
	</p>
	<p n="231">
	  <s n="359"> In view of the foregoing and considering the need to provide high-quality interpretation within the United Nations system as well as the scarcity of available first-rate interpreters in some language combinations, it is recommended that the training programme for interpreters be established on a continuous basis. </s>
	</p>
	<p n="232">
	  <s n="360"> Information technology </s>
	</p>
	<p n="233">
	  <s n="361"> Use of information technology in the Department of General Assembly Affairs and Conference Services </s>
	</p>
	<p n="234">
	  <s n="362"> Introduction </s>
	</p>
	<p n="235">
	  <s n="363"> The present progress report reflects the status of the use and impact of information technology in the Department of General Assembly Affairs and Conference Services as of 1 June 2002 in the following areas: computer-assisted translation, voice recognition, the e-Folder project, off-site translation, the Electronic Documents Registration Information and Tracking System (e-DRITS), the new stock control system for documents and publications, the digital recording system, electronic planning and servicing of meetings and computerized terminology data banks. </s>
	</p>
	<p n="236">
	  <s n="364"> Computer-assisted translation </s>
	</p>
	<p n="237">
	  <s n="365"> A working group on computer-assisted translation comprised of translators with experience in the translation of documents using specialized software has been established. </s>
	  <s n="366"> The process of translation using such software requires managerial and workflow rearrangements related to the synchronized segmentation of documents in pairs of languages and the building-up and maintenance of high-quality translation memory. </s>
	  <s n="367"> For computer-assisted translation to become fully operational, full electronic submission of documents is essential and the Department is actively pursuing that goal. </s>
	  <s n="368"> The working group has already identified various types of documents especially suited for the computer-assisted translation approach, i.e. documents with repetitive content, such as budget reports and summary statements from the Security Council. </s>
	  <s n="369"> In such cases, computer-assisted translation has potential for substantially increasing document consistency and, in the long term, could result in productivity gains. </s>
	</p>
	<p n="238">
	  <s n="370"> Voice recognition </s>
	</p>
	<p n="239">
	  <s n="371"> The Department is conducting a voice recognition software pilot project in Arabic, Chinese, English, French and Spanish in the corresponding Translation Services and Verbatim Reporting Sections. </s>
	  <s n="372"> No commercially available voice recognition software exists for Russian at present. </s>
	  <s n="373"> A decision on when to introduce this new working method in all the relevant services and sections will be taken once the evaluation has been completed and the current technical problems overcome. </s>
	</p>
	<p n="240">
	  <s n="374"> E-Folder project </s>
	</p>
	<p n="241">
	  <s n="375"> E-Folder is a project to migrate from the current paper-based referencing operation to electronic referencing. </s>
	  <s n="376"> Electronic referencing means the utilization of computers in collecting, organizing and providing referencing materials to translators and revisers and all other clients. </s>
	  <s n="377"> A preliminary template has been developed for the e-Folder. </s>
	  <s n="378"> A Lotus Note out-tray has been set up. </s>
	  <s n="379"> The project will become operational when the high-capacity server is set up and high-speed document scanners are provided. </s>
	</p>
	<p n="242">
	  <s n="380"> Off-site translation </s>
	</p>
	<p n="243">
	  <s n="381"> Off-site translation is not, properly speaking, a new technology, but rather a working method involving the translation of documentation originating in one location by translators present at another location. </s>
	</p>
	<p n="244">
	  <s n="382"> The feasibility of off-site translation obviously depends on the availability of reliable communications links for the electronic transfer of documents and reference materials and access to relevant data banks (e.g. the optical disk system and the United Nations terminology system (UNTERM)). </s>
	  <s n="383"> There are also connectivity requirements for the equipment used by off-site translators. </s>
	</p>
	<p n="245">
	  <s n="384"> Off-site translation by freelance staff will be utilized as an alternative to in-house temporary assistance. </s>
	  <s n="385"> If the arrangement proves to be workable, considerable savings can be achieved through the elimination of travel and daily subsistence allowance costs. </s>
	  <s n="386"> It will take time to put the project in place since, at present, a fully electronic flow of documentation is not yet a reality, fundamental changes in referencing methods must await the acquisition of necessary hardware and software and many freelance translators still do not have Internet access. </s>
	</p>
	<p n="246">
	  <s n="387"> Electronic Document Registration Information Tracking System (e-DRITS) </s>
	</p>
	<p n="247">
	  <s n="388"> The e-DRITS system tracks the flow of documentation at all the stages of preparation, from the time documents are submitted by author departments to the time they are distributed. </s>
	  <s n="389"> It has been in use for several years and areas where additional developments are required have been identified: document pre-submission and data interfacing with the system in the Documentation Programming and Monitoring Unit. </s>
	  <s n="390"> As a coordinating system, e-DRITS has enabled managers to coordinate the documentation process with a high degree of accuracy. </s>
	  <s n="391"> It is envisaged that further modifications will allow for full computerization of a number of statistical reports. </s>
	</p>
	<p n="248">
	  <s n="392"> Stock control system for documents and publications </s>
	</p>
	<p n="249">
	  <s n="393"> The stock control system consists of two modules: a database of publications and documents and a warehousing capability, carrying detailed information regarding the location of boxes with publications at any given time as well as the number of the publications contained in the boxes. </s>
	</p>
	<p n="250">
	  <s n="394"> The system has improved the productivity of the document warehouse operation. </s>
	  <s n="395"> The warehousing module uses radio-controlled terminals, allowing for paperless processing requests for documents and publications and the real time update of location and quantity of documents on shelves. </s>
	  <s n="396"> The paper-based submission of requests for documents still constitutes a bottleneck and the new developments are aiming at the introduction of the web-based requests for documents, thus eliminating the need for retyping the requests in the Distribution Section. </s>
	</p>
	<p n="251">
	  <s n="397"> The system has substantially improved productivity in two ways: by optimizing the path of document picking and making time available for the completion of orders or requests for documents; and by yielding very accurate statistics on the availability of the documents which do not require any additional calculations or re-entry of data. </s>
	</p>
	<p n="252">
	  <s n="398"> Digital recording systems </s>
	</p>
	<p n="253">
	  <s n="399"> The digital recording system was created in 1999, with the Verbatim Reporting Service in mind. </s>
	  <s n="400"> The initial goal of the project was to save funds by using off-site verbatim reporters by distributing sound and text files via the Internet to verbatim reporters anywhere in the world. </s>
	</p>
	<p n="254">
	  <s n="401"> The system is flexible. </s>
	  <s n="402"> It makes sound recordings immediately available to the users in all languages. </s>
	  <s n="403"> It allows for in-house as well as off-site processing and archiving of digital records with standard computer media (server base data files, CD-R/DVD-R, back-up tapes). </s>
	  <s n="404"> The system is mobile and can be used anywhere a conference takes place. </s>
	  <s n="405"> The most immediate result in the Verbatim Reporting Service was to reduce drastically international temporary recruitment without sacrificing quality. </s>
	</p>
	<p n="255">
	  <s n="406"> The digital recording system is also used in-house, allowing for excellent and immediate transmission of sound files, thus eliminating messenger service and the need for cassette-based Dictaphone equipment, while the maintenance of cassette collections (over 100 cassettes per three-hour meeting) has been eliminated. </s>
	</p>
	<p n="256">
	  <s n="407"> Digital recording and transcription systems have also been tested for future integration into the translation workflow. </s>
	  <s n="408"> It involves dictating through a microphone directly to the computer, creating an audio file which is sent over LAN to typists for transcription on computers using separate DPT (digital playback transcription) software. </s>
	  <s n="409"> Possible links of digital recording systems and voice recognition systems are also being tested. </s>
	</p>
	<p n="257">
	  <s n="410"> Electronic planning and servicing of meetings </s>
	</p>
	<p n="258">
	  <s n="411"> The first automated element of the meetings servicing chain was the assignment programme for interpreters. </s>
	  <s n="412"> The obvious productivity advantages of the system were a motivating factor in the development of the meetings planning module, with a rather limited functionality. </s>
	  <s n="413"> The second component of the meetings servicing-oriented system was a room reservation system for bilateral meetings. </s>
	</p>
	<p n="259">
	  <s n="414"> An analysis undertaken by the departmental Information and Communication Technology Committee resulted in the definition of the scope of an integrated system (e-MEETS), which combines meetings planning and servicing, while remaining the source of data for the scrolling list of meetings and wall display panel for posting meeting-related information. </s>
	</p>
	<p n="260">
	  <s n="415"> The system has been conceived with future development in mind, as a backbone for referencing data regarding document processing (e-DRITS), distributing documentation for meeting rooms, statistics related to the system of meetings and their servicing. </s>
	  <s n="416"> It will incorporate all functions of the calendar of meetings, room reservation and coordination of meeting-related information (e.g. membership and details of ongoing meetings). </s>
	</p>
	<p n="261">
	  <s n="417"> It will improve the productivity of the current, paper-based procedures by eliminating the duplication of data entry, centralizing the collection of data (organs database, contact points) facilitating preparation of statistical reports for intergovernmental/expert bodies and making provision for accessing essential data elements via the Web. </s>
	</p>
	<p n="262">
	  <s n="418"> Computerized terminology data bank </s>
	</p>
	<p n="263">
	  <s n="419"> The new multilingual United Nations terminology system (UNTERM), which gives the user the ability to search, copy and paste in any of the six official languages, was implemented in 2001, with the use of Lotus Notes, as a result of in-house development. </s>
	</p>
	<p n="264">
	  <s n="420"> UNTERM is already at a preliminary stage of production. </s>
	  <s n="421"> The system is flexible, allowing for the importation of new terminology data, and is or will be accessible across Conference Services in all duty stations via the Intranet and/or Lotus Notes. </s>
	</p>
	<p n="265">
	  <s n="422"> Conclusion </s>
	</p>
	<p n="266">
	  <s n="423"> Assuming that updated equipment and proper funding are provided, all the aforementioned systems have the potential to enhance productivity, at the user&apos;s level or downstream, while maintaining or improving quality. </s>
	  <s n="424"> They could also generate savings in various areas in the long run. </s>
	</p>
	<p n="267">
	  <s n="425"> Annex I </s>
	</p>
	<p n="268">
	  <s n="426"> Meeting statistics of a core sample of United Nations bodies </s>
	</p>
	<p n="269">
	  <s n="427"> New York </s>
	</p>
	<p n="270">
	  <s n="428"> Geneva </s>
	</p>
	<p n="271">
	  <s n="429"> C. Vienna </s>
	</p>
	<p n="272">
	  <s n="430"> * UNCITRAL Working Groups were renumbered. </s>
	  <s n="431"> ICP was originally WG.II, but has been changed to WG.V, formerly called “Receivables Financing” (hence the different session number). </s>
	</p>
	<p n="273">
	  <s n="432"> Nairobi </s>
	</p>
	<p n="274">
	  <s n="433"> Annex II </s>
	</p>
	<p n="275">
	  <s n="434"> Statistics on the provision of conference services for meetings of regional and other major groupings of Member States at the four duty stations </s>
	</p>
	<p n="276">
	  <s n="435"> (July 2001-April 2002) </s>
	</p>
	<p n="277">
	  <s n="436"> Annex III </s>
	</p>
	<p n="278">
	  <s n="437"> Requests for meetings during the fifty-seventh session of the General Assembly </s>
	</p>
	<p n="279">
	  <s n="438"> Committee on the Exercise of the Inalienable Rights of the Palestinian People </s>
	</p>
	<p n="280">
	  <s n="439"> Letter dated 12 June 2002 from the Chairman of the Committee </s>
	</p>
	<p n="281">
	  <s n="440"> As you are aware, in resolution 56/33 of 3 December 2001, the General Assembly has again requested the Committee on the Exercise of the Inalienable Rights of the Palestinian People to continue to keep under review the situation relating to the question of Palestine and to report and make suggestions to the General Assembly or the Security Council, as appropriate. </s>
	  <s n="441"> By the same resolution, the Assembly requested the Secretary-General to continue to provide the Committee with all the necessary facilities for the performance of its tasks. </s>
	</p>
	<p n="282">
	  <s n="442"> As the Committee has no control over the timing of the events that it is called upon to discuss, it needs to meet throughout the year, as circumstances dictate. </s>
	  <s n="443"> Based on past experience, the Committee would request facilities for approximately six meetings per General Assembly session. </s>
	  <s n="444"> These are in addition to the solemn meeting in observance of the International Day of Solidarity with the Palestinian People, which is included in each year&apos;s calendar. </s>
	</p>
	<p n="283">
	  <s n="445"> In light of the above, I should like to request that authorization again be granted to the Committee on the Exercise of the Inalienable Rights of the Palestinian People to hold meetings during the forthcoming fifty-seventh session of the General Assembly, as necessary for carrying out the important mandate entrusted to the Committee by the Assembly. </s>
	</p>
	<p n="284">
	  <s n="446"> Committee on Relations with the Host Country </s>
	</p>
	<p n="285">
	  <s n="447"> Letter dated 21 June 2002 from the Secretary of the Committee </s>
	</p>
	<p n="286">
	  <s n="448"> As in previous years, I hereby submit a request that the Committee on Relations with the Host Country be permitted to meet during the fifty-seventh session of the General Assembly. </s>
	</p>
	<p n="287">
	  <s n="449"> This request is based on the Committee&apos;s mandate set out in General Assembly resolution 2819 (XXVI) of 15 December 1971 authorizing the Committee to meet periodically during the year or whenever the need arises. </s>
	  <s n="450"> The Committee, since its establishment in 1971, has always met during the regular sessions of the Assembly in order to consider, among other things, problems experienced by delegations of Member States, to finalize its annual report and to present it to the General Assembly. </s>
	</p>
	<p n="288">
	  <s n="451"> Pursuant to its resolution 56/84 of 12 December 2001, the Assembly requested the Committee to continue its work in conformity with resolution 2819 (XXVI) and to submit a report on its work to the Assembly at its fifty-seventh session. </s>
	  <s n="452"> Having due regard to the nature of the Committee, its work, and previous experiences, it would suffice to make the necessary conference facilities available for two or three meetings only. </s>
	</p>
	<p n="289">
	  <s n="453"> Working Group on the Financing of the United Nations Relief and Works Agency for Palestine Refugees in the Near East </s>
	</p>
	<p n="290">
	  <s n="454"> Memorandum dated 24 June 2002 from the Secretary of the Working Group </s>
	</p>
	<p n="291">
	  <s n="455"> In its resolution 56/53, adopted at its fifty-sixth session, regarding the Working Group on the Financing of the United Nations Relief and Works Agency for Palestine Refugees in the Near East (UNRWA), the General Assembly requested that the Working Group continue its efforts, in cooperation with the Secretary-General and the Commissioner-General, to find a solution to the financial situation of the Agency. </s>
	</p>
	<p n="292">
	  <s n="456"> In order to meet this request, the Working Group needs the latest data with regard to the UNRWA budget, i.e. up-to-date information on the current budget and precise indications as to the needed revenue and the anticipated contributions for the next fiscal year. </s>
	  <s n="457"> UNRWA has not been in a position that would enable the Agency to supply the Working Group with this timely information any earlier than September 2002 and the Working Group cannot prepare its report to the General Assembly at its fifty-seventh session without this important material. </s>
	</p>
	<p n="293">
	  <s n="458"> In view of the obligation of the Working Group to submit its up-to-date report not later than the first half of October for consideration by the Special Political and Decolonization Committee and the General Assembly, little time is available for the few meetings of the Working Group and for the preparation of its report. </s>
	</p>
	<p n="294">
	  <s n="459"> It would be very much appreciated if you could draw to the attention of the Committee on Conferences the request of the Working Group that it be authorized to meet during the first weeks of the fifty-seventh session of the General Assembly. </s>
	</p>
	<p n="295">
	  <s n="460"> Executive Board of the United Nations Development Programme and the United Nations Population Fund </s>
	</p>
	<p n="296">
	  <s n="461"> Letter dated 24 June 2002 from the Secretary of the Board </s>
	</p>
	<p n="297">
	  <s n="462"> We note that the proposed timing for the second regular session of 2002 and related meetings of the Executive Board of the United Nations Development Programme (UNDP) and the United Nations Population Fund (UNFPA) during the last quarter of 2002 will overlap with the fifty-seventh session of the General Assembly. </s>
	</p>
	<p n="298">
	  <s n="463"> I understand that the Secretariat can provide full services for these meetings, subject to the granting of special permission from the General Assembly. </s>
	</p>
	<p n="299">
	  <s n="464"> We would, therefore, be grateful if the Committee on Conferences could give its favourable consideration to the holding of the second regular session of the UNDP/UNFPA Executive Board during the period from 23 to 27 September 2002. </s>
	</p>
	<p n="300">
	  <s n="465"> Executive Board of the United Nations Children&apos;s Fund </s>
	</p>
	<p n="301">
	  <s n="466"> Memorandum dated 26 June 2002 from the Assistant Secretary of the Board </s>
	</p>
	<p n="302">
	  <s n="467"> We would be most grateful if you would, in accordance with the exception to paragraph 7 of General Assembly resolution 42/243, seek the approval of the Committee for the Executive Board of the United Nations Children&apos;s Fund (UNICEF) to meet from 16 to 20 September 2002. </s>
	</p>
	<p n="303">
	  <s n="468"> As is usual practice, UNICEF holds three Executive Board sessions per year as follows: (a) first regular session (January); (b) annual session (June); and (c) second regular session (September). </s>
	  <s n="469"> We also have to bear in mind the scheduling of the UNDP/UNFPA Executive Board sessions. </s>
	</p>
	<p n="304">
	  <s n="470"> In view of the dates of the annual session, and to ensure sufficient time for the preparation, translation and distribution of documents, our second regular session has normally been scheduled for September — and no later in the year — owing to the General Assembly. </s>
	</p>
	<p n="305">
	  <s n="471"> Committee on Conferences </s>
	</p>
	<p n="306">
	  <s n="472"> The Committee usually holds its substantive session towards the end of August. </s>
	  <s n="473"> This year, however, it is scheduled from 9 to 13 September as some Committee members, as well as key United Nations management personnel, will be attending the World Summit on Sustainable Development, which will take place from 26 August to 4 September 2002 in Johannesburg, South Africa. </s>
	</p>
	<p n="307">
	  <s n="474"> In light of the above, the Committee on Conferences requests authorization to hold part of its substantive session, approximately four meetings, during the fifty-seventh session of the General Assembly. </s>
	</p>
	<p n="308">
	  <s n="475"> Statistical information </s>
	</p>
	<p n="309">
	  <s n="476"> The table below refers to meetings with interpretation held during the main part of the fifty-sixth session of the General Assembly by the bodies listed above. </s>
	</p>
	<p n="310">
	  <s n="477"> Official Records of the General Assembly, Forty-first Session, Supplement No. 32 (A/41/32), para.64. </s>
	</p>
	<p n="311">
	  <s n="478"> Ibid., Fifty-fifth Session, Supplement No. 32 (A/55/32). </s>
	</p>
	<p n="312">
	  <s n="479"> Official Records of the General Assembly, Fifty-sixth Session, Supplement No. 32 (A/56/32). </s>
	</p>
	</body>
</text>
</DOC>