<?xml version="1.0" encoding="UTF-8"?>
<DOC lang="English" n="N0251619" id="A/57/285" date="2002/08/09">
<text>
	<body>
	<p n="1">
	  <s n="1"> Fifty-seventh session </s>
	</p>
	<p n="2">
	  <s n="2"> Item 114 of the provisional agenda* </s>
	</p>
	<p n="3">
	  <s n="3"> Programme budget for the biennium 2002-2003 </s>
	</p>
	<p n="4">
	  <s n="4"> Capital master plan </s>
	</p>
	<p n="5">
	  <s n="5"> Report of the Secretary-General** </s>
	</p>
	<p n="6">
	  <s n="6"> ** The report was delayed to permit the inclusion of details of the offer from the City of New York related to swing space (see para. </s>
	</p>
	<p n="7">
	  <s n="7"> Contents </s>
	</p>
	<p n="8">
	  <s n="8"> Introduction </s>
	</p>
	<p n="9">
	  <s n="9"> The Secretary-General reported to the General Assembly at its fifty-fifth session (see A/55/117 and Add.1) that the United Nations Headquarters in New York, built some 50 years ago, had aged significantly and that it was seriously deficient in safety, fire and building codes, energy efficiency and security requirements. </s>
	  <s n="10"> Even the most efficient and effective maintenance activities would not be sufficient to prevent the cumulative effect of normal wear and tear. </s>
	  <s n="11"> The current “reactive approach” to maintaining Headquarters and undertaking required remedial work as and when needed was inefficient and would become excessively expensive as the buildings aged further. </s>
	  <s n="12"> The Secretary-General thus proposed a long-term capital master plan (CMP), to be implemented over a period of six years, to remedy those deficiencies in a comprehensive, systemic and cost-efficient manner. </s>
	  <s n="13"> In response, in December 2000 the General Assembly authorized, without prejudice to its final decision, the preparation of a comprehensive design plan and cost analysis to develop viable alternatives, including measures designed to prevent cost overruns, and appropriated $8.0 million for that purpose. </s>
	  <s n="14"> The Secretariat carried out a detailed analysis, with the assistance of a team of architectural and engineering firms, and developed a series of alternatives, covering technical equipment and systems, design, phasing, swing space and management. </s>
	  <s n="15"> Those alternatives were organized into a number of design schemes with various options, which were then evaluated, and the viable alternatives were more fully developed and detailed costing was prepared for each. </s>
	  <s n="16"> The present report reviews the scope of work, phasing and swing space, management and financing arrangements of the proposed plan, and recommends action by the General Assembly. </s>
	</p>
	<p n="10">
	  <s n="17"> Background </s>
	</p>
	<p n="11">
	  <s n="18"> In his previous report on the capital master plan (A/55/117 and Add.1), the Secretary-General described the condition of the physical infrastructure at the United Nations Headquarters complex in New York, and stated that if the conditions were not rectified the complex would become unacceptable for use over the long term. </s>
	  <s n="19"> One option would be to continue to address the deteriorating condition on an ad hoc and emergency basis through the biennial programme budget. </s>
	  <s n="20"> Under the “reactive approach”, substantial expenditures would be required over the next 25 years. </s>
	  <s n="21"> Moreover, all New York City building and safety code requirements would not be met, energy efficiency would not be attained, and security and safety requirements would be seriously compromised. </s>
	  <s n="22"> The cost of the reactive approach over the 25-year period 2003-2027 was estimated to be $1,644 million, including energy costs. </s>
	  <s n="23"> A detailed analysis of the reactive approach was contained in paragraphs 36 to 42 of the previous report. </s>
	</p>
	<p n="12">
	  <s n="24"> Since the previous analysis was prepared, energy costs have significantly increased and the project start date has now been adjusted to October 2004. </s>
	  <s n="25"> Taking account of those changes, the updated cost of the reactive approach over the period 2005-2029 is currently estimated at $2,088 million, an increase of $444 million over the original estimate.1 It is worth noting that annual expenditures for emergency repairs, major construction and energy are expected to increase progressively to reach a high point of $116 million in 2019, under the reactive approach. </s>
	  <s n="26"> For reference, the current level of those expenditures, including energy costs, is less than $30 million annually. </s>
	</p>
	<p n="13">
	  <s n="27"> The alternative to the reactive approach proposed in June 2000 by the Secretary-General was to undertake a planned refurbishment programme over a six-year period, a capital master plan. </s>
	  <s n="28"> The cost of CMP was estimated at $964 million, including $62 million for the leasing of swing space. </s>
	</p>
	<p n="14">
	  <s n="29"> In response to that proposal and without prejudice to its final decision, in December 2000 the General Assembly: </s>
	</p>
	<p n="15">
	  <s n="30"> (a) Authorized preparation of a comprehensive design plan and detailed cost analysis; </s>
	</p>
	<p n="16">
	  <s n="31"> (b) Requested details of measures designed to protect the Organization from cost overruns; </s>
	</p>
	<p n="17">
	  <s n="32"> (c) Called upon the Secretary-General to identify all viable alternatives in the most cost-effective and efficient manner; </s>
	</p>
	<p n="18">
	  <s n="33"> (d) Allocated $8 million for that purpose (see General Assembly resolution 55/238/IV). </s>
	</p>
	<p n="19">
	  <s n="34"> That work has been carried out and is referred to in the present report as the “preliminary design phase”. </s>
	</p>
	<p n="20">
	  <s n="35"> Preliminary design phase </s>
	</p>
	<p n="21">
	  <s n="36"> In early 2001, a small project team was established within the Office of Central Support Services of the Department of Management to carry out the preliminary design phase authorized by the General Assembly. </s>
	  <s n="37"> The selection of an architectural and engineering firm was initiated at the same time. </s>
	  <s n="38"> A design team was selected through an international competitive process carried out from January to June 2001. </s>
	</p>
	<p n="22">
	  <s n="39"> The comprehensive design plan and detailed cost analysis were prepared from July 2001 to May 2002. </s>
	  <s n="40"> The findings of the design plan process confirmed that a fundamental refurbishment was required in order to bring the Headquarters complex into compliance with safety, fire and building codes, and to meet modern energy efficiency standards and security requirements. </s>
	  <s n="41"> The earlier proposal of a six-year duration for the refurbishment was found to be a viable solution and the cost estimate for the refurbishment largely accurate, with the exceptions noted in paragraph 15 below. </s>
	  <s n="42"> The CMP proposal was refined, including the in-depth analysis of technical alternatives. </s>
	</p>
	<p n="23">
	  <s n="43"> In order to undertake a major refurbishment programme, large areas must be vacated and the occupants and functions temporarily relocated. </s>
	  <s n="44"> The availability of adequate temporary space for meeting, office and support functions, known as “swing space”, is therefore indispensable for the implementation of the refurbishment programme. </s>
	  <s n="45"> All of the options for swing space mentioned in the previous report, including both on-campus addition and construction and off-campus leasing, have been thoroughly examined. </s>
	  <s n="46"> Negotiation was initiated with the City of New York to seek its support for CMP efforts in view of the desirability of securing leasing through the United Nations Development Corporation (UNDC), in preference to commercial leasing, as well as the desirability of vacating the entire campus during the implementation of the capital master plan. </s>
	  <s n="47"> The City of New York has recently expressed its readiness to support the capital master plan project and has already begun to explore one option in greater depth: the construction through UNDC of a building that could be utilized as swing space on the east side of First Avenue, between 41st and 42nd Streets. </s>
	  <s n="48"> Use of the site will require that the City make some provision of park amenities to the community to replace the loss of the Robert Moses playground. </s>
	  <s n="49"> At the time of drafting of the present report, negotiations are still ongoing. </s>
	  <s n="50"> There is a strong expectation that discussions with City authorities will cover such issues as the quality of the building, architectural harmony with the existing complex, land ownership and lease/purchase arrangements. </s>
	</p>
	<p n="24">
	  <s n="51"> The General Assembly requested the Secretary-General to ensure that the preparation of a comprehensive design plan and detailed cost analysis would identify all viable alternatives and detailed measures to protect the Organization from cost overruns. </s>
	  <s n="52"> A series of alternatives and options have been developed in the following four areas: </s>
	</p>
	<p n="25">
	  <s n="53"> (a) Scope of work: what will be done, determining the extent of the refurbishment; </s>
	</p>
	<p n="26">
	  <s n="54"> (b) Phasing: the way the refurbishment will be done, including time frames; </s>
	</p>
	<p n="27">
	  <s n="55"> (c) Swing space: where the work of the Organization will continue during the refurbishment; </s>
	</p>
	<p n="28">
	  <s n="56"> (d) Management: how the CMP project will be managed and costs controlled. </s>
	</p>
	<p n="29">
	  <s n="57"> Following the review of the four areas above and a re-examination of financing alternatives, the Secretary-General has developed a set of recommendations, including a proposed implementation plan, for consideration by the General Assembly. </s>
	  <s n="58"> A diagram of the preliminary design phase process is provided below. </s>
	</p>
	<p n="30">
	  <s n="59"> Scope of work </s>
	</p>
	<p n="31">
	  <s n="60"> The previous report (A/55/117) described the scope of a proposed refurbishment programme for the seven buildings2 and more than 17 acres that make up the immediate Headquarters complex. </s>
	  <s n="61"> The proposed refurbishment programme was focused on building equipment and system replacements necessary to meet current building and life safety codes and modern security requirements. </s>
	  <s n="62"> In addition, improvements were recommended to enable the facilities to better support the work of the Organization and to operate more efficiently. </s>
	  <s n="63"> After re-examination and further scrutiny by 12 specialized companies of the design team, numerous scope alternatives were developed, which have been organized into a baseline scope (see paras. </s>
	  <s n="64"> 13-30 below). </s>
	</p>
	<p n="32">
	  <s n="65"> Recognizing that the implementation of CMP will provide a one-time opportunity to bring the Headquarters complex into the future and in the light of the General Assembly&apos;s request for examining all viable alternatives, a set of additional scope options (see paras. </s>
	  <s n="66"> 31-34 below) have been identified to meet possible future building design standards and operating requirements, including (a) additional security work, some of which might be undertaken in cooperation with the host Government, and state and the City of New York; (b) measures which would provide a higher degree of redundancy and contingency in the building systems, comparable to those that would most likely be installed in a new building today; and (c) sustainable innovations which are considered environmentally desirable and are expected to become the norm in the near future. </s>
	</p>
	<p n="33">
	  <s n="67"> Baseline scope </s>
	</p>
	<p n="34">
	  <s n="68"> The recommended baseline scope includes refurbishment of the General Assembly, Conference, Secretariat, Dag Hammarskjöld Library, North Lawn extension, South Annex and UNITAR buildings, based on comprehensive examinations of existing conditions by the current design team as well as the results of the earlier study conducted in 1998-1999, as summarized in the previous report. </s>
	  <s n="69"> For each problem, multiple technical solutions were proposed, which were assessed against specific criteria for viability. </s>
	  <s n="70"> The viable solutions for each problem were divided into two categories: solutions that solved problems at a lower cost and with less intervention into the buildings, and solutions that, although desirable, were either more costly or exceeded the essential health, safety and efficiency objectives of the capital master plan. </s>
	  <s n="71"> The first group of solutions were combined into a single proposal for refurbishment, termed the “baseline scope”. </s>
	  <s n="72"> The second group of solutions were organized into options which could be added to the baseline scope, and were termed “scope options”. </s>
	</p>
	<p n="35">
	  <s n="73"> In addition to the building deficiencies summarized in the previous report, the current study has identified a need for the further expansion of replacement work for plumbing/piping due to the presence of brass fittings that have become brittle and the observed deterioration of the Secretariat window assemblies (the curtain wall) that may lead to the necessity of replacing the entire curtain wall. </s>
	  <s n="74"> It should be noted that in view of the continuing testing and assessment, the replacement of the Secretariat curtain wall is currently being treated as a scope option. </s>
	  <s n="75"> However, it may become a baseline necessity, at an added cost of $36 million, depending on the outcome of the testing and assessment. </s>
	</p>
	<p n="36">
	  <s n="76"> The cost of the work will depend on how the work is phased and what method is chosen to provide swing space. </s>
	  <s n="77"> The six-year, $964 million proposal made in the previous report included a baseline scope of $902 million, with an additional $62 million budgeted for swing space. </s>
	  <s n="78"> In comparison to the $902 million figure, the cost of the baseline scope is currently estimated at $991 million to $1,094 million. </s>
	  <s n="79"> The overall increase, which is partially offset by a cost reduction based on more detailed phasing analysis, arises from the following: </s>
	</p>
	<p n="37">
	  <s n="80"> (a) There is a need to enhance physical systems and equipment in order to strengthen security based on a more exhaustive analysis in the wake of the events of 11 September 2001 and the subsequent anthrax and other biological and chemical contamination threats. </s>
	  <s n="81"> The baseline scope for such activity has increased significantly to $77 million from the previous forecast of $22 million. </s>
	  <s n="82"> It should be noted that that sum of $77 million will be partly offset by the sum of $17 million which was appropriated by the General Assembly at its resumed fifty-sixth session, in May 2002, as part of the total appropriation of $26 million for the strengthening of security at Headquarters. </s>
	  <s n="83"> That offset amount is reflected in the recommendations of the Secretary-General contained in the conclusion of the present report; </s>
	</p>
	<p n="38">
	  <s n="84"> (b) There is a cost escalation factor of 3.5 per cent per annum. </s>
	  <s n="85"> Accordingly, there has been an increase of approximately $50 million due to the current projected start of construction in October 2004, as compared with the earlier projected date of January 2003; </s>
	</p>
	<p n="39">
	  <s n="86"> (c) With a view to avoiding cost overruns, a more conservative assumption for construction contingency has been adopted, which has resulted in an increase in the provision for construction contingency to $87.8 million or $135.4 million, depending on the phasing scheme selected (see paras. </s>
	  <s n="87"> 36-47 below). </s>
	  <s n="88"> The original construction contingency was $40.0 million. </s>
	</p>
	<p n="40">
	  <s n="89"> The baseline scope, which would total either $991 or $1,094 million, depending on phasing options, consists of the core refurbishment and improvements described below. </s>
	</p>
	<p n="41">
	  <s n="90"> Baseline scope: core refurbishment </s>
	</p>
	<p n="42">
	  <s n="91"> Core refurbishment is the portion of the baseline scope which refers to the building elements that must be addressed as a matter of priority in order to meet existing fire and building codes, including accessibility standards, life safety standards and modern security requirements, as well as to operate the complex in an energy-efficient manner. </s>
	  <s n="92"> Alternatives were examined in each area, and the proposed core refurbishment reflects the most cost-effective of the viable alternatives, as follows: </s>
	</p>
	<p n="43">
	  <s n="93"> (a) Removal of hazardous materials, including asbestos-containing materials, lead-based paints from impacted areas, polychlorinated biophenyls (PCBs) from electrical equipment, and systems or equipment that generate electromagnetic fields near occupied areas; </s>
	</p>
	<p n="44">
	  <s n="94"> (b) Installation of new fire/life safety systems, including new fire alarm and public address systems, sprinklers in all areas, a smoke exhaust system and provisions for safe evacuation; </s>
	</p>
	<p n="45">
	  <s n="95"> (c) Provision of new backup electrical power for essential systems, including sufficient on-site backup power, lighting and support systems for essential communications, safe evacuation and other life/fire safety requirements, perimeter security, security and fire command and crisis control centres, and critical data processing and storage; </s>
	</p>
	<p n="46">
	  <s n="96"> (d) Refurbishment/replacement/restoration of ageing mechanical, electrical and building infrastructure elements, including incoming electric, steam, water, gas and river-water services; central plant heating and cooling equipment; heating, ventilating and air-conditioning equipment; piping and ductwork; electrical distribution systems, backup power systems; lighting and ceilings; facility-wide building management and environment control systems; elevators and escalators; damaged finishes; deteriorated paving, railing, walkways, site amenities and drainage; and diseased and decayed plantings; </s>
	</p>
	<p n="47">
	  <s n="97"> (e) Upgrade of interpreters&apos; booths and the infrastructure of simultaneous interpretation, broadcast amd studio systems; </s>
	</p>
	<p n="48">
	  <s n="98"> (f) Upgrade of facilities for handicapped accessibility, including improvements to access paths for buildings and conference rooms, signage, doors, bathrooms, elevators and fire safety controls; </s>
	</p>
	<p n="49">
	  <s n="99"> (g) Refurbishment/replacement of curtain walls. </s>
	  <s n="100"> Every window assembly or curtain wall requires significant restoration. </s>
	  <s n="101"> Ongoing observation and assessment of the Secretariat curtain wall will determine if there is deterioration to the extent that a full replacement may be necessary. </s>
	  <s n="102"> If so, the estimated cost of the baseline scope would be increased by $36 million; </s>
	</p>
	<p n="50">
	  <s n="103"> (h) Enhanced technology backbone, including the consolidation and modernization of communication and technology core and distribution systems, and the expansion of teleconferencing and video-presentation capacity; </s>
	</p>
	<p n="51">
	  <s n="104"> (i) Security improvements, including installation of a complex-wide access control and alarm monitoring system; construction of a new on-site and backup security control room and crisis centres; installation of an intrusion detection system; upgrade and expansion of closed circuit camera systems; upgrade of physical perimeter security by providing security barriers and improved lighting and surveillance; installation of additional physical vehicle barriers; installation of bullet-resistant and/or blast-resistant glazing at key locations;3 installation of sound-proof and ballistically protected viewing points for visitors at the Council Chambers and General Assembly Plenary Hall; provision of a screening building at the 42nd Street entrance; relocation of key air intakes; and installation of monitoring equipment to safeguard against biological and chemical hazards. </s>
	</p>
	<p n="52">
	  <s n="105"> It should be noted that the core refurbishment programme will result in improvements to the sustainability of the complex by: </s>
	</p>
	<p n="53">
	  <s n="106"> (a) Improving indoor environmental quality by removing hazardous materials, using materials with low emissions, and providing ventilation and air-conditioning equipment, lighting, acoustics and other accommodations that promote a healthy work environment; </s>
	</p>
	<p n="54">
	  <s n="107"> (b) Reducing resource consumption by using equipment and technologies that are more efficient in terms of energy usage and consumption of water and materials, from structural building components to floor coverings and finishes, resulting in a less adverse impact on the environment; </s>
	</p>
	<p n="55">
	  <s n="108"> (c) Reducing resource waste by recycling materials and managing waste during construction, commissioning and occupancy; </s>
	</p>
	<p n="56">
	  <s n="109"> (d) Increasing the use of renewable materials, energy and water sources; </s>
	</p>
	<p n="57">
	  <s n="110"> (e) Improving the energy management of buildings by providing monitoring, controls and verification devices. </s>
	</p>
	<p n="58">
	  <s n="111"> C. Baseline scope: improvements </s>
	</p>
	<p n="59">
	  <s n="112"> Four additional improvements were proposed in the previous report to better support the work of the Organization and operate Headquarters buildings more efficiently. </s>
	  <s n="113"> They have been examined and updated as part of the baseline scope, and include expansion of and improvements to meeting facilities; addition of a new full-sized conference room and a multipurpose room; consolidation of information technology service spaces; and improvements to public spaces, complementing the visitors&apos; experience project to be funded through the United Nations Association of the United States of America (UNA/USA), as proposed in the report of the Secretary-General on a proposal for enhancing the United Nations experience for visitors (A/55/835). </s>
	  <s n="114"> In addition, in the context of improving the efficiency of the buildings, rationalization of space utilization is also planned throughout the complex. </s>
	  <s n="115"> The essential additional improvements are described below. </s>
	</p>
	<p n="60">
	  <s n="116"> Improvements to meeting facilities </s>
	</p>
	<p n="61">
	  <s n="117"> In order to meet the continuing demand for mid-sized meeting rooms comparable to the size of Conference Rooms 5 and 6, three mid-sized meeting rooms, with seating capacity of 60 persons each at table, would be created. </s>
	  <s n="118"> The most feasible location for such rooms is the first basement of the General Assembly building in the area currently occupied by broadcast and studio facilities. </s>
	  <s n="119"> Such a reconfiguration would also provide added office and support facilities adjacent to the conference rooms. </s>
	</p>
	<p n="62">
	  <s n="120"> Creation of a new large conference room and a multi-function hall </s>
	</p>
	<p n="63">
	  <s n="121"> To relieve long-standing overutilization and pressure of scheduling meetings for the six committees of the General Assembly in five full-size conference rooms, it is proposed to add one more full-size conference room, with seating for 250 delegates, 250 advisers, 25 observers and 135 members of the press and public. </s>
	</p>
	<p n="64">
	  <s n="122"> In addition, with the Organization&apos;s increasing interaction with civil society, NGOs and the public, there are many requests for functions other than intergovernmental meetings, including concerts, lectures and special events. </s>
	  <s n="123"> A multi-function hall, with flexible-use design to accommodate up to 500 seats in a lecture configuration, exhibition space or raised stage performance, with appropriate audio-visual and technology services, is therefore proposed. </s>
	  <s n="124"> Such a hall would reduce the use of conference rooms as special events venues, and if properly located would improve access and openness without compromising security. </s>
	</p>
	<p n="65">
	  <s n="125"> In the previous report, it was suggested that the proposed new conference room and multi-purpose room be located in an area occupied by the satellite dish, by extending the south end of the Conference building. </s>
	  <s n="126"> However, since the south end of the Conference building extends over the FDR drive, it is no longer considered viable to build such an extension to the Conference building for security reasons. </s>
	  <s n="127"> It is instead proposed that the proposed rooms be integrated into the first basement space by reconfiguring the first and second basement garage areas immediately adjacent to the existing conference facilities. </s>
	  <s n="128"> Entry would be obtained from the first basement, opposite Conference Room 1. </s>
	</p>
	<p n="66">
	  <s n="129"> Consolidation of technology </s>
	</p>
	<p n="67">
	  <s n="130"> Currently, various computer servers and communications equipment rooms for different departments and functions are dispersed throughout the complex and in various office space areas. </s>
	  <s n="131"> It would be technically and operationally more effective to consolidate all such functions at a sub-basement level, providing a secure and appropriate environment while releasing space for appropriate use as office space. </s>
	</p>
	<p n="68">
	  <s n="132"> Rationalization of space utilization </s>
	</p>
	<p n="69">
	  <s n="133"> The location of major functions has been examined thoroughly. </s>
	  <s n="134"> The purpose of the examination was to determine the most appropriate locations for individual functions (printing, food service, meeting rooms, offices etc.), taking into account the different needs for infrastructure and building systems. </s>
	  <s n="135"> The locations of individual departments and their offices were not examined. </s>
	  <s n="136"> That issue will be addressed in the next design phase — design development. </s>
	  <s n="137"> The proposed plan includes the consolidation of similar functions, assigning locations that minimize the duplication of special infrastructure and avoiding the utilization of centrally located building space for functions that could be performed equally well elsewhere. </s>
	  <s n="138"> It also includes new office space planning guidelines designed to better utilize the good features of existing buildings and create a more open environment, with more space dedicated to team work and less space to individual offices, fewer planning standards and a more efficient and equitable space allocation, in accordance with the recommendations of the Joint Inspection Unit (see A/56/274). </s>
	  <s n="139"> In order to replace the mechanical and electrical infrastructure, the current office configurations would be demolished. </s>
	  <s n="140"> There is no capital cost difference between restoring the space back to the current office space configuration and following the new space guidelines. </s>
	  <s n="141"> Hence, the rationalization of space utilization is cost-neutral in the context of an overall refurbishment programme. </s>
	</p>
	<p n="70">
	  <s n="142"> The total amount of required office space has fluctuated over the course of the last 10 years, resulting largely from the expansion and contraction of peacekeeping operations, and is expected to continue to fluctuate from year to year. </s>
	  <s n="143"> For planning purposes, however, it is assumed that office space requirements will remain constant over the long term. </s>
	  <s n="144"> CMP aims at better use of existing space and consolidation, where possible, but does not envisage any increase or decrease in office space requirements. </s>
	</p>
	<p n="71">
	  <s n="145"> One challenging aspect of planning for major functions over the next 25 years is to predict the future space and infrastructure requirements for the printing plant and related functions. </s>
	  <s n="146"> The assumption made in the preliminary design phase is that the area required for long-term storage of documents can be drastically reduced through more efficient storage layouts and equipment and increased use of information technology. </s>
	  <s n="147"> It is assumed that the printing function, both for publications and for parliamentary documentation, will not change significantly in the near future. </s>
	  <s n="148"> However, in anticipation of a more decentralized and electronic system in the long term, adequate cabling and power are to be provided throughout the complex to meet the future need for high-speed printing at multiple locations. </s>
	</p>
	<p n="72">
	  <s n="149"> Improvements to public areas </s>
	</p>
	<p n="73">
	  <s n="150"> As in the previous report, proposed improvements to public areas include the reconfiguration of the General Assembly building visitors&apos; area to complement the proposed donation of a visitors&apos; experience pavilion in the North Lawn, connecting to the General Assembly First Basement, as well as various security-related improvements along the visitors&apos; tour route. </s>
	  <s n="151"> It is currently anticipated that the visitors&apos; experience project will begin conceptual design work in December 2002 in order to prepare further reports in response to General Assembly resolution 56/236. </s>
	  <s n="152"> That schedule would allow the integration and coordination of such improvements with design work for the refurbishment proposed herein for the existing buildings. </s>
	</p>
	<p n="74">
	  <s n="153"> Emergency repairs </s>
	</p>
	<p n="75">
	  <s n="154"> In addition to the planned scope of work listed above, it is anticipated that in the course of implementation existing building systems will continue to break down in areas outside those being renovated, so that emergency repairs will continue to be needed before core refurbishments can be implemented. </s>
	  <s n="155"> The cost of such work, which would ordinarily be included in section 31 of the regular budget, is expected to vary from $5 million to $36 million, depending on the construction phasing scheme adopted. </s>
	</p>
	<p n="76">
	  <s n="156"> The core refurbishment, essential improvements and emergency repairs described above together constitute the proposed baseline scope. </s>
	  <s n="157"> They represent the extent of refurbishment required to meet life safety and building codes and modern security requirements, make rational use of existing space and properly support the work of the Organization in a more efficient manner. </s>
	</p>
	<p n="77">
	  <s n="158"> Table 1 Estimated costs of baseline scope (Millions of United States dollars) </s>
	</p>
	<p n="78">
	  <s n="159"> Scope options </s>
	</p>
	<p n="79">
	  <s n="160"> A number of additional options have been developed for the scope of the refurbishment, in response to the General Assembly&apos;s request, including options for (a) greater safety and security, (b) greater degree of emergency backup provisions and (c) a higher level of sustainability. </s>
	  <s n="161"> The scope options are intended to bring the complex into the future in order not only to provide the baseline requirements for safety and functionality but to upgrade the complex to the level that would be considered appropriate for a new intergovernmental or governmental building complex. </s>
	  <s n="162"> The cost of adding all of the options to the baseline scope for the capital master plan is estimated at $180 million. </s>
	  <s n="163"> Many of those measures would be integral to the building systems, and hence would be difficult to implement except as part of an overall refurbishment programme. </s>
	</p>
	<p n="80">
	  <s n="164"> Additional security options </s>
	</p>
	<p n="81">
	  <s n="165"> Enhanced security provisions have been designed to further protect occupants from attacks on physical structures and building elements or against biological hazards intruding from First Avenue and FDR Drive, based on the assessment of potential threats. </s>
	  <s n="166"> Some of those proposed enhancements could fall within the purview of the host country&apos;s responsibilities, as defined in the host country agreement. </s>
	  <s n="167"> Consequently, the cost to the United Nations of those additional security options could be significantly less. </s>
	  <s n="168"> Those additional security provisions would include working with the host Government, state and city to fully or partially close First Avenue, or installing the necessary systems and equipment to be able to close First Avenue quickly; hardening the structure between the United Nations service drive and the adjacent FDR Drive; blast-proofing the General Assembly building; and increasing blast-resistant glazing. </s>
	  <s n="169"> In addition, to further safeguard the facilities against biological hazards, optional security provisions would also include moving all the remaining air intakes that are at or near the ground to higher levels, beyond those included for the General Assembly and Conference buildings in the baseline scope. </s>
	  <s n="170"> That question will be examined with the host Government as well as the host State and City of New York, should that option be selected by the General Assembly. </s>
	  <s n="171"> The estimated cost of such additional security measures is $30 million. </s>
	</p>
	<p n="82">
	  <s n="172"> Redundancy and contingency options </s>
	</p>
	<p n="83">
	  <s n="173"> Redundancy and contingency options would provide backup systems beyond those that are required by the current code and included in the baseline scope. </s>
	  <s n="174"> Such options are intended to allow the Organization to quickly and reliably resume normal activities after an interruption of services, such as a nearby power failure. </s>
	  <s n="175"> They also provide redundant building systems that allow the full functioning of communication and system controls even in the event of equipment failure. </s>
	  <s n="176"> Such additional measures are similar to those found in new buildings elsewhere addressing concerns for business continuity. </s>
	  <s n="177"> They include: </s>
	</p>
	<p n="84">
	  <s n="178"> (a) Installation of increased on-site emergency power capacity to serve the first basement corridors and three additional conference rooms, as well as all critical technical, controls, communication and data-storage equipment rooms, in addition to the spaces currently provided with full emergency power (currently, Conference Rooms 4, 5 and 6 and the Security Council Chamber have full emergency power). </s>
	  <s n="179"> Electrical power interruptions to the whole or part of the Headquarters complex can be caused by problems with electrical distribution from outside or within the complex. </s>
	  <s n="180"> In addition, voltage drops during high outside power demand periods can result in equipment failures or shutdown. </s>
	  <s n="181"> The best means to restore or maintain continuity of essential operations during loss of power or voltage reductions situations is to have sufficient on-site power-generating capacity through diesel and gas-powered generators that could help the facility to withstand such situations; </s>
	</p>
	<p n="85">
	  <s n="182"> (b) Installation of additional incoming electrical, steam and water service lines, so that the failure of one line allows essential operations to be maintained from other lines. </s>
	  <s n="183"> Under the host country building design practices, most buildings and complexes are provided with a single set of incoming utility and service lines that are backed up from multiple sources. </s>
	  <s n="184"> However, the piping and cabling infrastructures in New York City are ageing and overstressed during peak load periods. </s>
	  <s n="185"> As a result, problems resulting from leaks, ruptures or other failures of single lines are becoming more frequent and require longer periods to correct and restore normal service. </s>
	  <s n="186"> By providing backup lines for each of the essential services, buildings can be switched to alternative sources while the damaged source is repaired; </s>
	</p>
	<p n="86">
	  <s n="187"> (c) Installation of a second river water intake line to allow the central cooling plant equipment to continue to function if the existing line is damaged or needs to be shut down for maintenance. </s>
	  <s n="188"> Continuous supply of river water is necessary to operate the central cooling plant; </s>
	</p>
	<p n="87">
	  <s n="189"> (d) Installation of a cooling tower as an additional backup source for the central cooling plant to enable uninterrupted operations of critical technical facilities; </s>
	</p>
	<p n="88">
	  <s n="190"> (e) Installation of backup equipment for building communications systems. </s>
	  <s n="191"> Currently, building communications depend upon a single switch or service equipment and cabling. </s>
	  <s n="192"> Their failure would interrupt normal communication. </s>
	  <s n="193"> Backup equipment would avoid such occurrences; </s>
	</p>
	<p n="89">
	  <s n="194"> (f) Installation of smoke exhaust fans in mechanical equipment rooms to remove smoke more rapidly. </s>
	  <s n="195"> By making provision for exhausting smoke through building fans, the removal of smoke would be accelerated significantly; </s>
	</p>
	<p n="90">
	  <s n="196"> (g) Installation of a redundant firewater suppression line and tanks to ensure that one of the fire suppression sources would always be available; </s>
	</p>
	<p n="91">
	  <s n="197"> (h) Installation of distributed control points for electrical, mechanical and life safety systems to allow continued operation in the event of failure at the central facility, which would permit local control override to restore normal operations if the central control system became inaccessible or disabled. </s>
	</p>
	<p n="92">
	  <s n="198"> The estimated cost of the redundancy and contingency options is $75 million. </s>
	</p>
	<p n="93">
	  <s n="199"> Sustainable innovation options </s>
	</p>
	<p n="94">
	  <s n="200"> In keeping with the environmental goals of the Organization, the proposed baseline scope incorporates key measures for improving indoor air quality and working conditions, while simultaneously improving energy efficiency, water conservation, and materials and waste management. </s>
	  <s n="201"> In addition to the baseline scope, there are emerging technologies and building equipment and systems designs that further promote sustainable practices and can further reduce resource consumption, waste and impact on the environment. </s>
	  <s n="202"> Some of those technologies are already being applied, while others are actively being tested, and by the time the refurbishment of the United Nations complex commences they may already be in common use and essential. </s>
	  <s n="203"> Sustainable innovation options include: </s>
	</p>
	<p n="95">
	  <s n="204"> (a) Purchase of utilities generated from “green” or “renewable” sources. </s>
	  <s n="205"> Currently, power supplied to the Headquarters complex comes from coal, fuel, gas-fired and nuclear or hydroelectric power plants. </s>
	  <s n="206"> Most power companies are currently installing green or renewable wind powered or solar geothermal plants, and would provide metred amounts of green power at 5 to 10 per cent premium generating costs; </s>
	</p>
	<p n="96">
	  <s n="207"> (b) Use of on-site renewable or alternate energy and water conservation sources, such as solar and photovoltaic cells, small windmills, biomass organic sources and harvesting of rainwater. </s>
	  <s n="208"> These are emerging technologies that can facilitate the on-site generation of renewable energy, with greater reliability and less adverse impact on the environment; </s>
	</p>
	<p n="97">
	  <s n="209"> (c) Completing the replacement of existing curtain walls with more energy-efficient curtain walls;4 </s>
	</p>
	<p n="98">
	  <s n="210"> (d) Use of super-efficient heating, cooling and electrical equipment, incorporating heat-recovery, free cooling, natural ventilation and greater local controls. </s>
	  <s n="211"> The baseline scope includes high-efficiency equipment. </s>
	  <s n="212"> However, with 5 to 20 per cent incremental costs, equipment with much greater efficiency with improved local controls can be provided; </s>
	</p>
	<p n="99">
	  <s n="213"> (e) Biological and chemical contamination controls. </s>
	  <s n="214"> Traditional biological and chemical contamination controls are included in the baseline scope. </s>
	  <s n="215"> With this optional provision, critical areas would be provided with higher-efficiency filters and more supervised controls of air circulation; </s>
	</p>
	<p n="100">
	  <s n="216"> (f) Further reduction of storm water run-off. </s>
	  <s n="217"> By providing on-site water holding or porous facilities, most of the rain/storm water would be retained for irrigation and other purposes; </s>
	</p>
	<p n="101">
	  <s n="218"> (g) Use of construction materials with higher recycled/renewable materials content; </s>
	</p>
	<p n="102">
	  <s n="219"> (h) Extra measures to further reduce construction waste by contractually requiring all contractors to send recycled materials to shops that reuse such materials. </s>
	</p>
	<p n="103">
	  <s n="220"> The estimated cost of the sustainable innovation options is $75 million. </s>
	</p>
	<p n="104">
	  <s n="221"> E. Scope: summary </s>
	</p>
	<p n="105">
	  <s n="222"> The baseline scope of the refurbishment work described above includes core refurbishment and improvements in the areas of meeting facilities, conference and multifunction spaces, technology spaces and public areas used by visitors, as well as rationalizing the use of space. </s>
	  <s n="223"> The cost of the baseline scope is estimated to range from $991 million to $1,094 million. </s>
	  <s n="224"> In addition, three scope options (additional security options, redundancy and contingency options, and sustainable innovation options) have been proposed, at an estimated additional cost of up to $180 million. </s>
	  <s n="225"> In order to proceed with the capital master plan, the scope of the work should be established, which would involve two elements: (a) concurrence with the baseline scope, and (b) selection of scope options that should be added to the baseline scope. </s>
	  <s n="226"> It is the recommendation of the Secretary-General that the baseline scope be considered a prudent minimum approach, and that the scope options be included as well in order to position the United Nations Headquarters complex to best meet the needs of the future. </s>
	</p>
	<p n="106">
	  <s n="227"> Table 2 Estimated costs of baseline scope and scope options (Millions of United States dollars) </s>
	</p>
	<p n="107">
	  <s n="228"> F. Phasing and swing space </s>
	</p>
	<p n="108">
	  <s n="229"> The selected scope of work can be implemented in a number of different ways, and the need for temporary swing space will change accordingly. </s>
	  <s n="230"> In addition, phasing and swing space availability will influence the cost and duration of the project, the ability to control the risk of cost overruns, and the degree of disruption, inconvenience and dispersal required during refurbishment. </s>
	</p>
	<p n="109">
	  <s n="231"> In the previous report, three options were presented for phasing the refurbishment — a three-year, a six-year and a 12-year option. </s>
	  <s n="232"> The recommended six-year option envisaged the work being carried out in small increments, with the United Nations maintaining full activities on site for both conferences and the work of the Secretariat. </s>
	  <s n="233"> The swing space requirement for conferences and meetings was to be met through the construction on site of one large conference room, one multi-purpose room and three mid-size meeting rooms. </s>
	  <s n="234"> Swing space for the Secretariat was envisaged through leasing from UNDC, with options for commercial leasing or construction. </s>
	  <s n="235"> Two types of construction options were proposed: an addition to an existing building, such as the Secretariat, Dag Hammarskjöld Library or South Annex buildings, or the construction of a new building in either the North Lawn or South Annex areas. </s>
	</p>
	<p n="110">
	  <s n="236"> In contrast, under the current preliminary phase, the phasing and swing space alternatives were developed based on detailed construction schedules, specific logistics plans and more detailed consideration of the requirements for maintaining operations. </s>
	  <s n="237"> The three-year option was found to be unrealistically short and the 12-year option unnecessarily long, without any corresponding advantages. </s>
	  <s n="238"> The viable alternatives developed from among the myriad of options for phasing were focused on maintaining the schedule of conferences and the work of the Secretariat. </s>
	  <s n="239"> The most challenging task was to find a practical swing space option for the functions of the General Assembly and Conference buildings. </s>
	</p>
	<p n="111">
	  <s n="240"> It has since been determined that there are two possible fundamental approaches to the implementation of major refurbishment work. </s>
	  <s n="241"> One approach is to vacate as much of the site as possible and perform the work as quickly as possible, which would necessitate substantially larger swing space. </s>
	  <s n="242"> The other approach is to perform the work in smaller increments and relocate staff and functions as needed so that refurbishment could be completed in a given number of floors at a time in each building. </s>
	  <s n="243"> Viable alternatives have been developed using the two different approaches, as set out below. </s>
	</p>
	<p n="112">
	  <s n="244"> First approach </s>
	</p>
	<p n="113">
	  <s n="245"> The first approach is to relocate all possible functions for the duration of the construction, including all conferences and the work of the Secretariat. </s>
	  <s n="246"> This approach was not contemplated in the original CMP 2000. </s>
	  <s n="247"> Due to the large swing space requirements that result from this phasing alternative, particularly the continuous requirement for meeting facilities, it was found that the only feasible method for the implementation of this option would be through significant assistance from the host city. </s>
	  <s n="248"> In that connection, in July 2002 the City of New York indicated its willingness to consider the construction by UNDC of a new building of approximately 750,000 to 800,000 square feet (ft2) (69,680 to 74,320 square metres (m2)) immediately south of the United Nations Headquarters complex, between 41st and 42nd Streets. </s>
	  <s n="249"> Such a building would provide significant swing space and house the majority of both Secretariat and conference and meeting room functions during the refurbishment of the entire Headquarters complex. </s>
	  <s n="250"> In total, approximately 2,800 United Nations staff from the Secretariat building would be temporarily relocated to the new building. </s>
	</p>
	<p n="114">
	  <s n="251"> Under this approach, after completion of CMP, the new UNDC building would be used to consolidate the currently leased space in the UNDC-1 and UNDC-2 buildings, as well as existing overflow offices located in commercially leased premises, with the objective of securing leasing costs comparable to the current UNDC buildings. </s>
	  <s n="252"> The existing leases in UNDC-1 and UNDC-2 would then be concluded. </s>
	  <s n="253"> The UNDC-1 and UNDC-2 buildings currently contain approximately 670,000 ft2 (62,250 m2) of United Nations and United Nations Development Programme leased space. </s>
	  <s n="254"> The United Nations also leases 161,000 ft2 (14,960 m2) of office space in commercial buildings in surrounding areas as of July 2002. </s>
	  <s n="255"> The proposed new building would have a more efficient floor plate than the current UNDC-1 and UNDC-2 buildings, and would be able to accommodate the same number of people in slightly less space. </s>
	  <s n="256"> That consolidation of the existing widely dispersed offices would result in a more efficient operation, with no net addition in leased space. </s>
	  <s n="257"> Performing the refurbishment work on a largely unoccupied site would substantially reduce the time, cost and potential for cost overruns and delays. </s>
	  <s n="258"> It would also reduce the perceived risk of exposure to hazardous materials. </s>
	  <s n="259"> The estimated duration of the capital master plan under this approach is less than five years. </s>
	  <s n="260"> In the event that the planned new building materializes, UNDC may exercise its option to dispose of the UNDC-1 and UNDC-2 buildings. </s>
	  <s n="261"> The cost of the swing space is estimated at $96 million, assuming that an area of 800,000 ft2 (74,320 m2) is leased at $30 per ft2 for four years, including fit-out and moving costs. </s>
	</p>
	<p n="115">
	  <s n="262"> It should also be noted that if the proposed new building is constructed by UNDC, the new large conference room similar in size to Conference Room 1 and the multi-function hall that are included in the baseline scope (see paras. </s>
	  <s n="263"> 21-23 above) could be provided instead in the new building on a permanent basis. </s>
	  <s n="264"> That would result in a reduction of $57 million in the cost of the baseline scope but would also incur lease cost, which is currently estimated at $1.5 million per year. </s>
	</p>
	<p n="116">
	  <s n="265"> Second approach </s>
	</p>
	<p n="117">
	  <s n="266"> The second approach is to perform the work in increments, as envisaged in the original capital master plan. </s>
	  <s n="267"> By creating a large conference room, a multi-function hall (temporarily adapted for meetings) and three mid-sized 60-person meeting rooms first, the refurbishment of the General Assembly and Conference buildings could be undertaken in small phases, using night and weekend construction. </s>
	  <s n="268"> Under this approach, there would be no need for the construction of a large building, as contemplated under the first approach with the cooperation of the City of New York. </s>
	  <s n="269"> The estimated duration of the capital master plan under this approach is six years. </s>
	</p>
	<p n="118">
	  <s n="270"> For office swing space in the incremental second approach, one solution is to immediately replace the South Annex building, which currently houses the cafeteria, with a four-storey building of 110,000 ft2 (10,220 m2), matching the height of the Dag Hammarskjöld Library and the Conference building. </s>
	  <s n="271"> This is a location with minimal architectural impact, which would serve to alleviate part of the long-term space needs after construction. </s>
	  <s n="272"> With other internal relocations, and supplemental commercial leasing of another 110,000 ft2 (10,220 m2), this would allow the Secretariat to be refurbished in increments averaging 10 floors. </s>
	  <s n="273"> The cost of a new South Annex building and related leasing for swing space would be $66 million. </s>
	  <s n="274"> Remaining buildings would be phased through internal relocations. </s>
	  <s n="275"> Upon completion of the capital master plan, the new South Annex building would add 46,000 ft2 (4,274 m2) of office space, which would correspondingly decrease the need for commercially leased space. </s>
	  <s n="276"> One option in the design of the new South Annex building would be to consolidate kitchen operations and relocate the cafeteria to the 4th floor, upon completion of the capital master plan, which would also allow increased cafeteria seating. </s>
	</p>
	<p n="119">
	  <s n="277"> Other options considered for swing space included a new building of approximately 200,000 ft2 (18,580 m2) on the northern portion of the United Nations site, to be used as temporary meeting space during construction and to serve in the long term as a location for the consolidation of overflow offices currently located in commercial space. </s>
	  <s n="278"> However, that location would permanently impact the north garden and be a significant loss of green space for both the United Nations community and the surrounding neighbourhood. </s>
	  <s n="279"> It is not considered an appropriate or feasible alternative. </s>
	  <s n="280"> Additions to existing buildings, which were considered in the previous report, have been reviewed and found to be destructive to the harmony of the architectural composition of the complex as a whole. </s>
	  <s n="281"> Commercial leasing remains an alternative but has no long-term advantages and comes at market prices over which the United Nations has no influence. </s>
	</p>
	<p n="120">
	  <s n="282"> The second approach would cause the least disruption of the meeting programme. </s>
	  <s n="283"> However, the risk of cost overruns, delays, disturbance and perceived risk of exposure to asbestos is the highest in this scenario. </s>
	  <s n="284"> The cost of the respective scenarios, including swing space, is shown in table 3, in relation to the updated reactive approach and the CMP 2000 proposal. </s>
	</p>
	<p n="121">
	  <s n="285"> The two approaches vary slightly in terms of energy savings, because the first approach would allow completion in less than five years whereas the second approach would require at least a six-year construction period. </s>
	  <s n="286"> However, in either case the energy savings over 25 years as a result of more efficient equipment and the introduction of an automated building control system are conservatively estimated at $241 to $251 million, in comparison to the reactive approach. </s>
	  <s n="287"> The avoided cost is shown in table 4. </s>
	</p>
	<p n="122">
	  <s n="288"> Management </s>
	</p>
	<p n="123">
	  <s n="289"> The management requirements for the remaining phases of the capital master plan are projected to involve three major components, whose roles would change in the different phases. </s>
	  <s n="290"> A context diagram is provided in annex I. </s>
	  <s n="291"> The current preliminary design phase would be followed by two more design phases: design development and construction documentation. </s>
	  <s n="292"> Following the completion of construction documentation, the competitive procurement process, in accordance with the Financial Regulations and Rules of the United Nations, would be used to establish contracts for the construction work, which would probably be divided into several separate contracts, both to open the bidding process to more firms and to allow early bidding for the initial phases of the construction work. </s>
	  <s n="293"> The construction phase would then be implemented. </s>
	</p>
	<p n="124">
	  <s n="294"> Table 3 Estimated costs of construction, emergency work and swing space (Millions of United States dollars) </s>
	</p>
	<p n="125">
	  <s n="295"> a Not refurbished: cost of demolition and replacement included in swing space. </s>
	</p>
	<p n="126">
	  <s n="296"> b Included above. </s>
	</p>
	<p n="127">
	  <s n="297"> Table 4 Overall estimated costs, including avoided costs: baseline scope, swing space, 25-year energy costs and scope options (Millions of United States dollars) </s>
	</p>
	<p n="128">
	  <s n="298"> The management structure of the capital master plan would consist of three main components: the CMP programme management group, the architectural and engineering team, and the construction management team. </s>
	  <s n="299"> In the design development and construction documentation phases, the architectural and engineering design team would take the substantive lead, with the Construction Manager providing advice. </s>
	  <s n="300"> In the final two phases, procurement and construction, the Construction Manager would take the lead, in particular in the construction phase, when the Construction Manager would direct the construction contractor(s). </s>
	  <s n="301"> Throughout all phases of implementation, the CMP programme management group would provide oversight for the architectural and engineering design team and the Construction Manager, and would manage the entire process, including budget, schedule, cost and quality control, with the support of an outside consulting firm. </s>
	</p>
	<p n="129">
	  <s n="302"> In order to implement the capital master plan, it is vital that a dedicated United Nations programme management group be established with adequate resources and specialized expertise, and that that group be empowered to operate with sufficient autonomy and maximum flexibility. </s>
	  <s n="303"> The capital master plan will be a time-limited and mission-specific endeavour, and the group should therefore not be a permanent addition to the existing organizational structure. </s>
	  <s n="304"> The group should be empowered to take decisions in a timely fashion in consultation with concerned departments, as appropriate. </s>
	  <s n="305"> The adequacy of the programme management group would be a significant factor in the successful delivery of the capital master plan at the planned budget, schedule and quality levels. </s>
	  <s n="306"> The experience of organizations which have gone through similar refurbishment projects underscores the importance of such arrangements. </s>
	</p>
	<p n="130">
	  <s n="307"> The management group would be headed by a senior United Nations official. </s>
	  <s n="308"> In addition to the overall supervision of the capital master plan project, the concerned senior official would act as the special representative of the Secretary-General for the proposed advisory board and the visitors&apos; experience project, which are described in detail below in paragraphs 66 and 53, respectively. </s>
	</p>
	<p n="131">
	  <s n="309"> Based on the experience of other organizations, and on expert advice, it is anticipated that the group would consist of approximately 40 staff at the peak of construction, including temporary project personnel and consultants, beginning with a group of 20 during the design development and construction documentation phases. </s>
	  <s n="310"> The group would carry out the management and supervision, cost control, overall user coordination, schedule responsibility, resource mobilization and liaison functions. </s>
	  <s n="311"> It would include a technical director and deputy director, a special assistant to the senior official, senior project managers, programme control specialists, procurement planning professionals, and specialists covering cost management, contract management, scheduling, quality control, accounting, cost engineering, budget and direct support services. </s>
	  <s n="312"> The programme management group would receive support from concerned offices and departments in the areas of legal services, treasury, human resources, procurement, public information, conference services, and other services. </s>
	  <s n="313"> The structure of the proposed programme management group is shown in annex II. </s>
	</p>
	<p n="132">
	  <s n="314"> The programme management group would also be responsible for the implementation of the visitors&apos; experience project once it is approved by the General Assembly. </s>
	  <s n="315"> It would work closely and coordinate fully with the concerned departments, particularly the Departments of Management, General Assembly and Conference Management, and Public Information, as well as the potential donor, UNA/USA. </s>
	</p>
	<p n="133">
	  <s n="316"> The architectural and engineering design team would be responsible for the completion of the design phases (design development and construction documentation), and for providing professional advice and support during the procurement and construction phases of the capital master plan. </s>
	  <s n="317"> At the request of the United Nations, the architectural and engineering group selected for the preliminary design phase could continue to provide professional services throughout the subsequent phases of the capital master plan. </s>
	</p>
	<p n="134">
	  <s n="318"> Depending on the direction of phasing and swing space, different construction management scenarios would be appropriate. </s>
	  <s n="319"> In general, scenarios involving greater control on the part of the Construction Manager and construction contractors, such as a new building or a vacant site, would result in greater potential profit for the construction team and therefore a greater willingness to take financial risk and responsibility. </s>
	  <s n="320"> Scenarios involving occupied premises would probably require greater United Nations responsibility, greater final cost and less possibility of using financial incentives to reduce the project time frame. </s>
	  <s n="321"> The construction management approach and the construction management team would be selected after the direction of the project has been determined by the General Assembly. </s>
	</p>
	<p n="135">
	  <s n="322"> The cost of the three management components of the capital master plan — the architectural and engineering team, the construction management team and the CMP programme management group — would account for approximately 16 per cent of the total cost and is included in the capital master plan project budget, in the amount of $22.5 million in the first year and $22.0 million in the second year of the remaining design phases, when the bulk of the architectural and engineering design fees would be required. </s>
	</p>
	<p n="136">
	  <s n="323"> The implementation of the capital master plan would have an impact on many activities of the Organization. </s>
	  <s n="324"> Some activities would inevitably be curtailed or scaled down during the construction period, such as services to visitors, special events and special sessions of the General Assembly. </s>
	  <s n="325"> Other activities would be difficult to conduct during certain periods of the construction and might be temporarily held at other locations. </s>
	  <s n="326"> In order to avoid undue impact on delegates, staff, visitors and activities of the Organization, the impact of each phase of construction would be carefully assessed and a plan developed for each phase. </s>
	  <s n="327"> That might involve temporary adjustments in activities, redeployment of staff and other solutions. </s>
	  <s n="328"> The development of such a plan would require time and effort from each department and office of the Secretariat. </s>
	</p>
	<p n="137">
	  <s n="329"> Cost overruns </s>
	</p>
	<p n="138">
	  <s n="330"> In its resolution 55/238 IV on the capital master plan, the General Assembly requested that details of measures to prevent cost overruns be identified and reported thereon. </s>
	  <s n="331"> Cost overruns on capital construction projects result mainly from one or more of the following factors: </s>
	</p>
	<p n="139">
	  <s n="332"> (a) Incomplete and inaccurate budgeting; </s>
	</p>
	<p n="140">
	  <s n="333"> (b) Inadequate contingencies for unforeseen factors, particularly in the renovation of occupied buildings; </s>
	</p>
	<p n="141">
	  <s n="334"> (c) Programme changes to the designs requested by the owner, in this case the United Nations, during the construction documentation and construction phases; </s>
	</p>
	<p n="142">
	  <s n="335"> (d) Incomplete or poorly coordinated construction documents; </s>
	</p>
	<p n="143">
	  <s n="336"> (e) Delays caused by owner inactions, typically resulting from the lack of flexibility required to make prompt decisions, or by an overly complex decision-making process. </s>
	</p>
	<p n="144">
	  <s n="337"> The measures proposed to prevent each potential cause of cost overruns are described below. </s>
	</p>
	<p n="145">
	  <s n="338"> The budget for the capital master plan has been prepared by the design team, based on a full and complete analysis of the existing conditions of the United Nations complex. </s>
	  <s n="339"> The specialty firm responsible for the estimate is a large construction company familiar with the local market, and was in fact among the firms involved in the construction of the three original Headquarters buildings. </s>
	  <s n="340"> In compiling the budgets, the design team has adopted a prudent and conservative approach.5 In addition, the estimates were reviewed independently by a separate construction management firm based in New York City, and adjustments made accordingly. </s>
	</p>
	<p n="146">
	  <s n="341"> A design and planning contingency of 15 per cent is included in the estimates to account for the cost changes that will occur during the development of more detailed designs. </s>
	  <s n="342"> In addition, a construction contingency has been calculated to take account for the fact that the renovation will be a public sector project, located in a busy construction market, with the specific challenges of construction work in New York City. </s>
	  <s n="343"> The construction contingency is set at 10 per cent in the first approach and 15 per cent for the second approach, reflecting the greater difficulty of refurbishment of occupied premises on an operating site. </s>
	  <s n="344"> Notwithstanding the contingency provisions as well as prudent cost estimates for the entire capital master plan, it is the strong advice of other experienced organizations that, for budgeting and appropriation purposes, preliminary phase estimates be considered the mid-point of a cost range that could reasonably increase or decrease by 10 per cent. </s>
	  <s n="345"> It is believed that that consideration is especially relevant for the United Nations in view of its budgeting and appropriation process. </s>
	</p>
	<p n="147">
	  <s n="346"> Programme changes can be controlled by a management team that ensures that the designs meet user requirements appropriately, and by a firm policy of avoiding additions to the scope after the design development phase. </s>
	  <s n="347"> The accuracy of the construction documents can also be improved through quality control measures taken by the CMP management team during the design process, and through independent reviews by the Construction Manager. </s>
	</p>
	<p n="148">
	  <s n="348"> If the United Nations complex can be largely vacated and full control over the construction work given to the construction management team, the risk of delays and hence cost overruns would be substantially reduced. </s>
	  <s n="349"> In such a scenario, in which the Construction Manager were given complete control of the site, the United Nations would have the opportunity to use financial incentives to reduce the project duration. </s>
	  <s n="350"> Opportunities would also exist to segment the site and enable the construction work to be performed by more than one general contractor, which would increase competition by enabling smaller firms to compete for parts of the construction work. </s>
	  <s n="351"> All those factors have implications for the ultimate cost of the capital master plan and have led to the recommendation of the variance of 10 per cent mentioned in paragraph 60 above. </s>
	</p>
	<p n="149">
	  <s n="352"> Financing </s>
	</p>
	<p n="150">
	  <s n="353"> In the previous report, three possible sources of funding were mentioned: special assessments, the programme budget and voluntary contributions, in cash or in kind, from public and private sources. </s>
	  <s n="354"> As to financing options, consideration was given to a cash payment option and deferred payment options, including interest-free loans from Member States and the possibility of commercial borrowing through bond issue. </s>
	  <s n="355"> Those possible sources of funding and financing options remain valid. </s>
	</p>
	<p n="151">
	  <s n="356"> The United Nations Headquarters complex was built through a gift of $8.5 million (equivalent to $72.6 million in year 2000 dollars) from John D. </s>
	  <s n="357"> Rockefeller Jr., which enabled the Organization to purchase the land; in-kind provisions of land, access and improvements to surrounding streets from the City and State of New York; and an interest-free loan of $65.0 million (equivalent to $449.2 million in year 2000 dollars) provided by the host Government for the construction and furnishing of the Headquarters buildings. </s>
	  <s n="358"> That loan was repaid through the regular programme budget over a 31-year period from 1951 to 1982. </s>
	</p>
	<p n="152">
	  <s n="359"> Bearing those precedents in mind, for the purpose of the present report it is anticipated that financing would follow the 1951 model of an interest-free loan, to be repaid through the regular programme budget over a period of 25 to 30 years. </s>
	  <s n="360"> Such an arrangement would enable the potential savings in utility costs gained from the implementation of the capital master plan to be used to assist in the repayment of the interest-free loan. </s>
	  <s n="361"> Possible annual debt service would amount to $36 to 47 million, depending on the repayment period selected and phasing options chosen. </s>
	</p>
	<p n="153">
	  <s n="362"> An advisory board, which was originally referred to as a financial advisory board in the previous report, is currently being formed to advise the Secretary-General on financing matters and to provide advice on overall project issues. </s>
	  <s n="363"> The Secretary-General is also prepared to initiate a campaign to secure private donations, with the assistance of the advisory board. </s>
	  <s n="364"> Although the core refurbishment of the existing premises, with its heavy emphasis on infrastructure improvements, may not be appealing to private donors, some aspects of the capital master plan may be of interest. </s>
	  <s n="365"> Any private donations will have to conform to the international and intergovernmental character of the Organization and its financial regulations and rules. </s>
	</p>
	<p n="154">
	  <s n="366"> Notwithstanding his preparedness to engage in the mobilization of public and private resources, the Secretary-General is mindful that such donations cannot be relied upon as a main component of the financing package for the capital master plan. </s>
	  <s n="367"> First, the refurbishment of largely unseen infrastructure is unlikely to be an attractive proposition for donors. </s>
	  <s n="368"> Second, phasing and schedule will be a key determinant of the refurbishment cost. </s>
	  <s n="369"> It should be noted that the cost of CMP will escalate at the rate of $35 to $40 million per year in the event of delay. </s>
	  <s n="370"> Thus, unless donations become available in a timely fashion without the need for modification to the phasing, they could in fact cost the United Nations more. </s>
	  <s n="371"> Furthermore, resource mobilization from private sources will probably compete with that for the visitors&apos; experience project, for which UNA/USA is taking the initiative, following the favourable reaction of the General Assembly at its fifty-sixth session. </s>
	</p>
	<p n="155">
	  <s n="372"> During the original construction of the Headquarters complex some 50 years ago, special donations have received for the interiors of the Council Chambers and other significant spaces. </s>
	  <s n="373"> Similarly, gifts continue to be received from Governments and private sources alike to upgrade or refurbish the existing facilities. </s>
	  <s n="374"> Recent examples include a donation from a Member State for the upgrading of the Economic and Social Council Chamber, an anonymous private donation for the auditorium of the Dag Hammarskjöld Library, and an upgrade of Room GA-200 behind the General Assembly Plenary Hall, which is under consideration by a Member State. </s>
	  <s n="375"> Under the circumstances and taking into account the precedents cited above, the Secretary-General believes that the primary emphasis of his fund-raising efforts should continue to be for upgrading of specific Headquarters facilities, such as chambers, meeting rooms and public areas, rather than for the core refurbishment as such, and that the implementation of the capital master plan should not be conditional on the realization of voluntary contributions. </s>
	</p>
	<p n="156">
	  <s n="376"> In the previous report (see A/55/117, paras. </s>
	  <s n="377"> 81-88 and annex), the option of outside commercial borrowing through bond issue was examined in detail. </s>
	  <s n="378"> Without any doubt, that option is less preferable than interest-free loans or voluntary donations because of interest costs and the institutional and legal requirements to support that financing option. </s>
	  <s n="379"> However, in view of the substantial savings that would arise from the implementation of the capital master plan in the form of avoided capital and energy costs, as compared with the continuation of the reactive approach, that option remains valid. </s>
	  <s n="380"> With the estimated cost of the updated reactive approach starting at $2,088 million and the estimated cost of the capital master plan starting at between $1,688 million and $1,771 million, including estimated energy and swing space costs as shown in table 4, the avoided cost is estimated to be within the range of $317 to $400 million, as compared with the forecast in the previous report of $354 million, for a 25-year period. </s>
	  <s n="381"> That sum could be used to cover the interest costs of commercial borrowing on the same basis as bond issues, as described in the annex to the previous report. </s>
	</p>
	<p n="157">
	  <s n="382"> Implementation </s>
	</p>
	<p n="158">
	  <s n="383"> Since the preliminary design phase has been completed, with the identification of the two viable approaches, including the proposed swing space arrangements with the City of New York, the implementation of the capital master plan could be initiated as soon as the General Assembly completes its review of the Secretary-General&apos;s proposal. </s>
	  <s n="384"> Given the magnitude of financing involved, the General Assembly may wish to authorize the Secretary-General to proceed first with the design phases of design development and construction documentation, from the Construction (A) portion of section 31 of the regular budget. </s>
	  <s n="385"> The detailed design work, the management of the design work, including the establishment of a dedicated CMP programme management team, associated support costs and the retention of the Construction Manager are estimated to cost $22.5 million for 2003 and $22.0 million for 2004. </s>
	  <s n="386"> In the event that the General Assembly authorizes any of the additional scope options, there will be a need for additional appropriation of up to $12.0 million for 2003 and 2004 combined. </s>
	</p>
	<p n="159">
	  <s n="387"> Once the design development and construction documentation phases are under way and the required financing is secured, the procurement action for the refurbishment and construction could be initiated as early as July 2004, assuming a design development start date of January 2003. </s>
	  <s n="388"> Procurement could be followed by the initial phases of construction immediately thereafter, in October 2004. </s>
	  <s n="389"> The initial phase would require approximately one year and would involve infrastructure work and procurement. </s>
	  <s n="390"> Relocation of meetings or offices would not be required in the initial phase. </s>
	</p>
	<p n="160">
	  <s n="391"> It is the current assessment of the City of New York that the required swing space in the proposed new UNDC building could be made available for occupancy by the United Nations in September 2005, assuming that the City completes its rezoning and other requirements within the next 12 months. </s>
	  <s n="392"> Once the relocation of conferences and meetings and Secretariat offices to the planned swing space is completed, actual on-site construction could start in the Headquarters complex. </s>
	</p>
	<p n="161">
	  <s n="393"> In the event that the provision of swing space by the City of New York did not materialize, it would be necessary to adopt the second approach for phasing and swing space. </s>
	  <s n="394"> Given the time sensitivity of the capital master plan implementation — i.e., cost increases of $35 to $40 million per year from delays — it is recommended that the second approach be approved in advance as a fall-back position, along with the first approach, so that a timely decision could be made to adopt the second approach if necessary. </s>
	</p>
	<p n="162">
	  <s n="395"> Conclusion </s>
	</p>
	<p n="163">
	  <s n="396"> The Secretary-General believes that a thorough review of the capital master plan has been completed addressing all issues highlighted by the General Assembly in its resolution 55/238, and that a decision can be made by the General Assembly at its fifty-seventh session for the implementation of the planned refurbishment of the United Nations Headquarters complex in New York, subject to a satisfactory consideration of financing. </s>
	</p>
	<p n="164">
	  <s n="397"> At the request of the United States Congress and with the concurrence of the United Nations, the United States General Accounting Office reviewed the capital master plan project from February to June 2001.6 The Office concluded, under the heading “Results in brief” of its report entitled “U.N. </s>
	  <s n="398"> Headquarters Renovation”, that the “renovation planning efforts to date, including the cost estimate, are reasonable” and “have conformed to industry best practices.”7 It is expected that the Office will assess CMP again in September 2002. </s>
	</p>
	<p n="165">
	  <s n="399"> In theory, the reactive approach to continue major maintenance and repair on an ongoing basis through the biennial budget could remain as an option at least in the short term. </s>
	  <s n="400"> In practice, however, that is not an option both substantively and financially. </s>
	  <s n="401"> Delegates, staff and visitors will increasingly be subjected to serious safety and security hazards. </s>
	  <s n="402"> The work of the Organization is expected to be progressively interrupted by building, equipment and system failures. </s>
	  <s n="403"> The existing facilities will not be able to cope with the continually growing demands of Member States, civil society and the public for the Organization. </s>
	  <s n="404"> In budgetary terms, the reactive approach will not be sustainable in the long run because the cost of major maintenance and emergency repair, as well as of energy, will become prohibitively high within the next few years, as already pointed out in the previous report. </s>
	  <s n="405"> Worse still, in spite of substantial expenditures, which are now estimated to reach $2,088 million over the next 25 years, serious deficiencies in building and safety codes, security, hazardous materials, universal accessibility and energy efficiency will remain. </s>
	</p>
	<p n="166">
	  <s n="406"> Accordingly, the Secretary-General has concluded that there is no choice but to proceed with the implementation of the capital master plan. </s>
	  <s n="407"> The only question remaining is how to implement the refurbishment programme in the most efficient and cost-effective manner. </s>
	  <s n="408"> There are basically two ways to implement the capital master plan. </s>
	  <s n="409"> One is to vacate most if not all of the headquarters complex and to carry out the refurbishment programme as expeditiously as possible. </s>
	  <s n="410"> That approach, while very attractive, was not seriously considered initially because of the substantial requirement for swing space for the General Assembly and Conference buildings, as well as the Secretariat building. </s>
	  <s n="411"> The recent proposal by the host City of New York, however, has drastically changed the situation. </s>
	  <s n="412"> The other approach advocated in the previous report was to carry out the planned refurbishment in an incremental manner, with a minimum of swing space requirements. </s>
	  <s n="413"> That approach continues to be technically and environmentally valid. </s>
	  <s n="414"> Without doubt, the first approach is the most desirable from the standpoints of the possible impact of the refurbishment programme on the Organization&apos;s work, the project cost and duration, cost overruns and the perceived environmental implications for delegates, staff and visitors during the implementation. </s>
	</p>
	<p n="167">
	  <s n="415"> Recently, it has become clear that the host City of New York is prepared to render as much support as possible for the Organizations&apos; capital master plan effort. </s>
	  <s n="416"> In fact, the City has indicated that every effort will be made for UNDC to construct a new building large enough to house most if not all the Secretariat offices and conference and meeting rooms on the site located immediately south of the United Nations Headquarters complex. </s>
	  <s n="417"> Upon completion of the capital master plan, that building could be used to consolidate the current United Nations offices located in the UNDC-1 and UNDC-2 and other commercially leased buildings. </s>
	  <s n="418"> The City has indicated that it must take a number of public approval actions before a decision may be taken to proceed with such construction. </s>
	</p>
	<p n="168">
	  <s n="419"> The cooperation of the host City of New York is indeed a welcome development. </s>
	  <s n="420"> I would make the first approach to phasing and swing space viable and possible. </s>
	  <s n="421"> There are numerous advantages in that approach. </s>
	  <s n="422"> It would reduce the cost of the capital master plan by $73 million in comparison to the second approach; shorten the refurbishment period by at least one year; minimize the possibility of cost overruns; and substantially mitigate the impact of the refurbishment programme on the Organization&apos;s work. </s>
	</p>
	<p n="169">
	  <s n="423"> The Secretary-General believes that it is prudent for the Organization to maintain the second approach as a fall-back position, pending the outcome of the host city&apos;s efforts, which will become known within the next 12 months. </s>
	  <s n="424"> In the incremental second approach, a decision is needed for the construction of swing space for both the Secretariat and the General Assembly and Conference buildings. </s>
	  <s n="425"> It is the considered opinion of the Secretary-General that the construction of a four-story new building on the site of South Annex building would significantly improve the functionality of the Headquarters complex, in addition to serving as a good location for on-site swing space. </s>
	  <s n="426"> Through the relocation of various other building functions, it is possible to construct one large conference room and one large multipurpose room in the current garage areas in the First and Second Basements, while maintaining the current number of parking spaces elsewhere in the basement. </s>
	</p>
	<p n="170">
	  <s n="427"> The Secretary-General believes that, as a minimum, the capital master plan should be implemented on the basis of the baseline scope, which consists of core refurbishment and essential improvements. </s>
	  <s n="428"> Recognizing, however, that the capital master plan represents a one-time opportunity, serious consideration should be given to proceeding with the implementation of the additional scope options for the proposed security enhancements, additional redundancy in building systems and equipment, and sustainable and green renovation so that the United Nations complex can be equipped well into the twenty-first century. </s>
	</p>
	<p n="171">
	  <s n="429"> The Secretary-General is mindful that the proposed capital master plan will require substantial financial resources. </s>
	  <s n="430"> Recognizing that the United Nations is an intergovernmental body and in view of precedents at United Nations Headquarters and elsewhere, including the locations where United Nations organizations and specialized agencies maintain their headquarters,8 serious consideration should be given to financing the capital master plan through an interest-free loan from Member States, without prejudice to the Secretary-General&apos;s continuing efforts to mobilize financial resources from both public and private sectors. </s>
	  <s n="431"> Failing the securing of an interest-free loan, consideration should be given to resorting to commercial borrowing through bond issues based on the framework explained in the previous report. </s>
	</p>
	<p n="172">
	  <s n="432"> It is the understanding of the Secretary-General that the host City of New York will make every effort to construct a new building to be available for occupancy within the next three years, which would be in line with the planned phasing of the capital master plan described in the present report, should the plan be approved by the General Assembly at its fifty-seventh session. </s>
	</p>
	<p n="173">
	  <s n="433"> The Secretary-General recommends that the General Assembly: </s>
	</p>
	<p n="174">
	  <s n="434"> (a) Take note of the hazards, risks and deficiencies of the current condition of the United Nations Headquarters complex, and the viable alternatives proposed by the Secretary-General to ameliorate those conditions; </s>
	</p>
	<p n="175">
	  <s n="435"> (b) Welcome with appreciation the offer of support from the City of New York and acknowledge the City&apos;s efforts to make possible the implementation of the capital master plan; </s>
	</p>
	<p n="176">
	  <s n="436"> (c) Concur that the suggested baseline scope described herein represents a prudent and appropriate programme for correcting existing deficiencies; </s>
	</p>
	<p n="177">
	  <s n="437"> (d) Decide on the inclusion of the proposed scope options for additional security, estimated to cost $30 million, improved redundancy, estimated to cost $75 million, and enhanced sustainability, estimated to cost $75 million, bearing in mind that the condition of the Secretariat curtain wall may necessitate the inclusion of $36 million for replacement thereof in the baseline scope rather than as a scope option; </s>
	</p>
	<p n="178">
	  <s n="438"> (e) Decide to implement the baseline scope under the first approach, which is estimated to cost $1,087 million, including the cost of swing space of $96 million, with a reduction of $17 million previously appropriated for security measures, resulting in an adjusted cost of $1,070 million; </s>
	</p>
	<p n="179">
	  <s n="439"> (f) Authorize the preparation of complete design documents for the implementation of the baseline scope, under the first approach to phasing and swing space, and the elected scope options, within the proposed construction budget figures noted above, respectively, with a variance of 10 per cent, reflecting a planned construction start date of October 2004 and a five-year construction duration; </s>
	</p>
	<p n="180">
	  <s n="440"> (g) Decide also, as a fall back position, to endorse the baseline scope under the second approach, which is estimated to cost $1,160 million, including the cost of swing space of $66 million, with a reduction of $17 million previously appropriated for security measures, resulting in an adjusted cost of $1,143 million, pending the outcome of the efforts of the City of New York for the implementation of the first approach; </s>
	</p>
	<p n="181">
	  <s n="441"> (h) Authorize, as a fallback position, the preparation of complete design documents for the implementation of the baseline scope, under the second approach to phasing and swing space, and the elected scope options, within the proposed construction budget figures noted above, respectively, with a variance of 10 per cent, reflecting a planned construction start date of October 2004 and a six-year construction duration; </s>
	</p>
	<p n="182">
	  <s n="442"> (i) Appropriate an amount of $22.5 million under section 31, Construction, alteration, improvement and major maintenance, of the regular budget, for the biennium 2002-2003, for baseline design and management of the design work; </s>
	</p>
	<p n="183">
	  <s n="443"> (j) Request the Secretary-General to make provision in the proposed budget for the biennium 2004-2005 for an amount of $22.0 million for further baseline design and management of the design work; </s>
	</p>
	<p n="184">
	  <s n="444"> (k) Request the Secretary-General to develop, in consultation with Member States, potential funding arrangements as rapidly as possible for presentation to and approval of the General Assembly so that the required funding will be in place to start construction in October 2004; </s>
	</p>
	<p n="185">
	  <s n="445"> (l) Further request the Secretary-General to report to the General Assembly as soon as possible on the outcome of the efforts of the City of New York for the implementation of the first approach. </s>
	</p>
	<p n="186">
	  <s n="446"> Notes </s>
	</p>
	<p n="187">
	  <s n="447"> 1 Security requirements have also increased since 2000, but for the sake of clarity that component has not been increased in the updated cost of the reactive approach. </s>
	</p>
	<p n="188">
	  <s n="448"> 2 The General Assembly, Conference and Secretariat buildings, completed in 1951 and 1952; the Dag Hammarskjöld Library building, donated by the Ford Foundation in 1961; the North Lawn (printing plant) and South Annex (cafeteria) buildings, added in 1978-1982; and the UNITAR building, acquired in 1989. </s>
	</p>
	<p n="189">
	  <s n="449"> 3 In locations where the existing pattern of glass and metal includes glass sections that are too large for blast-resistant construction, the original glass wall would be kept and a new blast-resistant glass wall installed behind it. </s>
	</p>
	<p n="190">
	  <s n="450"> 4 This may become not an option at the Secretariat building but a requirement. </s>
	  <s n="451"> If so, the cost of the baseline scope would be increased by $36 million and the cost of the sustainable options reduced accordingly. </s>
	  <s n="452"> Very detailed curtain wall investigation is continuing, and it appears that significant deterioration has occurred since the last inspection in 1998. </s>
	</p>
	<p n="191">
	  <s n="453"> 5 It should be noted that the estimates do not include new furniture, except in new conference rooms and the new multifunction hall, nor do the estimates include movable equipment. </s>
	</p>
	<p n="192">
	  <s n="454"> 6 It should be noted that the United Nations Board of Auditors was unable to carry out an assessment of the cost estimates due to conflict of interest considerations. </s>
	</p>
	<p n="193">
	  <s n="455"> 7 For more details, please refer to United States Government document GAO-01-788 dated 15 June 2001. </s>
	</p>
	<p n="194">
	  <s n="456"> 8 For information on the participation of host Governments and local authorities in maintaining United Nations assets in their respective countries, see A/55/117/Add.1. </s>
	</p>
	<p n="195">
	  <s n="457"> All charts were prepared for offset </s>
	</p>
	</body>
</text>
</DOC>