<?xml version="1.0" encoding="UTF-8"?>
<DOC lang="English" n="N0423365" id="A/58/705" date="2004/02/09">
<text>
	<body>
	<p n="1">
	  <s n="1"> Fifty-eighth session </s>
	</p>
	<p n="2">
	  <s n="2"> Agenda item 134 </s>
	</p>
	<p n="3">
	  <s n="3"> Administrative and budgetary aspects of the financing of the United Nations peacekeeping operations </s>
	</p>
	<p n="4">
	  <s n="4"> Overview of the financing of the United Nations peacekeeping operations: budget performance for the period from 1 July 2002 to 30 June 2003 and budget for the period from 1 July 2004 to 30 June 2005 </s>
	</p>
	<p n="5">
	  <s n="5"> Report of the Secretary-General </s>
	</p>
	<p n="6">
	  <s n="6"> Contents </s>
	</p>
	<p n="7">
	  <s n="7"> Abbreviations </s>
	</p>
	<p n="8">
	  <s n="8"> MINUCI United Nations Mission in Côte d&apos;Ivoire </s>
	</p>
	<p n="9">
	  <s n="9"> MINURSO United Nations Mission for the Referendum in Western Sahara </s>
	</p>
	<p n="10">
	  <s n="10"> MONUC United Nations Organization Mission in the Democratic Republic of the Congo </s>
	</p>
	<p n="11">
	  <s n="11"> UNAMSIL United Nations Mission in Sierra Leone </s>
	</p>
	<p n="12">
	  <s n="12"> UNDOF United Nations Disengagement Observer Force </s>
	</p>
	<p n="13">
	  <s n="13"> UNFICYP United Nations Peacekeeping Force in Cyprus </s>
	</p>
	<p n="14">
	  <s n="14"> UNIFIL United Nations Interim Force in Lebanon </s>
	</p>
	<p n="15">
	  <s n="15"> UNIKOM United Nations Iraq-Kuwait Observation Mission </s>
	</p>
	<p n="16">
	  <s n="16"> UNLB United Nations Logistics Base at Brindisi </s>
	</p>
	<p n="17">
	  <s n="17"> UNMEE United Nations Mission in Ethiopia and Eritrea </s>
	</p>
	<p n="18">
	  <s n="18"> UNMIBH United Nations Mission in Bosnia and Herzegovina </s>
	</p>
	<p n="19">
	  <s n="19"> UNMIK United Nations Interim Administration Mission in Kosovo </s>
	</p>
	<p n="20">
	  <s n="20"> UNMIL United Nations Mission in Liberia </s>
	</p>
	<p n="21">
	  <s n="21"> UNMISET United Nations Mission of Support in East Timor </s>
	</p>
	<p n="22">
	  <s n="22"> UNMOP United Nations Mission of Observers in Prevlaka </s>
	</p>
	<p n="23">
	  <s n="23"> UNOMIG United Nations Observer Mission in Georgia </s>
	</p>
	<p n="24">
	  <s n="24"> UNTAET United Nations Transitional Administration in East Timor </s>
	</p>
	<p n="25">
	  <s n="25"> Overview </s>
	</p>
	<p n="26">
	  <s n="26"> Table 1 below provides an overview of trends in peacekeeping operations for the financial periods covering 1 July 2000 to 30 June 2005. </s>
	</p>
	<p n="27">
	  <s n="27"> Table 1 </s>
	</p>
	<p n="28">
	  <s n="28"> Scope of peacekeeping operations </s>
	</p>
	<p n="29">
	  <s n="29"> a Based on current mandates of ongoing missions. </s>
	</p>
	<p n="30">
	  <s n="30"> b Includes UNLB. </s>
	</p>
	<p n="31">
	  <s n="31"> c For deployed troops, military observers and civilian police, the data represent the peak number from 2000/01 to 2002/03, the number currently deployed for 2003/04 and the projected number for 2004/05. </s>
	  <s n="32"> For civilian staff in missions, the data represent the peak number from 2000/01 to 2002/03, the authorized number for 2003/04 and the proposed number for 2004/05. </s>
	</p>
	<p n="32">
	  <s n="33"> d Comprises civilian police observers and formed police units. </s>
	</p>
	<p n="33">
	  <s n="34"> e Represents approved number for the periods 2000/01 to 2003/04 and proposed number for 2004/05. </s>
	  <s n="35"> Beginning from the period 2003/04, includes posts for resident auditors, which had been previously budgeted under individual peacekeeping operations. </s>
	</p>
	<p n="34">
	  <s n="36"> f Includes UNLB and the support account. </s>
	</p>
	<p n="35">
	  <s n="37"> Various operational aspects of implementing peacekeeping missions require global approaches that are driven by United Nations Headquarters. </s>
	  <s n="38"> Such approaches address current operational needs in areas such as air operations, inventory management, mission procurement, the management of contingent-owned equipment, banking arrangements and information technology and aim at long-term efficiency and effectiveness in the management of peacekeeping as a whole. </s>
	  <s n="39"> The costs of implementing these approaches are reflected in the budgets of the missions, Headquarters and UNLB. </s>
	  <s n="40"> The present report outlines these approaches and their related financial implications. </s>
	</p>
	<p n="36">
	  <s n="41"> The ability of Member States to make fully informed decisions is key to their continued support for peacekeeping operations. </s>
	  <s n="42"> Areas of particular interest to Member States include policies and procedures related to contingent-owned equipment and self-sustainment and the status of reimbursement of Member States for military contingents and formed police units. </s>
	  <s n="43"> The present report provides updated information on those issues. </s>
	</p>
	<p n="37">
	  <s n="44"> For the financial period 2004/05, further improvements have been introduced in the process of formulating and presenting mission budgets, including more involvement of substantive senior mission staff, a component structure that is more clearly aligned with the corresponding Security Council resolutions and reports of the Secretary-General, more measurable results-based-budgeting frameworks and improved linkages between the frameworks and the resource requirements. </s>
	  <s n="45"> These improvements are made in response to recommendations of the Advisory Committee on Administrative and Budgetary Questions and the General Assembly in its resolution 57/290 B of 18 June 2003. </s>
	</p>
	<p n="38">
	  <s n="46"> Budget performance for the period from 1 July 2002 to 30 June 2003 </s>
	</p>
	<p n="39">
	  <s n="47"> The budgets for the period 2002/03 did not include standard results-based-budgeting frameworks, which would have been the baseline against which performance could be measured and reported. </s>
	  <s n="48"> Therefore, the missions&apos; performance for 2002/03 is presented in a transitional format showing the actual indicators of achievement and actual outputs for the period. </s>
	</p>
	<p n="40">
	  <s n="49"> The performance report for the support account for the period 2002/03 presents actual indicators of achievement and actual outputs against the baseline frameworks provided in the original budget. </s>
	</p>
	<p n="41">
	  <s n="50"> Given the absence of a baseline of planned results in the original budget estimates for 2002/03, the corresponding performance reports are likewise presented in a transitional format showing the actual indicators of achievement and actual outputs for which information was available. </s>
	  <s n="51"> For each mission, the expected accomplishments in the performance period 2002/03 have been largely aligned with those in the budget period 2004/05, as those results-based-budgeting elements cover the entire time frame of the mission, subject to any changes in the mandate. </s>
	  <s n="52"> The actual indicators of achievement show a measurement of progress towards such expected accomplishments during the performance period. </s>
	</p>
	<p n="42">
	  <s n="53"> Examples of actual indicators of achievement realized during the performance period are illustrated in table 2. </s>
	</p>
	<p n="43">
	  <s n="54"> Table 2 </s>
	</p>
	<p n="44">
	  <s n="55"> Examples of actual indicators of achievement realized for the performance period 2002/03 </s>
	</p>
	<p n="45">
	  <s n="56"> For the period 2002/03, expenditure amounted to $2.4 billion, inclusive of UNLB and the support account, compared to approved budgets of $2.6 billion, as set out in table 3. </s>
	</p>
	<p n="46">
	  <s n="57"> Table 3 </s>
	</p>
	<p n="47">
	  <s n="58"> Financial resource performance for the period 2002/03 (Thousands of United States dollars. </s>
	  <s n="59"> Budget year is from 1 July to 30 June. </s>
	</p>
	<p n="48">
	  <s n="60"> a Exclusive of budgeted voluntary contributions in kind. </s>
	</p>
	<p n="49">
	  <s n="61"> b Percentage of variance is less than 0.1 per cent. </s>
	</p>
	<p n="50">
	  <s n="62"> The overall budget implementation rate of 92 per cent is the same as that of the prior financial period. </s>
	  <s n="63"> Among the individual missions (MINURSO, UNAMSIL, UNFICYP, UNMEE and UNMIK), budget implementation rates have improved. </s>
	  <s n="64"> The significant factors determining the overall savings of 8 per cent were developments in UNIKOM, MONUC and UNMIBH. </s>
	</p>
	<p n="51">
	  <s n="65"> In MONUC, the salient factors that affected its budget performance for the 2002/03 period were the delay in the deployment of troops, the slower pace of implementation of the disarmament, demobilization, repatriation, resettlement and reintegration programme and the outbreak of hostilities in Ituri in the eastern part of the Democratic Republic of the Congo, the last of which resulted in the reconfiguration of the Mission and the subsequent revision of its mandate, as approved by the Security Council in its resolution 1493 (2003) of 28 July 2003. </s>
	  <s n="66"> UNAMSIL commenced its downsizing and as a result, the budget performance reflected savings from the phased withdrawal of military and civilian personnel and related reductions in operational costs. </s>
	  <s n="67"> Owing to external factors, the operation of UNIKOM was suspended on 17 March 2003. </s>
	  <s n="68"> During the performance period, the mandate of UNMOP, for which resources are included with UNMIBH, was terminated on 15 December 2002. </s>
	  <s n="69"> The main factors affecting budget performance in the missions are set out in table 4. </s>
	</p>
	<p n="52">
	  <s n="70"> Table 4 Main factors affecting budget performance </s>
	</p>
	<p n="53">
	  <s n="71"> Information on planned and actual vacancy rates for civilian staff in peacekeeping operations for the performance period is shown in table 5. </s>
	</p>
	<p n="54">
	  <s n="72"> Table 5 Planned and actual vacancy rates for the period 2002/03 </s>
	</p>
	<p n="55">
	  <s n="73"> a Based on the provision for 184 posts only. </s>
	</p>
	<p n="56">
	  <s n="74"> Proposed budget for the period from 1 July 2004 to 30 June 2005 </s>
	</p>
	<p n="57">
	  <s n="75"> A. Results-based budgeting </s>
	</p>
	<p n="58">
	  <s n="76"> The results-based-budgeting exercise with respect to the performance reports for the period 2002/03 and the proposed budgets for the period 2004/05 was carried out with an increased level of involvement of the substantive offices in the missions compared with the previous year. </s>
	  <s n="77"> More than 75 participants who attended two regional results-based-budgeting workshops (Cyprus, July 2003) included, for the first time, senior staff of the Office of the Special Representative of the Secretary-General and the Political Affairs Offices of all missions. </s>
	</p>
	<p n="59">
	  <s n="78"> The 2004/05 budget proposals for peacekeeping missions contain more measurable results-based-budgeting elements compared with the previous period. </s>
	  <s n="79"> In 2004/05, 84 per cent of the outputs were clearly measurable, compared with 51 per cent in the period 2003/04. </s>
	  <s n="80"> Accordingly, the outputs in the 2004/05 results-based-budgeting frameworks reflect the missions&apos; contributions to the expected accomplishments more precisely. </s>
	  <s n="81"> The budget proposals also contain a total of 42 planned support services improvement indicators and corresponding outputs or measures that are to be taken to bring such improvements about. </s>
	</p>
	<p n="60">
	  <s n="82"> The budget estimates for the period 2004/05 also reflect an attempt to improve the linkages between the results-based-budgeting frameworks and the resource requirements. </s>
	  <s n="83"> The human resources of each mission, in terms of number of personnel, have been attributed to the individual components, with the exception of the mission&apos;s executive direction and management, which can be attributed to the mission&apos;s components as a whole. </s>
	  <s n="84"> The financial resources for operational costs have been linked to the support component for each mission through the presentation of measurable outputs for operational classes under the same component. </s>
	  <s n="85"> The explanations of variances in resource levels, for both human and financial resources, have been linked, where applicable, to specific outputs planned by the missions. </s>
	</p>
	<p n="61">
	  <s n="86"> The support account budget proposal for 2004/05 reflects a significantly higher percentage of more clearly measurable indicators of achievement and outputs: a combined average of 70 per cent compared to 51 per cent for the period 2003/04. </s>
	  <s n="87"> The Advisory Committee on Administrative and Budgetary Questions called for a more apparent link between resources, expected accomplishments and outputs. </s>
	  <s n="88"> In response to the Committee&apos;s request, output reference information is shown in all budget proposals for consultant and official travel under each office. </s>
	</p>
	<p n="62">
	  <s n="89"> The peacekeeping missions have prepared detailed data-collection plans for all indicators of achievement and outputs for their 2003/04 and 2004/05 results-based-budgeting frameworks. </s>
	  <s n="90"> To further improve data collection and its use by management, the Department of Management and the Department of Peacekeeping Operations, in coordination with peacekeeping missions, are developing an electronic tool to improve the accuracy of results and to facilitate the monitoring of results-based-budgeting frameworks by managers during the financial period. </s>
	  <s n="91"> This tool is to be launched in the first half of 2005. </s>
	</p>
	<p n="63">
	  <s n="92"> Planned progress towards the expected accomplishments during the budget period 2004/05 from the frameworks of the missions is highlighted in table 6. </s>
	</p>
	<p n="64">
	  <s n="93"> Table 6 Planned indicators of achievement for the 2004/05 period </s>
	</p>
	<p n="65">
	  <s n="94"> Financial resources </s>
	</p>
	<p n="66">
	  <s n="95"> The total proposed resources for peacekeeping operations for the financial period from 1 July 2004 to 30 June 2005, inclusive of UNLB and the support account, amount to $2.7 billion, compared with the total approved budget of $2.8 billion for the period from 1 July 2003 to 30 June 2004. </s>
	  <s n="96"> This represents a decrease of 5 per cent. </s>
	  <s n="97"> The proposed budgets for 2004/05 represent reductions in resource requirements for UNAMSIL, UNMIK and UNMISET, which reflect the progressive downsizing of those missions as well as the projected liquidation of UNAMSIL by March 2005 and UNMISET by December 2004. </s>
	  <s n="98"> All other peacekeeping missions reflect an increase in resource requirements, particularly UNMIL, for which estimates are currently projected, pending the finalization of its detailed budget for the 2004/05 period by March 2005. </s>
	</p>
	<p n="67">
	  <s n="99"> For UNMIL, the estimates for the period 2004/05 will reflect the full deployment of military and police personnel and the related civilian support as well as the completion of procurement of equipment deferred from the initial period of establishment of the Mission. </s>
	  <s n="100"> The additional resources for MONUC are based on the full deployment of the Mission. </s>
	  <s n="101"> Proposed requirements for the period 2004/05 are presented in table 7. </s>
	</p>
	<p n="68">
	  <s n="102"> Table 7 </s>
	</p>
	<p n="69">
	  <s n="103"> Proposed requirements for the period 2004/05 </s>
	</p>
	<p n="70">
	  <s n="104"> (Thousands of United States dollars. </s>
	  <s n="105"> Budget year is from 1 July to 30 June. </s>
	</p>
	<p n="71">
	  <s n="106"> a Exclusive of budgeted voluntary contributions in kind. </s>
	</p>
	<p n="72">
	  <s n="107"> b For the 2004/05 period, data relate to projected requirements pending the finalization of the budget. </s>
	</p>
	<p n="73">
	  <s n="108"> The breakdown by category and class is presented in table 8. </s>
	</p>
	<p n="74">
	  <s n="109"> Table 8 </s>
	</p>
	<p n="75">
	  <s n="110"> Requirements by category and class for the period 2004/05 </s>
	</p>
	<p n="76">
	  <s n="111"> (Thousands of United States dollars. </s>
	  <s n="112"> Budget year is from 1 July to 30 June. </s>
	</p>
	<p n="77">
	  <s n="113"> a Percentage share of the total is less than 0.1 per cent. </s>
	</p>
	<p n="78">
	  <s n="114"> The main factors affecting the changes in resource requirements are outlined in table 9. </s>
	</p>
	<p n="79">
	  <s n="115"> Table 9 </s>
	</p>
	<p n="80">
	  <s n="116"> Main factors for variance in resource requirements </s>
	</p>
	<p n="81">
	  <s n="117"> a Projected requirements, pending the finalization of the detailed budget. </s>
	</p>
	<p n="82">
	  <s n="118"> C. Human resources </s>
	</p>
	<p n="83">
	  <s n="119"> A total of 10,652 posts are proposed for international and national staff in peacekeeping missions for the period 2004/05, compared with 12,043 approved for the period 2003/04, exclusive of UNLB and the support account. </s>
	  <s n="120"> This net decrease of 1,391 posts is attributable primarily to the progressive downsizing of UNAMSIL, UNMIK and UNMISET. </s>
	  <s n="121"> A total of 151 posts are proposed for UNLB and 762 posts are proposed for the support account, which represents a total of 11,565 posts for all peacekeeping components compared with 12,922 posts for the period 2003/04. </s>
	  <s n="122"> The distribution of posts is set out in table 10. </s>
	</p>
	<p n="84">
	  <s n="123"> Table 10 </s>
	</p>
	<p n="85">
	  <s n="124"> International and national staffing </s>
	</p>
	<p n="86">
	  <s n="125"> a Represents highest level of authorized strength. </s>
	</p>
	<p n="87">
	  <s n="126"> b Provisional, pending the finalization of the detailed budget. </s>
	</p>
	<p n="88">
	  <s n="127"> Air operations </s>
	</p>
	<p n="89">
	  <s n="128"> A revised technical and operational evaluation criteria form was designed by the Aviation Quality Assurance Unit of the Air Transport Section of the Department of Peacekeeping Operations and posted on the web site of the Procurement Division (http://www.un.org/Depts/ptd/pdf/tech.pdf). </s>
	  <s n="129"> The form outlines the technical requirements to be met by prospective contractors for aircraft charter services and serves as part of the pre-qualification for registration as an air operator with the United Nations. </s>
	</p>
	<p n="90">
	  <s n="130"> Pursuant to the recommendations of the International Civil Aviation Organization, aviation standards for peacekeeping and humanitarian air transport were jointly developed by the Department of Peacekeeping Operations and the World Food Programme. </s>
	  <s n="131"> The standards will ensure safe, efficient and responsive air transport operations to the greatest degree possible and will facilitate inter-operability between the two organizations. </s>
	  <s n="132"> In addition, they will increase the ability to respond to emergency and ad hoc needs and, when required, achieve cost-effectiveness in the field missions. </s>
	  <s n="133"> The standards have already been used as a basis for sharing resources in the United Nations Assistance Mission in Afghanistan and the United Nations Mission in Angola. </s>
	</p>
	<p n="91">
	  <s n="134"> In response to the request of the Advisory Committee in its report on the administrative and budgetary aspects of the financing of the United Nations peacekeeping operations (A/57/772, para. </s>
	  <s n="135"> 108), a new cost structure for aircraft contracts has been introduced that replaces the system of budgeting for block hours plus extra hours. </s>
	  <s n="136"> The new cost basis includes: (a) a base cost, which is the contractor&apos;s cost for providing the aircraft and crew; and (b) a variable cost representing the number of hours expected to be flown. </s>
	  <s n="137"> This approach will be applied to most future contracts, although for some specific contracts it may still be preferable to apply the block-hour structure, which is the normal commercial market approach. </s>
	</p>
	<p n="92">
	  <s n="138"> Air operations in many peacekeeping missions generally involve both commercial and military tasks. </s>
	  <s n="139"> Commercial tasks include the transport of passengers and cargo, observation and monitoring, command and administration, search and rescue and medical evacuations. </s>
	  <s n="140"> Military tasks include deterrence (show of force), air cover, troop insertions, extractions and resupply under possibly hostile conditions, armed patrols and rapid-reaction force deployments. </s>
	  <s n="141"> The military concept of operations within the context of the mission&apos;s operational concept will identify whether such tasks are required. </s>
	  <s n="142"> The tasks generally require aircraft capable of being armed or of carrying armed troops ready for immediate action. </s>
	  <s n="143"> As these tasks cannot be met by commercial aircraft operators, the Department of Peacekeeping Operations seeks offers of military aviation units for the provision of military aircraft under letter-of-assist arrangements. </s>
	  <s n="144"> As commercial aircraft are not allowed to undertake armed operations, military aircraft are the only alternative. </s>
	  <s n="145"> It should be noted that the Department has made a determination that commercial aircraft will generally be sought for all mission air operation requirements except for those clearly identified as military-type tasks. </s>
	  <s n="146"> As such, financial evaluations between commercial and military aircraft are not applicable, as commercial aircraft are unable to meet the requirements. </s>
	  <s n="147"> However, the Department does undertake cost comparisons with other established letters of assist and, where applicable, with commercial contracts for similar aircraft to assess whether the reimbursement sought is fair and reasonable. </s>
	  <s n="148"> When, for other reasons, such as for troop rotations, the Department of Peacekeeping Operations determines that a letter of assist is preferable to meet a non-military requirement, the cost structure is based on a complete cost analysis of the offer against the costs of commercial aircraft capable of meeting the requirement. </s>
	</p>
	<p n="93">
	  <s n="149"> E. Inventory management </s>
	</p>
	<p n="94">
	  <s n="150"> For the performance period 2002/03, progress was achieved in the management of peacekeeping inventories, as follows: </s>
	</p>
	<p n="95">
	  <s n="151"> (a) Inter-mission transfers of equipment have increased by 160 per cent compared with the previous financial periods; </s>
	</p>
	<p n="96">
	  <s n="152"> (b) Missions completed the write-off and disposal of equipment valued at $69.3 million for the period ended 30 June 2003, compared with $30.9 million for the period ended 30 June 2002; </s>
	</p>
	<p n="97">
	  <s n="153"> (c) The value of property pending write-off and disposal was reduced from $75.7 million as at 30 June 2002 to $43.1 million as at 30 June 2003; </s>
	</p>
	<p n="98">
	  <s n="154"> (d) Adjustments in inventory records were reduced from 1.08 per cent in the 2001/02 period to 0.23 per cent in the 2002/03 period. </s>
	</p>
	<p n="99">
	  <s n="155"> Revised budget procedures aimed at improving inventory management include the coordination, review and compilation of year-end inventory reports from missions supported by the Department of Peacekeeping Operations, the training of field property control officers on effective management of United Nations-owned non-expendable property, the training of the secretaries of local Property Survey Boards and the establishment of asset management policies and procedures that allow all missions to reduce inventory stock take variance to less than 1 per cent. </s>
	</p>
	<p n="100">
	  <s n="156"> In the management of peacekeeping assets, inventory control with respect to field missions and the strategic deployment stocks is expected to improve with the development and implementation of the Galileo system, a new inventory management tool in which peacekeeping personnel have been trained. </s>
	  <s n="157"> Compared with the previous tool, the field assets control system, which was based on multiple databases, the Galileo system provides for the management of all peacekeeping assets from a single database. </s>
	  <s n="158"> Galileo was implemented at UNLB in August 2003, at Headquarters in September 2003 and at UNMIK in December 2003/January 2004, and the implementation in the remaining peacekeeping missions is scheduled to be completed by the end of June 2004. </s>
	</p>
	<p n="101">
	  <s n="159"> In the management of ground transport equipment, the introduction of Saturn, a fleet management system, will provide full capability to analyse the consumption of and the procurement lead times for the entire range of spare parts. </s>
	  <s n="160"> This will require the fleet management system to be closely linked to the procurement system. </s>
	  <s n="161"> These features will assist in managing demand efficiently and on an informed basis, thereby precluding the overstocking of spare parts. </s>
	  <s n="162"> The Department of Peacekeeping Operations is evaluating commercially available alternatives to in-house development. </s>
	</p>
	<p n="102">
	  <s n="163"> Training </s>
	</p>
	<p n="103">
	  <s n="164"> Peacekeeping missions ensure that only staff members who require a specific type of training or upgrading of technological skills are nominated for external training, with the goal of enhancing performance in their respective functions. </s>
	  <s n="165"> Alternative methods of training can be applied only if technically and geographically feasible and if the technical infrastructure is available in the mission area. </s>
	  <s n="166"> Some examples on the utilization of training resources include: </s>
	</p>
	<p n="104">
	  <s n="167"> (a) In MONUC, a train-the-trainers programme has been established, and the Training Unit is monitoring the programme to ensure that staff members sent for training specifically in technical areas are placed in the programme. </s>
	  <s n="168"> Videoconferencing is not a feasible option in many locations within the mission area, owing to technological limitations; </s>
	</p>
	<p n="105">
	  <s n="169"> (b) In MINURSO, videoconferencing was initiated in July 2003, which is expected to improve the training capabilities of the Mission; </s>
	</p>
	<p n="106">
	  <s n="170"> (c) In UNMEE, every avenue is explored to deliver training to staff members before they are authorized to travel outside the mission area. </s>
	  <s n="171"> In 2003/04, UNMEE will deliver five in-mission courses for personnel of the Communications and Information Technology Service of the Department of Peacekeeping Operations at a total cost of $72,000 for a total of 154 personnel. </s>
	  <s n="172"> The same training conducted at the Logistics Base in Brindisi would cost approximately $540,000. </s>
	  <s n="173"> UNMEE makes extensive use of videoconferencing technology. </s>
	  <s n="174"> It recently conducted a three-way development videoconference among staff of the Department at Headquarters, the Logistics Base and the Mission; </s>
	</p>
	<p n="107">
	  <s n="175"> (d) In UNFICYP, the mission has carefully reviewed its training requirements and is focusing on the train-the-trainers concept and on training within the mission area. </s>
	  <s n="176"> Training programmes for the 2004/05 period are based on mission-specific needs. </s>
	</p>
	<p n="108">
	  <s n="177"> Training resources are proposed based on a benchmark of up to 2 per cent of net salaries and common staff costs for international and national staff in large and medium-sized missions and up to 3 per cent for small missions. </s>
	  <s n="178"> In the programme budget for the biennium 2004/05, training resources represent approximately 1.5 per cent of staff costs. </s>
	  <s n="179"> In peacekeeping operations, a higher percentage is used for individual missions to take into account the higher turnover of staff and the requirement for very specialized annual training, which, because of its nature, is provided at a higher cost, to keep staff abreast of rapid changes in technology and high-value equipment in areas such as communications, transportation and air safety. </s>
	  <s n="180"> These areas reflect the most significant resources in the category of operational costs. </s>
	</p>
	<p n="109">
	  <s n="181"> Total resources proposed for the training of civilian staff in peacekeeping for the period 2004/05 amount to $5.8 million. </s>
	  <s n="182"> Related training resources approved for the period 2003/04 total $8.9 million, which represents a decrease of $3.1 million. </s>
	  <s n="183"> Training resources for the 2004/05 period represent an average of 1.4 per cent of civilian staff costs, compared with 2.3 per cent for the 2003/04 period. </s>
	  <s n="184"> This overall average is consistent with that of the programme budget. </s>
	  <s n="185"> Table 11 provides the total resources proposed for civilian staff training. </s>
	</p>
	<p n="110">
	  <s n="186"> Table 11 </s>
	</p>
	<p n="111">
	  <s n="187"> Proposed civilian staff training resources </s>
	</p>
	<p n="112">
	  <s n="188"> (Thousands of United States dollars. </s>
	  <s n="189"> Budget year is from 1 July to 30 June. </s>
	</p>
	<p n="113">
	  <s n="190"> a Comprises consultants, general temporary assistance, official travel and training fees, supplies and services. </s>
	</p>
	<p n="114">
	  <s n="191"> b Comprises net salaries and common staff costs of international and national staff only. </s>
	</p>
	<p n="115">
	  <s n="192"> c Excludes estimate for the 2004/05 period for training fees, supplies and services pending the finalization of the detailed budget. </s>
	</p>
	<p n="116">
	  <s n="193"> Information and communication technology </s>
	</p>
	<p n="117">
	  <s n="194"> Central in the information and communications technology strategy of the Department of Peacekeeping Operations is the standardization of information systems and platforms. </s>
	  <s n="195"> In 2002, the Communications and Information Technology Service conducted a comprehensive analysis of existing databases, which resulted in a project on database consolidation aimed at ensuring compatibility and optimal effectiveness. </s>
	  <s n="196"> In order to ensure operational continuity during the consolidation and standardization processes, the Service has adopted a phased approach, as follows: </s>
	</p>
	<p n="118">
	  <s n="197"> (a) Phase 1 (analysis of databases and systems supported by the Service — completed in September 2002): the Service worked with database business owners to make recommendations to retire outdated databases and for the consolidation of existing databases into enterprise-wide standardized systems; </s>
	</p>
	<p n="119">
	  <s n="198"> (b) Phase 2 (consolidation and standardization of existing databases into enterprise-wide systems — completion targeted for June 2004): in the 2002/03 period, this exercise resulted in a reduction in the number of active databases from over 3,000 to approximately 800. </s>
	  <s n="199"> By its targeted completion date of June 2004, it is projected that the number of active databases will be further reduced to 175. </s>
	</p>
	<p n="120">
	  <s n="200"> The Information and Communications Technology Board, which was established by the Secretary-General, has been working on a uniform methodology for evaluating information and communication projects and initiatives throughout the Secretariat, including a uniform approach to cost-benefit analyses. </s>
	  <s n="201"> The Board has created a Project Review Committee to review all information and communication technology (ICT) projects, including those being managed and/or developed by the Department. </s>
	  <s n="202"> The Board has also created a Project Review Committee Formation Task Force to advance the Committee&apos;s initiative and to create a structure that will be conducive to the expeditious review of ICT cases. </s>
	  <s n="203"> The Task Force will establish a uniform methodology for evaluating the high-level business case for each ICT project. </s>
	  <s n="204"> This will include: (a) using results-based budgeting to provide indicators of achievement and output measures for ICT performance to facilitate global analysis of operations; and (b) limiting duplication of efforts and best leveraging ICT investment throughout the Secretariat. </s>
	  <s n="205"> To this end, the methodology has been developed for assessing the high-level business case (including cost-benefit analysis, an analysis of critical success factors, time scale and costs, funding appraisals, risk analysis and return on investment) of ICT projects. </s>
	  <s n="206"> Once approved by the Board, the high-level business case methodology for the assessment of ICT investments in the Secretariat was applied to systems implemented by the Department in 2003. </s>
	</p>
	<p n="121">
	  <s n="207"> In connection with the funds monitoring tool, the Board of Auditors used and reviewed the tool in its recent audit of the financial statements of United Nations peacekeeping operations for the period from 1 July 2002 to 30 June 2003. </s>
	  <s n="208"> The Board provided positive feedback on the tool and recommended that the Office of Programme Planning, Budget and Accounts and the Department of Peacekeeping Operations provide related training to all cost-centre managers in peacekeeping missions and establish benchmarks for peacekeeping missions against which expenditure performance can be measured. </s>
	  <s n="209"> All mission cost-centre managers will be trained in the funds monitoring tool in April and June 2004. </s>
	  <s n="210"> The incorporation of expenditure plans and benchmarks and a link between incumbency data and expenditure in the funds monitoring tool will be implemented in the middle of 2005. </s>
	</p>
	<p n="122">
	  <s n="211"> In the context of the support account, the Communications and Information Technology Service is conducting an independent review of the Department&apos;s current information and communications technology capabilities and strategy to support the Department&apos;s efforts to assess the effectiveness and efficiency of its information management systems. </s>
	</p>
	<p n="123">
	  <s n="212"> The total resources proposed for ICT in peacekeeping for the period 2004/05 amount to $107.7 million, compared with $136.3 million for the period 2003/04. </s>
	  <s n="213"> This represents a decrease of $28.6 million (21 per cent) in resources, which is attributable primarily to reduced requirements for UNAMSIL, UNMIK and UNMISET, which are in the process of downsizing. </s>
	  <s n="214"> In addition, projected requirements for UNMIL for the 2004/05 period are preliminary and limited at this stage, pending the finalization of the 2004/05 budget in March 2004. </s>
	  <s n="215"> The proposed amount of $107.7 million for 2004/05 represents 10 per cent of the total direct military and civilian personnel costs, compared with 12 per cent for the 2003/04 period. </s>
	</p>
	<p n="124">
	  <s n="216"> The total resources proposed for ICT, including for UNLB and the support account, are set out in table 12. </s>
	</p>
	<p n="125">
	  <s n="217"> Table 12 </s>
	</p>
	<p n="126">
	  <s n="218"> Proposed resources for information and communication technology </s>
	</p>
	<p n="127">
	  <s n="219"> (Thousands of United States dollars. </s>
	  <s n="220"> Budget year is from 1 July to 30 June. </s>
	</p>
	<p n="128">
	  <s n="221"> a Requirements for information and communication technology resources for the 2004/05 period are preliminary, pending finalization of the detailed budget. </s>
	</p>
	<p n="129">
	  <s n="222"> H. Management of contingent-owned equipment and memorandums of understanding </s>
	</p>
	<p n="130">
	  <s n="223"> As at 31 January 2004, verification reports up to June 2003 had been processed for all troop-contributing countries participating in MONUC, UNDOF, UNFICYP, UNIFIL, UNAMSIL, UNMEE, UNMISET, UNMIK and UNTAET/UNMISET where memorandums of understanding had been signed. </s>
	  <s n="224"> Processing could not be undertaken for nine units in MONUC, as verification reports had not been received by the end of December 2003. </s>
	  <s n="225"> In addition, reimbursements for two units in MONUC, one unit in UNAMSIL, one unit in UNIFIL, one unit in UNTAET and nine units in UNMISET could not be processed owing to unsigned memorandums of understanding. </s>
	</p>
	<p n="131">
	  <s n="226"> The Department is redirecting its process from counting claims to placing emphasis on verification reports and the periodic processing of verification reports to calculate reimbursements. </s>
	</p>
	<p n="132">
	  <s n="227"> With regard to improvements made during the period ended 30 June 2003, the average interval for the completion of memorandums of understanding, namely from the start of negotiations to the time of signature, was reduced from 198 days in 1999 to 102 days in 2002. </s>
	  <s n="228"> For the period ended 30 June 2003, the number of memorandums of understanding under negotiation with troop-contributing countries totalled 60, of which 27 are currently pending signature. </s>
	</p>
	<p n="133">
	  <s n="229"> In its report (A/57/772, para. </s>
	  <s n="230"> 66), the Advisory Committee observed that there appeared to be too many steps in the handling of memorandums of understanding (e.g., there were 24 steps shown in document A/56/939, annex I) and that the number of steps should be reduced. </s>
	  <s n="231"> As a clarification, the 24 steps were the result of a mapping analysis process. </s>
	  <s n="232"> Within the overall process, the major steps required in the negotiation process are: (a) the transmittal of a draft memorandum of understanding to the troop-contributing country for review and discussion; (b) discussion with the troop-contributing country on the draft memorandum of understanding, with adjustments made as required; (c) transmittal of the final draft of the memorandum of understanding to the troop-contributing country for concurrence; and (d) upon the concurrence of the troop-contributing country, the signature of the memorandum of understanding by the Assistant Secretary-General for Mission Support and its transmittal to the permanent mission of the troop-contributing country for signature. </s>
	</p>
	<p n="134">
	  <s n="233"> To further expedite the completion of memorandums of understanding, detailed proposals to streamline and rationalize the reimbursement process will be presented to the 2004 Working Group on Reimbursement of Contingent-owned Equipment at its meeting at Headquarters from 23 February to 5 March 2004. </s>
	</p>
	<p n="135">
	  <s n="234"> Reimbursements to troop-contributing countries during the period from January to December 2003 are indicated in table 13. </s>
	</p>
	<p n="136">
	  <s n="235"> Table 13 </s>
	</p>
	<p n="137">
	  <s n="236"> Status of liabilities to troop-contributing countries for troops, contingent-owned equipment and self-sustainment </s>
	</p>
	<p n="138">
	  <s n="237"> Summary of liabilities for troops, contingent-owned equipment and self-sustainment </s>
	</p>
	<p n="139">
	  <s n="238"> (Thousands of United States dollars) </s>
	</p>
	<p n="140">
	  <s n="239"> B. Liabilities for troops </s>
	</p>
	<p n="141">
	  <s n="240"> (Thousands of United States dollars) </s>
	</p>
	<p n="142">
	  <s n="241"> a The estimated amount owed for 2002 was adjusted to include amounts owed for UNDOF and UNIFIL that had been previously excluded. </s>
	</p>
	<p n="143">
	  <s n="242"> C. Liabilities for contingent-owned equipment and self-sustainment </s>
	</p>
	<p n="144">
	  <s n="243"> (Thousands of United States dollars) </s>
	</p>
	<p n="145">
	  <s n="244"> Death and disability </s>
	</p>
	<p n="146">
	  <s n="245"> Table 14 provides information on claims related to death and disability compensation that were processed during the period from January to December 2003. </s>
	</p>
	<p n="147">
	  <s n="246"> Table 14 </s>
	</p>
	<p n="148">
	  <s n="247"> Status of claims for death and disability compensation for 2003 </s>
	</p>
	<p n="149">
	  <s n="248"> Summary of death and disability compensation (Amounts in thousands of United States dollars) </s>
	</p>
	<p n="150">
	  <s n="249"> Death compensation (Amounts in thousands of United States dollars) </s>
	</p>
	<p n="151">
	  <s n="250"> C. Disability compensation (Amounts in thousands of United States dollars) </s>
	</p>
	<p n="152">
	  <s n="251"> As regards the pending claims related to UNAMSIL, the delay in their settlement is attributable primarily to incomplete documentation, including delays in the provision of medical records to confirm that incidents resulted in permanent injury and delays in confirmation by the contingent board of inquiry that the injuries were incurred in connection with service. </s>
	</p>
	<p n="153">
	  <s n="252"> J. Peacekeeping procurement </s>
	</p>
	<p n="154">
	  <s n="253"> In the area of ground transportation, the Transport Section of the Department of Peacekeeping Operations employed consultancy services to review the process of vehicle procurement with the goal of ensuring probity and transparency in the acquisition process. </s>
	  <s n="254"> The Section also initiated a consultancy to review the spare parts operations, including procurement and warehousing methods. </s>
	  <s n="255"> The spare parts consultant provided a wide-ranging list of recommendations for improvement. </s>
	  <s n="256"> Focusing in particular on the means to reduce acquisition lead times from the current 146 to 212 days to 40 to 90 days, the report estimates that the spare parts inventory level could be reduced by $15 million (approximately 40 per cent of the current level) over a 12-month period with further annual budget reductions of $3.5 million (approximately 12 to 18 per cent). </s>
	  <s n="257"> The recommendations to effect these improvements fall into three major groups: “quick fixes” to immediately improve a number of aspects of the business; development of effective information technology to deal with spare parts and the peculiarities of intermittent demand forecasting combined with appropriate decision support tools as part of an overall fleet management system; and administrative actions in the longer term to improve storage facilities, staff training, delivery, contracts and information flow. </s>
	  <s n="258"> Moreover, the Section reviewed the requirement and worked with the Procurement Division to negotiate systems contracts with vendors that offered more advantageous packages for warranty, training and other ancillary issues. </s>
	</p>
	<p n="155">
	  <s n="259"> Banking arrangements </s>
	</p>
	<p n="156">
	  <s n="260"> The Treasury is assisting peacekeeping missions in their banking arrangements, with particular attention given to negotiating lower bank charges and identifying more efficient and cost-effective procedures. </s>
	  <s n="261"> This includes the introduction of competitive bidding for banking services in missions where more than one bank can provide the required services, such as in UNMIK and in UNMIL. </s>
	  <s n="262"> In August 2002, a model banking agreement was developed to standardize practices among peacekeeping missions and to provide a level of security for funds held in the mission areas. </s>
	  <s n="263"> Agreements with various banks are currently being negotiated on the basis of that model. </s>
	</p>
	<p n="157">
	  <s n="264"> Conclusion </s>
	</p>
	<p n="158">
	  <s n="265"> The present report provides an overview of the administrative and budgetary aspects of the financing of the United Nations peacekeeping operations for the performance period 2002/03 and the budget period 2004/05. </s>
	  <s n="266"> The report summarizes enhancements in the results-based-budgeting methodology in peacekeeping and responds to requests made by the legislative bodies during the fifty-seventh session of the General Assembly. </s>
	</p>
	</body>
</text>
</DOC>