<?xml version="1.0" encoding="UTF-8"?>
<DOC lang="English" n="N0353582" id="A/58/395" date="2003/09/29">
<text>
	<body>
	<p n="1">
	  <s n="1"> Fifty-eighth session </s>
	</p>
	<p n="2">
	  <s n="2"> Agenda item 59 </s>
	</p>
	<p n="3">
	  <s n="3"> Strengthening of the United Nations system </s>
	</p>
	<p n="4">
	  <s n="4"> Strengthening of the United Nations: an agenda </s>
	</p>
	<p n="5">
	  <s n="5"> for further change </s>
	</p>
	<p n="6">
	  <s n="6"> Improvements to the current process of planning </s>
	</p>
	<p n="7">
	  <s n="7"> and budgeting </s>
	</p>
	<p n="8">
	  <s n="8"> Report of the Secretary-General </s>
	</p>
	<p n="9">
	  <s n="9"> Introduction </s>
	</p>
	<p n="10">
	  <s n="10"> The General Assembly, in its resolution 57/300, took note of the proposal of the Secretary-General, contained in action 21 of his report (A/57/387 and Corr.1) for a shorter, more strategic medium-term plan that is linked to the budget outline and requested him to submit a more detailed proposal to the Assembly, through the Advisory Committee on Administrative and Budgetary Questions, for consideration at its fifty-eighth session. </s>
	</p>
	<p n="11">
	  <s n="11"> The present report is submitted in compliance with that request and expands on the responses to issues raised and supplementary information contained in document A/57/CRP.3 concerning actions 21 and 22 of the aforementioned report of the Secretary-General. </s>
	  <s n="12"> It should be read in conjunction with the report of the Secretary-General entitled “Intergovernmental review of the medium-term plan and the programme budget” (A/57/786). </s>
	</p>
	<p n="12">
	  <s n="13"> Medium-term plan </s>
	</p>
	<p n="13">
	  <s n="14"> The medium-term plan is a translation of legislative mandates into programmes and subprogrammes. </s>
	  <s n="15"> Its objectives and strategies are derived from policy orientations and goals set by the intergovernmental organs. </s>
	  <s n="16"> It reflects Member States&apos; priorities, as set out in legislation adopted by functional and regional intergovernmental bodies within their spheres of competence and by the General Assembly, on advice from the Committee for Programme and Coordination. </s>
	  <s n="17"> The medium-term plan covers a four-year period and serves as the framework for the formulation of biennial programme budgets within the period covered by the plan. </s>
	  <s n="18"> It is partially revised, as necessary, every two years to incorporate required programme changes. </s>
	  <s n="19"> The priorities, as determined by the General Assembly, established in the medium-term plan guide the allocation of resources in the subsequent programme budgets. </s>
	</p>
	<p n="14">
	  <s n="20"> There are some 100 permanent intergovernmental bodies at Headquarters and at other duty stations, which provide overall direction for the programmes that fall within their respective field of competence. </s>
	  <s n="21"> There is therefore a substantial amount of oversight by Member States in formulating and defining the programme of work of the Organization at the sectoral level. </s>
	  <s n="22"> However, at the policy level, in terms of overall direction of the Organization, strategic planning and resource allocation, there is little comprehensive and coordinated guidance. </s>
	</p>
	<p n="15">
	  <s n="23"> While the Charter of the United Nations sets out clearly the principles and goals of the Organization, they are presented at the highest level of generality (e.g. “to maintain international peace and security”, “to achieve international cooperation in solving international problems of an economic, social, cultural, or humanitarian character”). </s>
	  <s n="24"> The medium-term plan is expected to cover shorter-term horizons, currently four years. </s>
	</p>
	<p n="16">
	  <s n="25"> The medium-term plan was originally intended to be a forward-looking document that set the stage for work to be carried out by the Organization on the basis of legislative mandates. </s>
	  <s n="26"> The planning process was to assure Member States that the work of the Organization would be conducted in a manner that had been approved and would be in compliance with the legislative intent. </s>
	  <s n="27"> It would also provide a more orderly, systematic and efficient design of programmes in the United Nations. </s>
	</p>
	<p n="17">
	  <s n="28"> However, some Member States have criticized the medium-term plan for being backward-looking since it is formulated on the basis of agreements that had already been concluded and is therefore insufficiently dynamic to address emerging trends and new challenges. </s>
	  <s n="29"> It is viewed as a means of control and constraint, not as a vehicle for new ideas and new approaches. </s>
	  <s n="30"> To those critics the medium-term plan is not a useful instrument since it is not a strategic document, but rather one that emphasizes activities instead of objectives and expected results. </s>
	</p>
	<p n="18">
	  <s n="31"> The point has also been made that the process involved in approving the medium-term plan is an important one for Member States to coordinate and reconcile potential inconsistencies between central and decentralized mandates as well as to express a shared commitment to the work of the Organization as a whole. </s>
	  <s n="32"> The existence of a medium-term plan provides a measure of assurance that actions to address new challenges would not be taken at the expense of actions that continue to be necessary to deal with persistent problems, particularly in the context of limited resources. </s>
	</p>
	<p n="19">
	  <s n="33"> Other shortcomings of the current system of programme planning, budgeting, monitoring and evaluation cited include: (a) little priority is given to formulation of the plan by programme managers or by many Member States; (b) expected accomplishments are not precise enough to be used as standards against which to measure the impact of United Nations programmes; (c) duplication exists between the text of the plan and the programme budget; (d) much more time is spent on reviewing plans and budgets than on implementation and evaluation. </s>
	</p>
	<p n="20">
	  <s n="34"> There have been many attempts over the years to improve the format and content of the medium-term plan. </s>
	  <s n="35"> The current medium-term plan for the period 2002-2005, as revised,1 reflects the application of a logical framework that is currently used for results-based budgeting, namely the categorization of objectives, expected accomplishments (also referred to herein as “expected results”) and indicators of achievement. </s>
	  <s n="36"> In formulating the plan, programme managers were required to focus on the raison d&apos;être of their programmes, not just on what they were required to deliver. </s>
	</p>
	<p n="21">
	  <s n="37"> The medium-term plan therefore should be an instrument of policy, not a listing of activities. </s>
	  <s n="38"> There is a distinction between (a) general mandates that provide the overall orientation of programmes and subprogrammes and (b) specific mandates that require the Secretary-General to undertake a particular activity or to deliver a specific output. </s>
	  <s n="39"> That distinction is an important one for the preparation of a medium-term plan, which should be a translation of general legislative mandates. </s>
	</p>
	<p n="22">
	  <s n="40"> The improvements in the presentation of the current medium-term plan for the period 2002-2005 were made in an effort to overcome current deficiencies in the programme planning cycle by distinguishing true objectives from activities and to facilitate discussion by Member States on the overall direction of programmes at the policy level, rather than on detailed activities of each department at the implementation level. </s>
	</p>
	<p n="23">
	  <s n="41"> The discussions of the Committee for Programme and Coordination and of the Fifth Committee have tended to focus more on the details of each and every subprogramme, which had to a large extent already been reviewed by specialized intergovernmental bodies, rather than on policy or coordination issues. </s>
	  <s n="42"> Instead of assessing results or providing overall direction and guidance on programme changes, continuing validity of legislative decisions, issues of duplication, coherence, compatibility and complementarity, as required by the terms of reference of the Committee for Programme and Coordination, the review of the medium-term plans has consisted mainly in making editorial changes which had no significant impact on the overall direction and balance of the Organization&apos;s programmes. </s>
	</p>
	<p n="24">
	  <s n="43"> Another issue associated with the medium-term plan is the difficulty with identifying priorities. </s>
	  <s n="44"> Priorities, according to the Regulations and Rules Governing Programme Planning, should be based on the importance of the objective to Member States, the Organization&apos;s capacity to achieve that objective and the real effectiveness and usefulness of the results. </s>
	  <s n="45"> Member States have been reluctant to decide on priorities, given the fact that some objectives are important to some Member States and other objectives are important to other Member States. </s>
	  <s n="46"> That has usually resulted in priorities being designated for a wide range of issues covering almost every programme. </s>
	  <s n="47"> Furthermore, there was no demonstrated linkage between such designations and the allocation of resources. </s>
	</p>
	<p n="25">
	  <s n="48"> The current four-year medium-term plan reflects programme objectives derived from legislative mandates and expected accomplishments proposed by the Secretariat for implementation any time within a four-year period. </s>
	  <s n="49"> A two-year planning period would provide a better focus for accountability as to expected accomplishments. </s>
	  <s n="50"> While long and medium-term objectives of the Organization to fulfil legislative mandates would continue to be reflected under the “objectives” heading of each subprogramme, the expected accomplishments would be strictly limited to results which could be achieved by the Secretariat within a two-year plan period. </s>
	  <s n="51"> Therefore, a shorter plan period would ensure that the mandates reflected would be more up-to-date and would reduce the time between the initial preparation of the plan to the end of the plan period by two years, thereby enhancing accountability of programme managers. </s>
	</p>
	<p n="26">
	  <s n="52"> With respect to timing in terms of the medium-term plan being considered at the same time as the budget outline, both documents are considered in the same year, but currently they are considered separately. </s>
	  <s n="53"> The proposal for the plan and the outline to cover the same period and be considered concurrently by the General Assembly is intended to ensure that decisions on the level of resources are taken on the basis of a clear linkage between programmatic needs and related resource provisions. </s>
	</p>
	<p n="27">
	  <s n="54"> A biennial programme plan combined with the budget outline would better link decisions taken with respect to overall direction of programmes and those taken with respect to the level of resources. </s>
	</p>
	<p n="28">
	  <s n="55"> The replacement of the present four-year medium-term plan by a biennial programme plan which would constitute part one of the strategic framework would call for it to be renamed as “Strategic framework for the biennium 20xx-20xx: Part One, Biennial Programme Plan”. </s>
	  <s n="56"> The strategic framework would be presented in such a way that the programmes can be clearly related to the “parts” of the outline and the programme budget. </s>
	</p>
	<p n="29">
	  <s n="57"> Each programme of the strategic framework would continue to be reviewed by specialized intergovernmental bodies, where feasible and appropriate, and by the Committee for Programme and Coordination. </s>
	  <s n="58"> The consolidated strategic framework, together with the recommendations of the Committee for Programme and Coordination on Part One, would also include a second part — the budget outline — for consideration by the Advisory Committee on Administrative and Budgetary Questions and the Fifth Committee. </s>
	</p>
	<p n="30">
	  <s n="59"> Budget outline </s>
	</p>
	<p n="31">
	  <s n="60"> The budget outline, as defined by the General Assembly in its resolution 41/213, provides Member States with preliminary estimates for the Secretary-General&apos;s proposed biennial programme budget, the intention being that Member States agree on the overall level of resources for the budget before the programme budget is prepared. </s>
	</p>
	<p n="32">
	  <s n="61"> The budget outline consists of one overall amount presented to the Assembly for review and action. </s>
	  <s n="62"> In the annex to the outline, preliminary indicative estimates by parts of the budget are provided for information. </s>
	  <s n="63"> The budget outline describes proposed technical additions to resource requirements (such as full costing of new posts approved for the previous biennium), elimination of one-time costs no longer required, and additional resource requirements resulting from programme changes in response to new legislative mandates. </s>
	  <s n="64"> The outline also includes proposals for priorities, information on real growth compared with the previous budget and proposals for the size of the contingency fund. </s>
	</p>
	<p n="33">
	  <s n="65"> The budget outline is considered by the Committee for Programme and Coordination, the Advisory Committee on Administrative and Budgetary Questions and the General Assembly. </s>
	  <s n="66"> Such reviews have added little value in terms of providing strategic direction for the allocation of resources. </s>
	  <s n="67"> Although the medium-term plan and its revisions are also considered in the off-budget year, they have not been subject to integrated review with the outline. </s>
	</p>
	<p n="34">
	  <s n="68"> To ensure that the allocation of resources for the regular budget is better linked to programme changes, it is proposed that the budget outline be expanded to include additional information on key programmatic changes, as well as additional information on changes in resource requirements to reflect those programmatic changes. </s>
	  <s n="69"> Such additional information would provide Member States with a clearer picture of what would change for each part of the budget, with respect to both programme and resource requirements. </s>
	  <s n="70"> Decision-making, therefore, would be facilitated. </s>
	  <s n="71"> The outline would become Part Two of the strategic framework. </s>
	</p>
	<p n="35">
	  <s n="72"> Programme budget </s>
	</p>
	<p n="36">
	  <s n="73"> With the introduction of the strategic framework, as proposed above, the programmatic aspects of the subsequent budget would be identical to those reflected in Part One of the strategic framework. </s>
	  <s n="74"> Intergovernmental bodies, including the Committee for Programme and Coordination, would no longer be required to review again the programmatic aspects of the proposed programme budget, reaffirming the earlier proposal of the Secretary-General that consideration of the programme budget be carried out by the Advisory Committee on Administrative and Budgetary Questions and the Fifth Committee. </s>
	</p>
	<p n="37">
	  <s n="75"> Consistent with the need to focus on expected results rather than on outputs, the format of the programme budget would be further modified. </s>
	  <s n="76"> Summary tabulations of outputs at the level of each subprogramme would be provided. </s>
	  <s n="77"> That responds to concerns of the Advisory Committee about the current presentation of output information. </s>
	  <s n="78"> The detailed cataloguing of individual outputs would no longer feature in the main part of each budget fascicle and would be provided, together with the details of resource requirements, as supplementary information for the Advisory Committee. </s>
	  <s n="79"> That modification would facilitate consideration by Member States of overall policy direction for each programme and key issues of strategic importance. </s>
	  <s n="80"> Member States would continue to receive the guidance of the Advisory Committee. </s>
	</p>
	<p n="38">
	  <s n="81"> Monitoring and evaluation </s>
	</p>
	<p n="39">
	  <s n="82"> In compliance with the Regulations and Rules Governing Programme Planning, at the close of each biennium the Secretary-General is required to monitor accomplishments, as measured by the delivery of outputs scheduled in the approved programme budget. </s>
	  <s n="83"> In-depth evaluations and self-evaluations are also required to be undertaken to determine the relevance, efficiency, effectiveness and impact of the Organization&apos;s activities in relation to their objectives. </s>
	  <s n="84"> The Office of Internal Oversight Services has overall responsibility for the monitoring and evaluation functions of the Secretariat. </s>
	</p>
	<p n="40">
	  <s n="85"> A significant amount of time is spent by the Secretariat and intergovernmental bodies reviewing the plan and budget prior to their adoption. </s>
	  <s n="86"> Disproportionately, hardly any time is devoted to the assessment of the results achieved at the end of the budget or plan period. </s>
	  <s n="87"> Furthermore, the existing systems for reporting and evaluating the performance of programmes are not always used to facilitate the reformulation of programmes or influence the introduction of new programmes. </s>
	</p>
	<p n="41">
	  <s n="88"> The lack of impact of current evaluation studies is partly due to insufficient coverage. </s>
	  <s n="89"> In the case of the in-depth evaluations, only one or two programmes, are covered each year. </s>
	  <s n="90"> While performance reporting covers all programmes it only recently moved into providing systematic qualitative assessments. </s>
	  <s n="91"> In addition, most evaluation studies submitted to the Committee for Programme and Coordination address mainly implementation issues. </s>
	</p>
	<p n="42">
	  <s n="92"> The Committee has repetitively recommended that evaluation reports be submitted to the intergovernmental or expert organs directly concerned with each programme. </s>
	  <s n="93"> That is a valid recommendation which could be the first step in achieving the desired impact of redefining the substantive content of programmes, where appropriate. </s>
	  <s n="94"> Further steps, however, may be necessary, as deliberations in the specialized intergovernmental bodies tend to focus on substantive issues to the exclusion of the role of the Secretariat in terms of its programme of work designed to address those issues. </s>
	  <s n="95"> In terms of monitoring and evaluating the work of the Secretariat, the role of specialized intergovernmental bodies has been minimal. </s>
	</p>
	<p n="43">
	  <s n="96"> Only in a few cases have specialized intergovernmental bodies established subcommittees to deliberate on the work of the Secretariat. </s>
	  <s n="97"> As a result, the monitoring and evaluation functions have fallen almost entirely on the shoulders of the Committee for Programme and Coordination. </s>
	  <s n="98"> Once again, however, the time devoted to examining the results achieved or the impact of United Nations programmes is minimal, particularly when compared with the lengthy process of preparing and reviewing proposed plans and budgets. </s>
	  <s n="99"> In his report on intergovernmental review of the medium-term plan and the programme budget (A/57/786), the Secretary-General foresees an enhanced role for the Committee for Programme and Coordination in monitoring and evaluating the Organization&apos;s work. </s>
	</p>
	<p n="44">
	  <s n="100"> Another matter of concern is the apparent reluctance of some Member States to permit evaluations to address “relevance” and “impact”, in spite of the requirements of the Regulations and Rules Governing Programme Planning. </s>
	  <s n="101"> At its fifty-fifth session, the Committee for Programme and Coordination deleted those specific words from the medium-term plan for the period 2002-2005 for the programme on internal oversight. </s>
	  <s n="102"> While it is clear that Member States are the final arbiters of relevance of the work of the Organization, it would seem logical and important for them to review periodically whether activities undertaken adequately respond to legislative mandates. </s>
	  <s n="103"> That is certainly consistent with the results-based budgeting approach, endorsed by the General Assembly in 2000. </s>
	</p>
	<p n="45">
	  <s n="104"> With respect to the question of “impact” of the Organization&apos;s programmes, the objectives, expected accomplishments and indicators of achievement articulated in the medium-term plan for the period 2002-2005 and in the related biennial programme budgets have been formulated to address not only the quality or efficiency of the work of the Secretariat, but also the effectiveness and impact of the work in terms of benefits or positive changes in conditions of their intended beneficiaries. </s>
	  <s n="105"> Such assessments are essentially a measure of the degree to which the Organization has managed to achieve its collective goals, working in partnership with Member States. </s>
	</p>
	<p n="46">
	  <s n="106"> A number of improvements are already under way. </s>
	  <s n="107"> The introduction of results-based budgeting has provided programme managers with an additional tool for anticipating their future planning, programmatic and resource requirements. </s>
	  <s n="108"> Results-based budgeting has required the use of the logical framework for articulating objectives, expected accomplishments and indicators of achievement prior to implementation and has required programme managers to track their indicators. </s>
	  <s n="109"> Self-monitoring and self-evaluation techniques and systems are, in the course of a biennium, indispensable for measuring progress towards expected results and for anticipating and preparing future work. </s>
	</p>
	<p n="47">
	  <s n="110"> As a consequence of the implementation of results-based budgeting, a revamped biennial programme performance report for the 2002-2003 reporting period is being proposed. </s>
	  <s n="111"> The new format report will provide Member States more information on the attainment of expected results, rather than just a quantitative listing of outputs delivered, as has been the case in the past. </s>
	  <s n="112"> In addition, more emphasis is being given to the evaluation by programme managers. </s>
	  <s n="113"> The self-evaluation exercises will identify what has worked and what has not. </s>
	  <s n="114"> The results will be used as an input for the preparation of future work plans. </s>
	  <s n="115"> The Office of Internal Oversight Services is responsible for self-evaluation quality standards and methodology and will ensure that self-evaluations and statements of results prepared by programme managers are credible and useful. </s>
	  <s n="116"> A more systematic use of self-evaluation findings in performance reporting will provide a level of consistent coverage that cannot be obtained through in-depth evaluations and other formal evaluations. </s>
	</p>
	<p n="48">
	  <s n="117"> Formal evaluations, however, are necessary for the comprehensive review of programmes, functions or activities implemented in different parts of the Secretariat, at strategic moments in the evolution of those programmes or to respond to current intergovernmental concerns. </s>
	  <s n="118"> In other organizations, the schedule of evaluations includes different formats of evaluation to satisfy different purposes. </s>
	</p>
	<p n="49">
	  <s n="119"> The Secretary-General has made proposals to introduce the addition of thematic evaluations in the schedule of evaluation approved by the Committee for Programme and Coordination. </s>
	  <s n="120"> Those evaluations will review activities related to a single theme, but which are implemented in different parts of the Secretariat. </s>
	  <s n="121"> Improving the communication of findings that are presented in the evaluations reports by using specific summaries or developing points of interest for a specific audience, would also contribute to greater utilization of evaluation results by the Secretariat and intergovernmental bodies. </s>
	  <s n="122"> Improving the practice of self-evaluation by programme managers as well as ensuring better utilization of evaluation findings will require efforts that cannot be sustained without the allocation of earmarked resources, an approach which is currently limited to a few programmes only. </s>
	</p>
	<p n="50">
	  <s n="123"> The timeliness of reporting the results of programme monitoring and evaluation needs is critical to strengthening the overall planning and budgeting cycle. </s>
	  <s n="124"> The programme performance report covers a biennial period and, obviously, needs to be prepared when the period has ended. </s>
	  <s n="125"> However, that is also a time when plans and budgets for the new period have already been adopted. </s>
	  <s n="126"> The timing of the report reduces its usefulness. </s>
	  <s n="127"> Solutions, such as preparing a mid-term review or a progress report, must be explored. </s>
	  <s n="128"> The schedule and agenda of intergovernmental discussions could also be revised. </s>
	  <s n="129"> Regarding evaluations, their schedule of delivery is much more flexible and decisions on their schedule should take into account the needs of stakeholders for feedback on the performance of the Secretariat and the time when they can make the best use of that feedback. </s>
	</p>
	<p n="51">
	  <s n="130"> Role of the Committee for Programme and Coordination </s>
	</p>
	<p n="52">
	  <s n="131"> The matters addressed above have an impact on the future role of the Committee for Programme and Coordination. </s>
	  <s n="132"> The Secretary-General, in his report on intergovernmental review of the medium-term plan and the programme budget (A/57/786), recommended that the General Assembly review the functions of the Committee for Programme and Coordination with a view to enhancing its effectiveness in the areas of monitoring and evaluation. </s>
	  <s n="133"> As mentioned above, the Committee for Programme and Coordination has not always adhered fully to its terms of reference. </s>
	</p>
	<p n="53">
	  <s n="134"> Upon further reflection and in the light of the above recommendations on the medium-term plan and the budget outline, it is proposed that review of the medium-term plan (to be renamed the “biennial programme plan”), to be contained in the first part of the strategic framework, remain the responsibility of the Committee for Programme and Coordination. </s>
	  <s n="135"> The review of the budget outline (the second part of the strategic framework) and programme budgets would be undertaken by the Advisory Committee on Administrative and Budgetary Questions and the Fifth Committee. </s>
	  <s n="136"> Such an arrangement would eliminate the duplicative review by the Committee for Programme and Coordination of the objectives, expected accomplishments and indicators of achievement which currently takes place as a result of its consecutive review of the medium-term plan and the subsequent proposed programme budget. </s>
	</p>
	<p n="54">
	  <s n="137"> Conclusions </s>
	</p>
	<p n="55">
	  <s n="138"> The Secretary-General is committed to facilitating intergovernmental debate in order to ensure that he receives proper guidance on the future direction of the Organization and on the allocation of resources. </s>
	  <s n="139"> The focus of Member States should be on policy issues. </s>
	  <s n="140"> It should not be on whether or not individual outputs are delivered, but rather on whether or not expected results occurred in order to meet objectives. </s>
	  <s n="141"> It should not be on whether there is an increase of $15,000 for furniture and equipment for a particular programme, but rather on whether resources for that programme are adequate for attaining its expected results. </s>
	  <s n="142"> By producing a strategic framework, which combines the present medium-term plan and the budget outline, Member States would be enabled to make a strategic connection between the plan and resource allocation and to provide guidance to the Secretary-General accordingly. </s>
	</p>
	<p n="56">
	  <s n="143"> Member States, in the Millennium Declaration, have reaffirmed their commitment to the purposes and principles of the Charter of the United Nations and have resolved to take action with respect to matters of peace, security and disarmament; development and poverty eradication; protection of our common environment; human rights, democracy and good governance; protection of the vulnerable; meeting the special needs of Africa; as well as strengthening the United Nations. </s>
	</p>
	<p n="57">
	  <s n="144"> To that end, the Secretary-General is committed to ensuring that the Organization becomes fully results-oriented. </s>
	  <s n="145"> It is not enough to be efficient. </s>
	  <s n="146"> Nor is it enough to reorganize or restructure, to improve or to comply. </s>
	  <s n="147"> Member States need to be informed not only on issues of programme and organizational improvement, oversight and compliance, but also on the merit and worth of programmes. </s>
	  <s n="148"> The work of the Organization must also be effective and its programmes must continue to be instruments for positive change for the intended beneficiaries, thereby reflecting the real intent of legislative mandates. </s>
	  <s n="149"> It is therefore important to ensure that the programmes of the Organization are all geared towards making that contribution and achieving their objectives. </s>
	  <s n="150"> It is also important to ensure that the work of the Organization is financed adequately in order to carry out the directives of Member States in an efficient as well as effective manner. </s>
	</p>
	<p n="58">
	  <s n="151"> It is recommended that the General Assembly approve the following features of an improved planning and budgeting system: </s>
	</p>
	<p n="59">
	  <s n="152"> (a) A medium-term plan that would cover a two-year period, to be renamed “part one, biennial programme plan” and combined with “part two, budget outline”, so as to constitute a “strategic framework” for the Organization; </s>
	</p>
	<p n="60">
	  <s n="153"> (b) An expansion of the detail contained in the budget outline, including additional information on programmatic and resource changes; </s>
	</p>
	<p n="61">
	  <s n="154"> (c) Further improvement to the format and content of the proposed programme budget to facilitate decision-making at the policy level; </s>
	</p>
	<p n="62">
	  <s n="155"> (d) A revision of the role of the Committee for Programme and Coordination, one that would encompass the review of “part one, biennial programme plan” but exclude review of “part two, budget outline” of the strategic framework of the proposed programme budget; </s>
	</p>
	<p n="63">
	  <s n="156"> (e) A modified biennial programme performance report which would focus on the achievement of expected results; </s>
	</p>
	<p n="64">
	  <s n="157"> (f) Improved format and timing of evaluation reports; </s>
	</p>
	<p n="65">
	  <s n="158"> (g) Identification of resources for monitoring and evaluation activities in all sections of the budget; </s>
	</p>
	<p n="66">
	  <s n="159"> (h) Strengthening of the monitoring and evaluation functions of the Committee for Programme and Coordination in order to determine the continuing relevance, efficiency, effectiveness and impact of the work of the Organization. </s>
	</p>
	<p n="67">
	  <s n="160"> Notes </s>
	</p>
	<p n="68">
	  <s n="161"> 1 Official Records of the General Assembly, Fifty-seventh Session, Supplement No. 6 (A/57/6/Rev.1). </s>
	</p>
	</body>
</text>
</DOC>