<?xml version="1.0" encoding="UTF-8"?>
<DOC lang="English" n="N0360198" id="A/58/556" date="2003/11/07">
<text>
	<body>
	<p n="1">
	  <s n="1"> Fifty-eighth session </s>
	</p>
	<p n="2">
	  <s n="2"> Agenda item 121 </s>
	</p>
	<p n="3">
	  <s n="3"> Proposed programme budget for the biennium 2004-2005 </s>
	</p>
	<p n="4">
	  <s n="4"> Plans for three additional conference rooms and viable solutions for allowing natural light into the rooms </s>
	</p>
	<p n="5">
	  <s n="5"> * The preparation of the report was delayed owing to the need to complete consultations within the Secretariat. </s>
	</p>
	<p n="6">
	  <s n="6"> Report of the Secretary-General* </s>
	</p>
	<p n="7">
	  <s n="7"> Contents </s>
	</p>
	<p n="8">
	  <s n="8"> Introduction </s>
	</p>
	<p n="9">
	  <s n="9"> In its resolution 57/292 of 20 December 2002, the General Assembly requested the Secretary-General to submit plans for three new conference rooms, including the information used to determine the need for that additional space and the size of each room. </s>
	  <s n="10"> It also requested the Secretary-General to include viable solutions for allowing natural light into the rooms with a view to ensuring healthy conditions. </s>
	</p>
	<p n="10">
	  <s n="11"> Over the course of the development of the capital master plan and planning for the future locations of major functions, possibilities have arisen for better utilizing existing space. </s>
	  <s n="12"> Among these is the possibility of creating three new mid-sized conference rooms on the first basement level of the Headquarters building, which was identified in the capital master plan report submitted to the General Assembly in June 2000 (A/55/117 and Add.1). </s>
	  <s n="13"> The existing broadcast and conference engineering facilities on the first basement level of the General Assembly building are technology-intensive spaces and are required to remain operational throughout the implementation of the capital master plan. </s>
	  <s n="14"> The most cost-effective way to create the appropriate environment for modern broadcast and conference engineering is to create a new facility within the complex and to relocate this function to that new facility. </s>
	  <s n="15"> The relocation will result in the release of the existing space for other uses. </s>
	</p>
	<p n="11">
	  <s n="16"> As a result of the expansion of membership from the originally anticipated 70 Member States to 191, the Organization&apos;s increasing interaction with non-governmental organizations and civil society, and the need for the funds and programmes to use conference facilities, it was recognized that new conference rooms would be an appropriate use of available space to meet current and future requirements of the Organization. </s>
	  <s n="17"> Three new mid-sized conference rooms have been included in the proposed scope of the capital master plan. </s>
	  <s n="18"> The new facilities would include both conference rooms and supporting spaces (interpretation booths, lobby and entry spaces, support offices and mechanical rooms). </s>
	</p>
	<p n="12">
	  <s n="19"> The projected budget for the capital master plan is $1,049 million, plus or minus 10 per cent, including $6 million for the cost of creating the new conference rooms, with all costs related to the design, construction and furnishing of the rooms, the support spaces and associated mechanical systems included. </s>
	</p>
	<p n="13">
	  <s n="20"> Basis for new conference rooms </s>
	</p>
	<p n="14">
	  <s n="21"> History and principles </s>
	</p>
	<p n="15">
	  <s n="22"> During 2002 and 2003, there has been a shortage of rooms for both calendar and ad hoc meetings. </s>
	  <s n="23"> For meetings of calendar bodies only, in the first 30 weeks of 2002 and of 2003 there were shortages of 13 and 18 weeks, respectively, in respect of medium-sized and/or small rooms. </s>
	  <s n="24"> During the main parts of the sessions of the General Assembly, there was a general shortage of rooms, including large rooms, even though no subsidiary organ of the General Assembly is allowed to meet at that time. </s>
	  <s n="25"> During the rest of the year, the demand for medium-sized and small rooms exceeded availability most of the time. </s>
	</p>
	<p n="16">
	  <s n="26"> For intergovernmental meetings, the deficit is mostly in medium-sized rooms for informal consultations and drafting groups, an essential part of the intergovernmental process. </s>
	  <s n="27"> The Department for General Assembly and Conference Management is often unable to meet the demands of such bodies. </s>
	  <s n="28"> In addition, it is often impossible to accommodate the ongoing requests from permanent missions and United Nations organizations, including specialized agencies, as well as other requests for Secretariat departmental meetings, training seminars and events hosted by departments. </s>
	</p>
	<p n="17">
	  <s n="29"> The changing nature of the deliberating process of intergovernmental organs has led to an increasing demand for medium-sized rooms for round tables, briefings, meetings of regional and other major groupings, extended bureaux, etc. </s>
	  <s n="30"> Many such meetings have to be held in large or small rooms, although during periods of high volume, such as during special conferences and the regular or special sessions of the General Assembly, there is sometimes a shortage of these rooms as well. </s>
	  <s n="31"> Holding a meeting in a larger than ideal room can be just as disadvantageous for the purposes of the meeting as holding it in a far too small room. </s>
	</p>
	<p n="18">
	  <s n="32"> The rigidity of the seating arrangements in the existing rooms limits their utility and further complicates the assignment of appropriate rooms (both in size and in seating arrangement). </s>
	  <s n="33"> This is especially troublesome in the case of high-profile meetings such as round tables attended by heads of State. </s>
	</p>
	<p n="19">
	  <s n="34"> Future requirements </s>
	</p>
	<p n="20">
	  <s n="35"> In the light of the foregoing, the Secretary-General continues to believe that three additional medium-sized rooms would make optimum use of the available space. </s>
	  <s n="36"> In order to accommodate the wide range and variety of needs, one of the rooms should be able to seat 100 at table, in classroom style, and the other two up to 60. </s>
	  <s n="37"> The latter rooms should be easily combinable, including their sound systems. </s>
	  <s n="38"> Flexible seating is also essential in these two rooms, and would be desirable also in the third room. </s>
	</p>
	<p n="21">
	  <s n="39"> Introduction of natural light </s>
	</p>
	<p n="22">
	  <s n="40"> The new conference rooms will be bound on the south, west and a portion of the east by existing corridors on the first basement level (see annex). </s>
	  <s n="41"> The corridor on the south side, which connects the Conference building and the General Assembly building, is a bottleneck for circulation in the first basement and is normally the location of conference exhibits and displays. </s>
	  <s n="42"> For this reason, major exits and entrances to the new conference rooms should not be placed in this location. </s>
	  <s n="43"> By contrast, the east and west corridors are underutilized and therefore could handle the additional load created by the introduction of the new conference rooms. </s>
	</p>
	<p n="23">
	  <s n="44"> The existing basement structure is a concrete-encased steel frame with spans varying in length from 28 feet (8.5 metres) to 62 feet (19.2 metres), with areas densely occupied by columns and open, column-free space. </s>
	  <s n="45"> The relocation of columns or major beams would be difficult and expensive, whereas the structure lends itself to being modified between framing members (including openings) without extensive shoring and reinforcing. </s>
	  <s n="46"> The exterior wall can also be opened between columns without reinforcement. </s>
	</p>
	<p n="24">
	  <s n="47"> Additionally, the existing floor of the broadcast facility is lower than the general floor elevation by 2.3 feet (0.7 metres). </s>
	  <s n="48"> This offers the opportunity for higher ceilings in the new conference rooms and level access to the interpretation booths. </s>
	</p>
	<p n="25">
	  <s n="49"> A security risk and threat assessment of the General Assembly and Conference buildings resulted in a recommendation to the effect that all openings in the structure of the building in this area facing east will require ballistic protection. </s>
	</p>
	<p n="26">
	  <s n="50"> Two components can be combined to optimize the distribution of natural light. </s>
	  <s n="51"> The first component is the introduction of openings in the existing structure to enable light to enter the conference rooms and the adjacent spaces. </s>
	  <s n="52"> Both wall window openings and roof skylights were considered. </s>
	  <s n="53"> The second component is the introduction of interior finishes and/or light diffusers inside the new conference rooms to control the distribution of the light. </s>
	</p>
	<p n="27">
	  <s n="54"> Windows. </s>
	  <s n="55"> Openings on the east wall of the facility would be facing the rose garden. </s>
	  <s n="56"> These windows would provide a high level of natural light to the new conference rooms. </s>
	  <s n="57"> Although for security reasons no conference rooms would open directly to the exterior, the east walls would be translucent, allowing light to enter. </s>
	  <s n="58"> This light would be controlled by a passive (e.g., drapes, shades or blinds) or active (e.g., mechanical blinds) system. </s>
	</p>
	<p n="28">
	  <s n="59"> Skylights. </s>
	  <s n="60"> The extent to which skylights can be used to provide light in the new conference room area is limited by the layout and perimeter of the buildings above them. </s>
	  <s n="61"> Approximately one third of the ceiling area is suitable for the introduction of skylights. </s>
	  <s n="62"> Two options for skylights were studied, one in which they would be raised off the ground and the other a system of translucent horizontal paving panels. </s>
	</p>
	<p n="29">
	  <s n="63"> The installation of either skylight alternative will require interior finishes that distribute and diffuse light throughout the rooms. </s>
	  <s n="64"> This is particularly important because it is not possible to locate the skylights across the entire ceiling space. </s>
	  <s n="65"> To promote an even distribution of light, either a system of reflectors or a ceiling system of baffles and filters would need to be installed to modulate the brightness of natural light to within the range of interior light. </s>
	</p>
	<p n="30">
	  <s n="66"> Heat gain from added skylights and window walls would be considered in the design of the mechanical systems. </s>
	  <s n="67"> It is not expected that this additional load would have a significant effect on the overall cooling or heating load in the space, and it therefore would not have any significant cost impact on mechanical systems. </s>
	  <s n="68"> Skylights would be insulated and have energy-efficient coatings, as required by codes. </s>
	  <s n="69"> The mechanical systems for this area would be independent from the rest of the building. </s>
	</p>
	<p n="31">
	  <s n="70"> Care would be required to ensure that glare was minimized in the conference rooms. </s>
	  <s n="71"> To control the light coming into a room, an array of measures would be necessary. </s>
	  <s n="72"> The design would require such light control equipment as baffles, deflectors, filters and adjustable blinds. </s>
	  <s n="73"> These features would be designed into the skylights themselves and into the general configuration and finishes of the rooms. </s>
	</p>
	<p n="32">
	  <s n="74"> All new or modified wall and roof areas would be reinforced, connections would be designed, and glazing and skylights would be selected. </s>
	  <s n="75"> Skylights would be fitted with diffusing glass so that there would be no direct views into the conference rooms. </s>
	  <s n="76"> Windows opening to the conference rooms would be similarly protected. </s>
	</p>
	<p n="33">
	  <s n="77"> The function of the rooms requires the ability to present information through a variety of media, many of which will require varying degrees of darkness. </s>
	  <s n="78"> To that end, it is required that the light-control equipment be capable of blocking the light. </s>
	</p>
	<p n="34">
	  <s n="79"> Layout options for the conference rooms </s>
	</p>
	<p n="35">
	  <s n="80"> In planning the layout for the new conference rooms, four criteria were used: (a) the requirements defined in paragraphs 9 to 13 above; (b) optimization of natural light for the conference and gathering spaces; (c) minimizing impact on pedestrian circulation flow; and (d) overall cost. </s>
	  <s n="81"> Three options have been analysed as follows: </s>
	</p>
	<p n="36">
	  <s n="82"> Option 1: lobby along east corridor </s>
	</p>
	<p n="37">
	  <s n="83"> Although this option allows for the delegate spaces (the conference rooms, lounge and circulation areas) to be located in the area adjacent to the rose garden, where the best opportunities exist for the incorporation of windows, it locates the entry to the conference area at the connecting corridor between the General Assembly and Conference buildings (the “neck”), complicating the first basement circulation and limiting the addition of skylights to three of them in the larger conference room only. </s>
	</p>
	<p n="38">
	  <s n="84"> Option 2: conference rooms rotated at an angle </s>
	</p>
	<p n="39">
	  <s n="85"> This option locates the primary entries into the conference area from the east and west corridor, minimizing any potential circulation problems from the “neck” area. </s>
	  <s n="86"> In addition, it aligns the conference rooms with the structure above, permitting the addition of nine skylights (covering approximately half of the two smaller conference rooms and all of the larger one). </s>
	  <s n="87"> It reduces the area obstructed by the columns within the conference rooms and interpretation booths. </s>
	</p>
	<p n="40">
	  <s n="88"> Option 3: lobby along west corridor </s>
	</p>
	<p n="41">
	  <s n="89"> This option locates the conference rooms at the eastern edge of the space. </s>
	  <s n="90"> It allows for the addition of 13 skylights (covering the entire area of each conference room) and eliminates any column obstructions. </s>
	  <s n="91"> However, this location does not permit windows on the east wall. </s>
	  <s n="92"> This scheme also differs from the other options in that it locates the entry, lounge and circulation areas along the west corridor. </s>
	</p>
	<p n="42">
	  <s n="93"> All three options have the potential for the addition of skylights, to varying degrees. </s>
	  <s n="94"> Window openings can be added in options 1 and 2. </s>
	  <s n="95"> The additional cost of including windows along the east wall and translucent panels in the conference rooms would be $552,000. </s>
	  <s n="96"> The cost of installing one raised and one flush-mounted skylight would be $210,000 and $83,000, respectively. </s>
	  <s n="97"> The cost for each skylight includes all additional costs related to the interior finishes within each conference room. </s>
	</p>
	<p n="43">
	  <s n="98"> Table Additional costs of introducing the maximum practical amount of natural light into the conference rooms </s>
	</p>
	<p n="44">
	  <s n="99"> (Millions of United States dollars) </s>
	</p>
	<p n="45">
	  <s n="100"> Of the two skylight types, flush skylights are recommended. </s>
	  <s n="101"> Flush skylights are visually less obtrusive and easier to harmonize with the existing architecture. </s>
	  <s n="102"> They are also less costly than raised skylights. </s>
	</p>
	<p n="46">
	  <s n="103"> Since the other costs of the various options are similar, the natural light alternatives presented are the only cost variable. </s>
	  <s n="104"> Depending on the option and the method of diffusing the natural light, the costs for introducing natural light through flush skylights, with windows where feasible, range from $0.7 million to $1.2 million. </s>
	</p>
	<p n="47">
	  <s n="105"> Conclusions </s>
	</p>
	<p n="48">
	  <s n="106"> The basis for the proposal to create three additional conference rooms and the specific requirements for each room have been re-examined. </s>
	  <s n="107"> On the basis of recent demands and future trends, one larger conference room with a seating capacity of 100 delegates and two combinable smaller conference rooms with a seating capacity of 60 delegates each will be required in the future. </s>
	</p>
	<p n="49">
	  <s n="108"> Natural light can be introduced into the new conference rooms through skylights or, in options 1 and 2, through windows. </s>
	  <s n="109"> The introduction of natural light would increase the cost of the rooms by $0.7 million to $1.2 million, depending on the scheme selected. </s>
	</p>
	<p n="50">
	  <s n="110"> Options 2 and 3 fully satisfy the basic criteria. </s>
	  <s n="111"> These options will be pursued in the design development work of the capital master plan. </s>
	  <s n="112"> During the confirmation phase of design development, it will be necessary to select a single option. </s>
	  <s n="113"> The decision to include construction options to introduce natural light into the conference rooms will be subject to the overall cost of the refurbishment of the General Assembly building as a whole, while remaining within the budget at subsequent phases. </s>
	</p>
	<p n="51">
	  <s n="114"> The General Assembly may wish to take note of the information contained in the present report and offer its views on the information herein so that they are reflected in the design development. </s>
	</p>
	<p n="52">
	  <s n="115"> Final page prepared for offset. </s>
	</p>
	</body>
</text>
</DOC>