<?xml version="1.0" encoding="UTF-8"?>
<DOC lang="English" n="N0452590" id="A/59/388" date="2004/09/27">
<text>
	<body>
	<p n="1">
	  <s n="1"> Fifty-ninth session </s>
	</p>
	<p n="2">
	  <s n="2"> Agenda items 114 and 118 </s>
	</p>
	<p n="3">
	  <s n="3"> Human resources management </s>
	</p>
	<p n="4">
	  <s n="4"> Report of the Secretary-General on the activities of the Office of Internal Oversight Services </s>
	</p>
	<p n="5">
	  <s n="5"> Report on the availability in local labour markets of the skills for which international recruitment for the General Service category takes place </s>
	</p>
	<p n="6">
	  <s n="6"> * Finalization of the report was delayed owing to the need for extensive consultations on changes that may affect the Staff Rules. </s>
	</p>
	<p n="7">
	  <s n="7"> Note by the Secretary-General* </s>
	</p>
	<p n="8">
	  <s n="8"> Pursuant to General Assembly resolutions 48/218 B of 29 July 1994, 54/244 of 23 December 1999 and 58/270 of 23 December 2003, the Secretary-General has the honour to transmit, for the attention of the General Assembly, the attached report, conveyed to him by the Under-Secretary-General for Internal Oversight Services, on the study of the availability in local labour markets of the skills for which international recruitment for the General Service category takes place. </s>
	</p>
	<p n="9">
	  <s n="9"> The Secretary-General takes note of the findings and concurs with the recommendations. </s>
	</p>
	<p n="10">
	  <s n="10"> Report of the Office of Internal Oversight Services on the availability in local labour markets of the skills for which international recruitment for the General Service category takes place </s>
	</p>
	<p n="11">
	  <s n="11"> Contents </s>
	</p>
	<p n="12">
	  <s n="12"> Introduction </s>
	</p>
	<p n="13">
	  <s n="13"> In response to the General Assembly request in its resolution 58/270 of 23 December 2003 to conduct “a study on the availability in local labour markets of the skills for which international recruitment for the General Service category now takes place”, OIOS assessed the use of international benefits for staff in the General Service category throughout the Organization. </s>
	  <s n="14"> Since 68 per cent of the 304 staff in the General Service category receiving international benefits are working in Text Processing Units of New York and Geneva, OIOS focused the study on personnel with the skills required for employment in these units.1 OIOS reviewed the current rules governing local recruitment and its consequences. </s>
	  <s n="15"> To determine if the required skills are available locally, OIOS reviewed data from the Secretarial Testing Unit, applications for vacancies for Editorial Clerks/Assistants, recruitment data on Editorial Clerks and consulted staffing and translation agencies that specialize in the placement of bilingual staff. </s>
	  <s n="16"> OIOS further projected needs as well as potential savings if future staff were to be locally recruited. </s>
	  <s n="17"> The present report was reviewed by the Department of Management as well as the Department for General Assembly and Conference Management. </s>
	  <s n="18"> They agreed in principle with the recommendations of the report and their comments appear in italics. </s>
	</p>
	<p n="14">
	  <s n="19"> Owing to the nature of skills in demand by the language units, OIOS believes that the most cost-effective approach to a comprehensive skills assessment of the local market is to integrate the effort with ongoing screening and testing activities undertaken by the Office of Human Resources Management in conjunction with the Department for General Assembly and Conference Management or, alternatively, to launch a special campaign targeting the local labour market. </s>
	  <s n="20"> While OIOS is not in a position to carry out the testing required to determine suitability of candidates for employment in the Text Processing Units, information on the local labour market gathered through the means mentioned above is indicative of the availability of skills. </s>
	  <s n="21"> Thorough recruitment campaigns — including strategic outreach, testing a significant number of candidates and systematic documentation and analysis of test results — would provide a definitive answer regarding the local availability of skills required in the Text Processing Units. </s>
	</p>
	<p n="15">
	  <s n="22"> Composition of staff and financial implications </s>
	</p>
	<p n="16">
	  <s n="23"> The Secretariat currently employs 6,761 staff in the General Service category, 304 of whom receive international benefits.2 Two thirds of these staff members (207) are language staff working in the Department for General Assembly and Conference Management, New York, and the United Nations Office at Geneva.3 The remaining 97 staff members in the General Service category receiving international benefits are employed in other departments and offices, some in functions where language requirements seem apparent, others in functions for which the language requirement is not obvious.4 Of the 304 staff members enjoying international benefits at the eight major duty stations, 273 were recruited before 30 June 1999. </s>
	</p>
	<p n="17">
	  <s n="24"> The distribution of local and international language staff in the Department for General Assembly and Conference Management and the United Nations Office at Geneva according to their respective language units is reflected in table 1 below. </s>
	</p>
	<p n="18">
	  <s n="25"> Table 1 General Service staff in language units at New York and Geneva with/without international status as of March 2004 </s>
	</p>
	<p n="19">
	  <s n="26"> Source: IMIS. </s>
	</p>
	<p n="20">
	  <s n="27"> The annual cost of providing international benefits to the 304 staff members in the General Service and related categories is estimated at $4.6 million.5 </s>
	</p>
	<p n="21">
	  <s n="28"> Rules governing international benefits for General Service staff and their consequences </s>
	</p>
	<p n="22">
	  <s n="29"> Staff rules 104.6 and 104.7 govern local and international recruitment of staff in the General Service category. </s>
	  <s n="30"> International allowances and benefits include: </s>
	</p>
	<p n="23">
	  <s n="31"> • Payment of travel expenses upon appointment and separation </s>
	</p>
	<p n="24">
	  <s n="32"> • Shipment of household effects </s>
	</p>
	<p n="25">
	  <s n="33"> • Non-resident&apos;s allowance or rental subsidy </s>
	</p>
	<p n="26">
	  <s n="34"> • Home leave </s>
	</p>
	<p n="27">
	  <s n="35"> • Education grant </s>
	</p>
	<p n="28">
	  <s n="36"> • Repatriation grant </s>
	</p>
	<p n="29">
	  <s n="37"> The conditions governing local recruitment for staff in the General Service category at Headquarters are contained in Appendix B to the Staff Rules. </s>
	  <s n="38"> Paragraph (i) of those provisions sets out that staff members shall be regarded as having been locally recruited unless: </s>
	</p>
	<p n="30">
	  <s n="39"> “a. </s>
	  <s n="40"> They have been recruited from outside the area of the duty station; </s>
	</p>
	<p n="31">
	  <s n="41"> “b. </s>
	  <s n="42"> Their entitlement to one or more of the allowances or benefits indicated under rule 104.7 has been duly established by the Secretary-General; or </s>
	</p>
	<p n="32">
	  <s n="43"> “c. </s>
	  <s n="44"> The post for which the staff member has been recruited is one which, in the opinion of the Secretary-General, it would otherwise have been necessary to fill by recruitment from outside the area of the duty station.” </s>
	</p>
	<p n="33">
	  <s n="45"> The determination that recruitment from outside the area of the duty station is necessary to staff the Text Processing Units (except English) was explained in 1975 by the then Assistant Secretary-General of Personnel Services.6 Drawing on results from tests given by the Recruitment Division in the 1960s and early 1970s, it was determined that, in addition to the French, Russian and Arabic Typing Units, the language skills required for Chinese Calligraphy and Spanish Typing Units were not readily available in the New York local labour market. </s>
	  <s n="46"> Since then, the practice of granting international benefits to local recruits was adopted to fill established posts other than English in the Text Processing Section at New York Headquarters. </s>
	</p>
	<p n="34">
	  <s n="47"> Current interpretations and application of the Staff Rules </s>
	</p>
	<p n="35">
	  <s n="48"> The application of international status to locally recruited General Service staff is also based on the following policy of equal treatment of staff: “In order to afford equal conditions of employment, when international recruitment was authorized for a particular language pool, international benefits were accorded to all the posts in that pool, whether or not the individual was actually recruited away from the duty station, provided the staff member was not a national or permanent resident of the country of the duty station.”7 This interpretation means that unless the local labour market offered enough resources to fully staff specific language pools, all local recruits (except nationals or permanent residents) would be offered international benefits, regardless of the number of qualified personnel in the local market.8 </s>
	</p>
	<p n="36">
	  <s n="49"> Following this practice in accordance with subparagraph (i) c of the conditions governing local recruitment in Appendix B to the Staff Rules quoted above, international status has been provided to all staff members (except nationals or permanent residents) recruited for the Text Processing Units (except English) at Headquarters. </s>
	  <s n="50"> This applies also to candidates who were recruited locally in New York and did not require any recruitment travel upon appointment, which would indicate that they were already living at the duty station at the time of recruitment, but were not nationals of the United States or permanent residents.9 </s>
	</p>
	<p n="37">
	  <s n="51"> Limits of the current practice </s>
	</p>
	<p n="38">
	  <s n="52"> To grant international status by default to staff members in the General Service category solely by reference to the staff member&apos;s post, does not, in the opinion of OIOS, constitute a cost-effective approach to securing staff, given that they had already moved to or lived in the area of the duty station and may have been willing to accept an appointment without receiving international status. </s>
	  <s n="53"> However, further analysis of average salaries paid by outside employers for jobs comparable to those of Editorial Clerks/Assistants at the Organization may be required to determine whether the granting of international benefits constitutes an integral element of a competitive compensation and benefits package necessary to attract candidates locally. </s>
	</p>
	<p n="39">
	  <s n="54"> OIOS believes that the current practice, based on an almost 30-year-old explanation regarding the availability of certain skills in the local labour market, prevents the Secretary-General from recruiting staff locally for the Text Processing Units, even though they may be available. </s>
	  <s n="55"> If the local labour market does not produce enough candidates to fulfil Text Processing Unit staffing needs in the immediate or near future, or available candidates would not accept local recruitment, only then should the Organization undertake international recruitment campaigns that result in the application of international benefits to General Service staff recruited outside the area of the duty station, as provided by subparagraph (i) a of the conditions governing local recruitment in Appendix B to the Staff Rules.10 </s>
	</p>
	<p n="40">
	  <s n="56"> Alternatives to the current practice </s>
	</p>
	<p n="41">
	  <s n="57"> Changing the current practice, which allows locally recruited staff members to serve in General Service posts with international benefits, requires intergovernmental bodies to revise the conditions governing local recruitment. </s>
	  <s n="58"> OIOS believes that the rules for recruitment of General Service staff should allow the Organization to grant international status only to those candidates recruited outside the area of the duty station. </s>
	  <s n="59"> Further, campaigns outside the duty station should only be held after the Office of Human Resources Management has sufficiently documented that the local market cannot satisfy specific staffing needs. </s>
	  <s n="60"> Based on such a documented need for international recruitment campaigns, staff members recruited outside the country or area of the duty station would, in application of subparagraph (i) a of the conditions governing local recruitment in Appendix B to the Staff Rules, receive international benefits. </s>
	  <s n="61"> Under the OIOS proposal, candidates from the area of the duty station would need to be duly informed that they would have the status of local recruits, if selected, following application at Headquarters. </s>
	  <s n="62"> A phased approach towards introducing the opportunity to recruit locally for the Text Processing Section should be considered given the varying degrees of difficulty to recruit for the Arabic, Chinese, French, Russian and Spanish Units. </s>
	</p>
	<p n="42">
	  <s n="63"> The changes suggested by OIOS would also guarantee equal conditions of employment since all staff members recruited at the area of the duty station would be regarded as having been locally recruited. </s>
	  <s n="64"> Neither changes in a determination of the availability of skills in the local labour market for a particular post nor nationality or residency status would influence the local status of staff members recruited at the area of the duty station. </s>
	  <s n="65"> This would also not result in unfairness, inequality or inequity between persons that do the same job, in the same unit and with similar qualifications. </s>
	</p>
	<p n="43">
	  <s n="66"> Withdrawal of benefits previously granted </s>
	</p>
	<p n="44">
	  <s n="67"> Historically, international benefits were discontinued when staff who had been internationally recruited for posts that could not be filled through the local labour market moved to posts that did not require international recruitment. </s>
	  <s n="68"> A 1991 judgement from the United Nations Administrative Tribunal, rescinding the decision to stop payment of international benefits to a staff member originally recruited from outside the duty station, but subsequently moved to the post of library assistant, overturned this practice.11 The Tribunal pointed out that there was no statutory authority to terminate international benefits linked to a staff member&apos;s international recruitment. </s>
	  <s n="69"> Thus far, the Staff Rules do not provide for specific provisions authorizing the discontinuance of international benefits. </s>
	  <s n="70"> Furthermore, the Tribunal has held in the same judgement that the question of whether a staff member is entitled to international benefits is determined by the staff member&apos;s place of recruitment and not by the post he or she occupies.12 To date, the issue remains to be clarified when subparagraph (i) a or (i) c of the conditions governing local recruitment in Appendix B to the Staff Rules finds appropriate application. </s>
	</p>
	<p n="45">
	  <s n="71"> Availability of language skills </s>
	</p>
	<p n="46">
	  <s n="72"> Determining the availability of skills in the local labour market </s>
	</p>
	<p n="47">
	  <s n="73"> Besides the determination in 1975, one additional effort has been undertaken to determine the availability of local personnel meeting the requirements of the language units. </s>
	  <s n="74"> In 2000, a Joint Working Group of the Department of General Assembly Affairs and Conference Services/Office of Human Resources Management on the Text Processing Section reviewed data from the surveys of best prevailing conditions of service for New York&apos;s General Service and related categories of staff. </s>
	  <s n="75"> The Working Group concluded that “the local market cannot meet the entire staffing requirement of the language units (except English)”. </s>
	  <s n="76"> OIOS was informed that this conclusion was based on the fact that outside comparator institutions in New York do not have jobs comparable with posts in Text Processing Units. </s>
	</p>
	<p n="48">
	  <s n="77"> OIOS believes that conditions in the local labour market would have changed over the years and, therefore, considers data derived 30 years ago to be obsolete. </s>
	  <s n="78"> Furthermore, as explained below, due to methodological constraints, the 2000 New York General Service salary survey did not definitively determine that the staffing requirements of the language units cannot be met by the local market. </s>
	  <s n="79"> First, usable data was received from only 22 employers in the New York area, while other regions where the required skills may exist, such as Washington, D.C., were, following the International Civil Service Commission methodology, not taken into account. </s>
	  <s n="80"> Second, the selection of the outside comparator institutions based on the Commission&apos;s methodology did not cover organizations/companies that require the same skills as the Text Processing Section at Headquarters. </s>
	  <s n="81"> Given the uniqueness of posts at the United Nations, it is to be expected that one would not find jobs at most banks and municipal agencies that would be exact matches for posts in the Text Processing Section. </s>
	  <s n="82"> Surveying organizations/companies, such as European, Middle Eastern and Asian banks with offices in New York, that require these specific skills — high-level grammar and writing skills and computer literacy, etc. — may have led the working group to a different conclusion. </s>
	  <s n="83"> Finally, OIOS believes that, even if outside comparator institutions did not have jobs comparable to posts in the Text Processing Section, this would not necessarily establish that qualified people are not available in the local market. </s>
	</p>
	<p n="49">
	  <s n="84"> Editorial assistants have to pass four tests: typing, grammar, verbatim and formatting. </s>
	  <s n="85"> Though, on average, 77 per cent of applicants tested in 1999, 2001, 2002 and 2003 successfully passed the verbatim tests, only an average of 30 per cent successfully passed the grammar test (for Arabic, French, Russian and Spanish). </s>
	  <s n="86"> Despite the relatively low percentage of candidates passing the grammar tests, it is important to note that a 30 per cent passing rate stands in contrast to the 5 per cent recruitment rate — achieved during the 1974 exercise to recruit Spanish typists in New York — on which the current determination regarding the availability of local skills was made. </s>
	  <s n="87"> Furthermore, the majority of the candidates tested in 1999, 2001, 2002 and 2003 participated in the testing on a walk-in basis and were not the result of systematic outreach efforts. </s>
	  <s n="88"> OIOS therefore believes that the most recent testing data indicates that the local market demonstrates considerable potential. </s>
	</p>
	<p n="50">
	  <s n="89"> Furthermore, a number of commercial staffing and translation agencies contacted by OIOS were confident that enough candidates satisfying the job requirements for Editorial Clerks/Assistants are available locally. </s>
	  <s n="90"> As indicated above, testing candidates is the only means by which to make a determination as to whether the required skills are, in fact, available. </s>
	  <s n="91"> OIOS, therefore, believes that it would be essential for the Office of Human Resources Management to explore further the validity of these perceptions through specific recruitment and testing efforts outlined in paragraphs 24 to 28 below. </s>
	</p>
	<p n="51">
	  <s n="92"> Current approaches to the labour market in New York and Geneva </s>
	</p>
	<p n="52">
	  <s n="93"> The overall approach to the New York local labour market is based on the assumption that potential General Service staff will know that jobs might be available in the Organization. </s>
	  <s n="94"> Candidates are screened on a walk-in basis, while vacancies on the GS-5 to GS-7 levels are posted on the jobs.un.org web site. </s>
	  <s n="95"> However, few candidates that apply as a result have sufficient skills to fulfil specialized language requirements. </s>
	  <s n="96"> As a result, the Office of Human Resources Management has made several proactive attempts to seek candidates qualified for multilingual positions in New York. </s>
	  <s n="97"> Local recruiting has included: </s>
	</p>
	<p n="53">
	  <s n="98"> (a) Notifying United Nations missions/consulates of specialized vacancies; </s>
	</p>
	<p n="54">
	  <s n="99"> (b) Advertising positions in The New York Times; </s>
	</p>
	<p n="55">
	  <s n="100"> (c) Posting notices at New York University and Columbia University; </s>
	</p>
	<p n="56">
	  <s n="101"> (d) Requesting referrals from United Nations staff; </s>
	</p>
	<p n="57">
	  <s n="102"> (e) Evaluating candidates referred by a staffing agency. </s>
	</p>
	<p n="58">
	  <s n="103"> Though some of these efforts generated interest among a significant number of candidates, most were unable successfully to pass the required language exams and were, therefore, deemed ineligible. </s>
	</p>
	<p n="59">
	  <s n="104"> Owing to the difficulties of recruiting staff locally, the Office of Human Resources Management conducted a series of ad hoc recruiting campaigns in countries around the world, including the 2000 recruitment campaign for French Editorial Assistants in Montreal. </s>
	  <s n="105"> Though these campaigns successfully identified eligible candidates for vacancies in New York, all of them were contracted on international conditions. </s>
	</p>
	<p n="60">
	  <s n="106"> It is important to note that the number of eligible candidates the Office of Human Resources Management tests for Editorial Clerk/Assistant posts in New York is relatively small. </s>
	  <s n="107"> In 1999, 31 candidates were tested in Arabic, French and Spanish; in 2003, only 29 were tested in the same three languages, plus Russian. </s>
	  <s n="108"> The Office was not able to identify any eligible candidates to take the Chinese language tests in either year. </s>
	  <s n="109"> Given the size of bilingual populations in New York and, by comparison, the small number of eligible candidates the Office tests locally, OIOS believes that more aggressive recruiting and testing at the local level will yield better results. </s>
	</p>
	<p n="61">
	  <s n="110"> Since the mid-1990s the United Nations Office at Geneva has recruited all new Text Processing Unit staff locally. </s>
	  <s n="111"> Following a series of announcements in the local Swiss and French press, the Office received hundreds of applications and, as a result, concluded that candidates with sufficient language skills were available in and around Geneva. </s>
	  <s n="112"> In fact, the pool of applicants that the Office developed included highly skilled temporary staff that were established in Geneva and had, for many years, been freelancing at a range of international organizations. </s>
	  <s n="113"> Based on such recruitment success, the Office concluded that the regional labour market offers sufficient language and other relevant skills; it, therefore, reverted to the principle of recruiting General Service staff only on a local basis. </s>
	</p>
	<p n="62">
	  <s n="114"> Alternative approaches to the labour market </s>
	</p>
	<p n="63">
	  <s n="115"> OIOS acknowledges the efforts of the Office of Human Resources Management to identify qualified candidates in New York, but strongly recommends that a multitude of strategic recruiting methods be employed in the future. </s>
	  <s n="116"> Furthermore, the target area of recruitment should not be restricted to New York, but include other locations that may offer potential candidates, such as Washington, D.C. </s>
	  <s n="117"> This may require that intergovernmental bodies specify that the area of the duty station also includes the country of the duty station, as appropriate. </s>
	</p>
	<p n="64">
	  <s n="118"> In the following paragraphs, a number of potential recruitment channels are outlined. </s>
	  <s n="119"> Such recruitment sources should be tapped not only by the Office of Human Resources Management, but also by managers in the Department for General Assembly and Conference Management responsible for units in immediate or future need of staff. </s>
	  <s n="120"> OIOS believes such channels should be exhausted before the determination is made that posts in the Arabic, Chinese, French, Russian and Spanish Units cannot be filled by recruitment of local staff and/or international recruitment campaigns are requested. </s>
	  <s n="121"> Efforts should include: </s>
	</p>
	<p n="65">
	  <s n="122"> (a) Advertisements in locally, regionally and nationally circulated Arabic, Chinese, French, Russian and Spanish print and electronic media; </s>
	</p>
	<p n="66">
	  <s n="123"> (b) Partnerships with training institutes that specialize in foreign languages; </s>
	</p>
	<p n="67">
	  <s n="124"> (c) Partnerships with local foreign language associations; </s>
	</p>
	<p n="68">
	  <s n="125"> (d) Partnerships with language departments at universities nationwide; </s>
	</p>
	<p n="69">
	  <s n="126"> (e) Advertising through web sites of such institutes and associations, as well as Internet portals with job boards for multilingual candidates; </s>
	</p>
	<p n="70">
	  <s n="127"> (f) Proactively publicizing opportunities for spouses of staff members and delegates; </s>
	</p>
	<p n="71">
	  <s n="128"> (g) Creating links to the jobs.un.org web site on media and foreign language web sites. </s>
	</p>
	<p n="72">
	  <s n="129"> Based on intensified recruitment efforts, the ratio of successful candidates vs. total number of applicants should be closely monitored in order to establish baseline data that would allow definitive determination as to whether the local market can meet staffing requirements. </s>
	  <s n="130"> Although such recruitment strategies would increase the workload of the Examinations and Tests Section of the Office of Human Resources Management, as well as the General Service and Related Categories Staffing Units, OIOS believes that they entail significantly less cost than international recruitment campaigns and, ultimately, will prevent the long-term costs associated with international benefits and allowances as explained in paragraphs 33 and 34 below. </s>
	</p>
	<p n="73">
	  <s n="131"> In addition to the above-mentioned approaches, the Organization should consider contracting recruitment agencies on the basis that the agency would only receive a fee for funding qualified candidates who were able to pass the tests administrated by the Office of Human Resources Management. </s>
	  <s n="132"> Such an arrangement would provide significant future cost savings as locally recruited staff would gradually replace staff currently receiving international benefits (see figure below).13 </s>
	</p>
	<p n="74">
	  <s n="133"> The Organization should also consider establishing a trainee programme. </s>
	  <s n="134"> Candidates who are available for local recruitment, but fall short of eligibility requirements owing to lack of experience and/or lack of familiarity with United Nations terminology rather than proficiency in a language, could be recruited on training contracts. </s>
	  <s n="135"> After their expiration, trainees could be converted to regular fixed-term contracts provided they passed the specialized tests administered by the Office of Human Resources Management. </s>
	  <s n="136"> Given the savings achieved by avoiding international allowances when regularizing, the cost of training posts could be absorbed in two years. </s>
	  <s n="137"> Alternatively, these same “trainee” candidates could be hired on short-term contracts to fulfil immediate hiring needs when the General Assembly is in session (similar to those currently offered to retirees, but at a lower cost). </s>
	  <s n="138"> This option would fulfil immediate organizational needs while enhancing the pool of local candidates eligible for future vacancies. </s>
	</p>
	<p n="75">
	  <s n="139"> Cost of testing staff locally and internationally </s>
	</p>
	<p n="76">
	  <s n="140"> The Examinations and Tests Section administered 2,159 tests for General Service positions in New York in 2002. </s>
	  <s n="141"> The total cost for the biennium 2004-2005 is calculated at $123,580 based on 2002 activity. </s>
	  <s n="142"> Therefore, the estimated cost per test administered was approximately $29. </s>
	</p>
	<p n="77">
	  <s n="143"> In 2003, 173 tests were administered to 58 applicants for Editorial Assistants, resulting in 21 candidates passing all tests. </s>
	  <s n="144"> At $29 per test, the cost per tested applicant was $87 or $234 spent for each of the 21 candidates who were placed on the roster in 2003. </s>
	  <s n="145"> The language distribution of the successful candidates is indicated in table 2 below. </s>
	</p>
	<p n="78">
	  <s n="146"> Table 2 Language distribution of successful candidates testing in New York for Editorial Assistant in 2003 </s>
	</p>
	<p n="79">
	  <s n="147"> Source: Office of Human Resources Management Examinations and Tests Section. </s>
	</p>
	<p n="80">
	  <s n="148"> As a result of an international recruiting campaign held in Montreal, 1,200 candidates applied. </s>
	  <s n="149"> Of the 142 tested, 33 passed all tests and 11 were subsequently recruited; the remaining 22 are no longer listed on the roster. </s>
	  <s n="150"> The total cost of testing was $48,082 or, approximately, $339 per tested candidate, $1,457 per qualified candidate or $4,300 for each of the 11 selected candidates. </s>
	</p>
	<p n="81">
	  <s n="151"> It is important to note a testing cost of $4,300 per recruited candidate is approximately the cost of administering 140 language tests at Headquarters. </s>
	  <s n="152"> If only one of 20 potential local candidates, each taking seven tests at Headquarters, is deemed to be eligible (a success rate of around 5 per cent), the local market would sustain the needs of the Organization at the same recruitment cost as international recruitment campaigns and, moreover, would allow recruitment without granting of international benefits. </s>
	</p>
	<p n="82">
	  <s n="153"> Projections of future needs and potential savings </s>
	</p>
	<p n="83">
	  <s n="154"> Some 89 General Service staff members in the Text Processing Units in New York, currently entitled to international benefits, will have retired by 2015.14 If these staff members are replaced completely by locally recruited staff, the total savings would amount to approximately $8.1 million over the next 10 years. </s>
	  <s n="155"> This amount includes savings achieved by replacing retiring staff members who hold entitlement to international benefits with locally recruited staff each year from 2005 to 2015, as well as total accumulated savings for each staff member to be replaced beginning in 2005 and subsequent annual savings. </s>
	  <s n="156"> This projection is based on the assumption that all posts in the Arabic, Chinese, French, Russian and Spanish Text Processing Units would be filled locally starting in 2005, which is contingent on the local availability of qualified candidates at the time when currently employed staff retire. </s>
	  <s n="157"> Annual savings would be considerably smaller if local recruitment efforts proved to be futile and even a small number of staff had to be recruited through an international campaign, which besides being expensive (approximately $1,500 minimum per qualified candidate), would entitle them to international benefits for the duration of their employment. </s>
	</p>
	<p n="84">
	  <s n="158"> As outlined in paragraph 27, the Organization could consider contracting a recruitment agency to develop a sufficient supply of locally recruited staff with the necessary skills for the Text Processing Units. </s>
	  <s n="159"> The figure below shows the total accumulated savings expected to occur if identification of local staff to be tested by the Office of Human Resources Management was to be outsourced. </s>
	  <s n="160"> These savings would be reduced by the recruitment agency&apos;s identification fee, but would still amount to approximately $7.1 million by 2015.15 </s>
	</p>
	<p n="85">
	  <s n="161"> Projected savings for local recruitment of staff in the General Service category of Text Processing Units in New York currently receiving international benefits, 2005-2015a </s>
	</p>
	<p n="86">
	  <s n="162"> Source: IMIS, Department for General Assembly and Conference Management data on common staff costs and OIOS calculations of estimated identification fees. </s>
	</p>
	<p n="87">
	  <s n="163"> a Arabic, Chinese, French, Russian and Spanish Text Processing Units only. </s>
	</p>
	<p n="88">
	  <s n="164"> Conclusions </s>
	</p>
	<p n="89">
	  <s n="165"> OIOS believes that the current determination regarding the absence of skills in the local labour market is not based on sufficient and up-to-date evidence about the characteristics of the local market. </s>
	  <s n="166"> OIOS recommends, therefore, that: (a) the Office of Human Resources Management and the Department for General Assembly and Conference Management intensify their efforts to identify and recruit qualified local applicants to the Text Processing Unit posts currently allocated international benefits, (b) systematically document and gauge the outcome of these efforts and, after a defined period of time, (c) re-assess the Organization&apos;s position regarding the availability of skills in the local labour market. </s>
	  <s n="167"> A number of outreach and recruitment strategies to amplify the Organization&apos;s efforts are proposed in the present report. </s>
	</p>
	<p n="90">
	  <s n="168"> Numerous data points indicate that the local labour market may indeed have the skills required to fill anticipated vacancies in the immediate and near future at New York Headquarters: </s>
	</p>
	<p n="91">
	  <s n="169"> (a) Considerable passing rates for grammar and verbatim tests in Arabic, French, Russian and Spanish; </s>
	</p>
	<p n="92">
	  <s n="170"> (b) The significant percentage of locally recruited staff members for the Text Processing Units in these languages that appear to live in the New York area prior to appointment; </s>
	</p>
	<p n="93">
	  <s n="171"> (c) Information provided by a number of commercial staffing and translation agencies expressing confidence about the availability of skills. </s>
	</p>
	<p n="94">
	  <s n="172"> The Organization is challenged by a spike in expected retirements over the next three years (an estimated 36 staff members in the Arabic, Chinese, French, Russian and Spanish Text Processing Units will have reached the average retirement age for General Service staff in the Units by 2008), which will require swift action in identifying new candidates in the local labour market. </s>
	  <s n="173"> A definitive determination as to whether the required skills are available should be made on the basis of testing candidates in all four categories of skills required of Editorial Clerks/Assistants at Headquarters, combined with systematic, aggressive outreach to the local market at Headquarters. </s>
	</p>
	<p n="95">
	  <s n="174"> OIOS further believes that, in general, the Organization should have the ability to regard Editorial Clerks/Assistants in the Arabic, Chinese, French, Spanish and Russian language units recruited at Headquarters in New York, as locally recruited. </s>
	  <s n="175"> International recruitment campaigns should only be undertaken once the lack of resources in the local labour market has been sufficiently documented. </s>
	</p>
	<p n="96">
	  <s n="176"> Recommendations </s>
	</p>
	<p n="97">
	  <s n="177"> Recommendation 1 </s>
	</p>
	<p n="98">
	  <s n="178"> The Organization should consider changing the basis of recruitment for staff members in the General Service category to grant international status only to those recruited from outside the area of the duty station. </s>
	  <s n="179"> Should the basis for granting international benefits be modified, candidates should be duly informed that they would have the status of local recruits if selected at Headquarters (paras. </s>
	  <s n="180"> * The Office of Human Resources Management agreed with the recommendation subject to the contents of guidance to be provided by the General Assembly, and to respect for acquired rights of staff. </s>
	</p>
	<p n="99">
	  <s n="181"> Recommendation 2 </s>
	</p>
	<p n="100">
	  <s n="182"> The Organization should consider requiring systematic documentation to determine whether the local labour market contains the skills required for a specific number of anticipated vacancies over a specific number of years before recruitment from outside the duty station is undertaken. </s>
	  <s n="183"> Such documentation should include a thorough description of efforts and results of recruiting locally, in addition to analysis of testing data (para. </s>
	  <s n="184"> The Office of Human Resources Management agreed with the recommendation. </s>
	</p>
	<p n="101">
	  <s n="185"> Recommendation 3 </s>
	</p>
	<p n="102">
	  <s n="186"> The Organization should consider specifying that staff members be regarded as locally recruited if they have been recruited within the vicinity or country of the duty station as applicable. </s>
	  <s n="187"> For duty stations that are located close to international borders, the area of the duty station should be established as appropriate, whereas in other instances, such as New York Headquarters, the country of the duty station should determine the area of local recruitment (para. </s>
	  <s n="188"> The Office of Human Resources Management agreed with the recommendation subject to the contents of guidance to be provided by the General Assembly, and to respect for acquired rights of staff. </s>
	</p>
	<p n="103">
	  <s n="189"> Recommendation 4 </s>
	</p>
	<p n="104">
	  <s n="190"> The Organization should consider amending Appendix B to the Staff Rules to clarify that payment of international benefits is subject to the determination that a particular post has been filled by international recruitment and/or cannot be filled through local recruitment and that, further, to consider the feasibility of discontinuing such payment if the staff member moves to a post that can be filled locally (para. </s>
	  <s n="191"> The Office of Human Resources Management agreed with the recommendation subject to the contents of guidance to be provided by the General Assembly, and to respect for acquired rights of staff. </s>
	</p>
	<p n="105">
	  <s n="192"> Recommendation 5 </s>
	</p>
	<p n="106">
	  <s n="193"> The Office of Human Resources Management, with the cooperation of the Department for General Assembly and Conference Management, should pursue a multitude of proactive recruitment strategies to fill posts in the Headquarters Text Processing Units. </s>
	  <s n="194"> Strategies should include advertising in nationally circulated foreign language newspapers and other media, partnerships with academic or educational institutions, posting links on relevant web sites, and contracting recruitment agencies to identify qualified candidates on a local basis (paras. </s>
	  <s n="195"> The Office of Human Resources Management agreed with the recommendation subject to “provision of additional resources for the interim period during which international benefits would continue to be paid to current staff and there would be no immediate savings to finance the additional activities required to ensure that as many local recruitments as possible are made in future. </s>
	  <s n="196"> The Office would require additional resources for the extra testing envisaged, targeted advertising and networking with academic and educational institutions.” </s>
	</p>
	<p n="107">
	  <s n="197"> Recommendation 6 </s>
	</p>
	<p n="108">
	  <s n="198"> The Office of Human Resources Management should systematically document the outcome of enhanced recruitment efforts for the Text Processing Units at Headquarters, tracking the number of applicants, the number of tests, the number of successful candidates as well as the ratio of applicants vs. successful candidates for each language (para. </s>
	  <s n="199"> The Office of Human Resources Management agreed with the recommendation subject to the provision of additional resources as outlined in paragraph 42. </s>
	</p>
	<p n="109">
	  <s n="200"> Recommendation 7 </s>
	</p>
	<p n="110">
	  <s n="201"> The Office of Human Resources Management should ensure that the General Service and Related Categories Staffing Unit, as well as the Examinations and Tests Section, have adequate resources for intensifying recruitment and testing activities (para. </s>
	  <s n="202"> The Office of Human Resources Management agreed with the recommendation subject to the provision of additional resources as outlined in paragraph 42. </s>
	</p>
	<p n="111">
	  <s n="203"> Recommendation 8 </s>
	</p>
	<p n="112">
	  <s n="204"> The Department for General Assembly and Conference Management should consider creating a trainee programme and short-term contract opportunities to develop a pool of eligible local candidates, particularly in New York (para. </s>
	  <s n="205"> The Department for General Assembly and Conference Management endorsed in principle the recommendation. </s>
	</p>
	<p n="113">
	  <s n="206"> (Signed) Dileep Nair Under-Secretary-General for Internal Oversight Services </s>
	</p>
	<p n="114">
	  <s n="207"> Notes </s>
	</p>
	<p n="115">
	  <s n="208"> 1 Staff members for the Text Processing Units at the United Nations Office at Geneva have been recruited since the mid-1990s exclusively on a local basis. </s>
	  <s n="209"> See paragraph 23 for details. </s>
	</p>
	<p n="116">
	  <s n="210"> 2 Calculations are based on Integrated Management Information System (IMIS) data extracted by the Office of Human Resources Management. </s>
	  <s n="211"> Entitlement to international benefits is indicated when the length of the entitlement exceeds one year and the entitlement has been active at some point between 30 June 2003 and 15 March 2004. </s>
	  <s n="212"> The analysis focuses on the eight major duty stations (Addis Ababa, Bangkok, Beirut, Geneva, Nairobi, New York, Santiago and Vienna). </s>
	</p>
	<p n="117">
	  <s n="213"> 3 Language staff covers for the purpose of the present study the following functional titles: Word Processor, Text Processing Clerk, Text Processing Assistant, Supervisor, Secretary, Editorial Clerk, Editorial Assistant and Chief of Unit. </s>
	</p>
	<p n="118">
	  <s n="214"> 4 The functional distribution of the 97 General Service staff members receiving international benefit includes: Administrative Assistant, Computer Information System Assistant, Editor, Editorial Assistant, Language Reference Assistant, Programme Assistant, Secretary and Text Processing Clerk. </s>
	</p>
	<p n="119">
	  <s n="215"> 5 The calculation is based on an estimate of the additional common staff cost made by the Department for General Assembly and Conference Management. </s>
	  <s n="216"> The average additional common staff cost of international recruitment was estimated at $1,268.50 per month. </s>
	</p>
	<p n="120">
	  <s n="217"> 6 See memorandum from Mohamed Habib Gherab, Assistant Secretary-General for Personnel Services to the Secretary-General of 12 May 1975: “International recruitment of staff members serving with the Chinese Calligraphy Unit and the Spanish Typing Unit”. </s>
	</p>
	<p n="121">
	  <s n="218"> 7 See letter from Richard Nottidge, Deputy Director, Recruitment and Placement Division, Office of Human Resources Management, dated 14 November 1991 quoting Diana Boernstein, Chief, Rules and Personnel Manual Section, Office of Human Resources Management. </s>
	</p>
	<p n="122">
	  <s n="219"> 8 See, for example, para. </s>
	  <s n="220"> 36 of the report entitled “Joint DGAACS/OHRM Working Group on the Text Processing Section, IMPD/DGAACS” of 17 October 2000. </s>
	</p>
	<p n="123">
	  <s n="221"> 9 OIOS analysis has shown that between 33 per cent and 100 per cent of Editorial Clerks recruited between 2000 and 2003 for the Arabic, Russian and Spanish Text Processing Units were recruited in New York and without recruitment travel upon appointment. </s>
	  <s n="222"> Staff for the French Text Processing Unit were primarily recruited through a recruitment campaign in Montreal, Canada. </s>
	  <s n="223"> No recruitment for the Chinese Text Processing Unit occurred during the time period. </s>
	  <s n="224"> Furthermore, the majority of applicants to tests required for Editorial Clerks/Assistants provided local addresses in their application forms. </s>
	</p>
	<p n="124">
	  <s n="225"> 10 Such a recruitment campaign is, for example, planned for Arabic Editorial Clerks. </s>
	</p>
	<p n="125">
	  <s n="226"> 11 See United Nations Administrative Tribunal judgement No. 508 (1991): Rosetti. </s>
	</p>
	<p n="126">
	  <s n="227"> 12 Ibid., para. </s>
	</p>
	<p n="127">
	  <s n="228"> 13 Fees charged by professional recruitment agencies range from 20 to 30 per cent of the successful candidate&apos;s first annual salary. </s>
	</p>
	<p n="128">
	  <s n="229"> 14 The projection of retirements is based on IMIS data or on the average retirement age for General Service staff in the Text Processing Units calculated at 60.2 years. </s>
	</p>
	<p n="129">
	  <s n="230"> 15 The anticipated identification fee of $11,459 is calculated as 25 per cent of the average annual gross salary of staff at the G-4 to G-6, step 1, levels of $45,837; see Appendix B to the Staff Rules (ST/SGB/2002/1). </s>
	</p>
	<p n="130">
	  <s n="231"> * The symbols in parentheses in this section refer to an internal code used by OIOS for recording recommendations. </s>
	</p>
	</body>
</text>
</DOC>