<?xml version="1.0" encoding="UTF-8"?>
<DOC lang="English" n="N0451501" id="A/59/365" date="2004/10/11">
<text>
	<body>
	<p n="1">
	  <s n="1"> Fifty-ninth session </s>
	</p>
	<p n="2">
	  <s n="2"> * Reissued for technical reasons. </s>
	</p>
	<p n="3">
	  <s n="3"> Agenda item 108 </s>
	</p>
	<p n="4">
	  <s n="4"> Programme budget for the biennium 2004-2005 </s>
	</p>
	<p n="5">
	  <s n="5"> Strengthened and unified security management system for the United Nations </s>
	</p>
	<p n="6">
	  <s n="6"> Report of the Secretary-General </s>
	</p>
	<p n="7">
	  <s n="7"> Introduction </s>
	</p>
	<p n="8">
	  <s n="8"> The present report is submitted pursuant to three resolutions adopted by the General Assembly. </s>
	  <s n="9"> In section VIII of its resolution 56/255 of 24 December 2001, the Assembly requested the Secretary-General to conduct an evaluation of the United Nations security system. </s>
	  <s n="10"> In its resolution 57/155 of 16 December 2002, the Assembly requested the Secretary-General to take the necessary measures to ensure that security matters were an integral part of the planning for existing and newly mandated United Nations operations. </s>
	  <s n="11"> In the same resolution, the Assembly recognized the need for a strengthened and unified security management system for the United Nations, at both the headquarters and field levels, and requested the United Nations system, as well as Member States, to take all appropriate measures to that end. </s>
	  <s n="12"> Finally, the report responds to Assembly resolution 58/295 of 18 June 2004, wherein the Secretary-General was requested to submit to the Assembly at its fifty-ninth session a comprehensive report on the further strengthening of the safety and security of United Nations operations, staff and premises. </s>
	  <s n="13"> The present report should be considered in conjunction with the report of the Secretary-General on safety and security of humanitarian personnel and protection of United Nations personnel (A/59/332). </s>
	</p>
	<p n="9">
	  <s n="14"> Background </s>
	</p>
	<p n="10">
	  <s n="15"> For the first half-century of its existence, the United Nations felt protected by its flag and the perception that it was a neutral, benevolent actor in world events. </s>
	  <s n="16"> Beginning in the early 1990s, there was a rise in the number of deaths and injuries of staff members as a result of malicious acts. </s>
	  <s n="17"> The majority of those incidents occurred because the staff member was in the wrong place at the wrong time. </s>
	  <s n="18"> When United Nations personnel were directly targeted, it was generally viewed as an isolated event. </s>
	</p>
	<p n="11">
	  <s n="19"> Regrettably, in recent years the security environment for the United Nations has changed and become more threatening. </s>
	  <s n="20"> In addition, the mandates of the United Nations have evolved, resulting in a larger number of United Nations staff members, notably from the humanitarian agencies, being deployed on potentially hazardous missions. </s>
	  <s n="21"> At the same time, peacekeeping missions were being established in areas at war or in situations of high risk. </s>
	  <s n="22"> Increasingly, humanitarian staff are being deployed alongside military units in integrated multidisciplinary missions. </s>
	</p>
	<p n="12">
	  <s n="23"> In response to the deteriorating security environment and in order to allow the United Nations to meet the new demands, the General Assembly, beginning in 1999, authorized a series of increases in the staff of the Office of the United Nations Security Coordinator, primarily in the field. </s>
	  <s n="24"> In 2001, the Assembly authorized the creation of a full-time United Nations Security Coordinator at the level of Assistant Secretary-General. </s>
	  <s n="25"> In 2002, the number of professional security officer posts in the field was increased from 64 (funded through country-level cost-sharing, consolidated humanitarian appeals or voluntary contributions to the Trust Fund for Security of Staff Members of the United Nations System) to 100 Professional and 200 locally recruited posts (the entire costs of which were shared among organizations of the United Nations system). </s>
	  <s n="26"> The Headquarters staff of the Office of the United Nations Security Coordinator was increased from 19 posts (9 Professional and 10 General Service) to its present total of 38 posts (24 Professional and 14 General Service), funded primarily by the regular budget but with some field support costs shared among organizations of the United Nations system and others funded from the peacekeeping support account. </s>
	  <s n="27"> Diligent efforts were made by the United Nations Security Coordinator in the biennium 2002-2003 to professionalize the Organization&apos;s security staff through improved recruitment and training and to institutionalize security coordination among United Nations agencies and programmes through the establishment of the Inter-Agency Security Management Network. </s>
	  <s n="28"> Enhanced support has been provided to designated officials in the field, and security awareness on the part of the staff has increased through training. </s>
	  <s n="29"> An accountability framework was established in 2002 as well, as outlined by the Secretary-General in his report on inter-organizational security measures: framework for accountability for the United Nations field security management system (A/57/365). </s>
	</p>
	<p n="13">
	  <s n="30"> An evaluation of the United Nations security management system was carried out by a team of independent security experts. </s>
	  <s n="31"> The study was finalized in August 2003, just prior to the attack of 19 August in Baghdad. </s>
	  <s n="32"> The experts examined the different ways in which security was delivered within the United Nations and concluded that the development and implementation of an overall security governance and accountability framework, including Headquarters, humanitarian and development staff and peacekeeping missions, would lead to a strengthened and unified security management system. </s>
	  <s n="33"> That, in turn, would lead to greater safety, security and protection of United Nations personnel. </s>
	  <s n="34"> The team believed that it was inappropriate to continue to deal with security in a compartmentalized way: multiple security systems can create doubt in the minds of those who have to work under pressure. </s>
	  <s n="35"> Doubt can lead to mistakes and mistakes in security terms can lead to serious injury and loss of life. </s>
	</p>
	<p n="14">
	  <s n="36"> Despite the growing security concerns and the efforts made to address them, the suicide truck-bomb attack on the United Nations headquarters at the Canal Hotel in Baghdad on 19 August 2003 came as a devastating shock. </s>
	  <s n="37"> The attack killed 22 United Nations staff and visitors and injured more than 150. </s>
	  <s n="38"> Although there had been other direct attacks on United Nations staff and operations, such as in West Timor and Tajikistan, this was the first terrorist attack in which the United Nations was targeted as an institution with the deliberate intention of inflicting mass casualties. </s>
	</p>
	<p n="15">
	  <s n="39"> A few weeks after the explosion of 19 August, the United Nations was subjected to another attack against the Canal Hotel, resulting in 2 deaths and 19 injuries, including 2 United Nations national staff. </s>
	  <s n="40"> There have been repeated subsequent threats to locally recruited staff and one death. </s>
	  <s n="41"> In Afghanistan, one United Nations international staff member has been killed and a number of offices have been attacked. </s>
	  <s n="42"> More than 30 Afghan election workers from the Joint Electoral Monitoring Board have been killed, along with 2 contracted international security personnel and a number of international and locally employed personnel from non-governmental organizations. </s>
	  <s n="43"> In addition, information posted on the Internet by various groups has relayed repeated threats against the United Nations. </s>
	</p>
	<p n="16">
	  <s n="44"> It is clear that the threats against the United Nations have fundamentally escalated. </s>
	  <s n="45"> The report of the Independent Panel on the Safety and Security of United Nations Personnel on its investigation of the Baghdad attack, led by Martti Ahtisaari, made the following stark assessment: “The United Nations could in theory be the target of attacks anywhere at any time, from Baghdad to Kabul, Nairobi, Jakarta, Geneva or New York. </s>
	  <s n="46"> There are no indications that the perpetrators of the attacks in Baghdad would refrain from attacking other UN targets worldwide”. </s>
	  <s n="47"> The Ahtisaari panel accordingly called for a new, drastically revised security strategy for the United Nations. </s>
	  <s n="48"> The Panel recommended that the core elements of the new strategy include an in-depth review and reform of the United Nations security system; clear guidance by and clear responsibilities of the United Nations to ensure the security of its staff; the availability of professional assessment tools for the collection of information on potential threats and for the analysis of risk for United Nations operations worldwide; a robust security management system with adequate disciplinary measures to counter non-compliance; accountability at all managerial levels for the implementation of security regulations; and significant increases in resources to develop and maintain the necessary security infrastructure. </s>
	</p>
	<p n="17">
	  <s n="49"> A concerted effort has accordingly been made across the United Nations system to improve and strengthen security arrangements. </s>
	  <s n="50"> The Secretary-General has initiated a number of follow-up actions, which include a survey by the Department of Peacekeeping Operations of compliance with minimum operating security standards in field missions; the development by the Department and the Office of the United Nations Security Coordinator of a system-wide procedure for threat and risk assessment; the development, upgrading and independent evaluation of baseline minimum operating security standards to deal with new threats to headquarters and field activities; and an examination of the possible use of the standby humanitarian arrangements of the Office for the Coordination of Humanitarian Affairs in the event of future crises involving mass casualties among United Nations personnel. </s>
	  <s n="51"> The Office of the United Nations Security Coordinator has developed a joint planning process to integrate security considerations more closely into the design and conduct of United Nations field activities. </s>
	  <s n="52"> Technical guidance has been issued on improvements in equipment and facilities that have been recommended to counter the threat of explosive attacks. </s>
	  <s n="53"> All these measures, however, can be taken only as an initial “first-aid” response — indispensable for survival, but falling well short of the more definitive measures that are now required to equip the United Nations to operate in a more complex and volatile environment. </s>
	</p>
	<p n="18">
	  <s n="54"> During 2004, the Inter-Agency Security Management Network has addressed a range of security-related issues. </s>
	  <s n="55"> It has endorsed the risk-management model and recommended its immediate adoption as a tool to enable the articulation of security risks at the local, regional and headquarters levels. </s>
	  <s n="56"> The Network has adopted upgraded minimum operating security standards, which will assist each country team to develop country-specific security requirements. </s>
	  <s n="57"> Notable progress was made on standards and plans for an enhanced medical system to respond to critical incidents involving mass casualties, in coordination with the medical services of the United Nations system. </s>
	  <s n="58"> Advances were also made in the area of aviation safety. </s>
	</p>
	<p n="19">
	  <s n="59"> Enhancements to the minimum operating security standards and the need for a strong security presence in the field entail significant expenditures for United Nations agencies, funds and programmes. </s>
	  <s n="60"> As at early February 2004, only the United Nations Children&apos;s Fund (UNICEF), the World Food Programme (WFP), the United Nations Development Programme (UNDP), the Office of the United Nations High Commissioner for Refugees (UNHCR), the Food and Agriculture Organization of the United Nations (FAO) and the United Nations Population Fund (UNFPA) had programmed additional security expenditures for the next biennium, totalling about $51 million. </s>
	  <s n="61"> More costs are certain to be incurred by United Nations agencies, funds and programmes as those bodies continue to identify and finance the increased security requirements arising out of new risks and security standards at the most exposed of their many facilities and activities worldwide. </s>
	</p>
	<p n="20">
	  <s n="62"> In April 2004, the Secretary-General submitted to the General Assembly a report informing Member States of the measures that had been taken to enhance safety and security and requesting resources for the first phase of implementation of urgently needed new measures worldwide (A/58/756). </s>
	  <s n="63"> Those measures consisted of security infrastructure enhancements and new security posts for high-risk duty stations. </s>
	  <s n="64"> In response, the General Assembly, in June 2004, authorized additional expenditures on the order of $85.9 million. </s>
	  <s n="65"> While the largest proportion of the funds was for infrastructure at headquarters locations, 29 additional international and 29 locally recruited field posts were authorized for the Office of the United Nations Security Coordinator to be funded under interim arrangements pending a review of the overall United Nations security management system, including cost-sharing, during the fifty-ninth session. </s>
	</p>
	<p n="21">
	  <s n="66"> In the same report, the Secretary-General also advised Member States that he would be submitting a request for additional resources at the fifty-ninth session of the General Assembly. </s>
	  <s n="67"> That request would be for resources for a new, unified and significantly strengthened security management system, including a major increase in the number of established posts for security personnel at Headquarters and in the field. </s>
	</p>
	<p n="22">
	  <s n="68"> Existing security management system </s>
	</p>
	<p n="23">
	  <s n="69"> The primary responsibility for the security and protection of staff members, their spouses, dependants and property rests with the host Government. </s>
	  <s n="70"> The Secretary-General, on the advice of the United Nations Security Coordinator and designated officials, determines in each case the nature and extent of security arrangements to be made by the United Nations, based on his analysis of any given situation. </s>
	  <s n="71"> The United Nations endeavours in all cases to facilitate the tasks of host Governments and local authorities in the discharge of their obligations and consults with them as appropriate on matters affecting the security of United Nations staff. </s>
	</p>
	<p n="24">
	  <s n="72"> Security services for the United Nations are at this time delivered through four separate structures: the Office of the United Nations Security Coordinator; the security component of missions led by the Department of Peacekeeping Operations; the Security and Safety Services at New York, Vienna, Geneva, the International Tribunals and the regional commissions; and the security components of United Nations agencies, funds and programmes. </s>
	</p>
	<p n="25">
	  <s n="73"> United Nations field security management system </s>
	</p>
	<p n="26">
	  <s n="74"> The Office of the United Nations Security Coordinator coordinates the activities of the United Nations field security management system. </s>
	  <s n="75"> The Security Coordinator reports directly to the Secretary-General. </s>
	  <s n="76"> Security in countries in which the United Nations is present is the responsibility of the designated official, who is appointed by the Secretary-General and reports to him through the United Nations Security Coordinator. </s>
	  <s n="77"> In many countries, the United Nations resident coordinator is given this responsibility. </s>
	  <s n="78"> Depending on the composition of the United Nations staff in a given country, special representatives of the Secretary-General, executive secretaries of regional commissions or agency representatives may also be appointed as designated officials. </s>
	  <s n="79"> They are assisted by the field security coordination officer and an advisory security management team consisting of the representatives of United Nations agencies, funds and programmes at the duty station. </s>
	</p>
	<p n="27">
	  <s n="80"> The overarching policies, procedures and programmes of work of the United Nations field security management system are governed by the Inter-Agency Security Management Network. </s>
	  <s n="81"> The Network, which comprises senior managers who have oversight over security within their respective entities, is responsible for reviewing policies and procedures and monitoring their implementation. </s>
	  <s n="82"> It makes recommendations to the High Level Committee on Management of the United Nations System Chief Executives Board for Coordination. </s>
	  <s n="83"> The United Nations Security Coordinator is responsible for all policy and procedural matters related to the security of field staff, including making recommendations to the Secretary-General on security conditions and arrangements, including evacuations. </s>
	  <s n="84"> The duties of the personnel of the Office of the United Nations Security Coordinator at Headquarters include supporting the field through constant liaison and frequent visits </s>
	</p>
	<p n="28">
	  <s n="85"> The Office of the United Nations Security Coordinator at this time deploys and provides technical supervision to 129 regular budget and 30 donor-funded international professional field security coordination officers in 64 of the 146 countries where a designated official has been appointed. </s>
	  <s n="86"> The primary role of the field security coordination officers is to provide advice to designated officials and their security management teams. </s>
	  <s n="87"> They are also required to liaise with Governments and local authorities on security matters, to carry out security threat and risk assessments, to prepare and maintain an array of contingency plans, to monitor and manage staff movements, to provide security training, to report all cases in which United Nations personnel or dependants may be victims of crime, to conduct security surveys and inspections and to take a leading role in crisis management. </s>
	</p>
	<p n="29">
	  <s n="88"> Field security coordination officers are in many instances hard-pressed or entirely overwhelmed in attempting to advise designated officials and security management teams, while at the same time conducting field security assessments of the necessary frequency, depth and geographic range. </s>
	  <s n="89"> Moreover, they have to provide sustained and continuous security guidance and advice to numerous United Nations entities. </s>
	  <s n="90"> When the Office of the Security Coordinator has had to assign additional field security coordination officers to meet emergency needs in some countries, it has been obliged to redeploy officers from other countries that are at somewhat lower but still significant risk. </s>
	  <s n="91"> In cases such as Afghanistan, Angola, Iraq, Somalia and the Sudan, it has been necessary to deploy up to 20 officers. </s>
	  <s n="92"> This has been achieved only through recourse to voluntary contributions or time-consuming cost-sharing agreements at the country level. </s>
	  <s n="93"> The shortage of field security officers has also obliged United Nations agencies, funds and programmes to engage their own security officers so as to provide essential protection for their staff and activities. </s>
	  <s n="94"> The financing, recruitment, training and deployment of these additional officers, both by the Office of the Security Coordinator and by United Nations agencies, funds and programmes, have required several months, in some cases placing urgent humanitarian interventions at significant risk. </s>
	  <s n="95"> Notwithstanding the recent provision of an additional 29 international and 29 locally recruited posts, there is an urgent requirement for significantly more security posts in the field. </s>
	</p>
	<p n="30">
	  <s n="96"> The recruitment and administration of field security coordination officers is undertaken by the United Nations Development Programme on behalf of the Office of the United Nations Security Coordinator, while day-to-day management remains the responsibility of the Office of the Security Coordinator. </s>
	  <s n="97"> With its current staffing level, the administrative section of the Office at Headquarters is incapable of keeping up with its tasks, which include the selection and technical supervision of the field security coordination officers, the provision of support to the Security Coordinator in managing the budget and other resources and other financial and administrative functions. </s>
	  <s n="98"> Those functions cannot be devolved to other organizations and require strengthening so as to put an end to the current inadequate level of support, which obliges field security coordination officers to divert an inordinate amount of time from security functions. </s>
	</p>
	<p n="31">
	  <s n="99"> Peacekeeping operations </s>
	</p>
	<p n="32">
	  <s n="100"> At present, the Department of Peacekeeping Operations has a separate security structure for the civilian staff in United Nations peacekeeping missions. </s>
	  <s n="101"> The Head of Mission, who is supported by a Chief Security Officer, is responsible for the security of all peacekeeping personnel and reports to the Under-Secretary-General for Peacekeeping Operations. </s>
	  <s n="102"> However, in cases where they are present, the spouses and dependants of civilian staff members of the Department&apos;s peacekeeping missions also fall under the responsibility of the United Nations Security Coordinator. </s>
	  <s n="103"> The United Nations Security Coordinator retains responsibility for providing the Department with security-related technical advice and operational support at Headquarters. </s>
	  <s n="104"> The Office of the United Nations Security Coordinator screens security personnel for recruitment by the Department. </s>
	  <s n="105"> The political missions of the Department of Political Affairs that are administratively backstopped by the Department of Peacekeeping Operations remain under the United Nations field security management system. </s>
	</p>
	<p n="33">
	  <s n="106"> C. Security and Safety Services at United Nations headquarters locations </s>
	</p>
	<p n="34">
	  <s n="107"> Security and Safety Services operate independently in New York and at seven other Secretariat headquarters locations around the world (Geneva, Vienna, Nairobi, Bangkok, Beirut, Addis Ababa and Santiago), as well as at the International Tribunals in The Hague and Arusha. </s>
	  <s n="108"> They provide security and safety protection for headquarters staff and facilities in those locations. </s>
	  <s n="109"> They also provide personal security details for senior United Nations officials. </s>
	  <s n="110"> Other United Nations organizations, as well as a number of United Nations agencies, funds and programmes, also maintain similar headquarters security services, whether they are provided by uniformed staff members or by contractors. </s>
	</p>
	<p n="35">
	  <s n="111"> The Security and Safety Services are free-standing entities, with no common governance structure. </s>
	  <s n="112"> The service chiefs report to their Director-General or Executive Secretary through their Chief of Administration. </s>
	  <s n="113"> In New York, the head of the Security and Safety Service reports to the Assistant Secretary-General for Central Support Services in the Department of Management. </s>
	</p>
	<p n="36">
	  <s n="114"> While the roles and responsibilities of the Security and Safety Services at the various Secretariat headquarters locations are generally similar in terms of their core functions, the delivery of services locally has evolved with differing standards in respect of operational procedures, staff recruitment, career opportunities and rewards, equipment levels and training standards. </s>
	  <s n="115"> The Services have established the United Nations Security and Safety Services Network to coordinate their work, identify best practices and develop operational standards. </s>
	  <s n="116"> The members of the Network, which meets annually, have carried out some very useful work, such as the recent efforts to rationalize and unify operating procedures and standards. </s>
	  <s n="117"> Additional work remains to be done in other functional areas, such as the use of force, the conduct of investigations, conference security, fire safety and building evacuation and disaster response. </s>
	  <s n="118"> This work requires full-time attention by dedicated experts and integration into the wider prospectus of United Nations security procedures. </s>
	</p>
	<p n="37">
	  <s n="119"> The new security paradigm necessitated a comprehensive review of the profile of security officers in the United Nations. </s>
	  <s n="120"> In this new global security environment, the Organization requires robust and agile security teams equipped to understand and utilize modern security technology. </s>
	  <s n="121"> At its annual meeting earlier this year, the Security and Safety Services Network established a new profile for the next generation of security officers. </s>
	  <s n="122"> The new profile called for an alignment of the career path of security officers with those of uniformed personnel in national law-enforcement agencies elsewhere. </s>
	  <s n="123"> This would include a lower age of retirement for lower-ranking officers and subjecting contract renewal and promotion to the successful completion of psychological and physical tests. </s>
	  <s n="124"> Such initiatives would require major changes in the personnel management of security officers, which has to include a revised pension scheme to compensate for a lower retirement age. </s>
	  <s n="125"> Arrangements for serving security officers to assist them in elevating their physical fitness and technological skills through internal and external training programmes will have to be introduced. </s>
	</p>
	<p n="38">
	  <s n="126"> United Nations agencies, funds and programmes </s>
	</p>
	<p n="39">
	  <s n="127"> In order to deliver their mandates under increasingly difficult security conditions, several of the United Nations agencies, funds and programmes operate, recruit and maintain their own security personnel. </s>
	  <s n="128"> The roles and responsibilities of the agencies, funds and programmes within the overall United Nations field security management system, both at Headquarters and in the field, are set out in the accountability framework (A/57/365). </s>
	  <s n="129"> All United Nations agencies, funds and programmes have full-time or part-time headquarters security focal points who participate in the Inter-Agency Security Management Network, provide technical supervision over any agency security officers in the field and liaise routinely with the Office of the Security Coordinator. </s>
	</p>
	<p n="40">
	  <s n="130"> There are currently some 164 agency-specific security officers working at field duty stations. </s>
	  <s n="131"> Virtually all of them are employed by WFP, UNHCR, UNICEF, UNDP, the World Health Organization (WHO) and the Office of the United Nations High Commissioner for Human Rights (UNHCHR). </s>
	  <s n="132"> Those officers, who are recruited against standardized agreed criteria and cleared by the Office of the United Nations Security Coordinator, report to their agency&apos;s head of office while at the same time supporting the designated official under the coordination of the field security coordination officer through an inter-agency “security cell”. </s>
	  <s n="133"> The main function of agency field security officers is to advise their country representative and to be responsible for the security aspects of activities that are specific to their organization. </s>
	  <s n="134"> Some agency security officers are made available on occasion to assist field security coordination officers in their duties or to act on their behalf during periods of absence. </s>
	  <s n="135"> Security experts from agencies, funds and programmes also respond along with the Office of the Security Coordinator in temporary emergency reassignments and participate with desk officers from the Office of the Security Coordinator at Headquarters in projects directed by the Inter-Agency Security Management Network and in joint field visits. </s>
	</p>
	<p n="41">
	  <s n="136"> Agencies employ their own security officers partly because the Office of the Security Coordinator lacks sufficient capacity to provide the necessary number of security officers in high-risk areas, but mainly in order to address special requirements, such as protecting humanitarian supplies and convoys or maintaining security at refugee camps. </s>
	  <s n="137"> While a few agencies may deploy their own security personnel, the great majority of United Nations agencies, funds and programmes are not in a position to do so. </s>
	  <s n="138"> Therefore, the duties of an agency field security officer fall to field security coordination officers who, particularly in high-risk areas, are already sorely overburdened. </s>
	</p>
	<p n="42">
	  <s n="139"> Need for further change </s>
	</p>
	<p n="43">
	  <s n="140"> While the security structures of the Office of the United Nations Security Coordinator, the Department of Peacekeeping Operations, the Secretariat headquarters locations and the agencies, funds and programmes each have their own role, capabilities and challenges, there are a number of system-wide shortcomings arising out of the current United Nations security management arrangements. </s>
	  <s n="141"> These shortcomings in structure and capacity reduce significantly the capacity of the United Nations, as a system, to respond adequately and cost-effectively to the threats and risks that now prevail. </s>
	</p>
	<p n="44">
	  <s n="142"> The United Nations system does not yet have the ability to conduct security threat and risk assessments and timely and comprehensive follow-on planning on either a global or a country-level basis. </s>
	  <s n="143"> While great strides have been made in upgrading security threat and risk assessment techniques for use in the field, considerable difficulties remain in providing designated officials with comprehensive, systematic and timely analyses in the field as well as support from Headquarters. </s>
	  <s n="144"> As a result, the Organization cannot efficiently calibrate security responses to constantly changing circumstances on the ground. </s>
	</p>
	<p n="45">
	  <s n="145"> The United Nations is currently facing increasingly complex and sophisticated threats with a fractured security structure. </s>
	  <s n="146"> The Office of the United Nations Security Coordinator, with its current reliance for policy development and threat assessment on part-time desk officers with daily operational responsibilities and heavy travel commitments, cannot perform these core technical functions at the level of quality now necessary to support designated officials, security officers and staff members in the field. </s>
	  <s n="147"> As the 2003 evaluation team pointed out, those who wish to attack the United Nations are now using new techniques and will seek out any gaps or disconnects within a system. </s>
	  <s n="148"> There is a need, therefore, for a full-time security threat and risk-assessment capacity, as well as for the deepening and further professionalization of security personnel </s>
	</p>
	<p n="46">
	  <s n="149"> The United Nations, with the qualified exception of the Department of Peacekeeping Operations, cannot respond in a timely manner to new security requirements in the field. </s>
	  <s n="150"> The Department of Peacekeeping Operations is the only structure within the United Nations security management system that has a dedicated force generation unit and a capacity, albeit limited, for rapid response to security emergencies. </s>
	  <s n="151"> The safety and security services are bound by time-consuming budgetary and staffing systems, and the Office of the United Nations Security Coordinator, as well as the agencies, funds and programmes, are also reliant on temporary reassignments or donor funding for quick reaction. </s>
	  <s n="152"> As a result, enormous risks are being taken as courageous United Nations workers carry on with urgent humanitarian and other mandates in the field. </s>
	</p>
	<p n="47">
	  <s n="153"> Security, like accident prevention, is only as good as the weakest link in an interdependent chain of well-designed systems and strict compliance. </s>
	  <s n="154"> Despite the experiences of last year, security lapses in the field continue to be a serious and widespread problem. </s>
	  <s n="155"> For this reason, a much stronger central monitoring and evaluation capacity, with a body reporting directly to the senior United Nations security official, is essential in order to be able to identify security problems without further delay and to work in a more vigorous, targeted and effective manner towards their earliest possible solution. </s>
	</p>
	<p n="48">
	  <s n="156"> While the measures taken by the General Assembly, the Secretariat and the United Nations agencies, funds and programmes since August 2003 have improved security readiness with respect to the threat of direct attack at headquarters facilities, serious organizational change remains necessary in order to provide support in the field, where the risks are arguably the greatest. </s>
	  <s n="157"> The Ahtisaari panel and other recent studies, including the recommendations of the senior adviser on change management, have all identified the same core weaknesses in the overall United Nations security management system: inadequate resources, inadequate central control of those resources, the dispersal of security responsibility over diverse and insufficiently coordinated structures, a dramatically increased security workload, understaffing of all security elements, an inadequate security threat and risk-assessment capability, insufficient training capacity and lack of attention to the career development of security officers. </s>
	  <s n="158"> Those weaknesses must be remedied. </s>
	</p>
	<p n="49">
	  <s n="159"> At the same time, the United Nations cannot permit itself to succumb to a bunker mentality. </s>
	  <s n="160"> The work of the Organization must go on, despite the increased threat. </s>
	  <s n="161"> United Nations staff, especially from the humanitarian and development agencies, must have access to vulnerable populations, and those populations must have access to the United Nations. </s>
	  <s n="162"> There is no universal guarantee of security, and a degree of risk cannot be avoided. </s>
	  <s n="163"> But that risk can and must be mitigated. </s>
	  <s n="164"> The Office for the Coordination of Humanitarian Affairs, in consultation with the Office of the Security Coordinator and a number of United Nations agencies, funds and programmes, prepared a concept paper on risk-management programme delivery strategies for humanitarian activities in high-threat areas. </s>
	  <s n="165"> The United Nations has already initiated measures designed to reduce the exposure of its staff in situations where the risk is extremely high. </s>
	  <s n="166"> Some of the steps being taken include reducing the number of international staff, with greater reliance on national capacity; supporting programmes from neighbouring countries; and resorting to common services. </s>
	  <s n="167"> While those measures will be of help, if United Nations staff are to carry out their mandate of helping vulnerable populations, they must be provided with the best and highest level of security support possible. </s>
	  <s n="168"> This requires adequate security resources, competent professional security staff, clear policies and standards, expert security threat and risk assessments and accountability at all levels. </s>
	  <s n="169"> To achieve this and to carry out its programmes in the new threat environment, the United Nations must have the strong support of the Member States. </s>
	</p>
	<p n="50">
	  <s n="170"> Proposals for strengthening and unifying the security management system </s>
	</p>
	<p n="51">
	  <s n="171"> Objectives for change </s>
	</p>
	<p n="52">
	  <s n="172"> The goal of the United Nations security management system is to facilitate the effective and efficient conduct of its programmes and activities while ensuring the safety, security and well-being of staff as a high priority. </s>
	  <s n="173"> In order to address the issues and shortcomings outlined in the present report and to strengthen and unify the United Nations security management system, the proposed changes have the following objectives: </s>
	</p>
	<p n="53">
	  <s n="174"> (a) To facilitate the continued conduct by the United Nations system of its mandated activities through the development of innovative concepts for operating — both in high-risk areas and in those areas where the United Nations is operating routinely — by better calibrating security arrangements to prevailing conditions as determined by timely and up-to-date security threat and risk assessments; by ensuring a unified and comprehensive response to emergencies; by developing and promulgating security policies, techniques and procedures that are comprehensive, up-to-date and well-understood; and, most importantly, by providing more robust and sustained security advice, assistance and presence in the field; </s>
	</p>
	<p n="54">
	  <s n="175"> (b) To enhance the calibre and productivity of all United Nations security personnel through more formalized, integrated and comprehensive human resources management, including training and career management. </s>
	</p>
	<p n="55">
	  <s n="176"> To attain those objectives, the Secretary-General proposes to strengthen the United Nations security management system and to establish a new Directorate of Security, unifying the existing offices of the United Nations Security Coordinator, the Security and Safety Services and the security component of missions led by the Department of Peacekeeping Operations in a single organizational structure. </s>
	  <s n="177"> The Directorate will provide common security policies and standards. </s>
	  <s n="178"> It will also have important capabilities that will enable the United Nations to make a quantum leap in the quality and scope of its security arrangements. </s>
	  <s n="179"> This in turn will enhance the Organization&apos;s ability to conduct its activities in an effective and efficient manner while ensuring the security and safety of its staff posted in different parts of the world. </s>
	  <s n="180"> The responsibilities and functions of the Directorate are outlined in section C below. </s>
	  <s n="181"> Day-to-day decision-making on matters of security will remain decentralized. </s>
	  <s n="182"> Security decisions at the field duty stations will therefore continue to be made by the designated official, advised by the security management team and professional security staff. </s>
	  <s n="183"> Security decisions regarding Secretariat personnel in Geneva and Vienna will be made by the Directors-General, with the advice of the Chief of Security and Safety at the duty station. </s>
	  <s n="184"> For the regional commissions, as well as at Nairobi, security decisions will continue to be taken under the existing field security management system. </s>
	</p>
	<p n="56">
	  <s n="185"> Strengthened capabilities at the country level </s>
	</p>
	<p n="57">
	  <s n="186"> The accountability framework of the United Nations is a decentralized model. </s>
	  <s n="187"> The designated official will continue to be fully responsible and accountable to the Secretary-General for the safety and security of all United Nations personnel at a duty station. </s>
	  <s n="188"> In very high-risk areas, additional guidance and controls may be promulgated. </s>
	</p>
	<p n="58">
	  <s n="189"> Given the designated official&apos;s key responsibility for all United Nations personnel, the Secretary-General&apos;s policy is for the designated official to be the senior United Nations official at a duty station. </s>
	  <s n="190"> The designated official will be authorized to delegate some of his or her day-to-day security duties to appropriate deputies, but will always retain overall responsibility and accountability. </s>
	  <s n="191"> The designated official will report to the Directorate of Security on security-related matters regarding all United Nations civilian personnel in the country. </s>
	  <s n="192"> However, any recommendation or decision that may affect the conduct of the peacekeeping operation deployed in that country will have to be closely coordinated with the Under-Secretary-General for Peacekeeping Operations in order to satisfy the requirement for the integrated approach provided for in paragraph 54 below. </s>
	  <s n="193"> Any disagreement would be brought to the attention of the Secretary-General, who would make the final decision. </s>
	</p>
	<p n="59">
	  <s n="194"> The senior security officer in-country will be designated as Country Security Adviser by the Directorate of Security. </s>
	  <s n="195"> The Country Security Adviser will have operational authority over all United Nations security officers at the duty station, including other agency security officers and personal protection teams. </s>
	  <s n="196"> Security officers employed by agencies will function under the authority of the Country Security Adviser, but will also retain a reporting line to their respective organization. </s>
	  <s n="197"> The Adviser will report directly to the designated official and through the designated official to the Directorate of Security. </s>
	  <s n="198"> This will unify all country security programmes under a single individual, providing unity of command and clarity of accountability. </s>
	  <s n="199"> It is proposed that Country Security Adviser posts be graded to reflect this authority and responsibility. </s>
	</p>
	<p n="60">
	  <s n="200"> In order to respond to the enhanced risks now facing the Organization, there must be both adequate coverage of current duty stations and the ability to respond to emergencies. </s>
	  <s n="201"> All field duty stations that are at some degree of actual or potential risk must have a professional security officer. </s>
	  <s n="202"> Field security officers are assigned on the basis of the security threat and risk assessment for the particular duty station in question, as well as the scope and complexity of security operations. </s>
	  <s n="203"> Some, because of their size or complexity, may require several more security officers than others. </s>
	  <s n="204"> There must also be a limited capacity to reassign field security officers as a quick emergency response. </s>
	  <s n="205"> In order to meet this requirement, it is necessary to increase significantly the number of international security officers. </s>
	  <s n="206"> The creation of additional posts will enable the Directorate to assign security officers and support staff in 33 countries where there is currently no field security coordination officer, and where coverage should no longer be limited to occasional visits by field security coordination officers assigned to other duty stations in the region. </s>
	  <s n="207"> Overall, the proposed basic coverage will stabilize security staffing, ensure the provision of sustained support to designated officials in all field duty stations and allow for the creation of a limited quick-response capacity. </s>
	  <s n="208"> Security officers will be able to conduct better security threat and risk assessments, to travel in-country beyond the capitals to perform field assessments and to provide better support to United Nations humanitarian operations. </s>
	</p>
	<p n="61">
	  <s n="209"> Beyond basic coverage in the field, there are from time to time a number of situations of such complexity, geographic extent, existing or potential risk and urgency of continued United Nations presence that a far more robust in-country capacity is required, including additional security officers and equipment, to ensure the daily integration of protection arrangements into programme delivery and the provision of special compulsory training for all staff members. </s>
	  <s n="210"> Such additional functions are currently funded by donor contributions. </s>
	</p>
	<p n="62">
	  <s n="211"> This critical additional security capacity should no longer be dependent on donor funding. </s>
	  <s n="212"> It is therefore recommended that the Directorate of Security be authorized to establish a standby stock of vehicles and communications and other equipment sufficient to supply an operations centre, training and additional field security coordination officers for one year. </s>
	  <s n="213"> Should the requirement arise to deploy those resources, the Directorate of Security would be further authorized to expend the resources necessary to recruit the additional staff and to replenish the standby reserve of equipment on an “unforeseen and extraordinary” basis. </s>
	  <s n="214"> Revisions to the existing General Assembly authorization for such expenditures would need to be made to facilitate this recommendation, and specific proposals in this regard will be reflected in the addendum to the present report. </s>
	  <s n="215"> If a United Nations political or peacekeeping mission is subsequently deployed to the same area, it would be expected that the additional capacity required would be subsumed into the mission budget. </s>
	  <s n="216"> In the absence of a United Nations peacekeeping or political mission, the Directorate of Security would seek the necessary resources through the normal financial process and annual performance review so as to sustain any additional capacity for the period during which such capacity is needed. </s>
	  <s n="217"> This contingency financing approach would meet the operational security requirement while easing significantly the need for additional full-time posts. </s>
	</p>
	<p n="63">
	  <s n="218"> While the strengthened cadre of security officers proposed in this report includes enhanced capacity for reassignment as an initial rapid response to emergencies, it will always be difficult to forecast the scale and duration of new requirements in the field. </s>
	  <s n="219"> For this reason, it will be essential for the Directorate of Security to maintain and indeed enhance its standby roster of experienced security officers. </s>
	  <s n="220"> Administering and tasking this “ready reserve” of security officers will be an important function of the strengthened Directorate of Security. </s>
	</p>
	<p n="64">
	  <s n="221"> C. Strengthened capabilities at Headquarters </s>
	</p>
	<p n="65">
	  <s n="222"> A stronger field presence will not achieve the intended result with respect to conducting security assessments, training, building information networks and advising managers on how to deliver programmes in the face of insecurity without better support from Headquarters. </s>
	  <s n="223"> The new Directorate of Security will provide common security policies and standards, a central security threat and risk-assessment capability, operational and technical support to headquarters and field office security elements, a monitoring and compliance capability, a strengthened training capacity and common recruitment and career management of security personnel. </s>
	  <s n="224"> In addition to the proposed substantial increase in the number of security personnel in the field, the Directorate will require a substantial number of new posts — over and above the staffs of the existing Secretariat offices to be amalgamated — in order to be able to carry out its considerable responsibilities. </s>
	</p>
	<p n="66">
	  <s n="225"> The new Directorate of Security will ensure an effective and fully deployed security management system by developing security strategies, policies and plans and by coordinating their implementation by all actors in the United Nations security management system. </s>
	</p>
	<p n="67">
	  <s n="226"> The proposed structure of the new Directorate of Security has the following overarching design objectives: </s>
	</p>
	<p n="68">
	  <s n="227"> (a) To support and enable the effective conduct of United Nations activities by ensuring a coherent, effective and timely response to all security-related threats and other emergencies; </s>
	</p>
	<p n="69">
	  <s n="228"> (b) To ensure effective risk mitigation through the establishment of a coordinated security threat and risk assessment mechanism within the framework of a common, system-wide methodology; </s>
	</p>
	<p n="70">
	  <s n="229"> (c) To develop high-quality, best-practice security policies, standards and operational procedures across the United Nations system, including the appropriate degree of standardization; </s>
	</p>
	<p n="71">
	  <s n="230"> (d) To support implementation and monitor compliance with those security policies, standards and operational procedures; </s>
	</p>
	<p n="72">
	  <s n="231"> (e) To ensure the most cost-effective provision and employment of security personnel by taking advantage of economies of scale and through centrally directed recruitment, selection, training, deployment and career development. </s>
	</p>
	<p n="73">
	  <s n="232"> The new Directorate of Security will be organized to reflect the organizational goals enumerated above. </s>
	  <s n="233"> This will require the creation of a number of new components and the strengthening of others. </s>
	  <s n="234"> It is proposed that the new Directorate be headed by an Under-Secretary-General, assisted by an Assistant Secretary-General for Security Operations. </s>
	  <s n="235"> There will be three operational divisions, each headed at the D-2 level. </s>
	</p>
	<p n="74">
	  <s n="236"> The Under-Secretary-General for Security will be responsible for the safety and security of more than 100,000 United Nations staff members and an estimated 300,000 dependants at over 150 duty stations, a considerable number of which are considered high risk. </s>
	  <s n="237"> As discussed above, the level of threat against United Nations operations has increased exponentially. </s>
	  <s n="238"> The resources necessary to mitigate this threat and to maintain operations must be equally dramatically increased. </s>
	  <s n="239"> Given its global responsibilities in the new threat environment, the significant staff and budgetary resources to be managed and the expertise and experience that the incumbent would need to possess, the head of the Directorate should be at the level of Under-Secretary-General. </s>
	  <s n="240"> This would allow him/her to speak with authority across the United Nations system and with representatives of Member States at the most senior levels. </s>
	  <s n="241"> The Under-Secretary-General and his/her immediate office will be responsible for the overall direction of the United Nations security management system, for the development of security policies and recommendations for the Secretary-General and overall for the security and safety of United Nations personnel and dependants. </s>
	  <s n="242"> The Under-Secretary-General will also supervise a Director of Regional Operations, a Director of Administration and Field Support and a Director of Headquarters Security and Safety Services. </s>
	</p>
	<p n="75">
	  <s n="243"> In view of the extensive system-wide responsibilities and the external contacts that the Under-Secretary-General will need to maintain, the size and scope of the Directorate and the need to ensure continuity during periods of leave or other absence, the Under-Secretary-General will be assisted by an Assistant Secretary-General who will serve as his/her deputy and focus on the internal functioning and day-to-day management of the Directorate. </s>
	</p>
	<p n="76">
	  <s n="244"> The Directorate of Security will be equipped with a dedicated inspection and compliance review capability, reporting directly to the Under-Secretary-General. </s>
	  <s n="245"> Reviews should be extended to all United Nations entities, including headquarters locations and Department of Peacekeeping Operations missions. </s>
	  <s n="246"> The reviews would be conducted by core teams that stayed together for several missions, supplemented as appropriate by desk officers from the operations staff. </s>
	  <s n="247"> The review teams would assist duty stations in achieving compliance with security policies and standards such as the minimum operating security standards, the implementation of the security clearance process, mandatory training and the like. </s>
	  <s n="248"> The Directorate must also be prepared to enforce standards and to recommend action in the event of non-compliance. </s>
	  <s n="249"> In particularly egregious cases, such action could include the removal from the duty station of non-complying staff members and the replacement of agency representatives and designated officials. </s>
	</p>
	<p n="77">
	  <s n="250"> United Nations staff members should also be afforded a consistent level of safety and security in accordance with clearly articulated and understood security policies and standards. </s>
	  <s n="251"> Good efforts have been made by the Inter-Agency Security Management Network and the Security and Safety Services to articulate such policies, resulting, for example, in the widely accepted minimum operating security standards. </s>
	  <s n="252"> More needs to be done. </s>
	  <s n="253"> A Policy, Planning and Coordination Unit will also be established, reporting directly to the Under-Secretary-General. </s>
	  <s n="254"> The Unit will promulgate common policies and standards in all parts of the security management system. </s>
	  <s n="255"> It will serve as a small secretariat for the Inter-Agency Security Management Network and be responsible for the drafting and updating of the Field Security Handbook and all specialized security directives. </s>
	</p>
	<p n="78">
	  <s n="256"> Director of Regional Operations </s>
	</p>
	<p n="79">
	  <s n="257"> The Director of Regional Operations will supervise five regional desks and their staff. </s>
	  <s n="258"> The desks will be the focal point at Headquarters for the field duty stations, providing primary operational and technical support. </s>
	  <s n="259"> The Regional Operations Unit will be responsible for daily security coordination with the field, for responding to all security incidents, for deploying staff to the field as necessary to support the designated official, for investigating the deaths of staff under malicious circumstances, for providing assistance in the management of hostage incidents and for taking appropriate action in the event of the arrest or detention of staff members. </s>
	  <s n="260"> Desk officers will be expected to travel extensively in their regions of responsibility to familiarize themselves with the operational environment. </s>
	  <s n="261"> The Director of Regional Operations will also operate a dedicated 24-hour watch capability to provide the Directorate with an internal round-the-clock alerting and response facility on security-related matters for the field as well as headquarters locations. </s>
	</p>
	<p n="80">
	  <s n="262"> The Director of Regional Operations will also oversee a Threat and Risk Analysis Unit composed of dedicated staff working closely with the regional desks. </s>
	  <s n="263"> The Ahtisaari panel identified this deficiency as a key organizational failing. </s>
	  <s n="264"> While the Office of the United Nations Security Coordinator has commendably developed a security risk-management methodology for use at the field level, there is no dedicated capacity with the necessary resources at Headquarters for security threat and risk assessment. </s>
	  <s n="265"> As such, the Unit will be responsible for the collection, analysis and dissemination of threat and risk information from the country offices, from other components of the United Nations system (such as the Department of Peacekeeping Operations, the Department of Political Affairs, the Office for the Coordination of Humanitarian Affairs and United Nations agencies, funds and programmes), from Governments of Member States and from other relevant sources, including the non-governmental community. </s>
	  <s n="266"> While the Department of Peacekeeping Operations will no longer recruit security personnel separately, there is an absolute requirement for security staff recruited by the Directorate of Security to work in an integrated approach in support of security within peacekeeping missions. </s>
	  <s n="267"> It is foreseen that a unit of the Directorate of Security staff would be located in the Department of Peacekeeping Operations to support the management of the day-to-day security issues within missions led by the Department. </s>
	  <s n="268"> The peacekeeping support account would be the source of funding for the posts in this Unit. </s>
	</p>
	<p n="81">
	  <s n="269"> Director of Administration and Field Support </s>
	</p>
	<p n="82">
	  <s n="270"> The Director of Administration and Field Support will handle centrally the recruitment, selection and hiring of international security professionals in accordance with United Nations policies and standards. </s>
	  <s n="271"> This will better allow the Directorate to transfer staff from one duty station to another in accordance with the needs of the Organization. </s>
	  <s n="272"> In order to achieve those goals, the Directorate must be delegated the authority to recruit and appoint security personnel irrespective of their location. </s>
	  <s n="273"> Particular attention will also be paid to career development. </s>
	  <s n="274"> In most cases, security personnel should be hired at the entry level and then moved through progressively more responsible assignments across the security management system, including a mixture of headquarters, field and training assignments across a variety of security functions, including the specialized security functions performed by the humanitarian agencies. </s>
	  <s n="275"> The objective of the career development system is to develop security generalists trained and prepared through a variety of experiences to assume the most complex security management responsibilities in large, difficult field operations and in senior security posts in the field and at headquarters locations. </s>
	  <s n="276"> There will clearly be a transitional period before a fully developed corps is in place, as it will take time to fully achieve this objective. </s>
	</p>
	<p n="83">
	  <s n="277"> The Director of Administration and Field Support will manage a logistics unit responsible for procuring vehicles and communications and office equipment for field security coordination officers. </s>
	  <s n="278"> This will ensure better interoperability and achieve economies of scale, as well as improve the life-cycle management of the equipment procured and allow for the establishment and maintenance of a small standby pool for emergency response. </s>
	  <s n="279"> An increasing involvement in facilitating the system-wide procurement and maintenance of security-related equipment, where practicable and cost-effective, can also be anticipated. </s>
	</p>
	<p n="84">
	  <s n="280"> As the Directorate of Security will be required to develop and maintain specialized databases, as well as the existing security web site, an information systems section is included in the proposed structure of the Division for Administration and Field Support. </s>
	</p>
	<p n="85">
	  <s n="281"> The Director for Administration and Field Support will also be responsible for overseeing a sustained and coherent security training programme aimed at multiple clients: the security officers at headquarters and field duty stations, the designated officials, the security management teams and security-related training for United Nations staff in general. </s>
	  <s n="282"> The content and standard of delivery of all security-related training must be regulated and harmonized. </s>
	  <s n="283"> There is also a need for special focus on course content and design, based on job and training needs analysis, and on consistent standards of delivery both centrally and in-country. </s>
	  <s n="284"> A Training Policy and Standards Section will accordingly consist of a small group of curriculum managers, support staff to develop and distribute training packages and several teams of instructors for those courses. </s>
	  <s n="285"> Mobile training teams will also stage major incident management exercises in high-risk locations to train in disaster recovery, hostage crises and fire, emergency and evacuation procedures. </s>
	  <s n="286"> Other training requirements include induction and orientation for newly recruited field security officers, Country Security Adviser training, Department of Peacekeeping Operations mission security training, personal protection training and other specialized skills. </s>
	  <s n="287"> The Directorate will liaise closely with agencies, funds and programmes that have existing capacity and will provide guidance in developing security modules for them. </s>
	  <s n="288"> This will also help to meet the need to have security as a component in a number of other programmes and to ensure that the security modules are accurate and consistent with security policies, procedures and practices. </s>
	  <s n="289"> Care will be taken not to duplicate training, but rather to manage it more professionally using a needs-based, performance-oriented systems approach. </s>
	</p>
	<p n="86">
	  <s n="290"> Director of Security and Safety Services </s>
	</p>
	<p n="87">
	  <s n="291"> The Director of Security and Safety Services will supervise the Security and Safety Service in New York and provide policy direction, operational guidance and overall technical supervision to the Security and Safety Services in New York and at the other headquarters locations around the world. </s>
	  <s n="292"> A Protection Coordination Unit will be established in the office of the Director in order to manage the growing demand for personal protection details in a systematic and coordinated manner. </s>
	  <s n="293"> Decisions on the deployment and staffing of personal protection teams will be based on detailed security threat and risk assessments. </s>
	  <s n="294"> The Security and Safety Services at the other headquarters locations will retain day-to-day operational responsibility and report to their respective Directors-General or Executive Secretaries, who will serve as designated officials, working in close cooperation with their Chiefs of Administration. </s>
	</p>
	<p n="88">
	  <s n="295"> Financing security from the regular budget </s>
	</p>
	<p n="89">
	  <s n="296"> The gravity of the current security environment and the magnitude of the threat directed at the Organization requires a new look at how security is funded in the United Nations. </s>
	  <s n="297"> As outlined in the previous report (A/58/756), the present cost-sharing arrangements were established under General Assembly resolution 56/255. </s>
	  <s n="298"> The principles and modalities behind the decision were that the United Nations field security management system would assume collective responsibility for the safety and security of its staff. </s>
	  <s n="299"> Thus, field-related costs, which are incurred either in the field or at headquarters locations through the provision of operational support, would be shared on a proportional basis. </s>
	  <s n="300"> Central costs related to the management and direction of the United Nations field security management system would be borne by the United Nations. </s>
	  <s n="301"> The associated cost-sharing formula was based on the number of United Nations personnel assigned to or visiting countries that are not members of the Organization for Economic Cooperation and Development, and therefore presumably requiring some degree of additional protection from the United Nations field security management system. </s>
	  <s n="302"> Data on assigned personnel are collected every second year on the basis of a census carried out by the secretariat of the Chief Executives Board on behalf of the Office of the United Nations Security Coordinator. </s>
	</p>
	<p n="90">
	  <s n="303"> Experience to date has brought to light a number of serious concerns with respect to financing the Office of the Security Coordinator component of the current United Nations field security management system on the combined bases of cost-sharing under the regular budget and voluntary contributions from Member States. </s>
	  <s n="304"> The cost-sharing arrangements have in practice required participating agencies, funds and programmes to rely on voluntary contributions for their assessed share of security costs. </s>
	  <s n="305"> Security functions must have consistent and predictable long-term funding. </s>
	</p>
	<p n="91">
	  <s n="306"> Practical problems have also emerged in implementing the cost-sharing arrangement. </s>
	  <s n="307"> The mechanism is labour-intensive, requiring the conduct every two years of a massive worldwide census. </s>
	  <s n="308"> Census outcomes and the resulting cost apportionments have proven to be prone to questioning by participating organizations, and reimbursements are generally received late. </s>
	  <s n="309"> A number of agencies have also experienced difficulty in forecasting and budgeting accurately for shared security costs, as exact apportionments may not be established during most of the planning stages. </s>
	  <s n="310"> Arrears in contributions are in some cases due to the legislative processes of participating organizations and in others to conflicting funding priorities in a context of uncertain and often insufficient funding. </s>
	</p>
	<p n="92">
	  <s n="311"> The Secretary-General, therefore, reiterates the proposal made earlier this year (see ibid., para. </s>
	  <s n="312"> 20) to phase out the current system of cost-sharing. </s>
	  <s n="313"> Security is a prerequisite to programme delivery and a core responsibility of Member States. </s>
	  <s n="314"> It is recommended that security be provided to the fullest extent possible through a single system funded centrally from the regular budget. </s>
	</p>
	<p n="93">
	  <s n="315"> As a transitional arrangement, cost-sharing will continue with respect to the initial appropriation approved by the General Assembly in the context of the programme budget for the biennium 2004-2005. </s>
	  <s n="316"> However, as a first step to phasing out the current cost-sharing system, it is proposed that the requirements for establishing the new Directorate of Security, as well as the additional costs for new field security officer posts proposed in the present report, be fully financed from the United Nations regular budget. </s>
	  <s n="317"> It is further proposed that additional requirements amounting to $8,162,100 relating to the Office of the United Nations Security Coordinator arising from the phase I report (A/58/756), of which the General Assembly remains seized, as reflected in its resolution 58/295, would be funded from the regular budget. </s>
	  <s n="318"> However, from 2006 onward, all costs relating to the Directorate of Security, including the cost of all field security officer posts, would be financed from the regular budget. </s>
	</p>
	<p n="94">
	  <s n="319"> The present cost-sharing arrangements for those organizations not in the United Nations system that are covered by the United Nations field security management system, including the International Organization for Migration, the European Bank for Reconstruction and Development and the Asian Development Bank, should be retained indefinitely. </s>
	  <s n="320"> Likewise, the costs of the malicious acts insurance policy would continue to be shared, in view of the fact that not all United Nations organizations participate in that insurance. </s>
	  <s n="321"> Similarly, specific arrangements in place at New York and Vienna for sharing the costs of the central Security and Safety Services between the United Nations and the other entities (UNDP, UNICEF, UNFPA, the United Nations Office for Project Services, the International Atomic Energy Agency, the United Nations Industrial Development Organization and the Comprehensive Nuclear-Test-Ban Treaty Organization) based in the two locations would continue. </s>
	</p>
	<p n="95">
	  <s n="322"> Conclusion </s>
	</p>
	<p n="96">
	  <s n="323"> Recent events have brought the United Nations face to face with the danger that the Organization itself may have become a primary target of political violence. </s>
	  <s n="324"> Further attacks in Iraq and Afghanistan remain possible, and there is a distinct possibility of direct and deliberate targeting of United Nations personnel and facilities in other locations as well. </s>
	  <s n="325"> Just as the complexity of security management has increased exponentially, so have the consequences of poor preparedness. </s>
	</p>
	<p n="97">
	  <s n="326"> More complex and lethal threats require a more professional security management system that can respond flexibly, based on continuous analysis. </s>
	  <s n="327"> This in turn requires stronger staffing and technical guidance. </s>
	  <s n="328"> The United Nations can no longer rely on a small group of overextended security advisers who try valiantly to cope, and on a fragmented security management structure that lacks coherence, consistency and the technical capacity to meet the professional standards now required in this new security climate. </s>
	</p>
	<p n="98">
	  <s n="329"> Achieving the goals set out in the present report will be a complicated process. </s>
	  <s n="330"> Once the Secretariat has received guidance and authority from the General Assembly, a first step at Headquarters will be the appointment of key managers and support staff within the new Directorate of Security. </s>
	  <s n="331"> In the field, it will be especially important to move quickly to augment existing structures and support arrangements. </s>
	  <s n="332"> A detailed plan of implementation will be required to facilitate a smooth, phased transition to the new way of doing business. </s>
	  <s n="333"> Regular consultations with the different parts of the United Nations system will also be necessary. </s>
	</p>
	<p n="99">
	  <s n="334"> Security is a precondition to programme delivery in many parts of the world. </s>
	  <s n="335"> Indeed, in some cases a failure to improve security would leave the Organization facing equally unpalatable alternatives: suspending United Nations activities or continuing them amid unacceptable levels of risk. </s>
	  <s n="336"> At the same time, the Organization cannot succumb to a “bunker mentality” and shrink from the work the world&apos;s people expect it to do. </s>
	  <s n="337"> A degree of risk cannot be avoided; the challenge is to mitigate it. </s>
	</p>
	<p n="100">
	  <s n="338"> The effort to overhaul the security systems must be a top priority of Member States and of the entire United Nations system. </s>
	  <s n="339"> A detailed assessment of the financial requirements relating to the proposed changes will be outlined in an addendum to the present report. </s>
	</p>
	</body>
</text>
</DOC>