<?xml version="1.0" encoding="UTF-8"?>
<DOC lang="English" n="N0456113" id="A/59/441" date="2004/10/19">
<text>
	<body>
	<p n="1">
	  <s n="1"> Fifty-ninth session </s>
	</p>
	<p n="2">
	  <s n="2"> Agenda item 108 </s>
	</p>
	<p n="3">
	  <s n="3"> Programme budget for the biennium 2004-2005 </s>
	</p>
	<p n="4">
	  <s n="4"> Second annual progress report on the implementation of the capital master plan </s>
	</p>
	<p n="5">
	  <s n="5"> * The issuance of the report was delayed to allow completion of consultations with the host country authorities. </s>
	</p>
	<p n="6">
	  <s n="6"> Report of the Secretary-General* </s>
	</p>
	<p n="7">
	  <s n="7"> Contents </s>
	</p>
	<p n="8">
	  <s n="8"> Introduction </s>
	</p>
	<p n="9">
	  <s n="9"> The Secretary-General reported to the General Assembly at its fifty-fifth session (see A/55/117 and Add.1) that United Nations Headquarters in New York, built some 50 years ago, was seriously deficient in the areas of safety, energy efficiency and fire and building codes. </s>
	</p>
	<p n="10">
	  <s n="10"> The Secretary-General&apos;s report examined the physical condition of the Headquarters complex, conformance with current host-city building, fire and safety codes, the reasonable life expectancy of its equipment and systems, and current building standards. </s>
	  <s n="11"> The report found two serious deficiencies: (a) key building systems, including mechanical, electrical and waterproofing components, had severely deteriorated because of age and prolonged usage and (b) building performance standards, codes and user expectations had risen since the construction of the Headquarters complex, and the buildings no longer met minimum modern standards with respect to fire safety, security, energy conservation or accessibility for all persons. </s>
	</p>
	<p n="11">
	  <s n="12"> The condition of building systems has reached the point where regular maintenance cannot keep pace with the rate of deterioration. </s>
	  <s n="13"> Problems include major leaks, falling concrete, cracked pipes, exploding steam valves, electrical failures, energy loss through ageing windows, inaccurate fire-alarm signals and incomplete or non-existent fire-sprinkler systems. </s>
	  <s n="14"> As the systems age, energy consumption costs are rising: it is estimated that 25 per cent of steam use is wasted through leaking valves or rusted piping. </s>
	  <s n="15"> There are few energy sensors or controls at the Headquarters site. </s>
	  <s n="16"> Sub-standard fire protection systems, the large quantity of asbestos in the buildings and the deficient security infrastructure could have disastrous consequences. </s>
	</p>
	<p n="12">
	  <s n="17"> The detailed examination clearly shows that users of the Headquarters site, including delegates and staff members, have a lower chance of survival during a fire, consume more energy at a higher cost and face greater obstacles to accessibility and productivity than they would elsewhere in New York City or in other major cities of the world. </s>
	</p>
	<p n="13">
	  <s n="18"> To remedy such deficiencies in a comprehensive, systematic and cost-efficient manner, the Secretary-General proposed the implementation of a long-term capital master plan. </s>
	</p>
	<p n="14">
	  <s n="19"> The capital master plan is based on several assumptions: (a) Headquarters will remain in its current location; (b) the Headquarters complex should be energy efficient, free of hazardous materials and compliant with host-city building, fire and safety codes, and should provide full accessibility to all persons; (c) the Headquarters complex should meet all reasonable, modern-day security requirements; (d) the original architecture of this landmark facility should be preserved to the greatest extent possible; (e) disruption of the work of the United Nations should be kept to a minimum; and (f) the most cost-effective, technologically viable and environmentally friendly methods of implementation should be selected for all repairs and refurbishment. </s>
	</p>
	<p n="15">
	  <s n="20"> By section IV of its resolution 55/238 of 23 December 2000, the General Assembly authorized, without prejudice to its final decision, the preparation of a comprehensive design plan and cost analysis to develop viable alternatives, including measures designed to prevent cost overruns. </s>
	  <s n="21"> It appropriated $8 million for that purpose. </s>
	</p>
	<p n="16">
	  <s n="22"> In section II of its resolution 57/292 of 20 December 2002, the General Assembly appropriated $25.5 million for the capital master plan for the biennium 2002-2003 for design, related project management and management of pre-construction services for the baseline scope and scope options. </s>
	  <s n="23"> It also authorized the Secretary-General to enter into commitments of up to $26 million for the biennium 2004-2005 to complete the work. </s>
	</p>
	<p n="17">
	  <s n="24"> In July 2002, the city of New York indicated its willingness to consider the construction of a new building through the United Nations Development Corporation (UNDC). </s>
	  <s n="25"> UNDC proposed that the new building, referred to as UNDC-5, could be utilized as swing space by the United Nations during the renovation of the existing Headquarters buildings and later could be used for the consolidation of offices and departments currently dispersed outside the United Nations main campus. </s>
	  <s n="26"> In its resolution 57/292, the General Assembly welcomed the offer of support from the city and state of New York and acknowledged their efforts to make possible the implementation of the capital master plan. </s>
	</p>
	<p n="18">
	  <s n="27"> In accordance with the provisions of section II, paragraph 29, of General Assembly resolution 57/292, the Secretary-General submitted to the Assembly the first progress report on the implementation of the capital master plan (A/58/599). </s>
	  <s n="28"> The present report complements and updates that report and highlights further developments with respect to the capital master plan project. </s>
	</p>
	<p n="19">
	  <s n="29"> Status of possible funding arrangements </s>
	</p>
	<p n="20">
	  <s n="30"> In accordance with General Assembly resolution 57/292, on 5 March 2004 the Secretary-General submitted to the Assembly a report on the status of possible funding arrangements for the capital master plan (A/58/729). </s>
	  <s n="31"> The report detailed the offer received from the host country of a loan of $1.2 billion for its financing. </s>
	  <s n="32"> The offer from the host country was provisional in nature, and, as at the date of preparation of this report, remains subject to the approval of the United States Congress. </s>
	</p>
	<p n="21">
	  <s n="33"> The initial scenario proposed by the host country in its offer assumed that the loan would be provided in three tranches during the construction phase of the capital master plan, and that interest would be paid annually on the advances received at a rate of 5.54 per cent. </s>
	  <s n="34"> The scenario further assumed that in five years, upon completion of capital master plan construction, the advances made by the host country would be converted to a permanent loan over 25 years, with an interest rate of 5.54 per cent and with principal and interest paid annually. </s>
	  <s n="35"> Annual repayments of principal and interest would amount to $89.8 million, and the total principal and interest repaid over the life of the loan, including the construction phase, would amount to $2.511 billion. </s>
	</p>
	<p n="22">
	  <s n="36"> Since the submission of the first progress report, for the construction phase the Secretariat has solicited additional financing options from the host country that are more advantageous to the United Nations. </s>
	  <s n="37"> Such options are based on the estimated cash-flow requirements for the capital master plan during construction, and provide for repayment of the permanent loan on an annual basis over periods ranging from 5 to 25 years. </s>
	  <s n="38"> Full details of these options are provided in annex I. </s>
	</p>
	<p n="23">
	  <s n="39"> Consistent with both the original scenario and the additional financing options, the host country has since indicated that the maximum amount of the loan would be $1.2 billion and that the maximum period of repayment, including construction, would be 35 years. </s>
	  <s n="40"> According to the host country, once approved by the United States Congress, a loan agreement between the host country and the United Nations must be entered into before 30 September 2005 (the end of the United States Government&apos;s fiscal year), or the offer lapses. </s>
	  <s n="41"> Once an agreement is signed, the loan could be activated at any time over the next 35 years. </s>
	  <s n="42"> The United Nations could ultimately draw down all or part of the $1.2 billion. </s>
	  <s n="43"> The host country has informed the Secretary-General that if the United Nations signs the loan agreement but does not activate the loan, the latter will incur no liability. </s>
	</p>
	<p n="24">
	  <s n="44"> The Secretary-General has sought the advice of commercial financial institutions concerning the offer from the host country and other options for the financing of the capital master plan. </s>
	  <s n="45"> It was the opinion of the institutions contacted to date that the United Nations, in the current market, could not obtain a lower fixed rate than that proposed by the host country. </s>
	  <s n="46"> Thus, the United Nations would likely achieve lower debt-service costs under the host country proposal than by borrowing directly in capital markets. </s>
	</p>
	<p n="25">
	  <s n="47"> Consistent with paragraph 4 of the first progress report (A/58/599), the Secretariat also explored additional options in order to reduce the amount of interest payable over the course of the loan. </s>
	  <s n="48"> Such options, however, are conditional on the United Nations using the offer of a loan from the host country as a guarantee, and on the loan&apos;s being structured in two distinct components: a loan for construction financing and a permanent loan. </s>
	</p>
	<p n="26">
	  <s n="49"> With regard to the construction component of such a loan, three alternative methods of financing were explored. </s>
	  <s n="50"> Each proposal is based on using financial instruments available in the capital markets for United States dollars. </s>
	  <s n="51"> All three proposals are designed to take advantage of short-term interest rates, which currently and historically have been lower than long-term interest rates. </s>
	  <s n="52"> Depending on interest rates at the time of capital master plan construction, the use of such a financial instrument could result in lower interest charges for the United Nations during the construction period. </s>
	  <s n="53"> An example of one of the capital market alternatives is provided in annex I. </s>
	</p>
	<p n="27">
	  <s n="54"> With regard to the permanent component of such a loan, the Secretariat has reviewed two alternatives. </s>
	  <s n="55"> It is important to note that the use of capital markets for longer-term borrowing would be attractive when compared to the host country offer only if interest rates were lower than those of the host country offer at the time the long-term financing was put in place. </s>
	</p>
	<p n="28">
	  <s n="56"> During both the construction financing and permanent-loan financing periods, the use of capital market alternatives will expose the United Nations to risk, especially with changes in interest rates on short-term borrowing. </s>
	  <s n="57"> Such risk can be mitigated to an extent by having in place a loan agreement with the host country. </s>
	  <s n="58"> The interest rates agreed for the loan with the host country effectively act as a ceiling for the level of short-term interest rates that the United Nations can incur. </s>
	  <s n="59"> If short-term interest rates rise above those defined in the agreement with the host country, the United Nations can activate the loan with the host country. </s>
	</p>
	<p n="29">
	  <s n="60"> The above-stated financing proposals (including the capital market options) require that interest be paid on the amounts being borrowed by the United Nations. </s>
	  <s n="61"> Such interest charges will have to be paid through contributions by Member States. </s>
	  <s n="62"> Member States could consider two different payment schemes. </s>
	</p>
	<p n="30">
	  <s n="63"> One would be the normal assessment process, commencing the year construction begins. </s>
	  <s n="64"> Second, prior to the start of construction, a Member State could pay the totality of its assessed share of the $1.2 billion. </s>
	  <s n="65"> A Member State choosing this option would have no commitment to meet any future interest charges associated with repayment of the loan from the host country. </s>
	  <s n="66"> Any payments made in this manner by Member States would reduce the overall loan amount required from the host country. </s>
	</p>
	<p n="31">
	  <s n="67"> The offer of an interest-bearing loan from the host country did not meet the expectations of the General Assembly. </s>
	  <s n="68"> It does, however, provide a financing package for the capital master plan, and, if accepted by the General Assembly, it will allow the Organization to lock in the interest rate for the loan at the current interest-rate level. </s>
	  <s n="69"> The offer of the loan, when used as a guarantee, will enable the United Nations to have access to capital-market interest rates that could, in particular during construction, reduce the interest costs for the United Nations. </s>
	  <s n="70"> The host country offer could be accepted by the United Nations without requiring the United Nations to activate the loan. </s>
	  <s n="71"> A decision to use capital-market financing instead of the host country loan to finance either the construction period of the capital master plan or the permanent loan should be made prior to construction, when a more accurate comparison between the market interest rates and the interest rates offered by the host country can be made. </s>
	</p>
	<p n="32">
	  <s n="72"> Notwithstanding the above-stated options, the Secretary-General maintains the view that an interest-free loan would be the most advantageous option for the United Nations. </s>
	</p>
	<p n="33">
	  <s n="73"> Status of progress made by the United Nations Development Corporation </s>
	</p>
	<p n="34">
	  <s n="74"> The Secretary-General reported to the General Assembly at its fifty-seventh session (see A/57/285 and Corr.1) that in July 2002, the city of New York indicated its willingness to consider the construction by UNDC of a new building, referred to as UNDC-5, which would be designed to satisfy the need for swing space for conference and meeting rooms while the Headquarters complex was being refurbished under the first approach of the capital master plan. </s>
	  <s n="75"> Although the United Nations would likely be able to locate available office space in the New York City area, it would be virtually impossible to identify comparable conference and meeting-room facilities to match current requirements. </s>
	</p>
	<p n="35">
	  <s n="76"> UNDC-5 would serve as a temporary location for official meetings of intergovernmental bodies (as well as their support functions), and interim office use during the refurbishment of the Headquarters complex. </s>
	  <s n="77"> During the interim period, UNDC-5 would meet all swing-space needs. </s>
	  <s n="78"> The balance of the space would be devoted to general office space. </s>
	  <s n="79"> Beyond the interim period, the building would be converted to general office space, with the option to retain two meeting-space areas: one as a conference room and the other as a multi-function hall. </s>
	</p>
	<p n="36">
	  <s n="80"> In its resolution 57/292, the General Assembly endorsed the proposal of the Secretary-General to complete negotiations with the city of New York for the construction and lease-purchase of UNDC-5. </s>
	  <s n="81"> UNDC originally anticipated that the construction of UNDC-5 would begin in 2004. </s>
	  <s n="82"> Although state and federal legislative changes would still be required, UNDC and the city of New York remain committed to the project. </s>
	</p>
	<p n="37">
	  <s n="83"> Progress of work on the proposed new building </s>
	</p>
	<p n="38">
	  <s n="84"> In early 2003, UNDC commenced a design competition for a new building. </s>
	  <s n="85"> In December 2003, Maki and Associates (Japan) was selected as the design architect for UNDC-5, and a formal contract was signed in April 2004. </s>
	  <s n="86"> Consultations between the UNDC-5 design architect and the Secretariat began in May 2004. </s>
	  <s n="87"> Since that time, the parties have held biweekly meetings to discuss various aspects of the design and planning process. </s>
	</p>
	<p n="39">
	  <s n="88"> The UNDC-5 design architect and the United Nations have also met with the architectural consultants, who are currently developing the programme for the Headquarters complex, including UNDC-5, both for the interim period and for permanent occupancy. </s>
	</p>
	<p n="40">
	  <s n="89"> In July 2004, the United Nations, UNDC, the UNDC-5 design architect and representatives of the city of New York met to discuss security. </s>
	  <s n="90"> On the basis of the threat level determined for UNDC-5, the UNDC design team has developed a specific design approach to mitigate potential threats. </s>
	  <s n="91"> This design standard would require specially reinforced construction, resulting in significantly increased costs. </s>
	  <s n="92"> The Secretariat is evaluating the recommended design standard through a risk-management process. </s>
	  <s n="93"> Other options to mitigate the potential threat level will be studied and evaluated. </s>
	</p>
	<p n="41">
	  <s n="94"> Cost parameters </s>
	</p>
	<p n="42">
	  <s n="95"> It will be recalled that in annex I to the report of the Advisory Committee on Administrative and Budgetary Questions on the capital master plan (A/57/7/Add.4), the preliminary cost estimate for UNDC-5, developed in September 2002, was $315.8 million, including mitigation and other project costs. </s>
	  <s n="96"> This preliminary cost estimate worked out to an estimated fixed rent of $27.59 per square foot in 2005, based upon a proposed 900,000 square-foot (83,613 square-metre) building. </s>
	  <s n="97"> This compared favourably with the projected rental cost of $26.30 per square foot for UNDC-1 and UNDC-2 in 2005. </s>
	</p>
	<p n="43">
	  <s n="98"> Recently, UNDC has presented an alternative building design of 1,009,850 square feet (93,818 square metres) at an estimated cost of $458.2 million, resulting in an estimated fixed rent of $39.32 per square foot. </s>
	  <s n="99"> UNDC has been advised that the rental cost for UNDC-5 must approximate the planned rental cost for UNDC-1 and UNDC-2, in accordance with the proposal made to the United Nations in 2002. </s>
	</p>
	<p n="44">
	  <s n="100"> The higher estimated cost of construction of UNDC-5 will have an impact on the overall costs of the capital master plan insofar as it incorporates an element for the rental of swing space. </s>
	  <s n="101"> The impact of such additional costs together with those associated with the rescheduling of the capital master plan will be studied in detail by the cost engineers when their contract commences later this year. </s>
	  <s n="102"> The results of such studies will be reported to the Assembly during the resumed part of its fifty-ninth session. </s>
	</p>
	<p n="45">
	  <s n="103"> Table 1 Projected average rent per square foot for UNDC-1 and UNDC-2 and range of projected average rent for UNDC-5a </s>
	</p>
	<p n="46">
	  <s n="104"> (United States dollars) </s>
	</p>
	<p n="47">
	  <s n="105"> a Figures provided by UNDC. </s>
	</p>
	<p n="48">
	  <s n="106"> b Dependent on agreement with UNDC and design of UNDC-5. </s>
	</p>
	<p n="49">
	  <s n="107"> Mitigation plan </s>
	</p>
	<p n="50">
	  <s n="108"> The Advisory Committee on Administrative and Budgetary Questions, in its report to the General Assembly (A/57/7/Add.4), noted that the city of New York had expressed its readiness to support the capital master plan project and had indicated its willingness to consider the construction of a new building through UNDC. </s>
	  <s n="109"> The proposed site is on First Avenue between 41st and 42nd Streets (currently the site of Robert Moses Park). </s>
	  <s n="110"> The use of this site would require that the city make some provision for park amenities for the community to compensate for the loss of the playground. </s>
	</p>
	<p n="51">
	  <s n="111"> The city of New York has proposed that an esplanade park be constructed along the eastern perimeter of the United Nations site between 42nd and 48th Streets to offset the loss of a portion of Robert Moses Park. </s>
	  <s n="112"> It is anticipated by the city of New York that the cost of this mitigation would be funded through UNDC bonds for the new building. </s>
	</p>
	<p n="52">
	  <s n="113"> The General Assembly, in its resolution 57/292, endorsed the proposal for the new building on the park site, including the cost of providing alternative amenities for the community. </s>
	  <s n="114"> The city of New York is still in discussion with the community and local officials regarding the design scope of the proposed esplanade park, as well as other aspects of park mitigation. </s>
	</p>
	<p n="53">
	  <s n="115"> In addition to the agreement with the community regarding mitigation measures, two important legislative steps are required by the state of New York. </s>
	  <s n="116"> One is to extend the development district of UNDC to include the proposed building site, and the other is to “demap/alienate” the park site. </s>
	  <s n="117"> The United Nations understands that the New York legislature intends to consider relevant legislation in 2005. </s>
	</p>
	<p n="54">
	  <s n="118"> The Secretary-General recognizes that, notwithstanding the fact that upon expiry of the lease-purchase agreement the UNDC-5 building and the land on which it stands would become the property of the United Nations, the increase in the costs of the proposed UNDC-5 building could call into question the viability of the building as swing space for the capital master plan and as a long-term consolidation building for the United Nations. </s>
	  <s n="119"> Accordingly, the Secretary-General will identify and evaluate other options for swing space to accommodate both the meetings of the General Assembly and the Secretariat during the capital master plan construction phase. </s>
	</p>
	<p n="55">
	  <s n="120"> Establishment of an advisory board </s>
	</p>
	<p n="56">
	  <s n="121"> In line with section II, paragraph 19, of General Assembly resolution 57/292, the Secretary-General has initiated the process of establishing an advisory board, which will initially focus on providing advice on possible commercial borrowing and other financing options available, and on architectural issues. </s>
	  <s n="122"> It is anticipated that the advisory board will be established before the end of 2004. </s>
	</p>
	<p n="57">
	  <s n="123"> The objectives of the advisory board are: </s>
	</p>
	<p n="58">
	  <s n="124"> (a) To offer advice to the Secretary-General on any aspect of the capital master plan; </s>
	</p>
	<p n="59">
	  <s n="125"> (b) To act as a sounding board on major project concepts; </s>
	</p>
	<p n="60">
	  <s n="126"> (c) To assist the Secretary-General with decisions on financial issues related to the plan. </s>
	</p>
	<p n="61">
	  <s n="127"> Progress of the design work for the refurbishment of United Nations Headquarters </s>
	</p>
	<p n="62">
	  <s n="128"> Work for the refurbishment of United Nations Headquarters is in the design development phase. </s>
	  <s n="129"> The design work is organized into multiple contracts. </s>
	  <s n="130"> A request for proposals for the various contracts was issued in February 2003. </s>
	  <s n="131"> The contract for overall functional programming was executed in January 2004. </s>
	  <s n="132"> Four other design contracts were executed on 25 June 2004, one is expected to be executed by September 2004, and three smaller specialty contracts will be executed in 2005. </s>
	</p>
	<p n="63">
	  <s n="133"> Detailed design work </s>
	</p>
	<p n="64">
	  <s n="134"> The first activity being carried out in the design development phase is confirmation of the details of the scope of refurbishment of buildings, site and systems, in accordance with General Assembly resolution 57/292. </s>
	  <s n="135"> Each design firm will prepare a scope confirmation report for its work, including baseline scope, and the relevant firms will report on scope options for (a) additional security, (b) redundancy and contingency and (c) sustainability, as well as the option of creating two large on-site spaces — a large conference room and a multi-function hall. </s>
	  <s n="136"> The approved scope confirmation reports will provide a coordinated framework for detailed design development work, as well as for the cost estimates. </s>
	</p>
	<p n="65">
	  <s n="137"> It will be recalled that the Secretary-General has also issued, as requested by the General Assembly in its resolution 57/292, reports on plans for three additional conference rooms and viable solutions for allowing natural light into the rooms (A/58/556) and viable options for ensuring sufficient parking space at United Nations Headquarters (A/58/712), whereby he submitted relevant proposals for the allocation of conference and parking space at Headquarters. </s>
	  <s n="138"> Decisions on these proposals would greatly facilitate the design development process. </s>
	</p>
	<p n="66">
	  <s n="139"> The capital master plan is also working in close coordination with the architectural team designing UNDC-5 on matters such as a common security system, mail distribution, environmental certification and permanent and temporary space programming. </s>
	</p>
	<p n="67">
	  <s n="140"> The duration of design development work will vary among the contracts, with all design development projected to be complete by September 2005. </s>
	  <s n="141"> The construction documents phase will follow, in which the final drawings and specifications to be used for bidding and construction will be prepared. </s>
	  <s n="142"> The programme management firm will assist the United Nations in organizing the schedule for completion of the design work and in planning the timing and methodology for the construction bidding. </s>
	</p>
	<p n="68">
	  <s n="143"> Functional programming </s>
	</p>
	<p n="69">
	  <s n="144"> The functional programming process is well under way. </s>
	  <s n="145"> A contractor is responsible for developing the size and general location of space for functions at the United Nations Headquarters, both for interim locations and for final locations after the renovation. </s>
	  <s n="146"> This required interviewing all major offices and identifying existing staffing and space, and, most importantly, existing workflow and interactions with other departments or outside entities. </s>
	  <s n="147"> Departments have also been asked about any future changes in the way that they work or in their staffing. </s>
	  <s n="148"> This information has been organized into an analysis report, which created a snapshot of the current situation, the key relationships that must be maintained during relocation and best practices for specific functions in comparable external organizations. </s>
	</p>
	<p n="70">
	  <s n="149"> As a next step, a series of recommendations will be prepared for locations, juxtapositions and size of offices for both interim and permanent locations. </s>
	  <s n="150"> After approval by the Secretariat, these will be used by all the design firms (including the design firm for UNDC-5) as a guide for the types of spaces that will be located in each building. </s>
	  <s n="151"> The particular focus of this effort was to identify critical infrastructure elements, efficiency, best use of the buildings and use of external best practices. </s>
	  <s n="152"> The recommendations have not addressed specific locations for various office-space occupants; such decisions will be made as close as is practical to the time of the actual relocations. </s>
	</p>
	<p n="71">
	  <s n="153"> The services provided by the contractor also include a monitoring role. </s>
	  <s n="154"> As the designers for various portions of the Headquarters buildings develop specific plans, each submission will be reviewed by the functional programming firm to ensure that the overall recommended programme is being maintained on an integrated basis, so as to ensure that no duplication of effort occurs and that no elements are omitted. </s>
	</p>
	<p n="72">
	  <s n="155"> Office-space guidelines </s>
	</p>
	<p n="73">
	  <s n="156"> The capital master plan will provide a unique opportunity to improve the work environment for United Nations staff through improved office-space guidelines. </s>
	  <s n="157"> An independent expert analysis has been conducted, including an assessment of user requirements through a series of departmental focus groups, an appraisal of the planning potential of the Secretariat building and a review of best practices globally in both the public and private sectors. </s>
	  <s n="158"> The Secretary-General has approved new office-space guidelines, which would be applied to the proposed UNDC-5 building and the renovated Headquarters complex. </s>
	</p>
	<p n="74">
	  <s n="159"> A communication and change-management programme will be required to help in the transition to this different type of work environment. </s>
	  <s n="160"> A particular effort to reduce the storage of paper documents will also be required. </s>
	  <s n="161"> The new office-space standards, if consistently applied, could significantly increase the efficiency and, therefore, the capacity of the Secretariat building. </s>
	  <s n="162"> Equally important, they will provide a more flexible, consistent and supportive work environment for the future functioning of the Secretariat. </s>
	</p>
	<p n="75">
	  <s n="163"> Procurement update </s>
	</p>
	<p n="76">
	  <s n="164"> Thirteen contracts, in the total amount of $10.4 million, have been awarded since the beginning of the design development phase of the capital master plan in 2003. </s>
	  <s n="165"> These include the five design contracts for the design development phase and related contracts for advisory services required for the capital master plan. </s>
	  <s n="166"> In addition, the contract for design services for the Secretariat and South Annex buildings and the contract for the provision of programme management services for the design development phase, in an estimated total amount of $3.8 million, will be finalized shortly. </s>
	</p>
	<p n="77">
	  <s n="167"> Status of appropriations and expenditures </s>
	</p>
	<p n="78">
	  <s n="168"> In its resolution 57/292, the General Assembly appropriated $25.5 million for the first design phase of the capital master plan, namely, design development, and provided commitment authority of $26 million for the biennium 2004-2005 for the second design phase, consisting of the preparation of construction documents. </s>
	</p>
	<p n="79">
	  <s n="169"> The design development phase was originally anticipated to be completed in 2004 and the construction documents phase by the end of 2005. </s>
	  <s n="170"> The procurement and contracting process has taken longer than anticipated, and as a result the design development phase is now projected to be completed in 2005, with construction documents completed in 2006. </s>
	  <s n="171"> Although it will take longer than expected, the design development and construction documents phases are projected to be completed within the budgets approved and the level of commitment authority provided by the General Assembly in its resolution 57/292. </s>
	</p>
	<p n="80">
	  <s n="172"> In 2003, actual expenditure amounted to $3.205 million, as shown in table 2. </s>
	  <s n="173"> The total projected expenditure for 2004 is $19.364 million. </s>
	  <s n="174"> As at 31 July 2004, $9.582 million had already been committed towards the design phase of the capital master plan. </s>
	  <s n="175"> This amount consists of $7.852 million for contractual services, $1.177 million for staff and support costs and $0.553 million for operating and other costs. </s>
	  <s n="176"> The balance of $9.782 million is expected to be committed by December 2004 and will consist of $8.177 million for contractual services, $1.541 million for staff and support costs and $0.064 million for operating and other costs. </s>
	</p>
	<p n="81">
	  <s n="177"> As mentioned in paragraph 52 above, the design development phase is projected to be completed in 2005. </s>
	  <s n="178"> Table 2 shows the total breakdown of costs for completing the design development phase, including the required cost for 2005. </s>
	  <s n="179"> The current progress of work indicates that the construction documents phase will be completed by late 2006. </s>
	  <s n="180"> Its costs are detailed in table 3. </s>
	</p>
	<p n="82">
	  <s n="181"> Table 2 Design development phase </s>
	</p>
	<p n="83">
	  <s n="182"> (Thousands of United States dollars) </s>
	</p>
	<p n="84">
	  <s n="183"> a Classified as contractual services in the financial statements. </s>
	</p>
	<p n="85">
	  <s n="184"> Table 3 Construction documents phase </s>
	</p>
	<p n="86">
	  <s n="185"> (Thousands of United States dollars) </s>
	</p>
	<p n="87">
	  <s n="186"> As the Secretary-General will need to provide for expenditure to be incurred under the capital master plan in 2005 and 2006, it is necessary to adjust the commitment authority granted in section II, paragraph 26, of resolution 57/292 into an appropriation for the biennium 2004-2005 for the 2005 expenditure and to extend the commitment authority for the balance of requirements into the biennium 2006-2007. </s>
	</p>
	<p n="88">
	  <s n="187"> Annex II provides an illustrative expenditure pattern for the period 2003 to 2006. </s>
	  <s n="188"> This includes the overall design development and construction documents phases for the capital master plan. </s>
	</p>
	<p n="89">
	  <s n="189"> Conclusions and recommendations </s>
	</p>
	<p n="90">
	  <s n="190"> The Secretary-General recommends that the General Assembly: </s>
	</p>
	<p n="91">
	  <s n="191"> (a) Reaffirm its decision in resolution 57/292 to implement the capital master plan; </s>
	</p>
	<p n="92">
	  <s n="192"> (b) Decide, if a formal offer of the proposed loan from the host country is received, to take this matter up again during the resumed part of its fifty-ninth session; </s>
	</p>
	<p n="93">
	  <s n="193"> (c) Also decide to review during the resumed part of its fifty-ninth session the proposals of the Secretary-General for the allocation of conference and parking space at Headquarters contained in documents A/58/556 and A/58/712; </s>
	</p>
	<p n="94">
	  <s n="194"> (d) Encourage the Secretary-General to continue negotiations with the city and state of New York for the construction of a new consolidation building (UNDC-5) at a lease-purchase cost in line with the lease costs of UNDC-1 and UNDC-2; </s>
	</p>
	<p n="95">
	  <s n="195"> (e) Request the Secretary-General, in the light of the negotiations with the city and state of New York, to continue to evaluate other options for swing space to accommodate both the meetings of the General Assembly and the Secretariat during the capital master plan construction phase; </s>
	</p>
	<p n="96">
	  <s n="196"> (f) Decide to convert into an appropriation for the biennium 2004-2005 an amount of $18,642,000 of the commitment authority of $26 million approved for the biennium 2004-2005 in section II, paragraph 26, of resolution 57/292 and to extend the validity of the residual balance of the commitment authority, in the amount of $7,358,000, into the biennium 2006-2007 so as to provide for the continuation of design work and related project management and management of pre-construction services for the baseline scope and scope options of the capital master plan. </s>
	</p>
	<p n="97">
	  <s n="197"> Annex I </s>
	</p>
	<p n="98">
	  <s n="198"> Financing options </s>
	</p>
	<p n="99">
	  <s n="199"> (Millions of United States dollars) </s>
	</p>
	<p n="100">
	  <s n="200"> a The tranches are based on anticipated disbursements under the capital master plan during the five-year construction period. </s>
	</p>
	<p n="101">
	  <s n="201"> b Interest will be paid annually during the construction period. </s>
	</p>
	<p n="102">
	  <s n="202"> c Based on three-month LIBOR in August 2004. </s>
	</p>
	<p n="103">
	  <s n="203"> Annex II </s>
	</p>
	<p n="104">
	  <s n="204"> Cost estimates for the design development and construction documents phases </s>
	</p>
	<p n="105">
	  <s n="205"> (Thousands of United States dollars) </s>
	</p>
	<p n="106">
	  <s n="206"> a Actual expenditures. </s>
	</p>
	</body>
</text>
</DOC>