<?xml version="1.0" encoding="UTF-8"?>
<DOC lang="English" n="N0450220" id="A/59/360" date="2004/09/08">
<text>
	<body>
	<p n="1">
	  <s n="1"> Fifty-ninth session </s>
	</p>
	<p n="2">
	  <s n="2"> Item 107 (b) of the provisional agenda* </s>
	</p>
	<p n="3">
	  <s n="3"> Human rights questions: human rights questions, including alternative approaches for improving the effective enjoyment of human rights and fundamental freedoms </s>
	</p>
	<p n="4">
	  <s n="4"> Report of the Ad Hoc Committee on a Comprehensive and Integral International Convention on the Protection and Promotion of the Rights and Dignity of Persons with Disabilities on its fourth session </s>
	</p>
	<p n="5">
	  <s n="5"> Note by the Secretary-General </s>
	</p>
	<p n="6">
	  <s n="6"> I have the honour to submit to the General Assembly, pursuant to General Assembly resolution 58/246 of 23 December 2003, the report of the Ad Hoc Committee on a Comprehensive and Integral International Convention on Protection and Promotion of the Rights and Dignity of Persons with Disabilities on its fourth session. </s>
	</p>
	<p n="7">
	  <s n="7"> Introduction </s>
	</p>
	<p n="8">
	  <s n="8"> In its resolution 56/168, the General Assembly decided to establish the Ad Hoc Committee on a Comprehensive and Integral International Convention on the Protection and Promotion of the Rights and Dignity of Persons with Disabilities, based on the holistic approach in the work done in the fields of social development, human rights and non-discrimination and taking into account the recommendations of the Commission on Human Rights and the Commission for Social Development. </s>
	</p>
	<p n="9">
	  <s n="9"> In its resolution 58/246, the General Assembly also decided that the Ad Hoc Committee should start the negotiations on a draft convention at its third session and that, prior to its fifty-ninth session, the Ad Hoc Committee should hold two sessions for a duration of 10 working days each in 2004. </s>
	</p>
	<p n="10">
	  <s n="10"> Organizational matters </s>
	</p>
	<p n="11">
	  <s n="11"> Opening and duration of the fourth session </s>
	</p>
	<p n="12">
	  <s n="12"> The Ad Hoc Committee held its fourth session at United Nations Headquarters from 23 August to 3 September 2004. </s>
	  <s n="13"> In the course of its session, the Ad Hoc Committee held 20 meetings. </s>
	</p>
	<p n="13">
	  <s n="14"> The Division for Social Policy and Development of the Department of Economic and Social Affairs acted as the substantive secretariat, while the Disarmament and Decolonization Affairs Branch of the Department for General Assembly and Conference Management served as secretariat of the Ad Hoc Committee. </s>
	</p>
	<p n="14">
	  <s n="15"> The fourth session of the Ad Hoc Committee was opened by the Chairman of the Committee, Gallegos Chiriboga, Ambassador and Permanent Representative of Ecuador to the United Nations. </s>
	</p>
	<p n="15">
	  <s n="16"> Officers </s>
	</p>
	<p n="16">
	  <s n="17"> The following officers continued to serve on the Bureau of the Committee: </s>
	</p>
	<p n="17">
	  <s n="18"> Chairman: </s>
	</p>
	<p n="18">
	  <s n="19"> Luis Gallegos (Ecuador) </s>
	</p>
	<p n="19">
	  <s n="20"> Vice-Chairpersons: </s>
	</p>
	<p n="20">
	  <s n="21"> Ivana Grollovà (Czech Republic) </s>
	</p>
	<p n="21">
	  <s n="22"> Leslie Gatan (Philippines) </s>
	</p>
	<p n="22">
	  <s n="23"> Jeanette Ndhlovu (South Africa) </s>
	</p>
	<p n="23">
	  <s n="24"> Carina Mårtensson (Sweden) </s>
	</p>
	<p n="24">
	  <s n="25"> C. Agenda </s>
	</p>
	<p n="25">
	  <s n="26"> At its 1st meeting, on 23 August, the Ad Hoc Committee adopted its provisional agenda, as contained in document A/AC.265/2004/L.3, as follows: </s>
	</p>
	<p n="26">
	  <s n="27"> Opening of the session. </s>
	</p>
	<p n="27">
	  <s n="28"> Adoption of the agenda. </s>
	</p>
	<p n="28">
	  <s n="29"> Organization of work. </s>
	</p>
	<p n="29">
	  <s n="30"> Consideration of the draft text as contained in the report of the Working Group of the Ad Hoc Committee on a Comprehensive and Integral International Convention on Protection and Promotion of the Rights of Persons with Disabilities (A/AC.265/2004/WG.1, annex I) (elements deferred from the third session of the Ad Hoc Committee: title; structure of the convention; part of the preamble; definitions (article 3); and monitoring (article 25)). </s>
	</p>
	<p n="30">
	  <s n="31"> Consideration of the compilation of proposed revisions and amendments to the draft text of the Working Group as contained in the report of the Ad Hoc Committee on its third session (A/AC.265/2004/5, annex II). </s>
	</p>
	<p n="31">
	  <s n="32"> Conclusions of the Ad Hoc Committee at its fourth session. </s>
	</p>
	<p n="32">
	  <s n="33"> Adoption of the report of the Ad Hoc Committee on its fourth session. </s>
	</p>
	<p n="33">
	  <s n="34"> Documentation </s>
	</p>
	<p n="34">
	  <s n="35"> The Ad Hoc Committee had before it the following documents: </s>
	</p>
	<p n="35">
	  <s n="36"> (a) Provisional agenda and proposed organization of work (A/AC.265/2004/L.3); </s>
	</p>
	<p n="36">
	  <s n="37"> (b) List of participants (A/AC.265/2004/INF/2); </s>
	</p>
	<p n="37">
	  <s n="38"> (c) Report of the Working Group to the Ad Hoc Committee (A/AC.265/2004/WG.1); </s>
	</p>
	<p n="38">
	  <s n="39"> (d) Report of the third session of the Ad Hoc Committee (A/AC.265/2004/5 and Corr.1 and 2); </s>
	</p>
	<p n="39">
	  <s n="40"> (e) Letter dated 19 August 2004 from the Permanent Representative of New Zealand to the United Nations addressed to the Secretary-General (A/AC.265/2004/6). </s>
	</p>
	<p n="40">
	  <s n="41"> Organization of work </s>
	</p>
	<p n="41">
	  <s n="42"> During its fourth session, the Ad Hoc Committee concluded a first reading of the draft text of the convention as contained in the report of the Working Group (A/AC.265/2004/WG.1) by considering the title, the structure, part of the preamble, definitions (article 3) and monitoring (article 25). </s>
	  <s n="43"> The Committee also adopted the organization of work proposed by the Chairman (see annexes II and III) and conducted a review of articles 1 to 15 and 24 bis. </s>
	  <s n="44"> The Committee decided to further review the draft convention at its next sessions. </s>
	  <s n="45"> On 25 August, the Ad Hoc Committee had before it the report of the Coordinator on the progress of informal discussions of draft articles 4, 5, 6 and 7 (see annex IV). </s>
	</p>
	<p n="42">
	  <s n="46"> Recommendations </s>
	</p>
	<p n="43">
	  <s n="47"> The Ad Hoc Committee recommends that it continue its work in 2005 and that the dates be included in the relevant resolution to be adopted by the General Assembly in that regard at its fifty-ninth session. </s>
	  <s n="48"> The Ad Hoc Committee also recommends that its fifth session be held in New York in January 2005. </s>
	</p>
	<p n="44">
	  <s n="49"> The Ad Hoc Committee invites members of its Bureau to hold an intersessional meeting regarding the preparation and organization of its fifth session, including the preparation of the provisional agenda, to be issued at least four weeks prior to the fifth session. </s>
	</p>
	<p n="45">
	  <s n="50"> With regard to accessibility and in accordance with General Assembly resolution 58/246 and decision 56/474, the Committee invites the General Assembly, at its fifty-ninth session, to examine in greater detail the provision of reasonable accommodation for persons with disabilities in order to facilitate accessibility to United Nations premises, technology and documents. </s>
	</p>
	<p n="46">
	  <s n="51"> Adoption of the report of the Ad Hoc Committee </s>
	</p>
	<p n="47">
	  <s n="52"> At its 20th meeting, on 3 September 2004, the Committee adopted the draft report on its fourth session (A/AC.265/2004/L.4), as orally amended. </s>
	</p>
	<p n="48">
	  <s n="53"> Annex I </s>
	</p>
	<p n="49">
	  <s n="54"> Additional list of non-governmental organizations accredited to the Ad Hoc Committee </s>
	</p>
	<p n="50">
	  <s n="55"> ABRAR (Sudan) </s>
	</p>
	<p n="51">
	  <s n="56"> Australian Federation of Disability Organization </s>
	</p>
	<p n="52">
	  <s n="57"> Cerebral Palsy Nigeria </s>
	</p>
	<p n="53">
	  <s n="58"> Children&apos;s Rights Alliance for England </s>
	</p>
	<p n="54">
	  <s n="59"> Equal Opportunities Commission of Hong Kong </s>
	</p>
	<p n="55">
	  <s n="60"> Humanitarian Organization for Poverty Eradication </s>
	</p>
	<p n="56">
	  <s n="61"> LOTOS Disability Awareness and Learning Center (Azerbaijan) </s>
	</p>
	<p n="57">
	  <s n="62"> Secretariat of the African Decade of Persons with Disabilities (South Africa) </s>
	</p>
	<p n="58">
	  <s n="63"> Annex II </s>
	</p>
	<p n="59">
	  <s n="64"> Organization of work proposed by the Chairman </s>
	</p>
	<p n="60">
	  <s n="65"> Annex III </s>
	</p>
	<p n="61">
	  <s n="66"> Statement by the Chairman on the organization of work </s>
	</p>
	<p n="62">
	  <s n="67"> Following extensive consultations, this is the Chairman&apos;s proposal on the organization of work for the fourth session. </s>
	</p>
	<p n="63">
	  <s n="68"> The first week would be divided into two stages: </s>
	</p>
	<p n="64">
	  <s n="69"> • The first one and a half days we would hold a formal plenary meeting to complete the first reading of the text. </s>
	</p>
	<p n="65">
	  <s n="70"> • The next three and a half days we would continue the plenary meeting, with the usual methods of work and the participation of intergovernmental organizations, NGOs and national human rights institutions. </s>
	  <s n="71"> The meetings would be the formal opportunity for both States and observers, including NGOs and national human rights institutions, to make comments and observations on the proposals that were made during the first reading to articles 1-15 and 24 bis. </s>
	  <s n="72"> The Chair would use this meeting to gauge the level of support those proposals received, so that he can identify proposals that attract widespread agreement and those on which opinion is divided. </s>
	</p>
	<p n="66">
	  <s n="73"> Upon completion, the Chair would adjourn the plenary meeting and invite the Coordinator to conduct informal consultations so that negotiations on articles 1-15 and 24 bis could begin. </s>
	  <s n="74"> The informal consultations would operate under the following guidelines. </s>
	</p>
	<p n="67">
	  <s n="75"> The informal consultations would be held in room 4 under the guidance of the Coordinator. </s>
	  <s n="76"> It would be left to his discretion, on consultation with the meeting, how much time to devote to each article and whether to cluster articles together. </s>
	</p>
	<p n="68">
	  <s n="77"> Intergovernmental organizations, NGOs and national human rights institutions are invited to be present. </s>
	</p>
	<p n="69">
	  <s n="78"> The Coordinator would aim to make as much progress as possible in that setting. </s>
	  <s n="79"> For difficult issues, he may request the individual facilitators who have been appointed to hold smaller informal meetings on those specific issues. </s>
	</p>
	<p n="70">
	  <s n="80"> The smaller informal meetings would operate under the same guidelines and would report back to the Coordinator. </s>
	</p>
	<p n="71">
	  <s n="81"> There would be no parallel meetings of the smaller informals and the main informal. </s>
	</p>
	<p n="72">
	  <s n="82"> Closed meetings may be required at some point. </s>
	</p>
	<p n="73">
	  <s n="83"> The Coordinator would report back to the Chair in a formal plenary meeting on Friday, 3 September. </s>
	</p>
	<p n="74">
	  <s n="84"> The present proposal is made on the understanding that articles 15 bis-25 would be treated in the same manner at the next session of the Ad Hoc Committee. </s>
	</p>
	<p n="75">
	  <s n="85"> Annex IV </s>
	</p>
	<p n="76">
	  <s n="86"> Report of the Coordinator to the fourth session of the Ad Hoc Committee </s>
	</p>
	<p n="77">
	  <s n="87"> Introduction </s>
	</p>
	<p n="78">
	  <s n="88"> On 24 August, the Chair of the Ad Hoc Committee invited Ambassador Don MacKay (New Zealand) to coordinate informal discussions on the text of a draft convention. </s>
	  <s n="89"> The Chair read a statement outlining the methodology for holding informal discussions (see annex III). </s>
	</p>
	<p n="79">
	  <s n="90"> Informal meetings were held from 30 August to 3 September. </s>
	  <s n="91"> Draft articles 4, 5, 6, and 7 were discussed. </s>
	</p>
	<p n="80">
	  <s n="92"> Discussions were held with the aim of clearing up as many of the issues concerning the draft articles as possible. </s>
	  <s n="93"> Where agreement was reached, it was on the understanding that it was without prejudice to delegations&apos; ability to reconsider the draft articles under discussion at a later stage. </s>
	</p>
	<p n="81">
	  <s n="94"> The text of draft articles 4 to 7 as they stand at the end of the meeting will be posted on the United Nations Enable web site for the consideration of delegations intersessionally. </s>
	</p>
	<p n="82">
	  <s n="95"> Discussion of the titles of the draft articles was deferred until a later date, pending agreement on whether they should remain in the final text or exist merely as working titles to facilitate negotiations. </s>
	</p>
	<p n="83">
	  <s n="96"> In order to maintain the momentum of the informal discussions, the Coordinator recommended that informal discussions on draft articles 1 to 15 continue at the next session of the Ad Hoc Committee. </s>
	</p>
	<p n="84">
	  <s n="97"> Summary of discussions on draft article 4 </s>
	</p>
	<p n="85">
	  <s n="98"> There was general agreement on the following points for draft article 4: </s>
	</p>
	<p n="86">
	  <s n="99"> • The Ad Hoc Committee should consider the placement of draft articles 4, 5 and 7 in relation to each other at a later stage. </s>
	</p>
	<p n="87">
	  <s n="100"> • Draft article 4 should include the wording of article 4 of the Convention on the Rights of the Child. </s>
	  <s n="101"> The precise wording of the paragraph was referred to the facilitator&apos;s group on this draft article, led by Gustavo Ainchil (Argentina), for further work. </s>
	</p>
	<p n="88">
	  <s n="102"> • Draft article 4 should include the concept of progressive realization of economic, social and cultural rights, balanced by the need to implement immediately those obligations that are capable of immediate implementation. </s>
	</p>
	<p n="89">
	  <s n="103"> • Non-discrimination is not subject to the doctrine of progressive realization. </s>
	</p>
	<p n="90">
	  <s n="104"> There was also a substantive discussion on the possibility of including a provision on remedies either in draft article 4 or draft article 9. </s>
	  <s n="105"> While there was some support expressed for this, further discussion is required before the issue can be referred to the Facilitator&apos;s group. </s>
	</p>
	<p n="91">
	  <s n="106"> Paragraph 1 </s>
	</p>
	<p n="92">
	  <s n="107"> There was general agreement that the elements contained in draft articles 13 (d), 19.2 (e), 20 (c) and 21 (f) should be consolidated in subparagraph 1 (f) and a new subparagraph 1 (g). </s>
	  <s n="108"> The Facilitator&apos;s group was mandated to work on the precise wording of this proposal. </s>
	</p>
	<p n="93">
	  <s n="109"> Paragraph 2 </s>
	</p>
	<p n="94">
	  <s n="110"> There was general agreement that: </s>
	</p>
	<p n="95">
	  <s n="111"> • The elements in draft articles 5.2 (d), 6 (c), 18 (c), 19.2 (g) and 21 (m) should be consolidated generically in paragraph 2. </s>
	</p>
	<p n="96">
	  <s n="112"> • The ultimate placement of paragraph 2 should be discussed at a later stage, along with the other articles related to implementation and monitoring. </s>
	</p>
	<p n="97">
	  <s n="113"> • The question of consultation with families and others could not be resolved in the context of draft article 4 but could be considered under other specific articles or under the preamble. </s>
	</p>
	<p n="98">
	  <s n="114"> Summary of discussions on draft article 5 </s>
	</p>
	<p n="99">
	  <s n="115"> There was general agreement on a number of points concerning draft article 5 as set out below. </s>
	</p>
	<p n="100">
	  <s n="116"> Paragraph 1 </s>
	</p>
	<p n="101">
	  <s n="117"> Subparagraph 1 (a) should reflect the text prepared by the Working Group, but with the addition of “and to foster respect for their rights” at the end of the sentence. </s>
	  <s n="118"> Various formulations of this phrase were proposed, and these were referred to the Facilitator&apos;s group on this draft article, led by Ambassador Rowe (Sierra Leone), for refinement. </s>
	</p>
	<p n="102">
	  <s n="119"> Subparagraph 1 (b) should reflect the text prepared by the Working Group, but with the addition of the words “in all areas of life” at the end of the sentence. </s>
	</p>
	<p n="103">
	  <s n="120"> Subparagraph 1 (c) should be redrafted to read: </s>
	</p>
	<p n="104">
	  <s n="121"> “Promote awareness of the capabilities and contributions of all persons with disabilities, and that as members of society they share the same rights and freedoms as all others, and in a manner consistent with the overall purpose of this Convention.” </s>
	</p>
	<p n="105">
	  <s n="122"> The meeting recognized that further fine-tuning of the paragraph was needed, and it was referred to the Facilitator&apos;s group for further discussion. </s>
	</p>
	<p n="106">
	  <s n="123"> Paragraph 2 </s>
	</p>
	<p n="107">
	  <s n="124"> Paragraph 2 contained much repetition of paragraph 1 and could either be streamlined or deleted. </s>
	  <s n="125"> In either case, several delegations considered that the references to public awareness campaigns and the promotion of awareness in all children and the education system were valuable. </s>
	  <s n="126"> They considered that they should be retained in either a streamlined paragraph 2 or in paragraph 1. </s>
	  <s n="127"> The Coordinator referred this issue to the Facilitator&apos;s group. </s>
	</p>
	<p n="108">
	  <s n="128"> Should paragraph 2 be deleted, subparagraph 2 (c) should be retained and moved into paragraph 1 to become paragraph 1 (d). </s>
	</p>
	<p n="109">
	  <s n="129"> The Coordinator also asked the Facilitator&apos;s group to elaborate general language on training, without prejudice to decisions on its inclusion and ultimate placement in the text. </s>
	</p>
	<p n="110">
	  <s n="130"> Summary of discussions on draft article 6 </s>
	</p>
	<p n="111">
	  <s n="131"> There was general agreement on the following points for draft article 6: </s>
	</p>
	<p n="112">
	  <s n="132"> • There should be a provision in the convention on this topic. </s>
	</p>
	<p n="113">
	  <s n="133"> • This should be a separate article and not merged with draft article 25 on monitoring. </s>
	</p>
	<p n="114">
	  <s n="134"> • The article should be in the section of the convention concerned with implementation and monitoring (possibly in a chapter on those topics). </s>
	  <s n="135"> Its ultimate placement was not resolved and some delegations expressed the preference that it remain in the earlier part of the convention. </s>
	</p>
	<p n="115">
	  <s n="136"> • The text should be streamlined to read: </s>
	</p>
	<p n="116">
	  <s n="137"> “Where necessary, States parties undertake to collect appropriate information to enable them to formulate and implement policies to give effect to this Convention. </s>
	  <s n="138"> The process of collecting and maintaining this information should: </s>
	</p>
	<p n="117">
	  <s n="139"> (a) Comply with legally established safeguards to ensure confidentiality and respect for the privacy of persons with disabilities, including legislation on data protection; </s>
	</p>
	<p n="118">
	  <s n="140"> (b) Comply with internationally accepted norms to protect human rights and fundamental freedoms;” </s>
	</p>
	<p n="119">
	  <s n="141"> • The concept of compliance with the international standards and ethical principles of statistics, as suggested by Landmine Survivors Network, but without listing the elements involved in that concept, should be included. </s>
	  <s n="142"> It is possible that briefer wording along the lines of general comment 5 of the Convention on the Rights of the Child, which sets out the objective without being too prescriptive, would suffice. </s>
	  <s n="143"> This was referred to the Facilitator&apos;s group, led by Leslie Gatan (Philippines). </s>
	</p>
	<p n="120">
	  <s n="144"> • A number of delegations raised the importance of the use to which the data might be put. </s>
	  <s n="145"> To avoid unbalancing the text, the Coordinator asked two delegations to draft a briefer formulation for a possible paragraph 2, covering a number of issues not covered in paragraph 1. </s>
	</p>
	<p n="121">
	  <s n="146"> Summary of discussions on draft article 7 </s>
	</p>
	<p n="122">
	  <s n="147"> Paragraph 1 </s>
	</p>
	<p n="123">
	  <s n="148"> There was general agreement on the substance of paragraph 1, as well as on the addition of one footnote and the referral of a drafting matter to the Facilitator&apos;s group on this draft article, led by Stefan Barriga (Liechtenstein). </s>
	</p>
	<p n="124">
	  <s n="149"> The text was generally agreed as follows: </s>
	</p>
	<p n="125">
	  <s n="150"> “States parties recognize that all persons are equal before and under the law and are entitled without any discrimination to the equal protection and equal benefit of the law. </s>
	  <s n="151"> States parties shall prohibit any discrimination on the basis of disability and guarantee to all persons with disabilities equal and effective protection against discrimination. </s>
	  <s n="152"> States parties shall also prohibit any discrimination and guarantee to all persons with disabilities equal and effective protection against discrimination on any other grounds. </s>
	</p>
	<p n="126">
	  <s n="153"> The Facilitator&apos;s group is to consider whether it would be useful to combine the second and third sentence of paragraph 1 without altering their substance. </s>
	</p>
	<p n="127">
	  <s n="154"> Paragraph 2 (a) </s>
	</p>
	<p n="128">
	  <s n="155"> There was general agreement to use the following text, which borrows from the last part of article 1 in the Convention on the Elimination of All Forms of Discrimination against Women (two footnotes were also agreed on): </s>
	</p>
	<p n="129">
	  <s n="156"> “(a) For the purpose of the present Convention, the term `discrimination on the basis of disability&apos; shall mean any distinction, exclusion or restriction which has the purpose or effect of impairing or nullifying the recognition, enjoyment or exercise, on a basis of equality with others, of all human rights and fundamental freedoms in the political, economic, social, cultural, civil or any other field.” </s>
	</p>
	<p n="130">
	  <s n="157"> Paragraph 2 (b) </s>
	</p>
	<p n="131">
	  <s n="158"> The text was generally agreed as follows: </s>
	</p>
	<p n="132">
	  <s n="159"> “(b) Discrimination shall include all forms of discrimination, including direct and indirect discrimination.” </s>
	</p>
	<p n="133">
	  <s n="160"> Some drafting issues may need to be addressed later in relation to whether to amalgamate subparagraphs 2 (a) and (b). </s>
	</p>
	<p n="134">
	  <s n="161"> Paragraph 3 </s>
	</p>
	<p n="135">
	  <s n="162"> It was generally agreed that existing paragraph 3 had a high risk of being misinterpreted. </s>
	  <s n="163"> It was agreed to delete paragraph 3 and to add a footnote to the draft article. </s>
	</p>
	<p n="136">
	  <s n="164"> The text of the footnote was agreed as follows: </s>
	</p>
	<p n="137">
	  <s n="165"> “Note: A number of delegations were of the view that there should be a reflection of general comment 18 of the Human Rights Committee, as follows: `not every differentiation of treatment will constitute discrimination, if the criteria for such differentiation are reasonable and objective and if the aim is to achieve a purpose which is legitimate under the convention&apos;.” </s>
	</p>
	<p n="138">
	  <s n="166"> Paragraph 4 </s>
	</p>
	<p n="139">
	  <s n="167"> There was general agreement to use the text set out below as a basis for paragraph 4, with two new footnotes, and to retain footnote 27 of the Working Group draft text. </s>
	  <s n="168"> There was also acknowledgement of the need for further drafting consideration and discussion on the placement of the definition, either here or within the definitions section of the draft convention. </s>
	  <s n="169"> The text was generally agreed as follows: </s>
	</p>
	<p n="140">
	  <s n="170"> “States parties undertake to take all appropriate steps to ensure that reasonable accommodation is provided; `reasonable accommodation&apos; to be defined as necessary and appropriate modification and adjustments not imposing a disproportionate burden, where needed in a particular case, to ensure to persons with disabilities the enjoyment or exercise on a basis of equality with others of all human rights and fundamental freedoms.” </s>
	</p>
	<p n="141">
	  <s n="171"> The list of other grounds for discrimination outlined in the working group text has been deleted. </s>
	  <s n="172"> A number of delegations would like to look again at this list in the context of the preamble; in particular, subparagraph (m) covers similar matters. </s>
	  <s n="173"> It was agreed that the list should be consistent with existing human rights treaties. </s>
	</p>
	<p n="142">
	  <s n="174"> A number of delegations wished to include here the phrase “or denial of reasonable accommodation”. </s>
	</p>
	<p n="143">
	  <s n="175"> A number of delegations would like to include other aspects within the definition, such as those found within the Inter-American Convention. </s>
	  <s n="176"> Particular aspects raised were: record of disability; condition relating to previous disability; or perception of disability, whether past or present. </s>
	</p>
	<p n="144">
	  <s n="177"> A preceding phrase that was proposed, and a corresponding one in the Working Group draft, was deleted, which some delegations wish to consider further. </s>
	</p>
	<p n="145">
	  <s n="178"> A number of delegations expressed reservations about the phrase “disproportionate burden”. </s>
	</p>
	<p n="146">
	  <s n="179"> Footnote 27 in document A/AC.265/2004/WG.1 to be inserted here. </s>
	</p>
	</body>
</text>
</DOC>