<?xml version="1.0" encoding="UTF-8"?>
<DOC lang="English" n="N0543553" id="A/60/140" date="2005/09/16">
<text>
	<body>
	<p n="1">
	  <s n="1"> Sixtieth session </s>
	</p>
	<p n="2">
	  <s n="2"> Item 129 of the provisional agenda** </s>
	</p>
	<p n="3">
	  <s n="3"> Scale of assessments for the apportionment of the expenses of the United Nations </s>
	</p>
	<p n="4">
	  <s n="4"> * Reissued for technical reasons. </s>
	</p>
	<p n="5">
	  <s n="5"> Unpaid assessed contributions of the former Yugoslavia </s>
	</p>
	<p n="6">
	  <s n="6"> Report of the Secretary-General </s>
	</p>
	<p n="7">
	  <s n="7"> Introduction </s>
	</p>
	<p n="8">
	  <s n="8"> During 1991-1992, the Socialist Federal Republic of Yugoslavia, which was admitted to membership in the United Nations in 1945, underwent a process of dissolution and five successor States came into existence. </s>
	</p>
	<p n="9">
	  <s n="9"> In its resolution 777 (1992) of 19 September 1992, the Security Council indicated that it considered that the Federal Republic of Yugoslavia (Serbia and Montenegro) could not continue automatically the membership of the former Socialist Federal Republic of Yugoslavia in the United Nations. </s>
	  <s n="10"> It therefore recommended to the General Assembly that it decide that the Federal Republic of Yugoslavia (Serbia and Montenegro) should apply for membership in the United Nations and that it should not participate in the work of the Assembly. </s>
	</p>
	<p n="10">
	  <s n="11"> In its resolution 47/1 of 22 September 1992, the Assembly similarly indicated that it considered that the Federal Republic of Yugoslavia (Serbia and Montenegro) could not continue automatically the membership of the former Socialist Federal Republic of Yugoslavia in the United Nations. </s>
	  <s n="12"> It therefore decided that the Federal Republic of Yugoslavia (Serbia and Montenegro) should apply for membership in the United Nations and that it should not participate in the work of the Assembly. </s>
	</p>
	<p n="11">
	  <s n="13"> In its resolution 821 (1993) of 28 April 1993, the Security Council, inter alia, recommended to the Assembly that it decide that the Federal Republic of Yugoslavia (Serbia and Montenegro) should not participate in the work of the Economic and Social Council. </s>
	  <s n="14"> In its resolution 47/229 of 29 April 1993, the Assembly, inter alia, decided that the Federal Republic of Yugoslavia (Serbia and Montenegro) should not participate in the work of the Economic and Social Council. </s>
	</p>
	<p n="12">
	  <s n="15"> The Assembly did not, however, take any action to terminate the membership of the former Yugoslavia in the United Nations. </s>
	  <s n="16"> On the contrary, it included the former Yugoslavia in the scales of assessments that it adopted for the periods 1995-1997 and 1998-2000, based on national income/gross national product data for Serbia and Montenegro. </s>
	  <s n="17"> As successor States to the former Yugoslavia were admitted to the United Nations during the scale period 1992-1994, their initial rates of assessment were deducted from the rate of assessment initially assigned to the former Yugoslavia for 1992-1994. </s>
	  <s n="18"> Their assessments in their respective years of admission were deducted from the assessments of the former Yugoslavia in those years. </s>
	</p>
	<p n="13">
	  <s n="19"> From 27 April 1992, when the Federal Republic of Yugoslavia (renamed Serbia and Montenegro in February 2003) came into existence, until 27 October 2000, when its President submitted to the Secretary-General an application for the admission of the Federal Republic of Yugoslavia to membership in the United Nations, the Government of the Federal Republic of Yugoslavia claimed that it constituted the Government of the Member State that was the former Yugoslavia. </s>
	  <s n="20"> This claim was advanced on the explicit basis that the State that was formerly known as the Socialist Federal Republic of Yugoslavia continued to exist, that that State therefore continued to be a Member of the United Nations, that the Federal Republic of Yugoslavia continued the personality under international law of the Socialist Federal Republic of Yugoslavia, that the Federal Republic of Yugoslavia was therefore a State Member of the United Nations and that the Federal Republic was, in consequence, the same person of international law, and so the same Member State, as the former Yugoslavia. </s>
	</p>
	<p n="14">
	  <s n="21"> In furtherance of its claim, the Government of the Federal Republic of Yugoslavia performed a large number of acts in the name of the former Yugoslavia in the period from 27 April 1992 to 27 October 2000. </s>
	  <s n="22"> These included having officials of the Government of the Federal Republic of Yugoslavia represent the former Yugoslavia in the Assembly and subsidiary organs, prior to the adoption of Assembly resolution 47/1, and in the Economic and Social Council and its subsidiary bodies, prior to the adoption of Assembly resolution 47/229. </s>
	  <s n="23"> In addition, on a number of occasions, the last being on 23 June 2000, officials of the Government of the Federal Republic of Yugoslavia requested that they be invited to participate, as representatives of the former Yugoslavia, in meetings of the Security Council. </s>
	  <s n="24"> From 27 April 1992 to 1 November 2000, the Government of the Federal Republic of Yugoslavia availed itself of the right of the former Yugoslavia, as a Member State, to establish and maintain missions to the United Nations at its Headquarters and Offices. </s>
	  <s n="25"> It also availed itself of the right of the former Yugoslavia, as a Member State, to circulate communications as official documents of the United Nations. </s>
	</p>
	<p n="15">
	  <s n="26"> In its resolution 55/12 of 1 November 2000, the Assembly decided to admit the Federal Republic of Yugoslavia to membership in the United Nations. </s>
	  <s n="27"> That decision necessarily and automatically terminated the membership of the former Yugoslavia in the United Nations. </s>
	  <s n="28"> At that time, the former Yugoslavia had outstanding assessed contributions that had become due and payable both before and after the dissolution of the Socialist Federal Republic of Yugoslavia. </s>
	</p>
	<p n="16">
	  <s n="29"> The Secretary-General wrote to the President of the Assembly on 27 December 2001 to draw to the Assembly&apos;s attention the question of the unpaid assessed contributions of the former Yugoslavia.1 In the annex to his letter, the Secretary-General provided information concerning this question and highlighted issues about which the Assembly would need to decide. </s>
	  <s n="30"> In its resolution 56/243 B of 27 March 2002, the Assembly requested the Committee on Contributions to consider the issues raised and to report thereon to the Assembly at its fifty-seventh session. </s>
	  <s n="31"> This the Committee did in its report on its sixty-second session.2 In its resolution 57/4 B of 20 December 2002, the Assembly decided to consider the question further at its fifty-eighth session. </s>
	  <s n="32"> Updated information on the outstanding assessed contributions of the former Yugoslavia was provided in a note by the Secretary-General.3 In its resolution 58/1 B of 23 December 2003, the Assembly decided to defer consideration of the question until its fifty-ninth session. </s>
	  <s n="33"> In its resolution 59/1 B of 23 December 2004, the Assembly decided to defer consideration of the question until the first part of its resumed fifty-ninth session. </s>
	  <s n="34"> In its decision 59/551 B of 13 April 2005, the Assembly decided to defer the matter for future consideration. </s>
	</p>
	<p n="17">
	  <s n="35"> The position of the five successor States to the former Yugoslavia was set out in letters from their Permanent Representatives to the Under-Secretary-General for Management dated 17 September and 19 November 2001 and August 2005, and to the Chairman of the Committee on Contributions dated 29 May 2002. </s>
	  <s n="36"> These letters are contained in annexes I, II, III and IV. </s>
	</p>
	<p n="18">
	  <s n="37"> In the period since the Secretary-General sent his letter in 2001, the Agreement on Succession Issues between the five successor States of the Socialist Federal Republic of Yugoslavia entered into force on 2 June 2004. </s>
	</p>
	<p n="19">
	  <s n="38"> The present report deals with the outstanding assessed contributions of the former Yugoslavia and not with any amounts owed by Serbia and Montenegro in respect of expenditures incurred by the United Nations Peace Forces for items that should have been provided without cost under the status of forces agreement. </s>
	  <s n="39"> In paragraph 10 of its resolution 51/12 of 4 November 1996, the Assembly urged the Secretary-General to convey its concerns to the Governments concerned as well as its request that the Governments reimburse the combined Forces for those expenditures. </s>
	  <s n="40"> The Assembly also requested the Secretary-General to withhold settlement of claims submitted by the Governments concerned until the matter of the expenditures was resolved. </s>
	  <s n="41"> Full details of amounts owed were provided in section III of the report of the Secretary-General of 17 March 2000.4 All amounts owed by Croatia, Serbia and Montenegro, Bosnia and Herzegovina and the former Yugoslav Republic of Macedonia remain outstanding. </s>
	</p>
	<p n="20">
	  <s n="42"> Unpaid assessed contributions of the former Yugoslavia </s>
	</p>
	<p n="21">
	  <s n="43"> On 1 November 2000, when it ceased to be a Member State, the former Yugoslavia had outstanding assessed contributions totalling $16,226,613, a credit of $1,846 in the special account for the United Nations Transition Assistance Group (UNTAG) and an advance of $26,000 to the Working Capital Fund for 2000-2001. </s>
	  <s n="44"> In addition, as it was a Member State when the Peacekeeping Reserve Fund was established,5 the former Yugoslavia may be said to have had a claim to a share in the Fund, although that would have practical significance only if and when the Assembly were to dispose of the assets of the Fund. </s>
	</p>
	<p n="22">
	  <s n="45"> No further assessments have been issued for the former Yugoslavia since 1 November 2000. </s>
	  <s n="46"> The Assembly has, however, authorized the allocation of credits in respect of the unencumbered balances of a number of peacekeeping accounts for prior periods, for which assessments had been issued for the former Yugoslavia. </s>
	  <s n="47"> Its share of these credits currently totals a net $126,641. </s>
	  <s n="48"> Application of this amount brought to $16,135,838 the total amount of outstanding assessed contributions for the former Yugoslavia. </s>
	  <s n="49"> The advance to the Working Capital Fund of $26,000 is still outstanding and the credit in the special account for UNTAG is now $37,712. </s>
	  <s n="50"> The details of these amounts are shown in the table contained in annex V. </s>
	  <s n="51"> In addition, as noted above, the former Yugoslavia may be said to have a claim to a share in the Peacekeeping Reserve Fund. </s>
	</p>
	<p n="23">
	  <s n="52"> Treatment of the unpaid assessed contributions of the former Yugoslavia </s>
	</p>
	<p n="24">
	  <s n="53"> As noted above, the former Yugoslavia ceased to exist on 1 November 2000. </s>
	  <s n="54"> Accordingly, it is clearly not possible to look to that State for settlement of its outstanding assessed contributions. </s>
	</p>
	<p n="25">
	  <s n="55"> As outlined in the annex to the Secretary-General&apos;s letter,1 it is necessary to make a distinction between, on the one hand, the debts that were outstanding to the charge of the former Yugoslavia at the date of the dissolution of the Socialist Federal Republic of Yugoslavia and, on the other hand, the debts that were outstanding to the charge of the former Yugoslavia on the date that it ceased to be a Member of the United Nations, on 1 November 2000. </s>
	</p>
	<p n="26">
	  <s n="56"> In accordance with the rules of general international law regarding the succession of States in respect of State debts, the United Nations may decide to look to the five successor States of the Socialist Federal Republic of Yugoslavia for payment of that part of the debts of the former Yugoslavia that accrued to its charge prior to the dissolution of the Socialist Federal Republic of Yugoslavia. </s>
	</p>
	<p n="27">
	  <s n="57"> As regards that part of the arrears of the former Yugoslavia that accrued to its charge subsequent to the dissolution of the Socialist Federal Republic of Yugoslavia, those debts have not passed to the charge of any other State by operation of the rules of general international law regarding the succession of States in respect of State debts, no succession of States having taken place between the former Yugoslavia and any other State when the former Yugoslavia ceased to exist on 1 November 2000. </s>
	  <s n="58"> As noted above, however, the previous Government of the Federal Republic of Yugoslavia (since renamed Serbia and Montenegro) repeatedly claimed to represent the former Yugoslavia. </s>
	  <s n="59"> Indeed, that Government claimed that the Federal Republic of Yugoslavia was the same person of international law, and so the same Member State, as the former Yugoslavia. </s>
	  <s n="60"> On that basis, Serbia and Montenegro may now be considered to be stopped from denying responsibility for the liabilities of the former Yugoslavia arising after the dissolution of the Socialist Federal Republic of Yugoslavia but before the former Yugoslavia ceased to be a Member of the United Nations on 1 November 2000. </s>
	  <s n="61"> On that basis, the United Nations might seek payment from Serbia and Montenegro of assessments that became due from and payable by the former Yugoslavia after the final dissolution of the Socialist Federal Republic of Yugoslavia and that remained unpaid as of 1 November 2000. </s>
	</p>
	<p n="28">
	  <s n="62"> Should the General Assembly decide to seek payment from the five successor States of the former Yugoslavia of that part of the arrears of the former Yugoslavia that accrued to its charge prior to the dissolution of the Socialist Federal Republic of Yugoslavia, it is the Secretariat&apos;s understanding that the distribution of assets and liabilities of the Socialist Federal Republic of Yugoslavia would be based in part on each State&apos;s date of succession to the former Yugoslavia — that is, the dates on which the successions of States took place between the Socialist Federal Republic of Yugoslavia and each of its successor States — and in part on the relative shares of the successor States — that is, the relative proportions of the debt of the former Yugoslavia that it is considered should equitably pass to each of the successor States of the Socialist Federal Republic of Yugoslavia. </s>
	</p>
	<p n="29">
	  <s n="63"> In that event, as the dissolution of the Socialist Federal Republic of Yugoslavia did not take place all at one instant, but, rather, was a process of gradual disintegration that took place over a period of time, the Secretariat anticipates that the dates of succession of the five successor States used for the purpose of allocation of arrears would be different. </s>
	  <s n="64"> Each successor State would presumably be responsible for its relative share — its equitable proportion — of the former Yugoslavia&apos;s unpaid assessed contributions that were due and payable on the date of its succession to the Socialist Federal Republic of Yugoslavia. </s>
	  <s n="65"> The balance would remain the responsibility of the former Yugoslavia and would then fall to be apportioned between it and the next successor State to have succeeded to the Socialist Federal Republic of Yugoslavia, together with subsequent assessments and credits that became due and payable by the date of its succession. </s>
	</p>
	<p n="30">
	  <s n="66"> The accounts of the United Nations currently reflect application to the assessments, payments and credits of the former Yugoslavia of the financial regulations and rules of the United Nations, including regulation 3.5. </s>
	  <s n="67"> Accordingly payments and credits for each account have been applied to contributions due in the order in which they were assessed, regardless of whether they were received before or after the respective dates of succession. </s>
	  <s n="68"> Were the approach outlined above to be taken, however, some accounting adjustments would be necessary in the process of allocation of outstanding assessed contributions and credits. </s>
	</p>
	<p n="31">
	  <s n="69"> Dates of succession to the Socialist Federal Republic of Yugoslavia </s>
	</p>
	<p n="32">
	  <s n="70"> According to the rules of general international law concerning the succession of States, the proportion of the debt of a predecessor State that passes to a successor State is an equitable proportion of that debt that existed to the charge of the predecessor State at the date on which the succession of States between the predecessor State and the successor State took place. </s>
	  <s n="71"> The dates of succession of the five successor States are therefore an important factor for the Assembly to take into account if it chooses to consider making any claims on the successor States in this regard. </s>
	  <s n="72"> In this case, the dates on which the successions of States took place between the Socialist Federal Republic of Yugoslavia and each of its successor States are the dates on which those successor States came into existence. </s>
	  <s n="73"> At present, there is no decision by a competent political organ of the United Nations on these dates.6 Should the Assembly decide to seek payment of the unpaid assessed contributions of the former Yugoslavia from its successor States, it would have to decide on the dates of succession that should be used for this purpose for each of the five successor States to the Socialist Federal Republic of Yugoslavia. </s>
	</p>
	<p n="33">
	  <s n="74"> One possibility is to use the dates in Opinion No. 11 of 16 July 1993 of the Arbitration Commission of the International Conference on the Former Yugoslavia. </s>
	  <s n="75"> In this opinion, the Commission advised the Co-Chairmen of the Steering Committee of the International Conference that it was of the view that the dates on which the successor States of the Socialist Federal Republic of Yugoslavia came into existence were as follows: </s>
	</p>
	<p n="34">
	  <s n="76"> Croatia 8 October 1991 </s>
	</p>
	<p n="35">
	  <s n="77"> Slovenia 8 October 1991 </s>
	</p>
	<p n="36">
	  <s n="78"> The former Yugoslav Republic of Macedonia 17 November 1991 </s>
	</p>
	<p n="37">
	  <s n="79"> Bosnia and Herzegovina 6 March 1992 </s>
	</p>
	<p n="38">
	  <s n="80"> The Federal Republic of Yugoslavia 27 April 1992 </s>
	</p>
	<p n="39">
	  <s n="81"> (since renamed Serbia and Montenegro) </s>
	</p>
	<p n="40">
	  <s n="82"> This opinion is not binding on the United Nations, however, and an alternative possibility is to use the dates of succession of which the successor States themselves have advised the Secretary-General, in his capacity as depositary of multilateral treaties, as follows: </s>
	</p>
	<p n="41">
	  <s n="83"> Slovenia 25 June 1991 </s>
	</p>
	<p n="42">
	  <s n="84"> The former Yugoslav Republic of Macedonia 17 September 1991 </s>
	</p>
	<p n="43">
	  <s n="85"> Croatia 8 October 1991 </s>
	</p>
	<p n="44">
	  <s n="86"> Bosnia and Herzegovina 6 March 1992 </s>
	</p>
	<p n="45">
	  <s n="87"> Serbia and Montenegro 27 April 1992 </s>
	</p>
	<p n="46">
	  <s n="88"> (formerly the Federal Republic of Yugoslavia) </s>
	</p>
	<p n="47">
	  <s n="89"> Relative shares of the successor States </s>
	</p>
	<p n="48">
	  <s n="90"> As regards that part of the arrears of the former Yugoslavia that accrued to its charge prior to the dissolution of the Socialist Federal Republic of Yugoslavia, another element to be considered by the Assembly, if it chooses to make any claims on the successor States of the Socialist Federal Republic of Yugoslavia in respect of those debts, is the relative shares that should be applied for the five successor States — that is, the fixing of the equitable proportion of those debts of the former Yugoslavia that passes to each. </s>
	</p>
	<p n="49">
	  <s n="91"> In this connection, it may be recalled that Bosnia and Herzegovina, Croatia, Slovenia and the former Yugoslav Republic of Macedonia were admitted to membership in the United Nations during the period of the scale of assessments for 1992-1994. </s>
	  <s n="92"> Upon the recommendation of the Committee on Contributions, the Assembly decided that the assessment rates fixed for the new Member States should be deducted from the rate of assessment earlier established for the former Yugoslavia (0.42 per cent). </s>
	  <s n="93"> It also decided that the assessments for these Member States in the year of their admission should be deducted from the assessments of the former Yugoslavia.7 The assessment rates fixed for the four successor States during the relevant parts of the scale period were: </s>
	</p>
	<p n="50">
	  <s n="94"> The residual 0.14 per cent of the scale (33.3 per cent of the original assessment rate for the former Yugoslavia) remained with the former Yugoslavia, to which the Federal Republic of Yugoslavia (since renamed Serbia and Montenegro) succeeded on 27 April 1992. </s>
	  <s n="95"> These relative shares reflect decisions already made by the Assembly with regard to the apportionment of the assessments of the former Yugoslavia and could also be applied to the unpaid assessed contributions of the former Yugoslavia. </s>
	</p>
	<p n="51">
	  <s n="96"> Alternatively, the Assembly may wish to use the relative shares in the Agreement on Succession Issues, which was signed by the five successor States on 29 June 2001 and which entered into force on 2 June 2004. </s>
	  <s n="97"> The agreement fixes the following proportions for the five States in respect of the external debts of the Socialist Federal Republic of Yugoslavia (with the exception of those debts for which specific provision is made in or under that agreement): </s>
	</p>
	<p n="52">
	  <s n="98"> Views of the successor States </s>
	</p>
	<p n="53">
	  <s n="99"> As noted above, the Secretariat requested the Permanent Representatives of the five successor States of the Socialist Federal Republic of Yugoslavia to indicate the views of their Governments on this matter. </s>
	  <s n="100"> In a joint reply, dated 7 September 2001, the five Permanent Representatives indicated their common view that the remaining arrears of the former Yugoslavia should be written off. </s>
	  <s n="101"> The text of their letter is contained in annex I. </s>
	  <s n="102"> A further joint reply, dated 19 November 2001, reiterated the view of the five successor States that the contributions assessed to the former Yugoslavia should be written off. </s>
	  <s n="103"> The text of that letter is contained in annex II. </s>
	  <s n="104"> A joint letter from the five Permanent Representatives to the Chairman of the Committee on Contributions dated 29 May 2002 reiterated the view of the five successor States that the unpaid assessed contributions of the former Yugoslavia should be written off. </s>
	  <s n="105"> It is contained in annex III. </s>
	  <s n="106"> In a letter dated 24 May 2005, the Secretariat invited the Permanent Representative of the five successor States to convey their views on the present report so that they could be made available to the Assembly when it considers the matter during its sixtieth session. </s>
	  <s n="107"> In a joint reply, dated 9 August 2005, the Permanent Representative of the former Yugoslav Republic of Macedonia and the Chargés d&apos;affaires a.i. of the four other successor States commented on the report. </s>
	  <s n="108"> The text of that letter is contained in annex IV. </s>
	</p>
	<p n="54">
	  <s n="109"> Proposal by the representative of Ghana </s>
	</p>
	<p n="55">
	  <s n="110"> In the course of the consideration of the question by the Fifth Committee during the Assembly&apos;s fifty-seventh session in 2002, the representative of Ghana made a proposal concerning the unpaid assessed contributions of the former Yugoslavia.8 He recommended that the arrears of the former Yugoslavia should be calculated as of the dates notified by the successor States on which they had ceased to exist as part of the former Yugoslavia (that is, Slovenia: 25 June 1991; The former Yugoslav Republic of Macedonia: 17 September 1991; Croatia: 8 October 1991; Bosnia and Herzegovina: 6 March 1992; the Federal Republic of Yugoslavia (since renamed Serbia and Montenegro): 27 April 1992). </s>
	  <s n="111"> Based on the amounts determined through that process, the Secretariat would request the five successor States to pay the pre-dissolution arrears of the former Yugoslavia, taking into account the dates cited and, where appropriate, their agreement on the apportionment of assets and liabilities signed on 29 June 2001. </s>
	  <s n="112"> The post-dissolution arrears, that is those for the period from 27 April 1992 up to 1 November 2000, should be written off. </s>
	</p>
	<p n="56">
	  <s n="113"> Throughout the period of the dissolution of the former Yugoslavia and subsequently there were a number of new assessments issued for various accounts. </s>
	  <s n="114"> In addition, a number of payments were received and credits applied. </s>
	  <s n="115"> These credits included the share of the former Yugoslavia in budgetary surpluses and unencumbered balances arising for periods for which assessments were issued to the former Yugoslavia, as well as the assessments of Bosnia and Herzegovina, Croatia, Slovenia and the former Yugoslav Republic of Macedonia for their respective years of admission. </s>
	  <s n="116"> The table contained in annex VI shows the net amount outstanding for the former Yugoslavia on 27 April 1992, that is, the pre-dissolution arrears specified under the proposal by the representative of Ghana. </s>
	  <s n="117"> The table contained in annex VII shows the net contributions and credits outstanding for the former Yugoslavia that arose after 27 April 1992, that is, the post-dissolution arrears specified under the proposal by the representative of Ghana. </s>
	  <s n="118"> The table contained in annex VIII shows the breakdown between pre-dissolution arrears and post-dissolution arrears. </s>
	  <s n="119"> Finally, based on the dates of the various transactions, the proposal by the representative of Ghana and the Secretariat&apos;s understanding of the process of allocation of the pre-dissolution arrears set out in paragraph 20 above, the table contained in annex IX shows the distribution of the pre-dissolution arrears among the five successor States. </s>
	  <s n="120"> As indicated therein, an amount of $8,009,454 would be payable by the five successor States. </s>
	  <s n="121"> Under the Ghanaian proposal, the balance of $8,144,413 would be written off.9 </s>
	</p>
	<p n="57">
	  <s n="122"> In accordance with the Secretariat&apos;s understanding of the proposal by the representative of Ghana, the figures set out in annex IX were derived by the following steps. </s>
	  <s n="123"> The amounts outstanding as at 25 June 1991 were divided between Slovenia and the former Yugoslavia — 16 per cent to Slovenia and the balance of 84 per cent to the former Yugoslavia. </s>
	  <s n="124"> The amounts outstanding for the former Yugoslavia as at 17 September 1991, that is, the balance as at 25 June 1991 plus any additional assessments and minus any payments and/or credits arising in the meantime, were divided between the former Yugoslav Republic of Macedonia and the former Yugoslavia — a little over 8.9 per cent (that is, 7.5 divided by 84 times 100) to the former Yugoslav Republic of Macedonia and the balance of a little over 91 per cent to the former Yugoslavia. </s>
	  <s n="125"> The amounts outstanding for the former Yugoslavia as at 8 October 1991, that is, the balance as at 17 September 1991 plus any additional assessments and minus any payments and/or credits arising in the meantime, were divided between Croatia and the former Yugoslavia — a little over 30 per cent (that is, 23 divided by 76.5 times 100) to Croatia and the balance of almost 70 per cent to the former Yugoslavia. </s>
	  <s n="126"> The amounts outstanding for the former Yugoslavia as at 6 March 1992, that is, the balance as at 8 October 1991 plus any additional assessments and minus any payments and/or credits arising in the meantime, were divided between Bosnia and Herzegovina and the former Yugoslavia — almost 29 per cent (that is, 15.5 divided by 53.5 times 100) to Bosnia and Herzegovina and the balance of a little more than 71 per cent to the former Yugoslavia. </s>
	  <s n="127"> The amounts outstanding for the former Yugoslavia as at 27 April 1992, that is, the balance as at 6 March 1992 plus any additional assessments and minus any payments and/or credits arising in the meantime, were assigned to Serbia and Montenegro (formerly the Federal Republic of Yugoslavia). </s>
	  <s n="128"> Payments and/or credits arising after the dissolution of the Socialist Federal Republic of Yugoslavia, the date of which the Ghanaian proposal takes to be 27 April 1992, have been applied to the amounts outstanding for the former Yugoslavia after the final succession. </s>
	</p>
	<p n="58">
	  <s n="129"> Conclusions </s>
	</p>
	<p n="59">
	  <s n="130"> As the unpaid assessed contributions of the former Yugoslavia are not collectible from that State, the Assembly will need to decide what action should be taken. </s>
	  <s n="131"> In that connection, two suggestions have been made. </s>
	  <s n="132"> The five successor States have proposed that the full amount of those unpaid contributions should be written off. </s>
	  <s n="133"> During the Fifth Committee&apos;s consideration of the matter in 2002, the representative of Ghana suggested that the successor States should be requested to pay the arrears of the former Yugoslavia arising before its final dissolution on 27 April 1992 and that the balance arising thereafter should be written off. </s>
	  <s n="134"> Alternatively, as indicated above, payment of the pre-dissolution arrears could be sought from the five successor States and the post-dissolution balance could be sought from Serbia and Montenegro based on the principle of estoppel. </s>
	</p>
	<p n="60">
	  <s n="135"> Should the Assembly decide to write off all or part of the unpaid assessed contributions of the former Yugoslavia, the assets shown in each account would be reduced accordingly. </s>
	  <s n="136"> Depending on the position of each account, the write- off would eventually lead to an increase in future assessments or a reduction of the surplus that would prospectively be returned to Member States. </s>
	</p>
	<p n="61">
	  <s n="137"> Based on the information provided above, therefore, one option to be considered by the Assembly is to write off the full amount of assessments and credits outstanding for the former Yugoslavia as proposed by the five successor States. </s>
	</p>
	<p n="62">
	  <s n="138"> A second option would be for the Assembly to seek payment from the five successor States of arrears arising before the dissolution of the Socialist Federal Republic of Yugoslavia and to write off the amounts arising thereafter, in accordance with the approach suggested by the representative of Ghana. </s>
	</p>
	<p n="63">
	  <s n="139"> If the Assembly decided to seek payment of all or part of the arrears of the former Yugoslavia arising before the dissolution of the Socialist Federal Republic of Yugoslavia, it might wish to call on the five successor States to negotiate, perhaps by the end of the Assembly&apos;s sixty-first session, an agreement among them as to which of them is to meet the debts arising, and in what amounts. </s>
	  <s n="140"> If such an agreement were reached among the five successor States, it would be necessary for the Assembly to decide to accept its terms before it became binding upon the Organization. </s>
	</p>
	<p n="64">
	  <s n="141"> If the Assembly followed that approach and the successor States did not reach agreement within that period on their respective responsibilities in that regard, the United Nations might claim payment from each of them of an amount that it considered constituted an equitable portion of those arrears. </s>
	  <s n="142"> The illustrative figures in annex IX based on the approach suggested by the representative of Ghana are one possibility in this regard. </s>
	  <s n="143"> If the Assembly decided to seek payment of all or part of the arrears of the former Yugoslavia arising before the dissolution of the Socialist Federal Republic of Yugoslavia, the Assembly might also wish to decide when it would consider claiming payment in this manner. </s>
	</p>
	<p n="65">
	  <s n="144"> A third option would be for the Assembly to seek payment from the five successor States of arrears arising before the dissolution of the Socialist Federal Republic of Yugoslavia and to seek payment of the balance from Serbia and Montenegro based on the principle of estoppel, as outlined above. </s>
	</p>
	<p n="66">
	  <s n="145"> The three options outlined above are by no means exhaustive and many other variants could be considered. </s>
	  <s n="146"> In any event, if the Assembly did decide to consider claiming payment from the five successor States and required related information from the Secretariat, the Secretariat would need guidance on the dates that should be used for their succession to the Socialist Federal Republic of Yugoslavia and on the relative shares that should be applied for the five States. </s>
	</p>
	<p n="67">
	  <s n="147"> Notes </s>
	</p>
	<p n="68">
	  <s n="148"> 2 See Official Records of the General Assembly, Fifty-seventh Session, Supplement No. 11 (A/57/11), paras. </s>
	</p>
	<p n="69">
	  <s n="149"> 5 General Assembly resolution 47/217 of 23 December 1992. </s>
	</p>
	<p n="70">
	  <s n="150"> 6 These dates are to be distinguished from the dates on which the successor States were admitted to membership in the United Nations. </s>
	  <s n="151"> Those latter dates are necessarily subsequent to those on which those States each acquired statehood under international law. </s>
	  <s n="152"> The dates on which the successor States of the Socialist Federal Republic of Yugoslavia were admitted to membership in the United Nations are as follows: </s>
	</p>
	<p n="71">
	  <s n="153"> Bosnia and Herzegovina 22 May 1992 </s>
	</p>
	<p n="72">
	  <s n="154"> Croatia 22 May 1992 </s>
	</p>
	<p n="73">
	  <s n="155"> Slovenia 22 May 1992 </s>
	</p>
	<p n="74">
	  <s n="156"> The former Yugoslav Republic of Macedonia 8 April 1993 </s>
	</p>
	<p n="75">
	  <s n="157"> Serbia and Montenegro (formerly the Federal 1 November 2000 </s>
	</p>
	<p n="76">
	  <s n="158"> Republic of Yugoslavia) </s>
	</p>
	<p n="77">
	  <s n="159"> 7 See Official Records of the General Assembly, Forty-seventh Session, Supplement No. 11 (A/47/11) and ibid., Forty-eighth Session, Supplement No. 11 (A/48/11). </s>
	  <s n="160"> See also decision 47/456 and resolution 48/223A. </s>
	</p>
	<p n="78">
	  <s n="161"> 9 It is also assumed that the credit of $18,029 that would arise in the special account for UNIIMOG would also be written off, as would the outstanding credit of $37,712 in the special account for UNTAG and the remaining advance of $26,000 in the Working Capital Fund. </s>
	</p>
	<p n="79">
	  <s n="162"> Annex I </s>
	</p>
	<p n="80">
	  <s n="163"> Letter dated 7 September 2001 from the Permanent Representatives of Bosnia and Herzegovina, Croatia, Slovenia, the former Yugoslav Republic of Macedonia and Yugoslavia, addressed to the Under-Secretary-General for Management </s>
	</p>
	<p n="81">
	  <s n="164"> Upon instructions from our Governments, we are answering your letter of 27 July 2001 and conveying to you our joint position concerning the outstanding assessed contributions of the former Socialist Federal Republic of Yugoslavia. </s>
	  <s n="165"> As confirmed by relevant Security Council and General Assembly resolutions, the State known as the Socialist Federal Republic of Yugoslavia has ceased to exist and has been succeeded by five equal successor States, which have been admitted as new States Members of the United Nations. </s>
	  <s n="166"> Since their admission to the United Nations, the new States have been assessed for the contributions and have duly paid them. </s>
	  <s n="167"> In the past, some successor States already indicated in their official statements that there is no basis for the assessment of a contribution for a State, which has ceased to exist. </s>
	  <s n="168"> Therefore, all five successor States, which are States Members of the United Nations and pay their assessed contributions, believe that these arrears should be written off. </s>
	</p>
	<p n="82">
	  <s n="169"> (Signed) Husein Živalj Permanent Representative of Bosnia and Herzegovina to the United Nations </s>
	</p>
	<p n="83">
	  <s n="170"> (Signed) Ivan Šimonović Permanent Representative of the Republic of Croatia to the United Nations </s>
	</p>
	<p n="84">
	  <s n="171"> (Signed) Srgjan Kerim Permanent Representative of the Republic of Macedonia to the United Nations </s>
	</p>
	<p n="85">
	  <s n="172"> (Signed) Ernest Petrić Permanent Representative of the Republic of Slovenia to the United Nations </s>
	</p>
	<p n="86">
	  <s n="173"> (Signed) Dejan Šahović Permanent Representative of Federal Republic of Yugoslavia to the United Nations </s>
	</p>
	<p n="87">
	  <s n="174"> Annex II </s>
	</p>
	<p n="88">
	  <s n="175"> Letter dated 19 November 2001 from the Permanent Representatives of Bosnia and Herzegovina, Croatia, Slovenia, the former Yugoslav Republic of Macedonia and Yugoslavia, addressed to the Under-Secretary-General for Management </s>
	</p>
	<p n="89">
	  <s n="176"> Following our letter of 7 September 2001 and upon instructions from our Governments, we would like once again to convey to you our joint position regarding the outstanding assessed contributions of the former Socialist Federal Republic of Yugoslavia. </s>
	</p>
	<p n="90">
	  <s n="177"> The State known as Socialist Federal Republic of Yugoslavia has ceased to exist and was succeeded by five equal successor States, none of which continued its legal personality. </s>
	  <s n="178"> This fact was confirmed by relevant Security Council and General Assembly resolutions of 1992. </s>
	  <s n="179"> Although a dissolved State, which evidently no longer existed, should have ceased to be a member of the United Nations ipso facto, Socialist Federal Republic of Yugoslavia continued to be assessed for the contributions. </s>
	</p>
	<p n="91">
	  <s n="180"> The dissolution of the former Socialist Federal Republic of Yugoslavia was a continuing process. </s>
	  <s n="181"> The exact date when the successor States became independent is different for each of them and no precise date of the dissolution can be determined. </s>
	</p>
	<p n="92">
	  <s n="182"> This situation should have been appropriately reflected in the decisions of the United Nations, including those regarding the assessment of contributions. </s>
	  <s n="183"> All five successor States were admitted as new Member States to the United Nations and have since paid their assessed contributions. </s>
	</p>
	<p n="93">
	  <s n="184"> The dissolution of the former Socialist Federal Republic of Yugoslavia was unique and indeed no identical precedent existed before. </s>
	  <s n="185"> All the previous cases (for example the break-up of the former Union of Soviet Socialist Republics or Czechoslovakia) were different and so the legal consequences were different and it is quite unlikely the same situation could occur again. </s>
	  <s n="186"> However, if a similar situation occurs, the United Nations should find a way to address it in an appropriate manner. </s>
	</p>
	<p n="94">
	  <s n="187"> Keeping the Socialist Federal Republic of Yugoslavia, the dissolved State, on the list of the scale of assessments was a misleading approach, which should bear no legal consequences on other Member States. </s>
	  <s n="188"> Therefore, all five successor States, after having carefully considered the suggestions presented in your letter of 27 July 2001, wish to reiterate their joint position that the contributions assessed to the former Socialist Federal Republic of Yugoslavia should be written off. </s>
	</p>
	<p n="95">
	  <s n="189"> (Signed) Mirza Kusljugić Permanent Representative of Bosnia and Herzegovina to the United Nations </s>
	</p>
	<p n="96">
	  <s n="190"> (Signed) Ivan Šimonović Permanent Representative of the Republic of Croatia to the United Nations </s>
	</p>
	<p n="97">
	  <s n="191"> (Signed) Srgjan Kerim Permanent Representative of the Republic of Macedonia to the United Nations </s>
	</p>
	<p n="98">
	  <s n="192"> (Signed) Ernest Petrić Permanent Representative of the Republic of Slovenia to the United Nations </s>
	</p>
	<p n="99">
	  <s n="193"> (Signed) Dejan Šahović Permanent Representative of Federal Republic of Yugoslavia to the United Nations </s>
	</p>
	<p n="100">
	  <s n="194"> Annex III </s>
	</p>
	<p n="101">
	  <s n="195"> Letter dated 29 May 2002 from the Permanent Representatives of Bosnia and Herzegovina, Croatia, Slovenia, the former Yugoslav Republic of Macedonia and the Federal Republic of Yugoslavia to the United Nations addressed to the Chairman of the Committee on Contributions </s>
	</p>
	<p n="102">
	  <s n="196"> We are writing to you in your capacity as a Chairman of the Committee on Contributions regarding the issue of the arrears of the former Yugoslavia, which is going to be on the agenda of the session of the Committee this June. </s>
	  <s n="197"> Upon instructions from our Governments, we would like once again to convey to you our joint position regarding the outstanding assessed contributions of the former Socialist Federal Republic of Yugoslavia. </s>
	</p>
	<p n="103">
	  <s n="198"> The State known as the Socialist Federal Republic of Yugoslavia has ceased to exist and was succeeded by five equal successor States, none of which continued its legal personality. </s>
	  <s n="199"> This fact was confirmed by the relevant Security Council and General Assembly resolutions of 1992. </s>
	  <s n="200"> Although a dissolved State, which evidently no longer existed, should have ceased to be a Member of the United Nations ipso facto, the Socialist Federal Republic of Yugoslavia continued to be assessed for the contributions. </s>
	</p>
	<p n="104">
	  <s n="201"> The dissolution of the former Socialist Federal Republic of Yugoslavia was a continuing process. </s>
	  <s n="202"> The exact date when the successor States became independent is different for each of them, and no precise date of the dissolution can be determined. </s>
	</p>
	<p n="105">
	  <s n="203"> This situation should have been appropriately reflected in the decisions of the United Nations, including those regarding the assessment of contributions. </s>
	  <s n="204"> All five successor States were admitted to the United Nations as new Member States and have since then paid their assessed contributions. </s>
	</p>
	<p n="106">
	  <s n="205"> The dissolution of the former Socialist Federal Republic of Yugoslavia was unique, and, indeed, no identical precedent existed. </s>
	  <s n="206"> All the previous cases (for example, the break-up of the former Union of Soviet Socialist Republics and Czechoslovakia) were different, and thus the legal consequences were different, and it is quite unlikely the same situation could occur again. </s>
	  <s n="207"> However, if a similar situation occurs, the United Nations should find a way to address it in an appropriate manner. </s>
	</p>
	<p n="107">
	  <s n="208"> Keeping the Socialist Federal Republic of Yugoslavia, the dissolved State, on the list of the scale of assessments was a misleading approach, which should bear no legal consequences for other Member States. </s>
	  <s n="209"> Therefore, all five successor States wish to reiterate once again their joint position that the contributions assessed to the former Socialist Federal Republic of Yugoslavia should be written off. </s>
	</p>
	<p n="108">
	  <s n="210"> (Signed) Mirza Kusljugić Permanent Representative of Bosnia and Herzegovina to the United Nations </s>
	</p>
	<p n="109">
	  <s n="211"> (Signed) Ivan Šimonović Permanent Representative of the Republic of Croatia to the United Nations </s>
	</p>
	<p n="110">
	  <s n="212"> (Signed) Srgjan Kerim Permanent Representative of the Republic of Macedonia to the United Nations </s>
	</p>
	<p n="111">
	  <s n="213"> (Signed) Ernest Petrić Permanent Representative of the Republic of Slovenia to the United Nations </s>
	</p>
	<p n="112">
	  <s n="214"> (Signed) Dejan Šahović Permanent Representative of Federal Republic of Yugoslavia the United Nations </s>
	</p>
	<p n="113">
	  <s n="215"> Annex IV </s>
	</p>
	<p n="114">
	  <s n="216"> Letter dated 9 August 2005 from the Permanent Representative of the former Yugoslav Republic of Macedonia and the Chargés d&apos;affaires a.i. of Bosnia and Herzegovina, Croatia, Serbia and Montenegro, and Slovenia addressed to the Under-Secretary-General for Management </s>
	</p>
	<p n="115">
	  <s n="217"> We are writing to you regarding the report of the Secretary-General on the unpaid assessed contributions of the former Yugoslavia, which was transmitted to us by the letter signed by Rosemary McCreery, Officer-in-Charge, Department of Management, dated 24 May 2005, and our letter to you of 29 July 2005. </s>
	</p>
	<p n="116">
	  <s n="218"> The five successor States of the Socialist Federal Republic of Yugoslavia (Bosnia and Herzegovina, Republic of Croatia, Republic of Macedonia, Serbia and Montenegro, and Republic of Slovenia) consider the report of the Secretary-General on the unpaid assessed contributions of the former Yugoslavia as a basis upon which to reach an acceptable agreement on the settlement of arrears of the former Socialist Federal Republic of Yugoslavia to the United Nations. </s>
	  <s n="219"> The successor States highly appreciate the readiness of the Secretariat to cooperate closely with them regarding the above issue and to take into account discussions held and written replies given by the successor States so far. </s>
	</p>
	<p n="117">
	  <s n="220"> For the sake of clarifying the information distributed to the United Nations Member States that are going to discuss this issue during the General Assembly session, we call on the Secretariat to include in its report our proposals given below. </s>
	</p>
	<p n="118">
	  <s n="221"> We require that the term “Socialist Federal Republic of Yugoslavia” be used in the report instead of “former Yugoslavia” (paras. </s>
	  <s n="222"> 5-10, 12-22, 25, 28-34 and 37). </s>
	  <s n="223"> The Federal Republic of Yugoslavia that came into existence, on 27 April 1992 became a United Nations Member not earlier than 1 November 2000; the State is presently known as Serbia and Montenegro. </s>
	</p>
	<p n="119">
	  <s n="224"> In addition, we would like to draw attention to the fact that the Security Council, in its resolution 777 (1992), stated that the state formerly known as the Socialist Federal Republic of Yugoslavia had ceased to exist. </s>
	  <s n="225"> We believe that this is an important part of the resolution and that it should be included in paragraph 2 of the Secretary-General&apos;s report. </s>
	</p>
	<p n="120">
	  <s n="226"> We also believe that the unauthorized participation of the Federal Republic of Yugoslavia in United Nations sessions cannot be the basis for assessed contributions to be paid by the former Socialist Federal Republic of Yugoslavia. </s>
	  <s n="227"> In addition, we propose to insert (in paragraph 7 of the report) a short reference to the fact that the said attempts to participate were consistently challenged by a number of Member States, in particular by other successor states of the Socialist Federal Republic of Yugoslavia. </s>
	</p>
	<p n="121">
	  <s n="228"> Inconsistency in using the name of the State is also seen in paragraph 15 where, in accordance with Security Council resolution 777 (1992) the wording “Former Yugoslavia” has to be replaced by the accurate name, Socialist Federal Republic of Yugoslavia. </s>
	</p>
	<p n="122">
	  <s n="229"> Consequently, the date 1 November 2000, referred to in paragraph 15, is incorrect. </s>
	  <s n="230"> The first sentence of paragraph 15 should read as follows: “As noted above, during 1991-1992 the Socialist Federal Republic of Yugoslavia underwent a process of dissolution and ceased to exist”. </s>
	</p>
	<p n="123">
	  <s n="231"> In paragraph 8, the second sentence should be redrafted to read as follows: “On the basis of that decision the Socialist Federal Republic of Yugoslavia has necessarily and automatically ceased to be listed as a Member State”. </s>
	  <s n="232"> It should be clear from the report that prior to that date, the former Socialist Federal Republic of Yugoslavia was listed as a Member State, although it was clear from resolution 777 (1992) that it had ceased to exist. </s>
	</p>
	<p n="124">
	  <s n="233"> In the first sentence of paragraph 13, the wording “when it ceased to be a Member State” should be deleted. </s>
	</p>
	<p n="125">
	  <s n="234"> We believe that inclusion of these elements in the report is of crucial importance for Assembly deliberation on the question of unpaid assessed contributions of the Socialist Federal Republic of Yugoslavia. </s>
	  <s n="235"> Therefore we kindly ask you to redraft the report of the Secretary-General on the unpaid assessed contributions of the Former Yugoslavia as of 24 May 2005 in accordance with our above suggestions. </s>
	  <s n="236"> As noted in the report, the common position of the five successor States on this issue has been that the unpaid assessed contributions of the Socialist Federal Republic of Yugoslavia should be written off. </s>
	  <s n="237"> The issue will further be discussed at the meeting of the Committee of High Representatives of the five successor States, which was established under the Agreement on Succession Issues among the five successor States, and which will take place in late September when the report will be closely examined. </s>
	  <s n="238"> We would highly appreciate if you could include this information in the report. </s>
	</p>
	<p n="126">
	  <s n="239"> The five successor States are firmly interested in resolving the issue of the unpaid assessed contributions of the Socialist Federal Republic of Yugoslavia during the sixtieth session of the Assembly and are ready to cooperate constructively with other United Nations Members and the Secretariat. </s>
	  <s n="240"> We also believe that the financial part of the report should be revisited by the experts of successor States and the Secretariat prior to the beginning of the discussion on this issue at the sixtieth session of the Assembly. </s>
	</p>
	<p n="127">
	  <s n="241"> (Signed) Igor Dzundev Permanent Representative of the Republic of Macedonia to the United Nations </s>
	</p>
	<p n="128">
	  <s n="242"> (Signed) Željko Vukobratović Chargé d&apos;affaires a.i. of Bosnia and Herzegovina to the United Nations </s>
	</p>
	<p n="129">
	  <s n="243"> (Signed) Ivan Nimac Chargé d&apos;affaires a.i. of the Republic of Croatia to the United Nations </s>
	</p>
	<p n="130">
	  <s n="244"> (Signed) Slavko Kruljevic Chargé d&apos;affaires a.i. of the Republic of Serbia and Montenegro to the United Nations </s>
	</p>
	<p n="131">
	  <s n="245"> (Signed) Eva Tomič Chargé d&apos;affaires a.i. of the Republic of Slovenia to the United Nations </s>
	</p>
	<p n="132">
	  <s n="246"> Annex V </s>
	</p>
	<p n="133">
	  <s n="247"> Outstanding assessed contributions of the former Yugoslavia at 30 June 2005 (United States dollars) </s>
	</p>
	<p n="134">
	  <s n="248"> Annex VI </s>
	</p>
	<p n="135">
	  <s n="249"> Outstanding assessed contributions of the former Yugoslavia at 27 April 1992: pre-dissolution arrears (United States dollars) </s>
	</p>
	<p n="136">
	  <s n="250"> Annex VII </s>
	</p>
	<p n="137">
	  <s n="251"> Outstanding assessed contributions of the former Yugoslavia arising after 27 April 1992: post-dissolution arrears (United States dollars) </s>
	</p>
	<p n="138">
	  <s n="252"> Annex VIII </s>
	</p>
	<p n="139">
	  <s n="253"> Outstanding assessed contributions of the former Yugoslavia arising before and after 27 April 1992 (United States dollars) </s>
	</p>
	<p n="140">
	  <s n="254"> Annex IX </s>
	</p>
	<p n="141">
	  <s n="255"> Distribution of the unpaid assessed contributions of the former Yugoslavia outstanding due and payable at 27 April 1992 (United States dollars) </s>
	</p>
	</body>
</text>
</DOC>