<?xml version="1.0" encoding="UTF-8"?>
<DOC lang="English" n="N0631619" id="A/60/787" date="2006/04/19">
<text>
	<body>
	<p n="1">
	  <s n="1"> Sixtieth session </s>
	</p>
	<p n="2">
	  <s n="2"> Agenda item 136 </s>
	</p>
	<p n="3">
	  <s n="3"> Administrative and budgetary aspects of the financing of the United Nations peacekeeping operations </s>
	</p>
	<p n="4">
	  <s n="4"> Financial performance report for the period from 1 July 2004 to 30 June 2005 and proposed budget for the period from 1 July 2006 to 30 June 2007 of the United Nations Logistics Base at Brindisi </s>
	</p>
	<p n="5">
	  <s n="5"> Report of the Advisory Committee on Administrative and Budgetary Questions </s>
	</p>
	<p n="6">
	  <s n="6"> Introduction </s>
	</p>
	<p n="7">
	  <s n="7"> The Advisory Committee recommends acceptance of the proposal of the Secretary-General on the financing of the United Nations Logistics Base at Brindisi, Italy, for the period from 1 July 2006 to 30 June 2007. </s>
	  <s n="8"> The Committee&apos;s observations and recommendations with regard to the administration and management of the Logistics Base may create opportunities for synergies and savings. </s>
	</p>
	<p n="8">
	  <s n="9"> The documents used by the Advisory Committee in its consideration of the financing of the Base are listed at the end of the present report. </s>
	</p>
	<p n="9">
	  <s n="10"> Financial performance report for the period from 1 July 2004 to 30 June 2005 </s>
	</p>
	<p n="10">
	  <s n="11"> On the recommendation of the Advisory Committee, the General Assembly, in resolution 58/297 of 18 June 2004, appropriated an amount of $28,422,000 gross for the maintenance of the Logistics Base for the period from 1 July 2004 to 30 June 2005. </s>
	  <s n="12"> The total amount of appropriation has been assessed on Member States. </s>
	</p>
	<p n="11">
	  <s n="13"> As indicated in the report of the Secretary-General on the financial performance of the Base (A/60/700), expenditures for the period amount to $28,184,700 gross ($26,580,000 net), which is $237,300 gross lower than the amount of appropriation. </s>
	</p>
	<p n="12">
	  <s n="14"> Section IV of the performance report contains an analysis of variances between actual expenditures and apportionment for the period 2004/05. </s>
	  <s n="15"> The Committee observes that although the performance data show a net decrease of $237,300 (gross), there were cost overruns under a number of budget lines, namely: national staff ($114,400), information technology ($252,500) and other supplies, services and equipment ($298,500). </s>
	  <s n="16"> The increased requirements under national staff are due to a lower than anticipated vacancy rate and to the appreciation of the euro (the currency in which local salaries are paid) against the United States dollar. </s>
	  <s n="17"> As indicated in section IV, paragraph 14 of the performance report, the additional requirements under information technology services reflect charges of $326,000 that were inadvertently recorded under this budget line instead of communications, which shows savings of $376,200. </s>
	  <s n="18"> The additional requirements of $298,500 under other supplies, services and equipment are due mainly to a loss on exchange due to appreciation of the euro against the United States dollar. </s>
	</p>
	<p n="13">
	  <s n="19"> The comments of the Advisory Committee on the information in the performance report on individual objects of expenditure can be found, where relevant, in the discussion of the proposed budget for the period 1 July 2006 to 30 June 2007 in the paragraphs below. </s>
	</p>
	<p n="14">
	  <s n="20"> The Committee notes that progress has been made in the presentation of the performance data of the Logistics Base against the planned results set out in the 2004/05 budget. </s>
	  <s n="21"> The Committee observes that most performance indicators are measurable and relevant to the expected accomplishments; an explanation is provided of significant variations in performance indicators, compared with the planned output. </s>
	</p>
	<p n="15">
	  <s n="22"> The Secretary-General, in his report on liabilities and proposed funding for After-Service Health Insurance (ASHI) benefits (A/60/450 and Corr.1), proposed a number of measures that needed to be taken to fund and account for the accrued liabilities for ASHI benefits; the measures provided, inter alia, for the transfer of $250.0 million from unencumbered balances and savings on, or cancellation of prior period&apos;s obligations of, active peacekeeping missions as at the end of the fiscal year 2005. </s>
	  <s n="23"> Depending on what the General Assembly may decide, there may be a consequential impact on the financing of the United Nations Logistics Base at Brindisi and peacekeeping operations. </s>
	</p>
	<p n="16">
	  <s n="24"> Information on performance for the current period </s>
	</p>
	<p n="17">
	  <s n="25"> The Advisory Committee was informed that the cash available for the Logistics Base as at 27 March 2006 was $49.2 million and that unliquidated obligations for the period from 1 July 2004 to 30 June 2005 amounted to $1.8 million. </s>
	</p>
	<p n="18">
	  <s n="26"> The Advisory Committee was informed that, as at 28 February 2006, the incumbency for the Base was as follows: </s>
	</p>
	<p n="19">
	  <s n="27"> The Committee notes that progress has been achieved by the administration of the Base in promptly recruiting candidates to fill additional posts authorized by the General Assembly for the current financial period. </s>
	</p>
	<p n="20">
	  <s n="28"> The Advisory Committee was provided with expenditure data for the period from 1 July 2005 to 30 June 2006 as at 28 February 2006 (see annex I below). </s>
	  <s n="29"> Expenditure for the period amounted to $19,231,400 gross ($18,357,600 net) against an apportionment of $31,513,100 gross ($29,280,000 net). </s>
	</p>
	<p n="21">
	  <s n="30"> Proposed budget for the period from 1 July 2006 to 30 June 2007 </s>
	</p>
	<p n="22">
	  <s n="31"> Mandate and planned results </s>
	</p>
	<p n="23">
	  <s n="32"> The Advisory Committee notes that the presentation of the framework is based on a single support component; the outputs are grouped under the following core support functions: strategic deployment stocks and United Nations reserve stocks management; communications hub and information technology network operations; training; aviation safety and management and administration of the United Nations Logistics Base at Brindisi. </s>
	  <s n="33"> Most indicators of achievement and outputs are measurable and relevant to the expected accomplishments (see also para. </s>
	  <s n="34"> 7 above). </s>
	  <s n="35"> The Committee notes that unlike the budget for the period 2005/06 (A/59/691), the Logistics Base framework for the financial period 2006/07 (A/60/711) does not include the San Vito refurbishment project. </s>
	</p>
	<p n="24">
	  <s n="36"> The Advisory Committee sought information on the current status of the San Vito project and was informed that negotiations with the Government of Italy were under way. </s>
	  <s n="37"> The Committee was also provided, upon request, with additional information on the development of ideas contained in paragraphs 24 to 40 of the report of the Secretary-General on the implementation of the strategic deployment stocks (A/59/701). </s>
	  <s n="38"> The related information is contained in annex II below. </s>
	</p>
	<p n="25">
	  <s n="39"> Resource requirements </s>
	</p>
	<p n="26">
	  <s n="40"> Estimated requirements of $35,621,200 gross ($33,086,000 net) are proposed for the maintenance of the Logistics Base for the period from 1 July 2006 to 30 June 2007. </s>
	  <s n="41"> This represents an increase of $4,108,100 in total gross resources (or 13.0 per cent) in relation to the apportionment for the period from 1 July 2005 to 30 June 2006. </s>
	  <s n="42"> As indicated in the table “Financial resources” of the summary on page 2 of the report of the Secretary-General on the budget document (A/60/711), this total comprises an increase of $2,825,300, or 19.2 per cent, in civilian personnel costs and an increase of $1,282,800, or 7.6 per cent, in operational costs. </s>
	</p>
	<p n="27">
	  <s n="43"> Civilian personnel </s>
	</p>
	<p n="28">
	  <s n="44"> Recommendations on posts </s>
	</p>
	<p n="29">
	  <s n="45"> Establishment of eight international posts (1 P-5, 3 P-4 and 4 P-3) and two national posts for establishing a training delivery cell at the Base. </s>
	  <s n="46"> The Committee notes that in conjunction with the proposed establishment of these 10 posts, the Department of Peacekeeping Operations would abolish five Professional posts budgeted in 2005/06 under the support account, in the Integrated Training Service (1 P-5, 2 P-4 and 2 P-3). </s>
	  <s n="47"> As indicated in the budget submission (A/60/711, para. 10 (a)), “an integrated team of trainers is proposed to be established at the Logistics Base to provide peacekeeping training delivery capacity at the Logistics Base, to support training conveyed by the United Nations training assistance teams in Member States, to support delivery of training organized in national and regional peacekeeping training centres, as well as in integrated mission training centres”. </s>
	  <s n="48"> Additional information on staffing requirements related to the training programme of the Base and on the Training Strategy for United Nations Peacekeeping Operations is provided in annex III below. </s>
	  <s n="49"> The Advisory Committee recommends the establishment of eight international Professional posts (1 P-5, 3 P-4 and 4 P-3) and two national General Service posts for the Training Delivery Cell at the Logistics Base (see also para. </s>
	  <s n="50"> 23 below). </s>
	</p>
	<p n="30">
	  <s n="51"> Establishment of two national General Service staff posts in the Finance Office owing to the transfer to the Office of invoice processing functions from the Procurement Office and the Personnel Section. </s>
	  <s n="52"> The proposed establishment of these posts will be offset by the abolishment of two national General Service posts in the Procurement Office (1GS/LL) and the Personnel Section (1GS/LL). </s>
	  <s n="53"> The Committee has no objection to this proposal. </s>
	</p>
	<p n="31">
	  <s n="54"> Establishment of one national General Service staff post in the Administrative Support Services to deal with occupational safety and security of the personnel. </s>
	  <s n="55"> As indicated in the budget submission (ibid., para. </s>
	  <s n="56"> 10 (c)), the staffing of the General Services and Security Office of the Logistics Base has remained at the same level since inception of the Base, notwithstanding the overall increases in the staffing and expansion of the Base in its operations. </s>
	  <s n="57"> The Committee recommends acceptance of the proposal to establish one national General Service post for an Occupational Safety and Security Assistant. </s>
	</p>
	<p n="32">
	  <s n="58"> Establishment of one national staff post under the Administrative Support Services for a full-time nurse in the Logistics Base Medical Clinic. </s>
	  <s n="59"> As indicated in the budget submission (ibid., para. </s>
	  <s n="60"> 10 (d)), the responsibilities of the post would include, in addition to attending to patients, the preparedness of staff travelling to missions or reassignments, including administration of vaccines, provision of health education and addressing occupational health issues, as well as coordination with the Headquarters Medical Services and local counterparts in case of medical emergencies. </s>
	  <s n="61"> The Committee notes that the Logistics Base Clinic is currently staffed by one locally contracted part-time physician and one medical assistant, both on service contracts, who are responsible for provision of medical care and advice, and of referral to specialists. </s>
	  <s n="62"> The Advisory Committee recommends approval of the establishment of this post. </s>
	</p>
	<p n="33">
	  <s n="63"> Establishment of two P-3 posts of Aviation Safety Officers in the Technical Support Services. </s>
	  <s n="64"> These posts are proposed in connection with the establishment of a regional aviation safety office at the Logistics Base which would service, in addition to the Base itself, the United Nations Mission in Kosovo (UNMIK) and the United Nations Observer Mission in Georgia (UNOMIG). </s>
	  <s n="65"> The Committee notes that the proposal to establish a regional aviation safety office at the Logistics Base stems from the recommendation of the Office of Internal Oversight Services that instead of employing aviation safety officers in individual missions, regional safety offices should be established in strategic locations worldwide (see the related report of OIOS in document A/59/347). </s>
	  <s n="66"> The Committee also notes that in conjunction with the proposed establishment of a Logistics Base regional aviation safety office, three posts of Aviation Safety Officers will be abolished (1P-3 post in UNOMIG and 2 FS posts in UNMIK). </s>
	  <s n="67"> The Advisory Committee recommends the establishment of two P-3 posts of Aviation Safety Officers. </s>
	</p>
	<p n="34">
	  <s n="68"> Establishment of one P-3 post of Information Systems Officer in the Technical Support Services. </s>
	  <s n="69"> The proposal stems from the first phase of the Department of Peacekeeping Operations&apos; disaster recovery and business continuity management plan, which provides for the establishment of in-theatre, on-site redundant data centres in peacekeeping operations and out-of-theatre data centres that are close to mission areas, as well as one at the Logistics Base. </s>
	  <s n="70"> As indicated in the budget submission (A/60/711, para. </s>
	  <s n="71"> 10 (f)), the incumbent of the post would be responsible for managing the data storage planning, as well as for provisioning and allocation of disaster recovery storage systems at the Base. </s>
	  <s n="72"> The Committee notes that a change is also foreseen in the management of the Network Control Centre and wide area network engineering at the Logistics Base as a result of which a number of information technology functions would be outsourced with a consequential abolition of one Field Service post of Information Technology Coordinator. </s>
	  <s n="73"> The Advisory Committee recommends approval of the establishment of one P-3 post and the abolition of one Field Service post in the Communications and Information Technology Office. </s>
	</p>
	<p n="35">
	  <s n="74"> Operational costs </s>
	</p>
	<p n="36">
	  <s n="75"> The estimated operational requirements of $18,098,500 (gross) reflect an increase of $1,282,800, or 7.6 per cent, compared with the apportionment of $16,815,700 for the current period. </s>
	  <s n="76"> The increase, which falls mainly under the budget line “Other supplies, services and equipment” ($1,554,400), is, as indicated in the budget submission (ibid., para. </s>
	  <s n="77"> 24), “due mainly to a provision for a support services contract replacing the previous practice of employing individual contractors”. </s>
	  <s n="78"> The Committee recalls in this connection that additional information on the Logistics Base policy to discontinue hiring individual contractors for non-core functions and surge requirements was provided to the Committee in the context of its consideration of the budget submission of the Base for the financial period 2005/06 and is contained in annex V to the Advisory Committee&apos;s report of 13 April 2005 (A/59/736/Add.2). </s>
	</p>
	<p n="37">
	  <s n="79"> Training </s>
	</p>
	<p n="38">
	  <s n="80"> The Advisory Committee regrets the absence in section V of the budget submission of information on the implementation of observations and recommendations of the Committee on the training programme conducted at the Logistics Base and its impact on outputs or activities implemented by the Base (see A/59/736/Add.2, para. </s>
	  <s n="81"> Moreover, the Committee observes that the Board of Auditors indicated in paragraph 117 (e) of its report that the effectiveness of procurement training had not been evaluated at the Logistics Base. </s>
	  <s n="82"> The Committee trusts that the next budget submission for the Base will contain detailed information on the evaluation of effectiveness of all the Department of Peacekeeping Operations training programmes implemented by the Base. </s>
	  <s n="83"> The Committee also requests that information be provided on the level of cooperation in training programmes between the Training Delivery Cell of the Logistics Base, the United Nations University and the United Nations Staff College. </s>
	</p>
	<p n="39">
	  <s n="84"> Other matters </s>
	</p>
	<p n="40">
	  <s n="85"> The Advisory Committee recalls that the Board of Auditors, in the summary of its findings, indicated that “the receiving and inspection process at UNLB had not been performed in all cases within the 20-day time frame as established by the Department of Peacekeeping Operations”. </s>
	  <s n="86"> The Committee expects that the next budget submission for the Base will contain information on measures taken to address the Board&apos;s finding. </s>
	</p>
	<p n="41">
	  <s n="87"> The Committee also notes from table II.10 of the Board of Auditors&apos; report that, in the fiscal year 2004/05, the Logistics Base raised 81 per cent (100 per cent in respect of strategic deployment stocks) of obligations in the last quarter. </s>
	  <s n="88"> The Committee discussed with the Chief Administrative Officer of the Base the pattern of expenditures and was informed that efforts would be made to even out the budget implementation to the extent possible. </s>
	</p>
	<p n="42">
	  <s n="89"> The Advisory Committee recalls that the General Assembly, in paragraph 7 of its resolution 59/299, reiterated the need to implement, as a matter of priority, an effective inventory management standard, especially in respect of peacekeeping operations involving high inventory value. </s>
	  <s n="90"> The Committee was informed that although the Logistics Base is currently using the Galileo and Mercury inventory management systems, further efforts will be made to improve asset management at the Base. </s>
	  <s n="91"> The Committee requests that information in this respect be included in the next budget submission for the Logistics Base. </s>
	</p>
	<p n="43">
	  <s n="92"> Use of the United Nations Logistics Base to provide efficient and economical communications and information technology services, as well as other services, for United Nations peacekeeping and Headquarters clients </s>
	</p>
	<p n="44">
	  <s n="93"> The General Assembly, in its resolution 59/299 of 22 June 2005, requested the Secretary-General to undertake an analysis of how the Logistics Base could best be utilized to provide efficient and economical communications and information technology services, as well as other services, for United Nations peacekeeping operations and Headquarters clients. </s>
	  <s n="94"> The Secretariat conducted a review of those operations and identified the functional areas that could be undertaken at the Base. </s>
	  <s n="95"> The report of the Secretary-General (A/60/715) presents information on the results of the review. </s>
	</p>
	<p n="45">
	  <s n="96"> The Committee notes that during the fiscal year 2006/07 it is proposed to establish at the Logistics Base a Regional Aviation Safety Office and a Training Delivery Cell. </s>
	  <s n="97"> Observations and recommendations of the Advisory Committee on proposed staffing requirements of the Aviation Safety Office and the Training Delivery Cell of the Base for the financial period 2006/07 are contained in paragraphs 16 and 20 above. </s>
	</p>
	<p n="46">
	  <s n="98"> With regard to the fiscal year 2007/08, paragraphs 6 to 9 of the report of the Secretary-General (A/60/715) contain information on the establishment at the United Nations Logistics Base of air transport, engineering and Geographical Information System functions. </s>
	  <s n="99"> As indicated in the report, staffing requirements related to the establishment at the Base of those additional functions would be reflected in the 2007/08 budget for the Base. </s>
	  <s n="100"> The Committee expects that full justification and a detailed cost-benefit analysis will be given in support of any proposals to establish new organizational structures at the Base; particular attention should be paid to outlining a clear delineation of responsibilities among field missions, the Base and Headquarters for new functions to be assigned to the Base. </s>
	</p>
	<p n="47">
	  <s n="101"> The Committee notes from paragraph 16 of the Secretary-General&apos;s report (A/60/715) that it is proposed to establish a secondary active communications facility and a disaster recovery and business continuity centre for information and communications technology. </s>
	  <s n="102"> This would ensure the safety of the United Nations information/data assets in the event of a catastrophic incident and provide continuous voice, data and video services in cases of short-term disruptions. </s>
	  <s n="103"> As also indicated in paragraph 16 of the report, proposals from Member States to host the centre are currently being evaluated with a final recommendation to be submitted to the legislative bodies at the resumed sixtieth session of the General Assembly. </s>
	</p>
	<p n="48">
	  <s n="104"> The Committee notes that the Secretary-General&apos;s report (A/60/715) does not call for endorsement of any new functions to be established at the Logistics Base during the financial period 2007/08. </s>
	  <s n="105"> The Advisory Committee recommends that the General Assembly take note of the Secretary-General&apos;s report. </s>
	</p>
	<p n="49">
	  <s n="106"> Cost-benefit analysis on the issue of the transfer of vehicles with high mileage to the United Nations Logistics Base at Brindisi, Italy, to other missions and to upcoming United Nations peacekeeping operations </s>
	</p>
	<p n="50">
	  <s n="107"> The Committee observes from paragraph 2 of the report of the Secretary-General (A/60/699) that the Department of Peacekeeping Operations limits the transfer to the Logistics Base of transportation assets that have high value, and long-life items such as engineering equipment, airfield support equipment, firefighting equipment, heavy trucks, and mine-protected and armoured vehicles. </s>
	  <s n="108"> Transfer of light vehicles is undertaken on an exceptional basis in order to meet those immediate operational requirements that cannot be met from strategic deployment stocks or that cannot be met owing to procurement lead times. </s>
	  <s n="109"> Paragraphs 3 to 6 of the report provide information on the transfer of 150 used light 4x4 vehicles from UNMIK to the United Nations Operation in Côte d&apos;Ivoire (UNOCI) and 20 light 4x4 vehicles from the United Nations Verification Mission in Guatemala (MINUGUA) to the United Nations Stabilization Mission in Haiti (MINUSTAH). </s>
	</p>
	<p n="51">
	  <s n="110"> As indicated in paragraph 7 of the report, the Secretariat will continue to review the transfer of high-mileage 4x4 vehicles to new and expanding missions, as exceptions and on a case-by-case basis, keeping in view the operational needs, the condition of vehicles and the cost-effectiveness of such shipments. </s>
	</p>
	<p n="52">
	  <s n="111"> The Advisory Committee recommends that the General Assembly take note of the Secretary-General&apos;s report. </s>
	</p>
	<p n="53">
	  <s n="112"> Conclusion </s>
	</p>
	<p n="54">
	  <s n="113"> The action to be taken by the General Assembly in connection with the financing of the Logistics Base for the period from 1 July 2004 to 30 June 2005 is indicated in paragraph 26 of the performance report (A/60/700). </s>
	  <s n="114"> The Committee recommends that the unencumbered balance of $237,300 gross, as well as other income/adjustments for the period ended 30 June 2005 in the amount of $1,161,900, be credited to Member States in a manner to be determined by the General Assembly. </s>
	</p>
	<p n="55">
	  <s n="115"> The actions to be taken by the General Assembly in connection with the financing of the Logistics Base for the period from 1 July 2006 to 30 June 2007 are indicated in paragraph 25 of the proposed budget (A/60/711). </s>
	  <s n="116"> The Advisory Committee recommends acceptance of the proposal of the Secretary-General on the financing of the Base during the financial period 2006/07. </s>
	</p>
	<p n="56">
	  <s n="117"> Annex I </s>
	</p>
	<p n="57">
	  <s n="118"> Actual expenditures for the period from 1 July 2005 to 30 June 2006 </s>
	</p>
	<p n="58">
	  <s n="119"> (Thousands of United States dollars) </s>
	</p>
	<p n="59">
	  <s n="120"> Annex II </s>
	</p>
	<p n="60">
	  <s n="121"> Current status of San Vito </s>
	</p>
	<p n="61">
	  <s n="122"> No funding has been authorized for San Vito. </s>
	  <s n="123"> The United Nations Logistics Base at Brindisi budget proposal for 2005/06 (A/59/691) included a proposal of expansion of the Logistics Base to San Vito to create an alternate site for Department of Peacekeeping Operations disaster recovery and business continuity operations and a storage site for strategic deployment stocks vehicles. </s>
	  <s n="124"> The approved 2005/06 budget did not include provisions for the expansion, and neither does the proposed 2006/07 budget. </s>
	</p>
	<p n="62">
	  <s n="125"> Besides San Vito, the Department of Peacekeeping Operations is investigating other potential locations for the alternate communications hub. </s>
	  <s n="126"> The Secretariat has invited hosting proposals from those Member States that fulfil generic requirements, including requirements for satellite coverage as well as commercial power supply and communications infrastructure. </s>
	  <s n="127"> While exploring these options, the Department has requested, and the Government of Italy is considering, the possibility to reserve certain areas in San Vito for potential use by the Department. </s>
	  <s n="128"> The Department&apos;s interest in San Vito, therefore, is contingent. </s>
	  <s n="129"> The Department has not committed to taking any space in San Vito. </s>
	  <s n="130"> This position has been communicated to the Italian Government. </s>
	</p>
	<p n="63">
	  <s n="131"> The Secretariat is also exploring options for a storage site for strategic deployment stocks vehicles. </s>
	</p>
	<p n="64">
	  <s n="132"> Approval of the projects by the General Assembly will be sought in accordance with the Financial Regulations and Rules of the United Nations. </s>
	</p>
	<p n="65">
	  <s n="133"> Development of ideas contained in paragraphs 24 to 40 of document A/59/701 </s>
	</p>
	<p n="66">
	  <s n="134"> Management of strategic deployment stocks </s>
	</p>
	<p n="67">
	  <s n="135"> Headquarters is to identify and prioritize the release of strategic deployment stocks to missions. </s>
	  <s n="136"> The Department of Peacekeeping Operations has introduced a material resourcing plan, a procedure for new missions. </s>
	  <s n="137"> A coordinated procedure of strategic deployment stocks issuance to existing missions has been established to reduce delays in dispatch and reconstitution of such stocks. </s>
	  <s n="138"> Release of strategic deployment stocks is also offset by issuance of surplus items available in the United Nations Reserve and by transfers from other missions. </s>
	</p>
	<p n="68">
	  <s n="139"> The Secretariat has finalized an extensive set of policies and procedures defining the deployment concept for strategic deployment stocks and the roles, responsibilities and procedures for its planning, deployment, replenishment, rotation, accounting and support. </s>
	  <s n="140"> These documents were approved by the senior management of the Department of Peacekeeping Operations on 30 January 2006 and will be reviewed annually. </s>
	</p>
	<p n="69">
	  <s n="141"> Revolving inventory management of strategic deployment stocks. </s>
	  <s n="142"> An interim replenishment tracking tool based on Lotus Notes is being implemented. </s>
	  <s n="143"> The Secretariat has introduced limited enhancements to the Integrated Management Information System (IMIS) to account for replenishment activities of strategic deployment stocks. </s>
	</p>
	<p n="70">
	  <s n="144"> Rotation. </s>
	  <s n="145"> Strategic deployment stocks asset managers routinely rotate items which have a short shelf life. </s>
	  <s n="146"> The Department of Peacekeeping Operations has developed a rotation procedure and it will be revised annually in accordance with the composition review. </s>
	  <s n="147"> The Galileo inventory management system is used to monitor the shelf life of items in strategic deployment stocks. </s>
	</p>
	<p n="71">
	  <s n="148"> Release. </s>
	  <s n="149"> The Secretariat has established a practice whereby material release orders issued to the Logistics Base include the freight forwarding account number, which is obtained from the respective missions. </s>
	  <s n="150"> This will reduce delay in preparation and consolidation of shipments. </s>
	</p>
	<p n="72">
	  <s n="151"> Outsourcing of medical strategic deployment stocks inventory management to a vendor. </s>
	  <s n="152"> This modality has required adjustments to the recording of United Nations-owned equipment in the property management procedures. </s>
	  <s n="153"> Other vendor-managed inventories will be explored, for example, in firearms and other specialized equipment. </s>
	</p>
	<p n="73">
	  <s n="154"> Increasing the rate at which stocks are delivered above current levels will require modern approaches to material management. </s>
	  <s n="155"> Also, additional surge requirements that exceed the Logistics Base&apos;s capacity, including temporary hiring of additional contracted support, will need to be resourced using the budgets of the receiving missions if they exceed planned levels of Logistics Base support. </s>
	  <s n="156"> The current capacity of the Base to manage strategic deployment stocks is based on a continuous and levelled material flow. </s>
	  <s n="157"> To address peaks in material operations, the Base is introducing a service contract for the provision of labour, whose use can be funded by receiving missions. </s>
	  <s n="158"> A period of reduced strategic deployment stocks demand may also require additional resources at the Base as the need to maintain stocks increases. </s>
	</p>
	<p n="74">
	  <s n="159"> All aspects of material management require development of new procedures at the Logistics Base and at new mission start-ups in order to support rapid and frequent deployment of strategic deployment stocks. </s>
	  <s n="160"> New instructions on sampling techniques for receipt and inspection were introduced at the Base on June 2005. </s>
	  <s n="161"> The Base is engaged in the training of personnel to adopt streamlined inspection procedures. </s>
	  <s n="162"> Some aspects of the Organization&apos;s property management principles still constrain strategic deployment stocks material management. </s>
	  <s n="163"> For example, the requirement to label all non-expendable items&apos; bar codes requires the opening and resealing of all packages upon receipt. </s>
	  <s n="164"> Likewise, strategic deployment stocks items are inspected twice, once at the Base and once in the receiving mission. </s>
	  <s n="165"> This is a process which could be streamlined for strategic deployment stocks items, as they have been already inspected and tested at the Base, to ensure that items are dispatched to mission in full working condition and with high operational readiness. </s>
	</p>
	<p n="75">
	  <s n="166"> System integration is essential prior to the release of strategic deployment stocks from the Logistics Base. </s>
	  <s n="167"> The Base is using external service providers to augment capacity to provide systems integration, for example, installing radios in vehicles. </s>
	  <s n="168"> A dedicated facility for the integration of Mobile Deployable Telecommunications vans has been established at the Base. </s>
	</p>
	<p n="76">
	  <s n="169"> Contemporary logistics management practices to meet the material management requirements at the Logistics Base and at missions. </s>
	  <s n="170"> The Department of Peacekeeping Operations has identified the requirement to input data from bar-code readers. </s>
	  <s n="171"> The Base is piloting a project to assign bar codes to the packaging of consumable items and will study the feasibility of introducing further automated material tracking systems to all strategic deployment stocks items. </s>
	</p>
	<p n="77">
	  <s n="172"> There is a need to ship strategic deployment stocks in smaller shipping units to locations that do not have adequate handling equipment. </s>
	  <s n="173"> In addition, both the strategic deployment stocks programme and troop-contributing countries will deploy material handling equipment at an early stage of mission deployment. </s>
	  <s n="174"> Strategic deployment stocks material-handling equipment will be deployed in the flyaway kits and initial shipments of strategic deployment stocks to facilitate handling at destination. </s>
	  <s n="175"> Strategic deployment stocks will also use air-transportable containers and equipment on trailers or vehicles which do not require heavy handling equipment. </s>
	</p>
	<p n="78">
	  <s n="176"> All high value equipment will be shipped in inconspicuous containers. </s>
	  <s n="177"> The Logistics Base has introduced colour-coded external markings in strategic deployment stocks containers, which assist in identification and organization of cargo at destination without disclosing their content. </s>
	  <s n="178"> High value and attractive items are securely stored at the Base. </s>
	</p>
	<p n="79">
	  <s n="179"> Technical support teams. </s>
	  <s n="180"> The concept of temporary technical support teams is included in the strategic deployment stocks policy and procedures. </s>
	  <s n="181"> Deployment of such teams requires the approval of the Assistant Secretary-General for Peacekeeping Operations to avoid duplication of support structures in missions. </s>
	  <s n="182"> The Logistics Base maintains a limited capacity to temporarily support missions with experienced staff. </s>
	</p>
	<p n="80">
	  <s n="183"> The Galileo inventory management system will be implemented in all new missions prior to the arrival of major items of strategic deployment stocks. </s>
	  <s n="184"> Since June 2005, all peacekeeping missions are using Galileo. </s>
	</p>
	<p n="81">
	  <s n="185"> Adequate receipt and inspection capacity must be built into the rapid deployment teams, and the staff required for port operations and receipt and inspection must be deployed prior to the arrival of strategic deployment stocks in the mission area. </s>
	  <s n="186"> This capacity remains a critical factor for effective and timely mobilization of all United Nations-owned equipment in new missions. </s>
	</p>
	<p n="82">
	  <s n="187"> The practice of supporting existing missions with strategic deployment stocks on a case-by-case basis has proved to be beneficial. </s>
	  <s n="188"> The Department of Peacekeeping Operations continues to provide limited strategic deployment stocks support to existing peacekeeping and political missions. </s>
	  <s n="189"> The Department will also issue to existing missions items which require to be rotated from strategic deployment stocks inventory. </s>
	  <s n="190"> In exceptional cases, strategic deployment stocks items may also be considered for support of relief and emergency efforts of other United Nations entities or counterparts. </s>
	</p>
	<p n="83">
	  <s n="191"> Annex III </s>
	</p>
	<p n="84">
	  <s n="192"> I. Staffing requirements related to the training programme of the United Nations Logistics Base at Brindisi; Training Strategy for United Nations Peacekeeping Operations, 2006-2008 </s>
	</p>
	<p n="85">
	  <s n="193"> Background and current staffing of Integrated Training Service </s>
	</p>
	<p n="86">
	  <s n="194"> On 1 November 2005, the Under-Secretary-General for Peacekeeping Operations approved the creation of the Integrated Training Service (ITS) in the Department of Peacekeeping Operations. </s>
	  <s n="195"> The new Service was to report to the Director of Change Management pending finalization of the ongoing overall review of departmental structure. </s>
	</p>
	<p n="87">
	  <s n="196"> In creating ITS, the full staffing (20 posts) of the Training and Evaluation Service in the Military Division and 7 training positions from the Civilian Training Section (CTS) in the Personnel Management and Support Service (PMSS) were transferred, totalling 27 posts. </s>
	  <s n="197"> (As highlighted in other supplementary information, the Career Development Unit consisting of five posts had been merged with CTS in 2004. </s>
	  <s n="198"> On the creation of ITS, this element remained within PMSS. </s>
	</p>
	<p n="88">
	  <s n="199"> With the proposed transfer of 5 of these posts to the Training Delivery Cell in the United Nations Logistics Base, and the addition of 3 new posts, the staff in ITS, New York, will comprise 25 posts. </s>
	</p>
	<p n="89">
	  <s n="200"> Proposals for ITS as of 1 July 2006 </s>
	</p>
	<p n="90">
	  <s n="201"> The attached organization chart details the proposed structure of ITS effective 1 July 2006. </s>
	  <s n="202"> With a view to maximizing efficiencies in the delivery of service to missions and other training clients, it is proposed that the Training Delivery Cell of the Integrated Training Service would be located at the United Nations Logistics Base with effect from 1 July 2006. </s>
	</p>
	<p n="91">
	  <s n="203"> The key functions of each of the elements of ITS are as follows: </s>
	</p>
	<p n="92">
	  <s n="204"> Programme management </s>
	</p>
	<p n="93">
	  <s n="205"> • Plan and execute the ITS programme management of activities based on results-based budgeting </s>
	</p>
	<p n="94">
	  <s n="206"> • Implement a programme of training-related activities; implement and provide oversight for the ITS activity programme </s>
	</p>
	<p n="95">
	  <s n="207"> • Draft the annual ITS programme of activities and performance report </s>
	</p>
	<p n="96">
	  <s n="208"> • Administer and monitor the ITS support account budget </s>
	</p>
	<p n="97">
	  <s n="209"> • Committee representations </s>
	</p>
	<p n="98">
	  <s n="210"> • Programme evaluation and reporting </s>
	</p>
	<p n="99">
	  <s n="211"> • Liaise, coordinate and engage with regional organizations in regard to peacekeeping training </s>
	</p>
	<p n="100">
	  <s n="212"> • Develop evaluation methodology to evaluate the results of peacekeeping training for the Department of Peacekeeping Operations </s>
	</p>
	<p n="101">
	  <s n="213"> • Develop daily course evaluation and overall review forms </s>
	</p>
	<p n="102">
	  <s n="214"> • Develop and establish criteria and weightings to be used in peacekeeping training evaluation </s>
	</p>
	<p n="103">
	  <s n="215"> • Design and tailor evaluation formats for specific missions </s>
	</p>
	<p n="104">
	  <s n="216"> Training development </s>
	</p>
	<p n="105">
	  <s n="217"> • Develop training policies and strategies for ITS </s>
	</p>
	<p n="106">
	  <s n="218"> • Conduct training needs analysis </s>
	</p>
	<p n="107">
	  <s n="219"> • Design and develop curriculum and syllabus based on analysis in order to fill training gaps </s>
	</p>
	<p n="108">
	  <s n="220"> • Conduct standard training module (STM) reference group seminar </s>
	</p>
	<p n="109">
	  <s n="221"> • Conduct development workshops for mission Joint Mission Analysis Cell (JMAC) training </s>
	</p>
	<p n="110">
	  <s n="222"> • STM e-learning course development </s>
	</p>
	<p n="111">
	  <s n="223"> • Delivery of standardized training material comprising standard generic training module (SGTM) 1, STM2 and STM3 to Member States, emerging contributing countries, peacekeeping missions and other peacekeeping organizations </s>
	</p>
	<p n="112">
	  <s n="224"> • Maintenance and updating of 16 training modules of SGTM1, 12 modules of STM2 and 26 modules of STM3 </s>
	</p>
	<p n="113">
	  <s n="225"> • Conduct regional implementation seminars for STM2 and STM3 </s>
	</p>
	<p n="114">
	  <s n="226"> Multimedia publications </s>
	</p>
	<p n="115">
	  <s n="227"> • Printing of new publications </s>
	</p>
	<p n="116">
	  <s n="228"> • Reprinting of existing publications </s>
	</p>
	<p n="117">
	  <s n="229"> • Translation of existing publications </s>
	</p>
	<p n="118">
	  <s n="230"> • Maintenance of publications database </s>
	</p>
	<p n="119">
	  <s n="231"> • Distribution of publications </s>
	</p>
	<p n="120">
	  <s n="232"> • Promotion and support of distance learning programmes of the United Nations Institute for Training and Research </s>
	</p>
	<p n="121">
	  <s n="233"> • Updating and maintenance of the ITS website </s>
	</p>
	<p n="122">
	  <s n="234"> Mission support </s>
	</p>
	<p n="123">
	  <s n="235"> • Standardization of the mission induction training guidelines for military, police and civilians in order to harmonize induction training in all field missions </s>
	</p>
	<p n="124">
	  <s n="236"> • Coordinate, plan and conduct predeployment training activities to support all new peacekeeping missions (Courses for Headquarters staff, United Nations military observers and contingents) </s>
	</p>
	<p n="125">
	  <s n="237"> • Support the establishment of a new Mission Training Cell and Integrated Mission Training Centre (MTC/IMTC) </s>
	</p>
	<p n="126">
	  <s n="238"> • Provide training support and guidelines to MTC/IMTC through existing channels of communication </s>
	</p>
	<p n="127">
	  <s n="239"> • Conduct MTC/IMTC courses annually </s>
	</p>
	<p n="128">
	  <s n="240"> • Conduct training visits in support of MTCs and IMTCs </s>
	</p>
	<p n="129">
	  <s n="241"> Training recognition </s>
	</p>
	<p n="130">
	  <s n="242"> • Identify the elements and scope of assistance for Member States to gain recognition of courses and develop associated procedures and documentation </s>
	</p>
	<p n="131">
	  <s n="243"> • Specify standard courses and standard training modules </s>
	</p>
	<p n="132">
	  <s n="244"> • Collect information on Member States&apos; peacekeeping training and similar activities </s>
	</p>
	<p n="133">
	  <s n="245"> • Issue and maintain a list of recognized training courses based on national submissions and updates it regularly. </s>
	</p>
	<p n="134">
	  <s n="246"> • Liaise with national and regional peacekeeping Training Centre through permanent missions on peacekeeping training best practices including United Nations STM and evaluation of training </s>
	</p>
	<p n="135">
	  <s n="247"> • Coordinate and sponsor officers from emerging contributing countries to attend United Nations standardized peacekeeping training courses run by existing contributing countries </s>
	</p>
	<p n="136">
	  <s n="248"> Training delivery (United Nations Logistics Base) </s>
	</p>
	<p n="137">
	  <s n="249"> Will conduct the following: </s>
	</p>
	<p n="138">
	  <s n="250"> • United Nations military observer course </s>
	</p>
	<p n="139">
	  <s n="251"> • SGTM/STM training of trainers (TOT) for African and emerging contributing countries </s>
	</p>
	<p n="140">
	  <s n="252"> • Training recognition visits to national and regional peacekeeping centres </s>
	</p>
	<p n="141">
	  <s n="253"> • Presentations at international peacekeeping conferences </s>
	</p>
	<p n="142">
	  <s n="254"> • United Nations STM logistics course </s>
	</p>
	<p n="143">
	  <s n="255"> • United Nations STM staff officers course </s>
	</p>
	<p n="144">
	  <s n="256"> • Provide support to regional peacekeeping exercises/seminars </s>
	</p>
	<p n="145">
	  <s n="257"> • Integrated mission training centre course </s>
	</p>
	<p n="146">
	  <s n="258"> • IMTC workshops and training of trainers for e-PAS (TOT e-PAS) </s>
	</p>
	<p n="147">
	  <s n="259"> • Sexual exploitation and abuse seminars </s>
	</p>
	<p n="148">
	  <s n="260"> • Office of Human Resources Management (OHRM) personnel management training programme </s>
	</p>
	<p n="149">
	  <s n="261"> • Travel to missions for training and evaluation visits </s>
	</p>
	<p n="150">
	  <s n="262"> • Mission-specific predeployment training </s>
	</p>
	<p n="151">
	  <s n="263"> • Assist new and emerging troop contributors to participate in peacekeeping training activities conducted by ITS </s>
	</p>
	<p n="152">
	  <s n="264"> Proposed staffing of ITS effective 1 July 2006 </s>
	</p>
	<p n="153">
	  <s n="265"> The proposed staffing of ITS as of 1 July 2006 totals 35 posts. </s>
	  <s n="266"> This is composed of the following elements: </s>
	</p>
	<p n="154">
	  <s n="267"> ITS, New York </s>
	</p>
	<p n="155">
	  <s n="268"> • Current staffing, United Nations Headquarters, New York 27 posts </s>
	</p>
	<p n="156">
	  <s n="269"> • Proposed new posts United Nations Headquarters, New York 3 posts </s>
	</p>
	<p n="157">
	  <s n="270"> • Posts proposed for redeployment to the Logistics Base from United Nations Headquarters -5 posts </s>
	</p>
	<p n="158">
	  <s n="271"> Proposed staffing, United Nations Headquarters 25 posts </s>
	</p>
	<p n="159">
	  <s n="272"> ITS, United Nations Logistics Base </s>
	</p>
	<p n="160">
	  <s n="273"> • Posts proposed for redeployment to the Logistics Base from United Nations Headquarters 5 posts </s>
	</p>
	<p n="161">
	  <s n="274"> • Proposed new posts 5 posts </s>
	</p>
	<p n="162">
	  <s n="275"> Proposed staffing LB 10 posts </s>
	</p>
	<p n="163">
	  <s n="276"> The allocation of existing posts throughout the new structure is shown below: </s>
	</p>
	<p n="164">
	  <s n="277"> Office of the Chief </s>
	</p>
	<p n="165">
	  <s n="278"> 1 D-1 new post (civilian post) </s>
	</p>
	<p n="166">
	  <s n="279"> 1 GS ex-Training and Evaluation Service (TES) (civilian post) </s>
	</p>
	<p n="167">
	  <s n="280"> Programme Management Administration </s>
	</p>
	<p n="168">
	  <s n="281"> 1 P-4 ex-TES (seconded post) </s>
	</p>
	<p n="169">
	  <s n="282"> 1 P-3 ex-TES (seconded post) </s>
	</p>
	<p n="170">
	  <s n="283"> 1 P-3 ex-Civilian Training Section (CTS) (civilian post) </s>
	</p>
	<p n="171">
	  <s n="284"> 1 GS ex-TES (civilian post) </s>
	</p>
	<p n="172">
	  <s n="285"> Training Development </s>
	</p>
	<p n="173">
	  <s n="286"> 1 P-5 ex-TES (seconded post) </s>
	</p>
	<p n="174">
	  <s n="287"> 1 GS ex-TES (civilian post) </s>
	</p>
	<p n="175">
	  <s n="288"> STM Development </s>
	</p>
	<p n="176">
	  <s n="289"> 1 P-4 ex-TES (civilian post) </s>
	</p>
	<p n="177">
	  <s n="290"> 1 P-4 ex-TES (seconded post) </s>
	</p>
	<p n="178">
	  <s n="291"> 1 GS ex-TES (civilian post) </s>
	</p>
	<p n="179">
	  <s n="292"> STM Maintenance </s>
	</p>
	<p n="180">
	  <s n="293"> 1 P-4 ex-CTS (civilian post) </s>
	</p>
	<p n="181">
	  <s n="294"> 1 P-3 ex-CTS (civilian post) </s>
	</p>
	<p n="182">
	  <s n="295"> 1 GS ex-TES (civilian post) </s>
	</p>
	<p n="183">
	  <s n="296"> Multimedia Publications </s>
	</p>
	<p n="184">
	  <s n="297"> 1 P-4 ex-TES (seconded post) </s>
	</p>
	<p n="185">
	  <s n="298"> 1 P-3 ex-CTS (civilian post) </s>
	</p>
	<p n="186">
	  <s n="299"> 1 GS ex-CTS (civilian post) </s>
	</p>
	<p n="187">
	  <s n="300"> Mission Support </s>
	</p>
	<p n="188">
	  <s n="301"> 1 P-4 ex-TES (seconded post) </s>
	</p>
	<p n="189">
	  <s n="302"> 1 P-3 ex-TES (seconded post) </s>
	</p>
	<p n="190">
	  <s n="303"> 1 GS ex-CTS (civilian post) </s>
	</p>
	<p n="191">
	  <s n="304"> Training Recognition </s>
	</p>
	<p n="192">
	  <s n="305"> 1 P-4 ex-TES (seconded post) </s>
	</p>
	<p n="193">
	  <s n="306"> 1 P-4 ex-TES (seconded post) </s>
	</p>
	<p n="194">
	  <s n="307"> 1 P-3 ex-TES (seconded post) </s>
	</p>
	<p n="195">
	  <s n="308"> 1 P-3 ex-TES (seconded post) </s>
	</p>
	<p n="196">
	  <s n="309"> 1 GS ex-TES (civilian post) </s>
	</p>
	<p n="197">
	  <s n="310"> Staffing located in the United Nations Logistics Base: </s>
	</p>
	<p n="198">
	  <s n="311"> Training Delivery </s>
	</p>
	<p n="199">
	  <s n="312"> 1 P-5 ex-CTS (civilian post) </s>
	</p>
	<p n="200">
	  <s n="313"> 1 P-4 ex-TES (seconded post — Military) </s>
	</p>
	<p n="201">
	  <s n="314"> 1 P-4 ex-TES (seconded post — Police) 1 P-4 new post </s>
	</p>
	<p n="202">
	  <s n="315"> 1 P-3 ex-TES (seconded post — Military) </s>
	</p>
	<p n="203">
	  <s n="316"> 1 P-3 ex-TES (seconded post — Police) </s>
	</p>
	<p n="204">
	  <s n="317"> 2 P-3 new posts </s>
	</p>
	<p n="205">
	  <s n="318"> 2 GS new posts </s>
	</p>
	<p n="206">
	  <s n="319"> The current functions of the five posts that are proposed to be redeployed from UNHQ (support account) to United Nations Logistics Base are as follows: </s>
	</p>
	<p n="207">
	  <s n="320"> 1 P-5, Chief Training Delivery Cell </s>
	</p>
	<p n="208">
	  <s n="321"> The post, prior to integration of training, was the post of the Chief, Civilian Training Section, PMSS. </s>
	  <s n="322"> Post-integration, the incumbent of this post heads the training delivery functions. </s>
	  <s n="323"> This involves managing the training delivery team and its activities, which include coordination and conduct of United Nations police, military and civilian training activities, managing of peacekeeping training, multimedia and publications, implementation of training policies, support to IMTCs and training cells in field missions, assistance to Member States and troop-contributing countries (TCCs)/police-contributing countries (PCCs) for standardization of peacekeeping training, and training recognition functions. </s>
	</p>
	<p n="209">
	  <s n="324"> 2 P-4, Training Officers (seconded officers) </s>
	</p>
	<p n="210">
	  <s n="325"> Under the supervision of the Chief, Training Delivery Cell, these officers coordinate and conduct training activities, including workshops, courses and seminars in Member States. </s>
	  <s n="326"> They liaise with Member States and regional and international peacekeeping training institutions, respond to training needs and provide assistance as required. </s>
	  <s n="327"> They also provide support and guidance to the IMTCs and training cells in missions and deliver training or provide assistance in training delivery. </s>
	</p>
	<p n="211">
	  <s n="328"> 2 P-3, Training Officers (seconded officers) </s>
	</p>
	<p n="212">
	  <s n="329"> The Training Officers (P-3) in the Training Delivery Cell assist the team leader to complete the training delivery activities which include coordination and conduct of Department of Peacekeeping Operations military, police and civilian training activities. </s>
	  <s n="330"> The incumbents assist in providing support to the IMTCs and training cells in field missions, to Member States and TCCs/PCCs for standardization of peacekeeping training, and in implementation of training policy. </s>
	  <s n="331"> They also participate in or organize seminars, courses and workshops, and deliver training as required. </s>
	</p>
	<p n="213">
	  <s n="332"> Integrated Training Service </s>
	</p>
	<p n="214">
	  <s n="333"> Proposed organizational structure as of 1 July 2006 </s>
	</p>
	<p n="215">
	  <s n="334"> * Based in the United Nations Logistics Base at Brindisi. </s>
	</p>
	<p n="216">
	  <s n="335"> Training Strategy for United Nations Peacekeeping Operations, 2006-2008 </s>
	</p>
	<p n="217">
	  <s n="336"> General </s>
	</p>
	<p n="218">
	  <s n="337"> During the period July 2006 to June 2008 the Department of Peacekeeping Operations will seek to enhance the effectiveness of United Nations peace operations through training. </s>
	  <s n="338"> This training will seek to develop increasingly expert and professional personnel in all categories — military, police and civilian. </s>
	  <s n="339"> It will be based on United Nations doctrine and guidance, and will ensure that all personnel have the competencies, values, skills and knowledge needed to function in increasingly complex United Nations peace operations. </s>
	</p>
	<p n="219">
	  <s n="340"> Two broad models of training will be used. </s>
	  <s n="341"> First, for military personnel, the Department of Peacekeeping Operations will focus largely on the development of course content, which will be delivered by Member States. </s>
	  <s n="342"> This is in accordance with the wishes of Member States and makes best use of the limited number of training personnel available to the Department of Peacekeeping Operations. </s>
	  <s n="343"> For many police and civilian personnel, and for some United Nations-specific military functions, training will be both developed and delivered by the Department of Peacekeeping Operations, including the Integrated Mission Training Cells. </s>
	  <s n="344"> The prioritization of development and delivery of military and police training will be formulated by the Military Adviser and Police Advisers. </s>
	</p>
	<p n="220">
	  <s n="345"> The bulk of the training development and delivery that will be undertaken by the Department of Peacekeeping Operations will be conducted by the Integrated Training Service (ITS). </s>
	  <s n="346"> Technical training required for international, national and industry regulatory standards or contractual obligations, however, will remain the role of the Department of Peacekeeping Operations Service Chiefs responsible for technical service delivery. </s>
	  <s n="347"> ITS will serve as a coordinating body for the wider Department of Peacekeeping Operations training effort, to ensure that the Department&apos;s priorities are met, duplication is eliminated, programmes are cost-effective and that content and messages are consistent. </s>
	</p>
	<p n="221">
	  <s n="348"> Governance mechanisms for the implementation of Department of Peacekeeping Operations Training Policy, and related accountabilities for the Department, will be detailed in separate Department of Peacekeeping Operations official. </s>
	  <s n="349"> guidance, including the Department of Peacekeeping Operations Training Policy and Standard Operating Procedures. </s>
	</p>
	<p n="222">
	  <s n="350"> Aim </s>
	</p>
	<p n="223">
	  <s n="351"> The aim of the Department of Peacekeeping Operations training programme will be to prepare and enhance the competencies, values, skills, knowledge and behaviour of civilians, military and police personnel in United Nations peacekeeping, in order to support their professional performance in fulfilling mission mandates in an efficient and effective manner. </s>
	</p>
	<p n="224">
	  <s n="352"> Target audience </s>
	</p>
	<p n="225">
	  <s n="353"> The training target audience for peacekeeping training is all civilian, police and military employed in United Nations peacekeeping operations or to be deployed in United Nations peacekeeping operations, Department of Peacekeeping Operations, Headquarters and Headquarters mission support activities. </s>
	</p>
	<p n="226">
	  <s n="354"> Strategy for training </s>
	</p>
	<p n="227">
	  <s n="355"> The design and implementation of the Department of Peacekeeping Operations training must support the strategic goals of the United Nations and the Department of Peacekeeping Operations. </s>
	  <s n="356"> For the period 2006-2008, a major focus of training will be to: </s>
	</p>
	<p n="228">
	  <s n="357"> (a) Improve operational effectiveness in multidimensional peace operations; </s>
	</p>
	<p n="229">
	  <s n="358"> (b) Engage with training partners; </s>
	</p>
	<p n="230">
	  <s n="359"> (c) Evaluate and report on the operational effectiveness of training; </s>
	</p>
	<p n="231">
	  <s n="360"> (d) Gain maximum leverage from distance learning technology, where appropriate. </s>
	</p>
	<p n="232">
	  <s n="361"> Improve operational effectiveness </s>
	</p>
	<p n="233">
	  <s n="362"> To improve operational effectiveness the Department of Peacekeeping Operations will: </s>
	</p>
	<p n="234">
	  <s n="363"> (a) Provide induction training, including, inter alia, conduct and discipline, sexual exploitation and abuse, safety and security, HIV/AIDS, etc.; </s>
	</p>
	<p n="235">
	  <s n="364"> (b) Provide mission senior leadership and management training, with a focus on setting of standards, communications, managing and monitoring performance of personnel; </s>
	</p>
	<p n="236">
	  <s n="365"> (c) Provide occupation-specific training for formed police units, component commanders, finance, procurement, human resource management, administration, logistics, and political, civil affairs, electoral officers and others; </s>
	</p>
	<p n="237">
	  <s n="366"> (d) Provide safety and security training, in partnership with the Department of Safety and Security; </s>
	</p>
	<p n="238">
	  <s n="367"> (e) Provide leadership training for leaders at all levels within the Organization and potential future leaders (The selection of mentors/trainers/resource persons should take place in consultation with the Office of Operations, the Office of Mission Support, the Military Adviser and the Police Adviser. </s>
	  <s n="368"> ); </s>
	</p>
	<p n="239">
	  <s n="369"> (f) Provide training support to facilitate the enhanced integration of the Department of Peacekeeping Operations headquarters in line with the “Department of Peacekeeping Operations 2010” reform package; </s>
	</p>
	<p n="240">
	  <s n="370"> (g) Provide comprehensive staff development programmes for Departmental staff members in accordance with PMSS and OHRM. </s>
	  <s n="371"> policy, directives and programmes. </s>
	</p>
	<p n="241">
	  <s n="372"> Engage with training partners </s>
	</p>
	<p n="242">
	  <s n="373"> The Department of Peacekeeping Operations training partners will include Member States, United Nations Secretariat Departments, agencies, funds and programmes, academic training institutions, governmental and non-governmental organizations, to satisfy Departmental training needs. </s>
	  <s n="374"> The Department of Peacekeeping Operations training activities with these partners will, inter alia, include: </s>
	</p>
	<p n="243">
	  <s n="375"> (a) Providing standardized training guidance and materials to missions, Member States and regional organizations; </s>
	</p>
	<p n="244">
	  <s n="376"> (b) Enhancing training capacities in African and emerging contributing countries. </s>
	</p>
	<p n="245">
	  <s n="377"> Evaluate and report </s>
	</p>
	<p n="246">
	  <s n="378"> The Department of Peacekeeping Operations will review the efficiency of the training mechanisms in achieving required training and learning outcomes, by: </s>
	</p>
	<p n="247">
	  <s n="379"> (a) Evaluating training to verify the effectiveness of training in achieving individual and organizational accomplishments; </s>
	</p>
	<p n="248">
	  <s n="380"> a See the report of the Secretary-General dated 1 April 2004 on the training policy and evaluation system of the Department of Peacekeeping Operations (A/58/753). </s>
	</p>
	<p n="249">
	  <s n="381"> Applying the Kirkpatrick model using three levels of evaluation.a </s>
	</p>
	<p n="250">
	  <s n="382"> Leverage distance learning technology </s>
	</p>
	<p n="251">
	  <s n="383"> The Department of Peacekeeping Operations will acquire a learning management system to track the development, delivery, evaluation and updating of training material as well as recording training events and individual participants&apos; training records to support the implementation of this strategy. </s>
	</p>
	<p n="252">
	  <s n="384"> Implementation </s>
	</p>
	<p n="253">
	  <s n="385"> In the Department of Peacekeeping Operations </s>
	</p>
	<p n="254">
	  <s n="386"> ITS will lead in the implementation of the Department of Peacekeeping Operations Training Strategy and in the coordination of training in the Department. </s>
	  <s n="387"> Responsibilities within the Department include: </s>
	</p>
	<p n="255">
	  <s n="388"> (a) ITS will provide a programme management capability and will develop and disseminate guidelines for the generic and specialist training of all categories of personnel in United Nations peacekeeping missions. </s>
	  <s n="389"> The development will be conducted in consultation with the Peacekeeping Best Practices Service, Department of Peacekeeping Operations, specialist services in the Department of Peacekeeping Operations, OHRM, United Nations missions, United Nations agencies and programmes and contributing Member States and regional organizations; </s>
	</p>
	<p n="256">
	  <s n="390"> (b) Training Monitoring Committee: A Department of Peacekeeping Operations Training Monitoring Committee (TMC) will be established by the Under-Secretary-General for Peacekeeping Operations, and chaired by the Chief of the Integrated Training Service, who will also be responsible for coordinating TMC proceedings. </s>
	  <s n="391"> The Department&apos;s TMCs will meet quarterly to monitor the implementation of the Department of Peacekeeping Operations and mission training programmes and budgets and to recommend changes to meet new mission and Department of Peacekeeping Operations priorities. </s>
	  <s n="392"> ITS in coordination with TMC </s>
	</p>
	<p n="257">
	  <s n="393"> will provide guidance and support to mission IMTCs in preparing budgets, training plans, implementation of Department of Peacekeeping Operations and Headquarters training priorities, and specific Headquarters-initiated programmes for the field. </s>
	</p>
	<p n="258">
	  <s n="394"> In missions </s>
	</p>
	<p n="259">
	  <s n="395"> Missions will establish Training Monitoring Committees chaired by the Chief of IMTC. </s>
	  <s n="396"> The Mission Training Monitoring Committee will manage mission training programmes, implement guidelines and report quarterly to the TMC of the Department of Peacekeeping Operations, recommending changes to meet new mission and Department of Peacekeeping Operations priorities. </s>
	</p>
	<p n="260">
	  <s n="397"> In Member States </s>
	</p>
	<p n="261">
	  <s n="398"> ITS will monitor the standard of Member States training through the Training Recognition Process made up of three elements: </s>
	</p>
	<p n="262">
	  <s n="399"> (a) The Training Recognition Programme is a programme which invites United Nations peacekeeping training organizations to submit their United Nations/ Standard Training Modules (STM)-based training courses for review and recognition by the Department of Peacekeeping Operations. </s>
	  <s n="400"> All training for United Nations peace operations shall be eligible for Department of Peacekeeping Operations recognition of training provided by Member States; </s>
	</p>
	<p n="263">
	  <s n="401"> (b) The Department of Peacekeeping Operations Training Recognition Board (TRB) will be established by the Under-Secretary-General for Peacekeeping Operations and will consider and officially recognize those courses which meet United Nations/Department of Peacekeeping Operations standards for peacekeeping training; </s>
	</p>
	<p n="264">
	  <s n="402"> (c) Department of Peacekeeping Operations Recognition Certificates, signed by the Under-Secretary-General, will be issued for recognized courses conducted which will have a two-year shelf life. </s>
	</p>
	<p n="265">
	  <s n="403"> The Training Recognition Board will be chaired by the Chief of the Integrated Training Service, who will also be responsible for coordinating TRB proceedings. </s>
	  <s n="404"> The TRB will meet four times annually, to recognize the use of United Nations STMs by Member States, institutions and other agencies utilizing this material, based on recommendations made by ITS. </s>
	  <s n="405"> The ITS is responsible for conducting audits of courses using STMs and providing recommendations as to whether the training delivered meets the standards required by the DPKO. </s>
	</p>
	<p n="266">
	  <s n="406"> Training development </s>
	</p>
	<p n="267">
	  <s n="407"> Department of Peacekeeping Operations standard training will be developed in accordance with International Organization for Standardization (ISO) Standard 10015. </s>
	  <s n="408"> ISO 10015 is a four-stage training system to analyse, design/develop, deliver and evaluate with feedback at all stages of the training cycle. </s>
	  <s n="409"> The Training Development Cell will conduct research and analysis of new training requirements. </s>
	</p>
	<p n="268">
	  <s n="410"> Training development by the Department of Peacekeeping Operations will be coordinated by ITS through the production and reviewing of STMs which will be modular, repeatable, operationally driven and cost-effective. </s>
	  <s n="411"> For civilian specializations, Department of Peacekeeping Operations Service Chiefs will be the authority for content of the STMs, and Department of Peacekeeping Operations civilian specialists will contribute to the design, development and delivery of training. </s>
	</p>
	<p n="269">
	  <s n="412"> Standard Training Modules will include training design specifications and documentation of selected courses. </s>
	  <s n="413"> They may include a mixture of the following: (a) Trainer&apos;s Guide with training design specifications. </s>
	  <s n="414"> guidance on the conduct of courses/programmes, and all participant material and documents required for the training activity; and (b) comprehensive training design specifications and documentation of selected courses only. </s>
	</p>
	<p n="270">
	  <s n="415"> Design specifications will be suitable for a wide range of training organizations to audit and adjust existing training courses or develop more detailed training materials locally to achieve uniform results. </s>
	  <s n="416"> Where not already in place, STMs will be developed by the Department of Peacekeeping Operations and delivered for all occupational groups. </s>
	</p>
	<p n="271">
	  <s n="417"> Training delivery </s>
	</p>
	<p n="272">
	  <s n="418"> Training will be delivered through recognized training programmes provided by: </s>
	</p>
	<p n="273">
	  <s n="419"> (a) Department of Peacekeeping Operations, ITS, Technical and Specialist Services, consultants; </s>
	</p>
	<p n="274">
	  <s n="420"> (b) United Nations missions through Integrated Mission Training Centres (IMTCs) or by Mission Training Cells or Training Focal Points as constituted in the missions; </s>
	</p>
	<p n="275">
	  <s n="421"> (c) United Nations agencies and programmes; </s>
	</p>
	<p n="276">
	  <s n="422"> (d) Member States, regional organizations, national and international and non-governmental training authorities. </s>
	</p>
	<p n="277">
	  <s n="423"> Funding </s>
	</p>
	<p n="278">
	  <s n="424"> Department of Peacekeeping Operations training will be funded by approved resources provided either through the Department&apos;s integrated training budget contained in the support account, regular budget funding allocated from funds centrally managed by OHRM, voluntary contributions or from funding approved for training activities in individual mission budgets. </s>
	</p>
	<p n="279">
	  <s n="425"> This Training Strategy for United Nations Peacekeeping Operations will be reviewed annually and updated and reissued as required. </s>
	</p>
	<p n="280">
	  <s n="426"> Official Records of the General Assembly, Sixtieth Session, Supplement No. 5 (A/60/5 (Vol. II)). </s>
	</p>
	<p n="281">
	  <s n="427"> Ibid., chap. </s>
	  <s n="428"> II, p. 15. </s>
	</p>
	<p n="282">
	  <s n="429"> Programme Management Administration 1 P-4, 2 P-3, 1 GS </s>
	</p>
	<p n="283">
	  <s n="430"> Multimedia Publications </s>
	</p>
	<p n="284">
	  <s n="431"> 1 P-4, 1 P-3, 1 GS </s>
	</p>
	<p n="285">
	  <s n="432"> Mission </s>
	</p>
	<p n="286">
	  <s n="433"> Support </s>
	</p>
	<p n="287">
	  <s n="434"> 1 P-4, 1 P-3, 1 GS </s>
	</p>
	<p n="288">
	  <s n="435"> Training </s>
	</p>
	<p n="289">
	  <s n="436"> Recognition </s>
	</p>
	<p n="290">
	  <s n="437"> 2 P-4, 2 P-3, 1 GS </s>
	</p>
	<p n="291">
	  <s n="438"> Training </s>
	</p>
	<p n="292">
	  <s n="439"> Delivery* </s>
	</p>
	<p n="293">
	  <s n="440"> 2 P-4, 2 P-3 + new </s>
	</p>
	<p n="294">
	  <s n="441"> 1 P-4, 2 P-3, 2 GS </s>
	</p>
	<p n="295">
	  <s n="442"> Development </s>
	</p>
	<p n="296">
	  <s n="443"> 2 P-4, 1 GS </s>
	</p>
	<p n="297">
	  <s n="444"> Maintenance </s>
	</p>
	<p n="298">
	  <s n="445"> 1 P-4, 1 P-3, 1 GS </s>
	</p>
	<p n="299">
	  <s n="446"> Office of the Chief </s>
	</p>
	<p n="300">
	  <s n="447"> 1 D-1, 1 GS </s>
	</p>
	<p n="301">
	  <s n="448"> Training Development </s>
	</p>
	<p n="302">
	  <s n="449"> 1 P-5, 1 GS </s>
	</p>
	</body>
</text>
</DOC>