<?xml version="1.0" encoding="UTF-8"?>
<DOC lang="English" n="N0547621" id="A/60/312" date="2005/08/30">
<text>
	<body>
	<p n="1">
	  <s n="1"> Sixtieth session </s>
	</p>
	<p n="2">
	  <s n="2"> ** Owing to extensive consultations, submission of the present report was delayed. </s>
	</p>
	<p n="3">
	  <s n="3"> Items 122 and 123 of the provisional agenda* </s>
	</p>
	<p n="4">
	  <s n="4"> Financial reports and audited financial statements, </s>
	</p>
	<p n="5">
	  <s n="5"> and reports of the Board of Auditors </s>
	</p>
	<p n="6">
	  <s n="6"> Review of the efficiency of the administrative and </s>
	</p>
	<p n="7">
	  <s n="7"> financial functioning of the United Nations </s>
	</p>
	<p n="8">
	  <s n="8"> Measures to strengthen accountability at the </s>
	</p>
	<p n="9">
	  <s n="9"> United Nations </s>
	</p>
	<p n="10">
	  <s n="10"> Report of the Secretary-General** </s>
	</p>
	<p n="11">
	  <s n="11"> Contents </s>
	</p>
	<p n="12">
	  <s n="12"> Introduction </s>
	</p>
	<p n="13">
	  <s n="13"> The present report has been submitted pursuant to paragraph 9 of General Assembly resolution 59/272 of 23 December 2004, in which the Assembly mandated the Secretary-General to submit annually to the Assembly a report under the agenda item entitled “Review of the efficiency of the administrative and financial functioning of the United Nations” addressing the measures aimed at strengthening accountability in the Secretariat. </s>
	  <s n="14"> This report also responds to paragraph 11 of resolution 59/264 A of 23 December 2004 and paragraph 7 of resolution 59/264 B of 22 June 2005, in which the Assembly called, respectively, for an assessment of the experiences of audit committees within the United Nations system and other international organizations, and an assessment of progress achieved towards assigning time frames for the implementation of the recommendations of the Board of Auditors. </s>
	</p>
	<p n="14">
	  <s n="15"> Since the submission to the General Assembly of the last report of the Secretary-General entitled “Accountability and responsibility” (A/55/270 of 3 August 2000), there have been continuing efforts to strengthen accountability at the United Nations. </s>
	  <s n="16"> However, the Secretariat is now facing an unprecedented series of organizational challenges which have exposed shortcomings in the way it conducts its business. </s>
	  <s n="17"> The Secretary-General is therefore taking additional actions where it is within his authority to do so, particularly in the critical areas of the accountability framework, oversight, ethics and transparency. </s>
	</p>
	<p n="15">
	  <s n="18"> This report is organized into six parts covering the following headings: measures for strengthening the accountability framework; assessment of experiences with audit committees; establishment of oversight mechanisms; ensuring ethical conduct; enhancing transparency; and timely implementation of recommendations of the oversight bodies. </s>
	</p>
	<p n="16">
	  <s n="19"> Measures to strengthen the accountability framework </s>
	</p>
	<p n="17">
	  <s n="20"> The accountability framework at the United Nations is based on a hierarchy headed by the General Assembly that flows through the Secretary-General, senior managers and middle management to all other staff. </s>
	  <s n="21"> Annex I to this report provides a schematic representation of this structure and the mechanisms that support it. </s>
	  <s n="22"> At each level in the hierarchy, it is essential that there be clearly defined responsibilities and performance expectations and that there be mechanisms in place that enable both routine and formal assessment of performance. </s>
	  <s n="23"> The measures described in the present section of this report are aimed at ensuring that: (a) the Secretary-General receives the necessary advice to properly assess the performance of senior managers; (b) executive-level decisions are clearly understood and followed up; (c) senior managers understand what is expected from them; and (d) the mechanism for formal appraisal of all staff, including managers, is improved. </s>
	</p>
	<p n="18">
	  <s n="24"> A. Reconstituting of the Accountability Panel as the Management Performance Board </s>
	</p>
	<p n="19">
	  <s n="25"> Through the promulgation of Secretary-General&apos;s bulletin ST/SGB/2005/13, which took effect from 13 May 2005, the Secretary-General has replaced the Accountability Panel with the Management Performance Board. </s>
	  <s n="26"> The Board&apos;s terms of reference and responsibilities are clearer and better defined than those of the Panel. </s>
	  <s n="27"> The Board will advise the Secretary-General on matters concerning the performance of individual senior managers. </s>
	  <s n="28"> Its functions include reviewing the material recommendations of the Oversight Committee (see sect. </s>
	  <s n="29"> IV of this report) and ensuring that managers act on serious managerial issues identified by its oversight bodies. </s>
	  <s n="30"> It will also monitor the manner in which senior managers exercise all aspects of the authority that has been delegated to them, including their performance in achieving the objectives contained in human resources action plans, and review the outcome of the administration of justice proceedings in the Secretariat for management accountability purposes. </s>
	</p>
	<p n="20">
	  <s n="31"> The members of the Management Performance Board will be appointed by the Secretary-General for a two-year term, which may be renewable. </s>
	  <s n="32"> Its membership will consist of a chairperson, who will be the Deputy Secretary-General, two members at the Under-Secretary-General level and an external expert in public sector management. </s>
	</p>
	<p n="21">
	  <s n="33"> In July 2005, the Deputy Secretary-General chaired the first organizational meeting of the Management Performance Board, which conducted a review of existing sources of managerial performance data. </s>
	  <s n="34"> The Department of Management was requested to review methods of performance assessments used in other comparable organizations, with a view to preparing proposals for a set of qualitative and quantitative performance indicators covering both programmatic and managerial functions that would enable a high-level evaluation of a senior manager&apos;s performance. </s>
	  <s n="35"> The Board is expected to consider these proposals at its next meeting in the fourth quarter of 2005. </s>
	</p>
	<p n="22">
	  <s n="36"> Improving executive-level decision-making </s>
	</p>
	<p n="23">
	  <s n="37"> Recognizing the value in having the ability to take high-level decisions on a timely basis and in an effort to ensure that mechanisms would be in place to hold senior management accountable for follow-up action, the Secretary-General established a Senior Management Group as part of his initial reform programme in 1997. </s>
	  <s n="38"> The Group comprised all heads of Secretariat departments and United Nations offices, funds and programmes. </s>
	  <s n="39"> As a result, coordination and coherence within the United Nations family have since been enhanced. </s>
	  <s n="40"> In practice, however, while having real utility as an information-sharing body, the Group has proved too large for effective and timely decision-making. </s>
	  <s n="41"> Consequently, two smaller senior-level committees, a Policy Committee and a Management Committee — both chaired by the Secretary-General — have been created. </s>
	  <s n="42"> The modus operandi of these Committees will ensure clear expectations, and clear definition of responsibility and timelines for implementation. </s>
	  <s n="43"> As of 30 June 2005, the Policy Committee had met on six occasions since its establishment in May 2005 and has presented the Secretary-General with policy options on a wide range of issues. </s>
	  <s n="44"> The Management Committee held its first meeting on 20 May 2005 to review progress made to date on management reform and later met in July 2005 to endorse a number of reform proposals. </s>
	</p>
	<p n="24">
	  <s n="45"> C. Introducing mandatory induction programmes for senior officials </s>
	</p>
	<p n="25">
	  <s n="46"> A more robust approach to ensuring that senior officials are adequately informed on the broader system of United Nations regulations and rules, code of conduct and managerial systems is required. </s>
	  <s n="47"> To meet this need, the Department of Peacekeeping Operations piloted its first induction session in June 2005 for a group of newly appointed leaders in a number of field missions. </s>
	  <s n="48"> The programme, which is intended to be conducted biannually, will cover sessions on conduct and requirements for management performance. </s>
	  <s n="49"> At the same time, a broader induction programme for senior-level recruits is being developed in the rest of the United Nations Secretariat. </s>
	  <s n="50"> It is expected that this will be launched by the end of 2005. </s>
	  <s n="51"> A consolidated reference guide on delegation of authority has been prepared and will act both as a training aid during the induction programmes and as a reference document designed to clarify the responsibilities that are delegated to senior officials. </s>
	</p>
	<p n="26">
	  <s n="52"> Defining performance expectations for programme delivery </s>
	</p>
	<p n="27">
	  <s n="53"> An essential component of the accountability framework is the clear and meaningful measurement of programme delivery. </s>
	  <s n="54"> To this end, as part of the Secretary-General&apos;s first round of reforms, results-based budgeting was introduced. </s>
	  <s n="55"> A comprehensive set of performance indicators for all programmes, including peacekeeping missions, have now been developed. </s>
	  <s n="56"> For the programme budget for 2004-2005 and the proposed programme budget for 2006-2007, performance measures, namely, baselines and targets, have also been included. </s>
	</p>
	<p n="28">
	  <s n="57"> To gain maximum benefit from these performance indicators, monitoring and evaluation are being enhanced. </s>
	  <s n="58"> The Office of Internal Oversight Services presented its latest recommendations on this subject to the General Assembly in its reports on strengthening the role of evaluation findings in programme design, delivery and policy directives (see A/59/79) and further specific proposals (which were prepared jointly with the Joint Inspection Unit (JIU)) on the strengthening and monitoring of programme performance and evaluation (A/60/73). </s>
	  <s n="59"> The measures being implemented will include improvements in data-collection and monitoring systems and strengthening of self-evaluation. </s>
	  <s n="60"> Programme managers are required to include in their budget proposals for the biennium 2006-2007 adequate resources to effectively evaluate their programme performance. </s>
	</p>
	<p n="29">
	  <s n="61"> The improvements in monitoring and evaluation combined with the performance indicators contained in the biennial programme plan and the programme budget will provide the basis for objective reporting of performance both to Member States through the programme performance report and to the new Management Performance Board. </s>
	  <s n="62"> These inputs, together with the independent inspection and evaluation reports of the Office of Internal Oversight Services and JIU, will put the Board in a position to provide the Secretary-General with the advice he needs to hold his senior managers accountable for the results they achieve in delivering their work programmes. </s>
	</p>
	<p n="30">
	  <s n="63"> E. Enhancing the Performance Appraisal System </s>
	</p>
	<p n="31">
	  <s n="64"> As part of the overall accountability framework, the e-PAS is the formal tool employed in holding staff accountable for their performance. </s>
	  <s n="65"> The system has the basic objective of creating a fair, equitable, transparent and measurable system of performance management in support of a results-based culture that recognizes and rewards excellent performance while adequately addressing underperformance. </s>
	  <s n="66"> The system applies to all staff and managers except the heads of departments who are currently subject to annual assessment through their programme management plans. </s>
	  <s n="67"> The e-PAS represents an enhancement of the original Performance Appraisal System (PAS), and was introduced after extensive consultations throughout the Secretariat. </s>
	  <s n="68"> Incorporated into the revised e-PAS system are the following features: </s>
	</p>
	<p n="32">
	  <s n="69"> (a) The organizational core values and competencies, in order to provide a fuller picture of performance; </s>
	</p>
	<p n="33">
	  <s n="70"> (b) Self-assessment by staff members; </s>
	</p>
	<p n="34">
	  <s n="71"> (c) The managerial competencies for supervisory staff so as to provide an assessment of their supervisory skills; </s>
	</p>
	<p n="35">
	  <s n="72"> (d) Strengthened links between performance management and career development; </s>
	</p>
	<p n="36">
	  <s n="73"> (e) Enhanced accountability measures such as the inclusion of an optional section in the e-PAS for the comments of staff on supervision received. </s>
	</p>
	<p n="37">
	  <s n="74"> Requiring personal financial liability of staff </s>
	</p>
	<p n="38">
	  <s n="75"> The Secretary-General has defined the conditions, through staff rules 112.3, 212.2 and 312.2, under which staff members may be required to reimburse the United Nations, either partially or in full, for any financial loss suffered by the Organization as a result of the staff member&apos;s gross negligence or violation of the regulations and procedures. </s>
	  <s n="76"> To that end, administrative instruction ST/AI/2004/3 of 29 September 2004 was promulgated. </s>
	  <s n="77"> The instructions also define the conditions for implementing financial rule 101.2, under which any staff member who violates the Financial Regulations and Rules of the United Nations (ST/SGB/2003/7) or corresponding administrative instructions, may be held personally accountable and financially liable for his or her actions. </s>
	</p>
	<p n="39">
	  <s n="78"> Assessment of experience with audit and oversight committees within the United Nations system and other international organizations </s>
	</p>
	<p n="40">
	  <s n="79"> At its fifty-ninth session, the General Assembly, in paragraph 11 of its resolution 59/264 A, having taken note of the Secretariat&apos;s effort in collecting information on the experiences of audit committees within the United Nations system and other international organizations, requested the Secretary-General to report on and provide an assessment of its findings to the Assembly at its sixtieth session. </s>
	</p>
	<p n="41">
	  <s n="80"> The Secretariat collected the information on audit committees during 2004. </s>
	  <s n="81"> Thirty-three organizations were involved, grouped in four categories: specialized agencies and related organizations; funds and programmes; multinational financial institutions; and other international organizations. </s>
	  <s n="82"> The Secretariat&apos;s analysis revealed that 60 per cent of the organizations involved in the survey had already established an oversight mechanism (see annex II). </s>
	  <s n="83"> These oversight mechanisms were referred to as either audit committees or oversight committees. </s>
	  <s n="84"> It is worth noting that even the organizations that do not have an institutionalized audit committee have set up mechanisms to review internal and external audit matters as well as progress made in implementing audit recommendations. </s>
	  <s n="85"> In some of these cases, it is the relevant programme and budget committee that plays this role. </s>
	</p>
	<p n="42">
	  <s n="86"> When considering the role of the audit committees within an organization, it is important to recognize the distinction between the committees that operate as advisory panels to either the respective executive heads or the executive boards and those that are part of the governing body of the organization. </s>
	  <s n="87"> The latter is the case in most of the multinational financial institutions like the World Bank Group, the African Development Bank, the European Investment Bank (EIB) and the International Fund for Agricultural Development (IFAD). </s>
	</p>
	<p n="43">
	  <s n="88"> The responsibilities of the oversight committees generally include: </s>
	</p>
	<p n="44">
	  <s n="89"> (a) Reviewing the strategy and workplans of internal and, in some organizations, external audit; and discussing the scope and content of their audits so as to identify audit priorities and suggesting potential audit areas within which to address the organization&apos;s risks; </s>
	</p>
	<p n="45">
	  <s n="90"> (b) Reviewing the findings and recommendations emanating from the reports, inspection and investigations, including those on irregularities and fraud; </s>
	</p>
	<p n="46">
	  <s n="91"> (c) Ensuring that appropriate and timely actions are taken by the management in implementing the recommendations of the internal and external oversight bodies and monitoring follow-up action thereon. </s>
	</p>
	<p n="47">
	  <s n="92"> In addition, other responsibilities of some of the committees include: </s>
	</p>
	<p n="48">
	  <s n="93"> (a) Assessing the integrity of the financial statements of the organizations and their accounting, financial reporting and disclosure policies and practices; </s>
	</p>
	<p n="49">
	  <s n="94"> (b) Reviewing risk management and the internal control system; </s>
	</p>
	<p n="50">
	  <s n="95"> (c) Making recommendations with regard to the appointments and tenure of members of the external board of auditors; </s>
	</p>
	<p n="51">
	  <s n="96"> (d) Assessing the adequacy and effectiveness of internal and external audit services; </s>
	</p>
	<p n="52">
	  <s n="97"> (e) Providing an open avenue of communication between the governing board, management and the functions of internal and external audit; </s>
	</p>
	<p n="53">
	  <s n="98"> (f) Serving as an issue resolution forum in cases where there are differences in respect of opinions or recommendations between managers and auditors or investigators, or among the auditors themselves; </s>
	</p>
	<p n="54">
	  <s n="99"> (g) Promoting an organization-wide culture that accepts the importance and value of the internal audit, inspection and investigation functions and providing executive heads with the assurance that these functions are operating effectively and efficiently. </s>
	</p>
	<p n="55">
	  <s n="100"> Composition </s>
	</p>
	<p n="56">
	  <s n="101"> In general, the membership of the committees ranges from six to nine members, primarily high-ranking or senior management officers. </s>
	  <s n="102"> However, external (United Nations or non-United Nations) members are strategically included either because of their present position as is the case at the United Nations Development Programme (UNDP) or because of their professional qualifications, expertise and/or competence as is the case at the Food and Agriculture Organization of the United Nations (FAO), the World Food Programme (WFP), the United Nations Children&apos;s Fund (UNICEF) and the United Nations Educational, Scientific and Cultural Organization (UNESCO). </s>
	  <s n="103"> External members usually serve for a two-year renewable term. </s>
	</p>
	<p n="57">
	  <s n="104"> Meetings </s>
	</p>
	<p n="58">
	  <s n="105"> The committees generally meet up to four times per annum. </s>
	  <s n="106"> However the chairperson in most cases possesses the discretionary authority to call additional meetings if deemed appropriate, for example, to initiate discussion of emerging audit matters. </s>
	  <s n="107"> The executive head in some instances can also request that the chairperson convene a meeting. </s>
	</p>
	<p n="59">
	  <s n="108"> Reporting </s>
	</p>
	<p n="60">
	  <s n="109"> The committees generally report to either the executive head or to the governing body (for example, the executive council). </s>
	  <s n="110"> It is worth noting that the committees within the United Nations system generally report to their executive heads, while the committees within the multinational financial institutions and other international organizations report to their executive boards. </s>
	</p>
	<p n="61">
	  <s n="111"> Strengthening of the oversight mechanisms </s>
	</p>
	<p n="62">
	  <s n="112"> Independent oversight is an essential part of any comprehensive system of accountability. </s>
	  <s n="113"> At the United Nations, there are three main bodies that provide this function, namely, the Board of Auditors, the Office of Internal Oversight Services and JIU. </s>
	  <s n="114"> Without the audit of financial statements, the investigation of complaints, the evaluation of programme performance, and all the other reviews carried out by these bodies, both internal management and the governing bodies would not have an impartial assessment of the functioning of the Organization or, where shortcomings are identified, be in a position to hold accountable those responsible. </s>
	  <s n="115"> It is therefore essential that the oversight bodies be independent, have the capacity to carry out their functions, and provide full coverage of all aspects of the functioning of the Organization. </s>
	  <s n="116"> It is also essential that effective follow-up action be taken on the basis of their findings, including implementation of recommendations and analysis of their reports, to address systemic weaknesses. </s>
	  <s n="117"> The measures described in the present section of this report address these issues. </s>
	</p>
	<p n="63">
	  <s n="118"> Establishment of the United Nations Oversight Committee </s>
	</p>
	<p n="64">
	  <s n="119"> As has been described in section III of this report, the Secretariat initiated a review of audit committees in order to establish a similar body at the United Nations. </s>
	  <s n="120"> Pursuant to the initiation of this review, the General Assembly, in resolution 59/272 of 23 December 2004, requested the establishment of a high-level follow-up mechanism under the authority of the Secretary-General to effectively feed findings and recommendations of the oversight bodies into the executive management processes. </s>
	</p>
	<p n="65">
	  <s n="121"> Utilizing the findings of the Secretariat&apos;s review, terms of reference for a United Nations Oversight Committee have been prepared and are ready for issuance. </s>
	  <s n="122"> The Oversight Committee will function as an independent advisory panel to the Secretary-General. </s>
	  <s n="123"> Its objectives include ensuring the systematic implementation of recommendations of the oversight bodies; sharing audit-related information and lessons learned within the Secretariat, where appropriate; and ensuring that significant risks to the Organization are identified and mitigating measures taken. </s>
	  <s n="124"> Its responsibilities will include: </s>
	</p>
	<p n="66">
	  <s n="125"> (a) Ensuring that appropriate and timely action is taken by the relevant managers to rectify problems in areas of concern identified by oversight bodies, and to effectively manage risks within the organization; </s>
	</p>
	<p n="67">
	  <s n="126"> (b) Alerting the Secretary-General on systemic organizational issues that may arise from audit, investigation or evaluation reports, and making recommendations as appropriate; </s>
	</p>
	<p n="68">
	  <s n="127"> (c) On behalf of the Secretary-General, providing advice and suggestions on the priorities, long-term strategy and annual audit workplans of oversight bodies and requesting that significant risks identified be included in such workplans; </s>
	</p>
	<p n="69">
	  <s n="128"> (d) Preparing the Secretary-General&apos;s response to reports of oversight bodies submitted to the General Assembly, taking into account the input provided by the departments or offices concerned; </s>
	</p>
	<p n="70">
	  <s n="129"> (e) Rendering advice on audit related-matters to the Secretary-General and departmental heads as it deems appropriate; </s>
	</p>
	<p n="71">
	  <s n="130"> (f) Encouraging and facilitating, if necessary, collaboration and cooperation among the various oversight bodies. </s>
	</p>
	<p n="72">
	  <s n="131"> The Secretary-General will appoint a Chairperson and three additional members to the Committee. </s>
	  <s n="132"> The Chairperson and two of the members will be senior Secretariat officials at a rank no lower than that of Assistant Secretary-General. </s>
	  <s n="133"> The other member will be external to the Secretariat. </s>
	  <s n="134"> Members of the Committee shall serve for a period of two years, renewable once, with the renewal period phased so as to provide continuity. </s>
	  <s n="135"> Committee members shall act in an independent capacity while performing their advisory role on the Committee. </s>
	  <s n="136"> The Committee shall meet at the request of the Chairperson or any member as required but no less than once every calendar quarter. </s>
	  <s n="137"> The Under-Secretary-General for Management will attend meetings in an ex officio capacity. </s>
	</p>
	<p n="73">
	  <s n="138"> The Committee is required to produce an annual report on its work for the previous year, which will be presented to the Secretary-General during the first calendar quarter of each year. </s>
	  <s n="139"> The Committee will also contribute to the annual report to the General Assembly on measures taken to improve accountability in the Secretariat. </s>
	</p>
	<p n="74">
	  <s n="140"> It should be noted that some of the functions identified during the review of the audit committees of other organizations have not been included in the terms of reference of the Oversight Committee. </s>
	  <s n="141"> These would include making recommendations on the resource requirements of the various oversight bodies; assessment of the efforts of the Office of Internal Oversight Services, the Board of Auditors and JIU to strengthen the Organization&apos;s internal controls; and the identification of possible gaps in the United Nations oversight coverage. </s>
	  <s n="142"> It is considered that these functions would not be appropriately discharged by a committee reporting directly to the Secretary-General. </s>
	  <s n="143"> However, additional strengthening of United Nations oversight is currently under discussion in the General Assembly. </s>
	</p>
	<p n="75">
	  <s n="144"> Enhancement of fraud and corruption prevention mechanisms </s>
	</p>
	<p n="76">
	  <s n="145"> In paragraph 349 of volume I of the report of the Board of Auditors (A/59/5 (vol. I), chap. </s>
	  <s n="146"> I), the Board recommended, inter alia, that the Administration: </s>
	</p>
	<p n="77">
	  <s n="147"> (a) Implement a comprehensive and well-communicated corruption and fraud prevention plan in the United Nations system; </s>
	</p>
	<p n="78">
	  <s n="148"> (b) Establish a corruption and fraud prevention committee that would serve as an effective framework and coordination point for a United Nations system corruption and fraud prevention mechanism; </s>
	</p>
	<p n="79">
	  <s n="149"> (c) Conduct ethics, corruption and fraud awareness training sessions and workshops among managers, international and local employees and other stakeholders; </s>
	</p>
	<p n="80">
	  <s n="150"> (d) Develop appropriate resolution mechanisms for reported and detected incidents and allegations of corruption and fraud. </s>
	</p>
	<p n="81">
	  <s n="151"> A clarification was obtained from the Board that the word “system” mentioned in its recommendation referred to the United Nations and its funds and programmes. </s>
	</p>
	<p n="82">
	  <s n="152"> The United Nations already has in place many rules, procedures and controls designed to prevent fraud and corruption. </s>
	  <s n="153"> However, based on the Board&apos;s recommendation, new efforts have been initiated to draw a more comprehensive plan, addressing all aspects of corruption and fraud prevention. </s>
	  <s n="154"> To that end, a working group has been established to propose such a plan. </s>
	  <s n="155"> As a first step, the working group is drawing up an anti-corruption and fraud prevention policy which will draw on existing best practices, including the model recently developed by the World Bank. </s>
	</p>
	<p n="83">
	  <s n="156"> The working group will also propose an effective mechanism through which to coordinate the efforts on corruption and fraud prevention of the United Nations and its funds and programmes. </s>
	</p>
	<p n="84">
	  <s n="157"> A training programme will be part of the overall corruption and fraud prevention plan. </s>
	  <s n="158"> It will include general awareness training, as well as specific modules for functions where the risk of fraud and corruption is higher. </s>
	  <s n="159"> The programme will address staff at all levels of the Organization. </s>
	</p>
	<p n="85">
	  <s n="160"> C. Efforts to strengthen the Office of Internal Oversight Services </s>
	</p>
	<p n="86">
	  <s n="161"> The Office of Internal Oversight Services in its tenth annual report to the General Assembly (see A/59/359) provided the results of its own self-evaluation to assist the Assembly in carrying out its review and evaluation of the Office in 2004. </s>
	  <s n="162"> The self-evaluation exercise looked at strengths and weaknesses and pointed to areas where the Office could be improved. </s>
	  <s n="163"> In addition, in his note transmitting the annual report to the Assembly, the Secretary-General recommended to the Assembly that the Office undergo a comprehensive external review in order to strengthen its capacity to carry out all aspects of its work. </s>
	  <s n="164"> That recommendation was reiterated in paragraph 192 of the Secretary-General&apos;s report entitled “In larger freedom: towards development, security and human rights for all” (A/59/2005). </s>
	</p>
	<p n="87">
	  <s n="165"> The General Assembly in paragraph 11 of its resolution 59/272 affirmed that any external review of the Office of Internal Oversight Services could be undertaken only by such bodies as the Board of Auditors or JIU, or those mandated to do so by the Assembly. </s>
	  <s n="166"> It is recommended that the scope of such a review should include the investigation processes at offices away from Headquarters as recommended by the Board. </s>
	</p>
	<p n="88">
	  <s n="167"> Apart from any external review that may be undertaken as a result of the Secretary-General&apos;s proposals above, measures have already been taken to strengthen the investigation function of the Office of Internal Oversight Services. </s>
	  <s n="168"> In resolution 59/287 of 13 April 2005, the General Assembly re-emphasized that the Office was the internal body entrusted with investigation in the United Nations and therefore decided that the results of all preliminary investigations conducted by programme managers should be reported to the Office. </s>
	  <s n="169"> Pursuant to the adoption of this resolution, the Office now has independent, residual and exclusive authority to investigate the most serious cases (all “category one” cases, that is to say, all high-risk, complex matters and serious criminal cases). </s>
	  <s n="170"> An added layer of oversight determines that the Office must be informed of the results of all “category two” cases (cases of lower risk to the Organization) investigated by programme managers, so that the Office can have an overview of all matters that have been investigated by the Organization. </s>
	</p>
	<p n="89">
	  <s n="171"> Review of governance structures and the format of accountability reports </s>
	</p>
	<p n="90">
	  <s n="172"> The way in which financial reports and reports of oversight bodies are considered and acted upon represents an essential part of the accountability process. </s>
	  <s n="173"> Recognizing this, the General Assembly in paragraph 6 of its resolution 57/278 A of 20 December 2002 (later reaffirmed in resolution 59/264 A) requested the Secretary-General and the executive heads of the funds and programmes of the United Nations to examine governance structures, principles and accountability throughout the United Nations system and to make proposals on the future format and consideration of the reports of the Board of Auditors by the respective executive boards and the Assembly. </s>
	  <s n="174"> The matter was taken up and discussed by the High-level Committee on Management (HLCM) at its eighth session, held in Rome on 5 and 6 October 2004. </s>
	  <s n="175"> At that session, the Committee decided that, in the first instance, this item should be carried forward by the Finance and Budget Network, in particular as regards format and consideration of the reports of the Board of Auditors, and requested that the secretariat of the United Nations System Chief Executives Board for Coordination (CEB) carry out consultations with the Board of Auditors and obtain more detailed information on the scope and objectives of this review (see CEB/2004/6, para. </s>
	  <s n="176"> Member States are currently seized with the subject of strengthening governance arrangements in the context of the discussions on the outcome document for the High-level Plenary Meeting of the Assembly. </s>
	</p>
	<p n="91">
	  <s n="177"> Related to this subject is the recommendation of the Board of Auditors that covered the issue of governance principles and best practices related to financial reporting. </s>
	  <s n="178"> It pointed out that in its view, the following governance issues were normally reported on in a medium such as the financial report that preceded the financial statements: (a) governance and other regulatory bodies; (b) performance reporting and non-financial information; (c) social accounting issues; and (d) risk management, continuity and internal control (A/59/5/Add.2, chap. </s>
	  <s n="179"> II, para. </s>
	</p>
	<p n="92">
	  <s n="180"> At its ninth session held at Geneva in April 2005, the High-level Committee on Management decided to set up a working group to examine current accountability mechanisms in organizations, to raise awareness of such tools and to identify best practices (see CEB/2005/3, para. </s>
	  <s n="181"> 22 (f)). </s>
	  <s n="182"> It was recognized that this issue was very broad and was related to overall organizational culture and not just audit processes (ibid., para. </s>
	  <s n="183"> Therefore, the working group will comprise representatives of budget, finance and human resources management. </s>
	  <s n="184"> The terms of reference of this working group will, inter alia, include addressing the resolutions and recommendations referred to in paragraphs 36 and 37 above. </s>
	</p>
	<p n="93">
	  <s n="185"> Ensuring ethical conduct </s>
	</p>
	<p n="94">
	  <s n="186"> The commitment to the highest ethical standards at the United Nations is a core value and fundamental guiding principle in ensuring that the Organization achieves its mission. </s>
	  <s n="187"> In response to the findings of a Secretariat-wide staff survey, the probes into the management of the oil-for-food programme and the allegations of sexual misconduct in various peace missions, the United Nations has begun implementing additional measures to address deficiencies and ensure a culture of ethical conduct. </s>
	</p>
	<p n="95">
	  <s n="188"> Proposed establishment of the United Nations Office of Ethics </s>
	</p>
	<p n="96">
	  <s n="189"> Underlying the main effort of the Secretariat in that regard is the proposal for the establishment of an independent Office of Ethics, the head of which will report directly to the Secretary-General. </s>
	  <s n="190"> The objective of the Office will be to assist the Organization in maintaining the highest standards of integrity, as required by the Charter of the United Nations and thereby maintain and enhance international confidence in the United Nations through fostering a culture of ethical conduct, transparency and accountability, setting and disseminating standards for appropriate professional conduct and providing leadership, management and oversight of the United Nations ethics infrastructure. </s>
	  <s n="191"> Proposals for the establishment of the Office of Ethics, along with its terms of reference, are currently under preparation for the consideration of the General Assembly. </s>
	</p>
	<p n="97">
	  <s n="192"> Financial disclosure by senior officials </s>
	</p>
	<p n="98">
	  <s n="193"> In July 2005, the Secretary-General decided to broaden the scope of financial disclosure, as currently required of senior officials, including those employed on a short-term basis or under special conditions. </s>
	  <s n="194"> This followed a review of disclosure practices in comparable organizations. </s>
	  <s n="195"> The appropriate mechanisms for monitoring these disclosures are also under review for immediate strengthening. </s>
	  <s n="196"> It is envisaged that the scope of annual financial disclosure and declaration of interest will be broadened from the Assistant Secretary-General/Under-Secretary-General level to include all staff at the D-1 level and above. </s>
	  <s n="197"> The financial disclosure threshold levels will be lowered for assets and income from $25,000 to $10,000 and for gifts from $10,000 to $250. </s>
	</p>
	<p n="99">
	  <s n="198"> The financial disclosure programme will be administered by the proposed Office of Ethics, pursuant to its establishment. </s>
	  <s n="199"> The implementation of the expanded financial disclosure regime will require an amendment of staff regulation 1.2 (n) by the General Assembly. </s>
	</p>
	<p n="100">
	  <s n="200"> C. Protection against retaliation for exposure of wrongdoing or reporting of irregularities and misconduct </s>
	</p>
	<p n="101">
	  <s n="201"> The Secretary-General is finalizing a comprehensive policy to ensure protection against retaliation for reporting of alleged misconduct. </s>
	  <s n="202"> This policy will complement existing administrative issuances concerning avenues for the reporting of alleged misconduct that are set out in information circular ST/IC/2005/19. </s>
	  <s n="203"> It is essential that staff have confidence in these mechanisms and assurance that the appropriate level of protection is provided. </s>
	  <s n="204"> For this reason, additional rounds of consultation with the staff have been conducted on the terms of the new policy. </s>
	</p>
	<p n="102">
	  <s n="205"> Enhancement of codes of conduct and conflict-of-interest rules </s>
	</p>
	<p n="103">
	  <s n="206"> While the United Nations has in place a detailed Code of Conduct readily available to all staff on the Intranet, it is now planned to disseminate the Code in other ways. </s>
	  <s n="207"> The Secretary-General has commissioned the design of a user-friendly orientation and information booklet for distribution in the latter part of 2005 to all staff based on the Secretary-General&apos;s bulletin on the status, basic rights and duties of United Nations staff members (ST/SGB/2002/13). </s>
	  <s n="208"> Special additional rules are also being developed for staff engaged in procurement activities. </s>
	  <s n="209"> In this respect, a Declaration of Independence to be signed by all staff members working in the procurement process has been prepared and an administrative issuance on rules governing the conduct of staff engaged in procurement activities is being finalized for adoption by the Secretary-General. </s>
	  <s n="210"> A United Nations Supplier Code of Conduct is also being formulated. </s>
	  <s n="211"> It is expected that all these materials will be produced and ready for dissemination in the near future. </s>
	</p>
	<p n="104">
	  <s n="212"> The Office of Ethics, once established, will be responsible for standard-setting on ethics issues and training, in coordination with the Office of Human Resources Management. </s>
	</p>
	<p n="105">
	  <s n="213"> E. Incorporation of ethics into staff training programmes </s>
	</p>
	<p n="106">
	  <s n="214"> Staff will be required to complete a new downloadable content module on integrity and ethics provisions for self-training that has now been completed in the form of a CD-ROM. </s>
	  <s n="215"> In addition, ethics modules have been incorporated into all existing training programmes for United Nations staff, including at induction, and the Career Resources Centre (CRC) offers a lunchtime programme on ethics. </s>
	  <s n="216"> It is envisaged that both the CD-ROM on integrity and the Career Resources Centre ethics programme will be mandatory for all staff. </s>
	</p>
	<p n="107">
	  <s n="217"> Protection against harassment in the workplace </s>
	</p>
	<p n="108">
	  <s n="218"> While the United Nations has a zero tolerance sexual harassment policy in place, the Secretary-General is in the process of formulating a new, broader policy to encompass other forms of harassment. </s>
	  <s n="219"> This will be introduced following consultation with the staff representative bodies. </s>
	  <s n="220"> The United Nations Secretariat has also joined the United Nations Development Group in the development and implementation of an online learning programme on harassment, sexual harassment and abuse of authority, which, once available, will be mandatory for all staff. </s>
	</p>
	<p n="109">
	  <s n="221"> Response to allegations of sexual exploitation and abuse by field personnel </s>
	</p>
	<p n="110">
	  <s n="222"> In addition to the efforts in place for dealing with the issues of harassment and sexual misconduct, in response to the widespread allegations of sexual exploitation and abuse at some United Nations peacekeeping operations, there has been aggressive pursuit by the Organization of such cases. </s>
	  <s n="223"> As of July 2005, across all peacekeeping operations, 186 peacekeepers had been investigated for sexual exploitation and abuse; 7 United Nations civilians had been summarily dismissed; and 80 members of military contingents had been expelled from the field missions. </s>
	  <s n="224"> Investigations into such allegations are ongoing in the Democratic Republic of the Congo, Liberia and Haiti in particular. </s>
	  <s n="225"> Additionally, a number of short- and medium-term initiatives are under way, including: </s>
	</p>
	<p n="111">
	  <s n="226"> (a) The introduction of a unified standard of conduct across all categories of peacekeeping personnel. </s>
	  <s n="227"> Mandatory training on prevention of sexual exploitation and abuse has been integrated into all mission induction programmes. </s>
	  <s n="228"> Improved complaint mechanisms have been established in all missions, including telephone hotlines and a network of Focal Points for Sexual Exploitation and Abuse, who receive complaints in person. </s>
	  <s n="229"> In addition, missions are ensuring that victims of sexual abuse are referred to existing emergency assistance (medical, psychosocial, legal) in the mission area; </s>
	</p>
	<p n="112">
	  <s n="230"> (b) A global review of the state of discipline in peacekeeping operations conducted by the Office of Internal Oversight Services, the results of which are currently being analysed; </s>
	</p>
	<p n="113">
	  <s n="231"> (c) The establishment by the Department of Peacekeeping Operations of a Conduct and Discipline Unit at United Nations Headquarters. </s>
	  <s n="232"> Over the coming months, similar capacity will be created in eight Department of Peacekeeping Operations missions. </s>
	  <s n="233"> The Units will focus on preventing misconduct through various means, including awareness-raising and training and improving welfare and recreation facilities. </s>
	  <s n="234"> Other key activities of such Units will include tracking data on misconduct cases for all categories of peacekeeping personnel and developing measures to ensure compliance with United Nations standards of conduct, such as the establishment of lists of premises considered out of bounds for United Nations personnel. </s>
	  <s n="235"> Such Units will work with in-country networks on sexual exploitation and abuse, developed to better coordinate and share information on this problem; </s>
	</p>
	<p n="114">
	  <s n="236"> (d) The approval by the General Assembly in June 2005 of 19 new Office of Internal Oversight Services investigator positions, as well as additional investigative resources for following up allegations of misconduct in peacekeeping missions. </s>
	</p>
	<p n="115">
	  <s n="237"> In the longer term, a comprehensive review will be undertaken of the welfare and recreation needs of all peacekeeping personnel, as well as the development of a comprehensive strategy for victim assistance. </s>
	  <s n="238"> New agreements with troop-contributing countries and United Nations partners will be developed. </s>
	  <s n="239"> In addition, a group of legal experts will be examining ways to ensure that United Nations staff and experts on mission are held responsible for criminal acts committed in countries where no functioning judicial system exists. </s>
	</p>
	<p n="116">
	  <s n="240"> H. Dissemination of information concerning the Secretary-General&apos;s decisions in disciplinary matters </s>
	</p>
	<p n="117">
	  <s n="241"> Starting in 2002, two information circulars (ST/IC/2002/25 and ST/IC/2004/28) were issued that informed all staff of the Secretary-General&apos;s practice in disciplinary matters. </s>
	  <s n="242"> It is expected that the sharing of information with staff members concerning decisions on disciplinary cases will not only raise awareness and enhance transparency in disciplinary matters, but also have a deterrent effect and thus enhance ethical conduct. </s>
	</p>
	<p n="118">
	  <s n="243"> Enhancing transparency </s>
	</p>
	<p n="119">
	  <s n="244"> Transparency is an essential feature of any system of accountability. </s>
	  <s n="245"> By making decision-making processes, performance data, transaction processing, and general information about the Organization more accessible, the United Nations becomes more accountable to Member States, staff and civil society. </s>
	  <s n="246"> A major vehicle for improving transparency has been Internet technology, and the United Nations home page has been enhanced during the last few years to become a strategic communication tool. </s>
	  <s n="247"> Efforts are also ongoing to increase awareness inside the United Nations of Intranet capabilities, and build on existing features, such as the Procurement and Facilities Management tracking systems, that give transparency to administrative processes. </s>
	  <s n="248"> In addition to the continuous expansion of the Intranet, Extranet and Internet, there are other measures aimed at improving the openness of the operation of the United Nations, which are described below. </s>
	</p>
	<p n="120">
	  <s n="249"> Access to United Nations information </s>
	</p>
	<p n="121">
	  <s n="250"> The Secretary-General has initiated an assessment of best practices in public administrations around the world and examined various models of information access in different countries in developing a clear and consistent policy for determining which United Nations documents should be accessible outside the Secretariat. </s>
	  <s n="251"> In the latter part of 2005, the Management Committee will review this comprehensive assessment and will provide guidance for a new policy. </s>
	  <s n="252"> It should be noted that access to United Nations documentation that is neither restricted nor confidential is now freely available on the Internet through the Official Document System. </s>
	</p>
	<p n="122">
	  <s n="253"> Selection and appointment of senior officials </s>
	</p>
	<p n="123">
	  <s n="254"> In order to enhance transparency in the appointment of senior officials, the Secretary-General has put in place a new selection process which ensures a much wider search for qualified candidates and allows for a rigorous, open process against predetermined criteria for all senior United Nations officials and heads of United Nations funds and programmes. </s>
	  <s n="255"> As part of the new mechanism, the Senior Appointment Group (SAG) reviews candidatures for appointment by the Secretary-General. </s>
	  <s n="256"> The Chef de Cabinet then constitutes an interview panel with a minimum of four members of the Group. </s>
	  <s n="257"> The names of two or more finalists are then submitted to the Secretary-General and the Deputy Secretary-General for final consideration. </s>
	</p>
	<p n="124">
	  <s n="258"> In the case of senior appointments that involve intergovernmental bodies in the appointment process (for example, the Office of the United Nations High Commissioner for Refugees (UNHCR), the United Nations Development Programme (UNDP), the United Nations Relief and Work Agency for Palestine Refugees in the Near East (UNRWA) and the Office of Internal Oversight Services), shortlists are drawn up from a list of nominations submitted in response to a request for such nomination by the Secretary-General addressed to Members States and relevant institutions. </s>
	  <s n="259"> Shortlists would also be developed through a more informal process of outreach and search. </s>
	  <s n="260"> In the case of Secretariat appointments of a specialized nature, an outside technical expert may be invited to be part of the relevant interview panel. </s>
	  <s n="261"> In all cases, clear job descriptions and required competencies will have been developed against which candidates can be judged. </s>
	  <s n="262"> A more systematic process of vetting and reference-checking of candidates will be instituted, with external assistance whenever necessary. </s>
	  <s n="263"> The Secretary-General will in all cases have the ultimate authority to make the final selection, taking into account other factors, such as geographical distribution and gender balance. </s>
	  <s n="264"> Since the establishment of this new procedure, several senior-level posts have been filled via the new system, including those of UNDP, the Office of Internal Oversight Services and UNHCR. </s>
	</p>
	<p n="125">
	  <s n="265"> C. Senior Review Group </s>
	</p>
	<p n="126">
	  <s n="266"> The Secretary-General has constituted a Senior Review Group as a standing advisory body to make recommendations to the Secretary-General on appointment and promotion to posts at the D-2 level. </s>
	  <s n="267"> For the purpose of defining the terms of reference of the Group, Secretary-General&apos;s bulletin ST/SGB/2005/4 was promulgated on 28 February 2005 and the membership of the Group was presented in information circular ST/IC/2005/33 of 1 July 2005. </s>
	  <s n="268"> In accordance with the provisions of section 2 of the Secretary-General&apos;s bulletin, all appointments to this body are made by the Secretary-General. </s>
	  <s n="269"> According to section 3, all D-2 vacancy announcements, except for vacant posts in the Executive Office of the Secretary-General and for the special envoys, are to be circulated. </s>
	</p>
	<p n="127">
	  <s n="270"> External validation of the procurement system </s>
	</p>
	<p n="128">
	  <s n="271"> The Volcker Inquiry was critical of various United Nations procurement cases in the early years of the oil-for-food programme. </s>
	  <s n="272"> However, since the mid-1990s, a major overhaul of the United Nations procurement process has been undertaken, making it more transparent and addressing any shortcomings identified in a number of different reviews. </s>
	  <s n="273"> In the light of issues raised by the Volcker Inquiry, the Secretary-General commissioned a review, completed in June 2005, that compared existing procurement rules and regulations with the best global practices of outside organizations and companies in order to ensure that the improvements introduced since the mid to late 1990s met the highest global standards. </s>
	  <s n="274"> In addition, in August 2005, the Secretary-General commissioned a full financial and internal control review of the United Nations current procurement system. </s>
	</p>
	<p n="129">
	  <s n="275"> The June 2005 review evaluated positively the transparency achieved by the United Nations Procurement Service website. </s>
	  <s n="276"> The review stated that the Service website (http://www.un.org/Depts/ptd) was an extensive, well-designed site with current information directly relevant to the needs of prospective and active suppliers and that the transparent and open approach of the Service to sourcing and vendor development was directly in line with that of leading public procurement agencies. </s>
	</p>
	<p n="130">
	  <s n="277"> E. Accounting standards </s>
	</p>
	<p n="131">
	  <s n="278"> The adoption of clear standards for accounting purposes is essential for transparent financial reporting. </s>
	  <s n="279"> The High Level Committee on Management has approved a project for the development of such accounting standards within the United Nations system. </s>
	  <s n="280"> This project is being undertaken by a Task Force under the auspices of the Committee&apos;s Finance and Budget Network. </s>
	  <s n="281"> Possible standards have been identified and final proposals will be submitted by the Task Force to the Finance and Budget Network for approval prior to their presentation to the Committee for endorsement. </s>
	</p>
	<p n="132">
	  <s n="282"> Time frames for implementation of the recommendations of the oversight bodies </s>
	</p>
	<p n="133">
	  <s n="283"> In paragraph 8 of its resolution 59/264 A, the General Assembly requested the Secretary-General and the executive heads of the funds and programmes of the United Nations to indicate expected time frames for the implementation of the recommendations of the Board of Auditors, including the office-holders to be held accountable. </s>
	  <s n="284"> A similar request was later reiterated in paragraph 6 of resolution 264 B; and in paragraph 7 of the same resolution, the Secretary-General was further requested to provide an assessment to the Assembly at its sixtieth session on the progress achieved towards assigning time frames for the implementation of recommendations of the Board. </s>
	</p>
	<p n="134">
	  <s n="285"> As per annex III of the present report, approximately 73 per cent of the recommendations addressed to the United Nations, and reported as outstanding to the Board of Auditors as at the end of June 2004, had time frames assigned for implementation. </s>
	  <s n="286"> For the United Nations University (UNU), the International Trade Centre UNCTAD/WTO (ITC), the International Tribunal for the Prosecution of Persons Responsible for Serious Violations of International Humanitarian Law Committed in the Territory of the Former Yugoslavia since 1991 and the International Criminal Tribunal for the Prosecution of Persons Responsible for Genocide and Other Serious Violations of International Humanitarian Law Committed in the Territory of Rwanda and Rwandan Citizens Responsible for Genocide and Other Such Violations Committed in the Territory of Neighbouring States between 1 January and 31 December 1994, time frames were provided in 82 per cent, 50 per cent, 40 per cent and 47 per cent of cases, respectively. </s>
	  <s n="287"> For all four organizations, the office-holders responsible for implementation were clearly identified for all outstanding recommendations. </s>
	  <s n="288"> The progress towards proper assignment of time frames was acknowledged by the Board in paragraph 1 (a) of its current report to the General Assembly at its sixtieth session on the status of implementation of its recommendations relating to the biennium 2002-2003 (see A/60/113, annex). </s>
	</p>
	<p n="135">
	  <s n="289"> Owing to the high priority given to the implementation of all the approved recommendations of the Board of Auditors and the other oversight bodies, efforts have been intensified by the Secretariat to ensure that the recommendations of the other oversight bodies, the Office of Internal Oversight Services and JIU also have responsible office-holders assigned and time frames defined for their implementation. </s>
	  <s n="290"> The Oversight Committee will have an overall responsibility for ensuring compliance with these requirements. </s>
	</p>
	<p n="136">
	  <s n="291"> Overall progress is being made towards improving implementation rates. </s>
	  <s n="292"> The Board of Auditors was pleased to note that the overall proportion of implementation of 34 per cent of the previous biennium had increased to 46 per cent in the biennium 2002-2003 (see A/60/113, annex, para. </s>
	</p>
	<p n="137">
	  <s n="293"> Conclusions and recommendations </s>
	</p>
	<p n="138">
	  <s n="294"> This report describes the measures taken by the Secretary-General to strengthen the system of accountability at the United Nations. </s>
	  <s n="295"> In formulating these measures, the Secretary-General has taken into account the need for: (a) the clear definition of authority and results to be achieved; (b) the establishment of appropriate support and guidance mechanisms; (c) the strengthening of systems to ensure proper monitoring and evaluation of performance; and (d) the provision of follow-up mechanisms that lead to appropriate recognition of both good and unsatisfactory performance, and investigations and appropriate corrective action if necessary. </s>
	</p>
	<p n="139">
	  <s n="296"> Many of the measures described, such as the establishment of the Management Performance Board and the proposed establishment of the Office of Ethics, will themselves lead to a further examination of the way that the United Nations conducts its business and to additional measures to improve the system of accountability. </s>
	  <s n="297"> Together with those already described in this report, they will help achieve the goal of ensuring that programme managers and staff are held accountable for the effective delivery of their work and the way they conduct themselves, and that both management and staff operate in an open and transparent environment, free from unethical conduct. </s>
	</p>
	<p n="140">
	  <s n="298"> The General Assembly may wish to take note of this report, including of the fact that new elements are being added to the accountability framework that will strengthen accountability in the Secretariat. </s>
	</p>
	<p n="141">
	  <s n="299"> Annex I </s>
	</p>
	<p n="142">
	  <s n="300"> The accountability framework </s>
	</p>
	<p n="143">
	  <s n="301"> Annex II </s>
	</p>
	<p n="144">
	  <s n="302"> Survey results on audit and oversight committees </s>
	</p>
	<p n="145">
	  <s n="303"> Note: Two dots () signify that data are unavailable. </s>
	</p>
	<p n="146">
	  <s n="304"> Abbreviations: ADB, Asian Development Bank; AfDB, African Development Bank; CGIAR, Consultative Group on International Agricultural Research; CTBTO, Preparatory Commission for the Comprehensive Nuclear-Test-Ban-Treaty Organization; EBRD, European Bank for Reconstruction and Development; EC, European Commission; EIB, European Investment Bank; FAO, Food and Agriculture Organization of the United Nations; IADB, Inter-American Development Bank; IAEA, International Atomic Energy Agency; ICAO, International Civil Aviation Organization; IFAD, International Fund for Agricultural Development; ILO, International Labour Organization; IMF, International Monetary Fund; IMO, International Maritime Organization; IOM, International Organization for Migration; ITU, International Telecommunication Union; OECD, Organization for Economic Cooperation and Development; OPCW, Organization for the Prohibition of Chemical Weapons; OSCE, Organization for Security and Cooperation in Europe; UNDP, United Nations Development Programme; UNESCO, United Nations Educational, Scientific and Cultural Organization; UNFPA, United Nations Population Fund; UNHCR, Office of the United Nations High Commissioner for Refugees; UNICEF, United Nations Children&apos;s Fund; UNIDO, United Nations Industrial Development Organization; UPU, Universal Postal Union; WFP, World Food Programme; WHO, World Health Organization; WIPO, World Intellectual Property Organization; WMO, World Meteorological Organization; WTO, World Tourism Organization. </s>
	</p>
	<p n="147">
	  <s n="305"> Annex III </s>
	</p>
	<p n="148">
	  <s n="306"> Assignment of time frames and status of implementation and recommendations of the Board of Auditors for the period 2002-2003 </s>
	</p>
	<p n="149">
	  <s n="307"> Abbreviations: ICTR, International Criminal Tribunal for the Prosecution of Persons Responsible for Genocide and Other Serious Violations of International Humanitarian Law Committed in the Territory of Rwanda and Rwandan Citizens Responsible for Genocide and Other Such Violations Committed in the Territory of Neighbouring States between 1 January and 31 December 1994; ICTY, International Tribunal for the Prosecution of Persons Responsible for Serious Violations of International Humanitarian Law Committed in the Territory of the Former Yugoslavia since 1991; ITC, International Trade Centre UNCTAD/WTO (ITC); UNU, United Nations University. </s>
	</p>
	</body>
</text>
</DOC>