<?xml version="1.0" encoding="UTF-8"?>
<DOC lang="English" n="N0664464" id="A/61/610" date="2006/12/06">
<text>
	<body>
	<p n="1">
	  <s n="1"> Sixty-first session </s>
	</p>
	<p n="2">
	  <s n="2"> Agenda items 117 and 132 </s>
	</p>
	<p n="3">
	  <s n="3"> Programme budget for the biennium 2006-2007 </s>
	</p>
	<p n="4">
	  <s n="4"> Administrative and budgetary aspects of the financing of the United Nations peacekeeping operations </s>
	</p>
	<p n="5">
	  <s n="5"> Strengthening of the Office of Internal Oversight Services </s>
	</p>
	<p n="6">
	  <s n="6"> Revised estimates to the programme budget for the biennium 2006-2007 under sections 28A, Office of the Under-Secretary-General for Management, 29, Internal oversight, and 35, Staff assessment </s>
	</p>
	<p n="7">
	  <s n="7"> * This report is being issued at this time because of required consultations. </s>
	</p>
	<p n="8">
	  <s n="8"> Report of the Secretary-General* </s>
	</p>
	<p n="9">
	  <s n="9"> Contents </s>
	</p>
	<p n="10">
	  <s n="10"> Introduction </s>
	</p>
	<p n="11">
	  <s n="11"> The Advisory Committee on Administrative and Budgetary Questions, in its fifteenth report on the proposed programme budget for the biennium 2006-2007 (A/60/7/Add.14), recommended the deferral of action on the post and non-post resources proposed for the Office of Internal Oversight Services pending the submission of proposals following the detailed review of the Office. </s>
	  <s n="12"> The Advisory Committee recommended that resources equivalent to the revised level of the 2004-2005 provision, recosted for 2006-2007, as well as an equivalent of general temporary assistance for 39 positions, as presented in the revised estimates to the proposed programme budget for 2006-2007 (see A/60/537), be provided to the Office. </s>
	  <s n="13"> Consequently, non-post resources requested in the proposed programme budget and in the revised estimates were deferred pending the consideration of a comprehensive budget proposal. </s>
	  <s n="14"> These interim measures have ensured the continuation of the Office&apos;s activities pending the consideration by the legislative bodies of the report of the Office of Internal Oversight Services on proposals for strengthening the Office of Internal Oversight Services (A/60/901). </s>
	</p>
	<p n="12">
	  <s n="15"> The present document describes changes required to the approved programme budget for 2006-2007 taking into account the information contained in A/60/901. </s>
	  <s n="16"> As detailed in that document, the 39 general temporary assistance positions previously approved are proposed for conversion to established posts. </s>
	  <s n="17"> A number of required redeployments are also reflected. </s>
	  <s n="18"> The converted positions have been distributed across subprogrammes in line with the analysis reflected in A/60/901. </s>
	  <s n="19"> Four posts would be redeployed from the Office of Internal Oversight Services to the Office of the Under-Secretary-General for Management to effect the transfer of responsibility for management consulting services, and would be offset by the addition of five regular budget posts to ensure sufficient capacity within the Office of Internal Oversight Services in the area of inspection and evaluation. </s>
	  <s n="20"> All post adjustments in the Office of Internal Oversight Services have been effected, through a reduction in general temporary assistance, within the overall resources already approved under the related budget section for the biennium. </s>
	  <s n="21"> No new non-post resources for the new converted posts are requested at this time, as such requirements are expected to be dealt with through internal redeployment of funds and to be reported in the context of the second performance report. </s>
	  <s n="22"> However, a number of key non-post requirements previously detailed in the proposals for the strengthening of the Office (A/60/901) are incorporated for approval in the present document. </s>
	  <s n="23"> While the rationale and justifications for these adjustments are cross-referenced herein, these revised estimates should be considered in conjunction with A/60/6 (Sect. </s>
	  <s n="24"> 29) and A/60/901. </s>
	</p>
	<p n="13">
	  <s n="25"> As a result of these revised estimates, an additional appropriation of $1,308,800 is required, consisting of $601,400 under section 28A, Office of the Under-Secretary-General for Management, $610,000 under section 29, Internal oversight, and $97,400 under section 35, Staff assessment, to be offset by an equivalent amount of income under income section 1, Income from staff assessment, of the programme budget for the biennium 2006-2007. </s>
	</p>
	<p n="14">
	  <s n="26"> Internal oversight </s>
	</p>
	<p n="15">
	  <s n="27"> In accordance with paragraph 164 (a) of the 2005 World Summit Outcome, adopted in resolution 60/1, the expertise, capacity and resources of the Office of Internal Oversight Services in respect of audit and investigation should be significantly strengthened as a matter of urgency. </s>
	  <s n="28"> Having benefited from the report on the external review of the Office (A/60/883 and Add.1 and 2), which was conducted in conjunction with the General Assembly-commissioned review of governance and oversight in the United Nations, the Office put forward its report on proposals for strengthening the Office (A/60/901), which include the establishment of investigations task forces, reinforcement of inspection and evaluation functions, the transfer of the management consulting function, the eventual transfer of responsibility for the programme performance report and other required changes. </s>
	</p>
	<p n="16">
	  <s n="29"> Proposals of the Office of Internal Oversight Services for its strengthening were formulated following consideration of experiences, lessons learned, best practices and industry standards in conducting oversight activities, as well as recommendations of the Board of Auditors. </s>
	  <s n="30"> In examining the inspection and evaluation functions and the benefits derived from these oversight activities, the need to strengthen evaluation, as described in A/60/73, and reinforce inspection with regard to its approach, methodology and number of staff became evident. </s>
	  <s n="31"> The Office proposes to strengthen the functions so that it will be able to produce as many as 11 to 13 inspections, 6 of which relate to peacekeeping operations, 2 compliance reports and 8 to 10 evaluation reports per year. </s>
	  <s n="32"> Currently, 2 to 3 inspections and 2 to 3 evaluations are produced. </s>
	  <s n="33"> With the responsibility to investigate significant cases of wrongdoing transferred from the Investigations Division to the Office&apos;s Procurement Task Force and its Sexual Exploitation and Abuse Task Force, it was deemed appropriate to allocate nine positions to inspection and evaluation from the 27 positions authorized under the outcome document for the regular workload of the Investigations Division. </s>
	  <s n="34"> Accordingly, in the current proposal nine additional posts would be dedicated to the inspection and evaluation functions, these posts being allocated out of the 27 general temporary assistance positions initially approved for the Investigations Division (see A/60/901, paras. </s>
	  <s n="35"> 68 and 78 and annex III, table 2). </s>
	</p>
	<p n="17">
	  <s n="36"> Congruent with the recommendation of the external review and as proposed in paragraph 104 of A/60/901, six management consulting posts, four from the regular budget (1 D-1, 1 P-5, 1 P-2 and 1 General Service (Other level)) and two P-4 posts from the peacekeeping support account would be transferred to the Office of the Under-Secretary-General for Management. </s>
	  <s n="37"> It should be noted that these posts were originally approved by the General Assembly for the areas of internal audit and evaluation, but have been redeployed over the years in the course of internal restructuring leading to the structure of the Monitoring, Evaluation and Consulting Division. </s>
	  <s n="38"> As indicated in paragraph 77 of A/60/901, an Inspection and Evaluation Division will be established comprising two sections, namely, the Evaluation Section and the Inspection Section. </s>
	  <s n="39"> The transfer of these posts would be offset by seven additional posts (5 from the regular budget (2 P-3, 2 P-2, 1 General Service (Other level)) and two P-4 posts from the support account) as part of the proposals aimed at the strengthening of the inspection and evaluation functions. </s>
	  <s n="40"> With the posts adjustments proposed in the present document, the Division, which would now focus on inspection and evaluation, would have an adequate and efficient management structure. </s>
	  <s n="41"> Consequently, the present document does not propose the replacement of posts transferred out at the D-1 and the P-5 level. </s>
	  <s n="42"> Instead, two P-3 and one P-2 posts are required under the regular budget to strengthen overall inspection and evaluation capacity. </s>
	  <s n="43"> Peacekeeping support account adjustments would be dealt with in the context of the related budget proposals. </s>
	</p>
	<p n="18">
	  <s n="44"> Inspections provide the General Assembly and senior managers with objective information, independent analysis and actionable recommendations pertaining to the policies, systems and practices required to maximize the programmatic performance of United Nations entities. </s>
	  <s n="45"> Inspection thus complements evaluation in its emphasis on reviewing organizational results-based management (while evaluation has its emphasis on validating the actual results achieved). </s>
	  <s n="46"> At the same time, the inspection modality has flexibility to incorporate reviews of different risk dimensions and internal control needs as they change over time. </s>
	  <s n="47"> In that regard, it is envisaged that inspections will evolve into multidisciplinary reviews comprising Office of Internal Oversight Services evaluators, auditors and investigators as needed. </s>
	  <s n="48"> Strengthening of inspection will enable the Office to increase the frequency with which United Nations entities are subjected to independent oversight from one inspection of an entity every 25 years to a more reasonable ambition of an inspection every 5 years. </s>
	  <s n="49"> As such, it will add scope and depth to the oversight role of the Office. </s>
	</p>
	<p n="19">
	  <s n="50"> To ensure its full independence, the Office of Internal Oversight Services proposed measures in A/60/901 aimed at strengthening its management and operational processes. </s>
	  <s n="51"> Among the areas that were identified as requiring improvement are funding arrangements based on a risk-based workplan, and a reformed budget process that would make the Office&apos;s funding independent of the Secretariat. </s>
	  <s n="52"> Other requirements pertain to human resources management, training, technology and knowledge management and space requirements. </s>
	  <s n="53"> Proposals on the foregoing matters presented in paragraphs 48 to 51, 109, 114, 117 and 119 of A/60/901 require extensive discussions and collaboration with various offices in the Secretariat. </s>
	  <s n="54"> The Office will launch these projects on the basis of their priority and the availability of resources in due course. </s>
	  <s n="55"> With the approval of needed funds proposed in the present revised estimates for training, technology and knowledge management, the Office will be able to embark on these essential strengthening initiatives first. </s>
	</p>
	<p n="20">
	  <s n="56"> The completion of the formulation of risk-based workplans is anticipated for the end of 2007. </s>
	  <s n="57"> Resources required on the basis of such a workplan will be taken into account in revised estimates to the Office&apos;s budget for the biennium 2008-2009, which are expected to be submitted by the Office under revised arrangements to the General Assembly at its sixty-third session, in the third quarter of 2008. </s>
	  <s n="58"> Consultations on the funding arrangements and the budget process will be carried out promptly, taking into account General Assembly decisions on the proposals contained in A/60/901. </s>
	</p>
	<p n="21">
	  <s n="59"> The external review recommended that the responsibility for the preparation of the biennial programme performance report of the Secretary-General be transferred to the Department of Management. </s>
	  <s n="60"> The Office agrees with this recommendation (see A/60/901, paras. </s>
	  <s n="61"> Arrangements to ensure the smooth transfer of this function are under discussion, and it is expected that this recommendation will be implemented in the context of the proposed programme budget for the biennium 2008-2009. </s>
	</p>
	<p n="22">
	  <s n="62"> The post tables in the present document reflect the redistribution and conversion of the 39 general temporary positions, a number of internal redeployments and the adjustments related to the transfer of the management consulting function. </s>
	  <s n="63"> As regards extrabudgetary information, it is recalled that the staffing of the Office under the peacekeeping support account has been financed as general temporary assistance pending reconsideration by the General Assembly after its review of reports on oversight and governance. </s>
	  <s n="64"> For consistency as regards traditional presentation, and given the pending reconsideration by the General Assembly, the peacekeeping support account staffing has been presented as previously approved for the 2005/06 period, with post changes reflecting already proposed adjustments to the staffing complement approved for that period. </s>
	</p>
	<p n="23">
	  <s n="65"> Table 1 Requirements by component and source of funds </s>
	</p>
	<p n="24">
	  <s n="66"> (1) Regular budget </s>
	</p>
	<p n="25">
	  <s n="67"> (2) Extrabudgetary </s>
	</p>
	<p n="26">
	  <s n="68"> a Extrabudgetary information reflects the planned conversion of general temporary assistance to posts under the peacekeeping support account. </s>
	</p>
	<p n="27">
	  <s n="69"> Executive direction and management </s>
	</p>
	<p n="28">
	  <s n="70"> Additional resource requirements: $400,700 </s>
	</p>
	<p n="29">
	  <s n="71"> Resource requirements reflect the strengthening of the Office of the Under-Secretary-General through the addition of three posts ($360,700), and a non-post provision to assist in developing and implementing a training and staff development strategy for the Office of Internal Oversight Services ($40,000). </s>
	  <s n="72"> As initially proposed in the programme budget, one P-5 post would be inwardly redeployed from the Internal Audit Division to carry out the essential functions of a Special Assistant to the Under-Secretary-General. </s>
	  <s n="73"> In addition, as detailed in paragraphs 98 to 102 of A/60/901, a P-5 and a P-3 post would be added, through conversion from overall general temporary assistance provisions, to augment the capacity of the Office of the Under-Secretary-General in two specific areas. </s>
	  <s n="74"> A Legal Officer at the P-5 level would report directly to the Under-Secretary-General for Internal Oversight Services and ensure the availability of competent legal counsel to enable the Office of Internal Oversight Services to respond properly to the outcome of oversight activities that become subject to legal review and to review reports on an as-required basis. </s>
	  <s n="75"> A Programme Officer at the P-3 level would deal with, among other things, the Office&apos;s internal and external communications, given the recent growth in the number of the Office&apos;s staff and their geographical dispersion. </s>
	</p>
	<p n="30">
	  <s n="76"> As reflected in paragraph 114 of A/60/901, the Office proposes to develop and implement, with expert assistance, a training and staff development strategy for the Office of Internal Oversight Services that will include a central inventory of staff skills and a related strategy, a career model for the Office&apos;s staff with defined career paths, and individualized training programmes. </s>
	  <s n="77"> Continuous training of staff is required, particularly in the field of audit, in compliance with the international auditing standards. </s>
	  <s n="78"> Equally important is to uphold the quality of the Office&apos;s work in other oversight disciplines. </s>
	  <s n="79"> Staff training is necessary to maintain quality. </s>
	  <s n="80"> Accordingly, an amount of $40,000 is proposed to hire a consultant for three months for the purpose of assisting in the development and implementation of a training and staff development strategy for the Office. </s>
	</p>
	<p n="31">
	  <s n="81"> Table 2 Resource requirements </s>
	</p>
	<p n="32">
	  <s n="82"> Programme of work </s>
	</p>
	<p n="33">
	  <s n="83"> Subprogramme 1 Internal audit </s>
	</p>
	<p n="34">
	  <s n="84"> Additional resource requirements: ($240,000) </s>
	</p>
	<p n="35">
	  <s n="85"> Conversions from general temporary assistance resources under subprogramme 1 consist of eight posts (1 D-1, 1 P-5, 3 P-4 and 3 P-3) to strengthen audit operations in New York, and a D-1 post to head audit operations based in Nairobi. </s>
	  <s n="86"> Resource requirements also reflect the redeployment of a General Service (Other level) post from Internal Audit, New York, to augment Internal Audit, Geneva, and the outward redeployment of a P-5 post to strengthen the Office of the Under-Secretary-General, and a P-3 to strengthen capacity in the Inspection and Evaluation Division, as initially reflected in the proposed programme budget for 2006-2007. </s>
	  <s n="87"> Paragraphs 58 to 64 of A/60/901 address in more detail the Internal Audit Division. </s>
	  <s n="88"> Non-post requirements reflect a reduction of $833,300 in general temporary assistance under this subprogramme, partially offset by a provision of $110,000 to provide licensing for 112 audit staff at $985 per staff member per annum to use the Auto-Audit electronic working papers system (see A/60/901, para. 117). </s>
	</p>
	<p n="36">
	  <s n="89"> Table 3 Resource requirements </s>
	</p>
	<p n="37">
	  <s n="90"> a Extrabudgetary information reflects the planned conversion of general temporary assistance to posts under the peacekeeping support account. </s>
	</p>
	<p n="38">
	  <s n="91"> Subprogramme 2 Inspection and evaluation </s>
	</p>
	<p n="39">
	  <s n="92"> Additional resource requirements: $878,600 </s>
	</p>
	<p n="40">
	  <s n="93"> Additional resource requirements of $878,600 include the strengthening of subprogramme 2 through the inward redeployment of a P-4 post from the Investigations Division to establish a self-evaluation and learning function and a P-3 post from the Internal Audit Division to increase capacity to carry out inspections, as initially reflected in the proposed programme budget for 2006-2007. </s>
	  <s n="94"> Nine posts (1 D-2, 3 P-3, 4 P-2, and 1 General Service (Other level)) are proposed for conversion from overall general temporary assistance provisions for the Office, given the need to strengthen this area (see A/60/901, paras. </s>
	</p>
	<p n="41">
	  <s n="95"> In addition, with the transfer of the management consulting function, four posts (1 D-1, 1 P-5, 1 P-2 and 1 General Service (Other level)) would be transferred to the Office of the Under-Secretary-General for Management. </s>
	  <s n="96"> Five posts (2 P-3, 2 P-2, and 1 General Service (Other level)) are proposed as replacements given the overall requirements under this subprogramme in support of the strengthened focus on inspection and evaluation (see A/60/901, paras. </s>
	</p>
	<p n="42">
	  <s n="97"> Table 4 Resource requirements </s>
	</p>
	<p n="43">
	  <s n="98"> Subprogramme 3 Investigations </s>
	</p>
	<p n="44">
	  <s n="99"> Additional resource requirements: ($593,600) </s>
	</p>
	<p n="45">
	  <s n="100"> Sixteen posts are proposed for conversion from general temporary assistance, of which eight posts (1 D-1, 4 P-4, 2 P-3 and 1 General Service (Other level)) would be based in New York, while the complement in Vienna would increase by six posts (1 P-5, 4 P-2 and 1 General Service (Other level)) and in Nairobi by two posts (2 P-4). </s>
	  <s n="101"> The Investigations Division is addressed in paragraphs 79 to 97 of A/60/901. </s>
	  <s n="102"> In addition, two posts (P-5 and P-4) from the investigations office in Vienna would be redeployed to the investigations office in New York, and one P-4 post would be redeployed from the investigations office in New York to the Inspection and Evaluation Division, as initially reflected in the proposed programme budget. </s>
	</p>
	<p n="46">
	  <s n="103"> As regards non-post resources, the reduction of $1,612,400 reflects a decrease in budgeted general temporary assistance provisions ($1,972,400), partially offset by increased provisions to implement a more comprehensive case management system ($300,000) and for forensic imaging ($60,000), as indicated in paragraph 117 of A/60/901. </s>
	  <s n="104"> The case management system is essential to store, manage and monitor all case-related information, including details and status. </s>
	  <s n="105"> A new system will provide increased compatibility with powerful tools available in the market and facilitate the extraction of statistical information from the case management database. </s>
	  <s n="106"> Its hardware will also improve remote access to the database. </s>
	  <s n="107"> Given the large number of cases received by the Division, its current set-up and capacity are insufficient to ensure efficient case management. </s>
	  <s n="108"> Forensic imaging would enable the Division to obtain comprehensive data imaging that is critical for probative material, including evidence stored electronically. </s>
	  <s n="109"> Currently, the ability of the Division in this regard is limited. </s>
	</p>
	<p n="47">
	  <s n="110"> Table 5 Resource requirements </s>
	</p>
	<p n="48">
	  <s n="111"> C. Programme support </s>
	</p>
	<p n="49">
	  <s n="112"> Additional resource requirements: $164,300 </s>
	</p>
	<p n="50">
	  <s n="113"> Resource requirements reflect three proposed General Service (Other level) posts, through conversion from overall general temporary assistance provisions, to ensure that the Executive Office maintains a capacity to administer increased operations ($144,300). </s>
	  <s n="114"> The net increase of $20,000 in non-post provisions reflects requirements for office layout alterations necessary to maximize the use of existing office space for the Office of Internal Oversight Services ($100,000), partially offset by a reduction in general temporary assistance of $80,000. </s>
	  <s n="115"> It is anticipated that a total of 2,000 square feet in the four locations of the Office in New York will have to be reconfigured at a cost of $50 per square foot, as part of ongoing efforts to resolve the current shortage of office space. </s>
	</p>
	<p n="51">
	  <s n="116"> Table 6 Resource requirements </s>
	</p>
	<p n="52">
	  <s n="117"> a Extrabudgetary information reflects the planned conversion of general temporary assistance to posts under the peacekeeping support account. </s>
	</p>
	<p n="53">
	  <s n="118"> Office of the Under-Secretary-General for Management </s>
	</p>
	<p n="54">
	  <s n="119"> Additional resource requirements of $601,400 under section 28A, Office of the Under-Secretary-General for Management, reflect the transfer of four posts (1 D-1, 1 P-5, 1 P-2, and 1 General Service (Other level)) from the Office of Internal Oversight Services in line with the transfer of the management consulting function. </s>
	  <s n="120"> In addition, two P-4 posts funded under the peacekeeping support account would be transferred to the Office of the Under-Secretary-General for Management, and would be reflected in the context of the support account budget proposals. </s>
	  <s n="121"> In addition to the post requirements of $589,000, related non-post provisions of $12,400 are required to cover costs for communications, maintenance of office equipment and supplies. </s>
	</p>
	<p n="55">
	  <s n="122"> Table 7 Requirements by component and source of funds (section 28A) </s>
	</p>
	<p n="56">
	  <s n="123"> (1) Regular budget </s>
	</p>
	<p n="57">
	  <s n="124"> (2) Extrabudgetary </s>
	</p>
	<p n="58">
	  <s n="125"> Subprogramme 1 Management services and administration of justice </s>
	</p>
	<p n="59">
	  <s n="126"> Table 8 Resource requirements </s>
	</p>
	<p n="60">
	  <s n="127"> Staff assessment </s>
	</p>
	<p n="61">
	  <s n="128"> As a result of the post adjustments in the present document, additional requirements amounting to $97,400 arise under section 35, Staff assessment, of the programme budget for the biennium 2006-2007. </s>
	  <s n="129"> This amount would be offset by an equivalent amount of income under income section 1, Income from staff assessment. </s>
	</p>
	<p n="62">
	  <s n="130"> Recommendations </s>
	</p>
	<p n="63">
	  <s n="131"> The General Assembly is requested to approve an additional appropriation of $1,308,800, consisting of $601,400 under section 28A, Office of the Under-Secretary-General for Management, $610,000 under section 29, Internal oversight, and $97,400 under section 35, Staff assessment, to be offset by an equivalent amount of income under income section 1, Income from staff assessment, of the programme budget for the biennium 2006-2007. </s>
	</p>
	<p n="64">
	  <s n="132"> Organizational structure and post distribution of the Office of Internal Oversight Services for the biennium 2006-2007 </s>
	</p>
	<p n="65">
	  <s n="133"> a Posts converted from general temporary assistance. </s>
	</p>
	<p n="66">
	  <s n="134"> b Inward redeployment. </s>
	</p>
	<p n="67">
	  <s n="135"> c Additional post to replace posts transferred to the Department of Management. </s>
	</p>
	<p n="68">
	  <s n="136"> Abbreviations: RB, regular budget; XB, extrabudgetary; USG, Under-Secretary-General; GS, General Service; PL, Principal level; OL, Other level. </s>
	</p>
	<p n="69">
	  <s n="137"> Organizational structure and post distribution of the Office of the Under-Secretary-General for Management for the biennium 2006-2007 </s>
	</p>
	<p n="70">
	  <s n="138"> a Posts transferred from the Office of Internal Oversight Services. </s>
	</p>
	<p n="71">
	  <s n="139"> Abbreviations: RB, regular budget; XB, extrabudgetary; USG, Under-Secretary-General; GS, General Service; PL, Principal level; OL, Other level. </s>
	</p>
	<p n="72">
	  <s n="140"> Office of the Under-Secretary-General </s>
	</p>
	<p n="73">
	  <s n="141"> 1 P-5b </s>
	</p>
	<p n="74">
	  <s n="142"> Executive Office </s>
	</p>
	<p n="75">
	  <s n="143"> Inspection and Evaluation Division </s>
	</p>
	<p n="76">
	  <s n="144"> 1 P-4b </s>
	</p>
	<p n="77">
	  <s n="145"> 1 P-3b </s>
	</p>
	<p n="78">
	  <s n="146"> 2 P-3c </s>
	</p>
	<p n="79">
	  <s n="147"> 2 P-2c </s>
	</p>
	<p n="80">
	  <s n="148"> 1 GS (OL)c </s>
	</p>
	<p n="81">
	  <s n="149"> Internal Audit Division </s>
	</p>
	<p n="82">
	  <s n="150"> 1 GS (OL)b </s>
	</p>
	<p n="83">
	  <s n="151"> Investigations Division </s>
	</p>
	<p n="84">
	  <s n="152"> Office of the </s>
	</p>
	<p n="85">
	  <s n="153"> Under-Secretary-General </s>
	</p>
	<p n="86">
	  <s n="154"> Executive Office of the Department </s>
	</p>
	<p n="87">
	  <s n="155"> Secretariat of the Fifth Committee and the Committee for Programme and Coordination </s>
	</p>
	<p n="88">
	  <s n="156"> Review and appeals </s>
	</p>
	<p n="89">
	  <s n="157"> Principal Office </s>
	</p>
	<p n="90">
	  <s n="158"> Office for Oversight and Internal Justice </s>
	</p>
	<p n="91">
	  <s n="159"> Management Consulting </s>
	</p>
	</body>
</text>
</DOC>