<?xml version="1.0" encoding="UTF-8"?>
<DOC lang="English" n="N0624501" id="A/61/50" date="2006/02/14">
<text>
	<body>
	<p n="1">
	  <s n="1"> Sixty-first session </s>
	</p>
	<p n="2">
	  <s n="2"> Preliminary list of items to be included in the provisional agenda of the sixty-first regular session of the General Assembly* </s>
	</p>
	<p n="3">
	  <s n="3"> * The numbering of the items in the preliminary list has been established in accordance with General Assembly resolution 58/316 of 1 July 2004 and reflects the biennial programme plan and priorities for the period 2006-2007. </s>
	</p>
	<p n="4">
	  <s n="4"> ** The provisional agenda will take into account the resolutions and decisions the General Assembly may still adopt at its sixtieth session. </s>
	</p>
	<p n="5">
	  <s n="5"> *** In paragraph 1 of its resolution 57/301 of 13 March 2003, the General Assembly decided to amend rule 1 of the rules of procedure of the Assembly to read: “The General Assembly shall meet every year in regular session commencing on the Tuesday of the third week in September, counting from the first week that contains at least one working day”. </s>
	</p>
	<p n="6">
	  <s n="6"> Note by the Secretary-General </s>
	</p>
	<p n="7">
	  <s n="7"> This document has been prepared in accordance with the recommendation of the Special Committee on the Rationalization of the Procedures and Organization of the General Assembly, as set forth in paragraph 17 (a) of annex II to Assembly resolution 2837 (XXVI) of 17 December 1971. </s>
	</p>
	<p n="8">
	  <s n="8"> The following documents relating to the agenda of the sixty-first session of the General Assembly will appear on the dates specified: </s>
	</p>
	<p n="9">
	  <s n="9"> Annotated preliminary list 15 June 2006 </s>
	</p>
	<p n="10">
	  <s n="10"> Provisional agenda** 14 July 2006 </s>
	</p>
	<p n="11">
	  <s n="11"> Supplementary list 24 August 2006 </s>
	</p>
	<p n="12">
	  <s n="12"> Memorandum by the Secretary-General to the General Committee 11 September 2006 </s>
	</p>
	<p n="13">
	  <s n="13"> The sixty-first session will convene at United Nations Headquarters on Tuesday, 12 September 2006, at 3 p.m.*** </s>
	</p>
	<p n="14">
	  <s n="14"> Opening of the session by the President of the General Assembly (rule 31). </s>
	</p>
	<p n="15">
	  <s n="15"> Minute of silent prayer or meditation (rule 62). </s>
	</p>
	<p n="16">
	  <s n="16"> Credentials of representatives to the sixty-first session of the General Assembly (rule 28): </s>
	</p>
	<p n="17">
	  <s n="17"> (a) Appointment of the members of the Credentials Committee; </s>
	</p>
	<p n="18">
	  <s n="18"> (b) Report of the Credentials Committee. </s>
	</p>
	<p n="19">
	  <s n="19"> Election of the President of the General Assembly (rule 30). </s>
	</p>
	<p n="20">
	  <s n="20"> Election of the officers of the Main Committees (rule 30).2 </s>
	</p>
	<p n="21">
	  <s n="21"> Election of the Vice-Presidents of the General Assembly (rule 30).2 </s>
	</p>
	<p n="22">
	  <s n="22"> Organization of work, adoption of the agenda and allocation of items: reports of the General Committee (rule 21). </s>
	</p>
	<p n="23">
	  <s n="23"> General debate (resolution 57/301 of 13 March 2003). </s>
	</p>
	<p n="24">
	  <s n="24"> Maintenance of international peace and security </s>
	</p>
	<p n="25">
	  <s n="25"> Report of the Security Council (rule 13 (b)). </s>
	</p>
	<p n="26">
	  <s n="26"> The role of diamonds in fuelling conflict (resolution 60/182 of 20 December 2005). </s>
	</p>
	<p n="27">
	  <s n="27"> Prevention of armed conflict. </s>
	</p>
	<p n="28">
	  <s n="28"> The situation in Central America: progress in fashioning a region of peace, freedom, democracy and development (decision 60/508 of 31 October 2005). </s>
	</p>
	<p n="29">
	  <s n="29"> The situation in the Middle East (resolutions 60/40 and 60/41 of 1 December 2005). </s>
	</p>
	<p n="30">
	  <s n="30"> Question of Palestine (resolutions 60/36 to 60/39 of 1 December 2005). </s>
	</p>
	<p n="31">
	  <s n="31"> Zone of peace and cooperation of the South Atlantic (decision 60/509 of 31 October 2005). </s>
	</p>
	<p n="32">
	  <s n="32"> The situation in Afghanistan (resolutions 60/32 A and B of 30 November 2005). </s>
	</p>
	<p n="33">
	  <s n="33"> The situation in the occupied territories of Azerbaijan.3 </s>
	</p>
	<p n="34">
	  <s n="34"> Necessity of ending the economic, commercial and financial embargo imposed by the United States of America against Cuba (resolution 60/12 of 8 November 2005). </s>
	</p>
	<p n="35">
	  <s n="35"> Question of Cyprus (resolution 58/316 of 1 July 2004).4 </s>
	</p>
	<p n="36">
	  <s n="36"> Armed aggression against the Democratic Republic of the Congo (resolution 58/316 of 1 July 2004).4 </s>
	</p>
	<p n="37">
	  <s n="37"> Question of the Falkland Islands (Malvinas) (resolution 58/316 of 1 July 2004).4 </s>
	</p>
	<p n="38">
	  <s n="38"> The situation of democracy and human rights in Haiti (resolution 58/316 of 1 July 2004).4 </s>
	</p>
	<p n="39">
	  <s n="39"> Armed Israeli aggression against the Iraqi nuclear installations and its grave consequences for the established international system concerning the peaceful uses of nuclear energy, the non-proliferation of nuclear weapons and international peace and security (resolution 58/316 of 1 July 2004).4 </s>
	</p>
	<p n="40">
	  <s n="40"> Consequences of the Iraqi occupation of and aggression against Kuwait (resolution 58/316 of 1 July 2004).4 </s>
	</p>
	<p n="41">
	  <s n="41"> Declaration of the Assembly of Heads of State and Government of the Organization of African Unity on the aerial and naval military attack against the Socialist People&apos;s Libyan Arab Jamahiriya by the present United States Administration in April 1986 (resolution 58/316 of 1 July 2004).4 </s>
	</p>
	<p n="42">
	  <s n="42"> University for Peace (resolution 58/316 of 1 July 2004). </s>
	</p>
	<p n="43">
	  <s n="43"> Effects of atomic radiation (resolution 60/98 of 8 December 2005). </s>
	</p>
	<p n="44">
	  <s n="44"> International cooperation in the peaceful uses of outer space (resolution 60/99 of 8 December 2005). </s>
	</p>
	<p n="45">
	  <s n="45"> United Nations Relief and Works Agency for Palestine Refugees in the Near East (resolutions 60/100 to 60/103 of 8 December 2005). </s>
	</p>
	<p n="46">
	  <s n="46"> Report of the Special Committee to Investigate Israeli Practices Affecting the Human Rights of the Palestinian People and Other Arabs of the Occupied Territories (resolutions 60/104 to 60/108 of 8 December 2005). </s>
	</p>
	<p n="47">
	  <s n="47"> Comprehensive review of the whole question of peacekeeping operations in all their aspects. </s>
	</p>
	<p n="48">
	  <s n="48"> Questions relating to information (resolutions 60/109 A and B of 8 December 2005). </s>
	</p>
	<p n="49">
	  <s n="49"> Information from Non-Self-Governing Territories transmitted under Article 73 e of the Charter of the United Nations (resolution 60/110 of 8 December 2005). </s>
	</p>
	<p n="50">
	  <s n="50"> Economic and other activities which affect the interests of the peoples of the Non-Self-Governing Territories (resolution 60/111 of 8 December 2005). </s>
	</p>
	<p n="51">
	  <s n="51"> Implementation of the Declaration on the Granting of Independence to Colonial Countries and Peoples by the specialized agencies and the international institutions associated with the United Nations (resolution 60/112 of 8 December 2005). </s>
	</p>
	<p n="52">
	  <s n="52"> Offers by Member States of study and training facilities for inhabitants of Non-Self-Governing Territories (resolution 60/113 of 8 December 2005). </s>
	</p>
	<p n="53">
	  <s n="53"> Implementation of the Declaration on the Granting of Independence to Colonial Countries and Peoples (resolutions 60/114 to 60/120 and decision 60/525 of 8 December 2005). </s>
	</p>
	<p n="54">
	  <s n="54"> Question of the Malagasy islands of Glorieuses, Juan de Nova, Europa and Bassas da India (decision 60/503 A of 20 September 2005). </s>
	</p>
	<p n="55">
	  <s n="55"> Permanent sovereignty of the Palestinian people in the Occupied Palestinian Territory, including East Jerusalem, and of the Arab population in the occupied Syrian Golan over their natural resources (resolution 60/183 of 22 December 2005). </s>
	</p>
	<p n="56">
	  <s n="56"> Report of the United Nations High Commissioner for Refugees, questions relating to refugees, returnees and displaced persons and humanitarian questions (resolutions 428 (V) of 14 December 1950, 59/171 of 20 December 2004 and 60/128 and 60/129 of 16 December 2005). </s>
	</p>
	<p n="57">
	  <s n="57"> Promotion of sustained economic growth and sustainable development in accordance with the relevant resolutions of the General Assembly and recent United Nations conferences </s>
	</p>
	<p n="58">
	  <s n="58"> Report of the Economic and Social Council (rule 13 (b); General Assembly resolutions 3281 (XXIX) of 12 December 1974, 58/231 of 23 December 2003 and 60/34 of 30 November 2005 and Economic and Social Council decision 1982/112 of 26 April 1982). </s>
	</p>
	<p n="59">
	  <s n="59"> Return and restitution of cultural property to the countries of origin (resolutions 58/17 of 3 December 2003 and 58/316 of 1 July 2004). </s>
	</p>
	<p n="60">
	  <s n="60"> Culture of peace (resolutions 60/3 of 20 October 2005 and 60/10 and 60/11 of 3 November 2005). </s>
	</p>
	<p n="61">
	  <s n="61"> The role of the United Nations in promoting a new global human order (decision 59/543 of 23 December 2004). </s>
	</p>
	<p n="62">
	  <s n="62"> Follow-up to the outcome of the twenty-sixth special session: implementation of the Declaration of Commitment on HIV/AIDS (resolution S-26/2 of 27 June 2001). </s>
	</p>
	<p n="63">
	  <s n="63"> Integrated and coordinated implementation of and follow-up to the outcomes of the major United Nations conferences and summits in the economic, social and related fields.6 </s>
	</p>
	<p n="64">
	  <s n="64"> 2001-2010: Decade to Roll Back Malaria in Developing Countries, Particularly in Africa (resolution 60/221 of 23 December 2005). </s>
	</p>
	<p n="65">
	  <s n="65"> Sport for peace and development (resolution 60/9 of 3 November 2005). </s>
	</p>
	<p n="66">
	  <s n="66"> Information and communication technologies for development (resolution 50/130 of 20 December 1995). </s>
	</p>
	<p n="67">
	  <s n="67"> Macroeconomic policy questions: </s>
	</p>
	<p n="68">
	  <s n="68"> (a) International trade and development (resolutions 1995 (XIX) of 30 December 1964 and 60/184 of 22 December 2005); </s>
	</p>
	<p n="69">
	  <s n="69"> (b) International financial system and development (resolution 60/186 of 22 December 2005); </s>
	</p>
	<p n="70">
	  <s n="70"> (c) External debt crisis and development (resolution 60/187 of 22 December 2005); </s>
	</p>
	<p n="71">
	  <s n="71"> (d) Commodities (resolution 59/224 of 22 December 2004). </s>
	</p>
	<p n="72">
	  <s n="72"> Follow-up to and implementation of the outcome of the International Conference on Financing for Development (resolution 60/188 of 22 December 2005). </s>
	</p>
	<p n="73">
	  <s n="73"> Sustainable development (decision 60/549 of 22 December 2005): </s>
	</p>
	<p n="74">
	  <s n="74"> (a) Implementation of Agenda 21, the Programme for the Further Implementation of Agenda 21 and the outcomes of the World Summit on Sustainable Development (resolutions 47/191 of 22 December 1992 and 60/193 of 22 December 2005); </s>
	</p>
	<p n="75">
	  <s n="75"> (b) Follow-up to and implementation of the Mauritius Strategy for the Further Implementation of the Programme of Action for the Sustainable Development of Small Island Developing States (resolutions 59/230 of 22 December 2004 and 60/194 of 22 December 2005); </s>
	</p>
	<p n="76">
	  <s n="76"> (c) International Strategy for Disaster Reduction (resolutions 59/232 of 22 December 2004 and 60/195 and 60/196 of 22 December 2005); </s>
	</p>
	<p n="77">
	  <s n="77"> (d) Protection of global climate for present and future generations of mankind (resolution 60/197 of 22 December 2005); </s>
	</p>
	<p n="78">
	  <s n="78"> (e) Implementation of the United Nations Convention to Combat Desertification in Those Countries Experiencing Serious Drought and/or Desertification, Particularly in Africa (resolution 60/201 of 22 December 2005); </s>
	</p>
	<p n="79">
	  <s n="79"> (f) Convention on Biological Diversity (resolution 60/202 of 22 December 2005); </s>
	</p>
	<p n="80">
	  <s n="80"> (g) Report of the Governing Council of the United Nations Environment Programme on its ninth special session (resolutions 2997 (XXVII) of 15 December 1972, 59/226 of 22 December 2004 and 60/189 of 22 December 2005). </s>
	</p>
	<p n="81">
	  <s n="81"> Implementation of the outcome of the United Nations Conference on Human Settlements (Habitat II) and strengthening of the United Nations Human Settlements Programme (UN-Habitat) (resolution 60/203 of 22 December 2005). </s>
	</p>
	<p n="82">
	  <s n="82"> Globalization and interdependence: </s>
	</p>
	<p n="83">
	  <s n="83"> (a) Globalization and interdependence (resolution 60/204 of 22 December 2005); </s>
	</p>
	<p n="84">
	  <s n="84"> (b) International migration and development (resolutions 58/208 of 23 December 2003, 59/241 of 22 December 2004, 60/206 of 22 December 2005 and 60/227 of 23 December 2005); </s>
	</p>
	<p n="85">
	  <s n="85"> (c) Culture and development (decision 60/549 of 22 December 2005); </s>
	</p>
	<p n="86">
	  <s n="86"> (d) Preventing and combating corrupt practices and transfer of funds of illicit origin and returning such assets, in particular to the countries of origin, consistent with the United Nations Convention against Corruption (resolution 60/207 of 22 December 2005); </s>
	</p>
	<p n="87">
	  <s n="87"> (e) Integration of the economies in transition into the world economy (resolutions 48/181 of 21 December 1993 and 59/243 of 22 December 2004). </s>
	</p>
	<p n="88">
	  <s n="88"> Groups of countries in special situations: </s>
	</p>
	<p n="89">
	  <s n="89"> (a) Third United Nations Conference on the Least Developed Countries (resolutions 59/244 of 22 December 2004 and 60/228 of 23 December 2005); </s>
	</p>
	<p n="90">
	  <s n="90"> (b) Specific actions related to the particular needs and problems of landlocked developing countries: outcome of the International Ministerial Conference of Landlocked and Transit Developing Countries and Donor Countries and International Financial and Development Institutions on Transit Transport Cooperation (resolution 60/208 of 22 December 2005). </s>
	</p>
	<p n="91">
	  <s n="91"> Eradication of poverty and other development issues: </s>
	</p>
	<p n="92">
	  <s n="92"> (a) Implementation of the first United Nations Decade for the Eradication of Poverty (1997-2006) (resolutions 59/246 of 22 December 2004 and 60/209 of 22 December 2005); </s>
	</p>
	<p n="93">
	  <s n="93"> (b) Industrial development cooperation (resolution 59/249 of 22 December 2004). </s>
	</p>
	<p n="94">
	  <s n="94"> Operational activities for development: operational activities for development of the United Nations system (resolution 39/125 of 14 December 1984 and decision 60/549 of 22 December 2005). </s>
	</p>
	<p n="95">
	  <s n="95"> Training and research: United Nations University (resolutions 3081 (XXVIII) of 6 December 1973 and 59/253 of 22 December 2004). </s>
	</p>
	<p n="96">
	  <s n="96"> Social development (decision 60/537 of 16 December 2005): </s>
	</p>
	<p n="97">
	  <s n="97"> (a) Implementation of the outcome of the World Summit for Social Development and of the twenty-fourth special session of the General Assembly (resolution 60/130 of 16 December 2005); </s>
	</p>
	<p n="98">
	  <s n="98"> (b) Social development, including questions relating to the world social situation and to youth, ageing, disabled persons and the family (decision 60/537 of 16 December 2005);7 </s>
	</p>
	<p n="99">
	  <s n="99"> (c) United Nations Literacy Decade: education for all (resolution 59/149 of 20 December 2004); </s>
	</p>
	<p n="100">
	  <s n="100"> (d) Follow-up to the International Year of Older Persons: Second World Assembly on Ageing (resolution 60/135 of 16 December 2005).7 </s>
	</p>
	<p n="101">
	  <s n="101"> Advancement of women: </s>
	</p>
	<p n="102">
	  <s n="102"> (a) Advancement of women (resolutions 34/180 of 18 December 1979, 39/125 of 14 December 1984, 45/124 of 14 December 1990, 59/164 and 59/166 of 20 December 2004, 60/136 and 60/140 of 16 December 2005 and 60/230 of 23 December 2005); </s>
	</p>
	<p n="103">
	  <s n="103"> (b) Implementation of the outcome of the Fourth World Conference on Women and of the twenty-third special session of the General Assembly, entitled “Women 2000: gender equality, development and peace for the twenty-first century” (resolutions 50/203 of 22 December 1995 and 52/100 of 12 December 1997).7 </s>
	</p>
	<p n="104">
	  <s n="104"> C. Development of Africa </s>
	</p>
	<p n="105">
	  <s n="105"> New Partnership for Africa&apos;s Development: progress in implementation and international support: </s>
	</p>
	<p n="106">
	  <s n="106"> (a) New Partnership for Africa&apos;s Development: progress in implementation and international support (resolution 60/222 of 23 December 2005); </s>
	</p>
	<p n="107">
	  <s n="107"> (b) Causes of conflict and the promotion of durable peace and sustainable development in Africa (resolution 60/223 of 23 December 2005). </s>
	</p>
	<p n="108">
	  <s n="108"> Promotion of human rights </s>
	</p>
	<p n="109">
	  <s n="109"> Promotion and protection of the rights of children: </s>
	</p>
	<p n="110">
	  <s n="110"> (a) Promotion and protection of the rights of children (resolutions 44/25 of 20 November 1989 and 60/231 of 23 December 2005); </s>
	</p>
	<p n="111">
	  <s n="111"> (b) Follow-up to the outcome of the special session on children (resolution 58/282 of 9 February 2004 and decision 60/537 of 16 December 2005). </s>
	</p>
	<p n="112">
	  <s n="112"> Indigenous issues: </s>
	</p>
	<p n="113">
	  <s n="113"> (a) Indigenous issues (resolution 60/142 of 16 December 2005); </s>
	</p>
	<p n="114">
	  <s n="114"> (b) Second International Decade of the World&apos;s Indigenous People (resolution 60/142 of 16 December 2005). </s>
	</p>
	<p n="115">
	  <s n="115"> Elimination of racism and racial discrimination: </s>
	</p>
	<p n="116">
	  <s n="116"> (a) Elimination of racism and racial discrimination (resolutions 2106 A (XX) of 21 December 1965, 3380 (XXX) of 10 November 1975, 59/176 and 59/177 of 20 December 2004 and 60/143 and 60/144 of 16 December 2005); </s>
	</p>
	<p n="117">
	  <s n="117"> (b) Comprehensive implementation of and follow-up to the Durban Declaration and Programme of Action (decision 60/537 of 16 December 2005). </s>
	</p>
	<p n="118">
	  <s n="118"> Right of peoples to self-determination (resolution 60/145 of 16 December 2005). </s>
	</p>
	<p n="119">
	  <s n="119"> Promotion and protection of human rights: </s>
	</p>
	<p n="120">
	  <s n="120"> (a) Implementation of human rights instruments (resolutions 2200 A (XXI) of 16 December 1966, 39/46 of 10 December 1984, 59/262 of 23 December 2004 and 60/148 of 16 December 2005); </s>
	</p>
	<p n="121">
	  <s n="121"> (b) Human rights questions, including alternative approaches for improving the effective enjoyment of human rights and fundamental freedoms (resolutions 59/186, 59/189, 59/190, 59/193, 59/196, 59/197, 59/200, 59/203 and 59/204 of 20 December 2004, 60/150 to 60/153, 60/155 to 60/158, 60/161, 60/165, 60/166 and 60/169 of 16 December 2005 and 60/232 of 23 December 2005); </s>
	</p>
	<p n="122">
	  <s n="122"> (c) Human rights situations and reports of special rapporteurs and representatives (resolutions 60/170 to 60/172 and 60/174 of 16 December 2005 and 60/233 of 23 December 2005); </s>
	</p>
	<p n="123">
	  <s n="123"> (d) Comprehensive implementation of and follow-up to the Vienna Declaration and Programme of Action (resolutions 48/121 and 48/141 of 20 December 1993). </s>
	</p>
	<p n="124">
	  <s n="124"> E. Effective coordination of humanitarian assistance efforts </s>
	</p>
	<p n="125">
	  <s n="125"> Strengthening of the coordination of humanitarian and disaster relief assistance of the United Nations, including special economic assistance (resolutions 46/182 of 19 December 1991, 60/13 and 60/15 of 14 November 2005 and 60/123 of 15 December 2005): </s>
	</p>
	<p n="126">
	  <s n="126"> (a) Strengthening of the coordination of emergency humanitarian assistance of the United Nations (resolutions 60/124 and 60/125 of 15 December 2005); </s>
	</p>
	<p n="127">
	  <s n="127"> (b) Special economic assistance to individual countries or regions (resolutions 59/214 to 59/216 and 59/219 of 22 December 2004 and 60/219 and 60/220 of 22 December 2005); </s>
	</p>
	<p n="128">
	  <s n="128"> (c) Participation of volunteers, “White Helmets”, in the activities of the United Nations in the field of humanitarian relief, rehabilitation and technical cooperation for development (resolution 58/316 of 1 July 2004); </s>
	</p>
	<p n="129">
	  <s n="129"> (d) Assistance to the Palestinian people (resolution 60/126 of 15 December 2005). </s>
	</p>
	<p n="130">
	  <s n="130"> Promotion of justice and international law </s>
	</p>
	<p n="131">
	  <s n="131"> Report of the International Court of Justice (rule 13 (b)). </s>
	</p>
	<p n="132">
	  <s n="132"> Oceans and the law of the sea: </s>
	</p>
	<p n="133">
	  <s n="133"> (a) Oceans and the law of the sea (resolutions 49/28 of 6 December 1994, 59/24 of 17 November 2004 and 60/30 of 29 November 2005); </s>
	</p>
	<p n="134">
	  <s n="134"> (b) Sustainable fisheries, including through the 1995 Agreement for the Implementation of the Provisions of the United Nations Convention on the Law of the Sea of 10 December 1982 relating to the Conservation and Management of Straddling Fish Stocks and Highly Migratory Fish Stocks, and related instruments (resolutions 58/14 of 24 November 2003, 59/25 of 17 November 2004 and 60/31 of 29 November 2005). </s>
	</p>
	<p n="135">
	  <s n="135"> Report of the International Criminal Tribunal for the Prosecution of Persons Responsible for Genocide and Other Serious Violations of International Humanitarian Law Committed in the Territory of Rwanda and Rwandan Citizens Responsible for Genocide and Other Such Violations Committed in the Territory of Neighbouring States between 1 January and 31 December 1994 (Security Council resolution 955 (1994) of 8 November 1994 and General Assembly decision 60/505 of 10 October 2005). </s>
	</p>
	<p n="136">
	  <s n="136"> Report of the International Tribunal for the Prosecution of Persons Responsible for Serious Violations of International Humanitarian Law Committed in the Territory of the Former Yugoslavia since 1991 (Security Council resolution 827 (1993) of 25 May 1993 and General Assembly decision 60/506 of 10 October 2005). </s>
	</p>
	<p n="137">
	  <s n="137"> Report of the International Criminal Court (resolution 60/29 of 23 November 2005). </s>
	</p>
	<p n="138">
	  <s n="138"> Status of the Protocols Additional to the Geneva Conventions of 1949 and relating to the protection of victims of armed conflicts (resolution 59/36 of 2 December 2004). </s>
	</p>
	<p n="139">
	  <s n="139"> Consideration of effective measures to enhance the protection, security and safety of diplomatic and consular missions and representatives (resolution 59/37 of 2 December 2004). </s>
	</p>
	<p n="140">
	  <s n="140"> Report of the United Nations Commission on International Trade Law on the work of its thirty-ninth session (resolutions 2205 (XXI) of 17 December 1966 and 60/20 of 23 November 2005). </s>
	</p>
	<p n="141">
	  <s n="141"> Report of the International Law Commission on the work of its fifty-eighth session (resolution 60/22 of 23 November 2005). </s>
	</p>
	<p n="142">
	  <s n="142"> Report of the Special Committee on the Charter of the United Nations and on the Strengthening of the Role of the Organization (resolution 60/23 of 23 November 2005). </s>
	</p>
	<p n="143">
	  <s n="143"> Disarmament </s>
	</p>
	<p n="144">
	  <s n="144"> Report of the International Atomic Energy Agency (resolutions 1145 (XII) of 14 November 1957 and 60/6 of 31 October 2005). </s>
	</p>
	<p n="145">
	  <s n="145"> Reduction of military budgets (resolution 60/44 of 8 December 2005): </s>
	</p>
	<p n="146">
	  <s n="146"> Maintenance of international security — good-neighbourliness, stability and development in South-Eastern Europe (resolution 59/59 of 3 December 2004). </s>
	</p>
	<p n="147">
	  <s n="147"> Verification in all its aspects, including the role of the United Nations in the field of verification (resolution 59/60 of 3 December 2004). </s>
	</p>
	<p n="148">
	  <s n="148"> Developments in the field of information and telecommunications in the context of international security (resolution 60/45 of 8 December 2005). </s>
	</p>
	<p n="149">
	  <s n="149"> Role of science and technology in the context of international security and disarmament (resolution 60/51 of 8 December 2005). </s>
	</p>
	<p n="150">
	  <s n="150"> Establishment of a nuclear-weapon-free zone in the region of the Middle East (resolution 60/52 of 8 December 2005). </s>
	</p>
	<p n="151">
	  <s n="151"> Conclusion of effective international arrangements to assure non-nuclear-weapon States against the use or threat of use of nuclear weapons (resolution 60/53 of 8 December 2005). </s>
	</p>
	<p n="152">
	  <s n="152"> Prevention of an arms race in outer space (resolution 60/54 of 8 December 2005). </s>
	</p>
	<p n="153">
	  <s n="153"> General and complete disarmament: </s>
	</p>
	<p n="154">
	  <s n="154"> (a) Notification of nuclear tests (resolution 42/38 C of 30 November 1987); </s>
	</p>
	<p n="155">
	  <s n="155"> (b) Missiles (resolution 59/67 of 3 December 2004 and decision 60/515 of 8 December 2005); </s>
	</p>
	<p n="156">
	  <s n="156"> (c) Measures to uphold the authority of the 1925 Geneva Protocol (resolution 59/70 of 3 December 2004); </s>
	</p>
	<p n="157">
	  <s n="157"> (d) Mongolia&apos;s international security and nuclear-weapon-free status (resolution 59/73 of 3 December 2004); </s>
	</p>
	<p n="158">
	  <s n="158"> (e) Consolidation of peace through practical disarmament measures (resolution 59/82 of 3 December 2004); </s>
	</p>
	<p n="159">
	  <s n="159"> (f) Disarmament and non-proliferation education (resolution 59/93 of 3 December 2004); </s>
	</p>
	<p n="160">
	  <s n="160"> (g) Towards a nuclear-weapon-free world: accelerating the implementation of nuclear disarmament commitments (resolution 60/56 of 8 December 2005); </s>
	</p>
	<p n="161">
	  <s n="161"> (h) Nuclear-weapon-free southern hemisphere and adjacent areas (resolution 60/58 of 8 December 2005); </s>
	</p>
	<p n="162">
	  <s n="162"> (i) Promotion of multilateralism in the area of disarmament and non-proliferation (resolution 60/59 of 8 December 2005); </s>
	</p>
	<p n="163">
	  <s n="163"> (j) Observance of environmental norms in the drafting and implementation of agreements on disarmament and arms control (resolution 60/60 of 8 December 2005); </s>
	</p>
	<p n="164">
	  <s n="164"> (k) Relationship between disarmament and development (resolution 60/61 of 8 December 2005); </s>
	</p>
	<p n="165">
	  <s n="165"> (l) The Hague Code of Conduct against Ballistic Missile Proliferation (resolution 60/62 of 8 December 2005); </s>
	</p>
	<p n="166">
	  <s n="166"> (m) Regional disarmament (resolution 60/63 of 8 December 2005); </s>
	</p>
	<p n="167">
	  <s n="167"> (n) Confidence-building measures in the regional and subregional context (resolution 60/64 of 8 December 2005); </s>
	</p>
	<p n="168">
	  <s n="168"> (o) Transparency and confidence-building measures in outer space activities (resolution 60/66 of 8 December 2005); </s>
	</p>
	<p n="169">
	  <s n="169"> (p) Implementation of the Convention on the Prohibition of the Development, Production, Stockpiling and Use of Chemical Weapons and on Their Destruction (resolution 60/67 of 8 December 2005); </s>
	</p>
	<p n="170">
	  <s n="170"> (q) Nuclear disarmament (resolution 60/70 of 8 December 2005); </s>
	</p>
	<p n="171">
	  <s n="171"> (r) Assistance to States for curbing the illicit traffic in small arms and light weapons and collecting them (resolution 60/71 of 8 December 2005); </s>
	</p>
	<p n="172">
	  <s n="172"> (s) Problems arising from the accumulation of conventional ammunition stockpiles in surplus (resolution 60/74 of 8 December 2005); </s>
	</p>
	<p n="173">
	  <s n="173"> (t) Conventional arms control at the regional and subregional levels (resolution 60/75 of 8 December 2005); </s>
	</p>
	<p n="174">
	  <s n="174"> (u) Follow-up to the advisory opinion of the International Court of Justice on the Legality of the Threat or Use of Nuclear Weapons (resolution 60/76 of 8 December 2005); </s>
	</p>
	<p n="175">
	  <s n="175"> (v) Measures to prevent terrorists from acquiring weapons of mass destruction (resolution 60/78 of 8 December 2005); </s>
	</p>
	<p n="176">
	  <s n="176"> (w) Reducing nuclear danger (resolution 60/79 of 8 December 2005); </s>
	</p>
	<p n="177">
	  <s n="177"> (x) Implementation of the Convention on the Prohibition of the Use, Stockpiling, Production and Transfer of Anti-personnel Mines and on Their Destruction (resolution 60/80 of 8 December 2005); </s>
	</p>
	<p n="178">
	  <s n="178"> (y) The illicit trade in small arms and light weapons in all its aspects (resolution 60/81 of 8 December 2005); </s>
	</p>
	<p n="179">
	  <s n="179"> (z) Information on confidence-building measures in the field of conventional arms (resolution 60/82 of 8 December 2005); </s>
	</p>
	<p n="180">
	  <s n="180"> (aa) Transparency in armaments (resolution 60/226 of 23 December 2005); </s>
	</p>
	<p n="181">
	  <s n="181"> (bb) Establishment of a nuclear-weapon-free zone in Central Asia (decision 60/516 of 8 December 2005); </s>
	</p>
	<p n="182">
	  <s n="182"> (cc) United Nations conference to identify ways of eliminating nuclear dangers in the context of nuclear disarmament (decision 60/517 of 8 December 2005); </s>
	</p>
	<p n="183">
	  <s n="183"> (dd) Convening of the fourth special session of the General Assembly devoted to disarmament (decision 60/518 of 8 December 2005). </s>
	</p>
	<p n="184">
	  <s n="184"> Review and implementation of the Concluding Document of the Twelfth Special Session of the General Assembly: </s>
	</p>
	<p n="185">
	  <s n="185"> (a) United Nations disarmament fellowship, training and advisory services (resolution 59/97 of 3 December 2004); </s>
	</p>
	<p n="186">
	  <s n="186"> (b) United Nations Disarmament Information Programme (resolution 59/103 of 3 December 2004); </s>
	</p>
	<p n="187">
	  <s n="187"> (c) United Nations regional centres for peace and disarmament (resolution 60/83 of 8 December 2005); </s>
	</p>
	<p n="188">
	  <s n="188"> (d) United Nations Regional Centre for Peace, Disarmament and Development in Latin America and the Caribbean (resolution 60/84 of 8 December 2005); </s>
	</p>
	<p n="189">
	  <s n="189"> (e) United Nations Regional Centre for Peace and Disarmament in Asia and the Pacific (resolution 60/85 of 8 December 2005); </s>
	</p>
	<p n="190">
	  <s n="190"> (f) United Nations Regional Centre for Peace and Disarmament in Africa (resolution 60/86 of 8 December 2005); </s>
	</p>
	<p n="191">
	  <s n="191"> (g) Regional confidence-building measures: activities of the United Nations Standing Advisory Committee on Security Questions in Central Africa (resolution 60/87 of 8 December 2005); </s>
	</p>
	<p n="192">
	  <s n="192"> (h) Convention on the Prohibition of the Use of Nuclear Weapons (resolution 60/88 of 8 December 2005). </s>
	</p>
	<p n="193">
	  <s n="193"> Review of the implementation of the recommendations and decisions adopted by the General Assembly at its tenth special session: </s>
	</p>
	<p n="194">
	  <s n="194"> (a) Advisory Board on Disarmament Matters (resolution 38/183 O of 20 December 1983); </s>
	</p>
	<p n="195">
	  <s n="195"> (b) United Nations Institute for Disarmament Research (resolution 39/148 H of 17 December 1984); </s>
	</p>
	<p n="196">
	  <s n="196"> (c) Report of the Conference on Disarmament (resolutions 60/46 and 60/90 of 8 December 2005); </s>
	</p>
	<p n="197">
	  <s n="197"> (d) Report of the Disarmament Commission (resolution 60/91 of 8 December 2005). </s>
	</p>
	<p n="198">
	  <s n="198"> The risk of nuclear proliferation in the Middle East (resolution 60/92 of 8 December 2005). </s>
	</p>
	<p n="199">
	  <s n="199"> Convention on Prohibitions or Restrictions on the Use of Certain Conventional Weapons Which May Be Deemed to Be Excessively Injurious or to Have Indiscriminate Effects (resolution 60/93 of 8 December 2005). </s>
	</p>
	<p n="200">
	  <s n="200"> Strengthening of security and cooperation in the Mediterranean region (resolution 60/94 of 8 December 2005). </s>
	</p>
	<p n="201">
	  <s n="201"> Comprehensive Nuclear-Test-Ban Treaty (resolution 60/95 of 8 December 2005). </s>
	</p>
	<p n="202">
	  <s n="202"> Convention on the Prohibition of the Development, Production and Stockpiling of Bacteriological (Biological) and Toxin Weapons and on Their Destruction (resolution 60/96 of 8 December 2005). </s>
	</p>
	<p n="203">
	  <s n="203"> H. Drug control, crime prevention and combating international terrorism in all its forms and manifestations </s>
	</p>
	<p n="204">
	  <s n="204"> Crime prevention and criminal justice (resolutions 60/175 to 60/177 of 16 December 2005). </s>
	</p>
	<p n="205">
	  <s n="205"> International drug control (resolution 60/178 of 16 December 2005). </s>
	</p>
	<p n="206">
	  <s n="206"> Measures to eliminate international terrorism (resolution 60/43 of 8 December 2005). </s>
	</p>
	<p n="207">
	  <s n="207"> Organizational, administrative and other matters </s>
	</p>
	<p n="208">
	  <s n="208"> Notification by the Secretary-General under Article 12, paragraph 2, of the Charter of the United Nations (rule 49). </s>
	</p>
	<p n="209">
	  <s n="209"> Report of the Secretary-General on the work of the Organization (rules 13 (a) and 48; resolutions 47/120 B of 20 September 1993 and 51/241 of 31 July 1997). </s>
	</p>
	<p n="210">
	  <s n="210"> Elections to fill vacancies in principal organs: </s>
	</p>
	<p n="211">
	  <s n="211"> (a) Election of five non-permanent members of the Security Council (rule 142; decision 60/403 of 10 October 2005); </s>
	</p>
	<p n="212">
	  <s n="212"> (b) Election of eighteen members of the Economic and Social Council (rule 145; decision 60/404 of 17 October 2005). </s>
	</p>
	<p n="213">
	  <s n="213"> Appointment of the Secretary-General of the United Nations (rule 141; resolution 55/277 of 29 June 2001). </s>
	</p>
	<p n="214">
	  <s n="214"> Elections to fill vacancies in subsidiary organs and other elections: </s>
	</p>
	<p n="215">
	  <s n="215"> (a) Election of seven members of the Committee for Programme and Coordination (Economic and Social Council resolution 2008 (LX) of 14 May 1976 and General Assembly decision 60/405 of 3 November 2005); </s>
	</p>
	<p n="216">
	  <s n="216"> (b) Election of thirty members of the United Nations Commission on International Trade Law (decisions 55/308 of 16 October 2000 and 58/407 of 17 November 2003); </s>
	</p>
	<p n="217">
	  <s n="217"> (c) Election of the members of the International Law Commission (decision 56/311 of 7 November 2001). </s>
	</p>
	<p n="218">
	  <s n="218"> Appointments to fill vacancies in subsidiary organs and other appointments: </s>
	</p>
	<p n="219">
	  <s n="219"> (a) Appointment of members of the Committee on Conferences (resolution 43/222 B of 21 December 1988 and decision 60/407 of 3 November 2005); </s>
	</p>
	<p n="220">
	  <s n="220"> (b) Appointment of members of the Joint Inspection Unit (resolution 31/192 of 22 December 1976 and decisions 58/422 of 5 August 2004, 59/416 A of 28 April 2005 and 59/416 B of 24 August 2005); </s>
	</p>
	<p n="221">
	  <s n="221"> (c) Appointment of the members of the Consultative Committee of the United Nations Development Fund for Women (decision 58/416 of 17 December 2003); </s>
	</p>
	<p n="222">
	  <s n="222"> (d) Appointment of members of the Advisory Committee on Administrative and Budgetary Questions (rule 155; decision 60/410 of 23 November 2005); </s>
	</p>
	<p n="223">
	  <s n="223"> (e) Appointment of members of the Committee on Contributions (rule 158; decision 60/411 of 23 November 2005); </s>
	</p>
	<p n="224">
	  <s n="224"> (f) Confirmation of the appointment of members of the Investments Committee (resolution 155 (II) of 15 November 1947 and decision 60/412 of 23 November 2005); </s>
	</p>
	<p n="225">
	  <s n="225"> (g) Appointment of members of the United Nations Administrative Tribunal (resolutions 351 A (IV) of 24 November 1949, 55/159 of 12 December 2000 and 59/283 of 13 April 2005 and decision 59/410 of 8 December 2004); </s>
	</p>
	<p n="226">
	  <s n="226"> (h) Appointment of members of the International Civil Service Commission (resolution 3357 (XXIX) of 18 December 1974): </s>
	</p>
	<p n="227">
	  <s n="227"> (i) Appointment of members of the Commission (decision 60/414 of 23 November 2005); </s>
	</p>
	<p n="228">
	  <s n="228"> (ii) Designation of the Chairman and the Vice-Chairman of the Commission (decision 57/410 of 4 December 2002). </s>
	</p>
	<p n="229">
	  <s n="229"> Election of the judges of the International Criminal Tribunal for the Prosecution of Persons Responsible for Genocide and Other Serious Violations of International Humanitarian Law Committed in the Territory of Rwanda and Rwandan Citizens Responsible for Genocide and Other Such Violations Committed in the Territory of Neighbouring States between 1 January and 31 December 1994 (Security Council resolution 955 (1994) of 8 November 1994 and General Assembly decisions 57/414 A of 31 January 2003, 57/414 B of 22 May 2003 and 57/414 C of 25 June 2003). </s>
	</p>
	<p n="230">
	  <s n="230"> Admission of new Members to the United Nations (rule 136). </s>
	</p>
	<p n="231">
	  <s n="231"> Cooperation between the United Nations and regional and other organizations: </s>
	</p>
	<p n="232">
	  <s n="232"> (a) Cooperation between the United Nations and the African Union (resolution 59/213 of 20 December 2004); </s>
	</p>
	<p n="233">
	  <s n="233"> (b) Cooperation between the United Nations and the Asian-African Legal Consultative Organization (resolution 59/3 of 22 October 2004); </s>
	</p>
	<p n="234">
	  <s n="234"> (c) Cooperation between the United Nations and the Association of Southeast Asian Nations (resolution 59/5 of 22 October 2004); </s>
	</p>
	<p n="235">
	  <s n="235"> (d) Cooperation between the United Nations and the Black Sea Economic Cooperation Organization (resolution 59/259 of 23 December 2004); </s>
	</p>
	<p n="236">
	  <s n="236"> (e) Cooperation between the United Nations and the Caribbean Community (resolution 59/138 of 10 December 2004); </s>
	</p>
	<p n="237">
	  <s n="237"> (f) Cooperation between the United Nations and the Community of Portuguese-speaking Countries (resolution 59/21 of 8 November 2004); </s>
	</p>
	<p n="238">
	  <s n="238"> (g) Cooperation between the United Nations and the Council of Europe (resolution 59/139 of 10 December 2004); </s>
	</p>
	<p n="239">
	  <s n="239"> (h) Cooperation between the United Nations and the Economic Community of Central African States (resolution 59/310 of 14 July 2005); </s>
	</p>
	<p n="240">
	  <s n="240"> (i) Cooperation between the United Nations and the Economic Cooperation Organization (resolution 59/4 of 22 October 2004); </s>
	</p>
	<p n="241">
	  <s n="241"> (j) Cooperation between the United Nations and the International Organization of la Francophonie (resolution 59/22 of 8 November 2004); </s>
	</p>
	<p n="242">
	  <s n="242"> (k) Cooperation between the United Nations and the Inter-Parliamentary Union (resolution 59/19 of 8 November 2004); </s>
	</p>
	<p n="243">
	  <s n="243"> (l) Cooperation between the United Nations and the Latin American Economic System (resolution 59/258 of 23 December 2004); </s>
	</p>
	<p n="244">
	  <s n="244"> (m) Cooperation between the United Nations and the League of Arab States (resolution 59/9 of 22 October 2004); </s>
	</p>
	<p n="245">
	  <s n="245"> (n) Cooperation between the United Nations and the Organization for the Prohibition of Chemical Weapons (resolution 59/7 of 22 October 2004); </s>
	</p>
	<p n="246">
	  <s n="246"> (o) Cooperation between the United Nations and the Organization for Security and Cooperation in Europe (resolution 55/285 of 7 September 2001); </s>
	</p>
	<p n="247">
	  <s n="247"> (p) Cooperation between the United Nations and the Organization of American States (resolution 59/257 of 23 December 2004); </s>
	</p>
	<p n="248">
	  <s n="248"> (q) Cooperation between the United Nations and the Organization of the Islamic Conference (resolution 59/8 of 22 October 2004); </s>
	</p>
	<p n="249">
	  <s n="249"> (r) Cooperation between the United Nations and the Pacific Islands Forum (resolution 59/20 of 8 November 2004); </s>
	</p>
	<p n="250">
	  <s n="250"> (s) Cooperation between the United Nations and the Preparatory Commission for the Comprehensive Nuclear-Test-Ban Treaty Organization (resolution 59/6 of 22 October 2004); </s>
	</p>
	<p n="251">
	  <s n="251"> (t) Cooperation between the United Nations and the Southern African Development Community (resolution 59/140 of 15 December 2004). </s>
	</p>
	<p n="252">
	  <s n="252"> Implementation of the resolutions of the United Nations (decision 60/510 of 3 November 2005). </s>
	</p>
	<p n="253">
	  <s n="253"> Revitalization of the work of the General Assembly (resolution 58/316 of 1 July 2004). </s>
	</p>
	<p n="254">
	  <s n="254"> Question of equitable representation on and increase in the membership of the Security Council and related matters.6 </s>
	</p>
	<p n="255">
	  <s n="255"> Strengthening of the United Nations system.3 </s>
	</p>
	<p n="256">
	  <s n="256"> Follow-up to the outcome of the Millennium Summit (resolution 60/35 of 30 November 2005). </s>
	</p>
	<p n="257">
	  <s n="257"> Multilingualism (resolution 59/309 of 22 June 2005). </s>
	</p>
	<p n="258">
	  <s n="258"> Report of the Peacebuilding Commission (resolution 60/180 of 20 December 2005). </s>
	</p>
	<p n="259">
	  <s n="259"> Financial reports and audited financial statements, and reports of the Board of Auditors (resolutions 59/264 A of 23 December 2004 and 60/234 of 23 December 2005): </s>
	</p>
	<p n="260">
	  <s n="260"> (a) United Nations; </s>
	</p>
	<p n="261">
	  <s n="261"> (b) United Nations Development Programme; </s>
	</p>
	<p n="262">
	  <s n="262"> (c) United Nations Children&apos;s Fund; </s>
	</p>
	<p n="263">
	  <s n="263"> (d) United Nations Relief and Works Agency for Palestine Refugees in the Near East; </s>
	</p>
	<p n="264">
	  <s n="264"> (e) United Nations Institute for Training and Research; </s>
	</p>
	<p n="265">
	  <s n="265"> (f) Voluntary funds administered by the United Nations High Commissioner for Refugees; </s>
	</p>
	<p n="266">
	  <s n="266"> (g) Fund of the United Nations Environment Programme; </s>
	</p>
	<p n="267">
	  <s n="267"> (h) United Nations Population Fund; </s>
	</p>
	<p n="268">
	  <s n="268"> (i) United Nations Human Settlements Programme; </s>
	</p>
	<p n="269">
	  <s n="269"> (j) Fund of the United Nations International Drug Control Programme; </s>
	</p>
	<p n="270">
	  <s n="270"> (k) United Nations Office for Project Services; </s>
	</p>
	<p n="271">
	  <s n="271"> (l) International Tribunal for the Prosecution of Persons Responsible for Serious Violations of International Humanitarian Law Committed in the Territory of the Former Yugoslavia since 1991; </s>
	</p>
	<p n="272">
	  <s n="272"> (m) International Criminal Tribunal for the Prosecution of Persons Responsible for Genocide and Other Serious Violations of International Humanitarian Law Committed in the Territory of Rwanda and Rwandan Citizens Responsible for Genocide and Other Such Violations Committed in the Territory of Neighbouring States between 1 January and 31 December 1994; </s>
	</p>
	<p n="273">
	  <s n="273"> (n) Capital master plan. </s>
	</p>
	<p n="274">
	  <s n="274"> Review of the efficiency of the administrative and financial functioning of the United Nations (resolutions 57/281 B of 18 June 2003, 59/270 of 23 December 2004 and 60/235 of 23 December 2005). </s>
	</p>
	<p n="275">
	  <s n="275"> Programme budget for the biennium 2006-2007 (resolutions 56/270 of 27 March 2002, 57/292 of 20 December 2002, 59/276 of 23 December 2004, 59/282 of 13 April 2005, 60/197 and 60/201 of 22 December 2005 and 60/246 to 60/250 of 23 December 2005 and decision 57/589 of 18 June 2003). </s>
	</p>
	<p n="276">
	  <s n="276"> Programme planning.6 </s>
	</p>
	<p n="277">
	  <s n="277"> Improving the financial situation of the United Nations.6 </s>
	</p>
	<p n="278">
	  <s n="278"> Administrative and budgetary coordination of the United Nations with the specialized agencies and the International Atomic Energy Agency (decision 47/449 of 22 December 1992). </s>
	</p>
	<p n="279">
	  <s n="279"> Pattern of conferences (resolution 60/236 of 23 December 2005). </s>
	</p>
	<p n="280">
	  <s n="280"> Scale of assessments for the apportionment of the expenses of the United Nations (resolution 60/237 of 23 December 2005). </s>
	</p>
	<p n="281">
	  <s n="281"> Human resources management (resolutions 57/281 B of 18 June 2003, 57/305 of 15 April 2003, 59/266 and 59/270 of 23 December 2004, 59/296 of 22 June 2005 and 60/238 of 23 December 2005). </s>
	</p>
	<p n="282">
	  <s n="282"> Joint Inspection Unit (resolutions 55/230 of 23 December 2000 and 59/267 of 23 December 2004). </s>
	</p>
	<p n="283">
	  <s n="283"> United Nations common system.6 </s>
	</p>
	<p n="284">
	  <s n="284"> United Nations pension system (resolutions 46/220 of 20 December 1991 and 59/269 of 23 December 2004). </s>
	</p>
	<p n="285">
	  <s n="285"> Report of the Secretary-General on the activities of the Office of Internal Oversight Services (resolutions 48/218 B of 29 July 1994, 54/244 of 23 December 1999 and 59/272 of 23 December 2004). </s>
	</p>
	<p n="286">
	  <s n="286"> Administration of justice at the United Nations (resolution 59/283 of 13 April 2005).8 </s>
	</p>
	<p n="287">
	  <s n="287"> Financing of the International Criminal Tribunal for the Prosecution of Persons Responsible for Genocide and Other Serious Violations of International Humanitarian Law Committed in the Territory of Rwanda and Rwandan Citizens Responsible for Genocide and Other Such Violations Committed in the Territory of Neighbouring States between 1 January and 31 December 1994 (resolutions 55/226 of 23 December 2000 and 60/241 of 23 December 2005). </s>
	</p>
	<p n="288">
	  <s n="288"> Financing of the International Tribunal for the Prosecution of Persons Responsible for Serious Violations of International Humanitarian Law Committed in the Territory of the Former Yugoslavia since 1991 (resolutions 55/225 A of 23 December 2000 and 60/243 of 23 December 2005). </s>
	</p>
	<p n="289">
	  <s n="289"> Scale of assessments for the apportionment of the expenses of United Nations peacekeeping operations (resolutions 55/235 of 23 December 2000 and 58/256 of 23 December 2003). </s>
	</p>
	<p n="290">
	  <s n="290"> Administrative and budgetary aspects of the financing of the United Nations peacekeeping operations (resolutions 49/233 A of 23 December 1994 and 59/296 of 22 June 2005). </s>
	</p>
	<p n="291">
	  <s n="291"> Financing of the United Nations Operation in Burundi.3 </s>
	</p>
	<p n="292">
	  <s n="292"> Financing of the United Nations Operation in Côte d&apos;Ivoire (resolution 60/17 of 23 November 2005). </s>
	</p>
	<p n="293">
	  <s n="293"> Financing of the United Nations Peacekeeping Force in Cyprus.3 </s>
	</p>
	<p n="294">
	  <s n="294"> Financing of the United Nations Organization Mission in the Democratic Republic of the Congo (resolution 60/121 of 8 December 2005). </s>
	</p>
	<p n="295">
	  <s n="295"> Financing of the United Nations Mission in East Timor.3 </s>
	</p>
	<p n="296">
	  <s n="296"> Financing of the United Nations Mission of Support in East Timor.3 </s>
	</p>
	<p n="297">
	  <s n="297"> Financing of the United Nations Mission in Ethiopia and Eritrea.3 </s>
	</p>
	<p n="298">
	  <s n="298"> Financing of the United Nations Observer Mission in Georgia.3 </s>
	</p>
	<p n="299">
	  <s n="299"> Financing of the United Nations Stabilization Mission in Haiti (resolution 60/18 of 23 November 2005). </s>
	</p>
	<p n="300">
	  <s n="300"> Financing of the activities arising from Security Council resolution 687 (1991): 3 </s>
	</p>
	<p n="301">
	  <s n="301"> (a) United Nations Iraq-Kuwait Observation Mission; </s>
	</p>
	<p n="302">
	  <s n="302"> (b) Other activities. </s>
	</p>
	<p n="303">
	  <s n="303"> Financing of the United Nations Interim Administration Mission in Kosovo.3 </s>
	</p>
	<p n="304">
	  <s n="304"> Financing of the United Nations Mission in Liberia.3 </s>
	</p>
	<p n="305">
	  <s n="305"> Financing of the United Nations peacekeeping forces in the Middle East:3 </s>
	</p>
	<p n="306">
	  <s n="306"> (a) United Nations Disengagement Observer Force; </s>
	</p>
	<p n="307">
	  <s n="307"> (b) United Nations Interim Force in Lebanon. </s>
	</p>
	<p n="308">
	  <s n="308"> Financing of the United Nations Mission in Sierra Leone.3 </s>
	</p>
	<p n="309">
	  <s n="309"> Financing of the United Nations Mission in the Sudan (resolution 60/122 of 8 December 2005). </s>
	</p>
	<p n="310">
	  <s n="310"> Financing of the United Nations Mission for the Referendum in Western Sahara.3 </s>
	</p>
	<p n="311">
	  <s n="311"> Report of the Committee on Relations with the Host Country (resolution 60/24 of 23 November 2005). </s>
	</p>
	<p n="312">
	  <s n="312"> For the text of rule 31, as amended, see resolution 56/509 of 8 July 2002. </s>
	</p>
	<p n="313">
	  <s n="313"> For the text of rule 30, as amended, see resolution 56/509. </s>
	</p>
	<p n="314">
	  <s n="314"> This item, which has not yet been considered by the General Assembly at its sixtieth session, remains on the agenda of that session. </s>
	  <s n="315"> Its inclusion in the provisional agenda of the sixty-first session is subject to any action the Assembly may take on it at its sixtieth session. </s>
	</p>
	<p n="315">
	  <s n="316"> This item remains on the agenda for consideration upon notification by a Member State. </s>
	</p>
	<p n="316">
	  <s n="317"> This item was previously entitled “The situation in Afghanistan and its implications for international peace and security”. </s>
	</p>
	<p n="317">
	  <s n="318"> This item remains on the agenda of the sixtieth session. </s>
	  <s n="319"> Its inclusion in the provisional agenda of the sixty-first session is subject to any action the Assembly may take on it at its sixtieth session. </s>
	</p>
	<p n="318">
	  <s n="320"> This item has become a sub-item in accordance with decision 60/537 of 16 December 2005. </s>
	</p>
	<p n="319">
	  <s n="321"> This item has not yet been considered by the General Assembly at its sixtieth session. </s>
	</p>
	</body>
</text>
</DOC>