<?xml version="1.0" encoding="UTF-8"?>
<DOC lang="English" n="N0832120" id="A/62/781" date="2008/04/28">
<text>
	<body>
	<p n="1">
	  <s n="1"> Sixty-second session </s>
	</p>
	<p n="2">
	  <s n="2"> Agenda item 140 </s>
	</p>
	<p n="3">
	  <s n="3"> Administrative and budgetary aspects of the financing of the United Nations peacekeeping operations </s>
	</p>
	<p n="4">
	  <s n="4"> Report of the Advisory Committee on Administrative and Budgetary Questions </s>
	</p>
	<p n="5">
	  <s n="5"> Introduction </s>
	</p>
	<p n="6">
	  <s n="6"> The Advisory Committee on Administrative and Budgetary Questions first issued a general report on peacekeeping operations in 1994 in response to a perceived need by the Committee to find a way of dealing with cross-cutting issues that related to more than one mission. </s>
	  <s n="7"> Since 1994, the issuance of a general report has become an annual practice, although the intention of the Committee at the time was to issue such a report only when there were pressing cross-cutting issues that needed to be addressed. </s>
	  <s n="8"> In preparing its general reports, the Advisory Committee has drawn on its consideration of the proposals available to it for individual peacekeeping operations to identify important cross-cutting issues (see, however, paras. </s>
	  <s n="9"> 6-8 below). </s>
	</p>
	<p n="7">
	  <s n="10"> In conjunction with its consideration of the reports of the Secretary-General on the financial performance of peacekeeping operations for the period 2006/07 and proposed budgets for the period 2008/09, the Advisory Committee had before it the overview report of the Secretary-General on budget performance for the period 2005/06 and budgets for 2007/08 (A/61/786) and an advance version of the overview of budget performance for the period 2006/07 and budgets for 2008/09 (A/62/727). </s>
	  <s n="11"> The Committee does not report separately on the overview report, but it comments on relevant issues in the present report. </s>
	</p>
	<p n="8">
	  <s n="12"> The Advisory Committee also had before it an advance version of the report of the Board of Auditors on United Nations peacekeeping operations (A/62/5 (Vol. II), chap. </s>
	  <s n="13"> II) and an advance version of the report of the Secretary-General on the implementation of the Board&apos;s recommendations (A/62/784). </s>
	  <s n="14"> The Committee&apos;s observations regarding the Board&apos;s report are reflected in a separate report (A/62/823). </s>
	  <s n="15"> It also took the Board&apos;s report into account in its review of the Secretary-General&apos;s budget proposals. </s>
	</p>
	<p n="9">
	  <s n="16"> In addition, the Advisory Committee considered advance versions of reports of the Secretary-General regarding a number of specific topics, including peacekeeping best practices (A/62/593 and Corr.1), conduct and discipline (A/62/758) and training in peacekeeping (A/62/676). </s>
	  <s n="17"> Its conclusions and recommendations with regard to those reports are reflected in section X below. </s>
	  <s n="18"> The Committee&apos;s conclusions and recommendations with respect to the Secretary-General&apos;s report on the Strategic Military Cell (A/62/744) are contained in its report on the financing of UNIFIL (A/62/781/Add.5) and those with respect to the Secretary-General&apos;s reports on the Office of Military Affairs (A/62/752) and on the preliminary report (A/62/741) on the implementation of General Assembly resolution 61/279 will be reflected in its report to be issued on the support account for peacekeeping operations. </s>
	  <s n="19"> Reports on contingent-owned equipment, National Professional Officers and death and disability compensation were received too late to be considered during the Committee&apos;s winter session and will be taken up at its next session. </s>
	  <s n="20"> The Committee also had before it the report of the Office of Internal Oversight Services on its activities for the period from 1 January to 31 December 2007 (A/62/281 (Part II)). </s>
	</p>
	<p n="10">
	  <s n="21"> In its resolution 61/276 on cross-cutting issues, the General Assembly requested the Secretary-General to report on a number of subjects, including: </s>
	</p>
	<p n="11">
	  <s n="22"> (a) Pending reports requested in resolution 60/266 (sect. </s>
	  <s n="23"> I, para. </s>
	  <s n="24"> 7); </s>
	</p>
	<p n="12">
	  <s n="25"> (b) Best practices (sect. </s>
	  <s n="26"> V, para. </s>
	  <s n="27"> 2); </s>
	</p>
	<p n="13">
	  <s n="28"> (c) Consultants (sect. </s>
	  <s n="29"> VI); </s>
	</p>
	<p n="14">
	  <s n="30"> (d) National Professional Officers (sect. </s>
	  <s n="31"> VII, para. </s>
	  <s n="32"> 2); </s>
	</p>
	<p n="15">
	  <s n="33"> (e) Use of 300-series and 100-series appointments (sect. </s>
	  <s n="34"> VIII, para. </s>
	  <s n="35"> 3); </s>
	</p>
	<p n="16">
	  <s n="36"> (f) Compensation for death and disability (sect. </s>
	  <s n="37"> X, para. </s>
	  <s n="38"> 9); </s>
	</p>
	<p n="17">
	  <s n="39"> (g) Rapid deployment of military resources (sect. </s>
	  <s n="40"> XI, para. </s>
	  <s n="41"> 4); </s>
	</p>
	<p n="18">
	  <s n="42"> (h) Cooperation with other United Nations entities in air operations (sect. XIII, para. </s>
	  <s n="43"> 5); </s>
	</p>
	<p n="19">
	  <s n="44"> (i) Global management of spare parts (sect. </s>
	  <s n="45"> XIV, paras. </s>
	  <s n="46"> 1 and 5); </s>
	</p>
	<p n="20">
	  <s n="47"> (j) Fuel management (sect. </s>
	  <s n="48"> XV, para. </s>
	  <s n="49"> 2); </s>
	</p>
	<p n="21">
	  <s n="50"> (k) Conduct and discipline (sect. </s>
	  <s n="51"> XVI, paras. </s>
	  <s n="52"> 5 and 6); </s>
	</p>
	<p n="22">
	  <s n="53"> (l) Regional coordination plans (sect. </s>
	  <s n="54"> XX, para. </s>
	  <s n="55"> 2); </s>
	</p>
	<p n="23">
	  <s n="56"> (m) Role vis-à-vis integrated mission partners and improved coordination and collaboration with United Nations country teams (sect. </s>
	  <s n="57"> XXI, para. </s>
	</p>
	<p n="24">
	  <s n="58"> The Secretary-General addresses a number of those issues in his overview report (A/62/727) and in the reports referred to above. </s>
	</p>
	<p n="25">
	  <s n="59"> Documentation </s>
	</p>
	<p n="26">
	  <s n="60"> The late submission of peacekeeping documentation was once again a serious problem during the winter session of the Advisory Committee. </s>
	  <s n="61"> Most of the reports had to be considered in an advance, in unedited and untranslated form. </s>
	  <s n="62"> Two weeks prior to the closure of the session, a number of reports had not yet been received (see annex II). </s>
	  <s n="63"> As a result, the Committee was unable to consider some budget proposals during its winter session, with obvious negative consequences for the work of the General Assembly. </s>
	  <s n="64"> That situation has inevitably had an impact on the scope and coverage of the present report, since the Committee was unable to review a number of large and complex missions. </s>
	</p>
	<p n="27">
	  <s n="65"> The Advisory Committee notes that there have been a number of initiatives to improve the quality and timeliness of submissions from the field. </s>
	  <s n="66"> However, the continuing failure of the Secretariat to deliver the necessary documentation as well as to respond to questions in time has seriously constrained the Committee&apos;s ability to conduct full and in-depth reviews of those reports and to ensure their timely transmission to the General Assembly. </s>
	  <s n="67"> In this connection, the Committee recalls that in its previous general report (A/61/852, paras. </s>
	  <s n="68"> 12-13) it made specific recommendations concerning deadlines for the submission of peacekeeping documentation and assigning accountability for meeting the schedule. </s>
	  <s n="69"> The Committee recommends that the Assembly request the Secretary-General to review the performance of the Secretariat units concerned, identify problems and bottlenecks, take appropriate remedial steps and report thereon to the Assembly (see also paras. 13-15 below). </s>
	  <s n="70"> Given the persistent nature of this problem, the Assembly may also wish to consider whether to review its own schedule for considering peacekeeping reports. </s>
	</p>
	<p n="28">
	  <s n="71"> The Advisory Committee recalls that, in its resolution 49/233 A, the General Assembly, aware of the substantial workload for itself, the Advisory Committee and the Secretariat resulting from the procedures then in place for reviewing peacekeeping budgets, decided to change the new financial period for peacekeeping operations. </s>
	  <s n="72"> In that spirit, the Advisory Committee&apos;s winter session was intended exclusively for the consideration of peacekeeping budgets and related questions. </s>
	  <s n="73"> The Committee notes in this connection that, if documentation had been submitted in a timely manner, it would have considered revisions to the 2007/08 budgets of 4 peacekeeping operations, 16 budget performance reports for 2006/07, 19 budgets for 2008/09, including those of the United Nations Logistics Base at Brindisi, Italy (UNLB) and the peacekeeping support account, and 11 cross-cutting peacekeeping-related reports, as well as the report of the Board of Auditors and the report of the Secretary-General on the implementation of the Board&apos;s recommendations. </s>
	  <s n="74"> The Committee recognizes that, exceptionally, other time-sensitive non-peacekeeping subjects will occasionally require attention during its winter session, but observes that now the exception has become the norm. </s>
	  <s n="75"> At a time when peacekeeping activities are at a record level and there is difficulty in assuring an adequate review of budgets, which total over $7 billion, this tendency creates a real problem, which the Assembly may wish to take into account when considering its programme of work. </s>
	</p>
	<p n="29">
	  <s n="76"> Budget presentation and results-based budgeting </s>
	</p>
	<p n="30">
	  <s n="77"> The Advisory Committee welcomes the inclusion in the budget proposals, in response to the request of the General Assembly in its resolution 61/276, of new sections on efficiency gains and planning assumptions. </s>
	  <s n="78"> The Committee suggests, however, that the section on planning assumptions be included closer to the beginning of future budget reports, since it provides a useful overview. </s>
	  <s n="79"> The Committee recommends that the section be precise and specific and include a summary of changes compared with the previous budget. </s>
	</p>
	<p n="31">
	  <s n="80"> The Advisory Committee notes the inclusion in some budgets of information on the activities of other United Nations entities in the integrated missions. </s>
	  <s n="81"> The Committee considers that information on the activities of such entities is relevant and that it facilitates better understanding of the integration of the efforts of various partners in the field. </s>
	  <s n="82"> The Committee recommends that information on cost-sharing arrangements for seconded posts be included in future budget proposals for integrated missions. </s>
	</p>
	<p n="32">
	  <s n="83"> The Advisory Committee recognizes the ongoing efforts to improve the budget formulation process in accordance with the results-based-budgeting logical frameworks. </s>
	  <s n="84"> The Committee regrets, however, that the quality of the budget presentations of the missions, UNLB and the support account for peacekeeping operations remains uneven. </s>
	  <s n="85"> The Committee is of the view that in the continuing effort to improve the budget presentation, the formulation of expected accomplishments and indicators of achievement and the citation of outputs should demonstrate consistency. </s>
	  <s n="86"> For example, in some cases a number of expected accomplishments are too broad and go beyond what can realistically be accomplished by the missions themselves. </s>
	  <s n="87"> In this context, the Committee draws attention to the issues raised in paragraphs 75 to 87 of the report of the Board of Auditors. </s>
	</p>
	<p n="33">
	  <s n="88"> The Advisory Committee recalls that in its previous general report, it pointed out that requested resources are often not linked to outputs or expected accomplishments and that it is therefore not possible to align financial resources directly with the results-based presentation. </s>
	  <s n="89"> It also observed that an improved capacity to collect cost information would facilitate the linkage (A/61/852, para. 17). </s>
	  <s n="90"> In this connection, the Committee notes that in the overview report, the Secretary-General recalled the recommendation that the implementation of cost-accounting principles across the Secretariat be considered further in the context of the implementation of a new enterprise resource planning system (A/62/727, paras. 23-25). </s>
	  <s n="91"> The Committee notes that the General Assembly will be considering the report of the Secretary-General on the accountability framework, the enterprise risk management and internal control framework, and the results-based management framework (A/62/701 and Corr.1). </s>
	  <s n="92"> Pending further action in this regard, the Committee is of the opinion that the Secretariat should continue to improve the results-based budgeting presentation, including by linking the frameworks more closely to resources requested. </s>
	</p>
	<p n="34">
	  <s n="93"> Financial management and budgetary issues </s>
	</p>
	<p n="35">
	  <s n="94"> The Advisory Committee recalls that in its previous general report, it expressed concern about the efficiency of the current budget preparation process. </s>
	  <s n="95"> It recommended that the General Assembly request the Secretary-General to identify resources in the field and at Headquarters devoted to the budget process and the responsibilities and accountability of each actor in the process. </s>
	  <s n="96"> It also recommended that the Assembly request the Secretary-General to streamline and expedite the process and to identify more expeditious means of addressing off-cycle budgetary changes and benchmarks to measure the quality and efficiency of the process, while ensuring fiscal prudence and budgetary discipline (A/61/852, para. </s>
	  <s n="97"> In its resolution 61/276, the Assembly took note of those observations. </s>
	</p>
	<p n="36">
	  <s n="98"> In the overview report, the Secretary-General provides information on posts devoted to the budget process in the field (103 posts) and at Headquarters (36 posts in the Department of Field Support and 48 posts in the Department of Management), together with a brief description of the relative roles and responsibilities of the units concerned (A/62/727, table 5). </s>
	  <s n="99"> It does not, however, provide information on accountability. </s>
	  <s n="100"> In the view of the Advisory Committee, the functions of these Secretariat units and field missions should specifically include ensuring budget discipline and improving coordination. </s>
	  <s n="101"> Despite the allocation of significant resources, the system is not working well and the information provided does not resolve the Committee&apos;s concerns. </s>
	  <s n="102"> The fact remains that there are two substantial units in different departments at Headquarters deeply engaged in preparing the same product. </s>
	  <s n="103"> The Committee recalls the relevant observations of the Office of Internal Oversight Services (OIOS) in its report on the comprehensive management audit of peacekeeping operations (A/60/717), in which it recommended that the Department of Management and the Department of Peacekeeping Operations take immediate steps to reorganize the budget process and consolidate budget functions. </s>
	  <s n="104"> The Committee recommends that the General Assembly request the Secretary-General to present options in this respect to the Assembly at its resumed sixty-third session. </s>
	</p>
	<p n="37">
	  <s n="105"> The Advisory Committee notes that the Department of Field Support has launched and plans to expand the “Abacus” initiative, which involves the dispatch of budget teams from Headquarters to assist missions with on-site support in budget preparation (see A/62/727, para. </s>
	  <s n="106"> The Committee notes the positive feedback received from several missions that have hosted Abacus teams. </s>
	  <s n="107"> The Committee does not object to the Abacus initiative, but notes that it is not a long-term solution or a substitute for well-trained staff in the missions. </s>
	  <s n="108"> In this respect, it notes that the Department of Field Support has instituted a programme for an advanced compendium of trainees to staff mission budget offices and to address their high vacancy rate (35 per cent). </s>
	  <s n="109"> In order to develop well-trained staff, the Department of Field Support has begun in 2008 an on-the-job training programme for recent recruits, who spend three months at Headquarters and three months at a mission. </s>
	  <s n="110"> The Committee recommends that the General Assembly request the Secretary-General to assess the effectiveness of this initiative and to apprise the Assembly accordingly. </s>
	</p>
	<p n="38">
	  <s n="111"> The Advisory Committee notes that the overall budget implementation rate for peacekeeping was 95.5 per cent. </s>
	  <s n="112"> The Committee observes that some missions with high budget implementation rates have high offsetting overexpenditures and underexpenditures. </s>
	  <s n="113"> The Committee also notes a tendency for there to be overexpenditures for civilian activities offset by underexpenditures for the military and police. </s>
	  <s n="114"> Upon enquiry, the Committee was informed that the missions have discretion to redeploy resources from underspent items to overspent items during the budget year, with authorization from the Controller, across the military, police and civilian categories. </s>
	  <s n="115"> The Committee recommends that future performance reports include a fuller explanation of the redeployment of resources between major expenditure categories. </s>
	  <s n="116"> The Committee considers that budget implementation should be judged in the context of efficiency in the use of resources and the achievement of objectives set out in the results-based budgeting framework rather than by a high budget implementation rate. </s>
	  <s n="117"> In this context, the Committee emphasizes that a distinction must be made between savings, which are in essence cost reductions achieved through efficiency measures, and underexpenditures, which may be a reflection of delays in or the non-implementation of programmed activities. </s>
	  <s n="118"> The Committee requests that the necessary information be provided to the General Assembly. </s>
	</p>
	<p n="39">
	  <s n="119"> The Advisory Committee notes a decrease for 2006/07 in the cancellation of prior-period obligations (A/62/5 (Vol. II), chap. </s>
	  <s n="120"> II, para. </s>
	  <s n="121"> While it welcomes the decrease, the Committee concurs with the Board of Auditors that the continuing high level of cancellations may be indicative of an overstatement of expenditures in previous years. </s>
	  <s n="122"> The Committee notes that this may lead to an overassessment of Member States. </s>
	  <s n="123"> The Committee recommends that efforts be made to further reduce unliquidated obligations. </s>
	</p>
	<p n="40">
	  <s n="124"> The Advisory Committee recommends that every effort be made to establish realistic vacancy rates when costing contingents, posts and positions so as to the avoid overassessment of Member States. </s>
	  <s n="125"> At the same time, it questions the rationale for the use of very high vacancy factors on a continuing basis since, if the level of authorized personnel is justified, every effort should be made to reduce vacancies. </s>
	  <s n="126"> Future budgets should include an explanation of vacancy factors of over 25 per cent for continuing posts and positions and a time frame for reducing vacancies. </s>
	</p>
	<p n="41">
	  <s n="127"> The Advisory Committee notes with concern the high level of unpaid assessed contributions for peacekeeping operations and the repeated need to cross-borrow for some existing missions (i.e., the United Nations Mission for the Referendum in Western Sahara and the United Nations Interim Administration Mission in Kosovo). </s>
	  <s n="128"> The Committee has considered and is reporting separately on the reports of the Secretary-General on closed peacekeeping missions and the proposed consolidation of peacekeeping accounts. </s>
	</p>
	<p n="42">
	  <s n="129"> The Advisory Committee notes that missions benefit from significant in-kind contributions from host Governments and others. </s>
	  <s n="130"> In order to get a better overall picture of the resources devoted to peacekeeping, the Committee requests that in future the Secretary-General provide comprehensive information on in-kind contributions, together with an explanation of their valuation. </s>
	  <s n="131"> In addition, the Committee requests that the Board of Auditors review this matter in the context of its next report on peacekeeping operations (see also A/62/823, para. 9). </s>
	</p>
	<p n="43">
	  <s n="132"> The Advisory Committee notes a number of instances in which posts are redeployed to entirely different functions. </s>
	  <s n="133"> The Committee considers that this practice lacks transparency and recommends that the Secretary-General instead propose the creation of new posts for new functions, accompanied by full justification for the posts, and the corresponding abolition of posts that are no longer required. </s>
	</p>
	<p n="44">
	  <s n="134"> Management issues </s>
	</p>
	<p n="45">
	  <s n="135"> Upon enquiry, the Advisory Committee was provided with a copy of draft guidelines for the integrated mission planning process. </s>
	  <s n="136"> The Committee notes that the Secretariat has agreed with the recommendation of the Board of Auditors to take steps to ensure that the guidelines are finalized and made fully operational as soon as possible (see A/62/5 (Vol. II), chap. </s>
	  <s n="137"> II, paras. </s>
	  <s n="138"> The Committee notes that some missions have a provision for a strategic planning cell, while others do not. </s>
	  <s n="139"> It also notes that the guidelines propose that each integrated mission have an integrated mission planning team. </s>
	  <s n="140"> The Committee cautions against the application of a template approach and requests that resource requirements be based on the specific mandates of each mission. </s>
	  <s n="141"> It requests that further information be provided in this context on the approach to be taken during the drawdown phase of missions and planning for the transfer of functions to other international organizations and/or members of the United Nations country teams. </s>
	</p>
	<p n="46">
	  <s n="142"> Given that the assignment of OIOS resident auditors to peacekeeping missions takes into account the financial and management risks as well as the size and complexity of each mission, the Advisory Committee emphasizes the importance of adequate and continuous oversight in field missions. </s>
	  <s n="143"> The Committee stresses the need for OIOS to respond expeditiously to new developments that alter the risk profile of missions. </s>
	  <s n="144"> In this context, the Committee notes with concern the high vacancy rate for OIOS Resident Auditor posts and agrees with the recommendation of the Board of Auditors that OIOS expedite the filling of all such posts (see A/62/5 (Vol. II), chap. </s>
	  <s n="145"> II, paras. </s>
	  <s n="146"> 343-347 and A/62/823, para. </s>
	  <s n="147"> The Committee recommends that the General Assembly request the Secretary-General to conduct an analysis of the causes and effects of the very high rate of turnover of resident auditors, identify measures to mitigate the problem and report thereon to the Assembly at its resumed sixty-third session. </s>
	</p>
	<p n="47">
	  <s n="148"> The Advisory Committee notes that the overview report of the Secretary-General does not address the Committee&apos;s concerns about the absence of evidence of concrete action to ensure the efficiency and effectiveness of management and administrative processes; does not respond to the Committee&apos;s request, endorsed by the General Assembly, to develop a specific strategy and plan for work process improvements, including timelines and the delineation of responsibilities (A/61/852, para. </s>
	  <s n="149"> 21); and does not demonstrate that management and administrative processes are efficient when increased resources for administrative and support functions are sought, also as recommended by the Committee and endorsed by the Assembly. </s>
	</p>
	<p n="48">
	  <s n="150"> The Advisory Committee is nonetheless aware that some relevant work is under way, partly in the context of the planning for a new enterprise resource planning system. </s>
	  <s n="151"> Furthermore, two positions in the Office of the Under-Secretary-General for Management seem to be dedicated to those issues (see A/62/783, para. 333). </s>
	  <s n="152"> Given the scale of resources devoted to administrative and support processes, the Committee recommends that the General Assembly request the Secretary-General to designate a senior official to lead a systematic effort to address this issue and formulate the requested strategy and plan and to report to the Assembly in the next overview report on measures taken and results achieved. </s>
	</p>
	<p n="49">
	  <s n="153"> The Advisory Committee notes that the Department of Peacekeeping Operations issued a policy directive for all missions to establish joint operations centres and joint mission analysis cells. </s>
	  <s n="154"> The Committee notes that, while certain missions have already established joint operations centres and joint mission analysis cells, others, including some downsizing missions, are belatedly either proposing to establish such mechanisms or seeking to enhance existing ones by requesting additional posts. </s>
	  <s n="155"> The Committee also notes that joint operations centres focus on day-to-day issues, while the joint mission analysis cells deal with longer-term assessments. </s>
	  <s n="156"> The Committee recommends that the Secretary-General consider, in the context of each mission, whether the discharge of those important functions requires separate structures. </s>
	</p>
	<p n="50">
	  <s n="157"> The Advisory Committee notes information in the overview report on improvements in information and communications technology. </s>
	  <s n="158"> The Committee will consider reports of the Secretary-General on an information and communications technology strategy and enterprise systems for the Secretariat. </s>
	</p>
	<p n="51">
	  <s n="159"> The Advisory Committee notes the relationship between the United Nations Truce Supervision Organization (UNTSO), the United Nations Interim Force in Lebanon (UNIFIL) and the United Nations Disengagement Observer Force (UNDOF), which has a unique dimension as those missions fall under both the regular and peacekeeping budgets. </s>
	  <s n="160"> It also notes that parts of the capacity of UNTSO come under the umbrellas of UNIFIL (Observer Group Lebanon) and UNDOF (Observer Group Golan). </s>
	  <s n="161"> In these circumstances, the Committee believes that the Secretary-General should review the administrative arrangements for UNTSO and reflect that review in his proposed programme budget for the biennium 2010-2011. </s>
	</p>
	<p n="52">
	  <s n="162"> The Advisory Committee&apos;s observations regarding peacekeeping best practices are reflected in section X below. </s>
	  <s n="163"> As regards the integrated operational teams, the Committee&apos;s observations will be reflected in its report on the support account for peacekeeping operations. </s>
	</p>
	<p n="53">
	  <s n="164"> Military and police </s>
	</p>
	<p n="54">
	  <s n="165"> The Advisory Committee recalls that in its previous general report, it had recommended acceptance of the Secretary-General&apos;s proposal to pay mission subsistence allowance to staff officers in lieu of reimbursement to troop-contributing countries at the standard rates of reimbursement (A/61/852, para. </s>
	  <s n="166"> 35) and that, in its resolution 61/276, the General Assembly had endorsed the recommendation and decided that support arrangements for staff officers should be revised accordingly. </s>
	  <s n="167"> The Committee notes that a number of missions have reflected in their respective budgets the necessary budgetary requirements for this change. </s>
	  <s n="168"> The Committee also notes from the overview report that the Secretariat is currently collecting and analysing information on the practices of missions for payment of within-mission travel of all personnel and that, on that basis, the established policy will be reviewed and revised as necessary (see A/62/727, para. </s>
	  <s n="169"> The Committee further notes that the results of this review will be reported to the Assembly at its sixty-third session. </s>
	</p>
	<p n="55">
	  <s n="170"> The Advisory Committee notes the increasing use of maritime and other waterborne forces among military contingents, most notably in UNIFIL, but also in the United Nations Organization Mission in the Democratic Republic of the Congo (MONUC) (riverine units) and proposed for the United Nations Stabilization Mission in Haiti. </s>
	  <s n="171"> The Committee recommends that experience gained in this context be used to promote greater efficiency in case of future deployments. </s>
	</p>
	<p n="56">
	  <s n="172"> The Advisory Committee notes the increasing deployment of police officers and formed police units to United Nations missions. </s>
	  <s n="173"> Upon enquiry, the Committee was informed that the Police Adviser had assumed his appointment in September 2007 and that he would undertake a strategic review of the functions and structure of the Police Division to determine how best to meet its current mandates and responsibilities. </s>
	</p>
	<p n="57">
	  <s n="174"> The Advisory Committee notes the information provided in the overview report on the rapid deployment of military resources (ibid., paras. </s>
	  <s n="175"> 66-69) and trusts that the Secretary-General will keep the General Assembly informed of developments in that regard. </s>
	</p>
	<p n="58">
	  <s n="176"> Civilian personnel </s>
	</p>
	<p n="59">
	  <s n="177"> The Advisory Committee notes with concern the continuing high vacancy rates in many missions. </s>
	  <s n="178"> As it indicated in its previous general report, high vacancy rates have an impact on the effectiveness of the missions concerned and place an additional workload burden on the staff on board (A/61/852, para. </s>
	  <s n="179"> Many missions face difficulties in timely recruitment as well as a high turnover rate. </s>
	  <s n="180"> The Committee also notes the positive impact of the temporary deployment of experienced officers (“tiger teams”) in dealing with this problem. </s>
	  <s n="181"> The Committee observes, however, that the deployment of tiger teams is costly and is not a long-term solution. </s>
	  <s n="182"> In addition, as indicated in its previous general report (ibid., para. </s>
	  <s n="183"> 39), the Committee favours enhanced delegation of authority to mission officials with regard to recruitment, and recommends that it be accompanied by appropriate steps to ensure accountability. </s>
	  <s n="184"> With respect to facilitating civilian staffing in peace operations, the Committee underscores the importance of the streamlining of contractual arrangements and the harmonization of conditions of service now under consideration in the General Assembly. </s>
	  <s n="185"> The Committee recommends that the Secretariat track turnover rates in peacekeeping missions so as to facilitate analysis of the factors affecting the placement and retention of staff in missions. </s>
	</p>
	<p n="60">
	  <s n="186"> The Advisory Committee recalls and reaffirms the recommendation in its previous general report that the Secretariat enhance the recruitment at all levels of candidates with the appropriate language skills (A/61/852, paras. </s>
	  <s n="187"> 41 and 42). </s>
	  <s n="188"> In this regard, it re-emphasizes the need to improve the situation in peacekeeping operations deployed in French-speaking countries. </s>
	</p>
	<p n="61">
	  <s n="189"> The Advisory Committee recalls that, in section VIII of its resolution 59/296, the General Assembly expressed concern at the practice of hiring individual contractors or individuals on procurement contracts for functions of a continuing nature and requested the Secretary-General to revert to the Assembly for its consideration of the creation of a post if the function was so warranted. </s>
	  <s n="190"> The Committee also notes the policy to phase out this practice and the related proposals in mission budgets for posts or other provisions (A/62/727, para. </s>
	  <s n="191"> The Committee welcomes this change and requests that information continue to be provided in the overview report on progress in that respect. </s>
	</p>
	<p n="62">
	  <s n="192"> The Advisory Committee notes that applicable labour laws in some areas of operation affect the status of employees of local contractors. </s>
	  <s n="193"> The Committee recommends that the legal, financial and administrative aspects of this matter be reviewed by the International Civil Service Commission and the results reported to the General Assembly. </s>
	  <s n="194"> In the meantime, the Committee expects that the Secretariat will take steps to safeguard the position of the Organization. </s>
	</p>
	<p n="63">
	  <s n="195"> With regard to temporary duty assignments from one mission to another, the Advisory Committee recalls that in its previous general report, it observed that it could be more effective to allow the Secretary-General to second a staff member for up to one year, thereby allowing the sending mission to fill the resulting vacancy without disrupting the receiving mission (A/61/852, para. </s>
	  <s n="196"> The Committee notes that, if approved, proposals for human resources reforms currently before the General Assembly could reduce the need for such secondments. </s>
	</p>
	<p n="64">
	  <s n="197"> The Advisory Committee notes information provided in the overview report on the human resources concept and action plans. </s>
	  <s n="198"> The Committee finds the concept vague and requests that further information be provided in the context of the forthcoming reports of the Secretary-General on human resources management to be submitted to the General Assembly at its sixty-third session. </s>
	</p>
	<p n="65">
	  <s n="199"> Operational costs </s>
	</p>
	<p n="66">
	  <s n="200"> Air operations </s>
	</p>
	<p n="67">
	  <s n="201"> Air operations represent a very significant activity. </s>
	  <s n="202"> In 2006/07, air transportation expenditures amounted to $566 million. </s>
	  <s n="203"> For 2008/09, a United Nations fleet of approximately 300 aircraft is envisaged. </s>
	  <s n="204"> The Advisory Committee encourages the Secretariat to pursue initiatives to achieve economies in air transportation where feasible. </s>
	  <s n="205"> In this connection, the Committee stresses that any measures implemented should not undermine the safety and operational requirements or rotation and troop deployment cycles. </s>
	</p>
	<p n="68">
	  <s n="206"> The Advisory Committee notes that the services of two wide-bodied aircraft (at the United Nations Mission in Liberia (UNMIL) and at Entebbe, Uganda) have been secured. </s>
	  <s n="207"> The Committee recommends that the General Assembly request the Secretary-General to report, in the next overview report, on efficiencies gained and on how the related costs are attributed to users. </s>
	</p>
	<p n="69">
	  <s n="208"> The Advisory Committee notes that a comprehensive review of transport requirements in large missions had not been concluded by the end of 2007 as had been envisaged. </s>
	  <s n="209"> An interim report had identified measures to improve fleet utilization and management. </s>
	  <s n="210"> The Committee urges the expeditious submission of that report. </s>
	  <s n="211"> Details of significant interim measures should be provided directly to the General Assembly. </s>
	</p>
	<p n="70">
	  <s n="212"> The overview report provides information on the analysis undertaken by a consulting firm, pursuant to requests of the General Assembly in its resolutions 60/266 and 61/276, of the impact of the new costing structure relating to air operations contracts (A/62/727, para. </s>
	  <s n="213"> According to the Secretary-General, the consultancy could not identify any benefits that could be derived from the change of the costing structure. </s>
	  <s n="214"> Furthermore, the consultancy concluded that there is a need to change the basis on which air services are secured by moving away from an invitation to bid strategy to a performance-oriented request-for-proposals approach. </s>
	  <s n="215"> Upon enquiry, the Advisory Committee was informed of a view in the Secretariat that the aforementioned air transportation consultancy had not fully met its terms of reference. </s>
	</p>
	<p n="71">
	  <s n="216"> The Advisory Committee observes that the Secretary-General does not address the points raised in this context and considers that these important issues need to be elaborated upon. </s>
	  <s n="217"> The Committee recommends that the General Assembly request the Secretary-General to report to it at its resumed sixty-third session on measures to improve the cost-effective acquisition, contracting and management of air services, taking into account the findings of the consultant and the audit of air operations by the Office of Internal Oversight Services that is now under way. </s>
	</p>
	<p n="72">
	  <s n="218"> The Advisory Committee notes that when United Nations aviation standards have been finalized, it should be easier to share air assets and welcomes efforts to enhance cooperation with the World Food Programme in the area of air operations. </s>
	</p>
	<p n="73">
	  <s n="219"> The Advisory Committee notes the statements in the overview report (ibid., para. </s>
	  <s n="220"> 47) and the UNLB budget proposal (A/62/769) concerning the functions of the Strategic Air Operations Centre at Brindisi and requests that concrete information be provided in future on efficiencies that it has made possible. </s>
	</p>
	<p n="74">
	  <s n="221"> Fuel management </s>
	</p>
	<p n="75">
	  <s n="222"> The Advisory Committee recalls that in its horizontal audit of fuel management in peacekeeping operations (A/61/760), OIOS identified a number of weaknesses in internal controls, including a lack of mechanisms to monitor fuel consumption. </s>
	  <s n="223"> As noted by the Board of Auditors, fuel represents a very large annual expenditure in the peacekeeping missions and, as a lucrative commodity, the scope for fuel being misappropriated is considerable (see A/62/5 (Vol. II), chap. </s>
	  <s n="224"> II, para. 168). </s>
	  <s n="225"> The Committee is aware of these vulnerabilities, given that there are 80 fuel contracts with a cumulative value of over $1.5 billion to 2010. </s>
	  <s n="226"> The Committee notes that the Secretariat has introduced the mission electronic fuel accounting system as a monitoring tool and that it has been implemented at five missions (the United Nations Operation in Burundi (ONUB), MONUC, UNIFIL, the United Nations Mission in the Sudan and UNMIL). </s>
	  <s n="227"> It also notes that the fuel accounting system is to be replaced by an improved electronic fuel management system beginning in 2009. </s>
	  <s n="228"> The Committee further notes that a comprehensive fuel operations manual has been prepared by a consulting team and is expected to be implemented during the 2007/08 period. </s>
	  <s n="229"> The Committee notes those measures and encourages the Secretariat to expedite their full implementation and to report further on progress achieved (see also A/62/823, para. </s>
	</p>
	<p n="76">
	  <s n="230"> The Advisory Committee notes that a complementary review of the current business model for fuel management is planned with a view to improving business practices and systems in this area. </s>
	  <s n="231"> The Committee recommends that the Secretary-General be requested to report, in the context of the next overview report, on progress achieved and improvements made in that regard. </s>
	</p>
	<p n="77">
	  <s n="232"> Rations </s>
	</p>
	<p n="78">
	  <s n="233"> The Advisory Committee emphasizes the importance of ensuring adequate good-quality rations for military contingents and avoiding spoilage. </s>
	  <s n="234"> The Committee notes action taken in this regard, including the signing of 11 multi-year rations contracts with an approximate value of $870 million and efforts to ensure the safety and quality of rations through better warehousing (see A/62/5 (Vol. II), chap. II, paras. </s>
	  <s n="235"> 226-247 and A/62/823, para. </s>
	</p>
	<p n="79">
	  <s n="236"> Travel </s>
	</p>
	<p n="80">
	  <s n="237"> The Advisory Committee encourages the Secretariat to keep the level of travel expenses under close review because of concerns about cost and the disruption of the day-to-day work of staff owing to prolonged absences from duty stations. </s>
	  <s n="238"> In this connection, travel for training should be limited as much as possible, with emphasis placed on training of trainers, e-learning and other options where possible (see also para. </s>
	  <s n="239"> 83 below). </s>
	</p>
	<p n="81">
	  <s n="240"> Quick-impact projects </s>
	</p>
	<p n="82">
	  <s n="241"> The Advisory Committee recalls that in his overview report in 2007, the Secretary-General included a summary of the policy on quick-impact projects that will define related budgetary requests from 2008 onward (A/61/786, paras. </s>
	  <s n="242"> The Committee also recalls that in its resolution 61/276, the General Assembly recognized that funding for quick-impact projects for a third year and beyond may be requested if there is a requirement for confidence-building activities, in which case a needs assessment should be conducted. </s>
	</p>
	<p n="83">
	  <s n="243"> During its hearings, the Advisory Committee was informed by several missions that quick-impact projects were indeed a valuable tool for building support and acceptance among the local population. </s>
	  <s n="244"> The Committee agrees that quick-impact projects can be a valuable and low-cost tool for strengthening links between the mission and the local population. </s>
	  <s n="245"> If they are to be effective, quick-impact projects should be implemented with the maximum involvement of the local population. </s>
	</p>
	<p n="84">
	  <s n="246"> The Advisory Committee notes that some contingents provide funding for similar projects through the Civilian-Military Cooperation Unit. </s>
	  <s n="247"> The Committee expects that activities financed through quick-impact projects and Civilian-Military Cooperation Units be coordinated and recommends that future budget presentations provide, to the extent possible, information on such projects. </s>
	  <s n="248"> The Committee welcomes the initiative of some contingents to provide support through Civilian-Military Cooperation Units and considers that quick-impact projects, as well as projects funded through the Cooperation Units, should, in supporting the local population, contribute to promoting the acceptance of the mission and enhancing the image of the United Nations (see also A/62/823, para. 23). </s>
	</p>
	<p n="85">
	  <s n="249"> Procurement </s>
	</p>
	<p n="86">
	  <s n="250"> The Advisory Committee notes that a report is to be submitted by the Secretary-General on the governance of procurement activities. </s>
	  <s n="251"> The Committee encourages the Secretariat to continue to explore all options for realizing savings under procurement and for increasing local procurement, as well as the possibilities for procurement of goods and services from developing countries and countries with economies in transition. </s>
	  <s n="252"> The Committee considers that efforts should also continue to be made to ensure the timely procurement of needed goods and services through better planning and the timely certification of procurement officers. </s>
	</p>
	<p n="87">
	  <s n="253"> Other issues </s>
	</p>
	<p n="88">
	  <s n="254"> The Advisory Committee recalls that in a number of missions there were problems with excessive stocks of spare parts or operational problems due to delays in the delivery of spares. </s>
	  <s n="255"> The Committee notes that measures have been taken to improve the management of vehicle spare parts (A/62/727, paras. </s>
	  <s n="256"> 55 and 56). </s>
	  <s n="257"> Upon enquiry, it was informed that the Secretariat was exploring additional measures, including arranging with manufacturers to hold stocks and to dispatch spare parts directly to missions to minimize delays. </s>
	  <s n="258"> The Committee notes these initiatives and suggests that the Secretariat consider whether UNLB could play a role in improving the management of vehicle spare parts. </s>
	</p>
	<p n="89">
	  <s n="259"> The Advisory Committee notes the savings achieved at UNDOF through the preventive maintenance of generators, thus extending their usable life, and at UNMIL, through the preventive maintenance of communications and information technology equipment. </s>
	  <s n="260"> The Committee notes these initiatives and considers that their possible application to other missions should be explored. </s>
	</p>
	<p n="90">
	  <s n="261"> The Advisory Committee takes note of initiatives to share the capacities of missions in the same region. </s>
	  <s n="262"> An example is UNIFIL serving as the regional hub for the Conduct and Discipline Team and the Regional Oversight Office, with coverage also being provided for UNDOF, UNTSO, the United Nations Special Coordinator for Lebanon and the United Nations Peacekeeping Force in Cyprus, with conduct and discipline support also being provided for UNLB. </s>
	  <s n="263"> The Committee notes these initiatives and requests that the next overview report provide information on such arrangements and on the experience gained in their implementation. </s>
	</p>
	<p n="91">
	  <s n="264"> The Advisory Committee notes that the Secretariat anticipates the formal introduction of an environmental policy and guidelines manual during 2008/09. </s>
	  <s n="265"> It was informed that the Secretariat was exploring the possibility of a “green” pilot project in Juba, Sudan, and was in contact with potential donors for funding. </s>
	  <s n="266"> The Committee notes this initiative, which could reduce costs and the Organization&apos;s environmental footprint, and requests that, if it takes place, the Secretary-General report thereon in his next overview report. </s>
	</p>
	<p n="92">
	  <s n="267"> The Advisory Committee notes the information provided in the overview report on collaboration with partners, including regional organizations (ibid., paras. 89 and 90). </s>
	  <s n="268"> The Committee also notes the diverse group of organizations cited in the report and requests the Secretariat to provide further information on the mandate and framework of such cooperation in the next overview report. </s>
	</p>
	<p n="93">
	  <s n="269"> The Advisory Committee observes that peacekeeping is generating a large number of acronyms, which can lead to confusion. </s>
	  <s n="270"> A case in point is the acronym SMART, which variously stands for specific, measurable, attainable, realistic and time-bound, in the context of results-based budgeting, or the senior mission administrative and resource training programme (see para. </s>
	  <s n="271"> 81 below). </s>
	  <s n="272"> Another is UNSAS, which can mean United Nations system accounting standards or United Nations standby arrangements system. </s>
	  <s n="273"> The Committee recommends that an effort be made to promote the use of consistent and distinct terminology. </s>
	</p>
	<p n="94">
	  <s n="274"> Other reports on cross-cutting issues </s>
	</p>
	<p n="95">
	  <s n="275"> Peacekeeping best practices </s>
	</p>
	<p n="96">
	  <s n="276"> Pursuant to General Assembly resolution 61/276, the report of the Secretary-General on peacekeeping best practices (A/62/593 and Corr.1) provides an overview of the policy on capturing and disseminating best practices in peacekeeping, including how information on best practices is being used in mission planning, as well as improvements in effectiveness achieved as a result. </s>
	</p>
	<p n="97">
	  <s n="277"> The report provides a description of the evolution of the current thinking on best practices. </s>
	  <s n="278"> The Advisory Committee notes the principles outlined in paragraphs 5 to 7 of the report, namely: </s>
	</p>
	<p n="98">
	  <s n="279"> (a) To be “learned”, lessons must be validated and endorsed by the Organization in the form of standardized guidance materials, and these need to be disseminated and their implementation monitored; </s>
	</p>
	<p n="99">
	  <s n="280"> (b) Lessons learning is a continuous activity best carried out in the field with guidance and support from Headquarters; </s>
	</p>
	<p n="100">
	  <s n="281"> (c) Learning lessons may be a natural process, but sharing and implementing lessons across different missions is not. </s>
	  <s n="282"> Accordingly, systematic efforts must be made to document and share lessons. </s>
	</p>
	<p n="101">
	  <s n="283"> A new system for the management of best practices was launched in 2005 following an assessment of the best practices and policy development systems used in some 20 other organizations. </s>
	  <s n="284"> The new system moved the Department of Peacekeeping Operations away from a static, ex post facto model for learning lessons towards a comprehensive approach to performance improvement that links the identification and sharing of best practices to the development of policies, guidelines and procedures that reflect those lessons (ibid., para. </s>
	</p>
	<p n="102">
	  <s n="285"> In 2007, as part of the restructuring exercise, the Peacekeeping Best Practices Section, the Integrated Training Service and a new evaluation capacity were regrouped into a single division: the Policy, Evaluation and Training Division. </s>
	  <s n="286"> The new Division supports both the Department of Peacekeeping Operations and the Department of Field Support. </s>
	  <s n="287"> The Advisory Committee was informed that the Best Practices Section comprised 6 posts at Headquarters and 11 in the field (10 posts and 1 position funded under general temporary assistance). </s>
	</p>
	<p n="103">
	  <s n="288"> The report of the Secretary-General provides detailed information on the development of processes to link lessons learned to guidance and doctrine, as well as on enabling technologies such as the peace operations Intranet and the communities of practice, which are facilitated e-mail networks that connect specialists with their counterparts in other missions. </s>
	  <s n="289"> The Secretary-General also addresses the impact to date of the best practices system, providing information on outputs, the results of a survey of field personnel, illustrative examples of improvements in efficiency and effectiveness and contributions of best practices to mission planning. </s>
	</p>
	<p n="104">
	  <s n="290"> The Advisory Committee notes the work carried out by best practices sections. </s>
	  <s n="291"> While the Committee recognizes the importance of sharing lessons, it cautions against assigning a disproportionate importance to the process of developing best practices at the expense of the actual tasks to which a practice relates. </s>
	  <s n="292"> The Committee is concerned that personnel with important substantive tasks may spend precious time complying with reporting requirements. </s>
	  <s n="293"> The Committee points out that lessons may be learned in many ways, and some of them may be quite informal, as evidenced by the apparent success of communities of practice. </s>
	  <s n="294"> Moreover, care should be taken to ensure that the codification of best practices does not stifle creativity in problem-solving by prescribing standard procedures that may not be appropriate in all environments. </s>
	</p>
	<p n="105">
	  <s n="295"> One example of the informal capture of best practices is provided in a management initiative by UNMIL to develop key performance indicators that graphically depict performance in critical areas. </s>
	  <s n="296"> The Advisory Committee was informed that the key performance indicators had been shared with other missions and the Communications and Information Technology Service of the Department of Field Support, where a tool is being built for the monthly report. </s>
	  <s n="297"> The Committee notes that this practice at UNMIL is an example of mainstreaming best practices in a mission that does not have dedicated resources to that end. </s>
	  <s n="298"> The Committee stresses that the sharing of lessons learned is the responsibility of all United Nations personnel. </s>
	  <s n="299"> While the placement of dedicated best practices officers in the individual missions may have some advantages, efforts must be made to mainstream best practices processes throughout the system through systematic sensitization, including training. </s>
	</p>
	<p n="106">
	  <s n="300"> Upon request, the Advisory Committee was provided with a list of policy initiatives completed by the Peacekeeping Best Practices Section since late December 2007 (see annex III). </s>
	</p>
	<p n="107">
	  <s n="301"> Conduct and discipline </s>
	</p>
	<p n="108">
	  <s n="302"> The report of the Secretary-General on conduct and discipline (A/62/758) was submitted in response to a request of the General Assembly in its resolution 61/276 for a comprehensive report on the matter, including full justification of all posts, with staffing levels, functions and their impact on conduct and discipline. </s>
	  <s n="303"> The report reviews the nature of the functions assigned to the Conduct and Discipline Unit and Teams, the extent to which they have assisted in the implementation of the comprehensive strategy adopted by the Special Committee on Peacekeeping Operations (see A/59/19/Rev.1) and the elements of the strategy that are currently under implementation. </s>
	  <s n="304"> It also identifies a set of recurrent routine operational functions resulting from the comprehensive strategy, and covers the five special political missions with a conduct and discipline presence. </s>
	</p>
	<p n="109">
	  <s n="305"> In its resolution 61/276, the General Assembly approved a combination of positions funded under general temporary assistance and posts to staff the conduct and discipline capacities at both Headquarters and in the field. </s>
	  <s n="306"> In subsequent resolutions, the Assembly reconfirmed this basis for staffing new conduct and discipline capacities in the field (see resolutions 62/232 and 62/233). </s>
	  <s n="307"> As indicated in paragraph 82 of the report of the Secretary-General, the action sought by the Assembly is approval of the principle of converting all conduct and discipline positions to posts for the 2008/09 period. </s>
	  <s n="308"> The Secretary-General reasons that the functions performed by the units are ongoing and fully integrated into the mandate and operations of the Department of Peacekeeping Operations/Department of Field Support and are not to be considered temporary in nature (A/62/758, para. </s>
	  <s n="309"> In recognition of the ongoing nature of the function and the sense that the term “team” denotes something temporary, the Secretary-General also proposes that the nomenclature “Conduct and Discipline Unit” (rather than “Conduct and Discipline Team” in the field) be used for both Headquarters and the missions. </s>
	</p>
	<p n="110">
	  <s n="310"> Upon enquiry, the Advisory Committee learned that, despite the specific references to staffing requirements in paragraphs 55, 75 and 76 of the report, the Secretary-General is not seeking approval for new staffing. </s>
	  <s n="311"> Rather, specific staffing requests are made in the proposed budgets for the support account and the individual missions. </s>
	  <s n="312"> Furthermore, the Committee was informed that, in order not to prejudge the decision of the General Assembly on the matter of conversion, general temporary assistance resources have been requested in the context of the proposed budgets for the support account and the individual missions. </s>
	  <s n="313"> Should the Assembly approve the principle of conversion of all positions, as proposed in paragraph 82 of the report, then all existing positions, as well as all the new positions approved by the Assembly for the period 2008/09, would be converted from general temporary assistance to posts. </s>
	  <s n="314"> As indicated in paragraph 76 of the report, the conversion would have no financial implications. </s>
	</p>
	<p n="111">
	  <s n="315"> In the view of the Advisory Committee, the goal of conduct and discipline activities should be the creation of a new culture in which misconduct is eliminated. </s>
	  <s n="316"> Efforts in this regard appear already to have borne some fruit. </s>
	  <s n="317"> The Committee notes from annex I to the report, for example, that incidences of sexual exploitation and abuse were significantly lower in 2007, with 127 cases reported, than in 2006, when 357 cases were reported. </s>
	  <s n="318"> This improvement may be attributed to a variety of factors, including media coverage and the activities of the Office of Internal Oversight Services, non-governmental organizations and other actors. </s>
	  <s n="319"> Whatever the cause, it points to the possibility that the Organization could be faced with a need for fewer conduct and discipline personnel in the future. </s>
	</p>
	<p n="112">
	  <s n="320"> The Advisory Committee notes that two major issues that may have an impact on conduct and discipline activities, namely those relating to the strengthening of investigations and the internal system for the administration of justice, are awaiting a decision by the General Assembly. </s>
	  <s n="321"> Furthermore, revisions to the model memorandum of understanding between the United Nations and the troop-contributing countries were finalized in July 2007 (ibid., para. </s>
	  <s n="322"> As a result, a fundamental set of United Nations standards of conduct have been incorporated in the model memorandum of understanding, along with an undertaking on the part of Governments of the troop-contributing countries concerned to bring the full force of their relevant legal systems to bear upon enforcement of the standards. </s>
	  <s n="323"> The Committee points out that this development could mean that some aspects of the work of the conduct and discipline teams would be shifted to the Governments of those countries or other entities. </s>
	</p>
	<p n="113">
	  <s n="324"> Moreover, the Secretary-General notes that while progress has been made in the development of the regulatory framework for conduct and discipline activities, some guidelines and standard operating procedures remain to be developed in order to address new policies that have recently been adopted and changes in the modalities of implementation of some existing processes (ibid., para. </s>
	</p>
	<p n="114">
	  <s n="325"> All of the above considerations point to the conclusion that the conduct and discipline function in peacekeeping is still evolving. </s>
	  <s n="326"> The Advisory Committee is therefore of the view that it is prudent to retain some temporary staff as part of the Conduct and Discipline Unit/Teams at this time. </s>
	  <s n="327"> Accordingly, the Committee recommends against approval of the Secretary-General&apos;s proposals to convert all conduct and discipline positions funded under general temporary assistance to posts, as well as the proposed change in nomenclature for the Conduct and Discipline Teams in the field. </s>
	  <s n="328"> The Committee will consider the specific staffing requests in the context of the proposed budgets of the support account and the missions. </s>
	</p>
	<p n="115">
	  <s n="329"> The Advisory Committee also believes that it is important to acknowledge that some of the measures to be taken in the field to reduce conduct and discipline problems may constrain contact between mission personnel and the host community. </s>
	  <s n="330"> Efforts should be made to mitigate the adverse effects this may have on staff morale. </s>
	  <s n="331"> In this connection, the Committee also recommends that consideration be given to using National Professional Officers in the Conduct and Discipline Teams, with a view to building awareness and fostering positive relations between peacekeepers and local communities. </s>
	</p>
	<p n="116">
	  <s n="332"> As indicated in the report, the General Assembly, by its resolution 62/214, adopted the United Nations Comprehensive Strategy on Assistance and Support to Victims of Sexual Exploitation and Abuse by United Nations Staff and Related Personnel (ibid., paras. </s>
	  <s n="333"> The role of the Conduct and Discipline Teams in the implementation of the strategy has yet to be defined. </s>
	  <s n="334"> Upon enquiry, the Advisory Committee was informed that the assistance provided by the Conduct and Discipline Teams to victims of abuse was limited to referral of their cases to their partners in the field. </s>
	  <s n="335"> The Committee requests that follow-up information on this issue be provided in the next overview report of the Secretary-General on peacekeeping operations. </s>
	</p>
	<p n="117">
	  <s n="336"> The Advisory Committee notes that the Conduct and Discipline Unit at Headquarters, in conjunction with the Communications and Information Technology Section, finalized the development of a comprehensive misconduct tracking system for misconduct allegations in September 2007 (see A/62/727, para. </s>
	  <s n="337"> In this connection, the Committee expects that measures will be taken to ensure confidentiality and security with regard to the storage of information. </s>
	  <s n="338"> Attention should also be given to measures to address the problem of frivolous allegations, efforts to coordinate and avoid duplication with other entities, such as the Office of the Ombudsman, and in clarifying the role of the Conduct and Discipline Teams with respect to other United Nations actors in the integrated missions. </s>
	</p>
	<p n="118">
	  <s n="339"> Training in peacekeeping </s>
	</p>
	<p n="119">
	  <s n="340"> In a note to the General Assembly (A/62/676), the Secretary-General explained that, for a number of reasons, he was unable to submit a report on training in peacekeeping for the second part of the resumed sixty-second session of the Assembly, as requested by the Assembly in its resolution 60/266. </s>
	</p>
	<p n="120">
	  <s n="341"> The Secretary-General notes that the division of the Department of Peacekeeping Operations into two Departments in 2007 was the catalyst for a full review of the priorities and focus of activities of the Integrated Training Service and that a training strategy for the Service had been formulated and widely discussed, but had not yet been approved. </s>
	  <s n="342"> The Secretary-General indicated that further work was needed to finalize and implement the new strategy, as well as to conduct and validate the findings of a comprehensive training needs analysis. </s>
	  <s n="343"> It is expected that the complete report on training in peacekeeping will be submitted for consideration by the General Assembly at its resumed sixty-third session. </s>
	</p>
	<p n="121">
	  <s n="344"> Upon request, the Advisory Committee was provided with a list of activities of the Integrated Training Service in 2007/08 (see annex IV) and a table of proposed training requirements for the period 2008/09 (see annex V). </s>
	  <s n="345"> The Committee notes, in particular, the initiatives undertaken to develop and deliver training for senior mission personnel, including the senior mission administrative and resource training programme (A/62/727, paras. </s>
	</p>
	<p n="122">
	  <s n="346"> The Advisory Committee was informed by the Secretariat that the Integrated Training Service sees its role as that of a small centralized service that focuses on setting training standards and ensuring that they are met, developing training policies, providing oversight for peacekeeping training activities and providing guidance to specialist trainers, as well as developing training in certain cross-cutting areas. </s>
	  <s n="347"> In view of the capacity of the Service (33 staff) in relation to the magnitude of the need (some 200,000 peacekeepers), the Committee considers this to be a practical approach. </s>
	  <s n="348"> The Committee recalls that in its first report on the proposed programme budget for the biennium 2008-2009, it recommended that the Board of Auditors be requested to follow up on its audit of human resources management, with a view to examining the modalities and effectiveness of training activities of the Organization (A/62/7, para. </s>
	  <s n="349"> The Committee recommends that the follow-up by the Board include peacekeeping training activities. </s>
	</p>
	<p n="123">
	  <s n="350"> The Advisory Committee regrets that the Secretary-General has not been able to submit the requested report within the time frame specified by the General Assembly. </s>
	  <s n="351"> The Committee recommends that the Secretary-General complete the report as soon as possible and submit it to the Assembly not later than at the main part of the sixty-third session. </s>
	  <s n="352"> The report should include, inter alia, clear criteria for the holding of training courses at Headquarters, at UNLB or at the missions, with a focus on reducing the costs of travel for training, guidelines regarding the use of in-house expertise versus consultants to carry out training, information on the languages used for training and a concept for the allocation of training resources among civilian, military and police personnel. </s>
	  <s n="353"> The Committee also expects that the report will provide information concerning expected benefits to be derived through training, including efficiency gains, in the context of section II, paragraph 4, of General Assembly resolution 61/276. </s>
	</p>
	<p n="124">
	  <s n="354"> Annex I </s>
	</p>
	<p n="125">
	  <s n="355"> Reports on United Nations peacekeeping operations before the Advisory Committee on Administrative and Budgetary Questions in 2008 and related reports of the Committee </s>
	</p>
	<p n="126">
	  <s n="356"> Report of the Board of Auditors on the accounts of the United Nations peacekeeping operations for the financial period ended 30 June 2007 (A/62/5 (Vol. II), chap. </s>
	</p>
	<p n="127">
	  <s n="357"> Report of the Secretary-General on the implementation of the recommendations of the Board of Auditors concerning United Nations peacekeeping operations for the financial period ended 30 June 2007 (A/62/784) </s>
	</p>
	<p n="128">
	  <s n="358"> Report of the Advisory Committee (A/62/823) </s>
	</p>
	<p n="129">
	  <s n="359"> Reports of the Secretary-General on the financial performance of peacekeeping operations for the period from 1 July 2006 to 30 June 2007, on proposed budgets for the period from 1 July 2008 to 30 June 2009 and/or on the disposition of assets that were received by the Advisory Committee in advance or final form by 25 April 2008 and the related reports of the Committee, issued as addenda to the present report, in that order: </s>
	</p>
	<p n="130">
	  <s n="360"> United Nations Disengagement Observer Force (UNDOF) (A/62/562, A/62/719 and Corr.1; report of the Advisory Committee to follow) </s>
	</p>
	<p n="131">
	  <s n="361"> United Nations Integration Mission in Timor-Leste (UNMIT) (A/62/645, A/62/753, A/62/796; report of the Advisory Committee to follow) </s>
	</p>
	<p n="132">
	  <s n="362"> United Nations Mission for the Referendum in Western Sahara (MINURSO) (A/62/611, A/62/679, A/62/817, A/62/781/Add.3) </s>
	</p>
	<p n="133">
	  <s n="363"> United Nations Peacekeeping Force in Cyprus (UNFICYP) (A/62/649, A/62/718 and Corr.1, A/62/779; report of the Advisory Committee to follow) </s>
	</p>
	<p n="134">
	  <s n="364"> United Nations Mission in Sierra Leone (UNAMSIL) (A/62/756, A/62/781/Add.4) </s>
	</p>
	<p n="135">
	  <s n="365"> United Nations Operation in Burundi (ONUB) (A/62/668, A/62/781/Add.2) </s>
	</p>
	<p n="136">
	  <s n="366"> United Nations Mission in Liberia (UNMIL) (A/62/648, A/62/764; report of the Advisory Committee to follow) </s>
	</p>
	<p n="137">
	  <s n="367"> United Nations Organization Mission in the Democratic Republic of the Congo (MONUC) (A/62/737, A/62/755; report of the Advisory Committee to follow) </s>
	</p>
	<p n="138">
	  <s n="368"> United Nations Operation in Côte d&apos;Ivoire (UNOCI) (A/62/642, A/62/750; report of the Advisory Committee to follow) </s>
	</p>
	<p n="139">
	  <s n="369"> United Nations Mission in Ethiopia and Eritrea (UNMEE) (A/62/560 and Corr.1; report of the Advisory Committee to follow) </s>
	</p>
	<p n="140">
	  <s n="370"> United Nations Stabilization Mission in Haiti (MINUSTAH) (A/62/631, A/62/720; report of the Advisory Committee to follow) </s>
	</p>
	<p n="141">
	  <s n="371"> United Nations Interim Force in Lebanon (UNIFIL) (A/62/632, A/62/751, A/62/781/Add.5) </s>
	</p>
	<p n="142">
	  <s n="372"> United Nations Mission in the Sudan (UNMIS) (A/62/749, A/62/785; report of the Advisory Committee to follow) </s>
	</p>
	<p n="143">
	  <s n="373"> United Nations Logistics Base at Brindisi, Italy (UNLB) (A/62/669, A/62/769; report of the Advisory Committee to follow) </s>
	</p>
	<p n="144">
	  <s n="374"> United Nations Observer Mission in Georgia (UNOMIG) (A/62/633, A/62/680, A/62/781/Add.1) </s>
	</p>
	<p n="145">
	  <s n="375"> United Nations Interim Administration Mission in Kosovo (UNMIK) (A/62/610, A/62/687, A/62/801; report of the Advisory Committee to follow) </s>
	</p>
	<p n="146">
	  <s n="376"> United Nations Mission in the Central African Republic and Chad (MINURCAT) (A/62/804; report of the Advisory Committee to follow) </s>
	</p>
	<p n="147">
	  <s n="377"> African Union-United Nations Hybrid Operation in Darfur (UNAMID) (A/62/791; report of the Advisory Committee to follow) </s>
	</p>
	<p n="148">
	  <s n="378"> Support account for peacekeeping operations (A/62/766 and Add.1, A/62/783; report of the Advisory Committee to follow). </s>
	</p>
	<p n="149">
	  <s n="379"> Reports of the Secretary-General concerning peacekeeping and the related reports of the Advisory Committee: </s>
	</p>
	<p n="150">
	  <s n="380"> Reformed procedures for determining reimbursement to Member States for contingent-owned equipment (A/62/774; report of the Advisory Committee to follow) </s>
	</p>
	<p n="151">
	  <s n="381"> Peacekeeping best practices (A/62/593 and Corr.1, sect. </s>
	  <s n="382"> X of the present report) </s>
	</p>
	<p n="152">
	  <s n="383"> Comprehensive report on the consolidation of peacekeeping accounts (A/62/726, A/62/818) </s>
	</p>
	<p n="153">
	  <s n="384"> Status of implementation of General Assembly resolution 61/279 on strengthening the capacity of the United Nations to manage and sustain peacekeeping operations (A/62/741; report of the Advisory Committee to follow) </s>
	</p>
	<p n="154">
	  <s n="385"> Comprehensive review of the Strategic Military Cell (A/62/744, A/62/781/Add.5) </s>
	</p>
	<p n="155">
	  <s n="386"> Comprehensive analysis of the Office of Military Affairs in the Department of Peacekeeping Operations (A/62/752; the report of the Advisory Committee on the support account to follow) </s>
	</p>
	<p n="156">
	  <s n="387"> Updated financial position of closed peacekeeping missions as at 30 June 2007 (A/62/757, A/62/816) </s>
	</p>
	<p n="157">
	  <s n="388"> Comprehensive report on conduct and discipline (A/62/758, sect. </s>
	  <s n="389"> X of the present report; report of the Advisory Committee to follow) </s>
	</p>
	<p n="158">
	  <s n="390"> Comprehensive report on training in peacekeeping (A/62/676, sect. </s>
	  <s n="391"> X of the present report; report of the Advisory Committee to follow) </s>
	</p>
	<p n="159">
	  <s n="392"> Overview of the financing of the United Nations peacekeeping operations (A/62/727 and the present report) </s>
	</p>
	<p n="160">
	  <s n="393"> National Professional Officers (A/62/762; report of the Advisory Committee to follow) </s>
	</p>
	<p n="161">
	  <s n="394"> Status of cases for death and disability for formed police units, military contingents, civilian police officers and military observers processed and currently in process and comprehensive review of the administrative and payment arrangements for such cases (A/62/805; report of the Advisory Committee to follow). </s>
	</p>
	<p n="162">
	  <s n="395"> Annex II </s>
	</p>
	<p n="163">
	  <s n="396"> Date of receipt by the Advisory Committee on Administrative and Budgetary Questions of reports on peacekeeping operations </s>
	</p>
	<p n="164">
	  <s n="397"> Financial reports and audited financial statements, and reports of the Board of Auditors </s>
	</p>
	<p n="165">
	  <s n="398"> Administrative and budgetary aspects of the financing of the United Nations peacekeeping operations </s>
	</p>
	<p n="166">
	  <s n="399"> Performance reports and proposed budgets of peacekeeping operations </s>
	</p>
	<p n="167">
	  <s n="400"> a Including, as applicable, final or advance version of the performance report for 2006/07, budget for 2008/09, any other reports and supplementary information. </s>
	</p>
	<p n="168">
	  <s n="401"> Annex III </s>
	</p>
	<p n="169">
	  <s n="402"> Policy initiatives completed by the Peacekeeping Best Practices Section since December 2007 </s>
	</p>
	<p n="170">
	  <s n="403"> Guidelines on joint operational initiatives with the World Bank </s>
	</p>
	<p n="171">
	  <s n="404"> Guidelines on enhancing the role of women in post-conflict electoral processes </s>
	</p>
	<p n="172">
	  <s n="405"> Policy directive on the role and functions of HIV/AIDS units in United Nations peacekeeping operations </s>
	</p>
	<p n="173">
	  <s n="406"> Policy directive on records management </s>
	</p>
	<p n="174">
	  <s n="407"> United Nations peacekeeping operations: principles and guidelines (“capstone doctrine”) </s>
	</p>
	<p n="175">
	  <s n="408"> Policy directive on authority, command and control in United Nations peacekeeping operations </s>
	</p>
	<p n="176">
	  <s n="409"> Guidelines for police officers on assignment with United Nations peacekeeping operations </s>
	</p>
	<p n="177">
	  <s n="410"> Mission start-up field guide </s>
	</p>
	<p n="178">
	  <s n="411"> Policy directive on aviation operational risk management </s>
	</p>
	<p n="179">
	  <s n="412"> Policy directive on civil affairs </s>
	</p>
	<p n="180">
	  <s n="413"> Annex IV </s>
	</p>
	<p n="181">
	  <s n="414"> Activities of the Integrated Training Service in 2007/08 </s>
	</p>
	<p n="182">
	  <s n="415"> Annex V </s>
	</p>
	<p n="183">
	  <s n="416"> Proposed training requirements for 2008/09 </s>
	</p>
	<p n="184">
	  <s n="417"> (Thousands of United States dollars. </s>
	  <s n="418"> Budget year is from 1 July to 30 June. </s>
	</p>
	<p n="185">
	  <s n="419"> It also drew, as appropriate, on its field visits. </s>
	  <s n="420"> Since the issuance of its previous general report on peacekeeping operations, the Advisory Committee has visited the United Nations Stabilization Mission in Haiti, the United Nations Logistics Base at Brindisi, Italy, the United Nations Interim Force in Lebanon and the United Nations Disengagement Observer Force. </s>
	</p>
	<p n="186">
	  <s n="421"> The United Nations Integrated Office in Burundi, the United Nations Assistance Mission in Afghanistan, the United Nations Assistance Mission for Iraq, the United Nations Mission in Nepal and the United Nations Integrated Office in Sierra Leone. </s>
	</p>
	</body>
</text>
</DOC>