<?xml version="1.0" encoding="UTF-8"?>
<DOC lang="English" n="N0746323" id="A/62/276" date="2007/08/17">
<text>
	<body>
	<p n="1">
	  <s n="1"> Sixty-second session </s>
	</p>
	<p n="2">
	  <s n="2"> Item 56 (d), (e) and (f) of the provisional agenda* </s>
	</p>
	<p n="3">
	  <s n="3"> Sustainable development: protection of global climate for present </s>
	</p>
	<p n="4">
	  <s n="4"> and future generations of mankind; implementation of the </s>
	</p>
	<p n="5">
	  <s n="5"> United Nations Convention to Combat Desertification in Those </s>
	</p>
	<p n="6">
	  <s n="6"> Countries Experiencing Serious Drought and/or Desertification, </s>
	</p>
	<p n="7">
	  <s n="7"> Particularly in Africa; Convention on Biological Diversity </s>
	</p>
	<p n="8">
	  <s n="8"> Implementation of United Nations environmental conventions </s>
	</p>
	<p n="9">
	  <s n="9"> Note by the Secretary-General </s>
	</p>
	<p n="10">
	  <s n="10"> The Secretary-General has the honour to transmit to the General Assembly the reports submitted by the secretariats of the United Nations Framework Convention on Climate Change (annex I), the United Nations Convention to Combat Desertification in Those Countries Experiencing Serious Drought and/or Desertification, Particularly in Africa (annex II), and the Convention on Biological Diversity (annex III). </s>
	</p>
	<p n="11">
	  <s n="11"> Annex I </s>
	</p>
	<p n="12">
	  <s n="12"> Report of the Executive Secretary of the United Nations Framework Convention on Climate Change on the United Nations Climate Change Conference, Nairobi, 2006, and its follow-up </s>
	</p>
	<p n="13">
	  <s n="13"> Introduction </s>
	</p>
	<p n="14">
	  <s n="14"> The General Assembly, in its resolution 61/201 of 20 December 2006, invited the secretariat of the United Nations Framework Convention on Climate Change to report to it at its sixty-second session on the work of the Conference of the Parties. </s>
	  <s n="15"> The present report is submitted in response to that invitation. </s>
	</p>
	<p n="15">
	  <s n="16"> Outcomes of the twelfth session of the Conference of the Parties to the Convention and of the second session of the Conference of the Parties to the Convention serving as the Meeting of the Parties to the Kyoto Protocol </s>
	</p>
	<p n="16">
	  <s n="17"> Summary </s>
	</p>
	<p n="17">
	  <s n="18"> The United Nations Climate Change Conference was held in Nairobi from 6 to 17 November 2006. </s>
	  <s n="19"> It included the twelfth session of the Conference of the Parties to the United Nations Framework Convention on Climate Change and the second session of the Conference of the Parties serving as the Meeting of the Parties to the Kyoto Protocol. </s>
	</p>
	<p n="18">
	  <s n="20"> Overall, the United Nations Climate Change Conference achieved good results in a broad range of areas of international cooperation on climate change, particularly with respect to issues of importance to developing countries. </s>
	</p>
	<p n="19">
	  <s n="21"> A major outcome of the conference was the progress made in advancing the adaptation agenda. </s>
	  <s n="22"> Agreement on the Nairobi work programme on impacts, vulnerability and adaptation to climate change (see FCCC/SBSTA/2006/11, sect. </s>
	  <s n="23"> III) under the United Nations Framework Convention on Climate Change, and on the principles, modalities and key governance elements of the Adaptation Fund under the Kyoto Protocol, provide a critical foundation to enhance the technical basis of adaptation and advance the implementation of activities on the ground. </s>
	</p>
	<p n="20">
	  <s n="24"> The Secretary-General of the United Nations launched the Nairobi Framework, a collaborative effort by several agencies to build capacity in those developing countries that are not yet able to access the clean development mechanism. </s>
	</p>
	<p n="21">
	  <s n="25"> The United Nations Climate Change Conference has succeeded in maintaining the momentum of the two processes launched in Montreal last year that will shape future climate change policy. </s>
	  <s n="26"> The Ad Hoc Working Group on Further Commitments by Annex I Parties under the Kyoto Protocol, agreed on a detailed workplan spelling out the steps needed to complete its mandate. </s>
	  <s n="27"> Under the broader Convention dialogue on long-term cooperative action to address climate change, a second workshop was held, which focused on approaches to advancing development goals in a sustainable way and realizing the full potential of market-based opportunities. </s>
	</p>
	<p n="22">
	  <s n="28"> As at 30 July 2007, the United Nations Framework Convention on Climate Change had 191 parties, and the Kyoto Protocol had 175 Parties (as at 30 July 2007). </s>
	</p>
	<p n="23">
	  <s n="29"> Outcomes of the second session of the Conference of the Parties serving as the Meeting of the Parties to the Kyoto Protocol </s>
	</p>
	<p n="24">
	  <s n="30"> The second session of the Conference of the Parties serving as the Meeting of the Parties to the Kyoto Protocol adopted 11 decisions, strengthening implementation of the Kyoto Protocol and building the basis for future climate change policy. </s>
	</p>
	<p n="25">
	  <s n="31"> An important outcome was reached in the area of adaptation. </s>
	  <s n="32"> The agreement reached on the principles, modalities and key governance elements of the Adaptation Fund under the Kyoto Protocol will lay the ground for operationalization of the Adaptation Fund in 2007. </s>
	  <s n="33"> The Adaptation Fund is an innovative instrument for supporting activities in developing countries as it draws on shares of proceeds of certified emission reductions generated by clean development mechanism project activities and does not rely only on concessional funds. </s>
	  <s n="34"> It will support concrete adaptation activities in developing countries. </s>
	</p>
	<p n="26">
	  <s n="35"> In Nairobi, a number of decisions were made with respect to Kyoto Protocol market-based mechanisms. </s>
	  <s n="36"> In particular, joint implementation was given a major boost by decisions needed to launch its project-based track. </s>
	  <s n="37"> As provided under the clean development mechanism, project proposals for emission-reducing activities can now be submitted to a supervisory committee and, if approved, will generate carbon credits. </s>
	</p>
	<p n="27">
	  <s n="38"> Progress was made on some key methodological issues related to the mechanism, which will help pave the way for eventual consideration of new approaches to expand its scope in the future. </s>
	  <s n="39"> Those issues include the treatment of new and emerging technologies, such as the capture of carbon dioxide and its storage in underground geological formations, and the so-called “programmatic clean development mechanism”, whereby the mechanism is no longer limited to individual projects but can cover entire national programmes that help reduce emissions. </s>
	</p>
	<p n="28">
	  <s n="40"> According to the workplan of the Ad Hoc Working Group on Further Commitments by Annex I Parties under the Kyoto Protocol, the group agreed to base its efforts on a shared vision of the challenge set by the ultimate objective of the Convention and took note of findings that global carbon dioxide emissions had to be reduced to well below half of their levels in the year 2000 to achieve a stabilization of atmospheric concentrations. </s>
	  <s n="41"> It also referred to the need to pursue its work in a timely manner in order to send a signal to economic actors on the continuity of the international carbon market. </s>
	</p>
	<p n="29">
	  <s n="42"> Agreement on the review of the Kyoto Protocol under its article 9 adds to the future momentum of the international climate change regime. </s>
	  <s n="43"> A first, light review done in Nairobi concluded that the Kyoto Protocol had initiated important action to address climate change and had fostered cooperative action between developed and developing countries, but that some elements, in particular adaptation, could be further elaborated. </s>
	  <s n="44"> The second review of the Protocol will take place in 2008, with preparations starting this year. </s>
	</p>
	<p n="30">
	  <s n="45"> C. Outcomes of the twelfth session of the Conference of the Parties to the Convention </s>
	</p>
	<p n="31">
	  <s n="46"> The nine formal decisions adopted by the twelfth session of the Conference of the Parties to the Convention, some of which are outlined below, will further advance measures to mitigate climate change and to adapt to its impacts. </s>
	</p>
	<p n="32">
	  <s n="47"> The Nairobi work programme on impacts, vulnerability and adaptation to climate change was agreed upon. </s>
	  <s n="48"> The work programme provides a unique tool to enhance the technical and methodological basis for adaptation and to foster cooperation among parties as well as joint activities with other United Nations entities and intergovernmental and non-governmental organizations. </s>
	  <s n="49"> It brings together many actors from the United Nations system (including the Food and Agriculture Organization of the United Nations, the United Nations Educational, Scientific and Cultural Organization, the United Nations Development Programme, the United Nations Environment Programme, the United Nations Institute for Training and Research, the Inter-Agency Secretariat of the International Strategy for Disaster Reduction, the United Nations University, the World Food Programme, the World Meteorological Organization, the World Trade Organization and the regional commissions) to promote adaptation activities, to incorporate adaptation into all relevant policy areas and to foster assistance to developing countries in line with their needs. </s>
	</p>
	<p n="33">
	  <s n="50"> Substantial advances have also been made on other efforts under the Convention aimed at providing to developing countries the financial resources required to address climate change. </s>
	  <s n="51"> The full operationalization of the Special Climate Change Fund, which is designed to finance projects in developing countries relating to adaptation, technology transfer, climate change mitigation and support for economic diversification, is another critical outcome of the twelfth session of the Conference of the Parties. </s>
	</p>
	<p n="34">
	  <s n="52"> Other decisions adopted aim at improving the delivery of financial support, in particular, the way in which the Global Environment Facility (GEF) operates the Convention&apos;s financial mechanism. </s>
	</p>
	<p n="35">
	  <s n="53"> In order to ensure that adequate financial and investment flows will become available to support the required response to climate change, the Conference of the Parties requested the secretariat to prepare a review of all investment and financial flows relevant to addressing climate change, with a particular focus on developing countries&apos; needs. </s>
	  <s n="54"> That work is led by the United Nations Framework Convention on Climate Change and has been undertaken in collaboration with a number of international financial institutions, the Global Environment Facility, representatives of the private sector and civil society and a number of United Nations entities, including the Food and Agriculture Organization of the United Nations (FAO), the United Nations Conference on Trade and Development (UNCTAD), the United Nations Development Programme (UNDP), the United Nations Environment Programme (UNEP), the United Nations Forum on Forests, the Department of Economic and Social Affairs and the United Nations Industrial Development Organization (UNIDO). </s>
	</p>
	<p n="36">
	  <s n="55"> Under the Convention dialogue on long-term cooperative action to address climate change, a second workshop was held. </s>
	  <s n="56"> It included presentations on the economics of climate change by Nicolas Stern and on the investment framework for cleaner energy and development by the World Bank. </s>
	  <s n="57"> Discussions showed a clear shift in the debate, from looking at climate change policies as a cost factor for development to seeing them as opportunities to enhance economic growth in a sustainable way. </s>
	</p>
	<p n="37">
	  <s n="58"> The implementation of the Convention continues, with 134 developing countries having submitted their initial national communications (as at 30 July 2007). </s>
	  <s n="59"> Of those countries, more than 100 are presently engaged in the preparation of their second national communication that will contain information relating to greenhouse gas inventories, vulnerability and adaptation assessments, and mitigation measures. </s>
	  <s n="60"> Of the least developed countries, 20 have prepared national adaptation programmes of action that identify priority activities that respond to their urgent and immediate needs with regard to adaptation to climate change (as at 31 July 2007). </s>
	</p>
	<p n="38">
	  <s n="61"> Industrialized countries (annex I parties) were requested to submit their fourth national communication to the secretariat by 1 January 2006. </s>
	  <s n="62"> A total of 39 out of 41 annex I parties have submitted their fourth national communication (as at 30 July 2007). </s>
	</p>
	<p n="39">
	  <s n="63"> High-level segment </s>
	</p>
	<p n="40">
	  <s n="64"> The joint high-level segment of the Conference of the Parties at its twelfth session and the Conference of the Parties serving as the Meeting of the Parties to the Kyoto Protocol at its second session was opened by the Secretary-General of the United Nations and by Mwai Kibaki, President of Kenya and Moritz Leuenberger, President of Switzerland. </s>
	  <s n="65"> The speakers reinforced the message of the seriousness of the issues at stake, in particular emphasizing the link between climate change and the ability to meet the Millennium Development Goals and calling for an urgent global response to climate change. </s>
	</p>
	<p n="41">
	  <s n="66"> The Secretary-General of the United Nations commended the progress achieved in implementation of the market-based mechanism of the Kyoto Protocol, but noted that the clean development mechanism is not reaching all developing countries equally, in particular sub-Saharan Africa. </s>
	  <s n="67"> To address the problem, he announced the launch of the Nairobi Framework, a collaborative effort by several entities (UNDP, UNEP, the secretariat of the Convention, the World Bank and the African Development Bank) to build capacity in those developing countries that are not yet able to access the clean development mechanism. </s>
	</p>
	<p n="42">
	  <s n="68"> E. Conclusions and recommendations </s>
	</p>
	<p n="43">
	  <s n="69"> The General Assembly may wish to, inter alia: </s>
	</p>
	<p n="44">
	  <s n="70"> (a) Take note of the report of the Executive Secretary of the United Nations Framework Convention on Climate Change, as transmitted by the Secretary-General; </s>
	</p>
	<p n="45">
	  <s n="71"> (b) Note the outcomes of the twelfth session of the Conference of the Parties to the Convention and of the second session of the Conference of the Parties to the Convention serving as the Meeting of the Parties to the Kyoto Protocol, hosted by the Government of Kenya from 6 November to 17 November 2006; </s>
	</p>
	<p n="46">
	  <s n="72"> (c) Invite the Executive Secretary to continue to report to it on the work of the Conference. </s>
	</p>
	<p n="47">
	  <s n="73"> Annex II </s>
	</p>
	<p n="48">
	  <s n="74"> Report of the Secretary-General on the implementation of the United Nations Convention to Combat Desertification in those Countries Experiencing Serious Drought and/or Desertification, Particularly in Africa and on the outcome of the celebration of the International Year of Deserts and Desertification </s>
	</p>
	<p n="49">
	  <s n="75"> Introduction </s>
	</p>
	<p n="50">
	  <s n="76"> In its resolution 61/202 of 20 December 2006, the General Assembly requested the Secretary-General to report to it at its sixty-second session on the implementation of the United Nations Convention to Combat Desertification in those Countries Experiencing Serious Drought and/or Desertification, Particularly in Africa. </s>
	  <s n="77"> The present report constitutes an update to the Assembly on principal activities that have been undertaken under the Convention since the adoption of that resolution, including the outcomes of the fifth session for the review of the implementation of the Convention. </s>
	</p>
	<p n="51">
	  <s n="78"> The report also reviews activities carried out in the context of resolution 58/211 on the celebration by the international community of the International Year of Deserts and Desertification. </s>
	</p>
	<p n="52">
	  <s n="79"> Implementation of the United Nations Convention to Combat Desertification in those Countries Experiencing Serious Drought and/or Desertification, Particularly in Africa </s>
	</p>
	<p n="53">
	  <s n="80"> Review of the implementation of the Convention and of its institutional arrangements, pursuant to article 22, paragraph 2 (a) and (b), and article 26 of the Convention, and the outcome of the fifth session of the Committee on the Review of the Implementation of the Convention </s>
	</p>
	<p n="54">
	  <s n="81"> The Committee on the Review of the Implementation of the Convention, as a standing subsidiary body to assist in its function of regularly reviewing the implementation of the Convention, was established by the fifth session of the Conference of the Parties. </s>
	</p>
	<p n="55">
	  <s n="82"> The fifth session of the Committee met in Buenos Aires, Argentina, from 12 to 21 March 2007. </s>
	  <s n="83"> The meeting reviewed the reports on implementation by affected country parties of regions other than Africa, including on the participatory process, and on experience gained and results achieved in the preparation and implementation of programmes of action. </s>
	  <s n="84"> It also reviewed the reports by developed country parties on measures taken to assist in the preparation and implementation of action programmes of affected country Parties of regions other than Africa, including information on financial resources they have provided, or are providing, under the Convention. </s>
	</p>
	<p n="56">
	  <s n="85"> The Committee further reviewed information provided by relevant organs, funds and programmes of the United Nations system, as well as by other intergovernmental and non-governmental organizations, in respect of their activities in support of the implementation of the Convention in affected country parties of regions other than Africa. </s>
	  <s n="86"> It particularly considered available information regarding the mobilization and use of financial resources and other support by multilateral agencies and institutions, with a view to enhancing their effectiveness and efficiency in respect of the achievement of the objectives of the Convention, including information on the activities of the Global Environment Facility and the Global Mechanism and its Facilitation Committee. </s>
	</p>
	<p n="57">
	  <s n="87"> The Committee on the Review of the Implementation of the Convention discussed necessary adjustments to the elaboration process and the implementation of programmes of action, including (a) a review of the enhanced implementation of the obligations of the Convention, (b) ways and means of promoting know-how and technology transfer for combating desertification and/or mitigating the effects of drought; and (c) ways and means of promoting experience-sharing and information exchange among parties and interested institutions and organizations. </s>
	  <s n="88"> It considered ways and means of improving procedures for the communication of information as well as the quality and format of reports to be submitted to the Conference of the Parties. </s>
	  <s n="89"> Finally, the Committee considered the interim report on the status of celebration of the International Year of Deserts and Desertification. </s>
	</p>
	<p n="58">
	  <s n="90"> In accordance with decision 7/COP.7, and in order to maximize the exchange of best practices, experiences and lessons learned between parties and observers, seven panel discussions were organized to cover regional and global issues as described in the thematic topics of decision 1/COP.5 and the strategic areas of decision 8/COP.4. </s>
	</p>
	<p n="59">
	  <s n="91"> Following the provisions of decisions 1/COP.5 and 9/COP.6, the Committee reviewed available information regarding the mobilization and use of financial resources and other support by multilateral agencies and institutions. </s>
	  <s n="92"> The Committee considered necessary adjustments to the elaboration process and the implementation of national action programmes, including a review of the enhanced implementation of the obligations of the Convention; ways and means of promoting know-how and technology transfer, experience-sharing and information exchange among parties and interested institutions and organizations; ways and means of improving procedures for communication of information; and the quality and format of reports to be submitted to the Conference of the Parties. </s>
	</p>
	<p n="60">
	  <s n="93"> A global interactive dialogue was convened on investments in rural areas in the context of combating land degradation and desertification. </s>
	  <s n="94"> The ensuing discussion focused on reducing poverty and called for a common direction in approaches to improving rural livelihoods and enhancing economic growth in rural areas. </s>
	  <s n="95"> Country ownership, alignment, harmonization and mutual accountability with their partners should help affected country parties to exercise leadership in strengthening rural development and protecting dryland ecosystems. </s>
	</p>
	<p n="61">
	  <s n="96"> At its fifth session, the Committee identified potential action that could be undertaken at the national, subregional, regional and international levels, after consideration and appropriate decisions by the Conference of the Parties, in conformity with the provisions of the Convention. </s>
	  <s n="97"> The Committee discussed specific thematic issues pertaining to the implementation process in regions other than Africa. </s>
	  <s n="98"> Recommendations were made in the following areas: participatory processes involving civil society, and non-governmental and community-based organizations; legislative and institutional frameworks or arrangements; resource mobilization and coordination, both domestic and international, including conclusions of partnership agreements; links and synergy with other environmental conventions and, as appropriate, with national development strategies; drought and desertification monitoring and assessment; early warning systems for mitigating the effects of drought; and access by affected country parties, particularly affected developing country parties, to appropriate technology, knowledge and know-how. </s>
	</p>
	<p n="62">
	  <s n="99"> The Committee reviewed the implementation of the Convention at the global level and made recommendations in the following areas: the review process and procedures for the communication of information as well as the quality and format of reports; the efficiency and effectiveness of measures in reaching the end-users of natural resources; a synthesis of best practices, experiences and lessons learned and of ways and means to promote experience-sharing and information exchange among parties and all other interested institutions and organizations; emerging and challenging issues deriving from implementation and necessary adjustments to the elaboration process and the implementation of action programmes; and ways and means of promoting know-how and technology transfer. </s>
	  <s n="100"> The Committee made specific recommendations on financing implementation of the Convention by multilateral agencies and institutions, including by the Global Environment Facility. </s>
	</p>
	<p n="63">
	  <s n="101"> Noting that in addressing land and water issues under the Convention, a framework is essential for achieving the Millennium Development Goals and maintaining essential ecosystem services, the Committee urged that the potential offered by the Convention for a synergistic added value be recognized in the resource allocation patterns under the Global Environment Facility. </s>
	  <s n="102"> The Facility was invited to strengthen the focal area of land degradation, primarily desertification and deforestation, while donors and the Global Environment Facility Council were encouraged to allocate more financial resources to land degradation in the next replenishment. </s>
	</p>
	<p n="64">
	  <s n="103"> The Committee also noted that adaptation to climate change was high on the international agenda and recommended that the potential of the Convention to be instrumental for adaptation to climate change be recognized through adjustments to appropriate mechanisms. </s>
	  <s n="104"> In that regard, Global Environment Facility was invited to facilitate access by affected country parties, particularly those in Africa, to funding mechanisms available for the implementation of projects and to programmes relating to land degradation and desertification, such as the Least Developed Countries Fund and the Special Climate Change Fund, in order to support their efforts to combat desertification, and to do likewise with the Adaptation Fund of the Kyoto Protocol should the opportunity arise. </s>
	</p>
	<p n="65">
	  <s n="105"> Preparation for the sixteenth and seventeenth sessions of the Commission on Sustainable Development </s>
	</p>
	<p n="66">
	  <s n="106"> The General Assembly, in its resolution 61/202, underlining the importance of the issue of desertification in the process of the Commission on Sustainable Development, in particular in the context of its sixteenth and seventeenth sessions dealing with thematic clusters on agriculture, rural development, land, drought and desertification, requested the secretariat of the Commission to work closely with the secretariat of the Convention in the preparations for those sessions in the areas relevant to the Convention. </s>
	</p>
	<p n="67">
	  <s n="107"> Consistent with resolution 61/202, the secretariats of the Convention and the Commission met to discuss modalities for collaboration in undertaking preparations for the next cycle of the Commission. </s>
	  <s n="108"> The meeting took place in New York during the fifteenth session of the Commission. </s>
	  <s n="109"> At that meeting, the secretariats underlined the multisectoral and cross-cutting nature of the thematic clusters. </s>
	  <s n="110"> They noted the need for information-sharing in order to produce streamlined documents based on various information sources. </s>
	  <s n="111"> They reached an understanding on the need to join forces to respond to various demands from Member States and other stakeholders. </s>
	  <s n="112"> In that regard, they agreed to find opportunities for joint intersessional panels and side events with appropriate themes such as desertification and poverty reduction, natural resource scarcity in the drylands as a strategic issue, sustainable land management and adaptation to climate change. </s>
	</p>
	<p n="68">
	  <s n="113"> Special reference was made to regional implementation meetings of the Commission and to meetings of regional economic commissions. </s>
	  <s n="114"> Since the implementation framework of the Convention follows a regional pattern, it was understood that the secretariat of the Convention would actively contribute to the proceedings of those meetings. </s>
	</p>
	<p n="69">
	  <s n="115"> C. Deliberations of the ad hoc intergovernmental intersessional working group to develop a draft 10-year strategic plan and framework to enhance the implementation of the Convention </s>
	</p>
	<p n="70">
	  <s n="116"> In resolution 61/202, the Assembly welcomed the establishment of the ad hoc intergovernmental intersessional working group with the mandate to review the report of the Joint Inspection Unit in full and, building on the results of that review and other inputs, to develop a draft 10-year strategic plan and framework to enhance the implementation of the Convention, for submission to the Conference of the Parties at its eighth session. </s>
	</p>
	<p n="71">
	  <s n="117"> By its decision 3/COP.7, the Conference of the Parties established an intersessional intergovernmental working group, which, inter alia, was requested to develop a 10-year strategic plan and framework to enhance the implementation of the Convention. </s>
	  <s n="118"> In line with that decision, the Bureau of the Conference of the Parties was assigned to prepare the terms of reference of the Intersessional Intergovernmental Working Group, including a draft 10-year strategic plan and framework to enhance the implementation of the Convention. </s>
	  <s n="119"> The Working Group was requested to complete its work by 1 June 2007, with a view to submitting its conclusion to the eighth session of the Conference of the Parties to the Convention. </s>
	  <s n="120"> The Working Group consisted of 18 members, comprising the President of the Conference of the Parties, the chairs of the Committee on Science and Technology and the Committee for the Review of the Implementation of the Convention and three members of each of the five regional groups. </s>
	  <s n="121"> The Working Group met four times. </s>
	</p>
	<p n="72">
	  <s n="122"> At its first meeting, in May 2006, the Working Group considered its programme of work. </s>
	  <s n="123"> In the light of the scope of its tasks and the limited time available for concluding its work, the Working Group decided to seek external assistance, subject to the availability of resources. </s>
	  <s n="124"> At its second meeting, in July 2006, the Working Group further specified that it would need the assistance of a core consultancy team, consisting of at least two consultants. </s>
	  <s n="125"> In addition, the Working Group considered that short-term assignments would be given to selected consultants for preparing issue papers on specific technical matters that were relevant to the development of the strategic plan and framework. </s>
	</p>
	<p n="73">
	  <s n="126"> The Group pursued its deliberations at its third and fourth meetings, held respectively from 26 to 28 April 2007 in Windhoek and from 29 to 31 May 2007 in Geneva, Switzerland. </s>
	  <s n="127"> A draft of the ten-year strategic plan and framework to enhance implementation of the Convention (2008-2018) was finalized after the Geneva meeting and is therefore ready for consideration by the eighth session of the Conference of the Parties, which will be held in Madrid from 3 to 14 September 2007. </s>
	</p>
	<p n="74">
	  <s n="128"> Consideration of the implementation of decision 23 of the seventh session of the Conference of the Parties to the Convention, pertaining to the introduction of the euro as the budget and accounting currency of the Convention </s>
	</p>
	<p n="75">
	  <s n="129"> In its decision 23/COP.7, the Conference of the Parties to the Convention decided to introduce the euro as the budget and accounting currency from 2008-2009, and requested the Executive Secretary to report to the eighth session of the Conference of the Parties on all necessary changes in the programme and budget document. </s>
	  <s n="130"> In its resolution 61/202, the General Assembly requested the Secretary-General, taking into account the institutional linkage and related administrative arrangements between the Convention secretariat and the United Nations Secretariat, to facilitate the implementation of decision 23 of the seventh session of the Conference of the Parties pertaining to the introduction of the euro as the budget and accounting currency of the Convention. </s>
	</p>
	<p n="76">
	  <s n="131"> In the oral statement made by the Secretariat before the Second Committee at its 34th meeting, in connection with draft resolution A/C.2/61/L.55, it was indicated that the introduction of the euro as the budget and accounting currency of the Convention would be a departure from the Financial Regulations and Rules of the United Nations and, consequently, it would require detailed review by the United Nations Secretariat as to the feasibility of maintaining records in two currencies within the existing financial system of the United Nations (see A/C.2/61/SR.34). </s>
	</p>
	<p n="77">
	  <s n="132"> Administrative services to the United Nations Convention to Combat Desertification are provided by the United Nations Office in Geneva in accordance with the established financial policies and procedures and the Financial Regulations and Rules. </s>
	  <s n="133"> In order for the Office to provide administrative services to the Convention, in the even that the euro is introduced as the budget and accounting currency of the Convention, it will be prohibitively expensive for the United Nations to modify its financial systems and procedures in order to accommodate the Convention&apos;s currency change. </s>
	</p>
	<p n="78">
	  <s n="134"> In its resolution 60/283 (part II, para. </s>
	  <s n="135"> 4), the Assembly decided to replace the Integrated Management Information System (IMIS) with the next generation of enterprise resource planning system or other comparable system. </s>
	  <s n="136"> Hence, it would not be cost effective or productive to invest additional resources, both human and financial, in upgrading IMIS to meet any requirements. </s>
	  <s n="137"> In that context, should parties wish to change to the euro as the budget and accounting currency, the Office advised that the parties&apos; interest would be best served by having financial services more effectively and efficiently provided by another United Nations entity, one that is already using the euro as its own base currency, while committing to providing all assistance necessary to facilitate the transfer of financial assistance to another United Nations entity. </s>
	</p>
	<p n="79">
	  <s n="138"> The former Executive Secretary of the Convention has expressed concern that the Conference of the Parties at its seventh session neither invited nor authorized the Convention secretariat to move its financial services from the Office to another organization, nor did it authorize the Convention secretariat to sever or change its other ties to either the Office or United Nations Headquarters. </s>
	  <s n="139"> In that context, he further stated that it was the belief of the Convention secretariat that it would be most appropriate for it to seek again the guidance of the parties regarding the best manner to reduce the present exchange rate risks. </s>
	</p>
	<p n="80">
	  <s n="140"> Observations and recommendations </s>
	</p>
	<p n="81">
	  <s n="141"> The implementation of the United Nations Convention to Combat Desertification since the last session of the General Assembly has advanced the Convention&apos;s process and visibility. </s>
	</p>
	<p n="82">
	  <s n="142"> At its fifth session, the Committee for the Review of the Implementation of the Convention not only reviewed various reports but also succeeded in convening seven panel discussions and a global interactive dialogue to maximize the exchange of best practices, experiences and lessons learned between parties and observers, and to cover regional and global issues as well as several strategic areas. </s>
	  <s n="143"> The Assembly may wish to lend its political support to the Committee process as a unique exercise for the dialogue and partnership building that are very much needed in the implementation of the Convention. </s>
	</p>
	<p n="83">
	  <s n="144"> With regard to the next cycle of the Commission on Sustainable Development, it is envisaged that the core issues covered by the Convention will be a top priority in the intergovernmental processes during the next biennium, including in the ongoing debate on climate change. </s>
	  <s n="145"> The Assembly may wish, in conjunction with the Conference of the Parties, to continue to provide policy guidance on that important matter. </s>
	  <s n="146"> The same support is expected from the Assembly to implement the ten-year strategic plan and framework to enhance the implementation of the Convention (2008-2018), should it be adopted by the Conference of the Parties. </s>
	</p>
	<p n="84">
	  <s n="147"> Finally, the shift to the euro as the currency of the Convention has proven difficult to implement. </s>
	  <s n="148"> At a time when currency fluctuations continue to impede the implementation of the Convention budget, the Conference of the Parties should continue to seek a satisfactory solution, including within the framework of the institutional linkage and administrative arrangements concluded between the Assembly and the Conference of the Parties and in the context of the implementation of resolution 60/283. </s>
	  <s n="149"> At the present time, it would be advisable to maintain the integrity of the institutional linkage that over the years has proved to be an asset for the Convention and its processes. </s>
	  <s n="150"> Parties have more to gain than to lose in the present relationship. </s>
	  <s n="151"> The Assembly may wish therefore to encourage the parties to the Convention to consider taking temporary measures to protect the Convention&apos;s budget against the negative effects of currency fluctuations. </s>
	  <s n="152"> Furthermore, since the United Nations is about to shift to a new management system, reforming the outdated IMIS, Member States may wish to include in the said reform the possibility of accommodating other currencies, such as the euro. </s>
	</p>
	<p n="85">
	  <s n="153"> Outcome of the International Year of Deserts and Desertification </s>
	</p>
	<p n="86">
	  <s n="154"> Introduction </s>
	</p>
	<p n="87">
	  <s n="155"> Concerned at the exacerbation of desertification, particularly in Africa, and its far-reaching implications for the implementation of the Millennium Development Goals, the General Assembly, by its resolution 58/211, declared the year 2006 as the International Year of Deserts and Desertification. </s>
	  <s n="156"> The Year would serve as a means to raise public awareness on the issue of desertification and to protect the biological diversity of deserts as well as the traditional knowledge of communities affected by desertification. </s>
	</p>
	<p n="88">
	  <s n="157"> The present report assesses the outcomes of a wide range of events and activities that took place to celebrate the International Year of Deserts and Desertification. </s>
	  <s n="158"> It concludes that the Year offered an important opportunity to increase awareness of desertification at the global level, while fostering the development of stakeholder networks and contributing to the long-term implementation of the United Nations Convention to Combat Desertification and the achievement of the Millennium Development Goals. </s>
	  <s n="159"> However, to carry forward the momentum generated by the Year, it is imperative that appropriate follow-up action take place. </s>
	</p>
	<p n="89">
	  <s n="160"> At its sixtieth session, the Assembly adopted resolution 60/200, requesting the Secretary-General to report to it at its sixty-second session on the celebration of the Year. </s>
	</p>
	<p n="90">
	  <s n="161"> Objectives of the International Year of Deserts and Desertification </s>
	</p>
	<p n="91">
	  <s n="162"> The decision of the General Assembly to observe an international year dedicated to deserts and desertification provided an opportunity to highlight the issue of drylands on the international environmental agenda, while also providing a timely reminder to the international community of the immense challenges that still lie ahead. </s>
	  <s n="163"> The International Year of Deserts and Desertification was also intended to address the issue of deserts as unique natural habitats that have been home to some of the world&apos;s oldest civilizations. </s>
	</p>
	<p n="92">
	  <s n="164"> The celebration of the Year was conceived with a view to achieving a set of concrete and measurable objectives, represented by the acronym LAND: </s>
	</p>
	<p n="93">
	  <s n="165"> (a) Long-term oriented implementation of the United Nations Convention to Combat Desertification; </s>
	</p>
	<p n="94">
	  <s n="166"> (b) Awareness of the implications of desertification; </s>
	</p>
	<p n="95">
	  <s n="167"> (c) Networking with all stakeholders; </s>
	</p>
	<p n="96">
	  <s n="168"> (d) Dissemination of information relating to the Convention. </s>
	</p>
	<p n="97">
	  <s n="169"> C. Celebrations of the International Year of Deserts and Desertification </s>
	</p>
	<p n="98">
	  <s n="170"> The General Assembly and the Conference of the Parties encouraged country parties and observers to celebrate the International Year of Deserts and Desertification worldwide, and the secretariat of the Convention, in cooperation with its bilateral and institutional partners, including the International Year of Deserts and Desertification inter-agency committee, organized a number of major international events. </s>
	</p>
	<p n="99">
	  <s n="171"> Further global communication initiatives undertaken included broadcasts by media such as the British Broadcasting Corporation (BBC), the Voice of America and Deutsche Welle. </s>
	  <s n="172"> In addition, the Science and Development Network (SciDevNet) commissioned scientific experts to prepare the Desert Science dossier (available from http://www.scidev.net). </s>
	</p>
	<p n="100">
	  <s n="173"> Celebrations and events </s>
	</p>
	<p n="101">
	  <s n="174"> Prior to the start of 2006, the Executive Secretary of the Convention requested information on national level activities that parties intended to organize to celebrate the Year, and 54 parties confirmed their participation. </s>
	  <s n="175"> At the end of 2006, the secretariat invited the parties and observers to report on those activities. </s>
	  <s n="176"> By the end of May 2007, information had been received on activities in 31 countries, which was useful in identifying priorities addressed at the national level. </s>
	  <s n="177"> National events were grouped into three categories, as follows: </s>
	</p>
	<p n="102">
	  <s n="178"> (a) Conferences, workshops, seminars and symposiums, including academic lectures, science seminars, round-table discussions, forums and press conferences; </s>
	</p>
	<p n="103">
	  <s n="179"> (b) Public information and awareness-raising events, including exhibition stands, postcards, posters, booklets, literature, maps, the “This land is your land” information pack, civil society networking events, media coverage, study tours, teaching kits, training for teachers on desertification, e-learning programmes, world days and tree plantings; </s>
	</p>
	<p n="104">
	  <s n="180"> (c) Cultural events, including museum, gallery and photographic exhibitions, musical events, plays, film festivals, commemorative stamps, calendars, websites, desertification-themed lottery tickets, and photographic and writing competitions. </s>
	</p>
	<p n="105">
	  <s n="181"> Key outputs and achievements of the International Year of Deserts and Desertification </s>
	</p>
	<p n="106">
	  <s n="182"> Many of the International Year of Deserts and Desertification events requested the Conference of the Parties, the secretariat and other stakeholders to give due consideration to follow-up initiatives. </s>
	  <s n="183"> Outputs from the conferences organized in Bamako on youth and desertification (4-6 September 2006) and in Beijing on women and desertification (29 May-1 June 2006) specifically requested the Conference of the Parties to consider their conclusions with a view to implementing the respective recommendations. </s>
	  <s n="184"> At the end of the Joint International Conference on Desertification and the International Policy Imperative, held in Algiers from 17 to 19 December 2006, an agreement was signed by the Ministry of Urban Planning, the Environment and Tourism of Algeria, the United Nations University, the United Nations Environment Programme and the secretariats of the United Nations Convention to Combat Desertification and the Convention on Biological Diversity on strengthening the collaboration of those institutions in combating desertification. </s>
	  <s n="185"> The agreement also referred to a possible decade of deserts and desertification (2010-2020). </s>
	</p>
	<p n="107">
	  <s n="186"> International Year of Deserts and Desertification events also yielded outputs, which, if acted upon, could enhance the multiplier effect of the Year at the national and international levels. </s>
	  <s n="187"> They focused on a variety of core themes, such as women and young people, desertification-induced food insecurity and migration, and the like. </s>
	</p>
	<p n="108">
	  <s n="188"> Recommendations to strengthen existing aspects of the Convention implementation process </s>
	</p>
	<p n="109">
	  <s n="189"> Enhancing participation and empowerment </s>
	</p>
	<p n="110">
	  <s n="190"> It was regarded as necessary to engage the participation of land users, Governments, regional and international bodies, non-governmental organizations, civil society, communities and the private sector, and to acknowledge that desertification-affected dryland dwellers must be at the centre of any engagement. </s>
	  <s n="191"> It was further deemed necessary to formulate strategies to reduce the vulnerability of such social groups as women and youth and to involve farmers and populations of arid zones in the formulation of public policies that have a direct impact on them and on their livelihoods. </s>
	</p>
	<p n="111">
	  <s n="192"> Enhancing the role of civil society and non-governmental organizations and networking </s>
	</p>
	<p n="112">
	  <s n="193"> It was recommended that a viable system be set up to reinforce the active contribution of civil society to reducing the impacts of desertification, and Governments and cooperation agencies were invited to support existing youth networks involved in environmental and sustainable development. </s>
	  <s n="194"> The establishment and strengthening of local women&apos;s organizations was advocated in order to enhance women&apos;s participation in decision-making, while the importance of taking a holistic approach involving all stakeholders was emphasized in order to gain full benefit from research and knowledge-sharing. </s>
	</p>
	<p n="113">
	  <s n="195"> Scientific research, training and consensus </s>
	</p>
	<p n="114">
	  <s n="196"> The need for multidisciplinary research on dryland policy options and consequences was identified, including land tenure issues, drought preparedness and mitigation, soil and water resource management and the value of ecosystem services. </s>
	  <s n="197"> There was also a call for better communication and sharing of scientific knowledge across the spectrum of stakeholders. </s>
	  <s n="198"> It was further recommended that Governments and multilateral environmental agreements should integrate science into policymaking at all levels, while the scientific assessment of land degradation in arid, semi-arid and dry sub-humid areas should be linked to efforts to adapt to the adverse effects of climate variability and/or climate change. </s>
	</p>
	<p n="115">
	  <s n="199"> Concerns and requests for long-term implementation of the Convention </s>
	</p>
	<p n="116">
	  <s n="200"> A peer review mechanism in the implementation of the Convention was recommended, as well as improved interaction of the Convention with other development partners and national Governments, which would enable the Convention to champion better policies at the international level. </s>
	  <s n="201"> The Convention secretariat was also asked to establish a focal point for youth and a Convention youth partnership network. </s>
	  <s n="202"> Governments of country parties were requested to introduce more substance to sessions of the Conference of the Parties and meetings of the Committee on the Review of the Implementation of the Convention, and the Intersessional Intergovernmental Working Group was encouraged to take fully into consideration the recommendations of the Beijing International Conference on Women and Desertification and the Bamako International Conference on Youth and Desertification. </s>
	</p>
	<p n="117">
	  <s n="203"> Indicators and targets </s>
	</p>
	<p n="118">
	  <s n="204"> There was recognition of the need for better harmonization of information at various levels, together with the standardization of definitions, indicators and monitoring procedures. </s>
	  <s n="205"> The identification of a limited number of clear, legally binding targets for implementation of the Convention was also seen as important. </s>
	  <s n="206"> They would be based, inter alia, on past work of the Committee on Science and Technology and on a review of selected success stories and/or failures of campaigns against desertification and the effects of drought. </s>
	</p>
	<p n="119">
	  <s n="207"> National action programmes </s>
	</p>
	<p n="120">
	  <s n="208"> Concern was expressed about the serious delays in implementing national action programmes to combat desertification, and there were calls upon those countries that had not yet finished formulating their national action programmes to do so. </s>
	  <s n="209"> There were also calls upon parties to incorporate a gender dimension in the implementation of their national action programmes and in other relevant frameworks or environmental strategies. </s>
	</p>
	<p n="121">
	  <s n="210"> Governments were requested to raise their national action programmes to the strategic framework level and mainstream advanced efforts to combat desertification. </s>
	  <s n="211"> In view of recurrent droughts and their impacts on local communities, it was seen as important to develop and implement a national drought policy that supported effective implementation of the national action programmes. </s>
	  <s n="212"> Country parties were also requested to identify the mechanisms to enhance participation of young people in the implementation of national action programmes. </s>
	</p>
	<p n="122">
	  <s n="213"> Resources and financing </s>
	</p>
	<p n="123">
	  <s n="214"> It was suggested that new funding opportunities and financial instruments could be created through the development of public-private and community partnerships, while donor countries were invited to support initiatives using microcredit tools. </s>
	</p>
	<p n="124">
	  <s n="215"> Furthermore, donor countries and international agencies, particularly the Global Environment Facility, should be called upon to provide additional funds on a regular basis as a way of improving participation (particularly of women) in the decision-making process within the implementation of the Convention. </s>
	  <s n="216"> It was also suggested that the private sector should be provided with economic incentives to better invest in efforts to combat desertification. </s>
	</p>
	<p n="125">
	  <s n="217"> E. Outcomes focusing on cross-cutting themes already considered within the Convention but which must continue to be mainstreamed </s>
	</p>
	<p n="126">
	  <s n="218"> The cross-cutting themes include, in particular, the following: synergy and interlinkages, traditional knowledge, water, renewable energy, culture and education, alternative employment opportunities, access to markets and sustainable livelihoods. </s>
	  <s n="219"> For further details on the priority cross-cutting areas of gender (women) and youth, please refer to the Beijing Statement of the International Conference on Women and Desertification and the Bamako Declaration of the International Conference on Youth and Desertification (see final report, chap. </s>
	  <s n="220"> II) (available from http://www.unccd.int). </s>
	</p>
	<p n="127">
	  <s n="221"> Synergy and interlinkages </s>
	</p>
	<p n="128">
	  <s n="222"> There was a recognition of the need for scientific studies examining the linkages between desertification, biodiversity loss and climate change, while innovative and adaptive land management responses to inherent climatic variability and natural hazards (droughts, floods, landslides, sand and dust storms, wildfires and so on) must be identified and implemented for sustainable land management. </s>
	</p>
	<p n="129">
	  <s n="223"> Traditional knowledge </s>
	</p>
	<p n="130">
	  <s n="224"> A greater appreciation of the role of traditional knowledge was advocated, in addition to the recognition that combining traditional knowledge with scientific knowledge and new tools provides policymakers with crucial information. </s>
	  <s n="225"> In that context, the Convention and the country parties were requested to strengthen the integration of local traditional knowledge with modern scientific approaches to combat desertification. </s>
	</p>
	<p n="131">
	  <s n="226"> Culture and education </s>
	</p>
	<p n="132">
	  <s n="227"> The promotion of education and the dissemination of information in areas affected by drought and desertification was recommended, as well as the inclusion of environmental and sustainable development as subjects in the curricula of schools. </s>
	  <s n="228"> In that regard, specialized education facilities on combating desertification should be created, and an international system of fellowships and/or internships established on issues relating to desertification, supported by the private sector. </s>
	</p>
	<p n="133">
	  <s n="229"> Water </s>
	</p>
	<p n="134">
	  <s n="230"> It was recognized that managing water scarcity not only contributes towards reducing land degradation and desertification in fragile ecosystems characterized by structural water shortages, but also helps to attain the Millennium Development Goals, while knowledge of water management approaches is crucial to formulating policies for development of drylands. </s>
	  <s n="231"> It was further noted that desert drylands provide opportunities for sustainable livelihoods that do not depend on the land&apos;s primary productivity but exploit such desert attributes as winter warmth, brackish geothermal water and high solar irradiation. </s>
	</p>
	<p n="135">
	  <s n="232"> Renewable energy </s>
	</p>
	<p n="136">
	  <s n="233"> It was advocated that non-governmental organizations disseminate information on alternative energy sources and that the potential of the drylands should be explored in order to provide such alternative energy sources as solar, wind and biofuel. </s>
	</p>
	<p n="137">
	  <s n="234"> Alternative employment opportunities, access to markets and sustainable livelihoods </s>
	</p>
	<p n="138">
	  <s n="235"> Alternative employment opportunities and sustainable livelihoods for pastoralists and other land users in the drylands need to be created to diminish pressure on natural resources, while income-generating activities should be encouraged based on the development of renewable energies and activities such as ecotourism. </s>
	  <s n="236"> It was also suggested that Governments should be asked to set up coherent policies on international trade in order to allow equitable access of dryland products to the markets. </s>
	</p>
	<p n="139">
	  <s n="237"> Outputs from International Year of Deserts and Desertification events identifying new and emerging cross-sectoral issues that require attention within the Convention process </s>
	</p>
	<p n="140">
	  <s n="238"> Emerging cross-sectoral issues that require attention within the Convention process include the areas of health, food security, environmental security, migration and environmental refugees and ecosystem goods and services. </s>
	  <s n="239"> Selected outcomes from the deliberations at International Year of Deserts and Desertification events are described below. </s>
	</p>
	<p n="141">
	  <s n="240"> Health </s>
	</p>
	<p n="142">
	  <s n="241"> It was recommended that health indicators, such as maternal diseases, child nutrition, family planning and the like be considered in the Convention reporting process. </s>
	  <s n="242"> There should be a recognition of the negative effects of HIV/AIDS on communities living in areas affected by desertification and drought, particularly on women, leading to further land degradation and poverty, and of the need to explore effective strategies to diminish that negative impact through joint efforts promoting women&apos;s active involvement. </s>
	  <s n="243"> Health risks could be anticipated and prevented by strengthening the capacity for resistance of both the population and the food sector, through immunization, palm production and the planting of drought-tolerant crops with higher nutritional qualities. </s>
	  <s n="244"> To reduce maternal and child mortality, adequate reproductive health facilities for women should be provided in areas affected by drought and desertification. </s>
	</p>
	<p n="143">
	  <s n="245"> Food security </s>
	</p>
	<p n="144">
	  <s n="246"> The concept of food sovereignty for the world&apos;s arid zones, which advocates local agricultural production to feed the local population, should be recognized. </s>
	  <s n="247"> Furthermore, greater consideration should be given to the increasing convergence between human rights, the right to food and sustainable environmental management, with emphasis on the prevention and anticipation of food insecurity in the drylands. </s>
	  <s n="248"> The use of multipurpose trees and crops for the production of medicines and food of high nutritive value, based on traditional knowledge, should be promoted. </s>
	  <s n="249"> A specific study should also be carried out on the nutritional capacity of products from areas affected by drought and desertification and on ways and means of improving the nutritional status of the younger generation, taking into consideration existing research in the field. </s>
	</p>
	<p n="145">
	  <s n="250"> Environmental security, migration and environmental refugees </s>
	</p>
	<p n="146">
	  <s n="251"> Comprehensive policies should be adopted to ensure the full involvement, particularly of young people, in natural resource management to encourage them to remain on their land, while activities in affected areas should be supported in order to avoid forced migration. </s>
	  <s n="252"> A more in-depth analysis of the definition of environmental migration is needed, as well as an analysis of the causes and consequences of migration and the recognition of environmental refugees under international law and of their right to food. </s>
	  <s n="253"> Furthermore, a conceptual framework for desertification and migration is needed, and an international expert panel should be established to help mitigate the effects of desertification and migration. </s>
	</p>
	<p n="147">
	  <s n="254"> Ecosystem goods and services, their valuation and the costs of inaction </s>
	</p>
	<p n="148">
	  <s n="255"> It was recognized that those people involved in the conservation and protection of resources should benefit from payment for environmental services. </s>
	  <s n="256"> Consequently the Committee on Science and Technology and the Committee on the Review of the Implementation of the Convention were called upon to urgently contribute to reaching a scientific consensus, in time for the eighth meeting of the Conference of the Parties, on the causes and symptoms of desertification and future outlooks. </s>
	  <s n="257"> There was a recognition of the need to evaluate the costs and benefits of combating desertification, including ecosystem services, based on quantifiable targets and on estimates of the cost of inaction. </s>
	  <s n="258"> The need for research and methods to better document the full costs of dryland degradation, particularly the losses of ecological goods and services, was also emphasized, as well as the need to quantify the substantial benefits that could accrue from the sustainable rehabilitation and development of those lands. </s>
	  <s n="259"> It was acknowledged that investment in drylands is economically, socially and environmentally profitable and judicious, and should be underpinned by appropriate legislation, land tenure security, price stability, education and health care. </s>
	</p>
	<p n="149">
	  <s n="260"> Conclusion and recommendations </s>
	</p>
	<p n="150">
	  <s n="261"> Despite the extensive progress made towards meeting the objectives of the International Year of Deserts and Desertification, desertification remains an important global problem, especially in relation to its far-reaching implications for the implementation of the Millennium Development Goals, in particular Goal 1 on the eradication of extreme poverty and hunger and Goal 7 on ensuring environmental sustainability. </s>
	  <s n="262"> If undertaken appropriately, such follow-up action could have beneficial collateral effects in contributing to goals 3, 4 and 8. </s>
	  <s n="263"> It is therefore of paramount importance that appropriate follow-up action take place at all levels to build on the momentum generated through the Year, through the promotion of further political engagement, advocacy and awareness-raising in the context of the Convention. </s>
	</p>
	<p n="151">
	  <s n="264"> The General Assembly may wish to consider the following recommendations that were identified at the relevant events organized during the celebration of the International Year of Deserts and Desertification and relate to seven main core priority areas, as follows: </s>
	</p>
	<p n="152">
	  <s n="265"> (a) A commitment from stakeholders for management and restoration of degraded drylands: </s>
	</p>
	<p n="153">
	  <s n="266"> (i) From partner organizations to the Convention (including the organizations of the United Nations system), financial institutions (including the Global Environment Facility), resource mobilizers (including the Global Mechanism) and parties, to increase the level and diversity of funding available to combat desertification and implement the Convention, through predictable and sufficient resources; </s>
	</p>
	<p n="154">
	  <s n="267"> (ii) From the scientific community, to make research findings relevant to end-users and understandable to all stakeholders; </s>
	</p>
	<p n="155">
	  <s n="268"> (iii) From civil society and non-governmental organizations, to give priority to drylands and combating desertification in their efforts to implement multilateral environmental agreements; </s>
	</p>
	<p n="156">
	  <s n="269"> (b) Formulating and implementing supportive policies and appropriate legal frameworks: </s>
	</p>
	<p n="157">
	  <s n="270"> (i) To improve interaction of the United Nations Convention to Combat Desertification with development partners and the other Rio Conventions, and to forge new relationships with organizations addressing such emerging cross-cutting issues as food security, health, migration and human rights; </s>
	</p>
	<p n="158">
	  <s n="271"> (ii) To mainstream the priorities of national action programmes in national development frameworks, in conjunction with clear targets and indicators to monitor progress; </s>
	</p>
	<p n="159">
	  <s n="272"> (iii) To encourage countries that have not yet finished formulating their national action programmes to do so with urgency; </s>
	</p>
	<p n="160">
	  <s n="273"> (c) Empowering local people and marginalized groups, particularly women and young people, and ensuring the equitable sharing of costs and benefits: </s>
	</p>
	<p n="161">
	  <s n="274"> (i) Strengthening the role of women, young people and populations of arid zones in decision-making, participatory processes and efforts to implement the Convention and consolidation of multi-stakeholder networks developed during the International Year of Deserts and Desertification, particularly between non-governmental organizations, women, young people, farmers and scientists, while providing the resources to ensure their sustainability; </s>
	</p>
	<p n="162">
	  <s n="275"> (ii) Disseminating research among different stakeholder groups on the full environmental, social and economic cost of dryland degradation with a view to developing strategies for intervention; </s>
	</p>
	<p n="163">
	  <s n="276"> (d) Integrated approaches to resource assessment, planning and management, taking into consideration the links between desertification and such emerging cross-sectoral issues as migration, environmental security, health, water, renewable energies and food insecurity: </s>
	</p>
	<p n="164">
	  <s n="277"> (i) Rights-based approaches to such emerging cross-sectoral issues as food security, access to water and migration; </s>
	</p>
	<p n="165">
	  <s n="278"> (ii) Exploration of, and investment in, the less well-known opportunities provided by the drylands, particularly in respect of renewable energies and alternative livelihoods; </s>
	</p>
	<p n="166">
	  <s n="279"> (iii) Improved communication between stakeholders to reduce the duplication of effort; </s>
	</p>
	<p n="167">
	  <s n="280"> (e) Taking an adaptive and holistic approach to dryland management, emphasizing environmental, social and cultural values as well as traditional knowledge: </s>
	</p>
	<p n="168">
	  <s n="281"> (i) Making a commitment to integrated water, forest and land resource management, capitalizing on the information in the Millennium Ecosystem Assessment and fostering synergy with other multilateral environmental agreements; </s>
	</p>
	<p n="169">
	  <s n="282"> (ii) Further promoting education and the dissemination of information in dryland areas affected by desertification, building on the progress made during the International Year of Deserts and Desertification and incorporating different social and cultural values and traditional knowledge; </s>
	</p>
	<p n="170">
	  <s n="283"> (iii) Responding innovatively to natural dryland hazards, including droughts, floods, sandstorms, and the like, engaging all stakeholders, capitalizing on traditional coping strategies and scientific knowledge, and ensuring the timely review and revision of management goals; </s>
	</p>
	<p n="171">
	  <s n="284"> (f) Promoting economic efficiency and financial viability: </s>
	</p>
	<p n="172">
	  <s n="285"> (i) Agreement on a limited number of clear targets for implementation of the United Nations Convention to Combat Desertification, including quantifiable objectives and time frames to monitor progress and evaluate the “value for money” from investment in efforts to combat desertification; </s>
	</p>
	<p n="173">
	  <s n="286"> (ii) Exploration of innovative approaches to enhance resources and maximize the efficiency of bilateral and multilateral development instruments. </s>
	  <s n="287"> Such approaches could include debt swaps and public-private and community partnerships; </s>
	</p>
	<p n="174">
	  <s n="288"> (iii) Documentation of the full costs of degradation and inaction at national, regional and international levels, together with quantification of the economic benefits and profits that could accrue from the sustainable rehabilitation and development of drylands; </s>
	</p>
	<p n="175">
	  <s n="289"> (g) Assuring participatory monitoring and evaluation as a basis for adaptive management: </s>
	</p>
	<p n="176">
	  <s n="290"> (i) Greater participation of those stakeholders affected by desertification (particularly indigenous groups, women, young people and the poor) in defining problems and in implementing policies and projects; </s>
	</p>
	<p n="177">
	  <s n="291"> (ii) Recognition of the benefits of combining traditional and scientific knowledge to address local needs in combating desertification effectively. </s>
	</p>
	<p n="178">
	  <s n="292"> Annex III </s>
	</p>
	<p n="179">
	  <s n="293"> Report of the Executive Secretary of the Convention on Biological Diversity </s>
	</p>
	<p n="180">
	  <s n="294"> Introduction </s>
	</p>
	<p n="181">
	  <s n="295"> In its resolution 61/204 of 20 December 2006, the General Assembly invited the Executive Secretary of the Convention on Biological Diversity to continue reporting on the ongoing work of the Convention, including its Cartagena Protocol on Biosafety. </s>
	  <s n="296"> The present report has been prepared in response to that invitation. </s>
	  <s n="297"> As at 31 July 2007, a total of 190 States and the European Union were a party to the Convention, and the Cartagena Protocol had been ratified by 141 States. </s>
	</p>
	<p n="182">
	  <s n="298"> Overview of major developments </s>
	</p>
	<p n="183">
	  <s n="299"> Group of Eight Summit in Heiligendamm, and the Potsdam Initiative: Biological Diversity 2010 </s>
	</p>
	<p n="184">
	  <s n="300"> For the first time in its history, the Summit of the Group of Eight, discussed the challenges of biodiversity. </s>
	  <s n="301"> By adopting the Declaration on Growth and Responsibility in the World Economy (para. </s>
	  <s n="302"> 61) in June 2007, the leaders of the Group of Eight Summit in Heiligendamm agreed to increase their efforts for the protection and sustainable use of biodiversity to achieve the 2010 biodiversity target, aimed at reducing significantly the current rate of biodiversity loss. </s>
	  <s n="303"> They also acknowledged the Potsdam Initiative: Biological Diversity 2010, launched in March 2007 by the ministers of the environment of the Group of Eight and of Brazil, China, India, Mexico and South Africa. </s>
	  <s n="304"> The Potsdam Initiative, involving five diverse countries, revolves around 10 concrete activities to help achieve the 2010 biodiversity target adopted in Johannesburg at the World Summit on Sustainable Development and reiterated by the 2005 World Summit in its outcome document (resolution 60/1). </s>
	  <s n="305"> The Potsdam Initiative recognizes that biodiversity and climate change are intertwined and that more efforts are needed to address biodiversity and climate change issues together coherently. </s>
	  <s n="306"> Furthermore, the Potsdam Initiative was one of the recommendations submitted by the eminent experts meeting, which was also held in Potsdam from 13 to 15 December 2006, with the participation of the Executive Secretary of the Convention, to brainstorm on the preparations for the ninth meeting of the Conference of the Parties to the Convention on Biological Diversity, to be held in Bonn, Germany, from 19 to 30 May 2008. </s>
	</p>
	<p n="185">
	  <s n="307"> B. South-South cooperation </s>
	</p>
	<p n="186">
	  <s n="308"> At the request of the President of the Group of 77 in New York, a brainstorming meeting on the preparation of a multi-year plan of action on South-South cooperation for the implementation of the three objectives of the Convention was convened in Montreal from 6 to 8 November 2006. </s>
	  <s n="309"> The brainstorming meeting, organized in partnership with the Secretariat of the Group of 77, made recommendations on the elaboration of a framework for South-South cooperation for the implementation of the Convention in which the participants agreed on objectives, possible programme areas, mechanisms and management arrangements. </s>
	  <s n="310"> The event offered an opportunity for the convening, for the first time, of an exchange of experiences between the secretariats of the Central Africa Forests Commission (COMIFAC), the Amazon Cooperation Treaty Organization and the Association of Southeast Asian Nations. </s>
	  <s n="311"> The meeting of the secretariats of the entities concerned with the three major hydrological and forest basins of the world was convened in Montreal in response to the request of the President of the African Ministerial Conference on the Environment. </s>
	  <s n="312"> That initiative was welcomed by the forty-first Meeting of the Chairpersons/Coordinators of the Group of 77 chapters, held in Rome, from 26 to 27 February 2007. </s>
	</p>
	<p n="187">
	  <s n="313"> C. Cities and biodiversity </s>
	</p>
	<p n="188">
	  <s n="314"> At the initiative of the Mayor of Curitiba, Brazil, Carlos Alberto Richa, a meeting on Cities and Biodiversity: Achieving the 2010 Biodiversity Target was held from 26 to 28 March 2007. </s>
	  <s n="315"> The participants representing 34 mayors adopted the Curitiba Declaration on Cities and Biodiversity, which will be submitted to the ninth Conference of the Parties to the Convention on Biodiversity, together with the results of the municipal pre-conference to be held in Bonn in May 2008. </s>
	  <s n="316"> To that end, a steering committee comprising the mayors of the following cities was established: Bonn, Germany; Curitiba, Brazil; Montreal, Canada; Nagoya, Japan; and Johannesburg, South Africa. </s>
	  <s n="317"> The Curitiba meeting was prepared and serviced by an inter-agency task force chaired by the Executive Secretary, comprising the following organizations: UNEP, the United Nations Human Settlements Programme (UN-Habitat), the United Nations Institute for Training and Research (UNITAR), the United Nations Educational, Scientific and Cultural Organization (UNESCO), the World Conservation Union, the International Council for Local Environmental Initiatives and the University College London (UCL) Environment Institute. </s>
	  <s n="318"> As a result of the initiative, the secretariat has established a web page aimed at promoting best practices and disseminating lessons learned (see http://www.cbd.int/authorities/ default.shtml). </s>
	</p>
	<p n="189">
	  <s n="319"> Biodiversity and climate change </s>
	</p>
	<p n="190">
	  <s n="320"> At the initiative of the Bureau of the twelfth meeting of the Subsidiary Body on Scientific, Technical and Technological Advice, and in collaboration with the Intergovernmental Panel on Climate Change, a round table meeting on the interlinkages between biodiversity and climate change was held from 19 to 20 March 2007, at the headquarters of the Convention on Biological Diversity. </s>
	  <s n="321"> The expert meeting considered the relevance of the work of the Panel to the implementation of the programmes of work of the Convention and the cross-cutting issues on climate change and biodiversity. </s>
	  <s n="322"> A message was adopted on climate change and biodiversity, which highlighted an implementation deficit concerning activities that link biodiversity and climate change mitigation and adaptation, and included a list of specific considerations for possible areas for further action as well as general views on emerging issues, such as reducing emissions from deforestation in developing countries and biofuels. </s>
	  <s n="323"> In collaboration with the Convention on Wetlands of International Importance especially as Waterfowl Habitat (Ramsar Convention on Wetlands), the secretariat convened, in March 2007 in Gland, Switzerland, a meeting on climate change and wetlands. </s>
	  <s n="324"> In addition, in collaboration with the secretariat of the United Nations Framework Convention on Climate Change, a meeting on deforestation and climate change was convened in Rome, Italy, on 17 March 2007, immediately following the eighteenth session of the Committee on Forestry of the Food and Agriculture Organization of the United Nations. </s>
	  <s n="325"> The publication entitled Guidance for Promoting Synergy among Activities Addressing Biological Diversity, Desertification, Land Degradation and Climate Change, based on the work of the Ad Hoc Technical Expert Group on Biodiversity and Climate Change, was launched at the margins of the high-level segment of the twelfth meeting of the Conference of the Parties to the United Nations Framework Convention on Climate Change, held in November 2006 in Nairobi, Kenya. </s>
	</p>
	<p n="191">
	  <s n="326"> E. International Day for Biological Diversity </s>
	</p>
	<p n="192">
	  <s n="327"> The International Day for Biological Diversity was celebrated on 22 May 2007 under the theme “Biodiversity and climate change”. </s>
	  <s n="328"> In 2007, an unprecedented number of Parties marked the Day by organizing a series of events based on the written and visual materials that were prepared by the secretariat with the financial support of Norway. </s>
	  <s n="329"> For the first time, an inter-agency task force, comprising the representatives of the relevant agencies, was established to prepare for this major event. </s>
	  <s n="330"> The task force was also assigned to prepare for the International Year of Biodiversity, 2010 (resolution 61/203). </s>
	  <s n="331"> The secretariat organized a high-level event at the Montreal Botanical Garden, with the participation of federal and provincial ministers, the Mayor of Montreal, the executive secretaries of the United Nations Framework Convention on Climate Change and the Ramsar Convention on Wetlands, representatives from the diplomatic corps and several high-level officials from Canada. </s>
	  <s n="332"> More than 300 participants were also present for the ceremony. </s>
	  <s n="333"> In addition, the secretariat used the occasion to launch its new website (http://www.cbd.int), and the Convention on Biological Diversity Linnaeus Lecture Series. </s>
	  <s n="334"> A high-level celebration was held at UNEP headquarters in Nairobi, with the participation of the Executive Director of UNEP and Nobel Peace Prize winner Wangari Maathai. </s>
	  <s n="335"> All regional offices of UNEP also celebrated the Day in their respective duty stations. </s>
	</p>
	<p n="193">
	  <s n="336"> Overview of the outcome of meetings held since the submission of the previous report </s>
	</p>
	<p n="194">
	  <s n="337"> Meeting of the Group of Technical Experts on an internationally recognized certificate of origin/source/legal provenance </s>
	</p>
	<p n="195">
	  <s n="338"> The meeting of the Group of Technical Experts on an internationally recognized certificate of origin/source/legal provenance, held in Lima, Peru, from 22 to 25 January 2007, was convened in the context of the ongoing negotiations on an international regime on access to genetic resources and benefit-sharing. </s>
	  <s n="339"> The Group successfully addressed the four main items of its terms of reference: (a) the possible rationale, the objectives and the need for an internationally recognized certificate of origin/source/legal provenance; (b) potential characteristics and features of different options of such an internationally recognized certificate; (c) distinctions between the options of certificate of origin/source/legal provenance and the implications of each of the options for achieving the objectives of articles 15 and 8(j) of the Convention; and (d) associated implementation challenges, including the practicality, feasibility, costs and benefits of the different options, as well as mutual supportiveness and compatibility with the Convention and other international agreements. </s>
	  <s n="340"> The Group considered a number of potential characteristics and features of a certificate system, which will provide a useful basis for future discussions by the Ad hoc Open-ended Working Group on Access and Benefit Sharing. </s>
	  <s n="341"> The recommendations of the experts will therefore be submitted to the fifth meeting of the Working Group, which will be held in October 2007, to negotiate an international regime on access and benefit-sharing. </s>
	</p>
	<p n="196">
	  <s n="342"> B. Open-ended Ad Hoc Working Group of Legal and Technical Experts on Liability and Redress in the Context of the Cartagena Protocol on Biosafety </s>
	</p>
	<p n="197">
	  <s n="343"> The third meeting of the Open-ended Ad Hoc Working Group of Legal and Technical Experts on Liability and Redress in the Context of the Cartagena Protocol on Biosafety, was held in Montreal from 19 to 23 February 2007. </s>
	  <s n="344"> The Working Group continued to elaborate options for the elements of rules and procedures referred to in article 27 of the Protocol and considered information put together by the Secretariat on the identified topics, as well as expert presentations regarding (a) tools for valuation of biodiversity; (b) financial security to cover liability for damage resulting from transboundary movements of living modified organisms; and (c) transnational procedures. </s>
	  <s n="345"> The participants recommended, in respect of international rules and procedures in the field of liability and redress for damage resulting from transboundary movement of living modified organisms, the future elements and structure of a possible decision of the ninth meeting of the Conference of the Parties to the Convention on Biological Diversity, to be held in Bonn, Germany, in May 2008. </s>
	</p>
	<p n="198">
	  <s n="346"> C. Advisory Group for the programme of work on article 8(j) and related provisions </s>
	</p>
	<p n="199">
	  <s n="347"> The second meeting of the Advisory Group for the programme of work on article 8(j) and related provisions was held in Montreal, Canada, from 30 April to 3 May 2007. </s>
	  <s n="348"> The Group considered the preparation of the fifth meeting of the Ad Hoc Open-ended Intersessional Working Group on Article 8(j) and Related Provisions to be held in Montréal from 15 to 19 October 2007. </s>
	  <s n="349"> The participants discussed the status of traditional knowledge, related trends and factors that may threaten the maintenance, preservation and application of traditional knowledge relevant to biological diversity. </s>
	  <s n="350"> They also considered the vulnerabilities of indigenous and local communities to climate change and other threats, such as desertification and pollution, and the effects of those threats on voluntarily isolated communities. </s>
	  <s n="351"> The impact of climate change on indigenous and local communities was also discussed. </s>
	</p>
	<p n="200">
	  <s n="352"> Subsidiary Body on Scientific, Technical and Technological Advice </s>
	</p>
	<p n="201">
	  <s n="353"> The twelfth meeting of the Subsidiary Body on Scientific, Technical and Technological Advice was held in Paris at the headquarters of UNESCO from 2 to 6 July 2007 with the participation of 465 experts. </s>
	  <s n="354"> The opening ceremony of was attended by Jean-Louis Borloo, the Minister of State of France, by the Director-General of UNESCO and by Nicolas Hulot. </s>
	  <s n="355"> For the first time, the Subsidiary Body discussed, under a distinct agenda item, new and emerging scientific issues of relevance to its mandate. </s>
	  <s n="356"> Under that item, the meeting considered the issues of biodiversity and biofuels. </s>
	  <s n="357"> Recommendations on the procedure for the future identification and consideration of emerging issues were also adopted. </s>
	  <s n="358"> The consideration of emerging issues was part of a series of innovative procedures introduced during the meeting aimed at enhancing the scientific underpinning of the Subsidiary Body. </s>
	  <s n="359"> The innovative procedure was adopted at a meeting of the Bureau of the Subsidiary Body held in Paris in July 2006, following a brainstorming session with former, present and future chairs of the Subsidiary Body. </s>
	  <s n="360"> In accordance with its agreed workplan, the Subsidiary Body undertook an in-depth review of the implementation of the Global Strategy for Plant Conservation. </s>
	  <s n="361"> It considered also the findings of the Millennium Ecosystem Assessment on the work under the Convention and identified lessons learned from the preparation of the second edition of Global Biodiversity Outlook, finalized in 2006, with a view to enhancing the quality and relevance of the third edition to be prepared well in advance of the tenth meeting of the Conference of the Parties, to be held in 2010. </s>
	  <s n="362"> Moreover, the meeting recommended the adoption of guidance on strengthening the assessment of the 2010 biodiversity target in dry and sub-humid lands and identified proposals for land-use options that promote biodiversity and generate income for indigenous and local communities. </s>
	  <s n="363"> It also identified proposals for the integration of climate change activities within the programmes of work of the Convention, options for mutually supportive actions addressing climate change within the Rio Conventions, and agreed on a summary of the findings of the global assessment on peatlands, biodiversity and climate change. </s>
	  <s n="364"> The twelfth meeting of the Subsidiary Body was preceded, on 1 July 2007, by a meeting of the Chairs of the scientific advisory bodies of the United Nations Framework Convention on Climate Change, the United Nations Convention to Combat Desertification, the Convention on Biological Diversity and other biodiversity-related conventions and the chairperson of the Scientific and Technical Advisory Panel of the Global Environment Facility, with the participation of the Executive Secretaries of the relevant conventions. </s>
	  <s n="365"> It offered an opportunity, for the first time, to discuss collaboration among the scientific bodies of biodiversity-related Conventions. </s>
	  <s n="366"> It was agreed that the second meeting of the Chairs would be held in Bonn, in May 2008, in conjunction with the ninth meeting of the Conference of the Parties. </s>
	  <s n="367"> The twelfth meeting of the Subsidiary Body was preceded by a training session organized by the Secretariat, in collaboration with the Muséum national d&apos;Histoire naturelle in Paris, on behalf of the Convention on Biological Diversity Consortium of Scientific Partners on Biodiversity. </s>
	</p>
	<p n="202">
	  <s n="368"> E. Ad Hoc Open-ended Working Group on Review of Implementation of the Convention </s>
	</p>
	<p n="203">
	  <s n="369"> The second meeting of the Ad Hoc Open-ended Working Group on Review of Implementation of the Convention was held in Paris at the headquarters of UNESCO from 9 to 13 July 2007. </s>
	  <s n="370"> More than 310 participants attended the meeting, which was preceded by a training workshop on national biodiversity strategies and action plans organized by GEF, UNEP and UNDP. </s>
	  <s n="371"> It was also preceded by a meeting of the Bureau of the eighth Conference of the Parties, and chaired by the Permanent Representative of Brazil to the United Nations Environment Programme, Antônio José Rezende de Castro, which included, for the first time, a dialogue with the Chief Executive Officer and Chairperson of the Global Environment Facility. </s>
	  <s n="372"> That meeting was followed by a high-level dialogue with the Chief Executive Officer and Chairperson of the Global Environment Facility and all the participants, on 9 July. </s>
	  <s n="373"> The second meeting of the Working Group adopted recommendations on streamlining the guidance to GEF and recommended the adoption of a four-year (2010-2014) framework for programme priorities related to the utilization of GEF resources for biodiversity, coinciding with the fifth replenishment of GEF. </s>
	  <s n="374"> To that end, a dialogue among the parties, with the participation of the Chief Executive Officer and Chairperson of the GEF, will be convened on 17 May 2008, immediately before the ninth session of the Conference of the Parties. </s>
	  <s n="375"> The meeting also considered options and a draft strategy for resource mobilization in support of the implementation of the Convention and recommended that a message to the Follow-up International Conference on Financing for Development to Review the Implementation of the Monterrey Consensus, to be held in Doha in 2008, be prepared and transmitted by the President of the ninth session of the Conference of the Parties. </s>
	  <s n="376"> The meeting also considered the implementation of goals 2 and 3 of the strategic plan of the Convention adopted by the sixth session of the Conference of the Parties. </s>
	  <s n="377"> So far, 147 countries have prepared their national strategies and action plans, and 12 parties have undertaken their revisions. </s>
	  <s n="378"> The second meeting of the Working Group reviewed the experience gained on the development and implementation of national strategies and plans and called on parties that had not done so to develop them as soon as possible and preferably before 2010. </s>
	  <s n="379"> The meeting also considered the mainstreaming of biodiversity into the development sector, including in the One United Nations programme. </s>
	  <s n="380"> It also identified areas for capacity-building and access to and transfer of technology. </s>
	  <s n="381"> Under the item on the operations of the Convention, the meeting recommended steps for admitting qualified bodies and agencies, whether governmental or non-governmental, as observers to meetings of the Conference of the Parties and its subsidiary bodies. </s>
	</p>
	<p n="204">
	  <s n="382"> Cooperation with other conventions, international organizations and initiatives </s>
	</p>
	<p n="205">
	  <s n="383"> Cooperation with other conventions, international organizations and initiatives </s>
	</p>
	<p n="206">
	  <s n="384"> Pursuant to decision VIII/16 of the Conference of the Parties, efforts to strengthen cooperation with other conventions, international organizations and initiatives have been enhanced. </s>
	  <s n="385"> The fifth meeting of the Liaison Group of the Biodiversity-related conventions was held in Gland, Switzerland, on 14 September 2006, and the seventh meeting of the Joint Liaison Group of the three Rio Conventions was held in Bonn, on 7 June 2007. </s>
	  <s n="386"> A joint work programme between the Ramsar Convention on Wetlands and the Convention on Biological Diversity was finalized. </s>
	  <s n="387"> An enhanced letter of intent with the Information and Communication Centre of the Barcelona Convention was signed on 12 March 2007. </s>
	  <s n="388"> The letter of intent establishes a collaborative partnership between the two institutions on a number of initiatives and activities related to their respective mandate, in particular to the achievement of the 2010 biodiversity target. </s>
	  <s n="389"> On 28 March 2007, at the closure of the meeting on Cities and Biodiversity: Achieving the 2010 Biodiversity Target, held in Curitiba, Brazil, a memorandum of cooperation with the United Nations Institute for Training and Research was signed with the aim of further enhancing cooperation and of helping parties to the Convention to respond to their capacity-building needs within the framework of their efforts towards achieving the 2010 biodiversity target. </s>
	  <s n="390"> A memorandum of understanding with the Ministry for Economic Cooperation and Development of Germany was signed in Berlin on 5 June 2007. </s>
	  <s n="391"> A memorandum of understanding with Countdown 2010 was signed in Brussels on 11 June 2007. </s>
	  <s n="392"> A memorandum of understanding with the World Conservation Union was signed on 11 July 2007 in Paris, on the mainstreaming of biodiversity into the European development agencies. </s>
	  <s n="393"> A memorandum of understanding was signed in Nairobi in February 2007 with Portugal and the Secretariat of the New Partnership for Africa&apos;s Development. </s>
	  <s n="394"> A memorandum of understanding was signed with Wangari Maathai, aimed at minimizing the environmental impact of the secretariat processes. </s>
	</p>
	<p n="207">
	  <s n="395"> Heads of Agencies Task Force on the 2010 biodiversity target </s>
	</p>
	<p n="208">
	  <s n="396"> The first meeting of the Heads of Agencies Task Force on the 2010 biodiversity target was held on 15 September 2006. </s>
	  <s n="397"> Taking place at the headquarters of the World Conservation Union in Gland, Switzerland, the meeting was attended by the initial signatories, including, in addition to the Union, UNEP, UNCTAD, UNDP, the World Wildlife Fund, the Convention on International Trade in Endangered Species of Wild Fauna and Flora, Biodiversity International and the Ramsar Convention on Wetlands, and were joined by the Convention on the Conservation of Migratory Species of Wild Animals and UNITAR, which officially signed the memorandum of cooperation between agencies to support the achievement of the 2010 biodiversity target at the meeting. </s>
	  <s n="398"> FAO and UNESCO, also represented at the meeting, initiated a request to their respective governing bodies to join the Task Force. </s>
	  <s n="399"> The participants collectively agreed (a) to promote the integration of the 2010 biodiversity target into the Millennium Development Goals as a way of mainstreaming biodiversity into economic sectors and related work on indicators; (b) to make use of communication, education, public awareness and outreach to increase understanding about biodiversity and the 2010 target as a key component of capacity development; and (c) to increase inter-agency collaboration on specific issues. </s>
	</p>
	<p n="209">
	  <s n="400"> C. Steering Committee of the Consortium of Scientific Partners </s>
	</p>
	<p n="210">
	  <s n="401"> on Biodiversity </s>
	</p>
	<p n="211">
	  <s n="402"> The first meeting of the Steering Committee of the Consortium of Scientific Partners on Biodiversity was held at the Royal Botanic Gardens in Kew, United Kingdom of Great Britain and Northern Ireland, on 8 to 9 September 2006. </s>
	  <s n="403"> A major outcome of the meeting was a set of activities based on the comparative advantage of the institutions involved in supporting the work programmes of the Convention on Biological Diversity. </s>
	  <s n="404"> On 22 February 2007, the Montreal Nature Museums were linked to the Steering Committee of the Consortium by a memorandum of understanding signed between the City of Montreal and the secretariat. </s>
	  <s n="405"> The memorandum of understanding establishes a formal framework for collaboration and exchange, aimed at developing and providing training programmes on strategic, technical or scientific issues for the effective implementation of the Convention. </s>
	</p>
	<p n="212">
	  <s n="406"> International Civil Aviation Organization </s>
	</p>
	<p n="213">
	  <s n="407"> A memorandum of understanding with the International Civil Aviation Organization was signed on 19 February 2007. </s>
	  <s n="408"> The agreement formalizes the relationship and cooperation between the Convention on Biological Diversity and the International Civil Aviation Organization, in the latter&apos;s capacity as the lead United Nations agency in Montreal, which had existed on an ad hoc basis since the establishment of the secretariat in Montreal in 1996. </s>
	</p>
	<p n="214">
	  <s n="409"> Recommendations </s>
	</p>
	<p n="215">
	  <s n="410"> The General Assembly may wish, inter alia: </s>
	</p>
	<p n="216">
	  <s n="411"> (a) To take note of the report of the Executive Secretary of the Convention on Biological Diversity, as submitted by the Secretary-General to the General Assembly at its sixty-second session; </s>
	</p>
	<p n="217">
	  <s n="412"> (b) To urge Governments that have not acceded to the Convention and its Cartagena Protocol on Biosafety to consider doing so as soon as possible; </s>
	</p>
	<p n="218">
	  <s n="413"> (c) To call upon parties and other Governments to enhance their efforts to achieve the 2010 biodiversity target, and to that end: </s>
	</p>
	<p n="219">
	  <s n="414"> (i) Reaffirm the importance of the fourth meeting of the Conference of the Parties serving as the Meeting of the Parties to the Cartagena Protocol on Biosafety, to be held in Bonn from 12 to 16 May 2008, and the ninth meeting of the Conference of the Parties to the Convention on Biological Diversity, to be held in Bonn from 19 to 30 May 2008, as well as its high-level segment on 28-30 May 2008; </s>
	</p>
	<p n="220">
	  <s n="415"> (ii) Also reaffirm the importance of finalizing negotiations on the international regime on access and benefit-sharing as soon as possible and no later than 2010; </s>
	</p>
	<p n="221">
	  <s n="416"> (iii) Invite parties, other Governments and relevant international organizations to celebrate in 2010 the International Year of Biodiversity; </s>
	</p>
	<p n="222">
	  <s n="417"> (iv) Welcome the convening of the first meeting of the Chairs of the scientific advisory bodies of the biodiversity-related Conventions and the Rio Conventions aimed at enhancing scientific and technical collaboration for achieving the 2010 biodiversity target; </s>
	</p>
	<p n="223">
	  <s n="418"> (v) Invite the Executive Secretary of the Convention on Biological Diversity to continue reporting to the General Assembly on the ongoing work regarding the Convention and its Protocol. </s>
	</p>
	<p n="224">
	  <s n="419"> United Nations, Treaty Series, vol. 1771, No. 30822. </s>
	</p>
	<p n="225">
	  <s n="420"> Ibid., vol. 1954, No. 33480. </s>
	</p>
	<p n="226">
	  <s n="421"> United Nations, Treaty Series, vol. 1760, No. 30619. </s>
	</p>
	<p n="227">
	  <s n="422"> The three Rio Conventions are the United Nations Convention to Combat Desertification in those Countries Experiencing Serious Drought and/or Desertification, Particularly in Africa; the Convention on Biological Diversity; and the United Nations Framework Convention on Climate Change. </s>
	</p>
	<p n="228">
	  <s n="423"> See http://www.millenniumassessment.org. </s>
	</p>
	<p n="229">
	  <s n="424"> UNEP/CBD/ExCOP/1/3 and Corr.1, part two, annex. </s>
	</p>
	<p n="230">
	  <s n="425"> See Report of the World Summit on Sustainable Development, Johannesburg, South Africa, 26 August-4 September 2002 (United Nations publication, Sales No. </s>
	  <s n="426"> E.03.II.A.1 and corrigendum), chap. </s>
	  <s n="427"> I, resolution 2, annex. </s>
	</p>
	<p n="231">
	  <s n="428"> The three objectives are as follows: the conservation of biological diversity; the sustainable use of its components; and the fair and equitable sharing of benefits arising out of the utilization of genetic resources. </s>
	</p>
	<p n="232">
	  <s n="429"> United Nations, Treaty Series, vol. 996, No. 14583. </s>
	</p>
	<p n="233">
	  <s n="430"> Secretariat of the Convention on Biological Diversity, Technical Series No. 25 (Montreal, Quebec, Canada, 2006). </s>
	</p>
	<p n="234">
	  <s n="431"> Secretariat of the Convention on Biological Diversity (Montreal, Canada, 2006). </s>
	</p>
	<p n="235">
	  <s n="432"> United Nations, Treaty Series, vol. 1651, No. 28395. </s>
	</p>
	<p n="236">
	  <s n="433"> Ibid., vol. 993, No. 14537. </s>
	</p>
	</body>
</text>
</DOC>