<?xml version="1.0" encoding="UTF-8"?>
<DOC lang="English" n="N0829165" id="A/62/780" date="2008/04/01">
<text>
	<body>
	<p n="1">
	  <s n="1"> Sixty-second session </s>
	</p>
	<p n="2">
	  <s n="2"> Agenda item 44 </s>
	</p>
	<p n="3">
	  <s n="3"> Implementation of the Declaration of Commitment on HIV/AIDS and the Political Declaration on HIV/AIDS </s>
	</p>
	<p n="4">
	  <s n="4"> Declaration of Commitment on HIV/AIDS and Political Declaration on HIV/AIDS: midway to the Millennium Development Goals </s>
	</p>
	<p n="5">
	  <s n="5"> Report of the Secretary-General </s>
	</p>
	<p n="6">
	  <s n="6"> Introduction </s>
	</p>
	<p n="7">
	  <s n="7"> Since 2006, progress in containing the HIV epidemic is now being seen in nearly all regions of the world. </s>
	  <s n="8"> In some of the world&apos;s most resource-constrained settings, life-preserving HIV treatments are being scaled up and changes in sexual behaviours are reducing the number of new HIV infections. </s>
	</p>
	<p n="8">
	  <s n="9"> The world is starting to reap the benefits of the unprecedented investments made during the present decade in responding to the HIV epidemic. </s>
	  <s n="10"> The encouraging results reported in many regions demonstrate what can be achieved when there is global resolve, political commitment and the active engagement of people living with HIV and affected communities. </s>
	</p>
	<p n="9">
	  <s n="11"> Yet these positive trends are not uniform across or even within countries. </s>
	  <s n="12"> New infections continue to increase in several countries, while coverage for essential HIV prevention, treatment, care and support remains far too low in many parts of the world to have a major impact on the course of the epidemic. </s>
	  <s n="13"> Especially in the countries most heavily affected by HIV, the epidemic&apos;s impact continues to grow, with increasing numbers of HIV-affected households and children orphaned or made vulnerable by HIV. </s>
	  <s n="14"> Moreover, recent progress cannot obscure the epidemic&apos;s continuing human toll, including the deaths of an estimated 25 million people from AIDS since the start of the epidemic. </s>
	</p>
	<p n="10">
	  <s n="15"> The rate of progress in expanding access to essential services is failing to keep pace with the expansion of the epidemic itself, a shortcoming that is especially evident with respect to HIV prevention. </s>
	  <s n="16"> While an additional 1 million people were started on antiretrovirals in 2007, 2.5 million people were newly infected. </s>
	  <s n="17"> Unless the international community takes immediate action to follow through on the pledges made to implement an exceptional response to HIV, the epidemic&apos;s humanitarian and economic toll will continue to increase. </s>
	</p>
	<p n="11">
	  <s n="18"> A time to assess progress </s>
	</p>
	<p n="12">
	  <s n="19"> Following the establishment of the Millennium Development Goals in 2000, Member States made the commitment to work towards a world that is safer, healthier and more equitable. </s>
	  <s n="20"> In 2001, Member States unanimously embraced a series of time-bound targets in the Declaration of Commitment on HIV/AIDS (General Assembly resolution S-26/2, annex). </s>
	  <s n="21"> In the 2006 Political Declaration on HIV/AIDS (General Assembly resolution 60/262, annex), Member States restated their commitment to achieve the time-bound targets agreed on in 2001 and to move towards universal access to HIV prevention, treatment, care and support by 2010. </s>
	</p>
	<p n="13">
	  <s n="22"> The response to the HIV epidemic, while specifically linked to Millennium Development Goal 6 on reducing the burden of the epidemic, also supports the achievement of most of the other Goals. </s>
	  <s n="23"> For example, mitigating the epidemic&apos;s impact will advance Goal 1, which aims to eradicate extreme poverty and hunger, and the response to HIV also helps to empower women and promote gender equality (Goal 3). </s>
	  <s n="24"> With more than half of all HIV-infected infants dying before age two, the prevention of mother-to-child HIV transmission and the provision of paediatric HIV treatment together support progress towards Goal 4, to reduce child mortality. </s>
	  <s n="25"> The response to HIV also supports the push towards universal primary education, in support of Goal 2, and is helping drive increased innovation and global partnerships for development (Goal 8). </s>
	  <s n="26"> Thus, progress towards reversing the HIV epidemic is central to the broad international development agenda. </s>
	</p>
	<p n="14">
	  <s n="27"> Since it is only two years before the deadline for universal access to HIV prevention, treatment, care and support, and midway towards the target date of 2015 for achieving the Millennium Development Goals, the present report assesses progress to date in the global response to HIV. </s>
	  <s n="28"> As of 10 March 2008, 147 Member States had reported national information against 25 core indicators that were developed to track implementation of the 2001 Declaration of Commitment on HIV/AIDS. </s>
	  <s n="29"> The core indicators cover a broad array of variables, such as HIV prevalence among young people aged 15-24; coverage of antiretroviral therapy and key HIV prevention interventions; services to support children orphaned or made vulnerable by HIV; and national adoption of recommended HIV policies. </s>
	  <s n="30"> Information from national progress reports has been supplemented by information from other data sources, such as household surveys; civil society reports; and the budgets and programme-monitoring data of donor Governments, the co-sponsors of the Joint United Nations Programme on HIV/AIDS (UNAIDS), philanthropic foundations and research agencies. </s>
	  <s n="31"> Further information on the HIV-related work of UNAIDS co-sponsors is provided in the annex. </s>
	</p>
	<p n="15">
	  <s n="32"> The number of countries reporting on core indicators of national progress has steadily increased in recent years (figure 1). </s>
	</p>
	<p n="16">
	  <s n="33"> Figure 1 Percentage of United Nations Member States reporting, by region, 2004-2008 </s>
	</p>
	<p n="17">
	  <s n="34"> In nearly all countries, civil society groups were actively involved in the monitoring and reporting of progress on the core indicators for the Declaration of Commitment on HIV/AIDS. </s>
	  <s n="35"> They have provided data to supplement national reports, have engaged in national reporting workshops and produced shadow reports. </s>
	  <s n="36"> In 75 per cent of countries, civil society groups reported that their involvement in the national response to HIV improved between 2005 and 2007, although they indicated that such engagement remains inadequate in nearly one quarter of countries. </s>
	</p>
	<p n="18">
	  <s n="37"> Status of the HIV epidemic </s>
	</p>
	<p n="19">
	  <s n="38"> Estimates of the magnitude and trajectory of the epidemic have improved due to an increasing number of national household surveys, expanded surveillance programmes and improved modelling methods. </s>
	  <s n="39"> The most recent data include some encouraging news, although the breadth and severity of the epidemic remain unmatched in modern times by any other infectious disease. </s>
	  <s n="40"> An estimated 33.2 million people worldwide were living with HIV as of December 2007 (figure 2). </s>
	  <s n="41"> The annual rate of new HIV infections appears to have decreased over the last decade, with an estimated 2.5 million people newly infected with HIV in 2007 — down from 3.2 million in 1998. </s>
	  <s n="42"> The annual number of AIDS deaths has declined from 3.9 million in 2001 to 2.1 million in 2007, in part as a result of the substantial increase in access to HIV treatment in recent years. </s>
	  <s n="43"> Worldwide, women represent half of all HIV infections among adults, but 61 per cent of those infected in sub-Saharan Africa. </s>
	</p>
	<p n="20">
	  <s n="44"> Figure 2 Estimated number of adults and children living with HIV, by region, 1990-2007 </s>
	</p>
	<p n="21">
	  <s n="45"> Sub-Saharan Africa accounted for 68 per cent of all adults living with HIV, 90 per cent of the world&apos;s HIV-infected children and 76 per cent of all AIDS deaths in 2007. </s>
	  <s n="46"> Although different countries have diverse epidemics, AIDS remains the leading cause of death in the region. </s>
	  <s n="47"> According to national estimates that incorporate sentinel surveillance and population-based sero-prevalence surveys, the percentage of adults aged 15-49 and living with HIV ranges from 0.7 per cent in Senegal to 25.9 per cent in Swaziland. </s>
	  <s n="48"> In many countries, especially outside sub-Saharan Africa, low levels of infection in the general adult population masks higher infection levels among populations most at risk, including sex workers, injecting drug users and men who have sex with men. </s>
	  <s n="49"> In Asia, where the percentage of the population living with HIV is much lower than in sub-Saharan Africa, a recent report indicated that AIDS remains the leading cause of death from disease among people aged 15-44. </s>
	</p>
	<p n="22">
	  <s n="50"> Expanded sets of data and new methods of analysis indicate that although the rate of new infections has fallen globally, the number of people newly infected has increased in a number of countries. </s>
	  <s n="51"> These include China, Indonesia, the Russian Federation and Ukraine, while HIV infections also seem to be increasing in European Union countries and North America. </s>
	  <s n="52"> The number of new infections has yet to fall in some of the most heavily affected countries, such as Lesotho, Swaziland and South Africa. </s>
	  <s n="53"> Moreover, even where infection levels have stabilized or declined, the dimensions of the epidemic remain alarming. </s>
	  <s n="54"> Especially in sub-Saharan Africa, HIV remains a humanitarian crisis and one of the greatest threats to development. </s>
	</p>
	<p n="23">
	  <s n="55"> The number of patients needing therapy continues to outstrip available financial, human and logistical resources. </s>
	  <s n="56"> The future viability of HIV treatment programmes could be in jeopardy. </s>
	  <s n="57"> Every effort is needed to sharply reduce new HIV infections. </s>
	</p>
	<p n="24">
	  <s n="58"> Status of the response to the HIV epidemic </s>
	</p>
	<p n="25">
	  <s n="59"> Substantial progress has been made in scaling up essential HIV prevention, treatment, care and support services for those who need them. </s>
	  <s n="60"> Financial resources for a multisectoral HIV response continue to increase, and many countries are putting in place policies and programmes required to mount an evidence-informed response to the epidemic. </s>
	</p>
	<p n="26">
	  <s n="61"> Yet few countries have effectively brought to scale the broad range of strategies needed to support a comprehensive effort against the epidemic. </s>
	  <s n="62"> Certain critical services, such as support for children orphaned by the epidemic, are not expanding as quickly as others. </s>
	  <s n="63"> Moreover, some countries that reported early success against the epidemic are having difficulty sustaining previous achievements. </s>
	  <s n="64"> For example, in Uganda, where an early commitment to a robust response to HIV led to widespread behaviour change and sharply lower rates of new HIV infections, recent surveys have revealed increases in risk behaviours and a decline in knowledge about HIV among young people. </s>
	</p>
	<p n="27">
	  <s n="65"> While the resources mobilized to date are impressive, the gap between available resources and actual needs is increasing annually. </s>
	  <s n="66"> Current trends suggest that the world will fall short of achieving universal access to HIV prevention, treatment, care and support services, without a significant increase in the level of resources available for HIV programmes in low- and middle-income countries. </s>
	  <s n="67"> Figure 3 presents the minimum estimated financial resources needed just to continue the current rate of scale-up of services. </s>
	</p>
	<p n="28">
	  <s n="68"> Figure 3 Total annual resources available for HIV prevention, treatment, care and support from 2000 to 2007, and projected trends of resources required according to current scale-up of services for 2008 to 2010 </s>
	</p>
	<p n="29">
	  <s n="69"> (Billions of United States dollars) </s>
	</p>
	<p n="30">
	  <s n="70"> National readiness </s>
	</p>
	<p n="31">
	  <s n="71"> The actions that countries must take to plan and implement effective national responses to HIV are well defined. </s>
	  <s n="72"> Countries should have in place multisectoral, costed and prioritized strategies and action plans guided by solid evidence regarding their national epidemic, as well as comprehensive policies to support effective action against HIV. </s>
	</p>
	<p n="32">
	  <s n="73"> Frameworks for effective national responses are in place in most countries: 97 per cent of countries have a multisectoral HIV strategy, 92 per cent have a national HIV coordinating body, 92 per cent have a national monitoring and evaluation plan in place or in development, and all low- and middle-income countries have integrated HIV into national development plans. </s>
	  <s n="74"> In 69 per cent of countries, national HIV frameworks have been translated into costed operational plans with identified funding sources. </s>
	</p>
	<p n="33">
	  <s n="75"> To improve the harmonization and alignment of international development aid with country-owned strategies and plans, the “Three Ones” are being promoted in countries — one national AIDS authority, one national strategic framework, and one national monitoring and evaluation system. </s>
	  <s n="76"> Countries have made steady progress in implementing the Three Ones (figure 4), although the quality of their implementation needs to improve in many countries. </s>
	</p>
	<p n="34">
	  <s n="77"> Figure 4 Country progress in improving the implementation quality of the Three Ones: one national AIDS authority, one national strategic framework and one national monitoring and evaluation system </s>
	</p>
	<p n="35">
	  <s n="78"> According to Government reports, 83 per cent of national HIV coordinating bodies include civil society representatives. </s>
	  <s n="79"> Reports of civil society groups indicate that they have been involved in the review of national HIV strategies in 84 per cent of countries and in national planning and budgeting in 59 per cent of countries. </s>
	  <s n="80"> However, civil society groups have access to adequate financial support in only 19 per cent of countries. </s>
	</p>
	<p n="36">
	  <s n="81"> While national readiness to address HIV has improved, many national frameworks have not been effectively implemented. </s>
	  <s n="82"> For example, although nearly all countries have national strategic frameworks addressing populations most at risk, fewer than half have implemented HIV prevention services focused on injecting drug users, men who have sex with men or sex workers in all or most districts in need. </s>
	</p>
	<p n="37">
	  <s n="83"> HIV prevention </s>
	</p>
	<p n="38">
	  <s n="84"> The 2001 Declaration of Commitment on HIV/AIDS recognized HIV prevention as the “mainstay of the response”. </s>
	  <s n="85"> Member States committed to implement comprehensive, evidence-informed strategies to reduce the number of people newly infected with HIV and to support targeted programmes to prevent HIV transmission in the vulnerable populations most heavily affected by the epidemic. </s>
	  <s n="86"> The 2006 Political Declaration on HIV/AIDS pledged action at the global, regional and national levels to ensure universal access to life-saving HIV prevention measures. </s>
	</p>
	<p n="39">
	  <s n="87"> As part of the 2001 Declaration of Commitment, Member States made a commitment to reduce the number of HIV infections among young people by 25 per cent by 2010. </s>
	  <s n="88"> To assess progress towards that goal, countries reported data from sero-prevalence surveys of young women in antenatal clinics. </s>
	  <s n="89"> In 12 high-prevalence countries with sufficient data to identify trends, HIV prevalence among young women has declined since 2000-2001, in some cases by more than 25 per cent, with more modest reductions elsewhere. </s>
	  <s n="90"> However, no decrease in HIV prevalence among young people has been observed in Mozambique, South Africa and Zambia. </s>
	</p>
	<p n="40">
	  <s n="91"> Increasing young people&apos;s knowledge </s>
	</p>
	<p n="41">
	  <s n="92"> Member States pledged to ensure that 95 per cent of young people aged 15 to 24 have accurate and complete knowledge of HIV by 2010. </s>
	  <s n="93"> In 2007, national surveys found that 40 per cent of young men and 36 per cent of young women had accurate knowledge of HIV, as measured by surveys based on five HIV-related questions (figure 5). </s>
	  <s n="94"> Although these figures show a trend towards improved knowledge levels seen earlier this decade, such rates remain far below those envisioned in the 2001 Declaration of Commitment. </s>
	  <s n="95"> Both in sub-Saharan Africa and globally, young women had lower levels of basic HIV knowledge than males. </s>
	  <s n="96"> Most young people know that condoms can prevent sexual transmission, and 80 per cent of young men and women are aware that being in a monogamous relationship with a person of the same sero-status is an effective prevention strategy. </s>
	</p>
	<p n="42">
	  <s n="97"> Figure 5 Comprehensive knowledge of HIV among young people aged 15-24, 1995-2005 </s>
	</p>
	<p n="43">
	  <s n="98"> In countries with generalized epidemics, fewer than 70 per cent have implemented school-based HIV education in most or all districts, and 61 per cent have put in place HIV prevention programmes for out-of-school youth. </s>
	  <s n="99"> Where programmes exist, their quality has often not been evaluated. </s>
	</p>
	<p n="44">
	  <s n="100"> Reducing sexual transmission of HIV </s>
	</p>
	<p n="45">
	  <s n="101"> In recent years, data from selected countries, such as Kenya and Zimbabwe, indicate that significant, population-wide changes in sexual behaviour can be achieved and that such behavioural shifts have the potential to reverse national epidemics. </s>
	</p>
	<p n="46">
	  <s n="102"> In low- and middle-income countries, the percentage of young people having sex before age 15 is decreasing in all regions — a continuation of trends detected earlier this decade (figure 6). </s>
	  <s n="103"> Between 1998 and 2007, the share of young people globally reporting sexual intercourse before age 15 fell from 14 per cent to 12 per cent. </s>
	  <s n="104"> Worldwide, boys are significantly more likely to report sex prior to age 15 except in sub-Saharan Africa, where adolescent girls under 15 are almost 50 per cent more likely than boys to be sexually active. </s>
	  <s n="105"> While global trends towards delayed sexual debut are clear, surveys reveal substantial variations between countries, including a trend towards earlier sexual debut in some countries. </s>
	  <s n="106"> Globally, 15 per cent of adult men aged 15-49 reported having sex with more than one partner in the previous 12 months, compared to 6 per cent of women. </s>
	</p>
	<p n="47">
	  <s n="107"> Figure 6 Percentage of young people who have first sex before age 15, by gender </s>
	</p>
	<p n="48">
	  <s n="108"> HIV prevention for populations most at risk </s>
	</p>
	<p n="49">
	  <s n="109"> In diverse countries across the world, certain groups are at especially high risk of HIV exposure, including injecting drug users, men who have sex with men and sex workers. </s>
	</p>
	<p n="50">
	  <s n="110"> Figure 7 Countries reporting in 2005 and 2007 on prevention services for populations most at risk </s>
	</p>
	<p n="51">
	  <s n="111"> As figure 7 illustrates, an increasing number of countries are reporting on the HIV-related needs of populations at greatest risk, a possible reflection of the growing awareness of the importance of such groups in the national response. </s>
	  <s n="112"> However, most countries have yet to implement focused prevention programmes for populations most at risk. </s>
	  <s n="113"> For example, only 34 per cent of countries with a concentrated or low epidemic have implemented programmes to reduce risk among injecting drug users. </s>
	  <s n="114"> In 17 countries reporting, 46 per cent of injecting drug users reported knowing where they could receive an HIV test and be provided with condoms and sterile injecting equipment. </s>
	  <s n="115"> Regionally, prevention coverage for injecting drug users is highest in South and South-East Asia, at 62 per cent. </s>
	  <s n="116"> Thus, while countries like Indonesia are developing comprehensive harm reduction programmes for injecting drug users, access to key components of harm reduction remains limited in other countries, including many Eastern European and Central Asian countries. </s>
	</p>
	<p n="52">
	  <s n="117"> Thirty-nine per cent of countries with concentrated or low epidemics have implemented HIV risk reduction programmes for men who have sex with men in all or most districts in need. </s>
	  <s n="118"> Forty per cent of men who have sex with men surveyed in 28 countries say they are aware of how to obtain a condom or where they may be tested for HIV. </s>
	  <s n="119"> In several countries — including Armenia, Greece, Mexico, Papua New Guinea and Turkey — fewer than 25 per cent of men who have sex with men have access to condoms. </s>
	  <s n="120"> Greater national commitment is urgently needed to strengthen prevention efforts for men who have sex with men, such as that recently shown by Brazil, which in 2008 launched a national media initiative to promote risk reduction among young men who have sex with men. </s>
	</p>
	<p n="53">
	  <s n="121"> In general, sex workers are more likely than men who have sex with men to have access to HIV prevention services. </s>
	  <s n="122"> Sixty-one per cent of countries with generalized epidemics say that prevention services for sex workers have been implemented in all or most districts. </s>
	  <s n="123"> Globally, 60 per cent of sex workers worldwide reported having access to HIV testing and condoms, although in several countries condom access is limited to fewer than half of those who need them. </s>
	</p>
	<p n="54">
	  <s n="124"> Preventing mother-to-child transmission </s>
	</p>
	<p n="55">
	  <s n="125"> Although the cost-effectiveness of mother-to-child HIV transmission prevention programmes was demonstrated in the 1990s, children still accounted for one in six new HIV infections in 2007. </s>
	  <s n="126"> The vast majority of those infections occurred during pregnancy or delivery or as a result of breastfeeding. </s>
	  <s n="127"> The majority of children infected perinatally die before the age of two. </s>
	</p>
	<p n="56">
	  <s n="128"> High-income countries have virtually eliminated the risk of mother-to-child HIV transmission through the implementation of comprehensive prevention measures, including primary prevention of HIV infection; fewer unintended pregnancies among HIV-positive women; provider-initiated HIV testing and counselling in antenatal settings; timely delivery of antiretroviral prophylactic regimens; and safe infant-feeding. </s>
	  <s n="129"> In the 2001 Declaration of Commitment on HIV/AIDS, countries pledged to ensure that 80 per cent of pregnant women who have access to antenatal care are offered HIV prevention services. </s>
	  <s n="130"> Based on revised epidemiological estimates, global coverage for prevention of mother-to-child transmission increased from 14 per cent in 2005 to 34 per cent in 2007 (figure 8). </s>
	</p>
	<p n="57">
	  <s n="131"> However, there are notable exceptions to global averages, such as the Bahamas, Botswana and Thailand, where coverage in 2007 reached as high as 80 per cent, demonstrating that reaching universal access at the country level is indeed possible. </s>
	  <s n="132"> In Botswana, where the Government made prevention of mother-to-child transmission a national priority, the country reduced the infection rate for children born to HIV-infected mothers in 2007 to 4 per cent, demonstrating the feasibility and impact of such programmes in resource-limited settings. </s>
	</p>
	<p n="58">
	  <s n="133"> Figure 8 Number and percentage of HIV-positive pregnant women receiving antiretrovirals, 2005-2007 </s>
	</p>
	<p n="59">
	  <s n="134"> This progress demonstrates the potential to make mother-to-child HIV transmission a rare event even in resource-limited settings. </s>
	  <s n="135"> Building on recent successes, Governments, donors and other stakeholders should redouble efforts to expand access to services to prevent mother-to-child transmission, making special efforts to extend such services to both rural areas and urban settings. </s>
	</p>
	<p n="60">
	  <s n="136"> The search for new technologies to prevent HIV transmission </s>
	</p>
	<p n="61">
	  <s n="137"> Since the release of results from clinical trials on adult male circumcision, which reinforced the findings of observational studies that circumcision reduces the risk of female-to-male sexual transmission by approximately 60 per cent, many countries are now introducing or scaling up circumcision programmes. </s>
	  <s n="138"> Studies are ongoing to determine whether adult male circumcision confers a direct prevention benefit to female partners and for men who have sex with men. </s>
	</p>
	<p n="62">
	  <s n="139"> Results from trials of other potential HIV prevention approaches have yielded more sobering findings. </s>
	  <s n="140"> Studies of the most promising HIV vaccine candidate were halted in September 2007 owing to the vaccine&apos;s lack of efficacy. </s>
	  <s n="141"> Studies of early-generation microbicides have similarly failed to detect a prevention benefit, and disappointing results were reported on the HIV prevention potential of female diaphragms and community-based acyclovir treatment for herpes simplex virus type 2. </s>
	  <s n="142"> But despite finding a lack of efficacy, those trials were useful in informing future research directions. </s>
	  <s n="143"> In the case of microbicides, for example, work is already under way on the next generation of candidates, including gels with an antiretroviral drug to be applied topically. </s>
	  <s n="144"> Research continues on other experimental methods, such as pre-exposure antiretroviral prophylaxis. </s>
	  <s n="145"> The likelihood that the time horizon for major new biomedical prevention breakthroughs may be lengthy further underscores the importance of making maximum use of the effective prevention strategies that are currently available. </s>
	</p>
	<p n="63">
	  <s n="146"> C. HIV treatment and care </s>
	</p>
	<p n="64">
	  <s n="147"> By the end of 2007, an estimated 3 million people in low- and middle-income countries were receiving antiretrovirals — a 42 per cent increase over December 2006 and a tenfold rise over the last five years. </s>
	  <s n="148"> Globally, almost 30 per cent of those who were estimated to need antiretrovirals in 2007 were receiving these drugs (figure 9). </s>
	</p>
	<p n="65">
	  <s n="149"> Figure 9 </s>
	</p>
	<p n="66">
	  <s n="150"> Number of people receiving antiretrovirals in low- and middle-income countries, 2002-2007 </s>
	</p>
	<p n="67">
	  <s n="151"> Increases in treatment access have been extraordinary in many countries. </s>
	  <s n="152"> For example, in Namibia, where treatment coverage was negligible in 2003, 88 per cent of individuals in need were on antiretrovirals in 2007. </s>
	  <s n="153"> In Rwanda, antiretroviral coverage increased from 1 per cent in 2003 to almost 60 per cent in 2007. </s>
	  <s n="154"> In Thailand and Viet Nam, treatment coverage increased more than tenfold between 2003 and 2007. </s>
	</p>
	<p n="68">
	  <s n="155"> Worldwide, gender parity seems to exist in terms of coverage with antiretrovirals. </s>
	  <s n="156"> In a number of countries with generalized epidemics, however, coverage is significantly higher among females. </s>
	  <s n="157"> By contrast, women in need are significantly less likely to be on antiretrovirals in several countries with concentrated epidemics. </s>
	</p>
	<p n="69">
	  <s n="158"> Notwithstanding the considerable achievements in expanding access to life-preserving HIV treatments, substantially greater progress will be required to achieve universal access to HIV treatment and care. </s>
	  <s n="159"> If the current trajectory of treatment scale-up continues, 4.6 million people in need will be on antiretrovirals in 2010 and 8 million in 2015. </s>
	  <s n="160"> Those figures fall short of projected need; in 2007, an estimated 9.8 million people living with HIV were medically eligible to be put on antiretrovirals, and that number is certain to rise as the disease progresses among the more than 33 million people currently living with HIV. </s>
	</p>
	<p n="70">
	  <s n="161"> Owing to advocacy by activists, UNAIDS and other partners, the emergence of competition from generic manufacturers and significant price cuts by pharmaceutical companies, prices for many first-line antiretrovirals have fallen sharply over the last decade. </s>
	  <s n="162"> International intellectual property agreements have also helped facilitate improved access to life-preserving medications for people living with HIV. </s>
	  <s n="163"> Yet further price reductions for antiretrovirals will be needed to ensure the sustainability of treatment programmes, especially with respect to newer antiretrovirals and drugs for second- and third-line therapy, most of which are currently more expensive than standard first-line regimens. </s>
	  <s n="164"> Prices for antiretrovirals are not immutable, as demonstrated when the Clinton Foundation and UNITAID in May 2007 announced steep price cuts for 16 different regimens based on eight second-line antiretrovirals. </s>
	</p>
	<p n="71">
	  <s n="165"> Despite significant gains in life expectancy for people living with HIV since treatment scale-up began, people on antiretrovirals in lower-income countries still have higher mortality than their counterparts in high-income settings. </s>
	  <s n="166"> A greater prevalence of other undiagnosed illnesses and differential access to health care are thought to contribute to those unequal medical outcomes. </s>
	  <s n="167"> Furthermore, early losses to follow-up in antiretroviral programmes are becoming increasingly common as antiretroviral services are scaled up, and are associated with fee-for-service programmes and more advanced immune suppression when initiating antiretrovirals. </s>
	</p>
	<p n="72">
	  <s n="168"> The special plight of children living with HIV </s>
	</p>
	<p n="73">
	  <s n="169"> Children living with HIV are significantly less likely to receive antiretrovirals than HIV-positive adults in sub-Saharan Africa. </s>
	  <s n="170"> Disparities in coverage between adults and children are especially pronounced in West Africa. </s>
	</p>
	<p n="74">
	  <s n="171"> Diagnosis of HIV infection is more difficult in infants than in adults, and the adult medicines used as standard treatment are inappropriate for younger children. </s>
	  <s n="172"> Fortunately, reliable diagnostic tests for HIV infection in infants have become less expensive and are now being used at remote sites. </s>
	  <s n="173"> User-friendly tools have been developed to aid clinicians in administering proper doses of antiretrovirals in children, and formulations of medicines designed for children are also becoming available. </s>
	  <s n="174"> Concerted action is now needed to scale up access to those tools and medications throughout the world to ensure that children have equal access to HIV treatment. </s>
	</p>
	<p n="75">
	  <s n="175"> HIV co-infections and the need for dual treatment </s>
	</p>
	<p n="76">
	  <s n="176"> Tuberculosis remains one of the leading causes of death among people living with HIV, with sub-Saharan Africa alone accounting for 85 per cent of cases of people living with HIV and TB. </s>
	  <s n="177"> Yet only 31 per cent of people living with HIV and TB worldwide and 34 per cent in sub-Saharan Africa received both antiretroviral and anti-TB therapies in 2007. </s>
	</p>
	<p n="77">
	  <s n="178"> Of the 63 countries that account for 97 per cent of estimated cases of TB in people living with HIV, 63 per cent have established national plans that integrate HIV and TB programmes. </s>
	  <s n="179"> However, actual programme utilization data demonstrate that many such plans have not been effectively implemented. </s>
	  <s n="180"> Although the Global Plan to Stop TB 2006-2015 set a global target of testing 1.6 million TB patients for HIV in 2006, only 706,000 were actually tested for HIV in 2006. </s>
	  <s n="181"> Similarly, 42 per cent of countries with generalized HIV epidemics have implemented routine TB screening for people living with HIV, but only 27 per cent provide TB preventive therapy in all districts for people living with HIV. </s>
	  <s n="182"> In 2006, less than 0.1 per cent of people living with HIV received TB preventive therapy. </s>
	</p>
	<p n="78">
	  <s n="183"> Hepatitis B (HBV) and C (HCV) are also common co-infections among adults and children living with HIV. </s>
	  <s n="184"> People living with HIV/HCV have a shorter life expectancy than people living with HIV alone, but if people living with HIV/HCV receive dual therapy their life expectancy improves. </s>
	</p>
	<p n="79">
	  <s n="185"> The need to strengthen health systems </s>
	</p>
	<p n="80">
	  <s n="186"> Acute shortages of health-care professionals impede the scale-up of HIV treatment and prevention services in many countries heavily affected by the epidemic. </s>
	  <s n="187"> While there are 347 physicians for every 100,000 people in Norway, there are only 2 for every 100,000 people in Malawi or the United Republic of Tanzania. </s>
	  <s n="188"> The human resource challenge in low- and middle-income countries has attracted considerable action and innovation in recent years, as manifested in new training and education initiatives, creative approaches to capacity-building and technical assistance, and task-shifting from doctors to nurses or medical officers in health-care settings in order to maximize the impact of limited professional capacity. </s>
	  <s n="189"> Faith-based organizations, which provide a substantial share of HIV treatment and care in many countries, should be integrally involved in national efforts to expand antiretroviral access. </s>
	  <s n="190"> As efforts increase to build additional human capacity in health-care settings, comparable work is needed to strengthen national capacity for drug regulation and the procurement and supply management of drugs and diagnostics. </s>
	  <s n="191"> While working to strengthen health systems, countries and donors should also endeavour to build the capacity of community-based groups to help members of vulnerable populations get access to essential health and support services. </s>
	</p>
	<p n="81">
	  <s n="192"> Structural determinants of risk and vulnerability </s>
	</p>
	<p n="82">
	  <s n="193"> Although each case of sexual or drug-related HIV transmission results from individual behaviour, risk and vulnerability to HIV infection are also often subject to broad social forces beyond the control of individuals. </s>
	  <s n="194"> Poverty, gender inequalities and the social marginalization suffered by groups most at risk make it difficult for individuals to reduce their risk or obtain essential HIV prevention, treatment, care and support services. </s>
	  <s n="195"> In addition to providing each individual with access to essential information and prevention commodities, efforts to curb the epidemic&apos;s spread must also address such structural factors, which increase the risk of HIV transmission. </s>
	</p>
	<p n="83">
	  <s n="196"> Protecting and promoting the health of women and girls </s>
	</p>
	<p n="84">
	  <s n="197"> Gender inequities fuel the continued spread of HIV, reducing women&apos;s ability to protect themselves from sexual transmission, increasing their vulnerability to sexual violence and placing them in circumstances where their risk of acquiring HIV is increased. </s>
	  <s n="198"> Women now represent 61 per cent of HIV-infected adults in Africa, while infection levels among adolescent girls in Africa are several times higher than for boys their own age. </s>
	</p>
	<p n="85">
	  <s n="199"> Globally, more than 80 per cent of countries, including 85 per cent in sub-Saharan Africa, have policies in place to ensure women&apos;s equal access to HIV prevention, treatment, care and support. </s>
	  <s n="200"> In the case of antiretrovirals, countries have generally succeeded in ensuring access for women. </s>
	  <s n="201"> The degree to which women-sensitive strategies have been implemented is unclear because, while most countries have strategic frameworks that address the epidemic&apos;s burden on women, only 53 per cent provide budgeted support for women-focused programmes. </s>
	</p>
	<p n="86">
	  <s n="202"> Moreover, policies that provide for women&apos;s equal access to services are sometimes undermined by the lack of laws recognizing the right of women to own or inherit property. </s>
	  <s n="203"> While such discriminatory legal frameworks have particular importance for women who are widowed as a result of HIV, they disempower all women and girls by increasing their financial dependence on men. </s>
	</p>
	<p n="87">
	  <s n="204"> Grounding the AIDS response in human rights </s>
	</p>
	<p n="88">
	  <s n="205"> In the 2001 Declaration of Commitment on HIV/AIDS, Member States pledged to ground their national HIV responses in a broader human rights framework. </s>
	  <s n="206"> That commitment involves more than a question of fairness. </s>
	  <s n="207"> Because structural factors in many societies contribute to HIV risk and vulnerability, HIV prevention efforts will achieve their desired impact only if changes in individual risk behaviours are coupled with broader changes in society. </s>
	</p>
	<p n="89">
	  <s n="208"> In 2001, Member States unanimously agreed to implement legal and policy frameworks to eliminate all forms of discrimination against people living with HIV. </s>
	  <s n="209"> In 2007, two out of three countries reported having laws in place to protect people living with HIV from discrimination. </s>
	  <s n="210"> The degree to which such anti-discrimination laws are enforced is unclear, and in some countries such favourable legal frameworks are being undermined by the increasing trend towards criminalization of HIV transmission. </s>
	</p>
	<p n="90">
	  <s n="211"> The 2001 Declaration of Commitment on HIV/AIDS further recognized that the stigma and discrimination targeting populations most vulnerable to HIV also undermines the response to HIV. </s>
	  <s n="212"> Seventy-three per cent of countries reported having non-discrimination laws or regulations that specify protections for vulnerable populations. </s>
	  <s n="213"> Nevertheless, substantial barriers remain that reduce access to HIV prevention services: 63 per cent of countries report having policies that interfere with access of vulnerable populations to HIV-related services. </s>
	  <s n="214"> As figure 10 illustrates, countries with higher incomes are more likely to have legal or regulatory barriers that reduce the access of key populations to HIV services. </s>
	</p>
	<p n="91">
	  <s n="215"> Figure 10 </s>
	</p>
	<p n="92">
	  <s n="216"> Percentage of countries reporting laws, regulations or policies that impede HIV services for vulnerable populations, by income status </s>
	</p>
	<p n="93">
	  <s n="217"> E. Addressing the needs of orphans and other children made vulnerable by AIDS </s>
	</p>
	<p n="94">
	  <s n="218"> An estimated 12 million children under 18 have lost one or both parents to AIDS in sub-Saharan Africa. </s>
	  <s n="219"> Surveys indicate that the number of households with persons newly infected by HIV is rapidly increasing in some of the most heavily affected countries in Southern Africa. </s>
	</p>
	<p n="95">
	  <s n="220"> The 2001 Declaration of Commitment provided that countries would implement national strategies to strengthen the capacity of Governments, families and communities to support children orphaned and made vulnerable by HIV. </s>
	  <s n="221"> Member States also pledged to protect orphans and other children from stigma or discrimination, and donors agreed to prioritize children-focused programming. </s>
	</p>
	<p n="96">
	  <s n="222"> Thirty-three countries with generalized epidemics reported having a national strategy to address the needs of children orphaned or made vulnerable by HIV. </s>
	  <s n="223"> However, many of those policies remain largely unimplemented. </s>
	  <s n="224"> Among 11 high-prevalence countries with an adult HIV prevalence of 5 per cent or more where recent household surveys have been conducted, 15 per cent of orphans lived in households receiving some form of assistance, including medical care, school assistance, financial support or psychosocial services. </s>
	  <s n="225"> That represents only a modest increase over the 10 per cent reported by high-prevalence countries in 2005. </s>
	</p>
	<p n="97">
	  <s n="226"> Education is critical to children&apos;s future potential and sense of self-esteem and to the transmission of knowledge and values between generations within societies. </s>
	  <s n="227"> In 15 high-burden countries where recent household survey data are available, orphans were on average 3 per cent less likely to attend school than non-orphans, suggesting that the gap in schooling between orphans and non-orphans seen earlier in the epidemic may be closing. </s>
	</p>
	<p n="98">
	  <s n="228"> Humanitarian emergencies and post-conflict settings </s>
	</p>
	<p n="99">
	  <s n="229"> The 2001 Declaration of Commitment stated that Governments and humanitarian actors should address HIV in post-conflict settings. </s>
	  <s n="230"> Although efforts to implement HIV programmes in such settings encounter considerable challenges, significant progress has been made in improving access to services for displaced populations. </s>
	  <s n="231"> Substantial additional work is required, however, because universal access to HIV prevention, treatment, care and support will not be achieved unless refugees and displaced populations are included in programmatic scale-up. </s>
	</p>
	<p n="100">
	  <s n="232"> G. Mobilizing adequate financial resources </s>
	</p>
	<p n="101">
	  <s n="233"> In 2001, Member States committed to mobilize between US$ 7 billion and US$ 10 billion for the AIDS response in low- and middle-income countries in 2005. </s>
	  <s n="234"> That target was met in 2007. </s>
	</p>
	<p n="102">
	  <s n="235"> Contributors to the growth in funding for HIV programmes in low- and middle-income countries were numerous. </s>
	  <s n="236"> Created in direct response to the 2001 Declaration of Commitment, the Global Fund to Fight AIDS, Tuberculosis and Malaria had by March 2008 committed US$ 10.1 billion in multi-year funding for health programmes in 136 countries, with the majority of such funding dedicated to HIV initiatives. </s>
	  <s n="237"> The United States President&apos;s Emergency Plan for AIDS Relief (PEPFAR) has provided more than US$ 15 billion in financial assistance for HIV prevention, treatment, care and support over the last five years, with the expectation that such assistance will increase further in the coming years. </s>
	  <s n="238"> In 2006, the in-country disbursements from the Global Fund reached US$ 640 million and PEPFAR $2.1 billion. </s>
	  <s n="239"> Philanthropic support for HIV activities in low- and middle-income countries nearly doubled between 2004 and 2006, reaching US$ 979 million. </s>
	</p>
	<p n="103">
	  <s n="240"> Especially noteworthy are recent increases in expenditures by the countries most affected by HIV. </s>
	  <s n="241"> In low-income and lower middle-income countries, per capita domestic spending on HIV more than doubled between 2005 and 2007 (figure 11). </s>
	  <s n="242"> Per capita expenditure in low-income and lower middle-income countries continues to increase. </s>
	  <s n="243"> Highest per capita expenditures were reported by five upper middle-income countries in sub-Saharan Africa, with spending projected to reach approximately US$ 12 per capita in those countries in 2007. </s>
	</p>
	<p n="104">
	  <s n="244"> Figure 11 </s>
	</p>
	<p n="105">
	  <s n="245"> Per capita HIV expenditures from domestic public sources in low- and middle-income countries, 2004-2007 </s>
	</p>
	<p n="106">
	  <s n="246"> Over time and following further analysis, it has become clear that the 2001 Declaration of Commitment on HIV/AIDS underestimated the financial resources that would be required to mount a comprehensive, evidence-informed response in low- and middle-income countries. </s>
	  <s n="247"> As figure 12 indicates, despite the increase in annual resources available to low- and middle-income countries, the current pace of scale-up will not meet the estimated resources needed to achieve universal access to HIV prevention, treatment, care and support by 2010. </s>
	</p>
	<p n="107">
	  <s n="248"> Figure 12 </s>
	</p>
	<p n="108">
	  <s n="249"> Funding gap between resource needs and resource availability, 2005-2007 </s>
	</p>
	<p n="109">
	  <s n="250"> (Billions of United States dollars) </s>
	</p>
	<p n="110">
	  <s n="251"> Moving towards universal access to HIV prevention, treatment, care and support: recommendations for action </s>
	</p>
	<p n="111">
	  <s n="252"> Two years away from the universal access targets and midway towards achieving the Millennium Development Goals, the world must build on its successes to accelerate the pace towards achieving universal access to HIV prevention, treatment, care and support. </s>
	  <s n="253"> Unless the rate of scale-up increases, the world is unlikely to achieve such universal access by 2010. </s>
	  <s n="254"> However, in a variety of countries, universal access may be achieved for specific sub-targets; for example, the Bahamas, Botswana and Thailand, among others, have already achieved 80 per cent (or universal) coverage for prevention of mother-to-child transmission. </s>
	  <s n="255"> Similarly challenging is the Millennium Development Goals target of beginning to reverse national epidemics by 2015, as measured by a decrease in the percentage of young people who are HIV-positive. </s>
	  <s n="256"> To successfully address those major challenges, urgent attention should be paid to the implementation of the recommendations set out below. </s>
	</p>
	<p n="112">
	  <s n="257"> Leadership </s>
	</p>
	<p n="113">
	  <s n="258"> Strong, sustained political commitment and leadership must exist, involving all relevant sectors of society, civil society and people living with HIV, to build on recent successes and move more rapidly towards universal access to HIV prevention, treatment, care and support. </s>
	  <s n="259"> True leadership is reflected in action, not words. </s>
	  <s n="260"> In many countries, a gap exists between national strategic frameworks and their actual implementation. </s>
	  <s n="261"> Where such gaps exist, they should be addressed and reduced. </s>
	  <s n="262"> Similarly, the Governments of high-income countries must ensure universal access to HIV prevention, treatment, care and support, and must also provide substantially increased financial assistance to low- and middle-income countries to enable them to meet targets for universal access. </s>
	  <s n="263"> Achieving and sustaining universal access to HIV prevention, treatment, care and support is the best means of ensuring that recent progress achieved by countries is maintained and can be extended to others. </s>
	</p>
	<p n="114">
	  <s n="264"> Ensuring the sustainability of the response to HIV </s>
	</p>
	<p n="115">
	  <s n="265"> To date, the response to HIV has been largely managed and viewed as an emergency effort. </s>
	  <s n="266"> The HIV epidemic requires a sustained, long-term response in order to be overcome. </s>
	  <s n="267"> The sustainability of the response must become central to all HIV-related planning and implementation. </s>
	  <s n="268"> To that end, financing mechanisms need to be strong and durable over the long term and must be strengthened where they are weak or created where they are currently non-existent; unprecedented human resources must be mobilized in low- and middle-income countries; and, where required, critical new systems must be built and maintained to support a sustainable response. </s>
	  <s n="269"> National leaders in affected countries, leaders of donor Governments, researchers, non-governmental organizations and all other stakeholders engaged in the response to HIV must plan for the long term. </s>
	</p>
	<p n="116">
	  <s n="270"> Scaling up comprehensive HIV prevention in hyper-endemic countries </s>
	</p>
	<p n="117">
	  <s n="271"> In countries where adult HIV prevalence is 15 per cent or greater, nothing short of a full-scale mobilization across society will successfully address the problems posed by HIV. </s>
	  <s n="272"> However, in many such countries, young people remain poorly educated about HIV, coverage for basic HIV prevention services is far too low and few workplaces provide essential HIV prevention activities. </s>
	  <s n="273"> Every available tool appropriate to national circumstances must be brought to scale, including population-wide campaigns on the risks associated with concurrent partnerships; energetic promotion of universal knowledge of HIV serostatus; adult male circumcision; prevention programmes focused on young people and populations most at risk; prevention activities in the workplace; and comprehensive services to prevent mother-to-child transmission. </s>
	  <s n="274"> As treatment is scaled up, it should be closely linked with HIV prevention efforts. </s>
	</p>
	<p n="118">
	  <s n="275"> Mounting an effective response to HIV in concentrated epidemics </s>
	</p>
	<p n="119">
	  <s n="276"> Although overall HIV prevalence remains low in countries with concentrated epidemics, HIV is exacting an extraordinary toll on key subpopulations, including injecting drug users, men who have sex with men and sex workers. </s>
	  <s n="277"> In some countries with concentrated epidemics, the existence of potential epidemiological “bridges” between populations most at risk and the general population poses the risk that the epidemic could become generalized in the absence of effective prevention measures. </s>
	  <s n="278"> Scaling up focused HIV prevention strategies for populations most at risk represents an urgent public health necessity. </s>
	  <s n="279"> HIV prevention coverage remains especially low for such groups, not because of the complexity of the task but primarily because of a lack of political will. </s>
	  <s n="280"> National leaders must work to enact legislation and policies that protect and promote the human rights of populations most at risk of exposure to HIV; implement policies that improve service access; eliminate laws, policies and conditions that impede access to HIV prevention, treatment, care and support; and prioritize focused prevention programmes for populations most at risk. </s>
	  <s n="281"> The recent report by the Commission on AIDS in Asia provides an excellent road map for building a strong and sustainable response to HIV in settings with low-level and concentrated epidemics. </s>
	</p>
	<p n="120">
	  <s n="282"> Sustaining accelerated treatment scale-up while strengthening measures to address HIV/TB co-infection </s>
	</p>
	<p n="121">
	  <s n="283"> While recent increases in treatment access represent a major achievement, the current pace of scale-up will not achieve universal access to treatment, resulting in millions of people living with HIV failing to obtain the life-preserving treatments they need. </s>
	  <s n="284"> National Governments, donors and other stakeholders should work to quicken the pace of treatment scale-up. </s>
	  <s n="285"> This will require continued increases in financial assistance for treatment scale-up; and the establishment and strengthening of strong national systems for procurement, supply management, drug regulation, quality assurance and training of health-care workers. </s>
	  <s n="286"> Despite being mostly treatable and curable, tuberculosis remains one of the most common causes of illness and death in people living with HIV. </s>
	  <s n="287"> While continuing and strengthening efforts to achieve universal access to antiretrovirals, countries should urgently undertake initiatives to improve the prevention, diagnosis and treatment of TB in order to reduce the unacceptable burden of TB among people living with HIV. </s>
	</p>
	<p n="122">
	  <s n="288"> Addressing the role of gender inequities in deepening the HIV epidemic </s>
	</p>
	<p n="123">
	  <s n="289"> Because HIV is most often transmitted sexually, the unequal relationships between men and women, as well as gender stereotypes, fuel the spread of HIV. </s>
	  <s n="290"> It is therefore vital that Governments incorporate massive political and social mobilization to address gender inequality and sexual norms within their national responses to HIV. </s>
	  <s n="291"> Programmes must be grounded in a commitment to the protection of the human rights of girls and women, must seek to empower them to protect themselves from infection, and must meaningfully engage men as partners in the effort. </s>
	  <s n="292"> National responses should ensure that women have access to the full range of sexual and reproductive health services, take action against gender-based violence, protect women&apos;s property and inheritance rights, and address the disproportionate burden of care experienced by women. </s>
	  <s n="293"> Governments should ensure that gender is integrated into national action plans, that funding is identified and that national responses benefit from the full participation of women. </s>
	</p>
	<p n="124">
	  <s n="294"> Annex </s>
	</p>
	<p n="125">
	  <s n="295"> Role of the United Nations in strengthening and supporting the HIV response </s>
	</p>
	<p n="126">
	  <s n="296"> The Joint United Nations Programme on AIDS (UNAIDS) unites in a single biannual budget and workplan the HIV-related activities of 10 co-sponsors and the United Nations Secretariat pursuing HIV-related work in line with the UNAIDS Technical Support Division of Labour. </s>
	  <s n="297"> Activities undertaken in 2007 include: </s>
	</p>
	<p n="127">
	  <s n="298"> • The Office of the United Nations High Commissioner for Refugees (UNHCR), working closely with United Nations partners, Governments and non-governmental organizations, has provided technical and financial support to more than 70 countries. </s>
	  <s n="299"> UNHCR has issued formal guidance on HIV in humanitarian and post-conflict settings, led inter-agency assessments of HIV programmes in such settings in 10 countries, and contributed to a significant increase in antiretroviral utilization among refugees and displaced populations. </s>
	</p>
	<p n="128">
	  <s n="300"> • The United Nations Children&apos;s Fund (UNICEF) supports national scale-up of prevention of mother-to-child transmission of HIV; paediatric HIV diagnosis and treatment; protection, care and support for children affected by AIDS; and prevention of HIV transmission in adolescents in over 100 countries. </s>
	</p>
	<p n="129">
	  <s n="301"> • The United Nations Development Programme (UNDP) supported more than 90 countries in addressing the links between HIV and development. </s>
	  <s n="302"> UNDP and partners aided countries in strengthening HIV priorities in poverty reduction strategy papers and national development plans, and also facilitated national efforts to exercise flexibility in intellectual property agreements so as to increase access to essential medications. </s>
	  <s n="303"> Together with the United Nations Development Fund for Women (UNIFEM) and the UNAIDS secretariat, UNDP convened a global consultation on gender and AIDS to develop gender guidance for national AIDS responses. </s>
	</p>
	<p n="130">
	  <s n="304"> • The United Nations Educational, Scientific and Cultural Organization (UNESCO) leads the Global Initiative on HIV &amp; AIDS, which in 2007 encompassed activities in 60 countries, including identification of national priority actions in 39 countries. </s>
	  <s n="305"> UNESCO provided extensive technical support for HIV-related activities in education sectors throughout the world, including seven subregional capacity-building workshops in 2007. </s>
	</p>
	<p n="131">
	  <s n="306"> • The United Nations Population Fund (UNFPA) supported 154 countries in expanding access to sexual and reproductive health services and supplies, including scaling up comprehensive condom programmes. </s>
	  <s n="307"> The number of female condoms distributed increased from 13.9 million in 2005 to 25.9 million in 2007 and, in conjunction with UNHCR, UNFPA has brought more than 28 million male condoms and almost 300,000 female condoms to refugees in 23 countries. </s>
	</p>
	<p n="132">
	  <s n="308"> • The United Nations Office on Drugs and Crime (UNODC) provided technical or financial support to at least 30 countries on HIV prevention and care among injecting drug users and prisoners. </s>
	  <s n="309"> This included the development of a framework to assist countries in mounting effective national HIV strategies in prison settings, standards for treatment of drug dependence, and a technical guide for countries to move towards universal access to HIV prevention, treatment, care and support for injecting drug users. </s>
	</p>
	<p n="133">
	  <s n="310"> • The International Labour Organization (ILO) in 2007 provided technical support to Governments, employers and workers organizations in more than 70 countries, across all regions, in accordance with the principles established in the ILO Code of practice on HIV/AIDS and the world of work. </s>
	  <s n="311"> The ILO network of peer educators works in 47 countries, and 28 countries in 2007 received ILO assistance in developing or revising laws and policies on HIV. </s>
	</p>
	<p n="134">
	  <s n="312"> • The World Food Programme (WFP) reached more than 330,000 beneficiaries in 16 African countries with food support during the initiation of HIV treatment, as part of its support for HIV prevention, treatment, care and support in 50 countries. </s>
	  <s n="313"> In 2007, WFP provided food support for programmes to prevent mother-to-child transmission in 14 countries, working closely with Governments, civil society groups and the UNAIDS family. </s>
	</p>
	<p n="135">
	  <s n="314"> • The World Health Organization (WHO) encouraged the scale-up of HIV testing and counselling in health settings, collaborated with the UNAIDS secretariat to develop operational tools for the implementation of male circumcision services and supported population-based scale-up of programmes to prevent mother-to-child transmission. </s>
	  <s n="315"> WHO has also assisted countries in estimating human resource needs and developing training, staff retention and task-shifting in line with national plans. </s>
	  <s n="316"> First- and second-line treatment regimens for both adults and children have been simplified, and countries have been supported with global purchasing and procurement arrangements for second-line drugs. </s>
	</p>
	<p n="136">
	  <s n="317"> • The World Bank funded national and regional HIV programmes, supported accelerated programme implementation, and helped strengthen monitoring and evaluation capacity in countries, in part through hands-on support for monitoring and evaluation activities in 56 countries through the Global HIV/AIDS Monitoring and Evaluation Team. </s>
	  <s n="318"> Through the UNAIDS AIDS Strategy and Action Plan services, hosted by the World Bank, 39 countries received direct technical assistance to enhance national strategies and action plans. </s>
	</p>
	<p n="137">
	  <s n="319"> For full analysis of specific country indicators data, see 2008 Report on the Global AIDS Epidemic (United Nations publication, forthcoming (August 2008)); meanwhile, country progress reports may be consulted on the UNAIDS website at http://www.unaids.org/en/ KnowledgeCentre/HIVData/CountryProgress/2007CountryProgress.asp. </s>
	</p>
	<p n="138">
	  <s n="320"> Range: 30.6 to 36.1 million people. </s>
	</p>
	<p n="139">
	  <s n="321"> Range: 30.6 to 36.1 million people. </s>
	</p>
	<p n="140">
	  <s n="322"> Including the Bahamas, Botswana, Burkina Faso, Burundi, Côte d&apos;Ivoire, Kenya, Malawi, Namibia, Rwanda, Swaziland, the United Republic of Tanzania and Zimbabwe. </s>
	</p>
	<p n="141">
	  <s n="323"> Clinical trials were held in South Africa, Kenya and Uganda. </s>
	</p>
	<p n="142">
	  <s n="324"> For example, the average annual price of lopinavir/ritonavir combination for middle-income countries decreased from US$ 4,510 in 2004 to US$ 1,137 in 2007; over the same time period, the price of tenofavir decreased from US$ 279 to US$ 225. </s>
	</p>
	<p n="143">
	  <s n="325"> Including Botswana, Cameroon, Central African Republic, Côte d&apos;Ivoire, Gabon, Kenya, Lesotho, Malawi, Namibia, South Africa, Swaziland, Uganda, United Republic of Tanzania, Zambia and Zimbabwe. </s>
	</p>
	<p n="144">
	  <s n="326"> All 3 components </s>
	</p>
	<p n="145">
	  <s n="327"> Only 1 of the </s>
	</p>
	<p n="146">
	  <s n="328"> components </s>
	</p>
	<p n="147">
	  <s n="329"> 2 of the </s>
	</p>
	<p n="148">
	  <s n="330"> components </s>
	</p>
	<p n="149">
	  <s n="331"> None of the </s>
	</p>
	<p n="150">
	  <s n="332"> components </s>
	</p>
	<p n="151">
	  <s n="333"> % of countries </s>
	</p>
	<p n="152">
	  <s n="334"> (94 countries) </s>
	</p>
	<p n="153">
	  <s n="335"> (130 countries) </s>
	</p>
	<p n="154">
	  <s n="336"> Three Ones components </s>
	</p>
	<p n="155">
	  <s n="337"> : One National AIDS Authority, </s>
	</p>
	<p n="156">
	  <s n="338"> Onal strategic framework, and One national M&amp;E </s>
	</p>
	<p n="157">
	  <s n="339"> All 3 components </s>
	</p>
	<p n="158">
	  <s n="340"> Only 1 of the </s>
	</p>
	<p n="159">
	  <s n="341"> components </s>
	</p>
	<p n="160">
	  <s n="342"> 2 of the </s>
	</p>
	<p n="161">
	  <s n="343"> components </s>
	</p>
	<p n="162">
	  <s n="344"> None of the </s>
	</p>
	<p n="163">
	  <s n="345"> components </s>
	</p>
	<p n="164">
	  <s n="346"> % of countries </s>
	</p>
	<p n="165">
	  <s n="347"> NCPI 2005 (94 countries) </s>
	</p>
	<p n="166">
	  <s n="348"> NCPI 2007 (130 countries) </s>
	</p>
	<p n="167">
	  <s n="349"> Three Ones components: one national AIDS authority, one national strategic framework, and one national monitoring and evaluation system </s>
	</p>
	<p n="168">
	  <s n="350"> Countries reporting on prevention for populations most at risk </s>
	</p>
	<p n="169">
	  <s n="351"> Sub-Saharan Africa — </s>
	</p>
	<p n="170">
	  <s n="352"> Upper middle-income countries </s>
	</p>
	<p n="171">
	  <s n="353"> Upper middle-income countries </s>
	</p>
	<p n="172">
	  <s n="354"> Sub-Saharan Africa — </s>
	</p>
	<p n="173">
	  <s n="355"> Lower middle-income countries </s>
	</p>
	<p n="174">
	  <s n="356"> Low-income and lower middle-income countries </s>
	</p>
	<p n="175">
	  <s n="357"> Resource availability </s>
	</p>
	<p n="176">
	  <s n="358"> Resource needs </s>
	</p>
	<p n="177">
	  <s n="359"> % </s>
	</p>
	<p n="178">
	  <s n="360"> Year </s>
	</p>
	<p n="179">
	  <s n="361"> Male </s>
	</p>
	<p n="180">
	  <s n="362"> Female </s>
	</p>
	<p n="181">
	  <s n="363"> 2005 Target </s>
	</p>
	<p n="182">
	  <s n="364"> 2010 Target </s>
	</p>
	<p n="183">
	  <s n="365"> % </s>
	</p>
	<p n="184">
	  <s n="366"> Year </s>
	</p>
	<p n="185">
	  <s n="367"> Male </s>
	</p>
	<p n="186">
	  <s n="368"> Female </s>
	</p>
	<p n="187">
	  <s n="369"> 2005 Target </s>
	</p>
	<p n="188">
	  <s n="370"> 2010 Target </s>
	</p>
	<p n="189">
	  <s n="371"> Year </s>
	</p>
	<p n="190">
	  <s n="372"> % </s>
	</p>
	<p n="191">
	  <s n="373"> Male </s>
	</p>
	<p n="192">
	  <s n="374"> Female </s>
	</p>
	<p n="193">
	  <s n="375"> Year </s>
	</p>
	<p n="194">
	  <s n="376"> % </s>
	</p>
	<p n="195">
	  <s n="377"> Male </s>
	</p>
	<p n="196">
	  <s n="378"> Female </s>
	</p>
	<p n="197">
	  <s n="379"> Year of reporting of United Nations Member States/total number of United Nations Member States </s>
	</p>
	<p n="198">
	  <s n="380"> % </s>
	</p>
	<p n="199">
	  <s n="381"> % </s>
	</p>
	<p n="200">
	  <s n="382"> Europe </s>
	</p>
	<p n="201">
	  <s n="383"> Central </s>
	</p>
	<p n="202">
	  <s n="384"> and </s>
	</p>
	<p n="203">
	  <s n="385"> Western </s>
	</p>
	<p n="204">
	  <s n="386"> Africa </s>
	</p>
	<p n="205">
	  <s n="387"> Saharan </s>
	</p>
	<p n="206">
	  <s n="388"> Sub </s>
	</p>
	<p n="207">
	  <s n="389"> East Asia </s>
	</p>
	<p n="208">
	  <s n="390"> South </s>
	</p>
	<p n="209">
	  <s n="391"> and </s>
	</p>
	<p n="210">
	  <s n="392"> South </s>
	</p>
	<p n="211">
	  <s n="393"> Oceania </s>
	</p>
	<p n="212">
	  <s n="394"> America </s>
	</p>
	<p n="213">
	  <s n="395"> North </s>
	</p>
	<p n="214">
	  <s n="396"> East </s>
	</p>
	<p n="215">
	  <s n="397"> Middle </s>
	</p>
	<p n="216">
	  <s n="398"> and </s>
	</p>
	<p n="217">
	  <s n="399"> Africa </s>
	</p>
	<p n="218">
	  <s n="400"> North </s>
	</p>
	<p n="219">
	  <s n="401"> America </s>
	</p>
	<p n="220">
	  <s n="402"> Latin </s>
	</p>
	<p n="221">
	  <s n="403"> Asia </s>
	</p>
	<p n="222">
	  <s n="404"> Central </s>
	</p>
	<p n="223">
	  <s n="405"> and </s>
	</p>
	<p n="224">
	  <s n="406"> Europe </s>
	</p>
	<p n="225">
	  <s n="407"> Eastern </s>
	</p>
	<p n="226">
	  <s n="408"> Asia </s>
	</p>
	<p n="227">
	  <s n="409"> East </s>
	</p>
	<p n="228">
	  <s n="410"> Caribbean </s>
	</p>
	<p n="229">
	  <s n="411"> member states) </s>
	</p>
	<p n="230">
	  <s n="412"> (Total number of United Nations Member States in the region) </s>
	</p>
	<p n="231">
	  <s n="413"> % </s>
	</p>
	<p n="232">
	  <s n="414"> Europe </s>
	</p>
	<p n="233">
	  <s n="415"> Central </s>
	</p>
	<p n="234">
	  <s n="416"> and </s>
	</p>
	<p n="235">
	  <s n="417"> Western </s>
	</p>
	<p n="236">
	  <s n="418"> Africa </s>
	</p>
	<p n="237">
	  <s n="419"> Saharan </s>
	</p>
	<p n="238">
	  <s n="420"> Sub </s>
	</p>
	<p n="239">
	  <s n="421"> East Asia </s>
	</p>
	<p n="240">
	  <s n="422"> South </s>
	</p>
	<p n="241">
	  <s n="423"> and </s>
	</p>
	<p n="242">
	  <s n="424"> South </s>
	</p>
	<p n="243">
	  <s n="425"> Oceania </s>
	</p>
	<p n="244">
	  <s n="426"> America </s>
	</p>
	<p n="245">
	  <s n="427"> North </s>
	</p>
	<p n="246">
	  <s n="428"> East </s>
	</p>
	<p n="247">
	  <s n="429"> Middle </s>
	</p>
	<p n="248">
	  <s n="430"> and </s>
	</p>
	<p n="249">
	  <s n="431"> Africa </s>
	</p>
	<p n="250">
	  <s n="432"> North </s>
	</p>
	<p n="251">
	  <s n="433"> America </s>
	</p>
	<p n="252">
	  <s n="434"> Latin </s>
	</p>
	<p n="253">
	  <s n="435"> Asia </s>
	</p>
	<p n="254">
	  <s n="436"> Central </s>
	</p>
	<p n="255">
	  <s n="437"> and </s>
	</p>
	<p n="256">
	  <s n="438"> Europe </s>
	</p>
	<p n="257">
	  <s n="439"> Eastern </s>
	</p>
	<p n="258">
	  <s n="440"> Asia </s>
	</p>
	<p n="259">
	  <s n="441"> East </s>
	</p>
	<p n="260">
	  <s n="442"> Caribbean </s>
	</p>
	</body>
</text>
</DOC>