<?xml version="1.0" encoding="UTF-8"?>
<DOC lang="English" n="N0842810" id="A/63/150" date="2007/07/18">
<text>
	<body>
	<p n="1">
	  <s n="1"> Sixty-third session </s>
	</p>
	<p n="2">
	  <s n="2"> Provisional agenda of the sixty-third regular session of the General Assembly* </s>
	</p>
	<p n="3">
	  <s n="3"> To convene at United Nations Headquarters, New York, on Tuesday, 16 September 2008, at 3 p.m. </s>
	</p>
	<p n="4">
	  <s n="4"> Opening of the session by the President of the General Assembly (rule 31). </s>
	</p>
	<p n="5">
	  <s n="5"> Minute of silent prayer or meditation (rule 62). </s>
	</p>
	<p n="6">
	  <s n="6"> Credentials of representatives to the sixty-third session of the General Assembly (rule 28): </s>
	</p>
	<p n="7">
	  <s n="7"> (a) Appointment of the members of the Credentials Committee; </s>
	</p>
	<p n="8">
	  <s n="8"> (b) Report of the Credentials Committee. </s>
	</p>
	<p n="9">
	  <s n="9"> Election of the President of the General Assembly (rule 30). </s>
	</p>
	<p n="10">
	  <s n="10"> Election of the officers of the Main Committees (rules 30 and 103). </s>
	</p>
	<p n="11">
	  <s n="11"> Election of the Vice-Presidents of the General Assembly (rule 30). </s>
	</p>
	<p n="12">
	  <s n="12"> Organization of work, adoption of the agenda and allocation of items: reports of the General Committee (rule 21). </s>
	</p>
	<p n="13">
	  <s n="13"> General debate (resolution 57/301). </s>
	</p>
	<p n="14">
	  <s n="14"> Maintenance of international peace and security </s>
	</p>
	<p n="15">
	  <s n="15"> Report of the Security Council (rule 13 (b)). </s>
	</p>
	<p n="16">
	  <s n="16"> Report of the Peacebuilding Commission (resolution 60/180). </s>
	</p>
	<p n="17">
	  <s n="17"> The role of diamonds in fuelling conflict (resolution 62/11). </s>
	</p>
	<p n="18">
	  <s n="18"> Prevention of armed conflict. </s>
	</p>
	<p n="19">
	  <s n="19"> Protracted conflicts in the GUAM area and their implications for international peace, security and development (resolution 62/249). </s>
	</p>
	<p n="20">
	  <s n="20"> Zone of peace and cooperation of the South Atlantic (resolution 61/294 and decision 60/509). </s>
	</p>
	<p n="21">
	  <s n="21"> The situation in the Middle East (resolutions 62/84 and 62/85). </s>
	</p>
	<p n="22">
	  <s n="22"> Question of Palestine (resolutions 62/80 to 62/83). </s>
	</p>
	<p n="23">
	  <s n="23"> The situation in Afghanistan (resolution 62/6). </s>
	</p>
	<p n="24">
	  <s n="24"> The situation in the occupied territories of Azerbaijan (resolution 62/243). </s>
	</p>
	<p n="25">
	  <s n="25"> Question of the Comorian island of Mayotte (decision 62/503). </s>
	</p>
	<p n="26">
	  <s n="26"> Necessity of ending the economic, commercial and financial embargo imposed by the United States of America against Cuba (resolution 62/3). </s>
	</p>
	<p n="27">
	  <s n="27"> The situation in Central America: progress in fashioning a region of peace, freedom, democracy and development (decision 60/508). </s>
	</p>
	<p n="28">
	  <s n="28"> Question of Cyprus (resolution 58/316).2 </s>
	</p>
	<p n="29">
	  <s n="29"> Armed aggression against the Democratic Republic of the Congo (resolution 58/316).2 </s>
	</p>
	<p n="30">
	  <s n="30"> Question of the Falkland Islands (Malvinas) (resolution 58/316).2 </s>
	</p>
	<p n="31">
	  <s n="31"> The situation of democracy and human rights in Haiti (resolution 58/316).2 </s>
	</p>
	<p n="32">
	  <s n="32"> Armed Israeli aggression against the Iraqi nuclear installations and its grave consequences for the established international system concerning the peaceful uses of nuclear energy, the non-proliferation of nuclear weapons and international peace and security (resolution 58/316).2 </s>
	</p>
	<p n="33">
	  <s n="33"> Consequences of the Iraqi occupation of and aggression against Kuwait (resolution 58/316).2 </s>
	</p>
	<p n="34">
	  <s n="34"> Declaration of the Assembly of Heads of State and Government of the Organization of African Unity on the aerial and naval military attack against the Socialist People&apos;s Libyan Arab Jamahiriya by the present United States Administration in April 1986 (resolution 58/316).2 </s>
	</p>
	<p n="35">
	  <s n="35"> Effects of atomic radiation (resolution 62/100). </s>
	</p>
	<p n="36">
	  <s n="36"> International cooperation in the peaceful uses of outer space (resolutions 62/101 and 62/217). </s>
	</p>
	<p n="37">
	  <s n="37"> United Nations Relief and Works Agency for Palestine Refugees in the Near East (resolutions 62/102 to 62/105). </s>
	</p>
	<p n="38">
	  <s n="38"> Report of the Special Committee to Investigate Israeli Practices Affecting the Human Rights of the Palestinian People and Other Arabs of the Occupied Territories (resolutions 62/106 to 62/110). </s>
	</p>
	<p n="39">
	  <s n="39"> Comprehensive review of the whole question of peacekeeping operations in all their aspects. </s>
	</p>
	<p n="40">
	  <s n="40"> Questions relating to information (resolutions 62/111 A and B). </s>
	</p>
	<p n="41">
	  <s n="41"> Information from Non-Self-Governing Territories transmitted under Article 73 e of the Charter of the United Nations (resolution 62/112). </s>
	</p>
	<p n="42">
	  <s n="42"> Economic and other activities which affect the interests of the peoples of the Non-Self-Governing Territories (resolution 62/113). </s>
	</p>
	<p n="43">
	  <s n="43"> Implementation of the Declaration on the Granting of Independence to Colonial Countries and Peoples by the specialized agencies and the international institutions associated with the United Nations (resolution 62/114). </s>
	</p>
	<p n="44">
	  <s n="44"> Offers by Member States of study and training facilities for inhabitants of Non-Self-Governing Territories (resolution 62/115). </s>
	</p>
	<p n="45">
	  <s n="45"> Implementation of the Declaration on the Granting of Independence to Colonial Countries and Peoples (resolutions 58/316 and 62/116 to 62/121 and decision 62/523). </s>
	</p>
	<p n="46">
	  <s n="46"> Question of the Malagasy islands of Glorieuses, Juan de Nova, Europa and Bassas da India (decision 62/503). </s>
	</p>
	<p n="47">
	  <s n="47"> Permanent sovereignty of the Palestinian people in the Occupied Palestinian Territory, including East Jerusalem, and of the Arab population in the occupied Syrian Golan over their natural resources (resolution 62/181). </s>
	</p>
	<p n="48">
	  <s n="48"> Report of the United Nations High Commissioner for Refugees, questions relating to refugees, returnees and displaced persons and humanitarian questions (resolutions 428 (V), 61/138, 62/124 and 62/125). </s>
	</p>
	<p n="49">
	  <s n="49"> Promotion of sustained economic growth and sustainable development in accordance with the relevant resolutions of the General Assembly and recent United Nations conferences </s>
	</p>
	<p n="50">
	  <s n="50"> Report of the Economic and Social Council (rule 13 (b); General Assembly resolution 3281 (XXIX) and Economic and Social Council decision 1982/112). </s>
	</p>
	<p n="51">
	  <s n="51"> Implementation of the Declaration of Commitment on HIV/AIDS and the Political Declaration on HIV/AIDS (resolutions S-26/2 and 60/262). </s>
	</p>
	<p n="52">
	  <s n="52"> Sport for peace and development.3 </s>
	</p>
	<p n="53">
	  <s n="53"> 2001-2010: Decade to Roll Back Malaria in Developing Countries, Particularly in Africa (resolution 62/180). </s>
	</p>
	<p n="54">
	  <s n="54"> Integrated and coordinated implementation of and follow-up to the outcomes of the major United Nations conferences and summits in the economic, social and related fields (resolution 60/265). </s>
	</p>
	<p n="55">
	  <s n="55"> Culture of peace (resolutions 61/271, 62/89 and 62/90). </s>
	</p>
	<p n="56">
	  <s n="56"> Information and communication technologies for development (resolution 62/182). </s>
	</p>
	<p n="57">
	  <s n="57"> Macroeconomic policy questions: </s>
	</p>
	<p n="58">
	  <s n="58"> (a) International trade and development (resolutions 1995 (XIX) and 62/184); </s>
	</p>
	<p n="59">
	  <s n="59"> (b) International financial system and development (resolution 62/185); </s>
	</p>
	<p n="60">
	  <s n="60"> (c) External debt and development: towards a durable solution to the debt problems of developing countries (resolution 62/186 and decision 62/543); </s>
	</p>
	<p n="61">
	  <s n="61"> (d) Commodities (resolution 61/190). </s>
	</p>
	<p n="62">
	  <s n="62"> Follow-up to and implementation of the outcome of the 2002 International Conference on Financing for Development and the preparation of the 2008 Review Conference (resolutions 60/188 and 62/187). </s>
	</p>
	<p n="63">
	  <s n="63"> Sustainable development (resolution 62/188): </s>
	</p>
	<p n="64">
	  <s n="64"> (a) Implementation of Agenda 21, the Programme for the Further Implementation of Agenda 21 and the outcomes of the World Summit on Sustainable Development (resolutions 47/191 and 62/189); </s>
	</p>
	<p n="65">
	  <s n="65"> (b) Follow-up to and implementation of the Mauritius Strategy for the Further Implementation of the Programme of Action for the Sustainable Development of Small Island Developing States (resolutions 61/197 and 62/191); </s>
	</p>
	<p n="66">
	  <s n="66"> (c) International Strategy for Disaster Reduction (resolution 62/192); </s>
	</p>
	<p n="67">
	  <s n="67"> (d) Protection of global climate for present and future generations of mankind (resolution 62/86); </s>
	</p>
	<p n="68">
	  <s n="68"> (e) Implementation of the United Nations Convention to Combat Desertification in Those Countries Experiencing Serious Drought and/or Desertification, Particularly in Africa (resolution 62/193); </s>
	</p>
	<p n="69">
	  <s n="69"> (f) Convention on Biological Diversity (resolution 62/194); </s>
	</p>
	<p n="70">
	  <s n="70"> (g) Report of the Governing Council of the United Nations Environment Programme on its tenth special session (resolutions 2997 (XXVII) and 62/195). </s>
	</p>
	<p n="71">
	  <s n="71"> Implementation of the outcome of the United Nations Conference on Human Settlements (Habitat II) and strengthening of the United Nations Human Settlements Programme (UN-Habitat) (resolution 62/198). </s>
	</p>
	<p n="72">
	  <s n="72"> Globalization and interdependence: </s>
	</p>
	<p n="73">
	  <s n="73"> (a) Role of the United Nations in promoting development in the context of globalization and interdependence (resolution 62/199); </s>
	</p>
	<p n="74">
	  <s n="74"> (b) International migration and development (resolutions 61/208 and 62/270); </s>
	</p>
	<p n="75">
	  <s n="75"> (c) Culture and development (decision 62/543); </s>
	</p>
	<p n="76">
	  <s n="76"> (d) Preventing and combating corrupt practices and transfer of assets of illicit origin and returning such assets, in particular to the countries of origin, consistent with the United Nations Convention against Corruption (resolution 62/202); </s>
	</p>
	<p n="77">
	  <s n="77"> (e) Integration of the economies in transition into the world economy (resolution 61/210). </s>
	</p>
	<p n="78">
	  <s n="78"> Groups of countries in special situations: </s>
	</p>
	<p n="79">
	  <s n="79"> (a) Third United Nations Conference on the Least Developed Countries (resolutions 59/244 and 62/203); </s>
	</p>
	<p n="80">
	  <s n="80"> (b) Specific actions related to the particular needs and problems of landlocked developing countries: outcome of the International Ministerial Conference of Landlocked and Transit Developing Countries and Donor Countries and International Financial and Development Institutions on Transit Transport Cooperation (resolution 62/204). </s>
	</p>
	<p n="81">
	  <s n="81"> Eradication of poverty and other development issues: </s>
	</p>
	<p n="82">
	  <s n="82"> (a) Implementation of the second United Nations Decade for the Eradication of Poverty (2008-2017) (resolutions 61/214 and 62/205); </s>
	</p>
	<p n="83">
	  <s n="83"> (b) Industrial development cooperation (resolution 61/215). </s>
	</p>
	<p n="84">
	  <s n="84"> Operational activities for development (resolutions 39/125 and 62/208). </s>
	</p>
	<p n="85">
	  <s n="85"> Social development: </s>
	</p>
	<p n="86">
	  <s n="86"> (a) Implementation of the outcome of the World Summit for Social Development and of the twenty-fourth special session of the General Assembly (resolution 62/131); </s>
	</p>
	<p n="87">
	  <s n="87"> (b) Social development, including questions relating to the world social situation and to youth, ageing, disabled persons and the family (resolutions 60/134 and 62/127); </s>
	</p>
	<p n="88">
	  <s n="88"> (c) Follow-up to the International Year of Older Persons: Second World Assembly on Ageing (resolution 62/130); </s>
	</p>
	<p n="89">
	  <s n="89"> (d) United Nations Literacy Decade: education for all (resolution 61/140); </s>
	</p>
	<p n="90">
	  <s n="90"> (e) Review and appraisal of the World Programme of Action concerning Disabled Persons (sub-item proposed by the Philippines (A/63/142)). </s>
	</p>
	<p n="91">
	  <s n="91"> Advancement of women: </s>
	</p>
	<p n="92">
	  <s n="92"> (a) Advancement of women (resolutions 34/180, 39/125, 61/143, 61/144, 62/133, 62/134, 62/137 and 62/138); </s>
	</p>
	<p n="93">
	  <s n="93"> (b) Implementation of the outcome of the Fourth World Conference on Women and of the twenty-third special session of the General Assembly (resolution 62/137). </s>
	</p>
	<p n="94">
	  <s n="94"> C. Development of Africa </s>
	</p>
	<p n="95">
	  <s n="95"> New Partnership for Africa&apos;s Development: progress in implementation and international support: </s>
	</p>
	<p n="96">
	  <s n="96"> (a) New Partnership for Africa&apos;s Development: progress in implementation and international support (resolutions 61/229, 62/179 and 62/242); </s>
	</p>
	<p n="97">
	  <s n="97"> (b) Causes of conflict and the promotion of durable peace and sustainable development in Africa (resolution 57/296). </s>
	</p>
	<p n="98">
	  <s n="98"> Promotion of human rights </s>
	</p>
	<p n="99">
	  <s n="99"> Report of the Human Rights Council (resolutions 60/251 and 62/219). </s>
	</p>
	<p n="100">
	  <s n="100"> Holocaust remembrance (resolution 60/7). </s>
	</p>
	<p n="101">
	  <s n="101"> Promotion and protection of the rights of children: </s>
	</p>
	<p n="102">
	  <s n="102"> (a) Promotion and protection of the rights of children (resolutions 44/25 and 62/141); </s>
	</p>
	<p n="103">
	  <s n="103"> (b) Follow-up to the outcome of the special session on children (decision 62/535). </s>
	</p>
	<p n="104">
	  <s n="104"> Indigenous issues: </s>
	</p>
	<p n="105">
	  <s n="105"> (a) Indigenous issues (decision 62/535); </s>
	</p>
	<p n="106">
	  <s n="106"> (b) Second International Decade of the World&apos;s Indigenous People (decision 62/535). </s>
	</p>
	<p n="107">
	  <s n="107"> Elimination of racism and racial discrimination: </s>
	</p>
	<p n="108">
	  <s n="108"> (a) Elimination of racism, racial discrimination, xenophobia and related intolerance (resolutions 2106 A (XX), 3380 (XXX), 61/148, 61/149, 62/142 and 62/220); </s>
	</p>
	<p n="109">
	  <s n="109"> (b) Comprehensive implementation of and follow-up to the Durban Declaration and Programme of Action (decision 62/535). </s>
	</p>
	<p n="110">
	  <s n="110"> Right of peoples to self-determination (resolutions 62/144 and 62/145). </s>
	</p>
	<p n="111">
	  <s n="111"> Promotion and protection of human rights: </s>
	</p>
	<p n="112">
	  <s n="112"> (a) Implementation of human rights instruments (resolutions 2200 A (XXI), 39/46, 45/158, 46/122, 57/202 and 62/148); </s>
	</p>
	<p n="113">
	  <s n="113"> (b) Human rights questions, including alternative approaches for improving the effective enjoyment of human rights and fundamental freedoms (resolutions 61/155, 61/157, 61/159, 61/160, 61/162, 61/167, 62/149, 62/151 to 62/154, 62/156, 62/157, 62/159 to 62/162, 62/164 and 62/221 and decision 62/532); </s>
	</p>
	<p n="114">
	  <s n="114"> (c) Human rights situations and reports of special rapporteurs and representatives (resolutions 62/167, 62/168 and 62/222); </s>
	</p>
	<p n="115">
	  <s n="115"> (d) Comprehensive implementation of and follow-up to the Vienna Declaration and Programme of Action (resolutions 48/121 and 48/141); </s>
	</p>
	<p n="116">
	  <s n="116"> (e) Convention on the Rights of Persons with Disabilities (resolution 62/170). </s>
	</p>
	<p n="117">
	  <s n="117"> E. Effective coordination of humanitarian assistance efforts </s>
	</p>
	<p n="118">
	  <s n="118"> Strengthening of the coordination of humanitarian and disaster relief assistance of the United Nations, including special economic assistance (resolutions 46/182, 62/91 and 62/95): </s>
	</p>
	<p n="119">
	  <s n="119"> (a) Strengthening of the coordination of emergency humanitarian assistance of the United Nations (resolutions 60/124, 62/92 and 62/94); </s>
	</p>
	<p n="120">
	  <s n="120"> (b) Special economic assistance to individual countries or regions (resolution 61/218); </s>
	</p>
	<p n="121">
	  <s n="121"> (c) Assistance to the Palestinian people (resolution 62/93). </s>
	</p>
	<p n="122">
	  <s n="122"> Promotion of justice and international law </s>
	</p>
	<p n="123">
	  <s n="123"> Report of the International Court of Justice (rule 13 (b)). </s>
	</p>
	<p n="124">
	  <s n="124"> Report of the International Criminal Tribunal for the Prosecution of Persons Responsible for Genocide and Other Serious Violations of International Humanitarian Law Committed in the Territory of Rwanda and Rwandan Citizens Responsible for Genocide and Other Such Violations Committed in the Territory of Neighbouring States between 1 January and 31 December 1994 (Security Council resolution 955 (1994) and General Assembly decision 62/505). </s>
	</p>
	<p n="125">
	  <s n="125"> Report of the International Tribunal for the Prosecution of Persons Responsible for Serious Violations of International Humanitarian Law Committed in the Territory of the Former Yugoslavia since 1991 (Security Council resolution 827 (1993) and General Assembly decision 62/506). </s>
	</p>
	<p n="126">
	  <s n="126"> Report of the International Criminal Court (resolution 62/12). </s>
	</p>
	<p n="127">
	  <s n="127"> Oceans and the law of the sea: </s>
	</p>
	<p n="128">
	  <s n="128"> (a) Oceans and the law of the sea (resolutions 49/28, 54/33, 59/24, 61/222 and 62/215); </s>
	</p>
	<p n="129">
	  <s n="129"> (b) Sustainable fisheries, including through the 1995 Agreement for the Implementation of the Provisions of the United Nations Convention on the Law of the Sea of 10 December 1982 relating to the Conservation and Management of Straddling Fish Stocks and Highly Migratory Fish Stocks, and related instruments (resolutions 58/14, 59/25, 60/31, 61/105 and 62/177). </s>
	</p>
	<p n="130">
	  <s n="130"> Nationality of natural persons in relation to the succession of States (resolution 59/34). </s>
	</p>
	<p n="131">
	  <s n="131"> Criminal accountability of United Nations officials and experts on mission (resolution 62/63). </s>
	</p>
	<p n="132">
	  <s n="132"> Report of the United Nations Commission on International Trade Law on the work of its forty-first session (resolution 2205 (XXI)). </s>
	</p>
	<p n="133">
	  <s n="133"> Report of the International Law Commission on the work of its sixtieth session (resolution 62/66). </s>
	</p>
	<p n="134">
	  <s n="134"> Status of the Protocols Additional to the Geneva Conventions of 1949 and relating to the protection of victims of armed conflicts (resolution 61/30). </s>
	</p>
	<p n="135">
	  <s n="135"> Consideration of effective measures to enhance the protection, security and safety of diplomatic and consular missions and representatives (resolution 61/31). </s>
	</p>
	<p n="136">
	  <s n="136"> Report of the Special Committee on the Charter of the United Nations and on the Strengthening of the Role of the Organization (resolution 62/69). </s>
	</p>
	<p n="137">
	  <s n="137"> The rule of law at the national and international levels (resolution 62/70). </s>
	</p>
	<p n="138">
	  <s n="138"> Disarmament </s>
	</p>
	<p n="139">
	  <s n="139"> Report of the International Atomic Energy Agency (resolutions 1145 (XII) and 62/2). </s>
	</p>
	<p n="140">
	  <s n="140"> Reduction of military budgets (resolutions 35/142 B and 62/13). </s>
	</p>
	<p n="141">
	  <s n="141"> Prohibition of the development and manufacture of new types of weapons of mass destruction and new systems of such weapons: report of the Conference on Disarmament (resolution 60/46). </s>
	</p>
	<p n="142">
	  <s n="142"> Maintenance of international security — good-neighbourliness, stability and development in South-Eastern Europe (resolution 61/53). </s>
	</p>
	<p n="143">
	  <s n="143"> Role of science and technology in the context of international security and disarmament (resolution 61/55). </s>
	</p>
	<p n="144">
	  <s n="144"> Developments in the field of information and telecommunications in the context of international security (resolution 62/17). </s>
	</p>
	<p n="145">
	  <s n="145"> Establishment of a nuclear-weapon-free zone in the region of the Middle East (resolution 62/18). </s>
	</p>
	<p n="146">
	  <s n="146"> Conclusion of effective international arrangements to assure non-nuclear-weapon States against the use or threat of use of nuclear weapons (resolution 62/19). </s>
	</p>
	<p n="147">
	  <s n="147"> Prevention of an arms race in outer space (resolution 62/20). </s>
	</p>
	<p n="148">
	  <s n="148"> General and complete disarmament: </s>
	</p>
	<p n="149">
	  <s n="149"> (a) Notification of nuclear tests (resolution 42/38 C); </s>
	</p>
	<p n="150">
	  <s n="150"> (b) Missiles (resolution 59/67 and decision 62/514); </s>
	</p>
	<p n="151">
	  <s n="151"> (c) Problems arising from the accumulation of conventional ammunition stockpiles in surplus (resolution 61/72); </s>
	</p>
	<p n="152">
	  <s n="152"> (d) Disarmament and non-proliferation education (resolution 61/73); </s>
	</p>
	<p n="153">
	  <s n="153"> (e) Consolidation of peace through practical disarmament measures (resolution 61/76); </s>
	</p>
	<p n="154">
	  <s n="154"> (f) Transparency in armaments (resolution 61/77); </s>
	</p>
	<p n="155">
	  <s n="155"> (g) Information on confidence-building measures in the field of conventional arms (resolution 61/79); </s>
	</p>
	<p n="156">
	  <s n="156"> (h) Mongolia&apos;s international security and nuclear-weapon-free status (resolution 61/87); </s>
	</p>
	<p n="157">
	  <s n="157"> (i) Establishment of a nuclear-weapon-free zone in Central Asia (resolution 61/88); </s>
	</p>
	<p n="158">
	  <s n="158"> (j) Assistance to States for curbing the illicit traffic in small arms and light weapons and collecting them (resolution 62/22); </s>
	</p>
	<p n="159">
	  <s n="159"> (k) Implementation of the Convention on the Prohibition of the Development, Production, Stockpiling and Use of Chemical Weapons and on Their Destruction (resolution 62/23); </s>
	</p>
	<p n="160">
	  <s n="160"> (l) Towards a nuclear-weapon-free world: accelerating the implementation of nuclear disarmament commitments (resolution 62/25); </s>
	</p>
	<p n="161">
	  <s n="161"> (m) Promotion of multilateralism in the area of disarmament and non-proliferation (resolution 62/27); </s>
	</p>
	<p n="162">
	  <s n="162"> (n) Observance of environmental norms in the drafting and implementation of agreements on disarmament and arms control (resolution 62/28); </s>
	</p>
	<p n="163">
	  <s n="163"> (o) Convening of the fourth special session of the General Assembly devoted to disarmament (resolution 62/29); </s>
	</p>
	<p n="164">
	  <s n="164"> (p) Effects of the use of armaments and ammunitions containing depleted uranium (resolution 62/30); </s>
	</p>
	<p n="165">
	  <s n="165"> (q) Reducing nuclear danger (resolution 62/32); </s>
	</p>
	<p n="166">
	  <s n="166"> (r) Measures to prevent terrorists from acquiring weapons of mass destruction (resolution 62/33); </s>
	</p>
	<p n="167">
	  <s n="167"> (s) Nuclear-weapon-free southern hemisphere and adjacent areas (resolution 62/35); </s>
	</p>
	<p n="168">
	  <s n="168"> (t) Regional disarmament (resolution 62/38); </s>
	</p>
	<p n="169">
	  <s n="169"> (u) Follow-up to the advisory opinion of the International Court of Justice on the Legality of the Threat or Use of Nuclear Weapons (resolution 62/39); </s>
	</p>
	<p n="170">
	  <s n="170"> (v) Nuclear disarmament (resolution 62/42); </s>
	</p>
	<p n="171">
	  <s n="171"> (w) Transparency and confidence-building measures in outer space activities (resolution 62/43); </s>
	</p>
	<p n="172">
	  <s n="172"> (x) Conventional arms control at the regional and subregional levels (resolution 62/44); </s>
	</p>
	<p n="173">
	  <s n="173"> (y) Confidence-building measures in the regional and subregional context (resolution 62/45); </s>
	</p>
	<p n="174">
	  <s n="174"> (z) The illicit trade in small arms and light weapons in all its aspects (resolution 62/47); </s>
	</p>
	<p n="175">
	  <s n="175"> (aa) Relationship between disarmament and development (resolution 62/48); </s>
	</p>
	<p n="176">
	  <s n="176"> (bb) United Nations conference to identify appropriate ways of eliminating nuclear dangers in the context of nuclear disarmament (decision 62/513). </s>
	</p>
	<p n="177">
	  <s n="177"> Review and implementation of the Concluding Document of the Twelfth Special Session of the General Assembly: </s>
	</p>
	<p n="178">
	  <s n="178"> (a) United Nations disarmament fellowship, training and advisory services (resolution 61/91); </s>
	</p>
	<p n="179">
	  <s n="179"> (b) United Nations Disarmament Information Programme (resolution 61/95); </s>
	</p>
	<p n="180">
	  <s n="180"> (c) United Nations Regional Centre for Peace, Disarmament and Development in Latin America and the Caribbean (resolution 62/49); </s>
	</p>
	<p n="181">
	  <s n="181"> (d) United Nations regional centres for peace and disarmament (resolution 62/50); </s>
	</p>
	<p n="182">
	  <s n="182"> (e) Convention on the Prohibition of the Use of Nuclear Weapons (resolution 62/51); </s>
	</p>
	<p n="183">
	  <s n="183"> (f) United Nations Regional Centre for Peace and Disarmament in Asia and the Pacific (resolution 62/52); </s>
	</p>
	<p n="184">
	  <s n="184"> (g) Regional confidence-building measures: activities of the United Nations Standing Advisory Committee on Security Questions in Central Africa (resolution 62/53); </s>
	</p>
	<p n="185">
	  <s n="185"> (h) United Nations Regional Centre for Peace and Disarmament in Africa (resolution 62/216). </s>
	</p>
	<p n="186">
	  <s n="186"> Review of the implementation of the recommendations and decisions adopted by the General Assembly at its tenth special session (resolutions 38/183 O and 39/148 H): </s>
	</p>
	<p n="187">
	  <s n="187"> (a) Report of the Disarmament Commission (resolution 62/54); </s>
	</p>
	<p n="188">
	  <s n="188"> (b) Report of the Conference on Disarmament (resolution 62/55). </s>
	</p>
	<p n="189">
	  <s n="189"> The risk of nuclear proliferation in the Middle East (resolution 62/56). </s>
	</p>
	<p n="190">
	  <s n="190"> Convention on Prohibitions or Restrictions on the Use of Certain Conventional Weapons Which May Be Deemed to Be Excessively Injurious or to Have Indiscriminate Effects (resolution 62/57). </s>
	</p>
	<p n="191">
	  <s n="191"> Strengthening of security and cooperation in the Mediterranean region (resolution 62/58). </s>
	</p>
	<p n="192">
	  <s n="192"> Comprehensive Nuclear-Test-Ban Treaty (resolution 62/59). </s>
	</p>
	<p n="193">
	  <s n="193"> Convention on the Prohibition of the Development, Production and Stockpiling of Bacteriological (Biological) and Toxin Weapons and on Their Destruction (resolution 62/60). </s>
	</p>
	<p n="194">
	  <s n="194"> H. Drug control, crime prevention and combating international terrorism in all its forms and manifestations </s>
	</p>
	<p n="195">
	  <s n="195"> Crime prevention and criminal justice (resolutions 61/180 and 62/172 to 62/175). </s>
	</p>
	<p n="196">
	  <s n="196"> International drug control (resolutions 56/124, 61/183 and 62/176). </s>
	</p>
	<p n="197">
	  <s n="197"> Measures to eliminate international terrorism (resolution 62/71). </s>
	</p>
	<p n="198">
	  <s n="198"> Organizational, administrative and other matters </s>
	</p>
	<p n="199">
	  <s n="199"> Report of the Secretary-General on the work of the Organization (rules 13 (a) and 48; resolutions 47/120 B and 51/241). </s>
	</p>
	<p n="200">
	  <s n="200"> Report of the Secretary-General on the Peacebuilding Fund (resolution 60/287). </s>
	</p>
	<p n="201">
	  <s n="201"> Notification by the Secretary-General under Article 12, paragraph 2, of the Charter of the United Nations (rule 49). </s>
	</p>
	<p n="202">
	  <s n="202"> Elections to fill vacancies in principal organs: </s>
	</p>
	<p n="203">
	  <s n="203"> (a) Election of five non-permanent members of the Security Council (rule 142; decision 62/403); </s>
	</p>
	<p n="204">
	  <s n="204"> (b) Election of eighteen members of the Economic and Social Council (rule 145; decision 62/404); </s>
	</p>
	<p n="205">
	  <s n="205"> (c) Election of five members of the International Court of Justice (decision 60/408). </s>
	</p>
	<p n="206">
	  <s n="206"> Elections to fill vacancies in subsidiary organs and other elections: </s>
	</p>
	<p n="207">
	  <s n="207"> (a) Election of twenty members of the Committee for Programme and Coordination (Economic and Social Council resolution 2008 (LX) and General Assembly decision 62/405); </s>
	</p>
	<p n="208">
	  <s n="208"> (b) Election of seven members of the Organizational Committee of the Peacebuilding Commission (resolution 60/180 and decisions 61/416 and 62/420); </s>
	</p>
	<p n="209">
	  <s n="209"> (c) Election of eighteen members of the Human Rights Council (resolution 60/251 and decision 62/415). </s>
	</p>
	<p n="210">
	  <s n="210"> Appointments to fill vacancies in subsidiary organs and other appointments: </s>
	</p>
	<p n="211">
	  <s n="211"> (a) Appointment of members of the Advisory Committee on Administrative and Budgetary Questions (rule 155; decision 62/408); </s>
	</p>
	<p n="212">
	  <s n="212"> (b) Appointment of members of the Committee on Contributions (rule 158; decision 62/409); </s>
	</p>
	<p n="213">
	  <s n="213"> (c) Confirmation of the appointment of members of the Investments Committee (resolution 155 (II) and decision 62/410); </s>
	</p>
	<p n="214">
	  <s n="214"> (d) Appointment of members of the United Nations Administrative Tribunal (resolutions 351 A (IV), 55/159, 59/283 and 62/228 and decision 62/412); </s>
	</p>
	<p n="215">
	  <s n="215"> (e) Appointment of members of the International Civil Service Commission (resolution 3357 (XXIX) and decision 61/409); </s>
	</p>
	<p n="216">
	  <s n="216"> (f) Appointment of members and alternate members of the United Nations Staff Pension Committee (resolution 248 (III) and decision 59/411); </s>
	</p>
	<p n="217">
	  <s n="217"> (g) Appointment of members of the Committee on Conferences (resolution 43/222 B and decision 62/407); </s>
	</p>
	<p n="218">
	  <s n="218"> (h) Appointment of a member of the Joint Inspection Unit (resolutions 31/192 and 61/238 and decisions 59/416 A and 62/402); </s>
	</p>
	<p n="219">
	  <s n="219"> (i) Confirmation of the appointment of the Administrator of the United Nations Development Programme (decision 59/417); </s>
	</p>
	<p n="220">
	  <s n="220"> (j) Confirmation of the appointment of the Secretary-General of the United Nations Conference on Trade and Development (decision 59/419). </s>
	</p>
	<p n="221">
	  <s n="221"> Admission of new Members to the United Nations (rule 136). </s>
	</p>
	<p n="222">
	  <s n="222"> Follow-up to the outcome of the Millennium Summit (resolutions 60/265 and 62/270). </s>
	</p>
	<p n="223">
	  <s n="223"> The United Nations Global Counter-Terrorism Strategy.1 </s>
	</p>
	<p n="224">
	  <s n="224"> Follow-up to the commemoration of the two-hundredth anniversary of the abolition of the transatlantic slave trade (resolution 62/122). </s>
	</p>
	<p n="225">
	  <s n="225"> Implementation of the resolutions of the United Nations (decision 62/520). </s>
	</p>
	<p n="226">
	  <s n="226"> Revitalization of the work of the General Assembly.3 </s>
	</p>
	<p n="227">
	  <s n="227"> Question of equitable representation on and increase in the membership of the Security Council and related matters.3 </s>
	</p>
	<p n="228">
	  <s n="228"> Strengthening of the United Nations system.3 </s>
	</p>
	<p n="229">
	  <s n="229"> Multilingualism (resolution 61/266). </s>
	</p>
	<p n="230">
	  <s n="230"> Cooperation between the United Nations and regional and other organizations: </s>
	</p>
	<p n="231">
	  <s n="231"> (a) Cooperation between the United Nations and the African Union (resolution 61/296); </s>
	</p>
	<p n="232">
	  <s n="232"> (b) Cooperation between the United Nations and the Asian-African Legal Consultative Organization (resolution 61/5); </s>
	</p>
	<p n="233">
	  <s n="233"> (c) Cooperation between the United Nations and the Association of Southeast Asian Nations (resolution 61/46); </s>
	</p>
	<p n="234">
	  <s n="234"> (d) Cooperation between the United Nations and the Black Sea Economic Cooperation Organization (resolution 61/4); </s>
	</p>
	<p n="235">
	  <s n="235"> (e) Cooperation between the United Nations and the Caribbean Community (resolution 61/50); </s>
	</p>
	<p n="236">
	  <s n="236"> (f) Cooperation between the United Nations and the Community of Portuguese-speaking Countries (resolution 61/223); </s>
	</p>
	<p n="237">
	  <s n="237"> (g) Cooperation between the United Nations and the Council of Europe (resolution 61/13); </s>
	</p>
	<p n="238">
	  <s n="238"> (h) Cooperation between the United Nations and the Economic Community of Central African States (resolution 55/285); </s>
	</p>
	<p n="239">
	  <s n="239"> (i) Cooperation between the United Nations and the Economic Cooperation Organization (resolution 61/12); </s>
	</p>
	<p n="240">
	  <s n="240"> (j) Cooperation between the United Nations and the Eurasian Economic Community (resolution 62/79); </s>
	</p>
	<p n="241">
	  <s n="241"> (k) Cooperation between the United Nations and the International Organization of la Francophonie (resolution 61/7); </s>
	</p>
	<p n="242">
	  <s n="242"> (l) Cooperation between the United Nations and the Inter-Parliamentary Union (resolution 61/6); </s>
	</p>
	<p n="243">
	  <s n="243"> (m) Cooperation between the United Nations and the Latin American Economic System (resolution 55/285); </s>
	</p>
	<p n="244">
	  <s n="244"> (n) Cooperation between the United Nations and the League of Arab States (resolution 61/14); </s>
	</p>
	<p n="245">
	  <s n="245"> (o) Cooperation between the United Nations and the Organization for the Prohibition of Chemical Weapons (resolution 61/224); </s>
	</p>
	<p n="246">
	  <s n="246"> (p) Cooperation between the United Nations and the Organization for Security and Cooperation in Europe (decision 59/567); </s>
	</p>
	<p n="247">
	  <s n="247"> (q) Cooperation between the United Nations and the Organization of American States (resolution 55/285); </s>
	</p>
	<p n="248">
	  <s n="248"> (r) Cooperation between the United Nations and the Organization of the Islamic Conference (resolution 61/49); </s>
	</p>
	<p n="249">
	  <s n="249"> (s) Cooperation between the United Nations and the Pacific Islands Forum (resolution 61/48); </s>
	</p>
	<p n="250">
	  <s n="250"> (t) Cooperation between the United Nations and the Preparatory Commission for the Comprehensive Nuclear-Test-Ban Treaty Organization (resolution 61/47); </s>
	</p>
	<p n="251">
	  <s n="251"> (u) Cooperation between the United Nations and the Southern African Development Community (resolution 61/51). </s>
	</p>
	<p n="252">
	  <s n="252"> Follow-up to the recommendations on administrative management and internal oversight of the Independent Inquiry Committee into the United Nations Oil-for-Food Programme.1 </s>
	</p>
	<p n="253">
	  <s n="253"> Financial reports and audited financial statements, and reports of the Board of Auditors (resolutions 52/212 B and 62/223 A and B): </s>
	</p>
	<p n="254">
	  <s n="254"> (a) United Nations; </s>
	</p>
	<p n="255">
	  <s n="255"> (b) United Nations peacekeeping operations; </s>
	</p>
	<p n="256">
	  <s n="256"> (c) International Trade Centre UNCTAD/WTO; </s>
	</p>
	<p n="257">
	  <s n="257"> (d) United Nations University; </s>
	</p>
	<p n="258">
	  <s n="258"> (e) Capital master plan; </s>
	</p>
	<p n="259">
	  <s n="259"> (f) United Nations Development Programme; </s>
	</p>
	<p n="260">
	  <s n="260"> (g) United Nations Children&apos;s Fund; </s>
	</p>
	<p n="261">
	  <s n="261"> (h) United Nations Relief and Works Agency for Palestine Refugees in the Near East; </s>
	</p>
	<p n="262">
	  <s n="262"> (i) United Nations Institute for Training and Research; </s>
	</p>
	<p n="263">
	  <s n="263"> (j) Voluntary funds administered by the United Nations High Commissioner for Refugees; </s>
	</p>
	<p n="264">
	  <s n="264"> (k) Fund of the United Nations Environment Programme; </s>
	</p>
	<p n="265">
	  <s n="265"> (l) United Nations Population Fund; </s>
	</p>
	<p n="266">
	  <s n="266"> (m) United Nations Human Settlements Programme; </s>
	</p>
	<p n="267">
	  <s n="267"> (n) Fund of the United Nations International Drug Control Programme; </s>
	</p>
	<p n="268">
	  <s n="268"> (o) United Nations Office for Project Services; </s>
	</p>
	<p n="269">
	  <s n="269"> (p) International Criminal Tribunal for the Prosecution of Persons Responsible for Genocide and Other Serious Violations of International Humanitarian Law Committed in the Territory of Rwanda and Rwandan Citizens Responsible for Genocide and Other Such Violations Committed in the Territory of Neighbouring States between 1 January and 31 December 1994; </s>
	</p>
	<p n="270">
	  <s n="270"> (q) International Tribunal for the Prosecution of Persons Responsible for Serious Violations of International Humanitarian Law Committed in the Territory of the Former Yugoslavia since 1991. </s>
	</p>
	<p n="271">
	  <s n="271"> Review of the efficiency of the administrative and financial functioning of the United Nations (resolutions 41/213, 61/275, 62/234 and 62/247). </s>
	</p>
	<p n="272">
	  <s n="272"> Programme budget for the biennium 2008-2009 (resolutions 61/264, 62/87, 62/234, 62/236 to 62/240 and 62/245 and decisions 57/589 and 62/545 B). </s>
	</p>
	<p n="273">
	  <s n="273"> Programme planning (resolutions 58/269 and 62/224). </s>
	</p>
	<p n="274">
	  <s n="274"> Improving the financial situation of the United Nations (resolution 47/215). </s>
	</p>
	<p n="275">
	  <s n="275"> Pattern of conferences (resolution 62/225). </s>
	</p>
	<p n="276">
	  <s n="276"> Scale of assessments for the apportionment of the expenses of the United Nations (resolution 61/237 and decision 62/545 A). </s>
	</p>
	<p n="277">
	  <s n="277"> Human resources management (resolutions 57/281 B, 57/305, 61/244 and 62/248 and decision 62/545 B). </s>
	</p>
	<p n="278">
	  <s n="278"> Joint Inspection Unit (resolutions 55/230, 62/226 and 62/246). </s>
	</p>
	<p n="279">
	  <s n="279"> United Nations common system (resolution 62/227). </s>
	</p>
	<p n="280">
	  <s n="280"> United Nations pension system (resolution 61/240). </s>
	</p>
	<p n="281">
	  <s n="281"> Administrative and budgetary coordination of the United Nations with the specialized agencies and the International Atomic Energy Agency (decision 47/449). </s>
	</p>
	<p n="282">
	  <s n="282"> Report on the activities of the Office of Internal Oversight Services (resolutions 48/218 B, 54/244, 59/272, 62/234 and 62/247). </s>
	</p>
	<p n="283">
	  <s n="283"> Administration of justice at the United Nations (resolution 62/228 and decision 62/519). </s>
	</p>
	<p n="284">
	  <s n="284"> Financing of the International Criminal Tribunal for the Prosecution of Persons Responsible for Genocide and Other Serious Violations of International Humanitarian Law Committed in the Territory of Rwanda and Rwandan Citizens Responsible for Genocide and Other Such Violations Committed in the Territory of Neighbouring States between 1 January and 31 December 1994 (resolutions 55/226 and 62/229 and decision 62/545 B). </s>
	</p>
	<p n="285">
	  <s n="285"> Financing of the International Tribunal for the Prosecution of Persons Responsible for Serious Violations of International Humanitarian Law Committed in the Territory of the Former Yugoslavia since 1991 (resolutions 55/225 A and 62/230 and decision 62/545 B). </s>
	</p>
	<p n="286">
	  <s n="286"> Administrative and budgetary aspects of the financing of the United Nations peacekeeping operations (resolutions 49/233, 61/276 to 61/279, 62/247, 62/250 to 62/252 and 62/257 and decisions 62/545 C and 62/549). </s>
	</p>
	<p n="287">
	  <s n="287"> Financing of the United Nations Operation in Burundi (resolution 62/253). </s>
	</p>
	<p n="288">
	  <s n="288"> Financing of the United Nations Operation in Côte d&apos;Ivoire (resolution 62/254). </s>
	</p>
	<p n="289">
	  <s n="289"> Financing of the United Nations Peacekeeping Force in Cyprus (resolution 62/255). </s>
	</p>
	<p n="290">
	  <s n="290"> Financing of the United Nations Organization Mission in the Democratic Republic of the Congo (resolution 62/256). </s>
	</p>
	<p n="291">
	  <s n="291"> Financing of the United Nations Mission in East Timor.1 </s>
	</p>
	<p n="292">
	  <s n="292"> Financing of the United Nations Integrated Mission in Timor-Leste (resolution 62/258). </s>
	</p>
	<p n="293">
	  <s n="293"> Financing of the United Nations Mission in Ethiopia and Eritrea (resolution 62/259). </s>
	</p>
	<p n="294">
	  <s n="294"> Financing of the United Nations Observer Mission in Georgia (resolution 62/260). </s>
	</p>
	<p n="295">
	  <s n="295"> Financing of the United Nations Stabilization Mission in Haiti (resolution 62/261). </s>
	</p>
	<p n="296">
	  <s n="296"> Financing of the United Nations Interim Administration Mission in Kosovo (resolution 62/262). </s>
	</p>
	<p n="297">
	  <s n="297"> Financing of the United Nations Mission in Liberia (resolution 62/263). </s>
	</p>
	<p n="298">
	  <s n="298"> Financing of the United Nations peacekeeping forces in the Middle East: </s>
	</p>
	<p n="299">
	  <s n="299"> (a) United Nations Disengagement Observer Force (resolution 62/264); </s>
	</p>
	<p n="300">
	  <s n="300"> (b) United Nations Interim Force in Lebanon (resolution 62/265). </s>
	</p>
	<p n="301">
	  <s n="301"> Financing of the United Nations Mission in Sierra Leone (resolution 62/266). </s>
	</p>
	<p n="302">
	  <s n="302"> Financing of the United Nations Mission in the Sudan (resolution 62/267). </s>
	</p>
	<p n="303">
	  <s n="303"> Financing of the United Nations Mission for the Referendum in Western Sahara (resolution 62/268). </s>
	</p>
	<p n="304">
	  <s n="304"> Financing of the African Union-United Nations Hybrid Operation in Darfur (resolutions 62/232 A and B). </s>
	</p>
	<p n="305">
	  <s n="305"> Financing of the United Nations Mission in the Central African Republic and Chad (resolutions 62/233 A and B). </s>
	</p>
	<p n="306">
	  <s n="306"> Report of the Committee on Relations with the Host Country (resolution 62/72). </s>
	</p>
	<p n="307">
	  <s n="307"> Observer status for the South Centre in the General Assembly (item proposed by the United Republic of Tanzania (A/63/141)). </s>
	</p>
	<p n="308">
	  <s n="308"> Observer status for the Agency for International Trade Information and Cooperation in the General Assembly (item proposed by Paraguay (A/63/143)). </s>
	</p>
	<p n="309">
	  <s n="309"> * Issued in accordance with rule 12 of the rules of procedure. </s>
	</p>
	<p n="310">
	  <s n="310"> This item, which has not yet been considered by the General Assembly at its sixty-second session, remains on the agenda of that session. </s>
	  <s n="311"> Its inclusion in the draft agenda of the sixty-third session is subject to any action the Assembly may take on it at its sixty-second session. </s>
	</p>
	<p n="311">
	  <s n="312"> This item remains on the agenda for consideration upon notification by a Member State. </s>
	</p>
	<p n="312">
	  <s n="313"> This item remains on the agenda of the sixty-second session. </s>
	  <s n="314"> Its inclusion in the draft agenda of the sixty-third session is subject to any action the Assembly may take on it at its sixty-second session. </s>
	</p>
	</body>
</text>
</DOC>