<?xml version="1.0" encoding="UTF-8"?>
<DOC lang="English" n="N0231925" id="A/56/887" date="2002/04/05">
<text>
	<body>
	<p n="1">
	  <s n="1"> Fifty-sixth session </s>
	</p>
	<p n="2">
	  <s n="2"> Agenda item 133 </s>
	</p>
	<p n="3">
	  <s n="3"> Administrative and budgetary aspects of the financing of the United Nations peacekeeping operations </s>
	</p>
	<p n="4">
	  <s n="4"> Administrative and budgetary aspects of the financing of the United Nations peacekeeping operations </s>
	</p>
	<p n="5">
	  <s n="5"> Report of the Advisory Committee on Administrative and Budgetary Questions </s>
	</p>
	<p n="6">
	  <s n="6"> Contents </s>
	</p>
	<p n="7">
	  <s n="7"> Introduction </s>
	</p>
	<p n="8">
	  <s n="8"> During its meetings held from 5 February to 5 April 2002, the Advisory Committee on Administrative and Budgetary Questions considered the financial performance reports for the period from 1 July 2000 to 30 June 2001 and the proposed budgets for the period from 1 July 2002 to 30 June 2003 of the peacekeeping operations listed below. </s>
	  <s n="9"> The Committee&apos;s reports on each of these missions are presented as addenda to the present report: </s>
	</p>
	<p n="9">
	  <s n="10"> (a) United Nations Observer Mission in Georgia (UNOMIG) (A/56/887/Add.1); </s>
	</p>
	<p n="10">
	  <s n="11"> (b) United Nations Mission in Bosnia and Herzegovina (UNMIBH), including the liaison offices in Zagreb and Belgrade and the United Nations Mission of Observers in Prevlaka (UNMOP) (A/56/887/Add.2); </s>
	</p>
	<p n="11">
	  <s n="12"> (c) United Nations Mission in Sierra Leone (UNAMSIL) (A/56/887/Add.3); </s>
	</p>
	<p n="12">
	  <s n="13"> (d) United Nations Peacekeeping Force in Cyprus (UNFICYP) (A/56/887/Add.4); </s>
	</p>
	<p n="13">
	  <s n="14"> (e) United Nations Iraq-Kuwait Observation Mission (UNIKOM) (A/56/887/Add.5); </s>
	</p>
	<p n="14">
	  <s n="15"> (f) United Nations Interim Administration Mission in Kosovo (UNMIK) (A/56/887/Add.6); </s>
	</p>
	<p n="15">
	  <s n="16"> (g) United Nations Interim Force in Lebanon (UNIFIL) (A/56/887/Add.7); </s>
	</p>
	<p n="16">
	  <s n="17"> (h) United Nations Disengagement Observer Force (UNDOF) (A/56/887/Add.8); </s>
	</p>
	<p n="17">
	  <s n="18"> (i) United Nations Mission in Ethiopia and Eritrea (UNMEE) (A/56/887/Add.9); </s>
	</p>
	<p n="18">
	  <s n="19"> (j) United Nations Logistics Base at Brindisi, Italy (UNLB) (A/56/887/Add.10); </s>
	</p>
	<p n="19">
	  <s n="20"> (k) United Nations Organization Mission in the Democratic Republic of the Congo (MONUC) (A/56/887/Add.11). </s>
	</p>
	<p n="20">
	  <s n="21"> The Advisory Committee also considered the proposed budget for the United Nations Organization Mission in the Democratic Republic of the Congo for the period from 1 July 2001 to 30 June 2002 (A/56/660). </s>
	  <s n="22"> The Committee submitted its related report on the financing of MONUC in document A/56/845. </s>
	</p>
	<p n="21">
	  <s n="23"> The Advisory Committee also considered the updated financial performance report of the United Nations Protection Force (UNPROFOR), the United Nations Confidence Restoration Operation in Croatia (UNCRO), the United Nations Preventive Deployment Force (UNPREDEP) and the United Nations Peace Forces headquarters (A/56/852), submitted pursuant to paragraph 8 of General Assembly resolution 55/265. </s>
	  <s n="24"> The Committee&apos;s comments on the Secretary-General&apos;s report are contained in paragraphs 76 to 83 below. </s>
	</p>
	<p n="22">
	  <s n="25"> The Advisory Committee further considered the final performance reports of the United Nations Mission in Haiti (UNMIH) (A/56/851), the United Nations Support Mission in Haiti (UNSMIH), the United Nations Transition Mission in Haiti (UNTMIH) and the United Nations Civilian Police Mission in Haiti (MIPONUH) (A/56/841), the United Nations Preventive Deployment Force (UNPREDEP) (A/56/842) and the United Nations Transitional Administration for Eastern Slavonia, Baranja and Western Sirmium (UNTAES) and the Civilian Police Support Group (A/56/844). </s>
	  <s n="26"> The Committee&apos;s comments on the final performance of these closed missions are contained in paragraphs 76 to 83 below. </s>
	</p>
	<p n="23">
	  <s n="27"> The Advisory Committee considered the reports of the Secretary-General on the concept of strategic deployment stocks and its implementation (A/56/870) and on the support account (A/56/882 and A/56/885). </s>
	  <s n="28"> The comments and recommendations of the Committee on the report on strategic deployment stocks are contained in document A/56/902; comments and recommendations relating to the support account will be issued in due course. </s>
	</p>
	<p n="24">
	  <s n="29"> The Advisory Committee also had before it the report of the Secretary-General on the instances for which the United Nations is entitled to restitution as a result of non-compliance with status-of-forces or other agreements (A/56/789). </s>
	  <s n="30"> The Committee&apos;s observations on the report of the Secretary-General are contained in paragraphs 30 and 31 below. </s>
	</p>
	<p n="25">
	  <s n="31"> By its resolution 1394 (2002) of 27 February 2002, the Security Council extended the mandate of the United Nations Mission for the Referendum in Western Sahara (MINURSO) for two months, until 30 April 2002, and requested the Secretary-General to provide a report on the situation in Western Sahara before the end of the present mandate. </s>
	  <s n="32"> In view of changed circumstances and pending further developments, the Advisory Committee postponed consideration of the financial performance report for the period from 1 July 2000 to 30 June 2001 and of the budget for the period from 1 July 2002 to 30 June 2003 of MINURSO. </s>
	</p>
	<p n="26">
	  <s n="33"> In its previous reports (see, for example, A/52/860, A/53/895, A/54/841 and A/55/874), the Advisory Committee has regularly commented on the timely submission of performance reports and budget estimates. </s>
	  <s n="34"> During its meetings from February to April 2002, in most cases, the Committee had before it only advance copies of the reports in English and, in some instances, only sections of the advance copies of the reports. </s>
	  <s n="35"> This caused considerable difficulties to the Committee. </s>
	  <s n="36"> Furthermore, it is unacceptable for the Committee to begin consideration of the reports of the Secretary-General without having had the opportunity for adequate preparation. </s>
	  <s n="37"> The current situation represents a marked deterioration in the schedule of documentation foreseen when General Assembly resolution 49/233 A was adopted. </s>
	  <s n="38"> For example, the budget proposal for the support account was submitted to the Committee only on 20 March 2002. </s>
	  <s n="39"> The delays experienced by the substantive services in producing the various reports of the Secretary-General have in turn increased the pressure on the conference services which have to translate, print and distribute these reports. </s>
	</p>
	<p n="27">
	  <s n="40"> The Committee reiterates that there is a need to restore the discipline concerning timely preparation and submission of documents for consideration by the Advisory Committee and the Fifth Committee if the timetables envisaged in the Advisory Committee&apos;s report of 18 November 1994 (A/49/664) and resolution 49/233 A are to be met. </s>
	  <s n="41"> In this connection, the Committee notes the schedule of submission of performance and budget reports (A/56/885, table 35). </s>
	  <s n="42"> The Committee notes, in particular, that budgets for all active missions would be submitted to the Department of General Assembly Affairs and Conference Services by 31 January and that the budget for the support account would be submitted by 28 February. </s>
	  <s n="43"> The Committee welcomes this information and trusts that the Department will ensure the timely processing of the reports. </s>
	</p>
	<p n="28">
	  <s n="44"> The proposed deadlines for submission of documentation to the Department of General Assembly Affairs and Conference Services would represent progress towards a return to the schedule envisaged in the recommendations made by the Committee in 1994 (see A/49/664), as endorsed by the General Assembly in its resolution 49/233 A. </s>
	  <s n="45"> The Committee points out that the original aim was to have reports, which the Secretariat was struggling to complete in October and November (often in fact submitting them in December and causing consequent difficulties for both the Advisory Committee and the Fifth Committee) available in all languages before the end of January. </s>
	</p>
	<p n="29">
	  <s n="46"> Report of the Board of Auditors </s>
	</p>
	<p n="30">
	  <s n="47"> The Advisory Committee also considered the report of the Board of Auditors to the General Assembly on the accounts of the United Nations peacekeeping operations for the financial period ended 30 June 2001 (A/56/5, vol. II, chap. </s>
	  <s n="48"> The Committee&apos;s comments and observations on the report of the Board are included, where appropriate, in the paragraphs below. </s>
	  <s n="49"> The Committee recommends that annex II to the report of the Board of Auditors on follow-up action to implement the recommendations of the Board in the previous period be organized by themes. </s>
	  <s n="50"> Similarly, the report of the Secretary-General (A/56/66 and Add.1 and 2) should also be presented by themes. </s>
	  <s n="51"> It should indicate changes and results rather than stating whether a particular recommendation of the Board has been implemented. </s>
	  <s n="52"> The attainment of this goal would be facilitated considerably by the extent to which the recommendations of the Board are clear, specific and capable of being monitored in the implementation process with a view to measuring results. </s>
	  <s n="53"> To this end, the Committee proposes to discuss with the Board of Auditors the merits of more frequent consultations with it with a view to pursuing effective implementation of the Board&apos;s recommendations. </s>
	</p>
	<p n="31">
	  <s n="54"> Expenditures and unencumbered balances </s>
	</p>
	<p n="32">
	  <s n="55"> A summary of the financial performance of peacekeeping missions for the period ending 30 June 2001 is contained in annex I.A to the present report. </s>
	  <s n="56"> For the reasons given in paragraph 14 below, the figures exclude expenditure for the support account and for the United Nations Logistics Base. </s>
	  <s n="57"> For the peacekeeping operations listed in that annex, expenditures amounted to $2,307.9 million gross (column 3 minus column 4), against appropriations of $2,566 million gross, reflecting an unencumbered balance of $258.1 million, or 10.1 per cent of the appropriations (column 4 divided by column 3). </s>
	  <s n="58"> For the preceding period, from 1 July 1999 to 30 June 2000, the unencumbered balance in the performance reports amounted to $175.2 million, or 10.3 per cent of the appropriations of $1,705.2 million (see A/55/874, para. </s>
	</p>
	<p n="33">
	  <s n="59"> In the various reports of the Secretary-General and the related reports of the Advisory Committee, reasons have been given for the unencumbered balances. </s>
	  <s n="60"> For the period 2000/2001, as in the previous period, the high level of unencumbered balances reflects significant implementation difficulties. </s>
	  <s n="61"> The Committee has taken these unencumbered balances into account when making its recommendations on budget requirements for the period 2002/2003. </s>
	</p>
	<p n="34">
	  <s n="62"> The Committee enquired about the appropriateness of including amounts for the support account for peacekeeping operations and for the United Nations Logistics Base at Brindisi when calculating the percentage of unencumbered balance in financial performance reports as against appropriation. </s>
	  <s n="63"> According to the Secretariat, the inclusion has been a standard practice and it is necessary in order to reflect consistency between financial performance reports and the audited financial statements of peacekeeping operations; approved resources for the support account and UNLB are simultaneously reflected as apportionment and expenditure in equal amounts. </s>
	  <s n="64"> The Committee was provided with a comparison of apportionment and unencumbered balance inclusive and exclusive of amounts for the support account and UNLB for the period from 1 July 2000 to 30 June 2001 (see annex I.B to the present report). </s>
	  <s n="65"> The Committee is of the view that in the future the unencumbered balance for each peacekeeping operation should be compared with the appropriation for the mission concerned excluding amounts for the support account and UNLB. </s>
	</p>
	<p n="35">
	  <s n="66"> For the support account, expenditure for the period from 1 July 2000 to 30 June 2001 amounts to $62 million gross, against $59.9 million gross authorized by the General Assembly, resulting in overexpenditure of $2.1 million gross (see A/56/882, paras. </s>
	  <s n="67"> For UNLB, expenditure for the period amounts to $7.7 million gross, against the approved budget of $9.3 million gross, leaving an unencumbered balanced of $1.6 million gross, or 16.8 per cent of the approved budget (see A/56/760, para. </s>
	</p>
	<p n="36">
	  <s n="68"> Unliquidated obligations </s>
	</p>
	<p n="37">
	  <s n="69"> As can be seen from annex I.C, the total of unliquidated obligations for the period from 1 July 2000 to 30 June 2001 amounted to $314.7 million, comprising $214.2 million under Governments and $100.5 million under other, as at 31 December 2001. </s>
	  <s n="70"> As can be seen in table 1, at 28 February 2002 unliquidated obligations amounted to $302 million. </s>
	</p>
	<p n="38">
	  <s n="71"> Table 1 Unliquidated obligations for the period from 1 July 2000 to 30 June 2001 </s>
	</p>
	<p n="39">
	  <s n="72"> (United States dollars) </s>
	</p>
	<p n="40">
	  <s n="73"> a A good part of the unliquidated obligations relate to provision for reimbursement to Member States for troop costs, contingent-owned equipment and the like. </s>
	</p>
	<p n="41">
	  <s n="74"> b At 28 February 2002. </s>
	</p>
	<p n="42">
	  <s n="75"> Contingent liabilities and accounts payable </s>
	</p>
	<p n="43">
	  <s n="76"> The Board of Auditors has indicated that verified claims received from troop-contributing countries of approximately $8 million were reported, in a note to the financial statements for the financial period ended 30 June 2001, as contingent liabilities, rather than as accounts payable. </s>
	  <s n="77"> In the opinion of the Board, the financial statements for the period ended 30 June are, therefore, understated by an amount of approximately $8 million in respect of both expenditure and liabilities. </s>
	  <s n="78"> The Committee notes that the Secretariat advised the Board that only after approval of a financing resolution by the General Assembly could obligations or liabilities be recorded (see A/56/5, vol. II, chap. </s>
	  <s n="79"> II, paras. </s>
	  <s n="80"> The Committee has already stated its view on this subject (A/55/878, para. </s>
	  <s n="81"> The Committee agrees with the Secretariat that an account payable is subject to a prior action by the General Assembly to provide authority for the Secretary-General to designate a liability as an account payable. </s>
	</p>
	<p n="44">
	  <s n="82"> Flexibility </s>
	</p>
	<p n="45">
	  <s n="83"> The Committee recalls its comments about the flexibility granted the Secretary-General in administering appropriations for peacekeeping operations and the intention of the Committee to monitor the use of this flexibility (see A/54/841, para. </s>
	  <s n="84"> During the examination of performance reports for the period ending 30 June 2001, the Committee again noted numerous overexpenditures, particularly for items in operational activities. </s>
	  <s n="85"> In many instances, as shown in the relevant individual reports of the Committee, better budget preparation would have obviated such overexpenditures. </s>
	  <s n="86"> In other situations, the Committee has expressed concern about actions taken to incur expenditure that should clearly have been included in the proposed estimate. </s>
	  <s n="87"> For example, in one case, a mission headquarters was dismantled for no apparent immediate operational urgency (see A/56/887/Add.9, paras. </s>
	  <s n="88"> 34 and 35). </s>
	</p>
	<p n="46">
	  <s n="89"> Accordingly, the Advisory Committee draws attention to the fact that even though the General Assembly authorizes the Secretary-General to exercise flexibility in implementing the overall budget of peacekeeping missions, that flexibility must be exercised in a manner that does not call into question the basis on which the initial estimates were prepared and submitted to the Assembly. </s>
	  <s n="90"> Cost overruns for items included in the estimates approved by the Assembly on the basis of recommendations of the Committee must not be confused or equated with initiation of completely new activities that have no adequate operational justification in terms of mandate implementation. </s>
	</p>
	<p n="47">
	  <s n="91"> Presentation of performance reports and budget estimates </s>
	</p>
	<p n="48">
	  <s n="92"> The Committee is concerned about the quality of the presentation of a number of reports containing budget estimates. </s>
	  <s n="93"> For example, in some reports, descriptions of organizational units and the personnel requested is repetitive. </s>
	  <s n="94"> The Committee has noted, further, a recent tendency to confuse the differences between the concepts new posts, redeployments and reclassification. </s>
	  <s n="95"> For example, a new post at a higher grade is requested, with the existing post to be redeployed, when in fact the objective is to reclassify the existing function (UNLB; see A/56/871); in another instance, reclassification of an existing post has been requested, the same post, at its existing (lower) level, simultaneously being proposed for redeployment (UNAMSIL; see A/56/621). </s>
	  <s n="96"> The Committee stresses the need to maintain established practice and budgetary discipline. </s>
	  <s n="97"> The Committee has submitted comments and recommendations for the improvement of the reports concerned (see, for example, A/56/845) and welcomes the limited action taken so far in this regard (see MONUC estimates for 2002/2003 (A/56/897)). </s>
	</p>
	<p n="49">
	  <s n="98"> Budget proposals for 2001/2002 </s>
	</p>
	<p n="50">
	  <s n="99"> The General Assembly has so far approved $2.7 billion for the peacekeeping operations for the period 2001/2002, including prorated provision of $7.9 million for the United Nations Logistics Base at Brindisi and prorated provision of $91.9 million for the support account (see A/C.5/56/36). </s>
	  <s n="100"> The Secretary-General also proposed an additional appropriation for 2001/2002 of some $140.6 million for MONUC (see A/56/660 and A/56/845), and the General Assembly, upon the recommendation of the Advisory Committee, approved $56.8 million of additional resources for MONUC (see resolution 56/252 B), bringing the overall resources for peacekeeping operations for the period 2001/2002 to about $2.8 billion. </s>
	  <s n="101"> The Committee was informed that additional expenditure for 2001/2002 for UNAMSIL would amount to $3.9 million, in connection with the elections scheduled for May 2002 in Sierra Leone (see S/2001/1195 and resolution 1389 (2002)). </s>
	  <s n="102"> The Committee was informed, however, that this additional requirement would be absorbed taking into account the implementation of the approved budget for the Mission. </s>
	</p>
	<p n="51">
	  <s n="103"> The Advisory Committee reiterates its request that in future budget presentations a full disclosure be included of all mission income and expenditure under voluntary contributions, trust funds and other sources, by source of funds. </s>
	  <s n="104"> In addition, a further breakdown should be provided for “other income” by source of funds, for example: income from reimbursements for services rendered, miscellaneous income from cancellation of unliquidated obligations, income from private donation. </s>
	</p>
	<p n="52">
	  <s n="105"> Budget proposals for 2002/2003 </s>
	</p>
	<p n="53">
	  <s n="106"> As shown in annex II.A, the total estimated budgetary requirements for the period 2002/2003, as proposed by the Secretary-General in the reports for each peacekeeping operation submitted to the Advisory Committee, amount to $2,249.1 million. </s>
	</p>
	<p n="54">
	  <s n="107"> The Committee is of the view that, although progress has been made in basing the estimates on more realistic assumptions, taking account of performance experience in previous financial periods, more should be done to increase productivity and efficiency in operational activities such as procurement, transport, communications and air operations. </s>
	  <s n="108"> The Committee also believes that, in general, better budget monitoring, accounting and proper recording of expenditure is needed in peacekeeping operations. </s>
	  <s n="109"> Where appropriate, the Committee has made suggestions in the context of individual missions for further improvements in budget formulation and performance reporting, calling attention, as appropriate, to the corresponding findings and recommendations of the Board of Auditors. </s>
	  <s n="110"> In this connection, the Committee encourages the wider use of cost-benefit analysis to determine the most effective means of achieving operational objectives. </s>
	</p>
	<p n="55">
	  <s n="111"> Objective setting </s>
	</p>
	<p n="56">
	  <s n="112"> Attempts have been made to implement the decision of the General Assembly (resolution 55/220 C of 14 June 2001) in setting results-based objectives in the budgets of the peacekeeping operations for the period 2002/2003. </s>
	  <s n="113"> The Committee notes that the format used appears to be a replica of the format used in the regular budget. </s>
	  <s n="114"> The format needs to be improved considerably by projecting specific short- and long-term achievable results under the column “expected accomplishments”, by drawing up precise indicators of achievement and quantifying the outputs in terms of activities based on workload indicators. </s>
	  <s n="115"> Specific constraints, and/or preconditions, if any, should be projected under “external factors”. </s>
	  <s n="116"> Imprecise comments in the narrative form under these headings are of no value. </s>
	</p>
	<p n="57">
	  <s n="117"> Bearing in mind that each mission is different, emphasis should be on setting precise and specific objectives, and proceeding on the basis of what is practical and attainable. </s>
	  <s n="118"> These objectives should be integrated by service and programme, rather than in one separate section at the end. </s>
	  <s n="119"> The Committee stresses the importance of the involvement and participation of top management of the missions in the exercise of objective-setting. </s>
	  <s n="120"> The Committee intends to monitor progress in this regard as reported by the Secretary-General to the General Assembly in the financial performance reports of the missions. </s>
	</p>
	<p n="58">
	  <s n="121"> Financial commitment authority </s>
	</p>
	<p n="59">
	  <s n="122"> Since the adoption of General Assembly resolution 49/233 A, the Advisory Committee has on numerous occasions acted on the Secretary-General&apos;s requests to commit funds for peacekeeping operations. </s>
	  <s n="123"> The most recent examples are indicated in annex II.B. </s>
	  <s n="124"> In this connection, the Committee considered the report on the concept of strategic deployment stocks and its implementation (A/56/870), in which the Secretary-General requests additional financial commitment authority, and includes a proposal to amend resolution 49/233 A. </s>
	  <s n="125"> This request is based on the belief that present mechanisms are inadequate. </s>
	  <s n="126"> The Committee has concluded that the objectives sought in that report do not require amending resolution 49/233 A. </s>
	  <s n="127"> The comments and recommendations of the Committee are contained in its report (A/56/902). </s>
	</p>
	<p n="60">
	  <s n="128"> Status-of-forces agreements and memoranda of understanding </s>
	</p>
	<p n="61">
	  <s n="129"> On previous occasions the Advisory Committee has indicated that status-of-forces agreements and memoranda of understanding are essential instruments for defining the rights and obligations of the missions in the operational area (see, for example, A/55/874, para. </s>
	  <s n="130"> The Committee remains concerned about the fact that often the United Nations has been forced to start mission operations without these instruments in place. </s>
	  <s n="131"> The Committee recalls that the absence of agreements has often led to the United Nations incurring heavy expenditures in duties and taxes that could have been avoided. </s>
	</p>
	<p n="62">
	  <s n="132"> In the period under review, the Committee notes some progress in the signing of memoranda of understanding concerning contingent-owned equipment and the establishment of contingent-owned equipment units in missions. </s>
	  <s n="133"> The Committee regrets that no analysis has been produced, as recommended by the Committee (see A/55/874). </s>
	  <s n="134"> The Committee reiterates its request that a study be made of the process involved which would identify the elements that often account for delays in the timely conclusion of memoranda of understanding concerning contingent-owned equipment. </s>
	</p>
	<p n="63">
	  <s n="135"> On a related matter, the Advisory Committee had before it the report of the Secretary-General on instances for which the United Nations is entitled to restitution as a result of non-compliance with status-of-forces or other agreements (A/56/789). </s>
	  <s n="136"> The Committee notes that the total costs incurred by the United Nations as a result of non-compliance with status-of-forces or other agreements amount to $144,369,800 (see A/56/789, table 1). </s>
	  <s n="137"> Information on dates on which status-of-forces agreements have been signed is contained in annex III to the present report. </s>
	</p>
	<p n="64">
	  <s n="138"> In paragraph 7 of the report (A/56/789), it is indicated that the Secretariat has made efforts to obtain reimbursement from countries hosting peacekeeping operations for costs incurred owing to violations of status-of-forces or other agreements and that instances of non-compliance are regularly followed up by peacekeeping missions with the relevant authorities in the host countries, as well as by the Secretariat with the respective permanent missions of Member States in New York. </s>
	  <s n="139"> The Advisory Committee recommends that the General Assembly take note of the information contained in the report of the Secretary-General (A/56/789). </s>
	</p>
	<p n="65">
	  <s n="140"> Military personnel </s>
	</p>
	<p n="66">
	  <s n="141"> The Advisory Committee noted that in one mission the provision for military contingents included an amount for troop cost reimbursement for expenditures which were not obligated in the period ending 30 June 2001. </s>
	  <s n="142"> The Committee was informed of delays experienced in processing reports on troop movements and changes. </s>
	  <s n="143"> The Committee believes that the process should be simplified and that communication between troop contingents, the mission headquarters and United Nations Headquarters should be improved to ensure the timely and accurate transmission of information on troop strengths in the mission area. </s>
	</p>
	<p n="67">
	  <s n="144"> Contingent-owned equipment and self-sustainment </s>
	</p>
	<p n="68">
	  <s n="145"> In its previous report (A/55/878), the Advisory Committee requested the Board of Auditors to make a comprehensive assessment of all aspects of the implementation of the arrangements for contingent-owned equipment, preferably at selected missions. </s>
	  <s n="146"> The Committee notes that, as part of its audit for the financial period ended 30 June 2001, the Board reviewed the arrangements for contingent-owned equipment with specific focus on the memorandum of understanding, verification procedures and the certification and payment of claims submitted by the troop-contributing countries (see A/56/5, vol. II, chap. </s>
	  <s n="147"> II, paras. </s>
	</p>
	<p n="69">
	  <s n="148"> The Board informed the Committee that the overall impression is that performance is uneven. </s>
	  <s n="149"> Some missions are better at managing the system than others. </s>
	  <s n="150"> The inspection and verification process is the area where more resources are needed. </s>
	  <s n="151"> On the basis of the information provided by the Board and from the information contained in the performance and budget reports examined, the Advisory Committee concludes that the management of arrangements for contingent-owned equipment in the field and at Headquarters requires priority attention to remedy serious flaws in the system. </s>
	  <s n="152"> Particular emphasis should be placed upon pre-arrival and operational inspections. </s>
	  <s n="153"> Further consideration might also be given to improved arrangements for reimbursement, particularly with a view to assisting troop contributors from developing countries. </s>
	</p>
	<p n="70">
	  <s n="154"> As part of the verification procedures, the Advisory Committee recalls that there are four types of inspection. </s>
	  <s n="155"> A non-mandatory pre-arrival inspection and three mandatory inspections: arrival, operational and repatriation. </s>
	  <s n="156"> With the agreement of a troop-contributing country, pre-arrival inspections are carried out by a team approved by Headquarters to ensure not only that the equipment meets the requirements of the mission but also that no unnecessary equipment is deployed. </s>
	  <s n="157"> The Committee notes that, in one audited mission, a team of specialists could not be formed in time to conduct such inspections although inspection plans were made. </s>
	  <s n="158"> In a number of missions, the arrival inspection and monthly verification reports were prepared with considerable delays. </s>
	  <s n="159"> A shortage of properly qualified staff appears to be a contributing factor in the delay in preparing such reports. </s>
	</p>
	<p n="71">
	  <s n="160"> The Advisory Committee is of the view that, as long as the United Nations is involved in peacekeeping operations where military contingents are deployed, there will always be a need for inspection and verification expertise. </s>
	  <s n="161"> Currently, the United Nations relies in part on personnel provided by contingents. </s>
	  <s n="162"> These are available on a temporary basis before they are repatriated. </s>
	  <s n="163"> The Committee recommends that the Secretariat should establish a core capacity of United Nations staff to provide the required expertise. </s>
	</p>
	<p n="72">
	  <s n="164"> Mission factors </s>
	</p>
	<p n="73">
	  <s n="165"> The Advisory Committee notes that mission factors, which are intended to compensate countries contributing formed units for special operational conditions in the mission area, continue to be automatically included in budget estimates. </s>
	  <s n="166"> The Committee notes that these factors are not reviewed regularly to take account of changes in the mission area of operation. </s>
	  <s n="167"> The Committee requests that mission factors that apply to monthly reimbursable rates be carefully reviewed in all missions and, if warranted, adjusted in accordance with changes in the operational conditions in the mission area. </s>
	</p>
	<p n="74">
	  <s n="168"> Mission subsistence allowance </s>
	</p>
	<p n="75">
	  <s n="169"> Mission subsistence allowance is a daily allowance paid to United Nations military observers, civilian police and international civilian staff in peacekeeping, peacemaking or other special missions to cover long-term accommodation, food and miscellaneous expenses at the duty station. </s>
	  <s n="170"> Mission subsistence allowance payments constitute a significant portion of overall peacekeeping costs. </s>
	  <s n="171"> As shown in table 2, for the financial period 2000/2001, mission subsistence allowance represented 15.6 per cent, or $360.7 million, of the total expenditure of $2,307.9 million. </s>
	</p>
	<p n="76">
	  <s n="172"> The Advisory Committee recalls that the Office of Internal Oversight Services, in its report of 26 November 2001 (A/56/648), indicated that in a number of missions audited by the Office mission subsistence allowance rates were found to be excessive and should be reduced. </s>
	  <s n="173"> The Office of Internal Oversight Services also found that there was a need for more regular reviews of mission subsistence allowance rates by the Office of Human Resources Management and that consideration should be given to using daily subsistence allowance rates, established by the International Civil Service Commission for short-term travel to the same location, as benchmarks for establishing and adjusting mission subsistence allowance rates. </s>
	</p>
	<p n="77">
	  <s n="174"> Upon request, the Office of Human Resources Management informed the Committee that, in connection with the recommendations of the Office of Internal Oversight Services, field surveys had been conducted in a number of missions late in 2001 and early in 2002 and mission subsistence allowance rates adjusted accordingly. </s>
	  <s n="175"> The Office of Human Resources Management further informed the Committee that it had not been able to conduct more systematic monitoring, as recommended by the Office of Internal Oversight Services, because of very limited resources. </s>
	  <s n="176"> Additional resources have been requested for this purpose under the support account. </s>
	  <s n="177"> The Committee trusts that the Office of Human Resources Management will monitor mission subsistence allowance rates closely, conducting more frequent field surveys and reviewing the methodology and factors used to establish those rates. </s>
	</p>
	<p n="78">
	  <s n="178"> Table 2 Total expenditure for the period from 1 July 2000 to 30 June 2001 as compared with expenditures related to mission subsistence allowance (Thousands of United States dollars) </s>
	</p>
	<p n="79">
	  <s n="179"> a Excluding amounts for the support account for peacekeeping operations and UNLB. </s>
	</p>
	<p n="80">
	  <s n="180"> Civilian personnel matters </s>
	</p>
	<p n="81">
	  <s n="181"> The Advisory Committee has noted the tendency of some missions to establish separate units which would have little use except as a justification for high-level posts. </s>
	  <s n="182"> This has the potential for costly bureaucracy and coordination problems. </s>
	  <s n="183"> In various cases, the proposed functions for new units are too vague and appear not to be directly related to the substantive mandate of the missions and the requirements of the administrative support structure. </s>
	  <s n="184"> The generic structure in the standard cost manual should always be adjusted in accordance with the specific mission needs of each mission. </s>
	</p>
	<p n="82">
	  <s n="185"> In the opinion of the Advisory Committee, there appears to be a view that only increased post requirements can take care of increased workloads. </s>
	  <s n="186"> While it is acknowledged that creation, continuation and reclassification of posts upwards are important issues, consideration should also be accorded to reviewing existing posts in order to consider their abolition, redeployment or downward reclassification. </s>
	  <s n="187"> In this connection, the need to project time frames for completing specific tasks by programme managers is of paramount importance, and they should therefore be encouraged to monitor the tasks performed and those not performed. </s>
	  <s n="188"> Post and non-post requirements are, therefore, to be justified taking these factors fully into account. </s>
	</p>
	<p n="83">
	  <s n="189"> The Advisory Committee recommends that the size and composition of the administrative and support services establishment should be reviewed at an early stage in those missions that are in the process of downsizing, as a result of changes in their mandate, role or activities. </s>
	  <s n="190"> The Committee recommends that appropriate contingency plans be prepared in this regard on a timely basis for these missions. </s>
	</p>
	<p n="84">
	  <s n="191"> Annex IV contains information on budgeted and performance vacancy rates for international and local staff in missions for the period from 1 July 2000 to 30 June 2001. </s>
	  <s n="192"> The Advisory Committee notes that peacekeeping missions continue to experience a high level of vacancies, particularly in key administrative and management areas. </s>
	  <s n="193"> This has resulted in many cases not only in large under-expenditure of the related staff costs but in weaknesses in the delivery of related services such as monitoring of mission operations, property and inventory management, procurement and management of United Nations property in the field. </s>
	</p>
	<p n="85">
	  <s n="194"> In the individual reports of the Secretary-General and those of the Committee, the reasons for these vacancies have been given. </s>
	  <s n="195"> As in the previous period, the main contributing causes include contractual difficulties, the long and cumbersome recruitment and placement process in the United Nations, the security situation in some mission areas and, in a few instances, changes in mandates approved by the Security Council during the financial period. </s>
	  <s n="196"> The Advisory Committee was informed that, pursuant to General Assembly resolution 55/258 of 14 June 2001, the Office of Human Resources Management intends to address the issues related to the delegation of authority for human resources management to peacekeeping missions, in a report to be submitted to the General Assembly at its fifty-sixth session on the monitoring capacity of the Office of Human Resources Management. </s>
	</p>
	<p n="86">
	  <s n="197"> The Advisory Committee was further informed of steps being taken by the Secretariat to improve budget performance, including the granting of more autonomy to chief administrative officers to manage their budget, better budget monitoring and analysis and better management of non-expendable assets. </s>
	  <s n="198"> The Committee stresses the need to review the number and improve the quality of mission personnel handling procurement, budget, contract and financial matters. </s>
	  <s n="199"> The training programmes should include these as a priority area; furthermore, more attention should be given to retaining only properly qualified staff that has had experience in peacekeeping missions, including those with knowledge of recruitment, inventory management, accounting and budget preparation and implementation. </s>
	</p>
	<p n="87">
	  <s n="200"> The Advisory Committee has acknowledged that travel activities are an essential input for implementing mission mandates and that, very often, unforeseen political developments may lead to a sudden increase in travel needs (A/55/874, para. </s>
	  <s n="201"> For the period under review, the Committee continued to notice many instances where no adequate explanation or justification was given in the estimates for travel expenditure in areas such as management and administrative support, surveys and consultation for officials of missions and Headquarters. </s>
	  <s n="202"> The Committee reiterates its view that budget and performance reports should fully justify all travel plans and expenditures; furthermore, as previously indicated by the Committee, in the first instance more extensive use should be made wherever possible of modern communications techniques, including video conferencing, before additional travel expenditures are incurred. </s>
	</p>
	<p n="88">
	  <s n="203"> Resident auditors and investigators </s>
	</p>
	<p n="89">
	  <s n="204"> Resident auditors are staff from the Office of Internal Oversight Services that are being deployed to various peacekeeping missions (e.g., MONUC, UNAMSIL, UNMEE, UNMIBH, UNMIK and UNTAET). </s>
	  <s n="205"> At the request of the Advisory Committee (see A/55/828 and A/55/878), the Board of Auditors reviewed the adequacy of the resident audit service in peacekeeping missions. </s>
	  <s n="206"> The findings and recommendations of the Board are contained in its report (A/56/5, vol. II, chap. </s>
	  <s n="207"> II, paras. </s>
	  <s n="208"> The Committee also exchanged views with the Under-Secretary-General for Internal Oversight Services, who provided additional information, especially on his plans to increase coverage of resident auditors in those active missions where resident auditors are now installed, in active missions without resident auditors (such as Middle East missions) and in new missions. </s>
	  <s n="209"> The Committee was informed that proposals for these areas were under active consideration. </s>
	</p>
	<p n="90">
	  <s n="210"> The Committee welcomes the observations and recommendations of the Board of Auditors and requests the Board to continue, during its regular audits, to pay special attention to this issue, in particular to ascertaining the extent of implementation of its recommendation on the matter. </s>
	</p>
	<p n="91">
	  <s n="211"> The Committee, on the basis of all the information available, concludes that much needs to be done, both by the Office of Internal Oversight Services and by missions, to optimize the use of resident auditors. </s>
	  <s n="212"> In this connection, the Committee noted a lack of coordination between the Office of Internal Oversight Services, the rest of the Secretariat and missions in the planning and preparation of proposals for resident auditors. </s>
	  <s n="213"> The information given to the Committee about potential new requests should have been submitted in conjunction with peacekeeping budget estimates. </s>
	  <s n="214"> Accordingly, the Committee requests the Under-Secretary-General for Internal Oversight Services to ensure that future requests for posts and non-posts for current or proposed resident auditors are synchronized with the preparation of peacekeeping budgets. </s>
	  <s n="215"> Furthermore, the Office should ensure, as a matter of priority, that authorized posts are filled expeditiously. </s>
	  <s n="216"> The Committee also requests that standard operating procedures for resident auditors should be developed and disseminated widely to resident auditors. </s>
	</p>
	<p n="92">
	  <s n="217"> On the basis of its experience in reviewing peacekeeping budgets and from oral testimony, the Committee has concluded that clarity is needed on the important question of handling observations and reports of the resident auditors both in the missions and at Headquarters. </s>
	  <s n="218"> In the Committee&apos;s opinion, there is a need to ensure that the performance and integrity of resident auditors are not adversely affected by the opinions of those being audited. </s>
	  <s n="219"> As resident auditors are staff members of the Office of Internal Oversight Services, they must have confidence that they will at all times have the full backing of that Office and that their performance will ultimately depend on the assessment of the Office and not of the audited entities, whether in the Department of Peacekeeping Operations or in the mission area. </s>
	  <s n="220"> There should also be a system of rotation of resident auditors among missions and between missions and Headquarters. </s>
	  <s n="221"> The Committee emphasizes that the role of the resident auditors should not be compromised either by lack of support from Headquarters or by inadequate attention to the findings and recommendations of the auditors. </s>
	</p>
	<p n="93">
	  <s n="222"> The Committee was informed that resident auditors also perform advisory functions. </s>
	  <s n="223"> The Committee stresses that in the mission area the role of auditor and the financial and administrative functions are quite distinct. </s>
	  <s n="224"> The Committee therefore trusts that the Office of Internal Oversight Services and the missions will ensure at all times that any potential for a conflict of interest is minimized by a careful definition of the role of resident auditors in the standard operating procedures referred to above. </s>
	  <s n="225"> The Committee further stresses the importance of the presence of resident auditors during the liquidation process of missions. </s>
	</p>
	<p n="94">
	  <s n="226"> The Committee held a preliminary discussion with the Under-Secretary-General for Internal Oversight Services on the question of extending resident investigators in peacekeeping missions. </s>
	  <s n="227"> The Committee points out that currently there is no established criterion or formula for the establishment of resident investigators. </s>
	</p>
	<p n="95">
	  <s n="228"> The Advisory Committee is not fully convinced of the need to establish dedicated units for investigation in all peacekeeping missions. </s>
	  <s n="229"> The Committee believes that investigation should be done when a case arises and that investigation should be covered from Headquarters or on a regional basis, for example from Nairobi, for Africa. </s>
	</p>
	<p n="96">
	  <s n="230"> The Committee requests that, as he did with resident auditors, the Secretary-General prepare a report on the experience so far with resident investigators, including proposals and plans for the future for review by the Committee in the context of budgets for peacekeeping for the period starting 1 July 2003. </s>
	  <s n="231"> In that report, attention should be paid to the fact that investigation is by nature a reactive function and that the structure for this function need not be a mirror image of the function of resident auditors. </s>
	  <s n="232"> Furthermore, various options should be explored, including regional approaches in collaboration with other United Nations partners such as funds and programmes and specialized agencies that may be in the area of concern. </s>
	</p>
	<p n="97">
	  <s n="233"> Procurement and inventory management </s>
	</p>
	<p n="98">
	  <s n="234"> As it has done in the past (see, for example, A/53/895, A/53/940, A/54/841 and A/55/874), the Advisory Committee has commented on this subject in its reports on individual peacekeeping operations. </s>
	  <s n="235"> The Committee has stressed that procurement and inventory management are functions that account for large investment by the Organization, and that it is essential for all concerned to take steps to ensure that adequate qualified staff are assigned, trained and retained to perform these functions in field missions. </s>
	  <s n="236"> In its examination of performance and budget reports for this period, the Committee encountered persistent problems in the area of field procurement and inventory management (see also A/56/5, vol. II, chap. II, paras. </s>
	  <s n="237"> 20-28 and 186-188). </s>
	  <s n="238"> The Committee is not convinced that proper attention has been given at Headquarters and in the field to the issue of placing, retraining and retaining personnel in the area of procurement and inventory management. </s>
	</p>
	<p n="99">
	  <s n="239"> The Advisory Committee has recognized that increased delegation of authority to the field would contribute towards improving the efficiency and effectiveness of the procurement process if adequate capacity existed at the receiving end in the field to discharge procurement functions properly, as well as a mechanism at the central level to monitor those capacities (see A/55/874, para. </s>
	  <s n="240"> The Board of Auditors recommended that the Secretariat should selectively delegate increased authority to those missions that have demonstrated full compliance with the United Nations Regulations and Rules and other directives (A/56/5, vol. II, chap. </s>
	  <s n="241"> II, para. </s>
	</p>
	<p n="100">
	  <s n="242"> The Committee was informed that, in July 2001, the Under-Secretary-General for Peacekeeping Operations had addressed a letter to the Controller indicating the need to clarify and revise certain terms and conditions of the delegation of authority. </s>
	  <s n="243"> An interdepartmental working group (Department of Peacekeeping Operations and Department of Management, Office of Central Support Services) was set up to clarify certain practical and technical aspects of this matter and a draft was being finalized, as of April 2002, that would be submitted for consideration by the respective heads of Department. </s>
	</p>
	<p n="101">
	  <s n="244"> The Committee was also informed that initiatives had been taken, in close cooperation among the two offices involved in the issue of delegation of procurement authority, which included the training of relevant field personnel to improve and increase mission capability, ensuring the development and availability of procedural guidelines and accessibility to Intranet tools facilitating the functions to be performed, as well as annual meetings of procurement officers. </s>
	  <s n="245"> In the meantime, the Committee was informed that, of the 17 current peacekeeping missions, the following had received delegation of authority at the indicated levels: </s>
	</p>
	<p n="102">
	  <s n="246"> (a) $200,000: MONUC (14 September 1999), UNAMSIL (29 July 1998), UNLB (9 April 1998), UNMEE (22 August 2000), UNMIK (2 March 2000), UNTAET (14 May 1999); </s>
	</p>
	<p n="103">
	  <s n="247"> (b) $100,000: UNFICYP (28 March 1995), UNIFIL (28 March 1995); </s>
	</p>
	<p n="104">
	  <s n="248"> (c) $70,000: UNTSO (28 March 1995), MICAH (26 June 2000), MINURSO (28 March 1995), UNDOF (28 March 1995), UNOMIG (28 March 1995), UNIKOM (19 January 1996), UNMIBH (1 July 1996); </s>
	</p>
	<p n="105">
	  <s n="249"> (d) $40,000: UNMOGIP (1 July 1996). </s>
	</p>
	<p n="106">
	  <s n="250"> The Committee reiterates its view that any decision to delegate further procurement authority to missions must ultimately depend on ascertaining whether capacity exists in the mission to discharge delegated authority and whether adequate monitoring mechanisms have been set up at Headquarters. </s>
	  <s n="251"> That being the case, there may be room for delegation on a case-by-case basis. </s>
	</p>
	<p n="107">
	  <s n="252"> Information technology projects </s>
	</p>
	<p n="108">
	  <s n="253"> The Advisory Committee notes that substantial amounts of non-post resources are spent for improved communication networks and state-of-the-art computer software and hardware which are being widely provided. </s>
	  <s n="254"> This should not only result in efficiency but also enhance the possibility of reflecting lower requirements under travel budgets, general temporary assistance, and overtime and, to an extent, make possible the reduction or redeployment of posts. </s>
	</p>
	<p n="109">
	  <s n="255"> The Advisory Committee witnessed a number of presentations of various information technology projects developed and being developed for the administration and logistics of peacekeeping operations, often with the help of experts hired on a contractual basis. </s>
	  <s n="256"> These included the field assets control system, the field expendable supply system, a Web-based personnel recruitment system (Galaxy), an integrated procurement system (Mercury), an electronic storage, tracking and archival retrieval system (E-STARS) and an IMIS Web-based prototype for peacekeeping missions. </s>
	  <s n="257"> The Committee welcomes these developments. </s>
	  <s n="258"> The Committee&apos;s review of peacekeeping operations has further clearly indicated the need for modern information technology for the management of peacekeeping operations. </s>
	  <s n="259"> On the basis of testimony of representatives of the Secretary-General, however, the Committee requests that a review be made of the many databases that have been or are being developed, with a view to ensuring that they are compatible and interactive and that they can be used with optimal effectiveness. </s>
	</p>
	<p n="110">
	  <s n="260"> The Advisory Committee notes from the report of the Board of Auditors that the full potential of systems such as the field assets control system is not being realized. </s>
	  <s n="261"> The audit findings indicate that the value of $695.7 million may be incorrectly stated in the financial statements for the year ended 30 June 2001 since the underlying value of non-expendable equipment is based on information recorded on the field assets control system (see A/56/5, vol. II, chap. </s>
	  <s n="262"> II, paras. </s>
	  <s n="263"> Upon enquiry, the Committee was informed that the problem pointed out by the Board was related to inadequate monitoring of inventory movements by the responsible staff, and not related to technical problems of the control system as such. </s>
	  <s n="264"> On another matter, in response to its request, the Committee received information on the cost of maintaining a 24-hour help line; that information may be found in annex V. </s>
	</p>
	<p n="111">
	  <s n="265"> Air operations </s>
	</p>
	<p n="112">
	  <s n="266"> The Committee has noted that expenditure on operational activities has been growing rapidly. </s>
	  <s n="267"> Air operations have become a major component of this category of expenditure. </s>
	  <s n="268"> Many missions include in their estimates provisions for air operations to cover the cost of aircraft (helicopters and fixed-wing aircraft), normally under long-term commercial and/or letter-of-assist arrangements. </s>
	  <s n="269"> The criteria used to determine arrangements for procuring aircraft services are not always clearly stated in the reports. </s>
	  <s n="270"> Moreover, the Advisory Committee has requested that full explanations should be given in the budget document when the structure of air operations changes. </s>
	  <s n="271"> Although the Committee notes that some brief notation has been made in the annexes to the budget reports, under standard and mission-specific costs, in many instances no satisfactory explanations are given for changes in the number and type of aircraft, or for the installation of hi-tech equipment. </s>
	  <s n="272"> Moreover, the Committee believes that information on the use of air assets should be more up to date. </s>
	  <s n="273"> The Committee requests that, in future performance and budget reports, these concerns should be addressed, including provision of information in tabular form on passenger and cargo use, both budgeted and non-budgeted. </s>
	</p>
	<p n="113">
	  <s n="274"> In determining air assets for a mission, full account should be taken of the availability of commercial alternatives, either through charter or, as in the case of UNOMIG, regularly scheduled commercial flights. </s>
	  <s n="275"> In addition, where applicable, for example, in MONUC, there should be a concerted effort to develop an integrated plan for the use of air and ground transport in an effective and cost-efficient manner. </s>
	  <s n="276"> This might imply strategic investment in the rehabilitation of ground transport in a way that would reduce the considerable resources devoted to air operations. </s>
	  <s n="277"> Every effort should also be made to benefit from facilities made available through cooperation among missions as has been done with the allocation of heavy lift aircraft assigned to MONUC (see A/56/887/Add.10 and 11). </s>
	  <s n="278"> This should be appropriately reflected in the relevant budgets. </s>
	</p>
	<p n="114">
	  <s n="279"> The Advisory Committee reiterates its view of the need to install an effective and adequate mission capacity to manage and monitor the use of air assets; furthermore, arrangements should be in place to ensure appropriate and timely reimbursement for air support services provided by missions to other partners in the mission area (see A/55/941, para. </s>
	  <s n="280"> In this respect, the Committee emphasizes that use of mission aircraft should be limited to official purposes, and that any deviation should, without exception, require appropriate reimbursement. </s>
	</p>
	<p n="115">
	  <s n="281"> The Advisory Committee also questions the justification for automatically including an estimate of expenditure for positioning/depositioning of aircraft in mission budgets (e.g., UNOMIG), given the fact that aircraft used by missions are not replaced annually. </s>
	  <s n="282"> The Committee requests that a factor for non-replacement of aircraft should be taken into account during preparation of budget estimates. </s>
	</p>
	<p n="116">
	  <s n="283"> A requirement for a medical-evacuation facility should not be used as a justification for the maintenance of expensive and underutilized air assets. </s>
	  <s n="284"> During the hearings the Committee was made aware of at least one case where a commercial medical-evacuation facility might be available. </s>
	  <s n="285"> The Committee recommends an urgent review of medical-evacuation facilities which might be available, either on a commercial basis or through a standby arrangement with a Member State. </s>
	</p>
	<p n="117">
	  <s n="286"> Vehicles </s>
	</p>
	<p n="118">
	  <s n="287"> The Advisory Committee enquired about the procurement and installation of and expenditure on a Carlog system that has been implemented in a number of peacekeeping missions and the effect that it has had on the monitoring of vehicles. </s>
	  <s n="288"> The purpose of the system is to provide data related to the use of the vehicle fleet (e.g., distances travelled, speed, driver identification and engine parameters) and facilitate proper maintenance. </s>
	  <s n="289"> The system may also reduce the opportunity for fraud and vehicle theft. </s>
	  <s n="290"> In addition, the Committee was informed that fuel trucks and fuel pumps have been equipped with fuel log systems, equipped with fuel sensor coils, allowing the missions to track down all fuel dispensed to vehicles. </s>
	  <s n="291"> On the basis of the cost information provided on the Carlog system, the Committee is not convinced that the expense of procurement, installation and maintenance of the system in peacekeeping missions is cost-effective. </s>
	  <s n="292"> The Committee was informed that, as a viable alternative to the Carlog system, the Department of Peacekeeping Operations is exploring the possibility of using a mobile assets locator tracking system (MALTS) based on global positioning system (GPS) technology. </s>
	  <s n="293"> The Committee cautions against what appears to be a growing tendency to procure sophisticated technology for peacekeeping operations that is in excess of the actual needs of the missions, and believes that the introduction of such technology should be preceded by a cost-benefit analysis. </s>
	</p>
	<p n="119">
	  <s n="294"> The Advisory Committee has commented in previous reports on the issue of ratios used in peacekeeping operations, including the ratio of vehicles to international staff (see, for example, A/56/621, para. </s>
	  <s n="295"> The Committee observes that information on fleet vehicles in the proposed budgets for a number of missions does not allow a clear understanding of whether the number of vehicles in the missions is in line with the standard ratios in the Standard Cost Manual. </s>
	</p>
	<p n="120">
	  <s n="296"> Missions in liquidation </s>
	</p>
	<p n="121">
	  <s n="297"> The Board of Auditors has identified once again weaknesses in the control, filing, tracking and archiving of documentation of missions in liquidation. </s>
	  <s n="298"> The problem appears to be acute where older missions are concerned (A/56/5, vol. II, chap. </s>
	  <s n="299"> II, paras. </s>
	  <s n="300"> The Advisory Committee remains concerned about the length of the time taken to liquidate missions and the persistent weaknesses in the capacity of the Secretariat to handle liquidation and other related tasks at Headquarters and in the field in a timely manner. </s>
	  <s n="301"> In this regard, the Committee requested information on the time required to liquidate missions (see para. </s>
	  <s n="302"> 79 below). </s>
	  <s n="303"> The Committee has stressed the need to retain experienced personnel in various phases of mission liquidation and to place them where they are needed, rather than to recruit inexperienced temporary staff. </s>
	  <s n="304"> It is also important to maintain up-to-date inventory, accounting, and bank reconciliation systems throughout the mission so that those who deal with mission liquidation will be working with an up-to-date and accurate base of information. </s>
	  <s n="305"> The Committee recommends that a roster be maintained of personnel who are properly qualified and experienced in mission liquidation, so that the Organization will continue to have recourse to their expertise and experience (see also A/55/874, para. </s>
	</p>
	<p n="122">
	  <s n="306"> Public information programmes </s>
	</p>
	<p n="123">
	  <s n="307"> The Advisory Committee has indicated in the past that public information programmes in peacekeeping operations must be carefully identified and implemented on the basis of objectives tailored to the specific needs of the mission concerned. </s>
	  <s n="308"> The Committee is not convinced that these programmes are always adequately justified in the budget estimates. </s>
	  <s n="309"> The Committee believes that more efforts should be made to produce radio and other information programmes directly by the missions, thereby reducing the need for contractual services. </s>
	  <s n="310"> The Committee recommends that the division between the Department of Peacekeeping Operations and the Department of Public Information of responsibility for overall policy and the guidance provided to field missions in this area should be reviewed and clarified with a view to developing a more professional, focused and consistent approach. </s>
	</p>
	<p n="124">
	  <s n="311"> Quick-impact projects </s>
	</p>
	<p n="125">
	  <s n="312"> The Advisory Committee recalls that the provision for quick-impact projects is intended to provide a flexible disbursement option for addressing immediate and short-term needs in the mission area and that guidelines on the administration of quick-impact projects have been drawn (see A/55/874, para. </s>
	  <s n="313"> 56, and A/55/688/Add.1, annex II). </s>
	  <s n="314"> The Committee welcomes the information provided on quick-impact projects in the performance reports. </s>
	  <s n="315"> The Committee noted the establishment of a separate unit for quick-impact projects in one mission. </s>
	  <s n="316"> The Committee is concerned that the establishment, at this time, of separate units to administer quick-impact projects could undermine the flexibility required in this area through the creation of cumbersome and protracted procedures in dealing with activities which require speed and efficiency. </s>
	  <s n="317"> The Committee requests the Secretary-General to explore alternate options, including the use of existing military or civilian units, for the implementation of quick-impact projects. </s>
	</p>
	<p n="126">
	  <s n="318"> Training </s>
	</p>
	<p n="127">
	  <s n="319"> The Advisory Committee reiterates its view that there is a need for better planning for training of personnel in the mission area and that the subjects covered in the training programmes and their costs should be more clearly stated in the performance and budget reports (A/55/874, para. </s>
	  <s n="320"> The Committee stresses that training activities should be tailored towards fulfilling the mandate of the mission. </s>
	  <s n="321"> Training plans and programmes should be carefully designed to address critical risk areas of the missions; furthermore, to the extent possible, more effort should be made to train trainers for some of the services of the mission. </s>
	  <s n="322"> This would obviate the need to train relatively large numbers of personnel outside the mission area. </s>
	  <s n="323"> The Committee remains concerned about what appears to be unwarranted overexpenditure in training activities in some missions even in cases where the mission should begin to plan to downsize and where the number of staff to be trained appears to be high in relation to the number of established posts in the mission. </s>
	</p>
	<p n="128">
	  <s n="324"> Upon request, the Advisory Committee was informed that resources made available for training programmes for all missions amounted to $2,812,600 for the period from 1 July 2001 to 30 June 2002. </s>
	  <s n="325"> For 2002/2003, initial estimates amount to $3,377,300 (see annex VI.A to the present report). </s>
	  <s n="326"> The number of personnel trained and to be trained for the periods 2000/2001, 2001/2002 and 2002/2003 is shown in annex VI.B. </s>
	  <s n="327"> In addition, the Committee notes that, under the support account, a provision of $694,500 has been requested for the Civilian Training Section of the Department of Peacekeeping Operations for the development and delivery of training programmes, both at Headquarters and in the missions (see A/56/885). </s>
	</p>
	<p n="129">
	  <s n="328"> Performance reports of closed missions </s>
	</p>
	<p n="130">
	  <s n="329"> The Advisory Committee has considered the reports of the Secretary-General on the financial performance of the following closed missions: the United Nations Protection Force (UNPROFOR), the United Nations Confidence Restoration Operation in Croatia (UNCRO), the United Nations Preventive Deployment Force (UNPREDEP) and the United Nations Peace Forces headquarters (A/56/852); the United Nations Transitional Administration for Eastern Slavonia, Baranja and Western Sirmium (UNTAES) and the Civilian Police Support Group (A/56/844); the United Nations Deployment Force (UNPREDEP) (A/56/842); the United Nations Mission in Haiti (UNMIH) (A/56/851); and the United Nations Support Mission in Haiti (UNSMIH), the United Nations Transition Mission in Haiti (UNTMIH) and the United Nations Civilian Police Mission in Haiti (MIPONUH) (A/56/841). </s>
	</p>
	<p n="131">
	  <s n="330"> As summarized in annex VII to this report, the performance reports contain information on total appropriations, unencumbered balance of appropriations, cash position and proposed disposition of cash balances. </s>
	</p>
	<p n="132">
	  <s n="331"> Upon enquiry, the Advisory Committee was informed that all liquidation activities, including the disposal of assets, have been carried out. </s>
	</p>
	<p n="133">
	  <s n="332"> The Advisory Committee notes that the period between the end of mandates of closed missions and the dates of the final performance reports is long (see annex VIII). </s>
	  <s n="333"> For example, it took more than five years in the case of UNMIH, four years with respect to the United Nations Peace Forces, UNTAES/Civilian Police Support Group and UNPREDEP and two years in the case of UNSMIH/UNTMIH/MIPONUH. </s>
	</p>
	<p n="134">
	  <s n="334"> With regard to the cash position of the United Nations Peace Forces (A/56/852), the Advisory Committee was informed that, as a result of payment of arrears by some Member States and the decrease in liabilities due to cancellation of some obligations, the cash position changed from an operating deficit of $305 million, as at 31 December 2000, to a surplus of $133 million as at 31 December 2001. </s>
	  <s n="335"> However, the cash surplus of $133 million is less than the unencumbered balance of appropriations, which amounts to $196.4 million. </s>
	</p>
	<p n="135">
	  <s n="336"> Upon enquiry, the Advisory Committee was informed that the amount of $4,000,200 gross ($3,978,900 net) shown in the performance report (A/56/841, table 4) is not a cash balance but the difference between the total amount appropriated over the life of UNSMIH, UNTMIH and MIPONUH, less total expenditures, and the unencumbered balances that have already been credited to Member States. </s>
	  <s n="337"> On the other hand, table 5 in the same report shows that, as at 31 December 2001, the missions&apos; outstanding liabilities exceeded the cash holdings by $8.7 million. </s>
	  <s n="338"> Therefore, there are no cash resources available to credit Member States of the amount of $4,000,200 gross ($3,978,900 net). </s>
	</p>
	<p n="136">
	  <s n="339"> With regard to the actions to be taken by the General Assembly, the Advisory Committee recommends acceptance of the proposals of the Secretary-General contained in the following report: A/56/852 (para. </s>
	  <s n="340"> 10 (b) and (c)); A/56/844 (para. </s>
	  <s n="341"> 1); A/56/842 (para. </s>
	  <s n="342"> 1 (a), (b) and (c)); A/56/851 (para. </s>
	  <s n="343"> 1 (a) and (b)); and A/56/841 (para. </s>
	</p>
	<p n="137">
	  <s n="344"> In connection with the proposal of the Secretary-General (A/56/852, para. </s>
	  <s n="345"> 10 (a); A/56/844, para. </s>
	  <s n="346"> 1; and A/56/842, para. </s>
	  <s n="347"> 1 (d)) to apply fund balances of $125,644,300 in the United Nations Peace Forces, $35,799,000 in UNTAES and the Civilian Police Support Group and $18,213,000 in UNPREDEP to the resources required for the financing of the strategic deployment stocks, in the view of the Advisory Committee, the General Assembly may wish to take into account the funding arrangements set out in paragraph (f) of General Assembly resolution 47/217 of 23 December 1992 relating to the establishment of the Peacekeeping Reserve Fund. </s>
	</p>
	<p n="138">
	  <s n="348"> Annex I </s>
	</p>
	<p n="139">
	  <s n="349"> Financial performance of peacekeeping missions for the period from 1 July 2000 to 30 June 2001a </s>
	</p>
	<p n="140">
	  <s n="350"> (Thousands of United States dollars) </s>
	</p>
	<p n="141">
	  <s n="351"> a Figures are shown in gross amounts and exclude amounts for the support account for peacekeeping operations and UNLB. </s>
	</p>
	<p n="142">
	  <s n="352"> Comparison of apportionment and unencumbered balance inclusive and exclusive of the support account for peacekeeping operations and UNLB for the period from 1 July 2000 to 30 June 2001 </s>
	</p>
	<p n="143">
	  <s n="353"> (Thousands of United States dollars) </s>
	</p>
	<p n="144">
	  <s n="354"> a Initially only commitment authority was approved for these missions in June 2000. </s>
	  <s n="355"> They were therefore not included in the pro rata distribution of the cost of UNLB and the support account. </s>
	</p>
	<p n="145">
	  <s n="356"> b Mission established after the General Assembly had approved the pro rata distribution of the cost of UNLB and the support account for 2000/2001. </s>
	  <s n="357"> The provision for the support account, approved in December 2000, relates to the initial implementation of the report of the Panel on United Nations Peace Operations. </s>
	</p>
	<p n="146">
	  <s n="358"> C. Supplementary information on the financial and budgetary reports of peacekeeping missions for the period from 1 July 2000 to 30 June 2001 as at 31 December 2001 </s>
	</p>
	<p n="147">
	  <s n="359"> Status of contributions </s>
	</p>
	<p n="148">
	  <s n="360"> (United States dollars) </s>
	</p>
	<p n="149">
	  <s n="361"> a Unliquidated obligations as at 15 February 2002. </s>
	</p>
	<p n="150">
	  <s n="362"> b Amount outstanding as at 31 January 2002. </s>
	</p>
	<p n="151">
	  <s n="363"> c Status of contributions for the period from 16 June 1993 to 31 December 2001. </s>
	</p>
	<p n="152">
	  <s n="364"> Status of reimbursement to troop-contributing Member States </s>
	</p>
	<p n="153">
	  <s n="365"> (United States dollars) </s>
	</p>
	<p n="154">
	  <s n="366"> a Reflects reimbursements to 31 August 2001 and amounts owed at 31 December 2001 for September-December 2001. </s>
	</p>
	<p n="155">
	  <s n="367"> b Amounts are cumulative from inception of each mission. </s>
	</p>
	<p n="156">
	  <s n="368"> c Certified claims in accounts payable are included in estimated amounts owed. </s>
	</p>
	<p n="157">
	  <s n="369"> d Amount paid for troop costs since March 1995. </s>
	</p>
	<p n="158">
	  <s n="370"> e Missions without military component. </s>
	</p>
	<p n="159">
	  <s n="371"> f Death and disability compensation data have not yet been compiled. </s>
	</p>
	<p n="160">
	  <s n="372"> Annex II </s>
	</p>
	<p n="161">
	  <s n="373"> Estimated gross budgetary requirements proposed by the Secretary-General for each peacekeeping operation for the period from 1 July 2002 to 30 June 2003a </s>
	</p>
	<p n="162">
	  <s n="374"> (Thousands of United States dollars) </s>
	</p>
	<p n="163">
	  <s n="375"> a Excludes MINURSO and the follow-on mission in East Timor. </s>
	</p>
	<p n="164">
	  <s n="376"> Commitment authorities approved by the Advisory Committee under General Assembly resolution 49/233 A </s>
	</p>
	<p n="165">
	  <s n="377"> Annex III </s>
	</p>
	<p n="166">
	  <s n="378"> Status-of-forces and status-of-mission agreements </s>
	</p>
	<p n="167">
	  <s n="379"> Annex IV </s>
	</p>
	<p n="168">
	  <s n="380"> Vacancy rates of peacekeeping operations for the period from 1 July 2000 to 30 June 2001 </s>
	</p>
	<p n="169">
	  <s n="381"> (Percentage) </s>
	</p>
	<p n="170">
	  <s n="382"> Annex V </s>
	</p>
	<p n="171">
	  <s n="383"> Comparison of service level A of the Information Technology Services Division with costs in a typical field mission for similar services </s>
	</p>
	<p n="172">
	  <s n="384"> The cost of support by the Information Technology Services Division (ITSD) for computers and peripherals appears in the support account budget at a standard cost of $1,200 per desktop per annum. </s>
	</p>
	<p n="173">
	  <s n="385"> The Committee had requested that a comparison of this amount with the cost in a field mission for similar services be made. </s>
	  <s n="386"> UNMIK has an infrastructure similar to that found at Headquarters, and is thus used for comparison. </s>
	</p>
	<p n="174">
	  <s n="387"> Comparison of itemized service deliverables </s>
	</p>
	<p n="175">
	  <s n="388"> a Communications and Information Technology Service. </s>
	</p>
	<p n="176">
	  <s n="389"> Annex VI </s>
	</p>
	<p n="177">
	  <s n="390"> Resources made available for training programmes for the period from 1 July 2001 to 30 June 2002 and proposed for the period from 1 July 2002 to 30 June 2003a </s>
	</p>
	<p n="178">
	  <s n="391"> (United States dollars) </s>
	</p>
	<p n="179">
	  <s n="392"> a Excludes MINURSO and the follow-on mission in East Timor for 2002/2003. </s>
	</p>
	<p n="180">
	  <s n="393"> Information on training activities during the fiscal periods 2000/2001, 2001/2002 and 2002/2003 </s>
	</p>
	<p n="181">
	  <s n="394"> a Initial estimate based on budget submission from the Department of Peacekeeping Operations. </s>
	</p>
	<p n="182">
	  <s n="395"> Annex VII </s>
	</p>
	<p n="183">
	  <s n="396"> Final performance of closed missions </s>
	</p>
	<p n="184">
	  <s n="397"> a Inclusive of prior period adjustments and savings on or cancellation of prior period obligations. </s>
	</p>
	<p n="185">
	  <s n="398"> Annex VIII </s>
	</p>
	<p n="186">
	  <s n="399"> Time elapsed between end of mandate and issuance of final performance report </s>
	</p>
	<p n="187">
	  <s n="400"> a Field liquidation ended 30 June 1997. </s>
	</p>
	</body>
</text>
</DOC>