<?xml version="1.0" encoding="UTF-8"?>
<DOC lang="English" n="N0166129" id="A/C.2/56/7" date="2001/11/27">
<text>
	<body>
	<p n="1">
	  <s n="1"> Fifty-sixth session </s>
	</p>
	<p n="2">
	  <s n="2"> Second Committee </s>
	</p>
	<p n="3">
	  <s n="3"> Agenda item 107 </s>
	</p>
	<p n="4">
	  <s n="4"> High-level international intergovernmental consideration of financing for development </s>
	</p>
	<p n="5">
	  <s n="5"> Letter dated 19 November 2001 from the Permanent Representative of Qatar to the United Nations addressed to the Secretary-General </s>
	</p>
	<p n="6">
	  <s n="6"> On the instructions of my Government, I have the honour to transmit to you herewith the Ministerial Declaration of the Fourth Ministerial Conference of the World Trade Organization, held at Doha from 9 to 13 November 2001 (see annex). </s>
	</p>
	<p n="7">
	  <s n="7"> I should be grateful if you would have this letter and its annex circulated as a document of the General Assembly, under agenda item 107. </s>
	</p>
	<p n="8">
	  <s n="8"> (Signed) Nassir Abdulaziz Al-Nasser Ambassador Permanent Representative </s>
	</p>
	<p n="9">
	  <s n="9"> Pages 2 to end (page 11) prepared for offset reproduction </s>
	</p>
	</body>
</text>
</DOC>