<?xml version="1.0" encoding="UTF-8"?>
<DOC lang="English" n="V0653909" id="A/CN.9/595" date="2006/05/08">
<text>
	<body>
	<p n="1">
	  <s n="1"> Report of Working Group I (Procurement) on the work of its ninth session </s>
	</p>
	<p n="2">
	  <s n="2"> (New York, 24-28 April 2006) </s>
	</p>
	<p n="3">
	  <s n="3"> Contents </s>
	</p>
	<p n="4">
	  <s n="4"> Introduction </s>
	</p>
	<p n="5">
	  <s n="5"> At its thirty-seventh session, in 2004, the United Nations Commission on International Trade Law (the “Commission”) entrusted the drafting of proposals for the revision of the 1994 UNCITRAL Model Law on Procurement of Goods, Construction and Services (the “Model Law”, A/49/17 and Corr.1, annex I) to its Working Group I (Procurement). </s>
	  <s n="6"> The Working Group was given a flexible mandate to identify the issues to be addressed in its considerations, including providing for new practices in public procurement, in particular those that resulted from the use of electronic communications (A/59/17, para. </s>
	  <s n="7"> The Working Group began its work at its sixth session (Vienna, 30 August 3 - September 2004) (A/CN.9/568). </s>
	  <s n="8"> For the reports of the Working Group on the work of its sixth to eighth sessions, see A/CN.9/568, A/CN.9/575 and A/CN.9/590. </s>
	  <s n="9"> At its thirty-eighth session, in 2005, the Commission commended the Working Group for the progress made in its work and reaffirmed its support for the review being undertaken and for the inclusion of novel procurement practices in the Model Law (A/60/17, para. </s>
	</p>
	<p n="6">
	  <s n="10"> Organization of the session </s>
	</p>
	<p n="7">
	  <s n="11"> The Working Group, which was composed of all States members of the Commission, held its ninth session in New York from 24 to 28 April 2006. </s>
	  <s n="12"> The session was attended by representatives of the following States members of the Working Group: Algeria, Austria, Belarus, Cameroon, Canada, Chile, China, Colombia, Czech Republic, France, Germany, Guatemala, Iran (Islamic Republic of), Jordan, Kenya, Lithuania, Madagascar, Mexico, Pakistan, Qatar, Republic of Korea, Russian Federation, Singapore, Spain, Sri Lanka, Sweden, Thailand, Tunisia, Turkey, Uganda, United States of America and Uruguay. </s>
	  <s n="13"> The session was attended by observers from the following States: Bolivia, Cape Verde, Democratic Republic of the Congo, El Salvador, Indonesia, Mali and the Philippines. </s>
	  <s n="14"> The session was also attended by observers from the following international organizations: </s>
	</p>
	<p n="8">
	  <s n="15"> (a) United Nations system: United Nations Secretariat and the World Bank; </s>
	</p>
	<p n="9">
	  <s n="16"> (b) Intergovernmental organizations: African Development Bank (AfDB), Economic Community of West African States (ECOWAS), European Commission, European Space Agency (ESA), Inter-American Development Bank (IADB), and World Trade Organization (WTO); </s>
	</p>
	<p n="10">
	  <s n="17"> (c) International non-governmental organizations invited by the Commission: International Bar Association (IBA), International Law Institute (ILI) and the European Law Students&apos; Association (ELSA). </s>
	</p>
	<p n="11">
	  <s n="18"> The Working Group elected the following officers: </s>
	</p>
	<p n="12">
	  <s n="19"> Chairman: Mr. Stephen R. KARANGIZI (Uganda) </s>
	</p>
	<p n="13">
	  <s n="20"> Rapporteur: Mr. Gonzalo SUÁREZ BELTRÁN (Colombia). </s>
	</p>
	<p n="14">
	  <s n="21"> The Working Group had before it the following documents: </s>
	</p>
	<p n="15">
	  <s n="22"> (a) Annotated provisional agenda (A/CN.9/WG.I/WP.41); </s>
	</p>
	<p n="16">
	  <s n="23"> (b) A note concerning the use of electronic communications and publication in the procurement process (A/CN.9/WG.I/WP.42 and Add.1); </s>
	</p>
	<p n="17">
	  <s n="24"> (c) A note concerning electronic reverse auctions and abnormally low tenders (A/CN.9/WG.I/WP.43 and Add.1); </s>
	</p>
	<p n="18">
	  <s n="25"> (d) A comparative study of framework agreements (A/CN.9/WG.I/WP.44 and Add.1); and </s>
	</p>
	<p n="19">
	  <s n="26"> (e) A note concerning suppliers&apos; lists (A/CN.9/WG.I/WP.45 and Add.1). </s>
	</p>
	<p n="20">
	  <s n="27"> The Working Group adopted the following agenda: </s>
	</p>
	<p n="21">
	  <s n="28"> Opening of the session. </s>
	</p>
	<p n="22">
	  <s n="29"> Election of officers. </s>
	</p>
	<p n="23">
	  <s n="30"> Adoption of the agenda. </s>
	</p>
	<p n="24">
	  <s n="31"> Consideration of proposals for the revision of the UNCITRAL Model Law on Procurement of Goods, Construction and Services. </s>
	</p>
	<p n="25">
	  <s n="32"> Other business. </s>
	</p>
	<p n="26">
	  <s n="33"> Adoption of the report of the Working Group. </s>
	</p>
	<p n="27">
	  <s n="34"> Deliberations and decisions </s>
	</p>
	<p n="28">
	  <s n="35"> At its ninth session, the Working Group continued its work on the elaboration of proposals for the revision of the Model Law. </s>
	  <s n="36"> The Working Group used the notes by the Secretariat A/CN.9/WG.I/WP.42 and Add.1, and A/CN.9/WG.I/WP.43 as a basis for its deliberations. </s>
	  <s n="37"> Consideration of the remainder of A/CN.9/WG.I/WP.43, A/CN.9/WG.I/WP.43/Add.1, and A/CN.9/WG.I/WP.44 and A/CN.9/WG.I/45 and their addenda was deferred to the Working Group&apos;s next session. </s>
	  <s n="38"> On Friday morning, the Secretariat summarized its understanding of the revisions that the Working Group requested to be made to the drafting materials for the Model Law and the Guide, on the use of electronic means of communications in procurement process and on electronic reverse auctions, reflecting the deliberations at the current session. </s>
	  <s n="39"> The Working Group also heard a summary of the remaining topics on its agenda (listed in A/60/17, para. </s>
	  <s n="40"> 171) and information on the work of other regional and international organizations in the field of public procurement. </s>
	  <s n="41"> The Working Group noted that the United Nations Convention against Corruption had recently entered into force and that although the main elements of its provisions addressing procurement were consistent with those of the Model Law, its requirements for domestic review provisions and those addressing conflicts of interest went beyond the current provisions of the Model Law, and might warrant the further attention of the Working Group in due course. </s>
	</p>
	<p n="29">
	  <s n="42"> Consideration of proposals for the revision of the UNCITRAL Model Law on Procurement of Goods, Construction and Services </s>
	</p>
	<p n="30">
	  <s n="43"> The use of electronic communications in procurement (A/CN.9/WG.I/WP.42 and Add.1) </s>
	</p>
	<p n="31">
	  <s n="44"> Functional equivalence of all methods of communicating, publishing, exchanging or storing information or documents (A/CN.9/WG.I/WP.42, paras. </s>
	  <s n="45"> 7-16, and A/CN.9/WG.I/WP.42/Add.1, paras. </s>
	  <s n="46"> 1 and 2) </s>
	</p>
	<p n="32">
	  <s n="47"> Article 4 bis </s>
	</p>
	<p n="33">
	  <s n="48"> A number of drafting suggestions were made to the proposed new text of article 4 bis: (i) to use the term “means of communication” instead of “methods of communication”, so as to avoid confusion as the term “methods” was already used in the Model Law and the Guide in the context of procurement methods, and so as to conform with the text in the Model Law on Electronic Commerce; (ii) to delete the text in square brackets, except for the cross-reference; (iii) to move an illustrative list of examples of “electronic, optical or comparable means” of communication to the Guide to Enactment and to remove obsolete references; (iv) to delete the words “comparable means” as being undefined but to keep the examples listed in the text of the Model Law; (v) to end the article with “comply with article 4 [ter]”; (vi) to add the word “communicating” after the words “related to” and a reference to “data message”; and (vii) to replace the word “include” in the second pair of square brackets with “such as”. </s>
	  <s n="49"> The Working Group noted that the adoption of some of the above suggestions would result in the text that would deviate from equivalent provisions in the recently adopted United Nations Convention on Electronic Contracting and other UNCITRAL texts. </s>
	  <s n="50"> Nevertheless, it was agreed that making some of the suggested changes would simplify and streamline the text for the specific purposes of the Model Law, and that the Guide would explain that the provision was to the same effect as other UNCITRAL texts. </s>
	  <s n="51"> The Working Group agreed with some of the proposed suggestions and decided that the article should be amended as follows: </s>
	</p>
	<p n="34">
	  <s n="52"> “Article 4 bis. </s>
	  <s n="53"> Functional equivalence of all [means][methods] of communicating, publishing, exchanging or storing information or documents </s>
	</p>
	<p n="35">
	  <s n="54"> “Any provision of this Law related to communicating, to writing, to publication of information, to the submission of tenders in a sealed envelope, to the opening of tenders, to a record or to a meeting shall be interpreted to incorporate [any means of such activity, including], include electronic, optical or comparable means [by which such activities take place], [including, but not limited to,] electronic data interchange (EDI), electronic mail, telegram, telex or telecopy], provided that the means chosen complies with the [provisions of/accessibility standards set out in] article [4 ter].” </s>
	</p>
	<p n="36">
	  <s n="55"> It was agreed that the Guide would contain an illustrative list of examples of “electronic, optical or comparable” means deleted from the text of the article, which would be updated, especially as regards references to telex and telegram. </s>
	  <s n="56"> On the other hand, it was pointed out that which means of communication were obsolete would vary from jurisdiction to jurisdiction, and thus the Guide text should take into account the level of penetration of various types of electronic communications and technologies in the relevant market. </s>
	  <s n="57"> It was also agreed that the Guide would state that the provisions of the article were intended to be interpreted broadly so as to encompass any provisions in the Model Law implying physical presence or a paper-based environment. </s>
	  <s n="58"> The Working Group noted an inconsistency between the principle of “technological neutrality” in article 4 bis and the proposed article 9 (3) where a reference was made to a specific technology, which would have to be reconsidered in due course. </s>
	  <s n="59"> As regards the location of provisions in article 4 bis, some delegates were of the view that they should be included in either article 4 ter or article 9. </s>
	  <s n="60"> Another suggestion was to move them to the end of article 2 (Definitions). </s>
	  <s n="61"> Concern was expressed at the latter suggestion, since the proposed article 4 bis did not provide for a definition but contained a fundamental principle that would apply throughout the Model Law. </s>
	  <s n="62"> It was proposed therefore to retain provisions of article 4 bis as a separate article early in the text of the Model Law, perhaps as article 2 bis. </s>
	  <s n="63"> On the other hand, it was noted that such an early placing of the provisions in a separate article would result in substantial renumbering of articles of the Model Law. </s>
	  <s n="64"> It was noted that the Working Group should keep in mind the impact that renumbering and other changes in the structure of the Model Law, arising from revisions, would have on jurisdictions that had enacted their procurement laws on the basis of the Model Law. </s>
	  <s n="65"> It was suggested in this context that for ease of reference each new provision and all those amended should be accompanied by an appropriate explanatory footnote. </s>
	  <s n="66"> Following the Working Group&apos;s consideration of articles 4 ter and 9, further amendments were proposed to the text of article 4 bis, its title and location (see paras. </s>
	  <s n="67"> 36 and 37 below). </s>
	</p>
	<p n="37">
	  <s n="68"> Guide to Enactment text </s>
	</p>
	<p n="38">
	  <s n="69"> It was suggested that in the Guide to Enactment text addressing the use of electronic communications in the procurement process: references to “communications” should be replaced with “electronic means” when and as appropriate since the notion of communications in the text of the Model Law had a very broad ambit; and some discussions on the role and place of electronic procurement in the context of electronic government should be added. </s>
	  <s n="70"> As regards the text under subheading (i), paragraph 2, it was pointed out that: some parts of the text referring to administration of contracts and to compliance with rules and policies should be deleted as those issues were not encompassed by the scope of the Model Law (see however paras. </s>
	  <s n="71"> 81 to 86 below); the French translation of the term “electronic procurement”, referring to “procédures dématerialisées” rather than the more literal translation of the English text, “marchés electroniques”, was rather broader in scope, and therefore the texts in both language versions should be reviewed and conformed; and paragraphs 3 and 4 should be aligned with article 4 ter. </s>
	  <s n="72"> As regards the text under subheading (ii), paragraph 7, it was agreed that the word “universally” before the word “legible” should be deleted. </s>
	  <s n="73"> The initial concern was expressed that an immediately following reference to “unaltered over time” might be interpreted as imposing higher requirements on electronic communications than on paper communications and therefore the Guide should elaborate on the time frame intended. </s>
	  <s n="74"> The Working Group&apos;s understanding was however that no detailed elaboration on that point would be necessary, as the text simply listed qualitative requirements applicable to both electronic and paper communications, such as that communications should not degenerate over time. </s>
	  <s n="75"> As regards the text under subheading (ii), paragraph 14, it was suggested that more detail should be added to the first sentence, so as to spell out situations in which the use of electronic means under the Model Law would be required, such as in the case of electronic reverse auctions or when a procuring entity specifically requires such use. </s>
	  <s n="76"> The text would also provide more guidance on the impact of varying levels of use of electronic commerce in enacting States. </s>
	  <s n="77"> It was suggested that, consistent with the current drafting of the Guide, no subheadings in the Guide would be required. </s>
	</p>
	<p n="39">
	  <s n="78"> Accessibility standards (A/CN.9/WG.I/WP.42, paras. </s>
	  <s n="79"> 17-19, and A/CN.9/WG.I/WP.42/Add.1, para. </s>
	</p>
	<p n="40">
	  <s n="80"> Article 4 ter </s>
	</p>
	<p n="41">
	  <s n="81"> The Working Group recalled that the proposed text for article 4 ter contained four elements, addressing the means of communication (which term includes publishing, exchanging or storing information or documents, holding meetings, and submission and opening of tenders) from the following standpoints: </s>
	</p>
	<p n="42">
	  <s n="82"> (a) Non-discrimination; </s>
	</p>
	<p n="43">
	  <s n="83"> (b) Not posing an obstacle to the procurement process; </s>
	</p>
	<p n="44">
	  <s n="84"> (c) General availability; and </s>
	</p>
	<p n="45">
	  <s n="85"> (d) General compatibility with other means of communications in use. </s>
	</p>
	<p n="46">
	  <s n="86"> Various suggestions were made as regards which of those elements should be retained in the proposed article 4 ter. </s>
	  <s n="87"> It was observed that the term “accessibility standards” in the title of the proposed article might involve some unintended connotations, since the notion of “accessibility” had become associated with civil rights of access as a general notion regarding certain minority groups. </s>
	  <s n="88"> Accordingly, an alternative term, “availability”, was proposed. </s>
	  <s n="89"> It was noted that the term “accessibility” was used in the current article 5 of the Model Law (referring to the public accessibility of legal texts related to procurement), and that it denoted a broader concept than “availability” (which was more fact-based). </s>
	  <s n="90"> On the other hand, it was noted that requiring the procuring entity to address the notion of “accessibility” in this regard might involve the procuring entity in assuming the costs of ensuring such accessibility, which would be onerous and might exceed the aims of the Working Group. </s>
	  <s n="91"> Accordingly, the Working Group decided that the term “availability” should be used so as to avoid unintended connotations. </s>
	  <s n="92"> It was observed that the main issue to be addressed in this article was non-discrimination in communications, and that this notion already existed in article 9 (3) of the current text of the Model Law. </s>
	  <s n="93"> It was also noted that the notions of “availability” and “compatibility” could be viewed as either aspects of non-discrimination, or related but distinct concepts. </s>
	  <s n="94"> It was further recalled that the 2004 European Union procurement directives included a requirement of availability, but from the perspective that the means of communication in the procurement process should not restrict access to the procurement. </s>
	  <s n="95"> It was noted that the proposed text 4 ter addressing non-discrimination could be viewed as encompassing the requirements set out in the directives, as the proposed text included a reference that the means of communication chosen should not limit competition. </s>
	  <s n="96"> Accordingly, it was suggested that the text of article 4 ter should comprise the first two paragraphs proposed, addressing non-discrimination alone. </s>
	  <s n="97"> Nonetheless, the Guide to Enactment should expand on the concept of non-discrimination, to clarify that the means of communication chosen should not pose an obstacle to the procurement process and should address general availability. </s>
	  <s n="98"> It was also observed that the question of discrimination in the means of communication chosen (or, indeed, the method of procurement selected), was one that had been considered when the current Model Law was being drafted, and that it was also possible to discriminate in the application of any such decisions. </s>
	  <s n="99"> These possibilities had been recognized in the drafting of article 9 (3) of the current text of the Model Law. </s>
	  <s n="100"> The view, however, prevailed that the elements contained in (a), (b) and (d) of paragraph 23 above, should be deleted. </s>
	  <s n="101"> As regards (b), not posing an obstacle to the procurement process, it was observed that the provision could be viewed as encompassing all the objectives in the preamble to the Model Law, and would enable the flexibility that would be desirable in selecting the means of communication and related matters. </s>
	  <s n="102"> On the other hand, it was noted that a decision on what was an “obstacle” to the procurement process was subjective and therefore the provision could be abused. </s>
	  <s n="103"> Nevertheless, the understanding in the Working Group was that the Guide would clarify that the means of communication chosen should not pose an obstacle to the procurement process, as otherwise they would jeopardize the promotion of the Model Law&apos;s objectives of maximizing economy and efficiency in procurement, as stated in its preamble paragraph (a). </s>
	  <s n="104"> As regards the element in paragraph (a) of paragraph 23 above, it was observed that the notion of non-discrimination existed in some provisions of the current text of the Model Law, such as article 9 (3), and in positive terms of fair and equitable treatment of suppliers and contractors in the preamble paragraph (d). </s>
	  <s n="105"> Differing views were expressed on whether a general principle of non-discrimination should be included in the Model Law. </s>
	  <s n="106"> The prevailing view was that it should not as it would exceed the mandate of the Working Group, which is to review the Model Law to ensure functional equivalence and allow for the use of new methods of procurement. </s>
	  <s n="107"> It was also mentioned that non-discrimination with respect to both means of communication and in general was recognized as an important principle. </s>
	  <s n="108"> Therefore, the objective of providing for the fair and equitable treatment of all suppliers and contractors reflected in the preamble should be reflected in the Model Law through specific norms as and when appropriate. </s>
	  <s n="109"> The Working Group noted that the non-discrimination provisions of article 9 (3), intended to address risks of discrimination in the context of closed communication systems, would become obsolete and in fact contradict the proposed revisions, in particular those in the proposed article 9 that would give the procuring entity the ability to select the means of communication. </s>
	  <s n="110"> It was further observed that provisions on non-discrimination might have an inadvertent and negative effect on the use of electronic means of communication in public procurement: procuring entities might be reluctant to have recourse to electronic means because of the fear that some suppliers or contractors who felt aggrieved by the choice of the means of communication would seek a review of the decision involved, and such a right of review might itself become an obstacle to the procurement process. </s>
	  <s n="111"> It was further noted that any possible discrimination as well as challenges and integrity of communication were concerns that should be considered when the procurement entity assessed the potential benefits of electronic procurement. </s>
	  <s n="112"> The risk could arise that merely because a small number of suppliers did not have access to the relevant technologies required, electronic procurement would not be introduced and its benefits would not take effect. </s>
	  <s n="113"> Introducing a qualifier to the notion of discrimination, for example “unreasonable”, “manifest”, “obvious” or “deliberate”, as proposed, might not alleviate such a risk completely and might also introduce an element of subjectivity. </s>
	  <s n="114"> In addition, such a qualifier could introduce new concepts of discrimination bringing inconsistency with other existing provisions on discrimination in the Model Law. </s>
	  <s n="115"> Nonetheless, it was agreed that the Guide to Enactment should address the notion of discrimination and explain with examples how it might arise in practice. </s>
	  <s n="116"> (See also para. </s>
	  <s n="117"> 60 below). </s>
	  <s n="118"> Noting that discrimination might arise only when the use of certain means of communications could not be objectively justified, the Working Group decided that the notions of “general availability” contained in the last paragraph of the proposed article 4 ter could be viewed as a means to provide for non-discrimination. </s>
	  <s n="119"> Accordingly, the Working Group decided that the text of article 4 ter should comprise the first and the last paragraphs proposed and should read as follows: </s>
	</p>
	<p n="47">
	  <s n="120"> “The procuring entity shall ensure that the means of communicating, publishing, exchanging or storing information or documents, of holding meetings, and of submitting and opening of tenders are readily capable of being utilized with those in general use among suppliers or contractors.” </s>
	</p>
	<p n="48">
	  <s n="121"> Subsequently, it was agreed that this wording should be reflected in the provisions of article 4 bis as follows (with the deletion of article 4 ter in its entirety): </s>
	</p>
	<p n="49">
	  <s n="122"> “Any provision of this Law related to communicating, to writing, to publication of information, to the submission of tenders in a sealed envelope, to the opening of tenders, to a record or to a meeting shall be interpreted to include electronic, optical or comparable means [by which such activities take place], provided that the means chosen are readily capable of being utilized with those in general use among suppliers or contractors.” </s>
	</p>
	<p n="50">
	  <s n="123"> As regards the location of the amended consolidated provisions, it was agreed that they, together with some provisions of the proposed article 9 (see paras. </s>
	  <s n="124"> 39 and 40 below), would comprise a separate article that would set out a fundamental principle relating to the use of communications (in its broadest sense) in the procurement process, and therefore should be placed early in the Model Law, perhaps after article 5 (to follow the chronology of the procurement process, that is, before any identification of suppliers or contractors). </s>
	  <s n="125"> A new title would reflect a new expanded scope of the consolidated provisions and therefore references to “accessibility” or “availability” standards and to “functional equivalence” would have to be amended accordingly. </s>
	  <s n="126"> As regards the proposed Guide to Enactment text, the Working Group agreed that, apart from what was stated in paragraphs 30 and 34 above, the Guide would reflect the Working Group&apos;s decision on the text of articles 4 bis, 4 ter and 9 and: (i) expand on the notion of general availability of means of communication (for example, from the perspective that procuring entities should take account of the level of penetration of electronic communications and technologies in the relevant market when making their selection of the means of communication for the procurement concerned as well as costs of such means); (ii) highlight that recourse to which means of communication was objectively justifiable would vary from jurisdiction to jurisdiction and from procurement to procurement; (iii) address interoperability and compatibility issues, references to which had been deleted from the last subparagraph of the proposed article 4 ter; and (iv) advise that stricter requirements might apply (for example, under international treaties or imposed by multilateral development banks). </s>
	</p>
	<p n="51">
	  <s n="127"> Form of communications (A/CN.9/WG.I/WP.42, paras. </s>
	  <s n="128"> 20-28, and A/CN.9/WG.I/WP.42/Add.1, paras. </s>
	  <s n="129"> 4 and 5) </s>
	</p>
	<p n="52">
	  <s n="130"> In the context of the consideration of article 9, it was decided that article 4 bis as amended (see paras. </s>
	  <s n="131"> 36 and 37 above) should be merged with draft article 9 (1) requiring the procuring entity to set out its chosen means of communication when first soliciting participation in the procurement process, and with draft article 9 (4) requiring the procurement regulations to make provision addressing the authenticity, integrity, accessibility and confidentiality of communications. </s>
	</p>
	<p n="53">
	  <s n="132"> Proposed article 5 bis </s>
	</p>
	<p n="54">
	  <s n="133"> The Working Group decided to consider the following text at its next session: </s>
	</p>
	<p n="55">
	  <s n="134"> “Article 5 bis [title to be considered for the tenth session] </s>
	</p>
	<p n="56">
	  <s n="135"> (1) Any provision of this Law related to communicating[, to writing, to publication of information, to the submission of tenders in a sealed envelope, to the opening of tenders, to a record or to a meeting,] shall be interpreted to include electronic, optical or comparable means [by which such activities take place], provided that the means chosen are readily capable of being used with those in general [or common] use among suppliers or contractors. </s>
	</p>
	<p n="57">
	  <s n="136"> (2) Documents, notifications, decisions and other communications [referred to in this Law] between suppliers or contractors and the procuring entity shall be provided, submitted or effected by the means of communication specified by the procuring entity when first soliciting the participation of suppliers or contractors in the procurement proceedings, provided that the means specified are capable of being used as set out in the preceding paragraph. </s>
	</p>
	<p n="58">
	  <s n="137"> (3) The [procurement regulations or the procuring entity] [shall or may] establish measures to ensure the authenticity, integrity, accessibility and confidentiality of communications. </s>
	</p>
	<p n="59">
	  <s n="138"> [(4) The provisions of paragraph 1 of this article shall apply equally to any provision of this Law related to writing, to publication of information, to the submission of tenders in a sealed envelope, to the opening of tenders, to a record or to a meeting. </s>
	  <s n="139"> ]” </s>
	</p>
	<p n="60">
	  <s n="140"> The Working Group noted that the first paragraph of the article above addressed not only communications, but also writing, publication of information, submission of tenders in a sealed envelope, opening of tenders, records and meetings. </s>
	  <s n="141"> However, the second and third paragraphs addressed communications alone. </s>
	  <s n="142"> The Working Group agreed to consider at a subsequent session whether these other items should be included in the first paragraph, alternatively as a separate fourth paragraph in this draft article, or elsewhere in the text, and that the bracketed text in paragraphs (1) and (4) would reflect that outstanding issue. </s>
	  <s n="143"> As regards paragraph (2) of the article above, it was agreed that the restriction of “documents, notifications, decisions and other communications” in the previous version of the text to those “referred to in this Law” should be deleted, so as to refer to any communications generated in the procurement process, and the same change should be made in the remainder of the proposed article 9 (see para. </s>
	  <s n="144"> 44 below). </s>
	  <s n="145"> As regards paragraph (3) of the article above, the Working Group noted that the obligations in the remainder of the article fell upon the procuring entity. </s>
	  <s n="146"> The Working Group therefore agreed to consider whether the procuring entity, rather than the enacting State by means of regulations, should address the issues of authenticity, integrity, accessibility and confidentiality of communications set out in that paragraph, and whether either the procuring entity or the enacting State should be given the option or should be required to do so. </s>
	  <s n="147"> The bracketed text in the proposed text would reflect that outstanding issue. </s>
	  <s n="148"> It was also agreed that the Guide to Enactment should discuss in detail the issues raised by the authenticity, integrity, accessibility and confidentiality of communications. </s>
	</p>
	<p n="61">
	  <s n="149"> Article 9 </s>
	</p>
	<p n="62">
	  <s n="150"> As regards the remainder of the previously proposed article 9, addressing the form of communications, it was suggested that the article should address the requirement that communications should contain a record of their content. </s>
	  <s n="151"> Accordingly, the Working Group agreed to continue its deliberations on a revised article 9 based on the following text: </s>
	</p>
	<p n="63">
	  <s n="152"> “Article 9. </s>
	  <s n="153"> Form of communications </s>
	</p>
	<p n="64">
	  <s n="154"> (1) Subject to other provisions of this Law, documents, notifications, decisions and other communications [referred to in this Law] to be submitted by the procuring entity or administrative authority to a supplier or contractor or by a supplier or contractor to the procuring entity shall be in a form that provides a record of the content of the communication and is accessible so as to be usable for subsequent reference. </s>
	</p>
	<p n="65">
	  <s n="155"> (2) Communications between suppliers or contractors and the procuring entity referred to in articles 7 (4) and (6), 12 (3), 31 (2)(a), 32 (1)(d), 34 (1), 36 (1), 37 (3), 44(b) to (f) and 47 (1) [update for revisions to Model Law] may be made by a means of communication that does not provide a record of the confirmation content of the communication provided that, immediately thereafter, confirmation of the communication is given to the recipient of the communication in a form which provides a record of the content of the communication and is accessible so as to be usable for subsequent reference.” </s>
	</p>
	<p n="66">
	  <s n="156"> It was agreed that the wording of the previously proposed article would be changed from an obligation to provide a “record of the confirmation” to one to provide a “record of the content of the communication” so as to ensure that the content and the fact of the communication should be recorded. </s>
	</p>
	<p n="67">
	  <s n="157"> Guide to Enactment text </s>
	</p>
	<p n="68">
	  <s n="158"> The Working Group decided not to consider the text for the Guide that would have to be changed in the light of the discussions at the current session. </s>
	</p>
	<p n="69">
	  <s n="159"> Legal value of procurement contracts concluded electronically (A/CN.9/WG.I/WP.42, paras. </s>
	  <s n="160"> 29-30, and A/CN.9/WG.I/WP.42/Add.1, para. </s>
	</p>
	<p n="70">
	  <s n="161"> The Working Group requested that the reference to the “execution” of a contract in the final sentence of proposed paragraph (1) bis should be changed to the “conclusion” of a contract, so as to avoid any unintended technical connotations from the use of the term “execution” that might arise in individual jurisdictions. </s>
	  <s n="162"> As regards paragraphs (1) bis and quater, it was agreed that the references referring to the need for enacting States to address the adequacy of electronic commerce laws should use the verb “may” rather than “will”, so as to confer flexibility and to allow enacting States to take account of differing factual circumstances. </s>
	</p>
	<p n="71">
	  <s n="163"> Requirement to maintain a record of the procurement proceedings (A/CN.9/WG.I/WP.42, paras. </s>
	  <s n="164"> 31-32, and A/CN.9/WG.I/WP.42/Add.1, para. </s>
	</p>
	<p n="72">
	  <s n="165"> It was observed that the Guide to Enactment should explain the ambit of proposed paragraph (b) bis, so that the record should set out any particular computer software or other criteria used for the means of communication chosen by the procuring entity. </s>
	  <s n="166"> It was noted that the Guide to Enactment text should be conformed to the proposed article 5 bis, and that the requirement that the procuring entity select a means of storage of information in the record that would remain accessible “until the time for review under article 52 of the Model Law [had] elapsed” should be expanded to include any different period of time that the law in a particular system may apply to document retention systems. </s>
	  <s n="167"> It was also agreed that the obligation to “ensure that record retention systems are fully compatible (or interoperable)” should be deleted from the text. </s>
	  <s n="168"> The overriding consideration was that the information in the record could be made available to third parties entitled to receive it, and the accessibility requirements set out in the text would adequately address the issue. </s>
	</p>
	<p n="73">
	  <s n="169"> Electronic submission of tenders, proposals and quotations (A/CN.9/WG.I/WP.42, paras. </s>
	  <s n="170"> 33-34, and A/CN.9/WG.I/WP.42/Add.1, para. </s>
	</p>
	<p n="74">
	  <s n="171"> It was observed that there were two significant notions regarding the electronic submission of tenders: the need to foster trust and confidence in electronic systems, and to identify and work towards the objectives of the proposed amendments. </s>
	  <s n="172"> Transferring the safeguards of the traditional means of submission of tenders to the electronic environment would be critical. </s>
	  <s n="173"> The introduction of any new system would raise new risks, and measures to alleviate them, particularly in the transitional period, should be adopted. </s>
	  <s n="174"> The Working Group noted that it would be important for the procuring entity&apos;s selection of the means of submission of tenders to be set out in the solicitation documents. </s>
	  <s n="175"> Although the procuring entity would have to comply with the requirements of proposed article 5 bis when making its selection, it was considered that an express reference to those requirements would not be necessary in article 30 (5)(a) of the Model Law. </s>
	  <s n="176"> Accordingly, the proviso in the text referring to the proposed article 5 bis should be deleted. </s>
	  <s n="177"> The Working Group also considered the proposed deletions from the original text of article 30 (5)(a) of the Model Law, referring to the requirements for tenders to be submitted “in writing, signed and in a sealed envelope”. </s>
	  <s n="178"> It was observed that these requirements were critical safeguards for the submission of tenders. </s>
	  <s n="179"> The Working Group also heard that in many jurisdictions, the overwhelming majority of tenders continued to be submitted in traditional, paper-based format, and that the above requirements remained relevant. </s>
	  <s n="180"> The Working Group heard that some jurisdictions had sought to avoid the technical consequences of requiring an electronic document to be signed by referring to such documents being capable of authentication. </s>
	  <s n="181"> If the principle of technical neutrality conflicted with the fundamental principles of the Model Law itself, such as the requirement for tenders to be in writing, signed and in a sealed envelope, the latter should prevail. </s>
	  <s n="182"> Accordingly, although the requirements implied a paper-based environment, they should be retained in the text of article 30 (5)(a). </s>
	  <s n="183"> It was also noted that the provisions of proposed article 5 bis would allow these safeguards to be translated into the electronic environment using the functional equivalence principle. </s>
	  <s n="184"> It was also noted that the Guide to Enactment on this question would need to address the practical issues that arise in permitting the electronic submission of tenders, including the equivalent safeguards to writing, signature and a sealed envelope (such as an encrypted electronic tender to equate to a one in a sealed envelope). </s>
	  <s n="185"> In addition, a virus could delete an electronic tender when it was opened, so that the tender would no longer exist. </s>
	  <s n="186"> Accordingly, the Guide could recommend (as some systems do) the use of virus scanning software to identify any potential risks of this type, which again would enhance both confidence and transparency in the electronic environment. </s>
	  <s n="187"> The Working Group considered how to address the possibility that an electronic system for the receipt of tenders might fail. </s>
	  <s n="188"> It was noted that there should be no liability upon the procuring entity should a tender not be received—the risk of submission of a tender was the supplier&apos;s, and the procuring entity was liable only to provide a receipt for the submission. </s>
	  <s n="189"> However, it was considered that steps could be taken to alleviate the risks involved, for example by allowing for the submission of duplicate tenders in a different format as a safeguard against system failure (which some systems already permitted). </s>
	  <s n="190"> Although it was noted that suppliers could seek to alter the terms of their tenders when submitting a duplicate, and that instances of this practice had been observed, it was considered that the benefits of allowing back-up submissions would exceed the potential disadvantages. </s>
	  <s n="191"> Furthermore, the Working Group heard that in many countries, the practice was not to require one exclusive means of submission of tenders. </s>
	  <s n="192"> In such cases, a mixed system operated in which some suppliers submitted tenders in traditional format, and others electronically. </s>
	  <s n="193"> (Further variants of a mixed system would include the use of different methods of communication during the procurement process, and the option to suppliers to submit some parts of their tenders, such as samples or, technical drawings or legal certificates, in physical or paper-based format). </s>
	  <s n="194"> It was commented that allowing a mixed system would not only promote confidence, but would also lead to enhanced levels of participation. </s>
	  <s n="195"> Accordingly, it was decided that the procuring entity should be able to select either traditional, paper-based means of submission of tenders (and communications generally), or electronic means, or both, and that the text of the Model Law should expressly allow more than one means to be selected. </s>
	  <s n="196"> Although the Working Group heard that allowing the suppliers themselves to select the means of submission might enhance participation, it was agreed that the selection should be left up to the procuring entity. </s>
	  <s n="197"> The supplier might have recourse if the procuring entity acted in a discriminatory way in making the selection, but would otherwise be required to comply with the means of submission selected by the procuring entity, as set out in the solicitation documents. </s>
	  <s n="198"> In connection with this issue, it was observed that the non-discrimination provision in the text of the current article 9 (3) of the Model Law, which sought to prevent discrimination in the application of the selection of the means of communication, remained pertinent even in the light of the proposed article 5 bis of the Model Law. </s>
	  <s n="199"> Accordingly, the Working Group decided to consider at its next session whether an express non-discrimination provision should be retained and, if so, its location. </s>
	  <s n="200"> In this regard, it was also noted that the Guide to Enactment should stress that the use of mixed systems would be most appropriate during the transitional period after the introduction of electronic means of communications in procurement, and that the use of only electronic means would be promoted where appropriate in the longer term. </s>
	  <s n="201"> It was further observed that the proposed text of article 30 (5)(a) referred to the “form”, whereas the proposed article 5 bis referred to the “means”, of submission of tenders. </s>
	  <s n="202"> It was noted that the two provisions should be consistent in this regard, as well as in references to the requirements of tenders to be in a sealed envelope, and that if the form were specified as being “in writing, signed and in a sealed envelope”, the reference to the manner of their submission should perhaps be to the “means” of their submission, so as to achieve the desired consistency. </s>
	  <s n="203"> Accordingly, the Working Group decided that at its next session it would consider the following text for article 30(5)(a): “A tender shall be submitted [by the means specified in the solicitation documents, and shall be submitted] in writing, signed and in a sealed envelope”. </s>
	</p>
	<p n="75">
	  <s n="204"> Electronic opening of tenders (A/CN.9/WG.I/WP.42, paras. </s>
	  <s n="205"> 35-37, and A/CN.9/WG.I/WP.42/Add.1, para. </s>
	</p>
	<p n="76">
	  <s n="206"> It was observed that the use of a sealed envelope in the submission of tenders discussed in the preceding section was also an essential feature of the opening of tenders, because the existence of the seal until the time of opening was a critical element of confidence in the process. </s>
	  <s n="207"> As regards the proposed text for article 33 (4) of the Model Law, it was noted that the requirement for suppliers to be able to follow the opening of tenders “simultaneously” or “instantaneously” should be changed to “contemporaneously”, which would require the procuring entity to open the electronic tenders and upload them onto the relevant website immediately thereafter, a procedure equivalent to and not more onerous than the traditional public opening of tenders. </s>
	  <s n="208"> It was also suggested that the final part of the proposed text should read “if [suppliers] are capable of following the opening of the tenders contemporaneously through the electronic, optical or comparable means of communication used by the procuring entity”. </s>
	</p>
	<p n="77">
	  <s n="209"> Electronic publication of procurement-related information (A/CN.9/WG.I/WP.42, paras. </s>
	  <s n="210"> 38-45, and A/CN.9/WG.I/WP.42/Add.1, para. </s>
	</p>
	<p n="78">
	  <s n="211"> Article 5 </s>
	</p>
	<p n="79">
	  <s n="212"> It was stressed that the article was important and used by multilateral development banks as a benchmark to assess a level of transparency in procurement regulation in various countries. </s>
	  <s n="213"> It was suggested that provisions in article 5 should remain as clear as possible and not be overloaded with extensive requirements. </s>
	  <s n="214"> The prevailing view was that the current scope of the article should be maintained. </s>
	  <s n="215"> It was observed that while the objective of transparency was important, it should not be achieved at the expense of other important considerations, such as costs and other burdens on procuring entities. </s>
	  <s n="216"> The desirability of including a reference to “all judicial decisions on the application thereof” in the revised article was questioned. </s>
	  <s n="217"> Concerns were expressed that in some jurisdictions, it would be impossible to comply with the requirement to make this information promptly accessible to the public and systematically maintain. </s>
	  <s n="218"> Some delegations were of the view that the imposition of this requirement should be restricted to judicial decisions with precedent value and “of general application”. </s>
	  <s n="219"> Questions were raised about the meaning of the phrase “systematic maintenance”. </s>
	  <s n="220"> It was suggested that the phrase sought to capture the requirement to update and that it could be onerous with respect to certain types of information. </s>
	  <s n="221"> The suggestion was made that such a requirement should apply only to the procurement law and procurement regulations, while a less stringent regime should apply, for example, to administrative rulings. </s>
	  <s n="222"> The point was also made that a difference should be drawn between the requirement to make legal texts accessible and the requirement to publish them. </s>
	  <s n="223"> While the former could in most cases be easily complied with in practice as regards all legal texts referred to in the article, the latter would pose practical problems of compliance, especially if it applied to all judicial decisions and administrative rulings. </s>
	  <s n="224"> It was stressed, on the other hand, that the requirement to make legal texts accessible could also be burdensome in practice as, for example, judicial decisions and administrative rulings might be available but not necessarily easily accessible. </s>
	  <s n="225"> Some support was expressed for splitting article 5 into two paragraphs: the first paragraph dealing with legal texts that had to be published (law, procurement regulations and directives of general application); and the second paragraph dealing with significant important judicial decisions and administrative rulings that should be maintained on an ongoing basis. </s>
	  <s n="226"> It was suggested that different requirements should apply to these two categories of information. </s>
	  <s n="227"> As regards the first category of legal texts, the requirements would remain as they were in the current article 5, in particular the notion of timeliness was stressed to be important and therefore the word “promptly” should be kept in the article. </s>
	  <s n="228"> As regards the second category, the requirement to “systematically maintain” would be replaced with the requirement “to update on a regular basis if need be”. </s>
	  <s n="229"> The prevailing view was that the Secretariat should take into account this approach when preparing a revised text of article 5 and that further details should be included in the Guide, in particular issues that would be desirable to regulate in procurement regulations, such as media and manner of publication. </s>
	  <s n="230"> Some support was expressed for the retention of the first proposed addition in article 5. </s>
	  <s n="231"> The reference to “other information” in it was proposed to be restricted by the addition at the end of the words “regarding procurement policies”. </s>
	  <s n="232"> On the other hand, it was questioned whether the suggested wording would be appropriate in the Model Law, as an enacting State would in any case have options to add provisions to those existing in the Model Law, and whether it would not already be covered by the general objective of transparency. </s>
	  <s n="233"> The prevailing view was that all proposed possible additions in square brackets should be reflected only in the Guide. </s>
	  <s n="234"> It was suggested that the second proposal should specify, for the benefits of enacting States, requirements regarding publication found in the Model Law. </s>
	  <s n="235"> Reference to systematic maintenance in this context should be reconsidered as being onerous, and its benefits illusionary. </s>
	</p>
	<p n="80">
	  <s n="236"> Provisions on “forthcoming procurement opportunities” </s>
	</p>
	<p n="81">
	  <s n="237"> Divergent views were expressed as regards the desirability of including these provisions in the Model Law. </s>
	  <s n="238"> On the one hand, it was stated that this approach would be desirable as provisions were conducive to transparency in public procurement and promoting competition. </s>
	  <s n="239"> In addition, it was pointed out that this would align the Model Law in the respective part with the WTO Agreement on Government Procurement. </s>
	  <s n="240"> Suggestions were made that the proposed provisions should be amended as follows so that to clearly state that they would not constitute calls for tenders: “as promptly as possible after beginning of a fiscal year procuring entities may publish information of the expected procurement opportunities for the following [the enacting State specifies the period], and this information shall not constitute the solicitation documents or parts thereof”. </s>
	  <s n="241"> Another suggestion was to replace the verb “may” with the word “shall” or “should”. </s>
	  <s n="242"> Some delegates however expressed the view that if the provisions were to be included in the Model Law, they should remain enabling rather than prescriptive. </s>
	  <s n="243"> The suggestion was made that they might be included in article 5. </s>
	  <s n="244"> On the other hand, some delegates were of the view that the proposed provisions would be more appropriately located in the Guide. </s>
	  <s n="245"> They were against making the provisions prescriptive as they would in such case impose burdensome requirements on procuring entities in the sense that they could be interpreted as proposing a new standard or step for the procuring entity with respect to publication of information prior to solicitation. </s>
	  <s n="246"> The suggestion was made that in the consideration of this issue, the Working Group should assess whether the practice of publication of this type of information would be consistent with objectives of the Model Law, and if so whether there would be the need for a specific enabling provision in the Model Law to promote the practice. </s>
	</p>
	<p n="82">
	  <s n="247"> Guide to Enactment text </s>
	</p>
	<p n="83">
	  <s n="248"> It was suggested that the sentence beginning with the words “Incentives may be provided” in paragraph 2 of section (a), the second sentence of paragraph 4 of section (a), and paragraph 2 of section (b) should be deleted. </s>
	  <s n="249"> In the sentence beginning with “Although the Model Law requires” in paragraph 2 of section (a), it was suggested to replace the last portion of the sentence beginning with the words “and might operate” with the following phrase “and enacting States should consider the cost of additional publication having regard of the benefits to recipients”. </s>
	</p>
	<p n="84">
	  <s n="250"> Outstanding issues (A/CN.9/WG.I/WP.42, paras. </s>
	</p>
	<p n="85">
	  <s n="251"> As regards the general approach to redrafting the Model Law, the point was made that amendments should be kept to the minimum and be drafted in a flexible manner to accommodate varying conditions in different countries. </s>
	  <s n="252"> It was also noted that the revised Model Law should be as user-friendly as possible. </s>
	  <s n="253"> As regards whether scope of the Model Law and the Guide should be expanded to address procurement planning and contract administration, it was pointed out that the procurement in fact covered these stages, and involved various public agencies. </s>
	  <s n="254"> However, it was observed that some of these stages did not fall within the purview of procurement legislation, but rather budgetary legislation (procurement planning) and contract law (contract administration). </s>
	  <s n="255"> Nevertheless, it was pointed out that these stages were integral parts of the entire procurement process with the result that deficiencies at one stage would have a negative impact on other stages and the overall procurement process, with a risk that the Model Law&apos;s objectives could be compromised. </s>
	  <s n="256"> Therefore, it was stressed that the proper regulation of all the stages leading and following the selection of a contractor, the current scope of the Model Law, was paramount. </s>
	  <s n="257"> Accordingly, suggestions were made that, if not by establishing general principles in the Model Law, the Guide should address inter alia best practice in procurement planning and contract administration so as to cover the entire procurement process. </s>
	  <s n="258"> On the other hand, it was noted that it might be more feasible in the expanded Model Law and/or the Guide to deal with the issues of procurement planning alone, as regulation of contract administration was a considerably more complex undertaking. </s>
	  <s n="259"> The Working Group recalled in this respect the UNCITRAL Legislative Guide on Drawing Up International Contracts for the Construction of Industrial Works, which dealt with pre-contract issues as well as with the specific provisions of a works contract. </s>
	  <s n="260"> It was pointed out that in some jurisdictions the contract administration stage was regulated by separate legislation. </s>
	  <s n="261"> Specifically in the context of procurement planning, it was pointed out that the Working Group had already touched upon one of the issues related to the procurement planning stage, the publication of information on forthcoming procurement opportunities. </s>
	  <s n="262"> Support was expressed that the Guide should encourage the publication of this information in enacting States as conducive to proper procurement management, good governance and transparency. </s>
	  <s n="263"> Caution was expressed as regards the inclusion in the Model Law of anything beyond general principles that should govern procurement planning since otherwise the flexibility necessary in that stage would be eliminated. </s>
	  <s n="264"> Suggestion was made that the Guide or other tools that could be developed to assist States with enacting and implementing the Model Law was an appropriate place to discuss details about procurement planning and some good practices to be encouraged. </s>
	  <s n="265"> Nevertheless, it was pointed out that there might be practical difficulties in finding the relevant information and solutions that would accommodate all various local conditions. </s>
	  <s n="266"> Specifically in the context of contract administration, it was suggested that the Model Law or the Guide should alert enacting States to problems that might arise (i) on the one hand, at the stage of the selection of a contractor, which might have negative impact on contract administration, especially as regards the ultimate price that State would have to pay for goods, works or services provided, and, (ii) on the other hand, at the contract administration stage, where variations might significantly increase the final price, undermine the integrity of the procurement process and negatively affect the legitimate interests of the parties. </s>
	  <s n="267"> It was suggested that the Guide, where appropriate and possible, should provide guidance to enacting States on how to prevent and deal with these possible issues. </s>
	  <s n="268"> As regards the nature of the Guide, suggestions were made that the Guide should not only be addressed to legislators but should also be a more general guide to the implementation and use of the Model Law, addressed to a broader audience. </s>
	  <s n="269"> It was agreed that drafting regulations as part of such a guide would not be feasible as they would require even a higher level of specificity than that required for the Model Law and would need to reflect divergent systems. </s>
	  <s n="270"> The revised Guide could elaborate on issues that would be important to reflect in procurement regulations. </s>
	  <s n="271"> The view was expressed that model clauses could also be provided in the Guide, which could be especially valuable, if they drew from practical experience of various stakeholders, including development banks. </s>
	  <s n="272"> A preference was expressed for using the verb “may”, not “will”, in the Guide to Enactment, when referring to general legislative issues to be addressed by enacting States. </s>
	  <s n="273"> The Working Group decided to take up these issues in due course, at which stage the Secretariat might be requested to undertake a study that would enumerate problems commonly encountered at procurement planning and contract administration stages and analyse ways of dealing with them in various domestic, regional and international regulations. </s>
	</p>
	<p n="86">
	  <s n="274"> Draft provisions to enable the use of electronic reverse auctions under the Model Law (A/CN.9/WG.I/WP.43) </s>
	</p>
	<p n="87">
	  <s n="275"> General remarks </s>
	</p>
	<p n="88">
	  <s n="276"> It was pointed out that in drafting any provisions on electronic reverse auctions (ERAs) in the Model Law and the Guide, conditions in and interests of countries that would primarily benefit from the Model Law should be kept in mind. </s>
	  <s n="277"> It was pointed out that the Model Law had promoted so far traditional open tendering as a “gold standard”, whose fundamental principles included prohibition of negotiations and a single opportunity for a supplier to submit its best tender, which were contradicted by the inherent features of ERAs. </s>
	  <s n="278"> Acknowledging and regulating ERAs in the Model Law could mean deviation from these fundamental principles and dilution of the “gold standard” of open tendering. </s>
	  <s n="279"> The Working Group noted developments in the use and regulation of ERAs at national and regional levels, as well as the multilateral development banks&apos; stance in that respect. </s>
	  <s n="280"> In reiterating that ERAs posed a number of new risks and might increase those present in the traditional sealed envelope environment, the general view was that the Working Group should consider all problems that ERAs raised so as properly to mitigate them through regulation. </s>
	  <s n="281"> It was acknowledged that because of the novelty of ERAs, it would be difficult to set out best practice in their use. </s>
	  <s n="282"> Therefore, the view was expressed that the Model Law&apos;s provisions on ERAs should be drafted as broadly as possible to allow evolution of the practice with ERAs. </s>
	  <s n="283"> At the same time, it was stated, it would be important to establish the essential legal framework for their operation, based on general procurement principles and principles specific to the operation of ERAs. </s>
	  <s n="284"> Anonymity of bidders and clear specifications established and made known to suppliers at the outset of procurement were named as such important considerations. </s>
	  <s n="285"> The importance of preserving the anonymity of bidders was also highlighted in the broader context of competition and fair dealing. </s>
	  <s n="286"> Experience with ERAs in at least one jurisdiction, it was said, indicated that they might be a costly tool for procurement of demands for only one procuring entity as third-party contractors were hired. </s>
	  <s n="287"> Therefore, consolidated purchases were encouraged. </s>
	  <s n="288"> The initial preference was that the provisions should be drafted in such a way as to allow the price to be the only award criteria when ERAs were used. </s>
	  <s n="289"> Allowing criteria other than price would open the possibilities of abuse as a subjective element could be introduced into the process when trying to quantify these criteria. </s>
	  <s n="290"> The view was expressed that establishing the lowest price below which tender would not be accepted could be an important safeguard for a proper management of ERAs and against abnormally low tenders. </s>
	  <s n="291"> The preference was also expressed for standard goods and commodities to be subject to ERAs. </s>
	  <s n="292"> The point was made that even standard services (for example, cleaning services) could have qualitative elements and therefore procurement through ERAs could compromise quality. </s>
	  <s n="293"> On the other hand, it was stated that it would not be desirable to limit ERAs to any particular type of procurement as at this stage it would be difficult to predict how the tool would evolve. </s>
	  <s n="294"> As experience in some countries suggested, services were capable of being procured through ERAs even when quality mattered with a two phase approach, the first phase involving the assessment of quality aspects. </s>
	  <s n="295"> A number of objections were raised to providing exclusively for Model 1 ERAs as they presupposed a fully automated process, which especially at a transitional stage in development, could not be achieved without the risk of excluding a substantial number of suppliers. </s>
	  <s n="296"> It was agreed that ERAs should not be restricted to a stand-alone procurement method, to avoid prejudicing their evolution. </s>
	  <s n="297"> ERAs should also be allowed as an optional phase in some procurement methods. </s>
	</p>
	<p n="89">
	  <s n="298"> Conditions for use of electronic reverse auctions (A/CN.9/WG.I/WP.43, paras. 9-37) </s>
	</p>
	<p n="90">
	  <s n="299"> The following text was proposed to be included in the end of chapter III “Tendering proceedings”, as a new section IV “Electronic reverse auctions”, where all ERA related provisions, including the proposed text for articles 47 bis and ter, should be consolidated: </s>
	</p>
	<p n="91">
	  <s n="300"> “Article [36 bis]. </s>
	  <s n="301"> Conditions for use of electronic reverse auctions </s>
	</p>
	<p n="92">
	  <s n="302"> “A procuring entity may engage in procurement by means of an electronic reverse auction in accordance with article[s 47 bis and ter] in the following circumstances: </s>
	</p>
	<p n="93">
	  <s n="303"> (a) Where it is feasible for the procuring entity to formulate detailed and precise specifications for the goods, construction and services; </s>
	</p>
	<p n="94">
	  <s n="304"> (b) Where there is a competitive market of suppliers or contractors that are anticipated to be qualified to participate in the electronic reverse auction such that effective competition is ensured; </s>
	</p>
	<p n="95">
	  <s n="305"> (c) Where it concerns </s>
	</p>
	<p n="96">
	  <s n="306"> (i) commonly used goods, the characteristics of which are generally available on the market; or </s>
	</p>
	<p n="97">
	  <s n="307"> (ii) commonly used services or constructions, the characteristics of which are generally available on the market and provided that the services or constructions are of a simple nature; and </s>
	</p>
	<p n="98">
	  <s n="308"> (d) the price is the only criterion to be used in determining the successful bid; </s>
	</p>
	<p n="99">
	  <s n="309"> or (e) [option for the legislator: ]the price and other criteria that can be expressed in figures or transformed into monetary units and can be evaluated automatically are to be used in determining the successful bid. </s>
	  <s n="310"> ]” </s>
	</p>
	<p n="100">
	  <s n="311"> Support was expressed for the suggested wording, which, it was observed, represented a compromise solution, drafted in a sufficiently broad and flexible manner to allow evolution of ERAs within a number of parameters. </s>
	  <s n="312"> There was agreement in the Working Group that all provisions in the proposed article 36 bis should be taken as a package, so as to preserve the effect of all safeguards contained therein. </s>
	  <s n="313"> An observation was, on the other hand, that the proposed text favoured price considerations at the expense of quality and that the approach should be reconsidered. </s>
	  <s n="314"> In response, it was observed that that situation was inherent in ERAs and thus in procurement where quality was more important than or equal to price, other procurement methods might be more suitable. </s>
	  <s n="315"> Concerns were also expressed on whether the article provided sufficient assurances regarding responsiveness. </s>
	  <s n="316"> The point was made, however, that the issue of responsiveness was addressed in article 47 bis. </s>
	  <s n="317"> A number of amendments were proposed with respect to the text: throughout the text, to use consistently “construction or services” in square brackets (consistent with the Model Law&apos;s terminology); in paragraph (a), to remove the reference to the procuring entity; in paragraph (c), to delete “the characteristics of”; in subparagraph (c)(ii), to put in brackets the phrase “generally available on the market”; and in the optional paragraph (e), to insert the word “only” before the phrase “other criteria”, to consider the appropriateness and location of the phrase “option for the legislator”, to include alternative wording to “evaluated automatically”, such as “evaluated in automatic processes”, to replace the term “bid” with the term “tender” and to refer to paragraph (d) and optional paragraph (e) as alternative text for paragraph (d). </s>
	  <s n="318"> With reference to paragraph (a), it was also observed that the paragraph might be redundant in the light of article 27 (d) of the Model Law, and the Working Group would revisit the question. </s>
	  <s n="319"> With reference to paragraph (e), it was also questioned whether the paragraph should stay in the Model Law or be moved to the Guide. </s>
	  <s n="320"> It was suggested that the Guide should explain that construction or services would not normally fulfil conditions for ERAs, unless they were of a highly simple nature. </s>
	  <s n="321"> Strong support was expressed for that suggestion and reference in this regard was made to paragraph 35 of A/CN.9/WG.I/WP.43, in particular its provisions on commodities, that, it was said, should remain as the text for the Guide accompanying the proposed article 36 bis. </s>
	  <s n="322"> It was also pointed out that, while the proposed article envisaged criteria other than price for ERAs, the Guide should alert to potential dangers if such other criteria were included. </s>
	  <s n="323"> Another proposal was for the Guide to clarify that the term “qualified” used in subparagraph (b) should not mean that pre-qualification would necessarily be involved in ERAs. </s>
	  <s n="324"> Among other considerations to be reflected in the Guide suggested were the need to ensure the anonymity of bidders (pointing out that the requirement that reverse auctions should therefore be only in electronic form); that ERAs would be a single and final round before a winner was selected to prevent abuses; the winning price would figure in the contract, including in the case of framework agreements; opening and closing of the auctions would be clearly specified in advance; and on the importance of a sufficient number of participating suppliers to ensure competition. </s>
	  <s n="325"> The Working Group heard that the type of non-price criteria contemplated included delivery times and technical considerations. </s>
	  <s n="326"> The Working Group agreed that no criteria other than those in (d) and optional (e) should be auctioned. </s>
	  <s n="327"> In addition, to preserve the benefits of ERAs as an efficient tool and to alleviate difficulties with drafting precise specifications, it was suggested that the Guide should elaborate on advisability of common procurement vocabulary that would identify goods, construction or services by codes or by reference to general market-defined standards (that is, standardized products). </s>
	  <s n="328"> Developing lists with goods, construction or services that were not suitable for ERAs or a list that would describe characteristics of goods, construction or services, which if present would make such goods, construction or services suitable for ERAs were also suggested (as opposed to developing a positive list that would be difficult to update). </s>
	  <s n="329"> Reference in this regard was made to paragraph 35 of A/CN.9/WG.I/WP.43. </s>
	  <s n="330"> With respect to the term “standardized”, appearing in proposed article 19 bis in A/CN.9/WG.I/WP.43 and not reflected in the proposed article 36 bis, the tentative preference expressed was to avoid that term as it was prone to different interpretations and therefore could give rise to review. </s>
	  <s n="331"> The term “commonly used” was considered to be aimed at the same objective as “generally available”, with the meaning easily and more uniformly comprehensible but both might be retained. </s>
	  <s n="332"> It was also agreed that no approval of a third party would be required for ERAs to be used. </s>
	  <s n="333"> As the proposed location of the article indicated, the Working Group&apos;s understanding was that ERAs would essentially be a part of tendering proceedings, while not excluding the possibility of using it as a stand-alone method or a phase in multi-stage framework agreements. </s>
	  <s n="334"> The Secretariat was requested to reconsider the example in paragraph 32 of A/CN.9/WG.I/WP.43 as well as the addition in paragraph 5 of the Guide text proposed for article 19 bis. </s>
	</p>
	<p n="101">
	  <s n="335"> Procedures in the pre-auction period (A/CN.9/WG.I/WP.43, paras. </s>
	</p>
	<p n="102">
	  <s n="336"> As regards proposed article 47 bis, it was queried whether the article contemplated that suppliers could withdraw from the ERA before its closure. </s>
	  <s n="337"> The Working Group heard that there was no express provision in the article, but the implication of the continuing obligation upon the procuring entity to ensure sufficient competition implied that suppliers could indeed withdraw. </s>
	  <s n="338"> The Working Group also heard that in some jurisdictions, suppliers were not permitted to withdraw once they had committed to participate in the ERA. </s>
	  <s n="339"> It was further noted that there were two distinct types of ERA that could be contemplated: in the first, the full series of steps in an ordinary tendering proceeding would be conducted, including an assessment of the responsiveness of the initial tender and the qualifications of the suppliers, with all the safeguards of the sealed envelope system. </s>
	  <s n="340"> Thereafter, all qualified suppliers would be invited to participate in the ERA that would determine the winner. </s>
	  <s n="341"> In such a system, it would be possible for suppliers to withdraw, as the pre-ERA assessment ensured that the winner could fulfil the contract. </s>
	  <s n="342"> In a second type of ERA, there would be no initial assessment, and no control of the responsiveness of the tender or qualifications of the supplier until after the ERA had closed. </s>
	  <s n="343"> The attention of the Working Group was drawn to the existence of ERAs already conducted in this manner, and that these procedures might minimize the risk of fraud in the operation of the ERA, in that sensitive information that would be submitted in an initial tender would not be available prior to the ERA itself. </s>
	  <s n="344"> In this system, the suppliers simply confirmed their acceptance of the specifications and that they were qualified to participate in the procurement online as the ERA commenced. </s>
	  <s n="345"> It was observed that post-ERA assessment of responsiveness and qualification raised the risk that the winning supplier was then found to be unqualified or its tender non-responsive, in which case another supplier would be awarded the contract (according to defined rules). </s>
	  <s n="346"> In this system, since there was no guarantee that the winning supplier could fulfil the contract, it might be unadvisable to permit suppliers to withdraw. </s>
	  <s n="347"> The Working Group considered that the Model Law should be sufficiently flexible to enable either system to operate, provided that sufficient safeguards were in place to protect against fraud and abuse. </s>
	  <s n="348"> The Working Group requested that proposed article 47 bis be redrafted to confer sufficient flexibility in this regard. </s>
	  <s n="349"> As regards the current text, it was agreed that paragraph 2 should provide that where the first type of ERA above was contemplated, suppliers or contractors should, prior to the auction, submit initial tenders that were complete in all respects. </s>
	  <s n="350"> It was also agreed that the article should refer to “tenders” rather than “bids”, and that a more appropriate term for the parts of the tender that would be subject to the ERA than “elements” would be sought. </s>
	  <s n="351"> The Working Group considered that the Guide to Enactment text should explain that the provisions in the Model Law were intended to confer sufficient flexibility to allow an ERA to operate in either of the ways described in paragraphs 106 and 107 above, depending on the circumstances prevailing in the country concerned. </s>
	  <s n="352"> In addition, the Guide should address the safeguards that should be in place to allow either system to operate consistently with the objectives and main procedures of the Model Law, including any differences between ERAs and those main procedures. </s>
	  <s n="353"> As regards the possibility of suppliers withdrawing from the ERA and ensuring effective competition, it was agreed that paragraph 3(d) should provide that: </s>
	</p>
	<p n="103">
	  <s n="354"> “The procuring entity shall ensure that the number of suppliers or contractors invited to participate in the auction is sufficient to ensure effective competition. </s>
	  <s n="355"> If the number of suppliers or contractors at any time before the closure of the auction, is in the opinion of the procuring entity insufficient to ensure effective competition, the procuring entity [may/shall] withdraw the electronic reverse auction.” </s>
	</p>
	<p n="104">
	  <s n="356"> The Working Group agreed to consider at its next session whether the procuring entity should have the option, or be required, to withdraw the ERA in such circumstances, in the light of whether or not suppliers should be permitted to withdraw from the ERA. </s>
	  <s n="357"> The Working Group considered that the Guide to Enactment text should address when and how suppliers might withdraw from the ERA process before its closure. </s>
	</p>
	<p n="105">
	  <s n="358"> Notes </s>
	</p>
	<p n="106">
	  <s n="359"> The representatives of AfDB, COMESA, IADB and WTO briefed the Working Group in this regard. </s>
	  <s n="360"> A summary of their work in the field of public procurement is found in A/CN.9/598/Add.1. </s>
	</p>
	<p n="107">
	  <s n="361"> General Assembly resolution 60/21. </s>
	</p>
	</body>
</text>
</DOC>