<?xml version="1.0" encoding="UTF-8"?>
<DOC lang="English" n="V0657564" id="A/CN.9/615" date="2006/10/06">
<text>
	<body>
	<p n="1">
	  <s n="1"> Report of Working Group I (Procurement) on the work of its tenth session </s>
	</p>
	<p n="2">
	  <s n="2"> (Vienna, 25-29 September 2006) </s>
	</p>
	<p n="3">
	  <s n="3"> Contents </s>
	</p>
	<p n="4">
	  <s n="4"> Introduction </s>
	</p>
	<p n="5">
	  <s n="5"> At its thirty-seventh session, in 2004, the United Nations Commission on International Trade Law (the “Commission”) entrusted the drafting of proposals for the revision of the 1994 UNCITRAL Model Law on Procurement of Goods, Construction and Services (the “Model Law”, A/49/17 and Corr.1, annex I) to its Working Group I (Procurement). </s>
	  <s n="6"> The Working Group was given a flexible mandate to identify the issues to be addressed in its considerations, including providing for new practices in public procurement, in particular those that resulted from the use of electronic communications (A/59/17, para. </s>
	  <s n="7"> The Working Group began its work on the elaboration of proposals for the revision of the Model Law at its sixth session (Vienna, 30 August-3 September 2004) (A/CN.9/568). </s>
	  <s n="8"> At that session, it decided to proceed at its future sessions with the in-depth consideration of topics in documents A/CN.9/WG.I/WP.31 and 32 in sequence (A/CN.9/568, para. </s>
	</p>
	<p n="6">
	  <s n="9"> At its seventh to ninth sessions (New York, 4-8 April 2005, Vienna, 7-11 November 2005, and New York, 24-28 April 2006, respectively) (A/CN.9/575, A/CN.9/590 and A/CN.9/595), the Working Group considered the topics related to: (a) the use of electronic means of communication in the procurement process, including exchange of communications by electronic means, the electronic submission of tenders, opening of tenders, holding meetings and storing information, as well as controls over their use; (b) aspects of the publication of procurement-related information, including possibly expanding the current scope of article 5 of the Model Law and referring to the publication of forthcoming procurement opportunities; and (c) electronic reverse auctions, including whether they should be treated as an optional phase in other procurement methods or a stand-alone method, criteria for their use, types of procurement to be covered, and their procedural aspects. </s>
	  <s n="10"> At its seventh and eighth sessions, the Working Group in addition considered the issues of abnormally low tenders, including their early identification in the procurement process and the prevention of negative consequences of such tenders. </s>
	  <s n="11"> At its ninth session, the Working Group came to preliminary agreement on the draft revisions to the Model Law and the Guide that would be necessary to accommodate the use of electronic communications and technologies (including electronic reverse auctions) in the Model Law. </s>
	  <s n="12"> It decided that at its tenth session it would proceed with further consideration of those draft revisions as well as with the in-depth consideration of the proposed revisions to the Model Law and the Guide addressing the remaining aspects of electronic reverse auctions and the investigation of abnormally low tenders, and, time permitting, would take up the topics of framework agreements and suppliers&apos; lists (A/CN.9/595, para. </s>
	</p>
	<p n="7">
	  <s n="13"> At its thirty-eighth and thirty-ninth sessions, in 2005 and 2006, respectively, the Commission commended the Working Group for the progress made in its work and reaffirmed its support for the review being undertaken and for the inclusion of novel procurement practices in the Model Law (A/60/17, para. </s>
	  <s n="14"> 172, and A/61/17, para. </s>
	  <s n="15"> At its thirty-ninth session, the Commission also recommended that the Working Group, in updating the Model Law and the Guide, should take into account issues of conflicts of interest and should consider whether any specific provisions addressing those issues would be warranted in the Model Law (A/61/17, para. </s>
	</p>
	<p n="8">
	  <s n="16"> Organization of the session </s>
	</p>
	<p n="9">
	  <s n="17"> The Working Group, which was composed of all States members of the Commission, held its tenth session in Vienna from 25 to 29 September 2006. </s>
	  <s n="18"> The session was attended by representatives of the following States members of the Working Group: Algeria, Argentina, Austria, Belarus, Brazil, Cameroon, Canada, Chile, China, Croatia, Czech Republic, France, Germany, Iran (Islamic Republic of), Italy, Kenya, Lithuania, Mexico, Nigeria, Pakistan, Republic of Korea, Russian Federation, Singapore, Spain, Sweden, Thailand, Turkey, Uganda, United Kingdom of Great Britain and Northern Ireland, United States of America and Venezuela (Bolivarian Republic of). </s>
	</p>
	<p n="10">
	  <s n="19"> The session was attended by observers from the following States: Bulgaria, Democratic Republic of the Congo, Dominican Republic, Finland, Indonesia, Ireland, Latvia, Malaysia, Philippines, Romania, Slovakia and Timor-Leste. </s>
	</p>
	<p n="11">
	  <s n="20"> The session was also attended by observers from the following international organizations: </s>
	</p>
	<p n="12">
	  <s n="21"> (a) United Nations system: United Nations Office of Legal Affairs and the World Bank. </s>
	</p>
	<p n="13">
	  <s n="22"> (b) Intergovernmental organizations: Asian Clearing Union (ACU), European Commission, European Space Agency (ESA), Inter-American Development Bank (IADB), and Organization for Economic Cooperation and Development (OECD). </s>
	</p>
	<p n="14">
	  <s n="23"> (c) International non-governmental organizations invited by the Working Group: Centre for International Legal Studies (CILS), European Law Students Association (ELSA), International Bar Association (IBA), and International Chamber of Commerce (ICC). </s>
	</p>
	<p n="15">
	  <s n="24"> The Working Group elected the following officers: </s>
	</p>
	<p n="16">
	  <s n="25"> Chairman: Mr. Stephen R. KARANGIZI (Uganda) </s>
	</p>
	<p n="17">
	  <s n="26"> Rapporteur: Sra. </s>
	  <s n="27"> Ligia GONZÁLEZ LOZANO (Mexico) </s>
	</p>
	<p n="18">
	  <s n="28"> The Working Group had before it the following documents: </s>
	</p>
	<p n="19">
	  <s n="29"> (a) Annotated provisional agenda (A/CN.9/WG.I/WP.46 and Corr.1); </s>
	</p>
	<p n="20">
	  <s n="30"> (b) A note concerning electronic reverse auctions and abnormally low tenders (A/CN.9/WG.I/WP.43 and Add.1); </s>
	</p>
	<p n="21">
	  <s n="31"> (c) A comparative study of framework agreements (A/CN.9/WG.I/WP.44 and Add.1); </s>
	</p>
	<p n="22">
	  <s n="32"> (d) A note concerning suppliers&apos; lists (A/CN.9/WG.I/WP.45 and Add.1); </s>
	</p>
	<p n="23">
	  <s n="33"> (e) A note concerning the use of electronic communications in the procurement process and the electronic publication of procurement-related information, including drafting materials (A/CN.9/WG.I/WP.47); </s>
	</p>
	<p n="24">
	  <s n="34"> (f) A further note concerning electronic reverse auctions, including drafting materials (A/CN.9/WG.I/WP.48); and </s>
	</p>
	<p n="25">
	  <s n="35"> (g) A note on legislative work of international organizations relating to public procurement (A/CN.9/598/Add.1). </s>
	</p>
	<p n="26">
	  <s n="36"> The Working Group adopted the following agenda: </s>
	</p>
	<p n="27">
	  <s n="37"> Opening of the session. </s>
	</p>
	<p n="28">
	  <s n="38"> Election of officers. </s>
	</p>
	<p n="29">
	  <s n="39"> Adoption of the agenda. </s>
	</p>
	<p n="30">
	  <s n="40"> Consideration of proposals for the revision of the UNCITRAL Model Law on Procurement of Goods, Construction and Services. </s>
	</p>
	<p n="31">
	  <s n="41"> Other business. </s>
	</p>
	<p n="32">
	  <s n="42"> Adoption of the report of the Working Group. </s>
	</p>
	<p n="33">
	  <s n="43"> Deliberations and decisions </s>
	</p>
	<p n="34">
	  <s n="44"> At its tenth session, the Working Group continued its work on the elaboration of proposals for the revision of the Model Law. </s>
	  <s n="45"> The Working Group used the notes by the Secretariat referred to in paragraph 8 above (WP.43 and 44 and their addenda, 47 and 48, and document A/CN.9/598/Add.1) as a basis for its deliberations. </s>
	  <s n="46"> The Working Group agreed to defer the consideration of document A/CN.9/WG.I/WP.45 and Add.1 to a future session. </s>
	</p>
	<p n="35">
	  <s n="47"> The Working Group requested the Secretariat to revise the drafting materials reflecting the deliberations at the tenth session, for its consideration at its next session. </s>
	  <s n="48"> It also requested the Secretariat to prepare drafting materials for the Model Law and the Guide on the use of framework agreements. </s>
	  <s n="49"> The Working Group agreed to add the issue of conflicts of interest to the list of topics to be considered in the revision of the Model Law and the Guide. </s>
	</p>
	<p n="36">
	  <s n="50"> Consideration of proposals for the revision of the UNCITRAL Model Law on Procurement of Goods, Construction and Services </s>
	</p>
	<p n="37">
	  <s n="51"> General comments </s>
	</p>
	<p n="38">
	  <s n="52"> Project timetable </s>
	</p>
	<p n="39">
	  <s n="53"> The Working Group recalled the list of topics for its consideration in revising the Model Law, as follows: (a) electronic publication of procurement-related information; (b) the use of electronic communications in the procurement process; (c) controls over the use of electronic communications in the procurement process; (d) electronic reverse auctions (ERAs) and abnormally low tenders (ALTs); (e) the use of suppliers&apos; lists; (f) framework agreements; (g) procurement of services; (h) evaluation and comparison of tenders, and the use of procurement to promote industrial, social and environmental policies; (i) remedies and enforcement; (j) alternative methods of procurement; (k) community participation in procurement; (l) simplification and standardization of the Model Law; (m) legalization of documents; and (n) conflicts of interest in the procurement process, a topic that the Commission referred to the Working Group to ensure that the Model Law complied with the requirements of the United Nations Convention against Corruption in this regard (see para. </s>
	  <s n="54"> 3 above and para. </s>
	  <s n="55"> 85 below). </s>
	</p>
	<p n="40">
	  <s n="56"> The Working Group expressed its desire to complete its work on those topics in 2008. </s>
	  <s n="57"> In seeking to achieve that target, the Working Group noted that its first priority would be the preparation of the revised text of the Model Law itself. </s>
	</p>
	<p n="41">
	  <s n="58"> Revisions to the Guide to Enactment </s>
	</p>
	<p n="42">
	  <s n="59"> The Working Group noted that the Guide to Enactment could be addressed not just to legislators, but also to regulators and perhaps operators (procurement officials such as contracting officers and those in charge of designing electronic systems for use in procurement). </s>
	  <s n="60"> Therefore, its guidance could contain provisions addressed to each group of users, including guiding principles for legislators, regulatory guidance and practical guidance. </s>
	  <s n="61"> However, noting the target date for completion of its work (see para. </s>
	  <s n="62"> 13 above), the Working Group noted that it might not be possible to complete all aspects of the guidance by 2008. </s>
	  <s n="63"> The Working Group therefore requested the Secretariat to undertake consultations with experts and to draft the Guide to Enactment in the following order of priority: first, following completion of the relevant sections of the Model Law text, guidance for legislators in enacting its text; secondly, guidance for regulators, and, thirdly, perhaps, guidance for other users. </s>
	  <s n="64"> At its final session before the revised Model Law text was presented to the Commission, the Working Group would consider the Model Law text and the guidance to legislators and regulators completed to date. </s>
	  <s n="65"> The Secretariat would subsequently be entrusted with drafting any remaining aspects of the Guide for consideration by the Working Group. </s>
	</p>
	<p n="43">
	  <s n="66"> The use of electronic communications in procurement (A/CN.9/WG.I/X/CRP.2 and A/CN.9/WG.I/WP.47) </s>
	</p>
	<p n="44">
	  <s n="67"> Communications in procurement: new articles 5 bis and 9/5 ter </s>
	</p>
	<p n="45">
	  <s n="68"> The Working Group considered the wording of the draft articles 5 bis and 9/5 ter as contained in document A/CN.9/WG.I/X/CRP.2, presented to the Working Group for its consideration in addition to the wording of the draft articles proposed in paragraph 3 of A/CN.9/WG.I/WP.47. </s>
	</p>
	<p n="46">
	  <s n="69"> The general view was that the wording of draft article 5 bis in document A/CN.9/WG.I/X/CRP.2 was an improvement on the previous formulation, as it dealt with the issue of the use of communications in the procurement process in a way that was technologically neutral and addressed functional equivalence among various means of communications. </s>
	  <s n="70"> It was suggested that some refinement to make the provisions as precise as possible could be considered, so as to avoid the risk that they could be interpreted differently in different jurisdictions. </s>
	  <s n="71"> Furthermore, insufficient precision could inadvertently give rise to the risk of review actions. </s>
	  <s n="72"> It was also suggested that the provisions should be drafted in such a way so as to ensure that they addressed all aspects of procurement under the Model Law, and not only communications generated during a particular procurement. </s>
	  <s n="73"> An example of an aspect of procurement that could otherwise be excluded in some jurisdictions would be review procedures. </s>
	</p>
	<p n="47">
	  <s n="74"> The Working Group considered whether the provisions in draft articles 5 bis and 9/5 ter should be consolidated in one article. </s>
	  <s n="75"> The prevailing view was that they should be so consolidated because they both addressed the topic of communications in the procurement process. </s>
	</p>
	<p n="48">
	  <s n="76"> The consideration of draft articles 5 bis and 9/5 ter then proceeded on the basis of a consolidated article, as follows: </s>
	</p>
	<p n="49">
	  <s n="77"> “Article 5 bis. </s>
	  <s n="78"> Communications during the procurement process </s>
	</p>
	<p n="50">
	  <s n="79"> (1) Subject to the requirements set out in article [cross reference], the procuring entity shall select: </s>
	</p>
	<p n="51">
	  <s n="80"> (a) The means by which documents, notifications, decisions and other information in the procurement proceedings are to be communicated by or to the procuring entity or any administrative authority involved in the procurement, or a supplier or contractor or to the public; and </s>
	</p>
	<p n="52">
	  <s n="81"> (b) The means by which any requirement under this Law for information to be in writing or for a signature is to be satisfied. </s>
	</p>
	<p n="53">
	  <s n="82"> (2) The means of communication of information selected, and of any requirements for writing and signatures being satisfied, must be readily capable of being used with those in common use among suppliers or contractors of the goods, services or construction being the subject matter of the procurement. </s>
	  <s n="83"> Such means are to be specified by the procuring entity when first soliciting the participation of suppliers or contractors in the procurement proceedings. </s>
	</p>
	<p n="54">
	  <s n="84"> (3) The provisions of paragraph 1 of this article shall apply equally to the creation of the record of the procurement proceedings, and holding meetings of suppliers or contractors. </s>
	</p>
	<p n="55">
	  <s n="85"> (4) The procurement regulations shall establish measures to ensure the authenticity, integrity and confidentiality of documents, notifications, decisions and other communications or information. </s>
	</p>
	<p n="56">
	  <s n="86"> (5) Subject to other provisions of this Law, documents, notifications, decisions and other information to be communicated by or to the procuring entity or any administrative authority involved in the procurement or a supplier or contractor shall be in a form that provides a record of information contained therein and shall be accessible so as to be usable for subsequent reference. </s>
	</p>
	<p n="57">
	  <s n="87"> (6) Communication of information between suppliers or contractors and the procuring entity referred to in articles [7 (4) and (6), 12 (3), 31 (2)(a), 32 (1)(d), 34 (1), 36 (1), 37 (3), 44 (b) to (f) and 47 (1), to update for revisions to Model Law] may be made by means that do not provide a record of the information contained therein provided that, immediately thereafter, confirmation of the communication is given to the recipient of the communication in a form that provides a record of the information contained therein and is accessible so as to be usable for subsequent reference.” </s>
	</p>
	<p n="58">
	  <s n="88"> The following drafting suggestions were made with respect to draft article 5 bis (1): (i) to use the word “specify” instead of “select” in the opening sentence and in subparagraph (2); (ii) to update the cross-references between means and form of communications following the consolidation of the draft article; (iii) as any requirement for information to be in writing or for a signature could be found in other laws, the procuring entity itself might not be in a position to stipulate how the requirements would be satisfied. </s>
	  <s n="89"> Accordingly, the text could state either that the procuring entity should set out the requirements in the solicitation documents, referring where necessary to existing laws that governed the questions, or the words “unless regulated by other law” could be inserted in the beginning of subparagraph (b). </s>
	</p>
	<p n="59">
	  <s n="90"> Regarding draft article 5 bis (2), it was suggested that the word “potential” be added to qualify “suppliers or contractors”, so as to make it clear that the provisions addressed suppliers at large. </s>
	  <s n="91"> However, it was also recalled that article 2 of the Model Law defined “supplier or contractor” as including potential suppliers and contractors, according to the circumstances. </s>
	  <s n="92"> The Working Group requested the Secretariat to consider whether the suggested addition would be necessary in this context, and also to consider whether the drafting of the proviso could be improved. </s>
	</p>
	<p n="60">
	  <s n="93"> Regarding draft article 5 bis (3), it was agreed that the items referred to should be expanded to include other aspects of the procurement process that would be subject to the same requirements. </s>
	</p>
	<p n="61">
	  <s n="94"> The Working Group considered the interrelationship between the provisions facilitating the use of electronic commerce already adopted (provisions that may be similar to the UNCITRAL Model Law on Electronic Commerce, for example) and the provisions adopted for the purposes of public procurement. </s>
	  <s n="95"> It was noted that other branches of law, such as contract law and the law of electronic commerce, might regulate these issues in some jurisdictions, but that other issues arising in the procurement context might not be covered elsewhere. </s>
	  <s n="96"> It was suggested that the paragraph be redrafted in the passive, providing that appropriate measures of authenticity, integrity and confidentiality should be provided for, but should be flexible so that to respect the particular circumstances in each enacting State. </s>
	  <s n="97"> The Working Group&apos;s attention was drawn to the fact that this paragraph would provide for requirements applicable both to electronic and paper communications, introducing explicit requirements for the former. </s>
	</p>
	<p n="62">
	  <s n="98"> The point was made that in drafting article 5 bis and any provisions for the Guide to Enactment on confidentiality, trade or other information that should be kept confidential (as required in article 45 of the Model Law, for example) should be distinguished from information that should be made public. </s>
	</p>
	<p n="63">
	  <s n="99"> It was recalled that the reference to “accessibility” had been deleted from draft article 5 bis (4), as the focus of the paragraph should be on measures needed to ensure security of communication and information in procurement. </s>
	  <s n="100"> Accessibility, it was said, aimed at another objective, namely non-discrimination, and should be dealt with elsewhere, or as a separate element of draft article 5 bis (4). </s>
	</p>
	<p n="64">
	  <s n="101"> The question arose as to whether the Model Law would contain sufficient safeguards against discrimination in communication if article 9 (3) of the Model Law were replaced by the proposed article 5 bis (2). </s>
	  <s n="102"> The positive phraseology of draft article 5 bis (2), it was said, was aimed at ensuring competition, rather than non-discrimination. </s>
	  <s n="103"> However, the Working Group noted that the provisions of article 9 (3) could be inconsistent with giving the procuring entity the right to specify the means of communication in the procurement process. </s>
	  <s n="104"> The Working Group recalled its consideration of this subject at its ninth session (A/CN.9/595, paras. </s>
	  <s n="105"> 23-38), and in particular the reference to the preamble of the Model Law, which provided for the fair and equitable treatment of all suppliers and contractors. </s>
	  <s n="106"> Recalling its wish for the Guide to Enactment to elaborate on the notion of non-discrimination, the Working Group decided to continue the approach of addressing the question in the Guide rather than reinserting article 9 (3). </s>
	</p>
	<p n="65">
	  <s n="107"> It was also agreed that the title of the consolidated draft article, which would address both the means and form of communications in procurement, should be changed to “Communications in procurement” so as to convey the general scope of the article. </s>
	</p>
	<p n="66">
	  <s n="108"> Electronic submission of tenders: revision to article 30 (5) </s>
	</p>
	<p n="67">
	  <s n="109"> The Working Group considered the alternative proposals for article 30 (5) contained in paragraph 2 of document A/CN.9/WG.I/X/CRP.2, and in paragraph 21 of document A/CN.9/WG.I/WP.47. </s>
	  <s n="110"> The Working Group was of the view that consideration of the revisions to article 30 (5) should proceed on the basis of the text in document A/CN.9/WG.I/X/CRP.2. </s>
	</p>
	<p n="68">
	  <s n="111"> The following drafting suggestions were made to the proposed text of article 30 (5), which were accepted by the Working Group: (i) to merge the opening sentence in paragraph (a) with subparagraph (i); (ii) to split subparagraph (ii) into two parts, one dealing with submission of tenders in paper and the other with submission of tenders in any other form; (iii) to replace the word “protection” in subparagraph (ii) with the words “integrity and confidentiality”, so as to ensure consistency between articles 5 bis (4) and 30 (5)(d); (iv) to delete the word “security” in paragraph (d); and (v) to replace the words “the time of its submission” with either “the time of its receipt”, or with “the time as determined by the procuring entity but in no case later than the time of its receipt”. </s>
	  <s n="112"> The latter formulation was preferred, such that the entire provision would read: “(d) the procuring entity shall preserve the integrity and confidentiality of a tender from the time as determined by the procuring entity, but in no case later than the time of its receipt, and shall ensure that the content of the tender is examined only after its opening in accordance with this Law”. </s>
	  <s n="113"> The formulation was considered to provide sufficient flexibility in cases where responsibility for protection of tenders was assumed by the procuring entity earlier than the moment of receipt of tenders, so as to allow (for example) for the encryption and decryption of electronic tenders by a procuring entity rather than suppliers. </s>
	</p>
	<p n="69">
	  <s n="114"> Doubts were expressed as regards the desirability of removing the concept of “security” from the proposed article 30 (5)(d). </s>
	  <s n="115"> It was noted that the concept of “security” was different from (though related to) the concepts of integrity and confidentiality. </s>
	  <s n="116"> The importance of preserving security in both the paper-based and electronic environments was stressed. </s>
	  <s n="117"> The Working Group&apos;s understanding was that sufficient safeguards were already provided in draft articles 30 (5) and 5 bis, as amended, to ensure adequate security in the procurement process as a whole and in the submission of tenders in particular. </s>
	</p>
	<p n="70">
	  <s n="118"> The point was made that the Guide should provide assistance to enacting States as regards these issues. </s>
	  <s n="119"> It was noted that separate treatment of submission and receipt of tenders in the paper and electronic environments might be justifiable, so as to avoid imposing more stringent requirements appropriate in the electronic environment on the paper-based environment, where they might not be necessary. </s>
	  <s n="120"> It was also noted that imposing excessive requirements might discourage the use of electronic submission of tenders. </s>
	</p>
	<p n="71">
	  <s n="121"> Electronic opening of tenders: revisions to new article 33 (4) (A/CN.9/WG.I/WP.47, paragraph 29) </s>
	</p>
	<p n="72">
	  <s n="122"> The Working Group agreed to make the proposed text of new article 33 (4) technologically neutral by deleting references to “electronic”, “electronically”, and “optical” means of procurement and communication. </s>
	  <s n="123"> It was also agreed that the words “capable of following [the opening of the tenders]” would be replaced with the words “fully apprised of” to convey the meaning that suppliers or contractors should be allowed not only to observe the opening process but also make comments instantaneously. </s>
	</p>
	<p n="73">
	  <s n="124"> The Working Group decided that proposed paragraph 4 as amended would be merged with paragraph 2 of article 33, so that the latter would read as follows: </s>
	</p>
	<p n="74">
	  <s n="125"> “(2) All suppliers or contractors that have submitted tenders, or their representatives, shall be permitted by the procuring entity to be present at the opening of tenders. </s>
	  <s n="126"> Suppliers or contractors shall be deemed to have been permitted to be present at the opening of the tenders if they are fully apprised of the opening of the tenders contemporaneously through the means of communication used by the procuring entity.” </s>
	</p>
	<p n="75">
	  <s n="127"> Electronic publication of procurement-related information (A/CN.9/WG.I/WP.47, paragraphs 30-37) </s>
	</p>
	<p n="76">
	  <s n="128"> Article 5 </s>
	</p>
	<p n="77">
	  <s n="129"> The Working Group agreed that article 5 would be split into two paragraphs as suggested in paragraph 31 of document A/CN.9/WG.I/WP.47. </s>
	  <s n="130"> Significant important judicial decisions and administrative rulings would be required to be published, but with a requirement “to update [the information] on a regular basis if need be”, but there would be no requirement to “systematically maintain” that information. </s>
	</p>
	<p n="78">
	  <s n="131"> Publication of information on forthcoming procurement opportunities </s>
	</p>
	<p n="79">
	  <s n="132"> The Working Group noted developments at international and regional levels towards encouraging the publication of information on forthcoming procurement opportunities through regulation, in particular by providing incentives for such publication, such as allowing a shorter time period in the procurement process. </s>
	  <s n="133"> Strong support was expressed for the inclusion of provisions on the publication of information on forthcoming procurement opportunities in the Model Law as, it was said, that practice encouraged procurement planning, led to better discipline in procurement (for example, reducing instances of splitting procurements to avoid the application of more stringent rules) and benefited suppliers and contractors (by allowing them to identify needs, plan the allocation of necessary resources and take other preparatory actions for the participation in forthcoming procurements). </s>
	</p>
	<p n="80">
	  <s n="134"> Caution was expressed, however, as the benefits of such publication were not clearly established, and as the information could change (suppliers or contractors thereby incurring unnecessary costs having relied on it). </s>
	  <s n="135"> The Model Law, it was said, should encourage best practice and should recognize that making available abundant irrelevant or misleading information (as opposed to useful and relevant information) might compromise the objectives of the Model Law, including transparency. </s>
	  <s n="136"> On the other hand, it was noted that, in some jurisdictions, the publication of such information might already be required or necessary as part of the planning process. </s>
	</p>
	<p n="81">
	  <s n="137"> The Working Group agreed that enabling provisions on publication of information on forthcoming procurement opportunities should be included in the Model Law, based on the wording in paragraph 33 of document A/CN.9/WG.I/WP.47. </s>
	  <s n="138"> The text would be permissive, using the words “procuring entities may publish”. </s>
	  <s n="139"> The Working Group considered that the word “may” required support to make the provision effective. </s>
	  <s n="140"> In this regard, it was agreed that the Guide should refer to incentives that enacting States might provide for procuring entities to publish that type of information, and to any existing regulations and practices. </s>
	  <s n="141"> The Working Group noted that the Guide should stress that suppliers or contractors would not be entitled to any remedy if the procurement were cancelled following its pre-advertisement. </s>
	  <s n="142"> At the same time, the Guide should draw appropriate balance between the benefits and concerns that publication of that information might raise. </s>
	</p>
	<p n="82">
	  <s n="143"> C. Draft provisions to enable the use of electronic reverse auctions in the Model Law (A/CN.9/WG.I/WP.48, A/CN.9/WG.I/WP.43, paragraphs 54-66, A/CN.9/WG.I/WP.43/Add.1, paragraphs 1-6, and A/CN.9/WG.I/WP.40, paragraph 27) </s>
	</p>
	<p n="83">
	  <s n="144"> Location of the provisions on ERAs </s>
	</p>
	<p n="84">
	  <s n="145"> The Working Group considered the structure of the Model Law as a whole, noting that the conditions for use and procedures to be applied in particular procurement methods appeared in different chapters of the Model Law. </s>
	  <s n="146"> Noting that it might wish to consider altering that structure at a future time, the Working Group agreed on a preliminary basis to include provisions stipulating the conditions for the use of ERAs to chapter II of the Model Law (which listed methods of procurement and their conditions for use). </s>
	  <s n="147"> Provisions on procedural matters of ERAs, it was agreed, would be included elsewhere, such as in chapter V of the Model Law (which described procedures for alternative methods of procurement). </s>
	  <s n="148"> This location, it was observed, would also allow the use of ERAs in various procurement methods, such as tendering or request for quotations, or as a stand-alone method. </s>
	</p>
	<p n="85">
	  <s n="149"> However, the Working Group noted that a final decision on the structure of the Model Law would be taken after new procurement techniques, such as ERAs and framework agreements, had been considered. </s>
	  <s n="150"> It was also recognized that the current preference for tendering contained in article 18 of the Model Law might be revisited, so as to take account of evolving procurement techniques and tools. </s>
	</p>
	<p n="86">
	  <s n="151"> The view was expressed that in any event the Model Law would have to impose requirements according to which a procuring entity would choose the procurement method most appropriate for given circumstances. </s>
	  <s n="152"> It was also pointed out that the conditions for use of each procurement method would have to become more precise, especially in the light of the preliminary agreement in the Working Group that the selection of the method of procurement would no longer be exempted from the review under article 52 of the Model Law (A/CN.9/568, para. </s>
	</p>
	<p n="87">
	  <s n="153"> Conditions for the use of electronic reverse auctions: new article [36 bis] (A/CN.9/WG.I/WP.48, paragraphs 3-17) </s>
	</p>
	<p n="88">
	  <s n="154"> Article [36 bis] </s>
	</p>
	<p n="89">
	  <s n="155"> The Working Group considered the text of draft article 36 bis contained in paragraph 3 of document A/CN.9/WG.I/WP.48. </s>
	  <s n="156"> It recalled that all provisions in article 36 bis had to be taken as a package in order to preserve safeguards against improper use of ERAs (A/CN.9/595, para. </s>
	</p>
	<p n="90">
	  <s n="157"> The following drafting suggestions were made, which were accepted by the Working Group: (i) to put references and provisions related to construction or services in square brackets throughout the text as an indication to enacting States that these types of procurement could be excluded from the scope of the article; and (ii) to delete the reference to “commonly used goods, construction or services” throughout the text and instead use consistently the reference to goods, construction or services that were generally available on the market. </s>
	</p>
	<p n="91">
	  <s n="158"> The need for subparagraph (a) was questioned in the light of subparagraph (c) since the compliance with the conditions of the latter, it was said, led to the compliance with the requirements of subparagraph (a). </s>
	</p>
	<p n="92">
	  <s n="159"> As regards subparagraph (d), views varied as to whether both options in the text should be retained, or whether only one should appear in the Model Law (with the Guide to Enactment referring to the other as a possible alternative). </s>
	  <s n="160"> It was commented that neither approach would be desirable, if it resulted in conflicting provisions appearing in the Model Law and the Guide. </s>
	</p>
	<p n="93">
	  <s n="161"> It was noted that the question raised which award criteria should be permitted in procurements through ERAs—price only, or price and other criteria. </s>
	  <s n="162"> The view was expressed that to ensure the acceptability of the revised Model Law, its provisions should be drafted in a sufficiently flexible way allowing both price and non-price criteria in determining the successful bid. </s>
	  <s n="163"> However, recalling that the primary understanding that ERAs were most suitable for procurements where the price was the only award criterion, it was also commented that the more permissive language of the second option might allow the introduction of non-price criteria in inappropriate circumstances. </s>
	</p>
	<p n="94">
	  <s n="164"> After discussion, it was decided to retain both options in the Model Law, with the procurement regulations governing which option would be appropriate in the circumstances in any enacting State (to be reflected in the introduction to subparagraph (d)). </s>
	  <s n="165"> The second option would be amended to read as follows: “Where the successful tender is to be determined on the basis of the price and other criteria that can be transformed into monetary units and can be evaluated automatically.” </s>
	</p>
	<p n="95">
	  <s n="166"> It was the Working Group&apos;s understanding that the Guide would explain in detail the options for enacting States as regards both alternatives under the prevailing circumstances on the ground, including the level of experience with ERAs in any given jurisdiction, whether any services or construction procurement could be handled through ERAs, and taking into account the sectors of the economy. </s>
	  <s n="167"> In addition, the Guide should alert enacting States that ERAs might be prone to elevated risks of corrupt practices through outsourcing decision-making beyond government, such as to third-party software and service providers. </s>
	  <s n="168"> The Working Group also noted that provision should be made to ensure that any criteria to be used in determining the successful bid and the evaluation process would be disclosed to suppliers and contractors in the solicitation documents. </s>
	  <s n="169"> Further, it was stressed that care would be required to ensure that subjectivity in ERAs was not introduced (such as through a points system), and that simplicity and transparency in the process should be preserved. </s>
	</p>
	<p n="96">
	  <s n="170"> Guide to Enactment text </s>
	</p>
	<p n="97">
	  <s n="171"> The suggestion was made that, in addition to the points listed in paragraph 11 of document A/CN.9/WG.I/WP.48 as requiring a detailed commentary in the Guide, the Guide should stress that procuring entities should be aware of the opportunity costs arising from the use of ERAs (costs such as those flowing should vendors abandon the government market if required to bid through ERAs). </s>
	</p>
	<p n="98">
	  <s n="172"> Procedures in the pre-auction phase: new article [47 bis] (A/CN.9/WG.I/WP.48, paragraphs 18-27) </s>
	</p>
	<p n="99">
	  <s n="173"> The Working Group had before it the text of draft article 47 bis, contained in paragraph 18 of document A/CN.9/WG.I/WP.48. </s>
	  <s n="174"> The Working Group proceeded with the consideration of the article on the understanding that it would subsequently be merged with article 47 ter (see paras. </s>
	  <s n="175"> 57-63 below). </s>
	</p>
	<p n="100">
	  <s n="176"> The understanding of the Working Group was that provisions on pre-auction procedures had to be revised to ensure consistency with article 36 bis. </s>
	  <s n="177"> Some delegates in particular preferred that two different versions of an article dealing with pre-auction procedures be prepared as per the two alternative versions of paragraph (d) of article 36 bis previously agreed (see paras. </s>
	  <s n="178"> 40-46 above). </s>
	</p>
	<p n="101">
	  <s n="179"> The Working Group also agreed that the Model Law should not prevent appropriate use of ERAs as a procurement tool in procurement methods other than tendering, such as request for quotations, as well as in any other procurement techniques that may be envisaged by the revised Model Law, such as framework agreements and dynamic purchasing systems. </s>
	</p>
	<p n="102">
	  <s n="180"> Independently of the issue of the assessment of the qualification of the suppliers and responsiveness of tenders, the Working Group noted that two types of ERAs should be envisaged: first, a simpler version with price or other modifiable elements that can be transformed to monetary units as the only award criteria; and, secondly, a more complex version, in which non-modifiable elements of the tender would be subject to a prior evaluation. </s>
	  <s n="181"> The variable elements that could be expressed as monetary units would subsequently be submitted to the auction. </s>
	</p>
	<p n="103">
	  <s n="182"> The following drafting suggestions were made, which were referred to the Secretariat for consideration in the preparation of a revised article: (i) with reference to paragraph (1), to set out, for those procurement methods that could appropriately include ERAs, which of the normal requirements for each such procurement method would apply to the ERAs to be conducted (for example, it was noted that article 34 (4) (c), setting out procedures for the evaluation and comparison of tenders, was not applicable to ERAs); (ii) to permit both the simpler and more complex ERAs set out above; (iii) to redraft the article in a way that would make it clear which pre-auction procedures were involved in the simpler and more complex ERAs; (iv) to reflect that the rules of the conduct of ERAs, the criteria for evaluation of tenders and any formula or other mechanism for automatic re-evaluation of tenders should be disclosed to suppliers or contractors in the beginning of the procurement process; (v) in paragraph (3), to replace the reference to article 34 (3) with a reference to article 34 (2) that dealt with the determination of tenders&apos; responsiveness if references to tendering proceedings were to be retained; (vi) in the context of more complex ERAs, to state that invitations to participate in the auction (following pre-auction assessment(s)) were to be issued to the “bidders that had met mandatory criteria” or to the “bidders that had been chosen” rather than to all those whose tenders had been rejected as a result of those assessments; (vii) to reorder the sequence of the paragraphs to set out procedures common to both ERAs first; and (viii) to make the withdrawal of ERAs mandatory if in the opinion of the procuring entity the number of suppliers or contractors was insufficient to ensure effective competition at any time before the opening (rather than closure) of the auction (although it was noted that that approach was too prescriptive compared with a more flexible approach taken in some jurisdictions). </s>
	</p>
	<p n="104">
	  <s n="183"> The Working Group considered proposed alternative wording of article 47 bis, which read as follows: </s>
	</p>
	<p n="105">
	  <s n="184"> “Article [47 bis]. </s>
	  <s n="185"> Conduct of electronic reverse auctions in the pre-auction period </s>
	</p>
	<p n="106">
	  <s n="186"> (1) [The provisions of chapter III of this Law shall apply to procurement by means of electronic reverse auctions except to the extent that those provisions are derogated from in this article. </s>
	  <s n="187"> ] </s>
	</p>
	<p n="107">
	  <s n="188"> (2) The procuring entity may require either prequalification or, in addition, submission and assessment of initial tenders. </s>
	</p>
	<p n="108">
	  <s n="189"> (3) If the prequalification is required, the procuring entity shall prequalify suppliers or contractors in accordance with article 7 (5) and (6). </s>
	</p>
	<p n="109">
	  <s n="190"> (4) If the submission of initial tenders is required, the procuring entity shall carry out an initial assessment of the tenders to determine their responsiveness in accordance with article 34 (2). </s>
	</p>
	<p n="110">
	  <s n="191"> (5) The procuring entity shall send an invitation to participate in the auction to all suppliers or contractors except for those who have not been prequalified, or whose tenders have been rejected in accordance with article 34 (3). </s>
	</p>
	<p n="111">
	  <s n="192"> (6) The invitation to participate in the auction shall set out the manner and deadline by which suppliers and contractors shall register to participate in the auction. </s>
	  <s n="193"> Unless already provided to suppliers or contractors, the invitation to participate in the auction shall include all information necessary to enable the supplier or contractor to participate in the auction. </s>
	</p>
	<p n="112">
	  <s n="194"> (7) The procuring entity shall ensure that the number of suppliers or contractors invited to participate in the auction is sufficient to secure effective competition. </s>
	  <s n="195"> If the number of suppliers or contractors at any time before the opening of the auction, is in the opinion of the procuring entity insufficient to ensure effective competition, the procuring entity shall withdraw the electronic reverse auction. </s>
	</p>
	<p n="113">
	  <s n="196"> (8) If the successful tender shall be determined on the basis of not only price but price and criteria transformed into monetary units in accordance with article 36 bis [second (d)] [(e)], the procuring entity shall assess those elements of tenders that are not to be presented in the auction in accordance with such criteria and in accordance with the formula specified in the solicitation documents for the transformation of such elements into monetary units.” </s>
	</p>
	<p n="114">
	  <s n="197"> In introducing the draft article, the point was made that the article applied only for the pre-auction phase; in the auction phase, elements other than price and the elements referred to in paragraph (8) of the draft article, if applicable, could be factored in to determine the winning tender. </s>
	  <s n="198"> With reference to paragraph (8) of the draft article, it was also pointed out, that its scope had been narrowed in accordance with draft article 36 bis (d), second alternative. </s>
	</p>
	<p n="115">
	  <s n="199"> The view was expressed that the drafting should allow for the inevitable evolution of ERAs so as to avoid the provisions becoming obsolete. </s>
	  <s n="200"> Thus any ERA should be permitted, subject to a number of safeguards, including: (i) transparency through inter alia disclosure early in the procurement process, either in specifications or invitations to pre-qualify or invitation to participate in the auction, all information to suppliers that would allow them to determine how tenders would be evaluated and their ranking in the evaluation process vis-à-vis other participants; and (ii) objectivity through inter alia requiring the finality of the auction stage in determining the successful tender so as to prevent any post-auction evaluation. </s>
	</p>
	<p n="116">
	  <s n="201"> The Secretariat was requested carefully to consider which of the items listed in paragraph 60 of document A/CN.9/WG.I/WP.43 might need to be retained in the revised provisions. </s>
	  <s n="202"> The point was also made that in drafting the provisions either for the Model Law or the Guide no impression should be given that ERAs, even if all criteria for their use under article 36 bis had been met, were necessarily the only or a desirable tool to be used. </s>
	  <s n="203"> The Secretariat was requested to consult with experts having practical experience with the ERAs to ascertain that whatever was drafted for the Model Law and the Guide concerning ERAs was workable in practice. </s>
	  <s n="204"> Certain parts of the Guide that might require specific review by experts, such as those on ERAs, could be presented separately. </s>
	</p>
	<p n="117">
	  <s n="205"> Procedures in the auction phase: new article [47 ter] (A/CN.9/WG.I/WP.40, paragraph 27, and A/CN.9/WG.I/WP.43, paragraphs 54-58) </s>
	</p>
	<p n="118">
	  <s n="206"> The Working Group had before it the text of draft article 47 ter, contained in paragraph 27 of document A/CN.9/WG.I/WP.40 as amended by the text in paragraph 55 of document A/CN.9/WG.I/WP.43. </s>
	  <s n="207"> The Working Group proceeded with the consideration of the draft article recalling that it would subsequently be merged with article 47 bis (see para. </s>
	  <s n="208"> 48 above). </s>
	</p>
	<p n="119">
	  <s n="209"> It was noted that the article had been drafted to address ERAs in which the successful supplier would be chosen on the basis of price criteria alone. </s>
	  <s n="210"> In the light of its decisions regarding article 36 bis (see paras. </s>
	  <s n="211"> 40-46 above), the Working Group considered that the text should be expanded to address both the simple and more complex ERAs, and that other parameters decided during the Working Group&apos;s consideration of articles 36 bis and 47 bis (such as those designed to ensure objectivity and transparency in the use of ERAs) would apply equally, mutatis mutandis, to article 47 ter. </s>
	</p>
	<p n="120">
	  <s n="212"> It was noted that, further to the Working Group&apos;s understanding that ERAs could be used as a procurement tool in different procurement methods and techniques, the provisions in the draft that referred only to procedures conducted in accordance with the provisions of chapter III (tendering proceedings) in paragraphs (3), (6) and (7) would be revised. </s>
	</p>
	<p n="121">
	  <s n="213"> The question of the anonymity of the bidders during the ERA itself was discussed. </s>
	  <s n="214"> The Working Group agreed that the preservation of this anonymity during the auction phase was critical. </s>
	  <s n="215"> Views differed, however, as to whether that anonymity should be preserved after closure of the auction. </s>
	  <s n="216"> The predominant view was that the identity of the successful supplier and the winning price should be disclosed, as they would be in any other procurement under the Model Law, inter alia so as to permit a review of the procurement if necessary, but that the Working Group would consider at a future session whether to include provisions regarding anonymity after closure of the auction. </s>
	</p>
	<p n="122">
	  <s n="217"> The following comments were made on the text of the draft article: (i) in paragraph 1 (b), the words “lowest price submitted” should be replaced with the words “result of the auction according to the pre-disclosed formula”; (ii) in paragraph (2), the phrase “dates and times” should be replaced with “date and time”; (iii) in paragraph 3, the phrase “[may also at any time announce the number of participants in the auction but]” and the words “[during the auction]” should be deleted, and the Working Group would revisit at a future session the issue as to whether the references to articles 33 (2) and (3) should be replaced with the language that would reflect more clearly the use of ERAs; (iv) paragraph (3) bis should be placed in square brackets, pending the determination of the Working Group as to whether to retain the provision and, if so, what its contents should be so as to capture only those events that would justify the suspension or termination of an ERA; (v) in paragraph (5), the words “or ranked first according to the pre-disclosed formula” should be inserted after the words “lowest price”; and (vi) in paragraph (6), the provision be revised to provide that if the successful supplier did not enter into a procurement contract, the procuring entity would not be in a position to select another bid and instead might hold another ERA or adopt another procurement method. </s>
	</p>
	<p n="123">
	  <s n="218"> The Working Group decided to base its future deliberations on the following text: </s>
	</p>
	<p n="124">
	  <s n="219"> “Article 47 ter. </s>
	  <s n="220"> Conduct of electronic reverse auctions during the auction itself </s>
	</p>
	<p n="125">
	  <s n="221"> (1) During an electronic reverse auction: </s>
	</p>
	<p n="126">
	  <s n="222"> (a) There shall be automatic evaluation of all bids; </s>
	</p>
	<p n="127">
	  <s n="223"> (b) Procuring entities must instantaneously communicate [the result] of the auction according to the pre-disclosed formula to all bidders on a continuous basis during the auction; </s>
	</p>
	<p n="128">
	  <s n="224"> (c) All participating suppliers and contractors shall have an equal and continuous opportunity to revise their tenders in respect of those features presented through the auction process. </s>
	</p>
	<p n="129">
	  <s n="225"> (2) The auction shall be closed in accordance with the precise method, date and time specified in the solicitation documents or in the invitation to participate in the auction. </s>
	</p>
	<p n="130">
	  <s n="226"> (3) The procuring entity shall not disclose the identity of any bidder [until the auction has closed]. </s>
	  <s n="227"> [Articles 33 (2) and (3) shall not apply to a procedure involving an electronic reverse auction]. </s>
	</p>
	<p n="131">
	  <s n="228"> [(3) bis The procuring entity may suspend or terminate the electronic reverse auction in the case of system or communications failures. </s>
	  <s n="229"> ] </s>
	</p>
	<p n="132">
	  <s n="230"> (4) There shall be no communication between the procuring entity and suppliers or contractors during the electronic reverse auction other than as provided for in paragraphs 1 (b) and (c) above. </s>
	</p>
	<p n="133">
	  <s n="231"> (5) The successful bid shall be the bid with the lowest price or ranked first according to the pre-disclosed formula at the time the auction closes. </s>
	</p>
	<p n="134">
	  <s n="232"> (6) If the supplier or contractor submitting the successful bid in a procedure involving an electronic reverse auction is requested to demonstrate again its qualifications in accordance with [article 34 (6)] but fails to do so, if the supplier or contractor fails to sign a written procurement contract when required to do so, and/or fails to provide any required security for the performance of the contract, the procuring entity may not select another bid but may conduct another electronic reverse auction, which shall then be conducted in accordance with the provisions of this article, or adopt another method of procurement. </s>
	</p>
	<p n="135">
	  <s n="233"> (7) Where appropriate, [any reference to a tender in the Model Law] the reference to a tender in articles [list relevant articles] shall be read to include a reference to an initial tender submitted in a procedure involving an electronic reverse auction.” </s>
	</p>
	<p n="136">
	  <s n="234"> In the light of the different conditions for use and procedures that could arise in the use of the simpler and more complex ERAs, and the use of price and non-price criteria, the Working Group requested the Secretariat to consider the preparation of one composite draft for articles 47 bis and ter, to address all ERAs, or to separate the text into two alternatives, to reflect simpler and more complex ERAs. </s>
	  <s n="235"> It was noted that if the Secretariat included the text in paragraph 57 of A/CN.9/WG.I/WP.43 addressing non-price criteria in the revisions to be considered at the next session, the word “current” should be deleted, and that the Working Group would consider at its next session whether the reference to “the result” of the ERA in paragraph (1) (b) of the draft article above should be to “the ranking” of the suppliers. </s>
	</p>
	<p n="137">
	  <s n="236"> Other revisions to the text of the Model Law and the Guide to Enactment to enable the use of electronic reverse auctions (A/CN.9/WG.I/WP.43, paragraphs 59-66, and A/CN.9/WG.I/WP.43/Add.1, paragraphs 1-6) </s>
	</p>
	<p n="138">
	  <s n="237"> General comment </s>
	</p>
	<p n="139">
	  <s n="238"> It was the Working Group&apos;s understanding that ERAs could be used in other procurement methods as well as tendering proceedings. </s>
	</p>
	<p n="140">
	  <s n="239"> Record of procurement proceedings (article 11) (A/CN.9/WG.I/WP.43, paragraph 59) and modification and withdrawal of tenders (article 31) (A/CN.9/WG.I/WP.43, paragraphs 65-66) </s>
	</p>
	<p n="141">
	  <s n="240"> The Working Group agreed to revisit the question of how to refer to the use of ERAs in the record, and how and when offers in the context of ERAs could be modified and withdrawn, at a future session. </s>
	</p>
	<p n="142">
	  <s n="241"> Contents of solicitation documents (article 27) (A/CN.9/WG.I/WP.43, paragraphs 60-64) </s>
	</p>
	<p n="143">
	  <s n="242"> The Working Group considered the provisions in paragraph 60 of document A/CN.9/WG.I/WP.43. </s>
	</p>
	<p n="144">
	  <s n="243"> The following drafting suggestions were made: (i) to start the introduction to paragraph (n) bis with the phrase “in addition to the provisions in article 27”; (ii) in paragraph (n) bis (ii), to replace the reference to the “website address” with “address” or “website or other electronic address”; (iii) to replace the current (n) bis (iii) with “the rules for the conduct of the electronic reverse auction”; (iv) to expand paragraph (n) bis (iv) by referring in addition to the formula that would be used in the evaluation of criteria during the auction (noting that the suggested wording in paragraph 64 of document A/CN.9/WG.I/WP.43 would be amended to comply with articles 36 bis and 47 bis and ter and merged with paragraph (n) bis (iv)); (v) to reinstate, with the opening phrase stating “unless set out in the rules for the conduct of the electronic reverse auction”, the provisions of paragraph (n) bis (v), those provisions of paragraph (n) bis (vi) that referred to stages in ERAs and those provisions of paragraph (n) bis (vii) that referred to conditions under which bidders would bid (in particular the reference to increments); and (vi) to amend paragraph (n) bis (ix) to read as follows “all other information concerning the electronic reverse auction necessary to enable the supplier or contractor to participate in the auction”. </s>
	  <s n="244"> The Working Group confirmed its understanding that the remaining issues of paragraph (n) bis would be addressed in the Guide. </s>
	</p>
	<p n="145">
	  <s n="245"> The Working Group&apos;s understanding was that the Model Law should list only those requirements for the content of the solicitation documents in procurements conducted by way of ERAs that were crucial for the proper handling of ERAs and for the fair and equitable treatment of all suppliers and contractors. </s>
	  <s n="246"> The rules of ERAs, which would be included in the solicitation documents, would list any additional requirements, including any technical requirements for a particular ERA. </s>
	  <s n="247"> (Recommendations and guidance on those requirements should be discussed in the Guide). </s>
	</p>
	<p n="146">
	  <s n="248"> Tender securities (article 32) (A/CN.9/WG.I/WP.43/Add.1, paragraphs 1 to 4) </s>
	</p>
	<p n="147">
	  <s n="249"> The Working Group noted that tender securities were not often used in ERAs. </s>
	  <s n="250"> Views differed as to whether the Guide should discourage requiring tender securities in the context of ERAs, or whether a more flexible approach would be desirable (in that requiring a tender security could serve as a disincentive to withdraw the bid before the opening of the auction). </s>
	</p>
	<p n="148">
	  <s n="251"> Examination, evaluation and comparison of tenders (article 34) (A/CN.9/WG.I/WP.43/Add.1, paragraphs 5 to 6) </s>
	</p>
	<p n="149">
	  <s n="252"> The Working Group considered the provisions in paragraph 5 of document A/CN.9/WG.I/WP.43/Add.1. </s>
	</p>
	<p n="150">
	  <s n="253"> The Working Group agreed that the following wording would be considered at a future session: “No change in a matter of substance in the initial tender, including changes in price, shall be sought, offered or permitted, except during the auction itself”. </s>
	  <s n="254"> That wording would make it sure, it was said, that changes to tenders in ERAs were permitted only during the auction phase itself, and would avoid giving the impression that during the auction phase changes could be made to make unresponsive tenders responsive. </s>
	</p>
	<p n="151">
	  <s n="255"> D. Abnormally low tenders (A/CN.9/WG.I/WP.43/Add.1, paragraphs 7 to 13) </s>
	</p>
	<p n="152">
	  <s n="256"> Proposed additions to article 34 of the Model Law </s>
	</p>
	<p n="153">
	  <s n="257"> The Working Group considered the provisions in paragraph 8 of document A/CN.9/WG.I/WP.43/Add.1. </s>
	</p>
	<p n="154">
	  <s n="258"> The following drafting suggestions were made: (i) to refer to “concerns as to the capacity of the tenderer(s) to perform the contract” throughout the text; and (ii) to amend paragraph 4 (a) bis (ii) to read as follows: “[t]he procuring entity has taken account of the information supplied, if any, but continues, on a reasonable basis, to hold those concerns”. </s>
	</p>
	<p n="155">
	  <s n="259"> The Working Group&apos;s understanding was that the supplier&apos;s refusal to provide information requested by the procuring entity should not give an automatic right to the procuring entity to reject the tender on the basis that it was abnormally low. </s>
	  <s n="260"> The Working Group deferred its decision on whether any decision regarding abnormally low tenders by the procuring entity should be open to review. </s>
	  <s n="261"> The Working Group noted that domestic regulation of that issue might vary significantly. </s>
	  <s n="262"> It was suggested that the Working Group might revert to that point when it considered review provisions. </s>
	</p>
	<p n="156">
	  <s n="263"> The Secretariat was requested to propose the appropriate location for the provisions, taking into account that the issue should not be limited to tendering proceedings, and that risks of ALTs should be examined and addressed by the procuring entity at any stage of the procurement, including through qualification of suppliers. </s>
	</p>
	<p n="157">
	  <s n="264"> Proposed additions to the Guide to Enactment text addressing article 34 </s>
	</p>
	<p n="158">
	  <s n="265"> It was agreed that the Guide should discuss the issues raised in paragraph 8 of document A/CN.9/WG.I/WP.43/Add.1, other issues considered by the Working Group at its eighth session (A/CN.9/590, paras. </s>
	  <s n="266"> 107-109) as well as issues discussed in a note by the Secretariat A/CN.9/WG.I/WP.36 (in particular danger of rejecting tenders applying “arithmetical methods”, and the cost-effectiveness and cost implications for SMEs of performance bonds and independent guarantees). </s>
	  <s n="267"> The Working Group agreed that the Guide should highlight the importance of adequate examination of tenders for their responsiveness and supplier for their solvency, of precise and detailed specifications and of objective criteria, for identifying and rejecting ALTs. </s>
	</p>
	<p n="159">
	  <s n="268"> As regards the text for the Guide in paragraph 13 of document A/CN.9/WG.I/WP.43/Add.1, the Secretariat was requested to: (i) consider the order in which the elements of guidance should be presented; (ii) reconsider the reference to “a normal level of profit” in paragraph (1) bis as that criterion might be subjective and possibly irrelevant in defining ALTs; and (iii) provide examples of ALTs rather than defining the concept. </s>
	</p>
	<p n="160">
	  <s n="269"> With reference to paragraph (1) quater contained in paragraph 13 of document A/CN.9/WG.I/WP.43/Add.1, views varied on whether the Guide should contain more flexible wording regarding information that may be requested by procuring entities about the cost structure of tenders. </s>
	  <s n="270"> The prevailing view was that procuring entities should be alerted that it might be inappropriate to request that type of information from suppliers, but that there would be no prohibition on doing so. </s>
	  <s n="271"> The Secretariat was requested, in redrafting the provisions for the Guide, to take into account differences in regulation of the subject in various jurisdictions (for example, in some instances, contracting officials were barred from demanding information relating to cost structure, because of risks that such information could be misused). </s>
	</p>
	<p n="161">
	  <s n="272"> E. Framework agreements (A/CN.9/WG.I/WP.44 and Add.1) </s>
	</p>
	<p n="162">
	  <s n="273"> Some delegates and observers updated information in documents A/CN.9/WG.I/WP.44 and Add.1 in the light of the most recent developments in the use and regulation of framework agreement in their respective jurisdictions. </s>
	</p>
	<p n="163">
	  <s n="274"> The Working Group noted that two major issues would primarily affect the preparation of any drafting materials on the subject: first, whether specifications could be altered within the operation of the framework agreements, and second, whether suppliers not parties to the original framework agreement could join it after the conclusion of the master contract. </s>
	  <s n="275"> The view was expressed that the response to these questions would depend on the complexity and subject-matter of framework arrangements. </s>
	  <s n="276"> It was suggested that the Model Law provisions should be drafted sufficiently broadly to accommodate any type of framework agreements. </s>
	</p>
	<p n="164">
	  <s n="277"> The Working Group, recognizing the wide-spread use of framework agreements and noting positive experience with their use in some jurisdictions (and trends towards their express regulation), entrusted the Secretariat with the preparation of drafting materials for the Model Law and the Guide that would set out conditions for the use of framework agreements and provide necessary safeguards against commonly encountered problems in their use, such as risks of collusion among suppliers, corruption and anti-competitiveness. </s>
	</p>
	<p n="165">
	  <s n="278"> Other business </s>
	</p>
	<p n="166">
	  <s n="279"> The Working Group had before it a note by the Secretariat on legislative work of international organizations relating to public procurement (A/CN.9/598/Add.1) (see paras. </s>
	  <s n="280"> 8 and 10 above). </s>
	  <s n="281"> The Working Group took note of the recommendation by the Commission that the Working Group, in updating the Model Law and the Guide, should take into account the issue of conflicts of interest and should consider whether any specific provisions addressing that issue would be warranted in the Model Law (see para. </s>
	  <s n="282"> 3 above). </s>
	</p>
	<p n="167">
	  <s n="283"> In that context, the Working Group noted the provisions on conflicts of interest contained in the e-tendering and electronic reverse auctions requirements and guidelines of the multilateral development banks (the “MDBs”) for MDB financed procurement (A/CN.9/598/Add.1, paras. </s>
	  <s n="284"> 15 and 17), and in article 9 of the United Nations Convention against Corruption (A/CN.9/598/Add.1, paras. </s>
	  <s n="285"> As regards the latter, the Working Group noted that article 9 (1)(e) of the Convention required taking, where appropriate, measures to regulate matters regarding personnel responsible for procurement, such as declaration of interest in particular public procurements, screening procedures and training requirements, which had no equivalent in the Model Law. </s>
	</p>
	<p n="168">
	  <s n="286"> The Working Group also heard a report from the Secretariat on its participation at the coordination meeting of the MDBs (Rome, 19-20 September 2006) that discussed, inter alia a study being undertaken by the MDBs on the issues of corruption and technology in public procurement, in which conflicts of interest in the context of electronic procurement would be specifically addressed. </s>
	</p>
	<p n="169">
	  <s n="287"> The Working Group agreed to add the issue of conflicts of interest to the list of topics to be considered in the revision of the Model Law and the Guide. </s>
	</p>
	<p n="170">
	  <s n="288"> The Working Group also heard reports on current legislative and other related activities in the procurement field, from regional and international organizations and authorities and confirmed that its work in revising the Model Law should be undertaken in close cooperation with those organizations and authorities. </s>
	</p>
	<p n="171">
	  <s n="289"> Notes </s>
	</p>
	<p n="172">
	  <s n="290"> General Assembly resolution 58/4, annex. </s>
	</p>
	<p n="173">
	  <s n="291"> For the text of the Model Law, see Official Records of the General Assembly, Fifty-first Session, Supplement No. 17 (A/51/17), annex I (also published in the UNCITRAL Yearbook, vol. XXVII:1996 (United Nations publication, Sales No. </s>
	  <s n="292"> E.98.V.7), part three, annex I). </s>
	  <s n="293"> The Model Law and its accompanying Guide to Enactment have been published as United Nations publication, Sales No. </s>
	  <s n="294"> E.99.V.4, and are available in electronic form at the UNCITRAL website (http://www.uncitral.org/english/texts/electcom/ml-ecomm.htm). </s>
	</p>
	<p n="174">
	  <s n="295"> Section 12 of the E-Tendering Requirements and section 11 of the E-reverse Auction Guidelines, both available at http://www.mdb-egp.org. </s>
	</p>
	</body>
</text>
</DOC>