<?xml version="1.0" encoding="UTF-8"?>
<DOC lang="English" n="N0355936" id="JOURNAL NO. 2003/205" date="2003/10/24">
<text>
	<body>
	<p n="1">
	  <s n="1"> Official meetings </s>
	</p>
	<p n="2">
	  <s n="2"> Friday, 24 October 2003 </s>
	</p>
	<p n="3">
	  <s n="3"> Security Council </s>
	</p>
	<p n="4">
	  <s n="4"> 3 p.m4848th meeting Security Council Chamber </s>
	</p>
	<p n="5">
	  <s n="5"> Adoption of the agenda </s>
	</p>
	<p n="6">
	  <s n="6"> The situation in Afghanistan </s>
	</p>
	<p n="7">
	  <s n="7"> Afternoon1 Consultations of the whole (closed) Consultations Room </s>
	</p>
	<p n="8">
	  <s n="8"> Afghanistan </s>
	</p>
	<p n="9">
	  <s n="9"> Other matters </s>
	</p>
	<p n="10">
	  <s n="10"> 1 To be held following the adjournment of the 4848th meeting. </s>
	</p>
	<p n="11">
	  <s n="11"> Military Staff Committee </s>
	</p>
	<p n="12">
	  <s n="12"> 11 a.m.-1 p.m. 1520th meeting (closed) Conference Room 9 </s>
	</p>
	<p n="13">
	  <s n="13"> General Assembly </s>
	</p>
	<p n="14">
	  <s n="14"> Fifty-eighth session </s>
	</p>
	<p n="15">
	  <s n="15"> Main Committees </s>
	</p>
	<p n="16">
	  <s n="16"> First Committee </s>
	</p>
	<p n="17">
	  <s n="17"> 10 a.m.-1 p.m. 15th meeting Conference Room 4 </s>
	</p>
	<p n="18">
	  <s n="18"> Thematic discussion on item subjects, introduction and consideration of all draft resolutions submitted under agenda items 62 to 80: </s>
	</p>
	<p n="19">
	  <s n="19"> Documents of the First Committee: item 62 (A/58/202, A/C.1/58/L.32); item 63 (A/58/128, A/C.1/58/L.48); item 64 (A/58/29, A/C.1/58/L.24); item 65 (A/C.1/58/L.11, A/C.1/58/L.58); item 66 (A/C.1/58/L.6); item 67 (A/C.1/58/L.30); item 68 (A/C.1/58/L.3); item 69 (A/58/373, A/C.1/58/L.33); item 70 (A/58/137, A/58/137 (Part I), A/58/137 (Part I)/Add.1, A/58/137 (Part II), A/C.1/58/L.22); item 71 (A/C.1/58/L.8); item 72 (A/C.1/58/L.44); item 73 (A/58/117 and A/58/117/Add.1, A/58/117/Add.2, A/58/129, A/58/129/Add.1, A/58/130, A/58/138, A/58/162, A/58/162/Add.1, A/58/176 and A/58/176/Add.1, A/58/207, A/58/208, A/58/208/Add.1, A/58/406, A/58/848, A/C.1/58/4, A/C.1/58/L.1, A/C.1/58/L.2, A/C.1/58/L.4, A/C.1/58/L.9, A/C.1/58/L.10, A/C.1/58/L.12, A/C.1/58/L.14, A/C.1/58/L.15, A/C.1/58/L.16, A/C.1/58/L.17, A/C.1/58/L.18, A/C.1/58/L.19, A/C.1/58/L.25, A/C.1/58/L.25/Rev.1, A/C.1/58/L.26, A/C.1/58/L.27, A/C.1/58/L.29, A/C.1/58/L.31, A/C.1/58/L.34, A/C.1/58/L.35, A/C.1/58/L.38, A/C.1/58/L.39, A/C.1/58/L.40, A/C.1/58/L.41, A/C.1/58/L.43, A/C.1/58/L.45, A/C.1/58/L.46, A/C.1/58/L.47, A/C.1/58/L.49, A/C.1/58/L.51, A/C.1/58/L.53); item 74 (A/58/122, A/58/139, A/58/177, A/58/190, A/58/203, A/58/274, A/C.1/58/L.7, A/C.1/58/L.13, A/C.1/58/L.21, A/C.1/58/L.28, A/C.1/58/L.36, A/C.1/58/L.54, A/C.1/58/L.55, A/C.1/58/L.57); item 75 (A/58/27, A/58/42, A/58/259; A/58/316, A/C.1/58/L.5, A/C.1/58/L.20); item 76 (A/58/259, A/58/137, A/58/137 (Part I), A/58/137 (Part I)/Add.1, A/58/137 (Part II), A/C.1/58/L.23); item 77 (A/58/163, A/C.1/58/L.50); item 78 (A/58/132, A/58/132/Add.1, A/58/132/Add.2, A/C.1/58/L.42); item 79 (A/58/385, A/C.1/58/L.52); and item 80 (A/C.1/58/L.37) (other documents: A/C.1/58/1, A/ C.1/58/2, A/ C.1/58/3 and A/C.1/58/INF.1) </s>
	</p>
	<p n="20">
	  <s n="20"> Special Political and Decolonization Committee (Fourth Committee) </s>
	</p>
	<p n="21">
	  <s n="21"> 3-6 p.m Informal consultations (closed) Conference Room 2 </s>
	</p>
	<p n="22">
	  <s n="22"> Informal consultations on issues related to revitalization </s>
	</p>
	<p n="23">
	  <s n="23"> Second Committee </s>
	</p>
	<p n="24">
	  <s n="24"> 10 a.m. 21st meeting Conference Room 2 </s>
	</p>
	<p n="25">
	  <s n="25"> Macroeconomic policy questions (A/58/131-S/2003/703 and A/58/413) </s>
	</p>
	<p n="26">
	  <s n="26"> (b) Science and Technology for development (A/58/3 (Suppl. </s>
	  <s n="27"> ), A/58/74-E/2003/58, A/58/76, A/58/201 and A/58/204) </s>
	</p>
	<p n="27">
	  <s n="28"> (c) Specific actions related to the particular needs and problems of landlocked developing countries (A/58/209, A/C.2/58/3 and A/CONF.202/31) </s>
	</p>
	<p n="28">
	  <s n="29"> 1 To be issued. </s>
	</p>
	<p n="29">
	  <s n="30"> (d) International financial system and development (A/58/369 and A/58/204) </s>
	</p>
	<p n="30">
	  <s n="31"> (e) External debt crisis and development (A/58/290, A/58/204 and A/58/4371) </s>
	</p>
	<p n="31">
	  <s n="32"> (f) Outcome of the International Ministerial Conference of Landlocked and Transit Developing Countries and Donor Countries and International Financial and Development Institutions on Transit Transport Cooperation (A/58/388 and A/C.2/58/3) </s>
	</p>
	<p n="32">
	  <s n="33"> Conclusion of general discussion </s>
	</p>
	<p n="33">
	  <s n="34"> Morning2-1 p.m Informal consultations (closed) Conference Room 2 </s>
	</p>
	<p n="34">
	  <s n="35"> Informal consultations, under the Chairmanship of Ms. Ulrika Cronenberg-Mossberg (Sweden), on agenda items 92 (Sectoral policy questions: preventing and combating corrupt practices and transfer of funds of illicit origin and returning such assets to the countries of origin (A/C.2/58/L.2)) and 98 (Implementation of the first United Nations Decade for the Eradication of Poverty (1997-2006) (A/C.2/58/L.3 and A/C.2/58/L.4)) </s>
	</p>
	<p n="35">
	  <s n="36"> 1 To be issued. </s>
	</p>
	<p n="36">
	  <s n="37"> 2Following the adjournment of the 21st meeting of the Second Committee. </s>
	</p>
	<p n="37">
	  <s n="38"> Third Committee </s>
	</p>
	<p n="38">
	  <s n="39"> 3-6 p.m. 24th meeting Conference Room 1 </s>
	</p>
	<p n="39">
	  <s n="40"> Advancement of women </s>
	</p>
	<p n="40">
	  <s n="41"> Introduction of draft resolutions A/C.3/58/L.18, A/C.3/58/L.20 and A/C.3/58/L.21 </s>
	</p>
	<p n="41">
	  <s n="42"> Elimination of racism and racial discrimination </s>
	</p>
	<p n="42">
	  <s n="43"> (a) Elimination of racism and racial discrimination (A/58/3, A/58/18, A/58/80-E/2003/71 and A/58/313) </s>
	</p>
	<p n="43">
	  <s n="44"> (b) Comprehensive implementation of and follow-up to the Durban Declaration and Programme of Action (A/58/324 and A/58/331) </s>
	</p>
	<p n="44">
	  <s n="45"> Rights of peoples to self-determination (A/58/115 and A/58/180) </s>
	</p>
	<p n="45">
	  <s n="46"> Introductory statements and dialogue with the Special rapporteur on measures to combat contemporary forms of racism, racial discrimination, xenophobia and related intolerance and general discussion </s>
	</p>
	<p n="46">
	  <s n="47"> Fifth Committee </s>
	</p>
	<p n="47">
	  <s n="48"> 10 a.m. 9th meeting Conference Room 3 </s>
	</p>
	<p n="48">
	  <s n="49"> Financial reports and audited financial statements, and reports of the Board of Auditors </s>
	</p>
	<p n="49">
	  <s n="50"> Action on draft resolution A/C.5/58/L.7 </s>
	</p>
	<p n="50">
	  <s n="51"> Review of the efficiency of the administrative and financial functioning of the United Nations </s>
	</p>
	<p n="51">
	  <s n="52"> Action on draft resolutions A/C.5/58/L.4, A/C.5/58/L.5 and A/C.5/58/L.6 </s>
	</p>
	<p n="52">
	  <s n="53"> Programme budget for the biennium 2002-2003 </s>
	</p>
	<p n="53">
	  <s n="54"> Action on draft resolution A/C.5/58/L.8 and draft decision A/C.5/58/L.3 </s>
	</p>
	<p n="54">
	  <s n="55"> Administrative and budgetary aspects of the financing of the United Nations peacekeeping operations </s>
	</p>
	<p n="55">
	  <s n="56"> Action on draft resolutions A/C.5/58/L.9 and A/C.5/58/L.10 </s>
	</p>
	<p n="56">
	  <s n="57"> Report of the Secretary-General on the activities of the Office of Internal Oversight Services </s>
	</p>
	<p n="57">
	  <s n="58"> Annual report of the Office of Internal Oversight Services (A/58/364) </s>
	</p>
	<p n="58">
	  <s n="59"> Audit of the Headquarters Committee on Contracts (A/58/294) </s>
	</p>
	<p n="59">
	  <s n="60"> Review of the structure and operations of the United Nations information centers (A/57/747) </s>
	</p>
	<p n="60">
	  <s n="61"> Conclusion of general discussion </s>
	</p>
	<p n="61">
	  <s n="62"> Review of the efficiency of the administrative and financial functioning of the United Nations </s>
	</p>
	<p n="62">
	  <s n="63"> Reports of the Office of Internal Oversight Services on: </s>
	</p>
	<p n="63">
	  <s n="64"> Review of duplication, complexity and bureaucracy in United Nations administrative processes and procedures (A/58/211) </s>
	</p>
	<p n="64">
	  <s n="65"> Audit of the Investment Management Service of the United Nations Joint Staff Pension Fund (A/58/81) </s>
	</p>
	<p n="65">
	  <s n="66"> Conclusion of general discussion </s>
	</p>
	<p n="66">
	  <s n="67"> Programme budget for the biennium 2002-2003 </s>
	</p>
	<p n="67">
	  <s n="68"> Construction of additional office facilities at the Economic Commission for Africa, Addis Ababa (A/58/154, A/58/7 and A/58/7/Corr.1) </s>
	</p>
	<p n="68">
	  <s n="69"> Strengthening the United Nations web site (A/58/217 and A/58/7/Add.1) </s>
	</p>
	<p n="69">
	  <s n="70"> Conclusion of general discussion </s>
	</p>
	<p n="70">
	  <s n="71"> Morning1-1 p.m Informal consultations (closed) Conference Room 5 </s>
	</p>
	<p n="71">
	  <s n="72"> Informal consultations on agenda item 133 (Scale of assessments for the apportionment of the expenses of the United Nations peacekeeping operations (A/58/157)) </s>
	</p>
	<p n="72">
	  <s n="73"> 3-6 p.m Informal consultations (closed) Conference Room 5 </s>
	</p>
	<p n="73">
	  <s n="74"> Informal consultations on agenda items 120 (Programme budget for the biennium 2002-2003: conditions of service and compensation for officials, other than Secretariat officials, serving the General Assembly: full-time members of the International Civil Service Commission and the Chairman of the Advisory Committee on Administrative and Budgetary Questions (A/C.5/57/35); and conditions of service and compensation for officials other than Secretariat officials: members of the International Court of Justice, judges of the International Tribunal for the Former Yugoslavia and judges of the International Criminal Tribunal for Rwanda (A/C.5/57/36)); and 119 (Review of the efficiency of the administrative and financial functioning of the United Nations: report of the Office of Internal Oversight Services on the audit of the Investment Management Service of the United Nations Joint Staff Pension Fund (A/58/81)) </s>
	</p>
	<p n="74">
	  <s n="75"> 1 Following the adjournment of the 9th meeting of the Fifth Committee. </s>
	</p>
	<p n="75">
	  <s n="76"> Advisory Committee on Administrative and Budgetary Questions </s>
	</p>
	<p n="76">
	  <s n="77"> 10.30 a.m.-1 p.m. Closed meeting Conference Room 10 </s>
	</p>
	<p n="77">
	  <s n="78"> 3-6 p.m. Closed meeting Conference Room 10 </s>
	</p>
	<p n="78">
	  <s n="79"> Repertory of Practice of United Nations Organs and the Repertoire of the Practice of the Security Council </s>
	</p>
	<p n="79">
	  <s n="80"> Executive session on the United Nations Joint Staff Pension Fund (UNJSPF) </s>
	</p>
	<p n="80">
	  <s n="81"> Draft reports </s>
	</p>
	<p n="81">
	  <s n="82"> Working Group on the Future Operation of the International Research and Training Institute for the Advancement of Women (INSTRAW) </s>
	</p>
	<p n="82">
	  <s n="83"> 3-4 p.m. 4th meeting (closed) Economic and Social Council Chamber </s>
	</p>
	<p n="83">
	  <s n="84"> Other meetings </s>
	</p>
	<p n="84">
	  <s n="85"> The information below is reproduced as received and does not imply any opinion or endorsement by the Secretariat of the United Nations. </s>
	</p>
	<p n="85">
	  <s n="86"> Friday, 24 October 2003 </s>
	</p>
	<p n="86">
	  <s n="87"> Asian Group of the Whole </s>
	</p>
	<p n="87">
	  <s n="88"> 10 a.m.-1 p.m. Closed meeting Economic and Social Council Chamber </s>
	</p>
	<p n="88">
	  <s n="89"> Group of 77 (on agenda items 93 (a) and (c) and 97 (b)) </s>
	</p>
	<p n="89">
	  <s n="90"> 10 a.m.-1 p.m. Closed meeting Conference Room 8 </s>
	</p>
	<p n="90">
	  <s n="91"> Group of 77 (on environment and sustainable development issues) </s>
	</p>
	<p n="91">
	  <s n="92"> 3-6 p.m. Closed meeting Conference Room 8 </s>
	</p>
	<p n="92">
	  <s n="93"> Group of 77 (on macroeconomic issues; and financing for development) </s>
	</p>
	<p n="93">
	  <s n="94"> 4-6 p.m. Closed meeting Economic and Social Council Chamber </s>
	</p>
	<p n="94">
	  <s n="95"> Informal consultations on draft resolutions on the preparation for and observance of the International Year of the Family and on the importance of the guidance and the role of parents in the care, control and development of children (under agenda item 106) (organized by the Permanent Mission of Benin) </s>
	</p>
	<p n="95">
	  <s n="96"> 10 a.m.-1 p.m. Closed meeting Conference Room 1 </s>
	</p>
	<p n="96">
	  <s n="97"> 3-6 p.m. Closed meeting Conference Room 6 </s>
	</p>
	<p n="97">
	  <s n="98"> Meeting of co-sponsors on the draft resolution on human rights and terrorism (agenda item 117 (b)) (organized by the Permanent Mission of Algeria) </s>
	</p>
	<p n="98">
	  <s n="99"> 10 a.m.-1 p.m. Closed meeting Conference Room 7 </s>
	</p>
	<p n="99">
	  <s n="100"> Open-ended informal consultations on the draft resolution entitled “Violence against women” (Third Committee) (organized by the Permanent Mission of Netherlands) </s>
	</p>
	<p n="100">
	  <s n="101"> 10 a.m.-1 p.m. Closed meeting Conference Room 6 </s>
	</p>
	<p n="101">
	  <s n="102"> Open-ended informal consultations on draft resolution on the implementation of the world programme of action concerning disabled persons: towards a society for all in the twenty-first century (agenda item 106) (Third Committee) (organized by the Permanent Mission of Philippines) </s>
	</p>
	<p n="102">
	  <s n="103"> 10 a.m.-12 noon. </s>
	  <s n="104"> Closed meeting Conference Room A </s>
	</p>
	<p n="103">
	  <s n="105"> African Group (Third Committee experts) </s>
	</p>
	<p n="104">
	  <s n="106"> 1.15-2.45 p.m. Closed meeting Conference Room 1 </s>
	</p>
	<p n="105">
	  <s n="107"> African Group of the Whole </s>
	</p>
	<p n="106">
	  <s n="108"> 3-6 p.m. Closed meeting Conference Room 3 </s>
	</p>
	<p n="107">
	  <s n="109"> Open-ended informal consultations on the follow-up to the Fourth World Conference on Women and of the twenty-third special session of the General Assembly, entitled “Women 2000: gender equality, development and peace for the twenty-first century” (Third Committee) (agenda item 111) (organized by the Permanent Mission of Colombia) </s>
	</p>
	<p n="108">
	  <s n="110"> 1.15-2.45 p.m. Closed meeting Conference Room 5 </s>
	</p>
	<p n="109">
	  <s n="111"> Open-ended informal consultations on the draft resolution entitled &quot;Scope of legal protection under the Convention on the Safety of United Nations and Associated Personnel&quot; (Sixth Committee) (agenda item 157) (organized by the Permanent Mission of New Zealand) </s>
	</p>
	<p n="110">
	  <s n="112"> 1.15-2.45 p.m. Closed meeting Conference Room 6 </s>
	</p>
	<p n="111">
	  <s n="113"> Meeting of interested co-sponsors of a draft resolution on sustainable mountain development (agenda item 94 (g)) (organized by the Permanent Mission of Switzerland) </s>
	</p>
	<p n="112">
	  <s n="114"> 2-3 p.m. Closed meeting Economic and Social Council Chamber </s>
	</p>
	<p n="113">
	  <s n="115"> Informal consultations on the draft resolution entitled “General and complete disarmament: Conference of States parties and signatories of treaties that have established nuclear-weapon-free zones” (A/C.1/58/L.19) (agenda item 73) (organized by the Permanent Mission of Mexico) </s>
	</p>
	<p n="114">
	  <s n="116"> 3-6 p.m. Closed meeting Conference Room 4 </s>
	</p>
	<p n="115">
	  <s n="117"> Open-ended informal consultations on the draft resolution on torture and other cruel, inhuman or degrading treatment or punishment (agenda item 117 (a)) (organized by the Permanent Mission of Denmark) </s>
	</p>
	<p n="116">
	  <s n="118"> 3-5 p.m. Closed meeting Conference Room A </s>
	</p>
	<p n="117">
	  <s n="119"> OIC Group (Sixth Committee experts) </s>
	</p>
	<p n="118">
	  <s n="120"> 3-4.30 p.m. Closed meeting Conference Room E </s>
	</p>
	<p n="119">
	  <s n="121"> Briefing on updated organizational arrangements for the High-level Dialogue on Financing for Development and related events </s>
	</p>
	<p n="120">
	  <s n="122"> A briefing by the Financing for Development Office, Department of Economic and Social Affairs, on updated organizational arrangements for the High-level Dialogue on Financing for Development (29-30 October 2003) and related events, will be held today, 24 October 2003, from 3 to 4.30 p.m. in the Trusteeship Council Chamber. </s>
	  <s n="123"> Members of permanent missions, agencies and organizations of the United Nations system, Secretariat staff and representatives of intergovernmental and non-governmental organizations are invited to attend. </s>
	  <s n="124"> Background information is available on the Financing for Development Web site www.un.org/esa/ffd. </s>
	  <s n="125"> For further information, please contact Mr. Alexandre Trepelkov (room DC2-1758; tel. </s>
	</p>
	<p n="121">
	  <s n="126"> United Nations Administrative Tribunal </s>
	</p>
	<p n="122">
	  <s n="127"> The United Nations Administrative Tribunal will hold closed meetings today, 24 October 2003, from 10 a.m. to 1 p.m. and from 3 to 6 p.m. in room DC2-0461. </s>
	</p>
	<p n="123">
	  <s n="128"> Press conferences </s>
	</p>
	<p n="124">
	  <s n="129"> The schedule below is tentative; up-to-date information can be obtained at www.un.org/News/ossg/conf.htm. </s>
	</p>
	<p n="125">
	  <s n="130"> Friday, 24 October 2003 </s>
	</p>
	<p n="126">
	  <s n="131"> Room S-226 </s>
	</p>
	<p n="127">
	  <s n="132"> 12 noon Press briefing by the Spokesman </s>
	</p>
	<p n="128">
	  <s n="133"> Forthcoming official meetings </s>
	</p>
	<p n="129">
	  <s n="134"> Monday, 27 October 2003 </s>
	</p>
	<p n="130">
	  <s n="135"> General Assembly </s>
	</p>
	<p n="131">
	  <s n="136"> Fifty-eighth session </s>
	</p>
	<p n="132">
	  <s n="137"> 10 a.m. 43rd plenary meeting General Assembly Hall </s>
	</p>
	<p n="133">
	  <s n="138"> Follow-up to the outcome of the Millennium Summit: draft resolution (A/58/L.5) </s>
	</p>
	<p n="134">
	  <s n="139"> Revitalization of the work of the General Assembly ; United Nations reform: measures and proposals ; Restructuring and revitalization of the United Nations in the economic, social and related fields ; Strengthening of the United Nations system: reports of the Secretary-General (A/57/786, A/58/175, A/58/351, A/58/382, A/58/395 and A/58/395/Corr.1) : joint debate </s>
	</p>
	<p n="135">
	  <s n="140"> High-level dialogue for the implementation of the outcome of the International Conference on Financing for Development: draft decision (A/58/L.6) [104 (b)] </s>
	</p>
	<p n="136">
	  <s n="141"> 3 p.m. 44th plenary meeting General Assembly Hall </s>
	</p>
	<p n="137">
	  <s n="142"> Revitalization of the work of the General Assembly ; United Nations reform: measures and proposals ; Restructuring and revitalization of the United Nations in the economic, social and related fields ; Strengthening of the United Nations system: reports of the Secretary-General (A/57/786, A/58/175, A/58/351, A/58/382, A/58/395 and A/58/395/Corr.1) : joint debate </s>
	</p>
	<p n="138">
	  <s n="143"> Open-ended panel of the General Assembly on commodities </s>
	</p>
	<p n="139">
	  <s n="144"> 3-5 p.m. Conference Room 3 </s>
	</p>
	<p n="140">
	  <s n="145"> Chair: H.E. Mr. Julian R. Hunte President of the General Assembly </s>
	</p>
	<p n="141">
	  <s n="146"> Panellists: Independent eminent persons: </s>
	</p>
	<p n="142">
	  <s n="147"> Mr. Jorio Dauster Mr. Roman Grynberg Mr. Irfanul Haque Mr. Martin Khor Mr. Mandé Sidibé </s>
	</p>
	<p n="143">
	  <s n="148"> [Accredited non-governmental organizations and media are invited to attend. </s>
	  <s n="149"> ] </s>
	</p>
	<p n="144">
	  <s n="150"> Second Committee Panel discussion on “Partnerships” </s>
	</p>
	<p n="145">
	  <s n="151"> There will be a panel discussion on “Partnerships”, organized by the Department of Economic and Social Affairs, on Monday, 27 October 2003, from 11.30 a.m. to 1 p.m. in Conference Room 4. </s>
	  <s n="152"> The meeting will be chaired by H.E. Mr. Iftekhar Chowdhury (Bangladesh), Chairman of the Second Committee. </s>
	  <s n="153"> The panellists will include Mr. Talal Abu-Ghazaleh, Vice-Chairman of the United Nations Information and communication Technologies (ICT) Task Force and Chairman and CEO of TAGO; Mr. Robert Coultas, Representative of Rotary International to the United Nations; Mr. Georg Kell, Executive Head, Global Compact Office; and Mr. Amir Dossal, Executive Director, United Nations Fund for International Partnerships (UNFIP). </s>
	</p>
	<p n="146">
	  <s n="154"> Members of permanent missions, agencies and organizations of the United Nations system, Secretariat staff, representatives of non-governmental organizations and the media are invited to attend. </s>
	  <s n="155"> For further information please contact the Division for ECOSOC Support and Coordination, DESA (tel. </s>
	  <s n="156"> 1 (212) 963-4201; or e-mail ecosocinfo@un.org). </s>
	</p>
	<p n="147">
	  <s n="157"> Second Committee </s>
	</p>
	<p n="148">
	  <s n="158"> Third Committee </s>
	</p>
	<p n="149">
	  <s n="159"> Briefing </s>
	</p>
	<p n="150">
	  <s n="160"> A keynote address to the Second and Third Committees delegates will be made by Mr. Juan Somavía, Director-General of the International Labour Organization, on the social dimensions of globalization, on Monday, 27 October 2003, from 5 to 6 p.m. in the Trusteeship Council Chamber. </s>
	  <s n="161"> The meeting will be co-chaired by H.E. Mr. Iftekhar Chowdhury (Bangladesh), Chairman of the Second Committee, and a representative of the Chairman of the Third Committee. </s>
	</p>
	<p n="151">
	  <s n="162"> Members of permanent missions, United Nations staff, representatives of non-governmental organizations and the media are invited to attend. </s>
	</p>
	<p n="152">
	  <s n="163"> Third Committee </s>
	</p>
	<p n="153">
	  <s n="164"> The Third Committee will hear introductory statements by the Special Rapporteurs and Special Representatives presenting reports to the Committee, as follows: </s>
	</p>
	<p n="154">
	  <s n="165"> Under agenda item 116: </s>
	</p>
	<p n="155">
	  <s n="166"> Monday, 27 October 2003: Mr. Enrique Bernales Ballesteros (Special Rapporteur on the question of the use of mercenaries as a means of violating human rights and impeding the exercise of the right of peoples to self-determination); </s>
	</p>
	<p n="156">
	  <s n="167"> Under agenda item 117: </s>
	</p>
	<p n="157">
	  <s n="168"> Monday, 10 November, at 3 p.m.: Ms. Hina Jilani (Special Representative of the Secretary-General on Human Rights Defenders); Mr. Peter Leuprecht (Special Representative of the Secretary-General for human rights in Cambodia; and Ms. Gabriela Rodríguez Pizarro (Special Rapporteur on the human rights of migrants); </s>
	</p>
	<p n="158">
	  <s n="169"> Tuesday, 11 November, at 10 a.m.: Mr. Abdelfattah Amor (Special Rapporteur on freedom of religion or belief); Mr. Theo van Boven (Special Rapporteur on torture and other cruel, inhuman or degrading treatment or punishment); and Mr. Francis Deng (Special Representative of the Secretary-General on internally displaced persons); at 3 p.m.: Mr. Jean Ziegler (Special Rapporteur on the right to food); Mr. Paul Hunt (Special Rapporteur on the right of everyone to the enjoyment of the highest attainable standard of physical and mental health); and Ms. Yakin Ertürk (Special Rapporteur on violence against women, its causes and consequences); and </s>
	</p>
	<p n="159">
	  <s n="170"> Wednesday, 12 November, at 10 a.m.: Mr. Paulo Sérgio Pinheiro (Special Rapporteur on the situation of human rights in Myanmar); Ms. Marie-Thérèse Aïssata Kéita-Bocoum (Special Rapporteur on the situation of human rights in Burundi); and Ms. Iulia Motoc (Special Rapporteur on the situation of human rights in the Democratic Republic of the Congo); at 3 p.m.: Mr. Andreas Mavrommatis (Special Rapporteur on the situation of human rights in Iraq); and Mr. John Dugard (Special Rapporteur on the situation of human rights in the Palestinian territories occupied since 1967). </s>
	</p>
	<p n="160">
	  <s n="171"> Following the introduction of each of these reports, the floor will be open to members of the Committee for dialogue, questions and comments. </s>
	  <s n="172"> All interested members of the Committee are invited to participate. </s>
	</p>
	<p n="161">
	  <s n="173"> United Nations Pledging Conference for Development Activities </s>
	</p>
	<p n="162">
	  <s n="174"> The 2003 United Nations Pledging Conference for Development Activities will be held on Tuesday, 4 November 2003, at 3 p.m. in Conference Room 4. </s>
	  <s n="175"> It would be appreciated if delegations could submit the names of their representatives to the pledging conference, in writing, to Ms. Lorna Fidler (tel. </s>
	  <s n="176"> 1 (212) 963-2319; fax 1 (212) 963-5935). </s>
	  <s n="177"> The list of speakers will be open as of Friday, 24 October 2003. </s>
	  <s n="178"> Delegations wishing to be inscribed are requested to contact Ms. Lorna Fidler. </s>
	</p>
	<p n="163">
	  <s n="179"> Economic and Social Council </s>
	</p>
	<p n="164">
	  <s n="180"> Resumed substantive session 2003 </s>
	</p>
	<p n="165">
	  <s n="181"> There will be a meeting of the resumed substantive session 2003, on Friday, 31 October 2003, at 3 p.m. in the Economic and Social Council, on the following outstanding matters before the resumed substantive session 2003: </s>
	</p>
	<p n="166">
	  <s n="182"> Adoption of the agenda and other organizational matters (E/2003/104 and E/2003/1051) </s>
	</p>
	<p n="167">
	  <s n="183"> Elections2: </s>
	</p>
	<p n="168">
	  <s n="184"> Commission on Science and Technology for Development </s>
	</p>
	<p n="169">
	  <s n="185"> Intergovernmental Working Group of Experts on International Standards of Accounting and Reporting </s>
	</p>
	<p n="170">
	  <s n="186"> United Nations International Research and Training Institute for the Advancement of Women (E/2003/L.3/Add.13) </s>
	</p>
	<p n="171">
	  <s n="187"> Committee for the United Nations Population Award </s>
	</p>
	<p n="172">
	  <s n="188"> Governing Council of the United Nations Human Settlements Programme </s>
	</p>
	<p n="173">
	  <s n="189"> Joint United Nations Programme on HIV/AIDS (UNAIDS) </s>
	</p>
	<p n="174">
	  <s n="190"> International Narcotics Control Board (E/2003/L.3/Add.12) </s>
	</p>
	<p n="175">
	  <s n="191"> Regional cooperation (E/2003/15/Add.2)1 </s>
	</p>
	<p n="176">
	  <s n="192"> Economic and environmental questions </s>
	</p>
	<p n="177">
	  <s n="193"> (h) International cooperation in tax matters </s>
	</p>
	<p n="178">
	  <s n="194"> (i) United Nations Forum on Forests (E/2003/42) </s>
	</p>
	<p n="179">
	  <s n="195"> 1 To be issued. </s>
	</p>
	<p n="180">
	  <s n="196"> 2 For additional information on elections, please contact Ms. Nancy Beteta (tel. </s>
	</p>
	<p n="181">
	  <s n="197"> Other forthcoming meetings </s>
	</p>
	<p n="182">
	  <s n="198"> The information below is reproduced as received and does not imply any opinion or endorsement by the Secretariat of the United Nations. </s>
	</p>
	<p n="183">
	  <s n="199"> Annual Parliamentary Hearing at the United Nations </s>
	</p>
	<p n="184">
	  <s n="200"> The Annual Parliamentary Hearing at the United Nations, organized by the Inter-Parliamentary Union, in cooperation with the United Nations, will take place on Monday, 27 October 2003, from 10 a.m. to 1 p.m. and from 3 to 6 p.m. in the Economic and Social Council Chamber. </s>
	  <s n="201"> The Secretary-General of the United Nations will open the meeting with the President of the Inter-Parliamentary Union. </s>
	  <s n="202"> All members of the United Nations community are invited to attend as observers. </s>
	  <s n="203"> For further information, including the complete programme and list of speakers, please contact Mr. Alessandro Motter, Permanent Observer Office of the Inter-Parliamentary Union (tel. </s>
	  <s n="204"> 1 (212) 557-5880; e-mail am@mail.ipu.org). </s>
	</p>
	<p n="185">
	  <s n="205"> Informal consultations on the return or restitution of cultural property to the countries of origin (agenda item 43) (organized by the Permanent Mission of Greece) </s>
	</p>
	<p n="186">
	  <s n="206"> Informal consultations on the return or restitution of cultural property to the countries of origin (agenda item 43), organized by the Permanent Mission of Greece, will be held on Monday, 27 October 2003, at 10 a.m. in Conference Room A. </s>
	</p>
	<p n="187">
	  <s n="207"> Informal hearings of civil society and the business sector on financing for development </s>
	</p>
	<p n="188">
	  <s n="208"> In preparation for the High-level Dialogue on Financing for Development (29-30 October 2003), there will be informal hearings of civil society and the business sector, chaired by H.E. Mr. Julian R. Hunte (Saint Lucia), President of the fifty-eight session of the General Assembly. </s>
	  <s n="209"> The hearings of civil society will take place on Tuesday, 28 October 2003, from 10 a.m. to 1 p.m. in Conference Room 4. </s>
	  <s n="210"> The hearings of the business sector will be held on Tuesday, 28 October 2003, from 3 to 6 p.m. in Conference Room 4. </s>
	  <s n="211"> Members of permanent missions, agencies and organizations of the United Nations system, Secretariat staff, representatives of non-governmental organizations and the media are invited to attend. </s>
	  <s n="212"> Background information and provisional programmes of both hearings are available on the Financing for Development Web site www.un.org/esa/ffd. </s>
	  <s n="213"> For further information, please contact Mr. Daniel Platz (tel. </s>
	  <s n="214"> 1 (212) 963-3664); or Mr. Krishnan Sharma (tel. </s>
	</p>
	<p n="189">
	  <s n="215"> Informal consultations on a draft resolution on violence against women (Third Committee) (organized by the Permanent Mission of the Netherlands) </s>
	</p>
	<p n="190">
	  <s n="216"> Informal consultations on a draft resolution on violence against women (Third Committee), organized by the Permanent Mission of the Netherlands, will be held on Monday and Tuesday, 27 and 28 October 2003, from 1.15 to 2.45 p.m. in Conference Room B. </s>
	</p>
	<p n="191">
	  <s n="217"> Policy dialogue on “Global Governance Reform” </s>
	</p>
	<p n="192">
	  <s n="218"> A policy dialogue on “Global Governance Reform”, sponsored by the NGO International Facilitating Group on Financing for Development, in collaboration with the Financing for Development Office of the Department of Economic and Social Affairs, will take place on Monday, 27 October 2003, from 3 to 5 p.m. in Conference Room 5. </s>
	  <s n="219"> Members of permanent missions, agencies and organizations of the United Nations system, Secretariat staff, representatives of non-governmental organizations and the media are invited to attend. </s>
	</p>
	<p n="193">
	  <s n="220"> JUSCANZ Group (on Third Committee matters) </s>
	</p>
	<p n="194">
	  <s n="221"> There will be meetings of the JUSCANZ Group (on Third Committee matters) on Tuesday, 28 October 2003, from 9 to 9.45 a.m. in Conference Room A. </s>
	</p>
	<p n="195">
	  <s n="222"> Fourth Meeting of the Open Forum for Partnership </s>
	</p>
	<p n="196">
	  <s n="223"> The Fourth Meeting of the Open Forum for Partnership, organized by the United Nations Office of the High Representative of the Least Developed Countries, Landlocked Developing Countries and Small Island Developing Countries, will be held on Tuesday, 28 October 2003, from 10 a.m. to 12 noon in Conference Room 6. </s>
	  <s n="224"> Mr. Rubens Ricupero, Secretary-General, United Nations Conference on Trade and Development (UNCTAD), will make a presentation on the theme “UNCTAD XI: The Way Forward After Cancún for the Least Developed Countries”. </s>
	  <s n="225"> Members of permanent missions, agencies and organizations of the United Nations system, Secretariat staff, representatives of non-governmental organizations and the media are invited to attend. </s>
	  <s n="226"> For further information please contact Mr. Eder García (tel. </s>
	  <s n="227"> 1 (212) 963-5051; or e-mail ohrlls-unhq@un.org). </s>
	</p>
	<p n="197">
	  <s n="228"> Briefing by the Executive Secretary of the Economic and Social Commission for Western Asia </s>
	</p>
	<p n="198">
	  <s n="229"> The Executive Secretary of the Economic and Social Commission for Western Asia (ESCWA), Ms. Mervat Tallawy, will hold a briefing to the Arab Group (at the ambassadorial level), on the implementation of financing for development and of sustainable development in the region, on Tuesday, 28 October 2003, at 10.30 a.m. in Conference Room 7. </s>
	</p>
	<p n="199">
	  <s n="230"> Briefing by the Executive Secretary of the Economic and Social Commission for Asia and the Pacific </s>
	</p>
	<p n="200">
	  <s n="231"> The Executive Secretary of the Economic and Social Commission for Asia and the Pacific (ESCAP), Mr. Kim Hak-Su, will hold a briefing on the implementation of financing for development and of sustainable development in the region, on Tuesday, 28 October 2003, from 11.30 a.m. to 12.30 p.m. in Conference Room 9. </s>
	</p>
	<p n="201">
	  <s n="232"> Briefing on “The International Financial Structure” (organized by the Permanent Mission of Sweden) </s>
	</p>
	<p n="202">
	  <s n="233"> There will be a briefing on “The International Financial Structure”, organized by the Permanent Mission of Sweden, on Wednesday, 29 October 2003, from 1.15 to 2.45 p.m. in Conference Room 8. </s>
	  <s n="234"> A new study on the international financial structure will be presented by its authors. </s>
	  <s n="235"> The meeting will be chaired by Ms. Ruth Jacoby, Director-General for Development Cooperation, Ministry for Foreign Affairs of Sweden. </s>
	  <s n="236"> Members of permanent missions, agencies and organizations of the United Nations system, Secretariat staff and representatives of non-governmental organizations are invited to attend. </s>
	</p>
	<p n="203">
	  <s n="237"> Southern African Development Committee (SADC) (Third Committee experts) (agenda item 112) </s>
	</p>
	<p n="204">
	  <s n="238"> There will be a meeting of the Southern African Development Committee (SADC) (Third Committee experts) (agenda item 112) on Wednesday, 29 October 2003, from 1.15 to 2.45 p.m. in Conference Room C. </s>
	</p>
	<p n="205">
	  <s n="239"> Panel discussion on “Policy Coherence, Mutual Accountability and Partnership: Fulfilling the Promises of Monterrey” </s>
	</p>
	<p n="206">
	  <s n="240"> A panel discussion on “Policy Coherence, Mutual Accountability and Partnership: Fulfilling the Promises of Monterrey”, organized by the United Nations Development Programme and the Centre for Global Development, in collaboration with the Financing for Development Office of the Department of Economic and Social Affairs, will be held on Wednesday, 29 October 2003, from 1.30 to 2.45 p.m. in Conference Room 4. </s>
	  <s n="241"> The meeting will be chaired by Mr. Hafiz Pasha, Assistant Administrator and Regional Director for Asia and the Pacific, UNDP. </s>
	  <s n="242"> Members of permanent missions, agencies and organizations of the United Nations system, Secretariat staff, representatives of non-governmental organizations and the media are invited to attend. </s>
	  <s n="243"> For further information, please contact Ms. Dasa Silovic (tel. </s>
	</p>
	<p n="207">
	  <s n="244"> Presentation of the Human Development Report 2003 on “Millennium Development Goals: a compact among nations to end human poverty” </s>
	</p>
	<p n="208">
	  <s n="245"> There will be a presentation of the Human Development Report 2003 on “Millennium Development Goals: a compact among nations to end human poverty”, organized by the Human Development Report Office, United Nations Development Programme, in collaboration with the Financing for Development Office of the Department of Economic and Social Affairs, on Thursday, 30 October 2003, from 1.30 to 2.45 p.m. in Conference Room 6. </s>
	  <s n="246"> The report will be presented by Ms. Sakiko Fukuda-Parr, Director, Human Development Report Office, UNDP, and Ms. Eveline Herfkens, Executive Coordinator for the Millennium Development Goals Campaign. </s>
	  <s n="247"> Members of permanent missions, agencies and organizations of the United Nations system, Secretariat staff, representatives of non-governmental organizations and the media are invited to attend. </s>
	  <s n="248"> For further information, please contact Ms. Nena Terrell (tel. </s>
	</p>
	<p n="209">
	  <s n="249"> Asian-African Legal Consultative Organization (AALCO) </s>
	</p>
	<p n="210">
	  <s n="250"> There will be meetings of the Asian-African Legal Consultative Organization (AALCO) on Thursday, 30 October 2003, from 3 to 6 p.m. in Conference Room 8; and on Monday, 3 November, from 3 to 6 p.m. in Conference Room 6. </s>
	</p>
	<p n="211">
	  <s n="251"> Briefing on the World Summit on the Information Society (WSIS) (organized by the United Nations Information and Communication Technologies Task Force) </s>
	</p>
	<p n="212">
	  <s n="252"> There will be a briefing by Mr. Mark Furrer, State Secretary, Director of the Federal Office of Communications, Switzerland; Mr. Daniel Stauffacher, Delegate of the Swiss Federal Council for the World Summit; and Mr. Nitin Desai, Special Advisor to the Secretary-General on the World Summit on the Information Society, on the first phase of the World Summit, to be held in Geneva from 10 to 12 December 2003. </s>
	  <s n="253"> The briefing, organized by the United Nations Information and Communication Technologies (ICT) Task Force, will be held on Monday, 3 November 2003, at 10 a.m. in the Economic and Social Council Chamber. </s>
	  <s n="254"> Background material on the World Summit can be obtained at the following Web site: www.itu.int/wsis/. </s>
	  <s n="255"> For further information, please contact Ms. Maria Lehtinen, ICT Task Force secretariat (e-mail lehtinen@un.org). </s>
	</p>
	<p n="213">
	  <s n="256"> UNITAR French-language workshop on the structure, drafting and adoption of United Nations resolutions </s>
	</p>
	<p n="214">
	  <s n="257"> The United Nations Institute for Training and Research (UNITAR) is organizing a French-language workshop on the structure, drafting and adoption of United Nations resolutions for members of permanent missions in New York. </s>
	  <s n="258"> The workshop will be held on Monday, 3 November 2003, from 10 a.m. to 1 p.m. and from 3 to 6 p.m.; on Tuesday, 4 November, from 3 to 6 p.m.; and on Wednesday, 5 November, from 3 to 6 p.m. </s>
	</p>
	<p n="215">
	  <s n="259"> A letter on this subject, including an information note and a nomination form, was addressed to all the permanent missions. </s>
	  <s n="260"> The registration deadline is Wednesday, 29 October. </s>
	  <s n="261"> For further information, please contact Ms. Maud Graham (room DC1-603; tel. </s>
	</p>
	<p n="216">
	  <s n="262"> Panel discussion on microcredit </s>
	</p>
	<p n="217">
	  <s n="263"> There will be a panel discussion on microcredit, co-organized by the Office of the High Representative for the Least Developed Countries, Landlocked Developing Countries and Small Island Developing States and the Microcredit Summit Campaign, on the occasion of the release of the State of the Microcredit Summit Campaign Report, on Monday, 3 November 2003, from 1 to 2.15 p.m. in the Dag Hammarskjöld Library Auditorium. </s>
	</p>
	<p n="218">
	  <s n="264"> Members of the permanent missions, Secretariat staff, representatives of intergovernmental and non-governmental organizations and the media are invited to attend. </s>
	  <s n="265"> For further information, please contact Ms. Carol Sakubita (tel. </s>
	</p>
	<p n="219">
	  <s n="266"> Symposia on population and development </s>
	</p>
	<p n="220">
	  <s n="267"> The symposia on population and development, organized by the Office of the High Representative for the Least Developed Countries, Landlocked Developing Countries and Small Island Developing States and the Office of the Permanent Observer of Partners in Population and Development to the United Nations, will continue at Headquarters, as follows: </s>
	</p>
	<p n="221">
	  <s n="268"> Symposium II on “Family Planning, Reproductive Health and Development”: Monday, 3 November, from 3 to 5.30 p.m., in the Dag Hammarskjöld Library Auditorium; </s>
	</p>
	<p n="222">
	  <s n="269"> Symposium III on “Empowerment of Women”: Monday, 10 November, from 3 to 5.30 p.m., in the Dag Hammarskjöld Library Auditorium; and </s>
	</p>
	<p n="223">
	  <s n="270"> Symposium IV on “Population and HIV/AIDS”: Wednesday, 19 November, from 4 to 6 p.m., in the Dag Hammarskjöld Library Auditorium. </s>
	</p>
	<p n="224">
	  <s n="271"> Members of permanent missions, Secretariat staff, representatives of non-governmental organizations and the media are invited to attend [For further information: tel. </s>
	  <s n="272"> 1 (212) 457-1828; e-mail rgarvey@ppdsec.org]. </s>
	</p>
	<p n="225">
	  <s n="273"> UNITAR briefing on “Developments in Ocean Affairs and the Law of the Sea” </s>
	</p>
	<p n="226">
	  <s n="274"> The United Nations Institute for Training and Research (UNITAR) and the Division for Ocean Affairs and the Law of the Sea of the Office of Legal Affairs are jointly organizing a briefing on “Developments in Ocean Affairs and the Law of the Sea”. </s>
	  <s n="275"> The briefing, to be conducted in English, will be held on Wednesday and Thursday, 5 and 6 November 2003, from 10 a.m. to 1 p.m. and from 3 to 6 p.m. in Conference Room 8. </s>
	</p>
	<p n="227">
	  <s n="276"> A letter on this subject, including a detailed information note, the tentative programme and a nomination form, was addressed to all permanent missions in New York. </s>
	  <s n="277"> The registration dealine is Friday, 31 October 2003. </s>
	  <s n="278"> For further information, please contact Ms. Nicole Valenta at UNITAR (room DC1-603; tel. </s>
	  <s n="279"> 1 (212) 963-9684 or 963-9196). </s>
	</p>
	<p n="228">
	  <s n="280"> Announcements </s>
	</p>
	<p n="229">
	  <s n="281"> Security Council Daily informal briefings </s>
	</p>
	<p n="230">
	  <s n="282"> As from Friday, 3 October 2003, and for the rest of the month, the Presidency of the Security Council will conduct informal briefings daily on the current work of the Council for Member States of the United Nations, which are non-members of the Council, except on days on which no informal consultations are scheduled. </s>
	  <s n="283"> The briefings will take place immediately following the adjournment of the informal consultations in the NAM Caucus Room. </s>
	</p>
	<p n="231">
	  <s n="284"> Recorded information </s>
	</p>
	<p n="232">
	  <s n="285"> Recorded information about previously unscheduled meetings and consultations of the whole of the Security Council may be obtained by calling 1 (212) 963-8530. </s>
	</p>
	<p n="233">
	  <s n="286"> Summary of meetings </s>
	</p>
	<p n="234">
	  <s n="287"> Thursday, 23 October 2003 </s>
	</p>
	<p n="235">
	  <s n="288"> Security Council </s>
	</p>
	<p n="236">
	  <s n="289"> 4847th (closed) meeting Meeting of the Security Council with the troop contributing countries to the United Nations Mission for the Referendum in Western Sahara (MINURSO) pursuant to resolution 1353 (2001), annex II, sections A and B </s>
	</p>
	<p n="237">
	  <s n="290"> The Security Council met in private. </s>
	  <s n="291"> At the close of the meeting, the following communiqué was issued by the Secretary-General in accordance with rule 55 of the provisional rules of procedure of the Council: </s>
	</p>
	<p n="238">
	  <s n="292"> “On 23 October 2003, the Security Council, pursuant to annex II, sections A and B of resolution 1353 (2001), held its 4847th meeting in private with the troop-contributing countries to the United Nations Mission for the Referendum in Western Sahara (MINURSO). </s>
	</p>
	<p n="239">
	  <s n="293"> The Security Council and the troop-contributing countries heard a briefing under rule 39 of its provisional rules of procedure by Mr. Dmitry Titov, Director of the Africa Division of the Department of Peacekeeping Operations. </s>
	</p>
	<p n="240">
	  <s n="294"> The members of the Council had a constructive exchange of views with representatives of participating troop-contributing countries.” </s>
	</p>
	<p n="241">
	  <s n="295"> General Assembly </s>
	</p>
	<p n="242">
	  <s n="296"> Fifty-eighth session </s>
	</p>
	<p n="243">
	  <s n="297"> 42nd plenary meeting Elections to fill vacancies in principal organs: election of five non-permanent members of the Security Council [15 (a)] </s>
	</p>
	<p n="244">
	  <s n="298"> On the first round of balloting, having obtained the required two-thirds majority, Algeria, Benin, Brazil, the Philippines and Romania were elected as non-permanent members of the Security Council for a two-year term of office beginning on 1 January 2004. </s>
	</p>
	<p n="245">
	  <s n="299"> The General Assembly thus concluded its consideration of sub-item (a) of agenda item 15. </s>
	</p>
	<p n="246">
	  <s n="300"> Global road and safety crisis [A/58/228) </s>
	</p>
	<p n="247">
	  <s n="301"> (c) Report of the Secretary-General (A/58/228] </s>
	</p>
	<p n="248">
	  <s n="302"> (d) Draft resolution (A/58/L.3) </s>
	</p>
	<p n="249">
	  <s n="303"> Statements were made by the representatives of Singapore, Fiji and the United States. </s>
	</p>
	<p n="250">
	  <s n="304"> In accordance with General Assembly resolution 49/2 of 19 October 1994, the observer of the International Federation of Red Cross and Red Crescent Societies, made a statement. </s>
	</p>
	<p n="251">
	  <s n="305"> The President informed members that, at the request of the sponsors of draft resolution A/58/l.3, action on the draft resolution would be taken at a later date, to be announced in the Journal. </s>
	</p>
	<p n="252">
	  <s n="306"> Integrated and coordinated implementation of and follow-up to the outcomes of the major United Nations conferences and summits in the economic, social and related fields: report of the Secretary-General (A/58/136 and A/58/136/Corr.1) </s>
	</p>
	<p n="253">
	  <s n="307"> In accordance with General Assembly resolution 57/29 of 19 November 2002, the observer for Partners in Population and Development, made a statement. </s>
	</p>
	<p n="254">
	  <s n="308"> The General Assembly thus concluded this stage of its consideration of agenda item 50. </s>
	</p>
	<p n="255">
	  <s n="309"> Main Committees </s>
	</p>
	<p n="256">
	  <s n="310"> First Committee </s>
	</p>
	<p n="257">
	  <s n="311"> 14th meeting The Committee continued its second phase of work, namely, the thematic discussion on item subjects as well as the introduction and consideration of all draft resolutions submitted under agenda items 62 to 80. </s>
	</p>
	<p n="258">
	  <s n="312"> Statements were made by the representatives of Serbia and Montenegro, the Netherlands (who introduced draft resolutions A/C.1/58/L.16 and A/C.1/58/L.45), Sweden, the Russian Federation (who introduced draft resolution A/C.1/58/L.3), Nepal (who introduced draft resolution A/C.1/58/L.21), the Republic of Korea, Bangladesh, Costa Rica (on behalf of Group of Latin American and Caribbean States (who introduced draft resolution A/C.1/58/L.7)), Germany (who introduced draft resolutions A/C.1/58/L.17 and A/C.1/58/L.32), Romania, Canada (who introduced draft resolution A/C.1/58/L.48), Italy (on behalf of the European Union), Sweden, Finland, Belarus, Malaysia (on behalf of the Non-Aligned Movement (who introduced draft resolutions A/C.1/58/L.24, A/C.1/58/L.25, A/C.1/58/L.26, A/C.1/58/L.27, A/C.1/58/L.28 and draft decisions A/C.1/58/L.29 and A/C.1/58/L.30*)), Uruguay (on behalf of MERCOSUR), Japan (who introduced draft resolution A/C.1/58/L.5), Austria, Argentina, the United States (who introduced draft resolution A/C.1/58/L.15), India (who introduced draft resolution A/C.1/58/L.33), the United Kingdom, South Africa, Nigeria (on behalf of the Group of African States (who introduced draft resolution A/C.1/58/L.11)), France, Poland and Egypt (on behalf of the League of Arab States (who introduced draft resolutions A/C.1/58/L.22 and A/C.1/58/L.23)). </s>
	</p>
	<p n="259">
	  <s n="313"> The Chairman of the Committee made a statement. </s>
	</p>
	<p n="260">
	  <s n="314"> It was announced that the following countries had joined the sponsors of the following draft resolutions: A/C.1/58/L.1: Bhutan, Burundi, Estonia, Guyana, Hungary, India, Madagascar, Sri Lanka; A/C.1/58/L.6: Nauru; A/C.1/58/L.8: Mali; A/C.1/58/L.9: Belarus, Indonesia, Mali; A/C.1/58/L.10: Belarus; A/C.1/58/L.11: Mali, Nauru; A/C.1/58/L.12: Mali; A/C.1/58/L.13: Mali; A/C.1/58/L.16: Mali; A/C.1/58/L.21: Cambodia, Nauru; A/C.1/58/L.24: Nauru; A/C.1/58/L.28: Bangladesh; A/C.1/58/L.31: Niger; A/C.1/58/L.32: Nauru; A/C.1/58/L.38: Bahamas, Indonesia; A/C.1/58/L.43: Bosnia and Herzegovina; A/C.1/58/L.46: Bosnia and Herzegovina, Niger; A/C.1/58/L.48: Nauru; A/C.1/58/L.49: Mongolia; A/C.1/58/L.50: India, Mali; A/C.1/58/L.51: Andorra, Slovakia, Switzerland; A/C.1/58/L.52: Fiji, Nauru, Papua New Guinea, Romania, Ukraine; and A/C.1/58/L.53: Afghanistan. </s>
	</p>
	<p n="261">
	  <s n="315"> Special Political and Decolonization Commmitte (Fourth Committee) </s>
	</p>
	<p n="262">
	  <s n="316"> 13th meeting International cooperation in the peaceful uses of outer space </s>
	</p>
	<p n="263">
	  <s n="317"> The Committee concluded its general debate with statements from representatives of the Syrian Arab Republic, Japan, Chile, Pakistan, Malaysia, India, the Democratic People&apos;s Republic of Korea, Egypt and Ecuador. </s>
	</p>
	<p n="264">
	  <s n="318"> Action on draft resolutions A/C.4/58/L.7 and A/C.4/58/L.8) </s>
	</p>
	<p n="265">
	  <s n="319"> Upon the resumption of the meeting, the Chairman of the Working Group of the Whole on International Cooperation in the Peaceful Uses of Outer Space introduced and orally revised draft resolutions A/C.4/58/L.7 and A/C.4/58/L.8. </s>
	</p>
	<p n="266">
	  <s n="320"> The Chairman noted that the Secretariat did not anticipate any programme budget implications arising from the draft resolutions. </s>
	</p>
	<p n="267">
	  <s n="321"> The Committee decided to take action on both draft resolutions, as orally revised. </s>
	</p>
	<p n="268">
	  <s n="322"> Action on draft resolution A/C.4/58/L.7 </s>
	</p>
	<p n="269">
	  <s n="323"> The Committee adopted draft resolution A/C.4/58/L.7, as orally revised, without a vote. </s>
	</p>
	<p n="270">
	  <s n="324"> Statements were made by the representatives of Chile and Mexico. </s>
	</p>
	<p n="271">
	  <s n="325"> Action on draft resolution A/C.4/58/L.8 </s>
	</p>
	<p n="272">
	  <s n="326"> The Committee adopted draft resolution A/C.4/58/L.8, as orally revised, without a vote. </s>
	</p>
	<p n="273">
	  <s n="327"> The Committee thus concluded consideration of agenda item 82. </s>
	</p>
	<p n="274">
	  <s n="328"> Organization of work </s>
	</p>
	<p n="275">
	  <s n="329"> The Chairman announced that on Monday, 27 October 2003, in the afternoon, the Committee would begin its consideration of agenda item 86 (Questions relating to information). </s>
	  <s n="330"> Delegations were urged to inscribe their names on the list of speakers for this item as soon as possible, as well as for the remaining agenda items (United Nations Relief and Works Agency for Palestine Refugees in the Near East (item 83) and Report of the Special Committee to Investigate Israeli Practices Affecting the Human Rights of the Palestinian People and Other Arabs of the Occupied Territories (item 84)). </s>
	</p>
	<p n="276">
	  <s n="331"> Statements were made by the representatives of South Africa, Lebanon, Algeria, the Syrian Arab Republic, Canada, the United States, Australia, Jordan, Saudi Arabia, the Libyan Arab Jamahiriya, the Islamic Republic of Iran, Egypt, Malaysia, Israel, Yemen and Senegal. </s>
	</p>
	<p n="277">
	  <s n="332"> Second Committee </s>
	</p>
	<p n="278">
	  <s n="333"> 20th meeting Macroeconomic policy questions (A/58/131-S/2003/703, A/58/413) </s>
	</p>
	<p n="279">
	  <s n="334"> (b) Science and Technology for development </s>
	</p>
	<p n="280">
	  <s n="335"> (c) Specific actions related to the particular needs and problems of landlocked developing countries </s>
	</p>
	<p n="281">
	  <s n="336"> (d) International financial system and development </s>
	</p>
	<p n="282">
	  <s n="337"> (e) External debt crisis and development </s>
	</p>
	<p n="283">
	  <s n="338"> (f) Outcome of the International Ministerial Conference of Landlocked and Transit Developing Countries and Donor Countries and International Financial and Development Institutions on Transit Transport Cooperation </s>
	</p>
	<p n="284">
	  <s n="339"> The Committee continued its consideration of the sub-items. </s>
	</p>
	<p n="285">
	  <s n="340"> A statement was made by the Under-Secretary-General for Communications and Public Information. </s>
	</p>
	<p n="286">
	  <s n="341"> Statements were made by the representatives of Benin, the Lao People&apos;s Democratic Republic (on behalf of landlocked developing countries), Algeria, Mongolia, Nigeria, Switzerland, Burkina Faso, Israel, Mali, Viet Nam, the Republic of Korea, Malaysia, Burundi, Mexico, Paraguay and Lebanon. </s>
	</p>
	<p n="287">
	  <s n="342"> A statement was also made by the representative of the United Nations Industrial Development Organization. </s>
	</p>
	<p n="288">
	  <s n="343"> Organization of work </s>
	</p>
	<p n="289">
	  <s n="344"> The Committee agreed to adjourn all afternoon meetings at 4.30 p.m. during the observance of Ramadan. </s>
	</p>
	<p n="290">
	  <s n="345"> Corrigendum Corrigendum to the summary of the 18th meeting of the Second Committee (see Journal No. </s>
	  <s n="346"> 2003/204, p. 20): the first paragraph under agenda item 97 (b) should read as follows: </s>
	</p>
	<p n="291">
	  <s n="347"> Operational activities for development </s>
	</p>
	<p n="292">
	  <s n="348"> (b) Economic and technical cooperation among developing countries </s>
	</p>
	<p n="293">
	  <s n="349"> The Committee continued its consideration of the sub-item and heard statements by the representatives of Indonesia, Malaysia, the Libyan Arab Jamahiriya, Lebanon, Chile, the Islamic Republic of Iran and Guyana (on behalf of the Caribbean Community (CARICOM)). </s>
	</p>
	<p n="294">
	  <s n="350"> Third Committee </s>
	</p>
	<p n="295">
	  <s n="351"> 23rd meeting Social development, including questions relating to the world social situation and to youth, ageing, disabled persons and the family </s>
	</p>
	<p n="296">
	  <s n="352"> The Committee resumed its consideration of the item. </s>
	</p>
	<p n="297">
	  <s n="353"> Action on draft resolution A/C.3/58/L.7 </s>
	</p>
	<p n="298">
	  <s n="354"> The Committee was informed that the draft resolution contained no programme budget implications. </s>
	</p>
	<p n="299">
	  <s n="355"> The representative of Mongolia further orally revised the draft resolution. </s>
	</p>
	<p n="300">
	  <s n="356"> Barbados, Brazil, Burkina Faso, Cambodia, Cameroon, the Congo, Costa Rica, the Dominican Republic, the Democratic Republic of the Congo, Ecuador, El Salvador, Ethiopia, the Gambia, Guatemala, Indonesia, Iran (Islamic Republic of), Jamaica, Kenya, Kyrgyzstan, Madagascar, Morocco, the Philippines, Thailand, Trinidad and Tobago and the United Republic of Tanzania joined in sponsoring the draft resolution. </s>
	</p>
	<p n="301">
	  <s n="357"> The Committee adopted the draft resolution, as further orally revised. </s>
	</p>
	<p n="302">
	  <s n="358"> Crime prevention and criminal justice </s>
	</p>
	<p n="303">
	  <s n="359"> The Committee resumed its consideration of the item. </s>
	</p>
	<p n="304">
	  <s n="360"> Action on draft resolution A/C.3/58/L.3 </s>
	</p>
	<p n="305">
	  <s n="361"> The Committee was informed that the draft resolution contained no programme budget implications. </s>
	  <s n="362"> The draft resolution was then adopted. </s>
	</p>
	<p n="306">
	  <s n="363"> Action on draft resolution A/C.3/58/L.4 </s>
	</p>
	<p n="307">
	  <s n="364"> The Committee was informed that the draft resolution contained no programme budget implications. </s>
	  <s n="365"> The draft resolution was then adopted. </s>
	</p>
	<p n="308">
	  <s n="366"> Action on draft resolution A/C.3/58/L.5 </s>
	</p>
	<p n="309">
	  <s n="367"> The Committee was informed that the draft resolution contained no programme budget implications. </s>
	  <s n="368"> The draft resolution was then adopted. </s>
	</p>
	<p n="310">
	  <s n="369"> The representative of the United States made a statement. </s>
	</p>
	<p n="311">
	  <s n="370"> Action on draft resolution A/C.3/58/L.6 </s>
	</p>
	<p n="312">
	  <s n="371"> The Secretary read out a statement regarding financial provisions related to the draft resolution. </s>
	</p>
	<p n="313">
	  <s n="372"> The Committee then adopted the draft resolution. </s>
	</p>
	<p n="314">
	  <s n="373"> Action on draft resolution A/C.3/58/L.14 </s>
	</p>
	<p n="315">
	  <s n="374"> The Committee was informed that the draft resolution contained no programme budget implications. </s>
	</p>
	<p n="316">
	  <s n="375"> The representative of Italy further orally revised the draft resolution. </s>
	</p>
	<p n="317">
	  <s n="376"> Albania, Armenia, Bangladesh, Benin, Botswana, Burkina Faso, Canada, Chile, the Czech Republic, the Dominican Republic, Ecuador, El Salvador, Estonia, the Gambia, Germany, Ghana, Greece, Israel, Kyrgyzstan, Latvia, Lesotho, Madagascar, Malawi, Malta, Mongolia, Namibia, New Zealand, Nigeria, Panama, Peru, the Republic of Moldova, Romania, Sierra Leone, South Africa, Spain, Swaziland, Uganda, Viet Nam and Zimbabwe joined in sponsoring the draft resolution. </s>
	</p>
	<p n="318">
	  <s n="377"> The Committee then adopted the draft resolution, as further orally revised. </s>
	</p>
	<p n="319">
	  <s n="378"> The representative of the United States made a statement. </s>
	</p>
	<p n="320">
	  <s n="379"> International drug control </s>
	</p>
	<p n="321">
	  <s n="380"> The Committee resumed its consideration of the item. </s>
	</p>
	<p n="322">
	  <s n="381"> Action on draft resolution A/C.3/58/L.15 </s>
	</p>
	<p n="323">
	  <s n="382"> The Committee resumed its consideration of the item. </s>
	</p>
	<p n="324">
	  <s n="383"> The Committee was informed that the draft resolution contained no programme budget implications. </s>
	</p>
	<p n="325">
	  <s n="384"> The representative of Mexico orally revised the draft resolution. </s>
	</p>
	<p n="326">
	  <s n="385"> Albania, Antigua and Barbuda, Armenia, Austria, Bahamas, Bangladesh, Barbados, Belarus, Belgium, Belize, Bosnia and Herzegovina, Botswana, Brazil, Brunei Darussalam, Bulgaria, Burkina Faso, the Congo, Croatia, Cyprus, the Czech Republic, Denmark, the Dominican Republic, Ecuador, Eritrea, Ethiopia, Finland, France, the Gambia, Germany, Ghana, Greece, Guyana, Haiti, Hungary, Iceland, India, Indonesia, Ireland, Israel, Italy, Jamaica, Kyrgyzstan, the Lao People&apos;s Democratic Republic, Latvia, Lebanon, Lesotho, the Libyan Arab Jamahiriya, Lithuania, Luxembourg, Madagascar, Malaysia, Malta, the Federated States of Micronesia, Monaco, Mongolia, Morocco, Namibia, the Netherlands, New Zealand, Niger, Nigeria, Norway, Pakistan, Paraguay, Peru, Poland, Portugal, the Republic of Moldova, Romania, Saint Lucia, Saint Vincent and the Grenadines, San Marino, Sierra Leone, Slovakia, Slovenia, Spain, the Sudan, Swaziland, Sweden, Tajikistan, Uganda, the United Kingdom of Great Britain and Northern Ireland, the United Republic of Tanzania, the United States of America, Venezuela and Zimbabwe joined in sponsoring the draft resolution. </s>
	</p>
	<p n="327">
	  <s n="386"> The Committee then adopted the draft resolution, as orally revised. </s>
	</p>
	<p n="328">
	  <s n="387"> Before the Committee took action on the draft resolutions, the representative of Egypt made a statement; after action was taken, statements were made by the representatives of Switzerland and the Syrian Arab Republic. </s>
	</p>
	<p n="329">
	  <s n="388"> Programme of activities of the International Decade of the World&apos;s Indigenous People </s>
	</p>
	<p n="330">
	  <s n="389"> The Committee continued its general discussion of the item and heard statements by the representatives of the Philippines, Myanmar, Peru, the Russian Federation and China. </s>
	</p>
	<p n="331">
	  <s n="390"> Statements were also made by the representatives of the International Labour Organization (ILO) and the Food and Agriculture Organization of the United Nations (FAO). </s>
	</p>
	<p n="332">
	  <s n="391"> The Committee thus concluded its general discussion on the item. </s>
	</p>
	<p n="333">
	  <s n="392"> Organization of work </s>
	</p>
	<p n="334">
	  <s n="393"> The representative of Malaysia made a statement. </s>
	</p>
	<p n="335">
	  <s n="394"> The Chairman made a statement. </s>
	</p>
	<p n="336">
	  <s n="395"> The Committee decided to extend the deadline for submission of draft proposals under item 113 until Monday, 27 October 2003, at 6 p.m. </s>
	</p>
	<p n="337">
	  <s n="396"> Fifth Committee </s>
	</p>
	<p n="338">
	  <s n="397"> 8th meeting Report of the Secretary-General on the activities of the Office of Internal Oversight Services </s>
	</p>
	<p n="339">
	  <s n="398"> The Committee began its consideration of this agenda item. </s>
	</p>
	<p n="340">
	  <s n="399"> The Under-Secretary-General for Internal Oversight Services introduced the reports of that Office (A/58/364, A/58/294 and A/57/747). </s>
	</p>
	<p n="341">
	  <s n="400"> Statements were made by the representatives of Italy (on behalf of the European Union and also on behalf of Cyprus, the Czech Republic, Estonia, Hungary, Latvia, Lithuania, Malta, Poland, Slovakia, Slovenia, Bulgaria, Romania, Turkey, Iceland, Liechtenstein and Norway), the United States and Australia (on behalf of Canada, New Zealand and Australia). </s>
	</p>
	<p n="342">
	  <s n="401"> Review of the efficiency of the administrative and financial functioning of the United Nations </s>
	</p>
	<p n="343">
	  <s n="402"> The Committee resumed its consideration of this agenda item. </s>
	</p>
	<p n="344">
	  <s n="403"> The Under-Secretary-General for Internal Oversight Services introduced the reports of that Office (A/58/211 and A/58/81). </s>
	</p>
	<p n="345">
	  <s n="404"> Statements were made by the representatives of Italy (on behalf of the European Union and also on behalf of Cyprus, the Czech Republic, Estonia, Hungary, Latvia, Lithuania, Malta, Poland, Slovakia, Slovenia, Bulgaria, Romania, Turkey, Iceland, Liechtenstein and Norway), Australia (on behalf of Canada, New Zealand and Australia) and the United States. </s>
	</p>
	<p n="346">
	  <s n="405"> Scale of assessments for the apportionment of the expenses of United Nations peacekeeping operations </s>
	</p>
	<p n="347">
	  <s n="406"> The Committee began its consideration of this agenda item. </s>
	</p>
	<p n="348">
	  <s n="407"> The Chief of the Contributions Service of the Department of Management introduced the report of the Secretary-General (A/58/157). </s>
	</p>
	<p n="349">
	  <s n="408"> Statements were made by the representatives of Italy (on behalf of the European Union and also on behalf of Cyprus, the Czech Republic, Estonia, Hungary, Latvia, Lithuania, Malta, Poland, Slovakia, Slovenia, Bulgaria, Romania, Turkey, Iceland, Liechtenstein and Norway), the Republic of Korea, Thailand, Japan, the Bahamas, the Russian Federation, China, Saudi Arabia and the United States. </s>
	</p>
	<p n="350">
	  <s n="409"> The Chief of the Contributions Service of the Department of Management replied to a question raised. </s>
	</p>
	<p n="351">
	  <s n="410"> The Committee thus concluded its general discussion on this agenda item. </s>
	</p>
	<p n="352">
	  <s n="411"> The Chairman informed the Committee that informal consultations on this item would begin on Friday, 24 October 2003, following the adjournment of the formal meeting, in Conference Room 5, under the chairmanship of H.E. Ms. Inga Eriksson Fogh (Sweden). </s>
	</p>
	<p n="353">
	  <s n="412"> Programme budget for the biennium 2002-2003 </s>
	</p>
	<p n="354">
	  <s n="413"> The Committee resumed its consideration of this agenda item. </s>
	</p>
	<p n="355">
	  <s n="414"> The Chief of the Common Services Unit of the Office of Programme Planning, Budget and Accounts introduced the report of the Secretary-General (A/58/154). </s>
	</p>
	<p n="356">
	  <s n="415"> The Chief of the Political, Legal and Humanitarian Service of the Office of Programme Planning, Budget and Accounts introduced the report of the Secretary-General (A/58/217). </s>
	</p>
	<p n="357">
	  <s n="416"> The relevant reports of the Advisory Committee on Administrative and Budgetary Questions were contained in documents A/58/7, A/58/7/Corr.1 and A/58/7/Add.1. </s>
	</p>
	<p n="358">
	  <s n="417"> Organization of work </s>
	</p>
	<p n="359">
	  <s n="418"> Following a statement by the representative of Morocco (on behalf of the Group of 77 and China), statements were made by the representatives of the United States and Italy (on behalf of the European Union). </s>
	</p>
	<p n="360">
	  <s n="419"> The Chairman also made a statement. </s>
	</p>
	<p n="361">
	  <s n="420"> Other matters </s>
	</p>
	<p n="362">
	  <s n="421"> The representative of Mexico made a statement regarding questions raised by the representative of Costa Rica at the first meeting of the Fifth Committee held on 30 September 2003. </s>
	</p>
	<p n="363">
	  <s n="422"> The Secretary of the Committee replied to the question raised. </s>
	</p>
	<p n="364">
	  <s n="423"> Sixth Committee </s>
	</p>
	<p n="365">
	  <s n="424"> 13th meeting Convention on Jurisdictional Immunities of States and Their Property </s>
	</p>
	<p n="366">
	  <s n="425"> The Committee continued its consideration of agenda item 150. </s>
	</p>
	<p n="367">
	  <s n="426"> Statements were made by the representatives of Vietnam, South Africa, Ukraine, Guatemala, India, Mexico, Jordan, Morocco and Nepal. </s>
	</p>
	<p n="368">
	  <s n="427"> The Committee thus concluded its debate on this item. </s>
	</p>
	<p n="369">
	  <s n="428"> International Criminal Court </s>
	</p>
	<p n="370">
	  <s n="429"> The Committee adopted draft resolution A/C.6/58/L.14, as orally revised, without a vote. </s>
	</p>
	<p n="371">
	  <s n="430"> The representative of the United States made a statement before and after the Committee took action on the draft resolution. </s>
	</p>
	<p n="372">
	  <s n="431"> The Committee thus concluded its consideration of agenda item 154. </s>
	</p>
	<p n="373">
	  <s n="432"> Special Committee on the Charter of the United Nations and on the strengthening of the Role of the Organization </s>
	</p>
	<p n="374">
	  <s n="433"> The representative of the Russian Federation introduced draft resolution A/C.6/58/L.17. </s>
	  <s n="434"> Chile, Egypt, Sierra Leone, The former Yugoslav Republic of Macedonia and Uganda joined as sponsors of the draft resolution. </s>
	</p>
	<p n="375">
	  <s n="435"> Scope of legal protection under the Convention on the Safety of United Nations and Associated Personnel </s>
	</p>
	<p n="376">
	  <s n="436"> The Committee began its consideration of the item. </s>
	</p>
	<p n="377">
	  <s n="437"> The Chairman of the Ad Hoc Committee and the Working Group of the Sixth Committee on the Scope of Legal Protection under the Convention on the Safety of United Nations and Associated Personnel introduced the report of the Ad Hoc Committee (A/58/52) and the report of the Working Group (A/C.6/58/L.16). </s>
	  <s n="438"> Statements were made by the representatives of the Congo, Switzerland, Australia, New Zealand, Uganda, the United States, Canada, the Republic of Korea, Jordan, Liechtenstein, Norway, Croatia, Timor-Leste, Kenya, Argentina, Japan, Italy (on behalf of the European Union, the acceding countries - Cyprus, the Czech Republic, Estonia, Hungary, Latvia, Lithuania, Malta, Poland, Slovakia and Slovenia, and the associated countries - Bulgaria and Romania) and Lebanon. </s>
	</p>
	<p n="378">
	  <s n="439"> The Committee thus concluded its debate on the item </s>
	</p>
	<p n="379">
	  <s n="440"> Signatures, Ratifications, etc. </s>
	</p>
	<p n="380">
	  <s n="441"> [Multilateral Treaties Deposited with the Secretary-General] </s>
	</p>
	<p n="381">
	  <s n="442"> Framework Convention on Tobacco Control. </s>
	  <s n="443"> Geneva, 21 May 2003 </s>
	</p>
	<p n="382">
	  <s n="444"> Signature: Myanmar (23 October 2003) </s>
	</p>
	<p n="383">
	  <s n="445"> Other announcements </s>
	</p>
	<p n="384">
	  <s n="446"> Unveiling ceremony of Memorial </s>
	</p>
	<p n="385">
	  <s n="447"> All United Nations staff and members of delegations are invited to attend the unveiling ceremony of a Memorial today, 24 October 2003, at 12.30 p.m. in the North Garden. </s>
	  <s n="448"> The Memorial is dedicated to the United Nations staff that gave their lives in the service of peace in peacekeeping, humanitarian, and development missions. </s>
	  <s n="449"> The Secretary-General will make a brief statement on the occasion. </s>
	  <s n="450"> All participants in the event are expected to be at the site of the Memorial at designated areas no later than 12.15 p.m. </s>
	  <s n="451"> The duration of the ceremony will be approximately 10 to 15 minutes. </s>
	</p>
	<p n="386">
	  <s n="452"> New United Nations stamps and prestige booklets </s>
	</p>
	<p n="387">
	  <s n="453"> Today, 24 October 2003, the United Nations Postal Administration (UNPA) will issue a set of six commemorative stamps and three prestige booklets on the theme “World Heritage - U.S.A.”. </s>
	  <s n="454"> Details can be found in information circular ST/IC/2003/55. </s>
	</p>
	<p n="388">
	  <s n="455"> Web sites President of the General Assembly: www.un.org/ga/president </s>
	</p>
	<p n="389">
	  <s n="456"> General Assembly: www.un.org/ga </s>
	</p>
	<p n="390">
	  <s n="457"> Presidency of the Security Council: www.un.org/Docs/sc/presidency www.un.org/french/docs/sc/presidency/ </s>
	</p>
	<p n="391">
	  <s n="458"> Security Council: www.un.org/sc </s>
	</p>
	<p n="392">
	  <s n="459"> Security Council Committee established pursuant to resolution 1373 (2001) concerning counter-terrorism: </s>
	</p>
	<p n="393">
	  <s n="460"> www.un.org/arabic/documents/SCCommittees/1373 www.un.org/chinese/aboutun/prinorgs/sc/committees/1373/1373.htm www.un.org/docs/sc/committees/1373 www.un.org/french/docs/sc/committees/1373 www.un.org/russian/documen/scdocs/committees/1373 www.un.org/spanish/docs/comites/1373/index.html </s>
	</p>
	<p n="394">
	  <s n="461"> Economic and Social Council: www.un.org/esa/coordination/ecosoc </s>
	</p>
	<p n="395">
	  <s n="462"> Italian presidency of the European Union: www.italyun.org http://europa-eu-un.org </s>
	</p>
	<p n="396">
	  <s n="463"> Journal of the United Nations: www.un.org/Docs/journal/Ar/latesta.pdf www.un.org/Docs/journal/Ch/latestc.pdf www.un.org/Docs/journal/En/lateste.pdf www.un.org/Docs/journal/Fr/latestf.pdf www.un.org/Docs/journal/Ru/latestr.pdf www.un.org/Docs/journal/Sp/latests.pdf </s>
	</p>
	<p n="397">
	  <s n="464"> Daily list of documents issued at Headquarters </s>
	</p>
	<p n="398">
	  <s n="465"> With the exception of sales publications and public information material, hyperlinked official documents listed hereunder may be accessed through the Official Document System of the United Nations in the electronic version of the present Journal. </s>
	  <s n="466"> The list contains documents issued by 2 p.m. on 23 October 2003. </s>
	</p>
	<p n="399">
	  <s n="467"> Symbol Main title </s>
	</p>
	<p n="400">
	  <s n="468"> General Assembly Documents </s>
	</p>
	<p n="401">
	  <s n="469"> Fifty-eighth session </s>
	</p>
	<p n="402">
	  <s n="470"> A/58/403 Item 121 -- Programme budget for the biennium 2004-2005 -- Proportion of General Service staff to Professional staff in the regional commissions -- Report of the Secretary-General [A C E F R S] </s>
	</p>
	<p n="403">
	  <s n="471"> A/58/404 Item 121 -- Proposed programme budget for the biennium 2004-2005 -- Implementation of projects financed from the Development Account: third progress report -- Report of the Secretary-General [A C E F R S] </s>
	</p>
	<p n="404">
	  <s n="472"> A/58/409 Item 140 -- Financing of the United Nations Mission of Support in East Timor -- Revised budget of the United Nations Mission of Support in East Timor for the period from 1 July 2003 to 30 June 2004 -- Report of the Advisory Committee on Administrative and Budgetary Questions [A C E F R S] </s>
	</p>
	<p n="405">
	  <s n="473"> A/58/436 Item 104 (b) -- Follow-up to the International Conference on Financing for Development: high-level dialogue for the implementation of the outcome of the International Conference on Financing for Development -- Organization and procedural matters of the High-level Dialogue on Financing for Development -- Note by the Secretary-General [A C E F R S] </s>
	</p>
	<p n="406">
	  <s n="474"> S/2003/1020 Item 37 -- The situation in the Middle East -- Letter dated 16 October 2003 from the Permanent Representative of Lebanon to the United Nations addressed to the Secretary-General [A C E F R S] </s>
	</p>
	<p n="407">
	  <s n="475"> First Committee </s>
	</p>
	<p n="408">
	  <s n="476"> A/C.1/58/L.6* Reissued for technical reasons [A C E R S (only)] </s>
	</p>
	<p n="409">
	  <s n="477"> A/C.1/58/L.30* Reissued for technical reasons [E (only)] </s>
	</p>
	<p n="410">
	  <s n="478"> Special Political and Decolonization Committee (Fourth Committee) </s>
	</p>
	<p n="411">
	  <s n="479"> A/C.4/58/INF/2* Reissued for technical reasons [A C E F R S (multilingual)] </s>
	</p>
	<p n="412">
	  <s n="480"> Third Committee </s>
	</p>
	<p n="413">
	  <s n="481"> A/C.3/58/L.20 Item 110 -- Advancement of women -- 73-Power draft resolution -- Convention on the Elimination of All Forms of Discrimination against Women [A C E F R S] </s>
	</p>
	<p n="414">
	  <s n="482"> A/C.3/58/L.21 Item 110 -- Advancement of women -- 12-Power draft resolution -- Improvement of the situation of women in rural areas [A C E F R S] </s>
	</p>
	<p n="415">
	  <s n="483"> Sixth Committee </s>
	</p>
	<p n="416">
	  <s n="484"> A/C.6/58/L.16 Item 157 -- Scope of legal protection under the Convention on the Safety of United Nations and Associated Personnel -- Report of the Working Group on the Scope of Legal Protection under the Convention on the Safety of United Nations and Associated Personnel [A C E F R S] </s>
	</p>
	<p n="417">
	  <s n="485"> A/C.6/58/L.17 Item 155 -- Report of the Special Committee on the Charter of the United Nations and on the Strengthening of the Role of the Organization -- 3-Power draft resolution -- Implementation of the provisions of the Charter of the United Nations related to assistance to third States affected by the application of sanctions [A C E F R S] </s>
	</p>
	<p n="418">
	  <s n="486"> Tenth emergency special session </s>
	</p>
	<p n="419">
	  <s n="487"> S/2003/1029 Item 5 -- Illegal Israeli actions in Occupied East Jerusalem and the rest of the Occupied Palestinian Territory -- Identical letters dated 21 October 2003 from the Permanent Observer of Palestine to the United Nations addressed to the Secretary-General and the President of the Security Council [A C E F R S] </s>
	</p>
	<p n="420">
	  <s n="488"> A/ES-10/L.15 Item 5 -- Illegal Israeli actions in Occupied East Jerusalem and the rest of the Occupied Palestinian Territory -- 30-Power draft resolution [A C E F R S] </s>
	</p>
	<p n="421">
	  <s n="489"> Security Council Documents </s>
	</p>
	<p n="422">
	  <s n="490"> S/2003/996 Report of the Secretary-General on the United Nations Interim Administration Mission in Kosovo [A C E F R S] </s>
	</p>
	<p n="423">
	  <s n="491"> S/2003/1020 Letter dated 16 October 2003 from the Permanent Representative of Lebanon to the United Nations addressed to the Secretary-General [A C E F R S] </s>
	</p>
	<p n="424">
	  <s n="492"> S/2003/1023 Letter dated 15 October 2003 from the Permanent Representative of Italy to the United Nations addressed to the Secretary-General [A C E F R S] </s>
	</p>
	<p n="425">
	  <s n="493"> S/2003/1025 Letter dated 15 October 2003 from the Permanent Representative of Italy to the United Nations addressed to the Secretary-General [A C E F R S] </s>
	</p>
	<p n="426">
	  <s n="494"> S/2003/1026 Report by the Secretary-General concerning the credentials of the alternate representatives of China on the Security Council [A C E F R S] </s>
	</p>
	<p n="427">
	  <s n="495"> S/2003/1028 Letter dated 21 October 2003 from the Permanent Representative of Morocco to the United Nations addressed to the President of the Security Council [A C E F R S] </s>
	</p>
	<p n="428">
	  <s n="496"> S/2003/1029 Identical letters dated 21 October 2003 from the Permanent Observer of Palestine to the United Nations addressed to the Secretary-General and the President of the Security Council [A C E F R S] </s>
	</p>
	<p n="429">
	  <s n="497"> Convention on the Elimination of All Forms of Discrimination against Women </s>
	</p>
	<p n="430">
	  <s n="498"> Documents </s>
	</p>
	<p n="431">
	  <s n="499"> Committee on the Elimination of Discrimination against Women </s>
	</p>
	<p n="432">
	  <s n="500"> CEDAW/C/WSM/1-3 Consideration of reports submitted by States parties under article 18 of the Convention on the Elimination of All Forms of Discrimination against Women -- Combined initial, second and third periodic report of States parties -- Samoa [A C E F R S] </s>
	</p>
	<p n="433">
	  <s n="501"> Executive Board of the United Nations Development Programme and of the United Nations Population Fund </s>
	</p>
	<p n="434">
	  <s n="502"> Documents </s>
	</p>
	<p n="435">
	  <s n="503"> Second regular session 2003 </s>
	</p>
	<p n="436">
	  <s n="504"> DP/2003/29 Item 2 of the provisional agenda -- Financial, budgetary and administrative matters -- Report of the Advisory Committee on Administrative and Budgetary Questions on biennial budget estimates 2004-2005 [A C E F R S] </s>
	</p>
	<p n="437">
	  <s n="505"> Communications to the Editor </s>
	</p>
	<p n="438">
	  <s n="506"> Material for inclusion in the Journal may be sent to room S-2370 (tel. </s>
	  <s n="507"> 1 (212) 963-6776 and 963-3888; fax 1 (212) 963-4790; e-mail journal@un.org). </s>
	</p>
	<p n="439">
	  <s n="508"> Office opens at 3 p.m. </s>
	</p>
	<p n="440">
	  <s n="509"> Published at Headquarters, New York, by the Department for General Assembly and Conference Management. </s>
	</p>
	</body>
</text>
</DOC>