<?xml version="1.0" encoding="UTF-8"?>
<DOC lang="English" n="N0856312" id="JOURNAL NO.2008/207" date="2008/10/23">
<text>
	<body>
	<p n="1">
	  <s n="1"> Official meetings </s>
	</p>
	<p n="2">
	  <s n="2"> Thursday, 23 October 2008 </s>
	</p>
	<p n="3">
	  <s n="3"> General Assembly </s>
	</p>
	<p n="4">
	  <s n="4"> Sixty-third session </s>
	</p>
	<p n="5">
	  <s n="5"> Drafting sessions on the draft outcome document for the Follow-up International Conference on Financing for Development to Review the Implementation of the Monterrey Consensus (Doha, Qatar, 29 November-2 December 2008) </s>
	</p>
	<p n="6">
	  <s n="6"> Drafting sessions on the draft outcome document (A/CONF.212/CRP.1) of the Follow-up International Conference on Financing for Development to Review the Implementation of the Monterrey Consensus will be held today, 23, and tomorrow, 24 October 2008, from 3 to 6 p.m. in the Economic and Social Council Chamber. </s>
	  <s n="7"> The sessions will be co-chaired by the Co-Facilitators, H.E. Mr. Maged A. Abdelaziz (Egypt) and H.E. Mr. Johan L. Løvald (Norway). </s>
	  <s n="8"> For further information, including background materials, please consult the Web site of the Financing for Development Office &lt;www.un.org/esa/ffd/&gt;. </s>
	</p>
	<p n="7">
	  <s n="9"> General Assembly </s>
	</p>
	<p n="8">
	  <s n="10"> Sixty-third session </s>
	</p>
	<p n="9">
	  <s n="11"> Main Committees </s>
	</p>
	<p n="10">
	  <s n="12"> First Committee </s>
	</p>
	<p n="11">
	  <s n="13"> 10 a.m.-1 p.m. 16th meeting Conference Room 4 </s>
	</p>
	<p n="12">
	  <s n="14"> Thematic discussion on item subjects and introduction and consideration of all draft resolutions submitted under agenda items 81 to 96: item 81 (A/63/97 and A/63/97/Add.1); item 82 (A/C.1/63/L.12*); item 83 (A/63/62-S/2008/123 and A/C.1/63/L.3); item 84; item 85 (A/63/139 and A/C.1/63/L.45); item 86 (A/63/115 (Part I), A/63/115 (Part I)/Add.1 and A/C.1/63/L.1); item 87 (A/C.1/63/L.7*); item 88 (A/C.1/63/L.4); item 89 (A/63/73-S/2008/297, A/63/91, A/63/114, A/63/114/Add.1, A/63/116, A/63/117, A/63/117/Add.1, A/63/120, A/63/120/Add.1, A/63/122, A/63/126, A/63/134, A/63/135, A/63/136, A/63/136/Add.1, A/63/153, A/63/158, A/63/158/Add.1, A/63/170, A/63/170/Add.1, A/63/171, A/63/171/Add.1, A/63/176, A/63/182, A/63/261, A/63/334, A/C.1/63/3, A/C.1/63/4, A/C.1/63/L.5, A/C.1/63/L.6, A/C.1/63/L.8, A/C.1/63/L.9, A/C.1/63/L.10, A/C.1/63/L.14, A/C.1/63/L.16*, A/C.1/63/L.17, A/C.1/63/L.19, A/C.1/63/L.20, A/C.1/63/L.21, A/C.1/63/L.22, A/C.1/63/L.23, A/C.1/63/L.25, A/C.1/63/L.26, A/C.1/63/L.27, A/C.1/63/L.28, A/C.1/63/L.29, A/C.1/63/L.30, A/C.1/63/L.31, A/C.1/63/L.32, A/C.1/63/L.33, A/C.1/63/L.34, A/C.1/63/L.35, A/C.1/63/L.36, A/C.1/63/L.37, A/C.1/63/L.38, A/C.1/63/L.39, A/C.1/63/L.40, A/C.1/63/L.41, A/C.1/63/L.43, A/C.1/63/L.44, A/C.1/63/L.51, A/C.1/63/L.52, item 90 (A/63/129, A/63/157, A/63/162, A/63/163, A/63/164, A/63/178, A/C.1/63/L.13, A/C.1/63/L.15, A/C.1/63/L.24, A/C.1/63/L.42, A/C.1/63/L.46, A/C.1/63/L.49, A/C.1/63/L.50, A/C.1/63/L.53); item 91 (A/63/27 (Supp. 27), A/63/42 (Supp.42)*, A/63/177, A/63/279, A/C.1/63/L.47, A/C.1/63/L.48); item 92 (A/63/115 (Part II) and A/C.1/63/L.2); item 93 (A/C.1/63/L.31); item 94 (A/63/138 and A/C.1/63/L.18); item 95 (A/63/124 and A/C.1/63/L.55); and item 96 (A/C.1/63/L.11) </s>
	</p>
	<p n="13">
	  <s n="15"> [Other documents: A/C.1/63/1, A/C.1/63/2, A/C.1/63/CRP.1, A/C.1/63/CRP.2/Rev.1, A/C.1/63/INF/1, A/C.1/63/CRP.3, A/C.1/63/CRP.3/Add.1 and A/C.1/63/CRP.3/Add.2] </s>
	</p>
	<p n="14">
	  <s n="16"> Thematic discussion on the issue of disarmament machinery </s>
	</p>
	<p n="15">
	  <s n="17"> Panellists: </s>
	</p>
	<p n="16">
	  <s n="18"> President of the Conference on Disarmament; Chairman of UNDC; Chairman of the Advisory Board on Disarmament Matters; and Director of UNIDIR </s>
	</p>
	<p n="17">
	  <s n="19"> [Note: The list of side events during the session of the First Committee can be consulted at &lt;www.un.org/disarmament/HomePage/docs/2008/63_session_side_events.pdf&gt;. </s>
	  <s n="20"> ] </s>
	</p>
	<p n="18">
	  <s n="21"> Special Political and Decolonization Committee (Fourth Committee) </s>
	</p>
	<p n="19">
	  <s n="22"> 3-6 p.m. 15th meeting Conference Room 4 </s>
	</p>
	<p n="20">
	  <s n="23"> Questions relating to information (A/63/21 and A/63/258) </s>
	</p>
	<p n="21">
	  <s n="24"> General debate </s>
	</p>
	<p n="22">
	  <s n="25"> Comprehensive review of the whole question of peacekeeping operations in all their aspects </s>
	</p>
	<p n="23">
	  <s n="26"> Introductory statements by the Under-Secretary-General for Peacekeeping Operations and by the Officer-in-Charge for field support </s>
	</p>
	<p n="24">
	  <s n="27"> Interactive dialogue (closed) </s>
	</p>
	<p n="25">
	  <s n="28"> Second Committee </s>
	</p>
	<p n="26">
	  <s n="29"> 10 a.m.-1 p.m. 16th meeting Conference Room 2 </s>
	</p>
	<p n="27">
	  <s n="30"> Eradication of poverty and other development issues (A/63/123 and A/C.2/63/3) </s>
	</p>
	<p n="28">
	  <s n="31"> (a) Implementation of the second United Nations Decade for the Eradication of Poverty (2008-2017) (A/63/159 and A/63/190) </s>
	</p>
	<p n="29">
	  <s n="32"> (b) Industrial development cooperation (A/63/309) </s>
	</p>
	<p n="30">
	  <s n="33"> Conclusion of general discussion </s>
	</p>
	<p n="31">
	  <s n="34"> Information and communication technologies for development (A/63/72-E/2008/48 and A/63/180) </s>
	</p>
	<p n="32">
	  <s n="35"> Introductory statements, followed by “question time” </s>
	</p>
	<p n="33">
	  <s n="36"> General discussion </s>
	</p>
	<p n="34">
	  <s n="37"> [Note: The list of speakers for all items allocated to the Second Committee is open. </s>
	  <s n="38"> Delegations wishing to be inscribed are requested to contact, in writing, the secretariat of the Committee (Ms. Dolores Lois (fax 1 (212) 963-5935; or e-mail lois@un.org)). </s>
	</p>
	<p n="35">
	  <s n="39"> Delegations are reminded that the names of representatives, alternate representatives and advisers, should be submitted as soon as possible, to Ms. Jennifer de Laurentis, Secretary of the Second Committee (room S-2950E; fax 1 (212) 963-5935). </s>
	</p>
	<p n="36">
	  <s n="40"> Delegations wishing to reserve rooms and schedule informal “informal” consultations are requested to contact, no later than 6 p.m. of the day before the meeting, the secretariat of the Committee (Ms. Maria Thompson (tel. </s>
	  <s n="41"> 1 (917) 367-2603; or e-mail thompsonm@un.org)). </s>
	</p>
	<p n="37">
	  <s n="42"> Information on the work of the Second Committee is available at &lt;www.un.org/ga/second/&gt;. </s>
	  <s n="43"> ] </s>
	</p>
	<p n="38">
	  <s n="44"> Third Committee </s>
	</p>
	<p n="39">
	  <s n="45"> 10 a.m.-1 p.m. 22nd meeting Conference Room 1 </s>
	</p>
	<p n="40">
	  <s n="46"> Promotion and protection of human rights (A/63/123, A/63/370-S/2008/614 and A/63/281-S/2008/431) </s>
	</p>
	<p n="41">
	  <s n="47"> (b) Human rights questions, including alternative approaches for improving the effective enjoyment of human rights and fundamental freedoms (A/63/259, A/63/272, A/63/287, A/63/293, A/63/293/Corr.1, A/63/299, A/63/365, A/63/340, A/63/337, A/63/3671, A/63/4861, A/63/161, A/63/223, A/63/263, A/63/270, A/63/271, A/63/274, A/63/275, A/63/278, A/63/286, A/63/288, A/63/289, A/63/290*, A/63/292, A/63/313 and A/63/318) </s>
	</p>
	<p n="42">
	  <s n="48"> (c) Human rights situations and reports of special rapporteurs and representatives (A/63/332, A/63/459, A/63/356, A/63/322, A/63/341 and A/63/326) </s>
	</p>
	<p n="43">
	  <s n="49"> (e) Convention on the Rights of Persons with Disabilities (A/63/264 and A/63/264/Corr.1) </s>
	</p>
	<p n="44">
	  <s n="50"> Presentations by and dialogue with: </s>
	</p>
	<p n="45">
	  <s n="51"> Special Rapporteur on the situation of human rights in Myanmar; </s>
	</p>
	<p n="46">
	  <s n="52"> Special Rapporteur on the situation of human rights in the Democratic People&apos;s Republic of Korea; and </s>
	</p>
	<p n="47">
	  <s n="53"> Special Rapporteur on the situation of human rights in the Palestinian territories occupied since 1967 </s>
	</p>
	<p n="48">
	  <s n="54"> 3-6 p.m. 23rd meeting Conference Room 1 </s>
	</p>
	<p n="49">
	  <s n="55"> Advancement of women [56 (a)] </s>
	</p>
	<p n="50">
	  <s n="56"> Introduction of draft resolution A/C.3/63/L.13 </s>
	</p>
	<p n="51">
	  <s n="57"> Social development, including questions relating to the world social situation and to youth, ageing, disabled persons and the family [55 (b)] </s>
	</p>
	<p n="52">
	  <s n="58"> Action on draft resolution A/C.3/63/L.6 </s>
	</p>
	<p n="53">
	  <s n="59"> Follow-up to the International Year of Older Persons: Second World Assembly on Ageing [55 (c)] </s>
	</p>
	<p n="54">
	  <s n="60"> Action on draft resolution A/C.3/63/L.4 </s>
	</p>
	<p n="55">
	  <s n="61"> United Nations Literacy Decade: education for all [55 (d)] </s>
	</p>
	<p n="56">
	  <s n="62"> Action on draft resolution A/C.3/63/L.7 </s>
	</p>
	<p n="57">
	  <s n="63"> 1To be issued. </s>
	</p>
	<p n="58">
	  <s n="64"> Crime prevention and criminal justice </s>
	</p>
	<p n="59">
	  <s n="65"> Action on draft resolutions A/C.3/63/L.2 and A/C.3/63/L.11 </s>
	</p>
	<p n="60">
	  <s n="66"> Promotion and protection of human rights (A/63/123, A/63/370-S/2008/614 and A/63/281-S/2008/431) </s>
	</p>
	<p n="61">
	  <s n="67"> (b) Human rights questions, including alternative approaches for improving the effective enjoyment of human rights and fundamental freedoms (A/63/259, A/63/272, A/63/287, A/63/293, A/63/293/Corr.1, A/63/299, A/63/365, A/63/340, A/63/337, A/63/3671, A/63/4861, A/63/161, A/63/223, A/63/263, A/63/270, A/63/271, A/63/274, A/63/275, A/63/278, A/63/286, A/63/288, A/63/289, A/63/290*, A/63/292, A/63/313 and A/63/318) </s>
	</p>
	<p n="62">
	  <s n="68"> (c) Human rights situations and reports of special rapporteurs and representatives (A/63/332, A/63/459, A/63/356, A/63/322, A/63/341 and A/63/326) </s>
	</p>
	<p n="63">
	  <s n="69"> (e) Convention on the Rights of Persons with Disabilities (A/63/264 and A/63/264/Corr.1) </s>
	</p>
	<p n="64">
	  <s n="70"> Presentations by and dialogue with: </s>
	</p>
	<p n="65">
	  <s n="71"> Special Rapporteur on torture and other cruel, inhuman or degrading treatment or punishment; and </s>
	</p>
	<p n="66">
	  <s n="72"> Special Rapporteur on adequate housing as a component of the right to an adequate standard of living </s>
	</p>
	<p n="67">
	  <s n="73"> 1To be issued. </s>
	</p>
	<p n="68">
	  <s n="74"> Fifth Committee </s>
	</p>
	<p n="69">
	  <s n="75"> 10 a.m. 11th meeting Conference Room 3 </s>
	</p>
	<p n="70">
	  <s n="76"> Review of the efficiency of the administrative and financial functioning of the United Nations </s>
	</p>
	<p n="71">
	  <s n="77"> Information requested in paragraph 17 of General Assembly resolution 62/247 (A/63/369 and A/63/492) </s>
	</p>
	<p n="72">
	  <s n="78"> Practices relating to sharing information between the Organization and law enforcement authorities of Member States as well as referrals to such authorities of possible criminal cases related to United Nations staff, United Nations officials and experts on mission (A/63/331 and A/63/492) </s>
	</p>
	<p n="73">
	  <s n="79"> Report on the activities of the Procurement Task Force prepared by the Board of Auditors for the General Assembly at its sixty-third session (A/63/167 and A/63/490) </s>
	</p>
	<p n="74">
	  <s n="80"> Implementation of the recommendations of the Board of Auditors contained in its report on Activities of the Procurement Task Force (A/63/167/Add.1 and A/63/490) </s>
	</p>
	<p n="75">
	  <s n="81"> Report of the Office of Internal Oversight Services on the activities of the Procurement Task Force for the period 1 July 2007 and ending 31 July 2008 (A/63/329 and A/63/490) </s>
	</p>
	<p n="76">
	  <s n="82"> Secretary-General transmitting his comments on the report of the Office of Internal Oversight Services on the activities of the Procurement Task Force for the period 1 July 2007 and ending 31 July 2008 (A/63/329/Add.1 and A/63/490) </s>
	</p>
	<p n="77">
	  <s n="83"> Introduction and general discussion </s>
	</p>
	<p n="78">
	  <s n="84"> Morning1-1 p.m. Informal consultations (closed) Conference Room 5 </s>
	</p>
	<p n="79">
	  <s n="85"> Informal consultations on agenda items 117 and 128 (Review of the efficiency of the administrative and financial functioning of the United Nations; and Report on the activities of the Office of Internal Oversight Services: Investigations/Procurement Task Force (A/63/331, A/63/369, A/63/492, A/63/167, A/63/167/Add.1, A/63/329, A/63/329/Add.1, A/63/490, A/63/328 (Section III, Part C), A/63/302 (Part I), A/63/302/(Part I)/Add.1 and A/63/302 (Part I)/Add.2)) </s>
	</p>
	<p n="80">
	  <s n="86"> 3-6 p.m. Informal consultations (closed) Conference Room 5 </s>
	</p>
	<p n="81">
	  <s n="87"> Informal consultations on: </s>
	</p>
	<p n="82">
	  <s n="88"> Item 116 (Financial reports and audited financial statements, and reports of the Board of Auditors (A/63/5 (Vol. I), A/63/5 (Vol. III), A/63/5 (Vol. IV), A/63/5/Add.1, A/63/5/Add.2, A/63/5/Add.2/Corr.1, A/63/5/Add.3, A/63/5/Add.4, A/63/5/Add.5, A/63/5/Add.6, A/63/5/Add.7, A/63/5/Add.8, A/63/5/Add.9, A/63/5/Add.10, A/63/5/Add.11, A/63/5/Add.12, A/63/169, A/63/327, A/63/327/Add.1, A/63/328 (Section III, Part E) and A/63/474)); and </s>
	</p>
	<p n="83">
	  <s n="89"> Item 119 (Programme planning (A/63/16, A/63/6 (Part one), A/63/6 (Prog.1), A/63/6 (Prog.2), A/63/6 (Prog.3), A/63/6 (Prog.4), A/63/6 (Prog.5), A/63/6 (Prog.6), A/63/6 (Prog.7), A/63/6 (Prog.8), A/63/6 (Prog.9), A/63/6 (Prog.10), A/63/6 (Prog.11), A/63/6 (Prog.12), A/63/6 (Prog.13), A/63/6 (Prog.14), A/63/6 (Prog.15), A/63/6 (Prog.16), A/63/6 (Prog.17), A/63/6 (Prog.17)/Corr.1 (Arabic, English and Chinese only), A/63/6 (Prog.18), A/63/6 (Prog.18)/Corr.1 (French only), A/63/6 (Prog.19), A/63/6 (Prog.20), A/63/6 (Prog.21), A/63/6 (Prog.22), A/63/6 (Prog.23), A/63/6 (Prog.23)/Corr.1), A/63/6 (Prog.24), A/63/6 (Prog.25), A/63/6 (Prog.26), A/63/6 (Prog.27) and A/63/70)) </s>
	</p>
	<p n="84">
	  <s n="90"> 1To be held following the adjournment of the 11th meeting of the Fifth Committee. </s>
	</p>
	<p n="85">
	  <s n="91"> Sixth Committee </s>
	</p>
	<p n="86">
	  <s n="92"> 10 a.m. 13th meeting Trusteeship Council Chamber </s>
	</p>
	<p n="87">
	  <s n="93"> Report of the Special Committee on the Charter of the United Nations and on the Strengthening of the Role of the Organization (A/63/33, A/63/98 and A/63/224) </s>
	</p>
	<p n="88">
	  <s n="94"> Status of the Protocols Additional to the Geneva Conventions of 1949 and relating to the protection of victims of armed conflicts (A/63/118) </s>
	</p>
	<p n="89">
	  <s n="95"> Consideration of effective measures to enhance the protection, security and safety of diplomatic and consular missions and representatives (A/63/121) </s>
	</p>
	<p n="90">
	  <s n="96"> Morning1-12.30 p.m. Informal consultations (closed) Trusteeship Council Chamber </s>
	</p>
	<p n="91">
	  <s n="97"> Informal consultations on the draft resolution under agenda item 73 (Criminal accountability of United Nations officials and experts on mission) </s>
	</p>
	<p n="92">
	  <s n="98"> 1To be held following the adjournment of the 13th meeting of the Committee. </s>
	</p>
	<p n="93">
	  <s n="99"> 3 p.m. 14th meeting Trusteeship Council Chamber </s>
	</p>
	<p n="94">
	  <s n="100"> Status of the Protocols Additional to the Geneva Conventions of 1949 and relating to the protection of victims of armed conflicts (A/63/118) </s>
	</p>
	<p n="95">
	  <s n="101"> Consideration of effective measures to enhance the protection, security and safety of diplomatic and consular missions and representatives (A/63/121) </s>
	</p>
	<p n="96">
	  <s n="102"> Afternoon1-6 p.m. Informal consultations (closed) Trusteeship Council Chamber </s>
	</p>
	<p n="97">
	  <s n="103"> Informal consultations on the draft resolution under agenda item 73 (Criminal accountability of United Nations officials and experts on mission) </s>
	</p>
	<p n="98">
	  <s n="104"> Informal consultations on the draft resolution under agenda item 79 (The rule of law at the national and international levels) </s>
	</p>
	<p n="99">
	  <s n="105"> [Note: The list of speakers for all items on the agenda of the Sixth Committee is open. </s>
	  <s n="106"> Delegations are urged to contact the secretariat of the Sixth Committee (Ms. Marianne Sooksatan (tel. </s>
	  <s n="107"> 1 (212) 963-5378; fax 1 (212) 963-1963)) if they wish to be inscribed on the list. </s>
	  <s n="108"> Delegations that have not yet submitted the names of their representatives, alternates and advisers are invited to inform the Codification Division, Office of Legal Affairs, secretariat of the Sixth Committee (room S-3460; fax 1 (212) 963-1963). </s>
	  <s n="109"> ] </s>
	</p>
	<p n="100">
	  <s n="110"> 1To be held following the adjournment of the 14th meeting of the Sixth Committee. </s>
	</p>
	<p n="101">
	  <s n="111"> General Assembly </s>
	</p>
	<p n="102">
	  <s n="112"> Advisory Committee on Administrative and Budgetary Questions </s>
	</p>
	<p n="103">
	  <s n="113"> 10.30 a.m.-1 p.m. Closed meeting Conference Room 10 </s>
	</p>
	<p n="104">
	  <s n="114"> 3-6 p.m. Closed meeting Conference Room 10 </s>
	</p>
	<p n="105">
	  <s n="115"> Administration of justice </s>
	</p>
	<p n="106">
	  <s n="116"> Executive session </s>
	</p>
	<p n="107">
	  <s n="117"> Informal meetings on draft proposals convened by delegations </s>
	</p>
	<p n="108">
	  <s n="118"> Thursday, 23 October 2008 </s>
	</p>
	<p n="109">
	  <s n="119"> Informal consultations on the draft resolution entitled “Cooperation between the United Nations and the Eurasian Economic Community” (agenda item 114) (General Assembly) (convened by the delegation of Belarus) </s>
	</p>
	<p n="110">
	  <s n="120"> 10 a.m.-1 p.m. Closed meeting Conference Room 7 </s>
	</p>
	<p n="111">
	  <s n="121"> Informal consultations on the draft resolution on the situation in Afghanistan (agenda item 17) (General Assembly) (convened by the delegation of Germany) </s>
	</p>
	<p n="112">
	  <s n="122"> 10 a.m.-1 p.m. Closed meeting Conference Room E </s>
	</p>
	<p n="113">
	  <s n="123"> Meeting of co-sponsors on the draft resolution entitled “Human rights and extreme poverty” (under item 64 (b)) (Third Committee) (convened by the delegation of Peru) </s>
	</p>
	<p n="114">
	  <s n="124"> 10 a.m.-1 p.m. Closed meeting Conference Room C-209B </s>
	</p>
	<p n="115">
	  <s n="125"> Informal consultations on the draft resolution entitled “Effects of atomic radiation” (agenda item 27) (Special Political and Decolonization Committee (Fourth Committee)) (convened by the delegation of Canada) </s>
	</p>
	<p n="116">
	  <s n="126"> 11 a.m.-1 p.m. Closed meeting Conference Room 9 </s>
	</p>
	<p n="117">
	  <s n="127"> Meeting of co-sponsors on the draft resolution entitled “Protection of human rights and fundamental freedoms while countering terrorism” (under agenda item 64 (b)) (Third Committee) (convened by the delegation of Mexico) </s>
	</p>
	<p n="118">
	  <s n="128"> 1-3 p.m. Closed meeting Conference Room C-209B </s>
	</p>
	<p n="119">
	  <s n="129"> Informal consultations on the draft resolution entitled “Combating defamation of religions” (under agenda item 64 (b)) (Third Committee) (convened by the delegation of Uganda in its capacity as Chair of the OIC Group) </s>
	</p>
	<p n="120">
	  <s n="130"> 1.15-2.30 p.m. Closed meeting Conference Room 7 </s>
	</p>
	<p n="121">
	  <s n="131"> Informal consultations on the draft resolution entitled “Extrajudicial, summary or arbitrary executions” (under agenda item 67 (b)) (Third Committee) (convened by the delegation of Sweden) </s>
	</p>
	<p n="122">
	  <s n="132"> 1.15-3 p.m. Closed meeting Conference Room C </s>
	</p>
	<p n="123">
	  <s n="133"> Informal consultations on the draft resolution entitled “International Convention for the Protection of All Persons from Enforced Disappearance” (under agenda item 64 (b)) (Third Committee) (convened by the delegation of Argentina) </s>
	</p>
	<p n="124">
	  <s n="134"> 1.15-2.45 p.m. Closed meeting Conference Room 1 </s>
	</p>
	<p n="125">
	  <s n="135"> Informal consultations on the draft resolution on “Foreign policy and global health” (under agenda item 44) (convened by the delegation of South Africa) </s>
	</p>
	<p n="126">
	  <s n="136"> 1.15-2.30 p.m. Closed meeting Conference Room E </s>
	</p>
	<p n="127">
	  <s n="137"> Informal consultations on the draft resolution on “Promoting development through the reduction and prevention of armed violence, for the Signatory countries of the Geneva Declaration” (convened by the delegation of Switzerland, on behalf of the core group of States of the Geneva Declaration) </s>
	</p>
	<p n="128">
	  <s n="138"> 1.15-2.30 p.m. Closed meeting Conference Room 4 </s>
	</p>
	<p n="129">
	  <s n="139"> Meeting of co-sponsors of the draft resolution A/C.1/63/L.32, entitled “Compliance with non-proliferation, arms limitation and disarmament agreements” (First Committee) (convened by the delegation of the United States) </s>
	</p>
	<p n="130">
	  <s n="140"> 2.30-3 p.m. Closed meeting Conference Room 9 </s>
	</p>
	<p n="131">
	  <s n="141"> Informal consultations on draft resolution A/C.3/63/L.5, entitled “Implementation of the outcome of the World Summit for Social Development and of the twenty-fourth special session of the General Assembly” (under agenda item 55 (a)) (Third Committee) (convened by the delegation of Antigua and Barbuda) </s>
	</p>
	<p n="132">
	  <s n="142"> 3-6 p.m. Closed meeting Conference Room 6 </s>
	</p>
	<p n="133">
	  <s n="143"> Informal consultations on General Assembly resolution 62/90 (A/RES/62/90), entitled “Promotion of interreligious and intercultural dialogue, understanding and cooperation for peace” (convened by the delegations of Pakistan and the Philippines) </s>
	</p>
	<p n="134">
	  <s n="144"> 3-6 p.m. Closed meeting Conference Room E </s>
	</p>
	<p n="135">
	  <s n="145"> Informal consultations on the draft resolution entitled “Trafficking in women and girls” (under agenda item 56 (a)) (Third Committee) (convened by the delegation of the Philippines) </s>
	</p>
	<p n="136">
	  <s n="146"> 3-6 p.m. Closed meeting Conference Room C </s>
	</p>
	<p n="137">
	  <s n="147"> Informal consultations on the draft resolution on “Operational activities for development” (under agenda item 54) (Second Committee) (convened by the delegation of Switzerland) </s>
	</p>
	<p n="138">
	  <s n="148"> 3-6 p.m. Closed meeting Conference Room 7 </s>
	</p>
	<p n="139">
	  <s n="149"> Meeting of co-sponsors of the draft resolution entitled “Report of the International Atomic Energy Agency” (under agenda item 80) (First Committee) (convened by the delegation of Algeria) </s>
	</p>
	<p n="140">
	  <s n="150"> 3-4 p.m. Closed meeting Conference Room 9 </s>
	</p>
	<p n="141">
	  <s n="151"> Meeting of co-sponsors on the draft resolution A/C.1/63/L.43, entitled “Preventing and combating illicit brokering activities” (under agenda item 91) (First Committee) (convened by the delegations of Australia and the Republic of Korea) </s>
	</p>
	<p n="142">
	  <s n="152"> 4-5 p.m. Closed meeting Conference Room 9 </s>
	</p>
	<p n="143">
	  <s n="153"> Informal consultations on the draft resolution entitled “International Research and Training Institute for the Advancement of Women (INSTRAW)” (under agenda item 56 (a)) (Third Committee) (convened by the delegation of the Bolivarian Republic of Venezuela) </s>
	</p>
	<p n="144">
	  <s n="154"> 5-6 p.m. Closed meeting Conference Room C-209B </s>
	</p>
	<p n="145">
	  <s n="155"> Other meetings </s>
	</p>
	<p n="146">
	  <s n="156"> The information below is reproduced as received and does not imply any opinion or endorsement by the Secretariat of the United Nations. </s>
	</p>
	<p n="147">
	  <s n="157"> Thursday, 23 October 2008 </s>
	</p>
	<p n="148">
	  <s n="158"> Group of Latin American and Caribbean States (GRULAC) </s>
	</p>
	<p n="149">
	  <s n="159"> 8.45-9.45 a.m. Closed meeting Conference Room 8 </s>
	</p>
	<p n="150">
	  <s n="160"> 2008 United Nations Disarmament Fellowship Programme </s>
	</p>
	<p n="151">
	  <s n="161"> 9 a.m.-1 p.m. Closed meeting Conference Room S-3170B </s>
	</p>
	<p n="152">
	  <s n="162"> 3-6 p.m. Closed meeting Conference Room D </s>
	</p>
	<p n="153">
	  <s n="163"> Group of 77 (on the draft outcome document for the Follow-up International Conference on Financing for Development to Review the Implementation of the Monterrey Consensus) </s>
	</p>
	<p n="154">
	  <s n="164"> 10 a.m.-1 p.m. Closed meeting Conference Room D </s>
	</p>
	<p n="155">
	  <s n="165"> Group of 77 (on the draft resolutions on macroeconomic issues) </s>
	</p>
	<p n="156">
	  <s n="166"> 1.15-2.30 p.m. Closed meeting Conference Room 6 </s>
	</p>
	<p n="157">
	  <s n="167"> Group of 77 (on Fifth Committee matters) </s>
	</p>
	<p n="158">
	  <s n="168"> 2-2.45 p.m. Closed meeting Conference Room 5 </s>
	</p>
	<p n="159">
	  <s n="169"> Group of 77 (on Second Committee matters) </s>
	</p>
	<p n="160">
	  <s n="170"> 3-6 p.m. Closed meeting Conference Room 3 </s>
	</p>
	<p n="161">
	  <s n="171"> Council of Presidents of the General Assembly of the United Nations </s>
	</p>
	<p n="162">
	  <s n="172"> 10.30 a.m.-1 p.m. Closed meeting Conference Room 8 </s>
	</p>
	<p n="163">
	  <s n="173"> 3-6 p.m. Closed meeting Conference Room 8 </s>
	</p>
	<p n="164">
	  <s n="174"> African Group (Third Committee experts) </s>
	</p>
	<p n="165">
	  <s n="175"> 1.15-2.45 p.m. Closed meeting Conference Room 8 </s>
	</p>
	<p n="166">
	  <s n="176"> Non-Aligned Movement: Working group on Human Rights (on NAM draft resolutions) </s>
	</p>
	<p n="167">
	  <s n="177"> 3-6 p.m. Closed meeting Conference Room 2 </s>
	</p>
	<p n="168">
	  <s n="178"> Other activities </s>
	</p>
	<p n="169">
	  <s n="179"> The information below is reproduced as received and does not imply any opinion or endorsement by the Secretariat of the United Nations. </s>
	</p>
	<p n="170">
	  <s n="180"> Thursday, 23 October 2008 </s>
	</p>
	<p n="171">
	  <s n="181"> Special ceremony in observance of World Food Day 2008 (organized by the Food and Agriculture Organization of the United Nations) </s>
	</p>
	<p n="172">
	  <s n="182"> From 1 to 2 p.m. in the Trusteeship Council Chamber. </s>
	</p>
	<p n="173">
	  <s n="183"> [All are invited to attend. </s>
	  <s n="184"> To register, please contact the FAO Liaison Office with the United Nations (tel. </s>
	  <s n="185"> 1 (212) 963-6036; e-mail LON-Registry@un.org). </s>
	  <s n="186"> ] </s>
	</p>
	<p n="174">
	  <s n="187"> Briefing by the President and the Vice-President of the International Humanitarian Fact-finding Commission (organized by the Permanent Mission of Switzerland) </s>
	</p>
	<p n="175">
	  <s n="188"> From 1.15 to 2.45 p.m. in Conference Room 2. </s>
	</p>
	<p n="176">
	  <s n="189"> [All are invited to attend. </s>
	  <s n="190"> For further information, please contact Mr. Emmanuel Bichet, Permanent Mission of Switzerland (tel. </s>
	  <s n="191"> 1 (212) 286-1540, ext. </s>
	  <s n="192"> 1151; e-mail emmanuel.bichet@eda.admin.ch). </s>
	  <s n="193"> ] </s>
	</p>
	<p n="177">
	  <s n="194"> Press conferences </s>
	</p>
	<p n="178">
	  <s n="195"> The schedule below is tentative; up-to-date information can be obtained at &lt;www.un.org/News/ossg/conf.htm&gt;. </s>
	</p>
	<p n="179">
	  <s n="196"> Thursday, 23 October 2008 </s>
	</p>
	<p n="180">
	  <s n="197"> Room S-226 </s>
	</p>
	<p n="181">
	  <s n="198"> 10 a.m. H.E. Mr. Donville Inniss, Minister of State in the Ministry of Foreign Affairs, Foreign Trade and International Business of Barbados; and Mr. Luis Fernando Andrade Falla, Secretary-General of the Association of Caribbean States (on the work of the Association to designate the Caribbean Sea as a special area in the context of sustainable development) </s>
	</p>
	<p n="182">
	  <s n="199"> Guest 12 noon Mr. Achim Steiner, Executive Director, United Nations Environment Programme (UNEP) (on Paint for the Planet, an exhibit, organized by UNEP, involving young artists from around the world, whose work will be auctioned to raise funds for UNICEF) </s>
	</p>
	<p n="183">
	  <s n="200"> 1.30 p.m. Mr. Tomás Ojea Quintana, Special Rapporteur on the situation of human rights in Myanmar </s>
	</p>
	<p n="184">
	  <s n="201"> 2.30 p.m. Mr. Vitit Muntarbhorn, Special Rapporteur on the situation of human rights in the Democratic People&apos;s Republic of Korea </s>
	</p>
	<p n="185">
	  <s n="202"> General Assembly </s>
	</p>
	<p n="186">
	  <s n="203"> Sixty-third session </s>
	</p>
	<p n="187">
	  <s n="204"> Interactive Panel on the Global Financial Crisis </s>
	</p>
	<p n="188">
	  <s n="205"> An Interactive Panel on the Global Financial Crisis will be held on Thursday, 30 October 2008, beginning at 9 a.m. in the Trusteeship Council Chamber. </s>
	</p>
	<p n="189">
	  <s n="206"> The panellists invited are Prof. Joseph Stiglitz (United States), Dr. François Houtart (Belgium), Prof. Prabhat Patnaik (India) and Dr. Pedro Páez (Ecuador). </s>
	</p>
	<p n="190">
	  <s n="207"> A letter from the President of the General Assembly, dated 16 October 2008, was sent by facsimile to all Permanent Representatives and Observers. </s>
	</p>
	<p n="191">
	  <s n="208"> General Assembly </s>
	</p>
	<p n="192">
	  <s n="209"> Sixty-third session </s>
	</p>
	<p n="193">
	  <s n="210"> Informal consultations of the process on strengthening international environmental governance will be held on Thursday, 30 October 2008 at 10 a.m. in the Economic and Social Council Chamber. </s>
	</p>
	<p n="194">
	  <s n="211"> General Assembly </s>
	</p>
	<p n="195">
	  <s n="212"> Sixty-third session </s>
	</p>
	<p n="196">
	  <s n="213"> Drafting sessions on the draft outcome document for the Follow-up International Conference on Financing for Development to Review the Implementation of the Monterrey Consensus (Doha, Qatar, 29 November- 2 December 2008) </s>
	</p>
	<p n="197">
	  <s n="214"> In accordance with General Assembly resolution 62/187 (A/RES/62/187), drafting sessions on the draft outcome document for the Doha Review Conference (A/CONF.212/CRP.1) will be held in October and November 2008. </s>
	  <s n="215"> The schedule of meetings and the draft outcome document are posted on the Web site of the Financing for Development Office &lt;www.un.org/esa/ffd&gt;. </s>
	</p>
	<p n="198">
	  <s n="216"> All accredited stakeholders are invited to attend the drafting sessions; although only representatives of Governments and of the three major institutional stakeholders will be permitted to participate in the discussion, following the practice used in the preparatory phase for the Monterrey Conference. </s>
	</p>
	<p n="199">
	  <s n="217"> In keeping with previous practice, stakeholders are welcome to make available in writing any contributions they deem appropriate, which should be addressed to the Co-Facilitators, with a copy to the Financing for Development Office, indicating their wish to have them posted on the Financing for Development Web site. </s>
	</p>
	<p n="200">
	  <s n="218"> Forthcoming official meetings </s>
	</p>
	<p n="201">
	  <s n="219"> General Assembly </s>
	</p>
	<p n="202">
	  <s n="220"> Sixty-third session </s>
	</p>
	<p n="203">
	  <s n="221"> Main Committees </s>
	</p>
	<p n="204">
	  <s n="222"> First Committee </s>
	</p>
	<p n="205">
	  <s n="223"> Delegations wishing to be inscribed in the list of speakers for the thematic segment of the Committee&apos;s work (14 to 27 October) are kindly requested to contact Mr. Renato Monteiro (room S-2977; tel. </s>
	  <s n="224"> 1 (917) 367-4193; e-mail monteiror@un.org). </s>
	</p>
	<p n="206">
	  <s n="225"> Delegations are reminded that the names of representatives, alternate representatives and advisers should be forwarded to the secretariat of the First Committee (c/o Ms. Francine Leong (room S-2977; tel. </s>
	  <s n="226"> 1 (212) 963-4389; fax 1 (212) 963-5305; e-mail leong@un.org)). </s>
	</p>
	<p n="207">
	  <s n="227"> Delegations wishing to reserve conference rooms for consultations during the session should contact Ms. Lidija Komatina (tel. </s>
	</p>
	<p n="208">
	  <s n="228"> Special Political and Decolonization Committee (Fourth Committee) </s>
	</p>
	<p n="209">
	  <s n="229"> Requests for inscription on the list of speakers on agenda items allocated to the Special Political and Decolonization Committee (Fourth Committee) should be sent to Mr. Martin Vrastiak (room S-2977JJ; tel. </s>
	  <s n="230"> 1 (917) 367-9324; e-mail vrastiak@un.org). </s>
	</p>
	<p n="210">
	  <s n="231"> Delegations are reminded that the names of their representatives, alternates and advisers to the Special Political and Decolonization Committee (Fourth Committee) are to be submitted to Mr. Saijin Zhang, Secretary of the Committee (c/o Mr. John Pabon, room S-2977NN; fax 1 (212) 963-5305). </s>
	</p>
	<p n="211">
	  <s n="232"> Second Committee </s>
	</p>
	<p n="212">
	  <s n="233"> Panel discussion </s>
	</p>
	<p n="213">
	  <s n="234"> The Second Committee will hold a panel discussion on “Globalization and health” on Friday, 24 October 2008, from 11 a.m. to 1 p.m. in Conference Room 2, to address challenges to public health systems and communicable disease interventions in the context of globalization and contribute to a holistic approach to health and development. </s>
	</p>
	<p n="214">
	  <s n="235"> The panel discussion is jointly organized by the Office of ECOSOC Support and Coordination, Department of Economic and Social Affairs, and the World Health Organization. </s>
	  <s n="236"> Members of Permanent Missions, Secretariat staff, representatives of intergovernmental and non-governmental organizations and the media are invited to attend. </s>
	  <s n="237"> For further information, please contact Ms. Masumi Ono, Office of ECOSOC Support and Coordination (tel. </s>
	  <s n="238"> 1 (917) 367-4096; e-mail ono@un.org). </s>
	</p>
	<p n="215">
	  <s n="239"> List of speakers </s>
	</p>
	<p n="216">
	  <s n="240"> The list of speakers for all items allocated to the Second Committee is open. </s>
	  <s n="241"> Delegations wishing to be inscribed are requested to contact, in writing, the secretariat of the Committee (Ms. Dolores Lois (fax 1 (212) 963-5935; or e-mail lois@un.org)). </s>
	</p>
	<p n="217">
	  <s n="242"> Composition of delegations </s>
	</p>
	<p n="218">
	  <s n="243"> Delegations are reminded that the names of representatives, alternate representatives and advisers should be submitted as soon as possible to Ms. Jennifer De Laurentis, Secretary of the Second Committee (room S-2950C; fax 1 (212) 963-5935). </s>
	</p>
	<p n="219">
	  <s n="244"> Reservation of rooms for informal “informal” consultations </s>
	</p>
	<p n="220">
	  <s n="245"> Delegations wishing to reserve rooms and schedule informal “informal” consultations are requested to contact, no later than 6 p.m. of the day before the meeting, the secretariat of the Committee (Ms. Maria Thompson (tel. </s>
	  <s n="246"> 1 (917) 367-2603; or e-mail thompsonm@un.org)). </s>
	</p>
	<p n="221">
	  <s n="247"> Information on the work of the Second Committee is available at &lt;www.un.org/ga/second/&gt;. </s>
	</p>
	<p n="222">
	  <s n="248"> Third Committee </s>
	</p>
	<p n="223">
	  <s n="249"> Listed below is the tentative schedule (subject to change) for introductory statements by Special Rapporteurs, Special Representatives, Independent Experts and Chairpersons of Working Groups who will be presenting reports to the Third Committee: </s>
	</p>
	<p n="224">
	  <s n="250"> Friday, 24 October 2008 </s>
	</p>
	<p n="225">
	  <s n="251"> 10 a.m. </s>
	</p>
	<p n="226">
	  <s n="252"> Ms. Yakin Ertürk, Special Rapporteur on violence against women, its causes and consequences (oral report); Ms. Margaret Sekaggya, Special Rapporteur on the situation of human rights defenders; and Mr. Leandro Despouy, Special Rapporteur on the independence of judges and lawyers </s>
	</p>
	<p n="227">
	  <s n="253"> 3 p.m. </s>
	</p>
	<p n="228">
	  <s n="254"> Mr. Philip Alston, Special Rapporteur on extrajudicial, summary or arbitrary executions; and Mr. Vernor Muñoz Villalobos, Special Rapporteur on the right to education </s>
	</p>
	<p n="229">
	  <s n="255"> Monday, 27 October 2008 </s>
	</p>
	<p n="230">
	  <s n="256"> 10 a.m. </s>
	</p>
	<p n="231">
	  <s n="257"> Mr. Arjun Sengupta, Chairperson of the Working Group on the Right to Development (oral report); Mr. Olivier de Schutter, Special Rapporteur on the right to food; and Mr. Cephas Lumina, Independent expert on the effects of foreign debt and other related international financial obligations of States on the full enjoyment of human rights, particularly economic, social and cultural rights </s>
	</p>
	<p n="232">
	  <s n="258"> 3 p.m. </s>
	</p>
	<p n="233">
	  <s n="259"> Mr. Walter Kalin, Representative of the Secretary-General on the human rights of internally displaced persons; Mr. Anand Grover, Special Rapporteur on the right of everyone to the enjoyment of the highest attainable standard of physical and mental health; and Mr. John Ruggie, Special Representative of the Secretary-General on human rights and transnational corporations and other business enterprises </s>
	</p>
	<p n="234">
	  <s n="260"> Monday, 3 November 2008 </s>
	</p>
	<p n="235">
	  <s n="261"> 10 a.m. </s>
	</p>
	<p n="236">
	  <s n="262"> H.E. Ms. Najat Al-Hajjaji, Chairperson of the Durban Review Conference Preparatory Committee; Ms. Fatimata-Binta Victoire Dah, Chairperson of the Committee on the Elimination of Racial Discrimination (oral report); and Mr. Githu Muigai, Special Rapporteur on contemporary forms of racism, racial discrimination, xenophobia and related intolerance </s>
	</p>
	<p n="237">
	  <s n="263"> 3 p.m. </s>
	</p>
	<p n="238">
	  <s n="264"> Mr. Alexander Ivanovich Nikitin, Chairperson of the Working Group on the use of mercenaries as a means of impeding the exercise of the right of peoples to self-determination </s>
	</p>
	<p n="239">
	  <s n="265"> List of speakers </s>
	</p>
	<p n="240">
	  <s n="266"> The list of speakers on all agenda items allocated to the Third Committee is open. </s>
	  <s n="267"> Requests for inscription should be sent to Ms. Nancy Beteta (fax 1 (212) 963-5935; e-mail beteta@un.org). </s>
	</p>
	<p n="241">
	  <s n="268"> Composition of delegations </s>
	</p>
	<p n="242">
	  <s n="269"> Delegations are reminded that the names of representatives, alternate representatives and advisers, should be submitted as soon as possible to Mr. Moncef Khane, Secretary of the Third Committee (room S-2950D; fax 1 (212) 963-5935). </s>
	</p>
	<p n="243">
	  <s n="270"> Delegations wishing to reserve rooms for informal consultations on Third Committee matters are requested to contact Ms. Maria Thompson (fax 1 (212) 963-5935; tel. </s>
	</p>
	<p n="244">
	  <s n="271"> Fifth Committee </s>
	</p>
	<p n="245">
	  <s n="272"> The Fifth Committee will hold informal consultations (closed) on Friday, 24 October 2008, at 10 a.m. and at 3 p.m. in Conference Room 5. </s>
	</p>
	<p n="246">
	  <s n="273"> Forthcoming informal meetings on draft proposals convened by delegations </s>
	</p>
	<p n="247">
	  <s n="274"> Informal consultations on draft resolution A/C.3/63/L.10, entitled “Strengthening the United Nations Crime Prevention and Criminal Justice Programme, in particular its technical cooperation capacity” (under agenda item 97) (Third Committee) (convened by the delegation of Italy) </s>
	</p>
	<p n="248">
	  <s n="275"> Friday, 24 October 2008, from 9.30 to 11 a.m. in Conference Room C-209B. </s>
	</p>
	<p n="249">
	  <s n="276"> Informal consultations on the draft resolution entitled “Missing persons” (under agenda item 64 (b)) (Third Committee) (convened by the delegation of Azerbaijan) </s>
	</p>
	<p n="250">
	  <s n="277"> Friday, 24 October 2008, from 9.30 to 11 a.m. in Conference Room B. </s>
	</p>
	<p n="251">
	  <s n="278"> Informal consultations on draft resolution entitled “Rights of the child” (under agenda item 60 (a)) (Third Committee) (convened by the delegation of Uruguay) </s>
	</p>
	<p n="252">
	  <s n="279"> Friday, 24 October 2008, from 10 a.m. to 1 p.m. in Conference Room C; </s>
	</p>
	<p n="253">
	  <s n="280"> Tuesday, 28 October 2008, from 1.15 to 2.45 p.m. in Conference Room C; </s>
	</p>
	<p n="254">
	  <s n="281"> Wednesday, 29 October 2008, from 3 to 6 p.m. in Conference Room C; and </s>
	</p>
	<p n="255">
	  <s n="282"> Friday, 31 October 2008, from 10 a.m. to 1 p.m. in Conference Room C. </s>
	</p>
	<p n="256">
	  <s n="283"> Informal consultations on draft resolution A/C.3/63/L.9, entitled “Improving the coordination of efforts against trafficking in persons” (under agenda item 97) (Third Committee) (convened by the delegation of Belarus) </s>
	</p>
	<p n="257">
	  <s n="284"> Friday, 24 October 2008, from 11 a.m. to 1 p.m. in Conference Room C. </s>
	</p>
	<p n="258">
	  <s n="285"> Informal consultations on draft resolution A/C.3/63/L.8, entitled “International cooperation against the world drug problem” (under agenda item 98) (Third Committee) (convened by the delegation of Mexico) </s>
	</p>
	<p n="259">
	  <s n="286"> Friday, 24 October 2008, from 11 a.m. to 1 p.m. in Conference Room C-209B; </s>
	</p>
	<p n="260">
	  <s n="287"> Tuesday, 28 October 2008, from 1 to 3 p.m. in Conference Room C-209B; and </s>
	</p>
	<p n="261">
	  <s n="288"> Thursday, 30 October 2008, from 10 a.m. to 1 p.m. in Conference Room C-209B. </s>
	</p>
	<p n="262">
	  <s n="289"> Meeting of co-sponsors on the draft resolution on “Elimination of all forms of intolerance and of discrimination based on religion and belief” (under agenda item 64 (b)) (Third Committee) (convened by the delegation of France) </s>
	</p>
	<p n="263">
	  <s n="290"> Friday, 24 October 2008, from 11 a.m. to 1 p.m. in Conference Room B; </s>
	</p>
	<p n="264">
	  <s n="291"> Tuesday, 28 October 2008, from 4.30 to 6 p.m. in Conference Room C; </s>
	</p>
	<p n="265">
	  <s n="292"> Thursday, 30 October 2008, from 3 to 6 p.m. in Conference Room C; and </s>
	</p>
	<p n="266">
	  <s n="293"> Friday, 31 October 2008, from 1.15 to 3 p.m. in Conference Room C. </s>
	</p>
	<p n="267">
	  <s n="294"> Informal consultations on the draft resolution entitled “Human rights and extreme poverty” (under item 64 (b)) (Third Committee) (convened by the delegation of Peru) </s>
	</p>
	<p n="268">
	  <s n="295"> Friday, 24 October 2008, from 1 to 3 p.m. in Conference Room 2. </s>
	</p>
	<p n="269">
	  <s n="296"> Informal consultations on the draft resolution entitled “International Year for Human Rights Learning” (under agenda item 64 (b)) (Third Committee) (convened by the delegation of Benin) </s>
	</p>
	<p n="270">
	  <s n="297"> Friday, 24 October 2008, from 1 to 3 p.m. in Conference Room B. </s>
	</p>
	<p n="271">
	  <s n="298"> Informal consultations on the draft resolution entitled “Follow-up to the Fourth World Conference on Women and full implementation of the Beijing Declaration and Platform for Action and the outcome of the twenty-third special session of the General Assembly” (under agenda item 56 (b)) (Third Committee) (convened by the delegation of Armenia) </s>
	</p>
	<p n="272">
	  <s n="299"> Friday, 24 October 2008, from 1.15 to 2.45 p.m. in Conference Room C; and </s>
	</p>
	<p n="273">
	  <s n="300"> Monday, 27 October 2008, from 10 a.m. to 1 p.m. in Conference Room C. </s>
	</p>
	<p n="274">
	  <s n="301"> Meeting of co-sponsors on the draft resolution on globalization and its impact on the full enjoyment of all human rights (under agenda item 64 (b)) (Third Committee) (convened by the delegation of Egypt) </s>
	</p>
	<p n="275">
	  <s n="302"> Friday, 24 October 2008, from 1.15 to 2.45 p.m. in the Economic and Social Council Chamber. </s>
	</p>
	<p n="276">
	  <s n="303"> Informal consultations on the draft resolution on Programme 19 (under agenda item 119) (Third Committee) (convened by the delegations of Morocco and Switzerland) </s>
	</p>
	<p n="277">
	  <s n="304"> Friday, 24 October 2008, from 1.15 to 3 p.m. in Conference Room C-209B. </s>
	</p>
	<p n="278">
	  <s n="305"> Informal consultations on the draft resolution entitled “National institutions for the promotion and protection of human rights” (under agenda item 64 (b)) (Third Committee) (convened by the delegation of Germany) </s>
	</p>
	<p n="279">
	  <s n="306"> Friday, 24 October 2008, from 3 to 6 p.m. in Conference Room B. </s>
	</p>
	<p n="280">
	  <s n="307"> Informal consultations on the draft resolution entitled “The intensification of efforts to eliminate all forms of violence against women” (under agenda item 56 (a)) (Third Committee) (convened by the delegations of Belgium and the Netherlands) </s>
	</p>
	<p n="281">
	  <s n="308"> Friday, 24 October 2008, from 3 to 6 p.m. in Conference Room C; </s>
	</p>
	<p n="282">
	  <s n="309"> Monday, 27 October 2008, from 3 to 4.30 p.m. in Conference Room C; and </s>
	</p>
	<p n="283">
	  <s n="310"> Friday, 31 October 2008, from 10 a.m. to 1 p.m. in Conference Room C-209B. </s>
	</p>
	<p n="284">
	  <s n="311"> Informal consultations on draft resolution A/C.3/63/L.3, entitled “Implementation of the World Programme of Action concerning Disabled Persons: realizing the Millennium Development Goals for persons with disabilities” (under agenda item 55 (e)) (Third Committee) (convened by the delegation of the Philippines) </s>
	</p>
	<p n="285">
	  <s n="312"> Monday, 27 October 2008, from 10 a.m. to 1 p.m. in Conference Room D; and </s>
	</p>
	<p n="286">
	  <s n="313"> Thursday, 30 October 2008, from 10 a.m. to 1 p.m. in Conference Room C. </s>
	</p>
	<p n="287">
	  <s n="314"> Informal consultations on draft resolution entitled “The right to food” (under agenda item 64 (b)) (Third Committee) (convened by the delegation of Cuba) </s>
	</p>
	<p n="288">
	  <s n="315"> Monday, 27 October 2008, from 10 a.m. to 1 p.m. in Conference Room C-209B. </s>
	</p>
	<p n="289">
	  <s n="316"> Informal consultations on draft resolution A/C.3/63/L.17, entitled “Indigenous issues” (under agenda item 61) (Third Committee) (convened by the delegation of Guatemala) </s>
	</p>
	<p n="290">
	  <s n="317"> Monday, 27 October 2008, from 1 to 3 p.m. in Conference Room C-209B. </s>
	</p>
	<p n="291">
	  <s n="318"> Informal consultations on the draft resolution on the role of the Ombudsman and mediation institutions in the promotion and protection of human rights (under agenda item 64 (b)) (Third Committee) (convened by the delegation of Morocco) </s>
	</p>
	<p n="292">
	  <s n="319"> Monday, 27 October 2008, from 3 to 6 p.m. in Conference Room C-209B. </s>
	</p>
	<p n="293">
	  <s n="320"> Informal consultations on the draft resolution entitled “Protection of human rights and fundamental freedoms while countering terrorism” (under agenda item 64 (b)) (Third Committee) (convened by the delegation of Mexico) </s>
	</p>
	<p n="294">
	  <s n="321"> Monday, 27 October 2008, from 4.30 to 6 p.m. in Conference Room C. </s>
	</p>
	<p n="295">
	  <s n="322"> Informal consultations on the draft resolution on the situation in Afghanistan (agenda item 17) (General Assembly) (convened by the delegation of Germany) </s>
	</p>
	<p n="296">
	  <s n="323"> Tuesday, 28 October 2008, from 10 a.m. to 1 p.m. in Conference Room E. </s>
	</p>
	<p n="297">
	  <s n="324"> Informal consultations on the draft resolution entitled “Cooperation between the United Nations and the Council of Europe” (under agenda item 114 (g)) (General Assembly) (convened by the delegation of Sweden) </s>
	</p>
	<p n="298">
	  <s n="325"> Tuesday, 28 October 2008, from 3 to 6 p.m. in Conference Room E. </s>
	</p>
	<p n="299">
	  <s n="326"> Informal consultations on the draft resolution entitled “Protection of migrants” (under agenda item 64 (b)) (Third Committee) (convened by the delegation of Mexico) </s>
	</p>
	<p n="300">
	  <s n="327"> Tuesday, 28 October 2008, from 3 to 6 p.m. in Conference Room C. </s>
	</p>
	<p n="301">
	  <s n="328"> Informal consultations on the draft resolution on operational activities for development (under agenda item 54) (Second Committee) (convened by the delegation of Switzerland) </s>
	</p>
	<p n="302">
	  <s n="329"> Tuesday, 28 October 2008, from 3 to 6 p.m. in Conference Room B; and </s>
	</p>
	<p n="303">
	  <s n="330"> Thursday, 30 October 2008, from 3 to 6 p.m. in Conference Room B. </s>
	</p>
	<p n="304">
	  <s n="331"> Informal consultations on the draft resolution entitled “Trafficking in women and girls” (under agenda item 56 (a)) (Third Committee) (convened by the delegation of the Philippines) </s>
	</p>
	<p n="305">
	  <s n="332"> Wednesday, 29 October 2008, from 10 a.m. to 1 p.m. in Conference Room C. </s>
	</p>
	<p n="306">
	  <s n="333"> Informal consultations on the draft resolution on the convention on Biological Diversity (CDB) (under agenda item 49 (f)) (Second Committee) (convened by the delegation of Portugal) </s>
	</p>
	<p n="307">
	  <s n="334"> Friday, 31 October 2008, from 3 to 5 p.m. in Conference Room B. </s>
	</p>
	<p n="308">
	  <s n="335"> Other forthcoming meetings </s>
	</p>
	<p n="309">
	  <s n="336"> The information below is reproduced as received and does not imply any opinion or endorsement by the Secretariat of the United Nations. </s>
	</p>
	<p n="310">
	  <s n="337"> International Criminal Court (informal consultations on the Court&apos;s 2009 budget) </s>
	</p>
	<p n="311">
	  <s n="338"> Friday, 24 October 2008, from 1.15 to 2.30 p.m. in Conference Room 6. </s>
	</p>
	<p n="312">
	  <s n="339"> Asian Group (monthly meeting) </s>
	</p>
	<p n="313">
	  <s n="340"> Friday, 24 October 2008, at 3 p.m. in Conference Room 2. </s>
	</p>
	<p n="314">
	  <s n="341"> Asian-African Legal Consultative Organization (AALCO) </s>
	</p>
	<p n="315">
	  <s n="342"> Friday, 24 October 2008, from 3 to 6 p.m. in Conference Room 7. </s>
	</p>
	<p n="316">
	  <s n="343"> Group of Latin American and Caribbean States (GRULAC) </s>
	</p>
	<p n="317">
	  <s n="344"> Monday, 27 October 2008, from 3 to 6 p.m. in the Economic and Social Council Chamber. </s>
	</p>
	<p n="318">
	  <s n="345"> Information meeting on the draft resolution entitled “Optional Protocol to the International Covenant on Economic, Social and Cultural rights” (under agenda item 61) (Third Committee) (organized by the Permanent Mission of Portugal) </s>
	</p>
	<p n="319">
	  <s n="346"> Monday, 27 October 2008, from 3 to 5 p.m. in Conference Room 7. </s>
	</p>
	<p n="320">
	  <s n="347"> Arab Group (at the ambassadorial level) </s>
	</p>
	<p n="321">
	  <s n="348"> Tuesday, 28 October 2008, from 3 to 6 p.m. in Conference Room 9. </s>
	</p>
	<p n="322">
	  <s n="349"> Eastern European Group (at the expert level) </s>
	</p>
	<p n="323">
	  <s n="350"> Tuesday, 28 October 2008, from 10 to 10.45 a.m. in Conference Room 9. </s>
	</p>
	<p n="324">
	  <s n="351"> Informal meeting for delegations on the draft omnibus resolution under agenda item 39 (Report of the United Nations High Commissioner for Refugees, questions relating to refugees, returnees and displaced persons and humanitarian questions) (Third Committee) (organized by the Permanent Mission of Norway) </s>
	</p>
	<p n="325">
	  <s n="352"> Tuesday, 28 October 2008, from 1.15 to 2.30 p.m. in Conference Room 6. </s>
	</p>
	<p n="326">
	  <s n="353"> Western European and Other States Group (monthly meeting) </s>
	</p>
	<p n="327">
	  <s n="354"> Wednesday, 29 October 2008, from 3 to 6 p.m. in Conference Room 8. </s>
	</p>
	<p n="328">
	  <s n="355"> Forthcoming other activities </s>
	</p>
	<p n="329">
	  <s n="356"> The information below is reproduced as received and does not imply any opinion or endorsement by the Secretariat of the United Nations. </s>
	</p>
	<p n="330">
	  <s n="357"> Panel discussion on “Seizing the moment: Breakthrough measures to build a new East West consensus on weapons of mass destruction” (co-organized by the East West Institute and the United Nations Office for Disarmament Affairs, in cooperation with the British American Security Information Council (BASIC), the Center for Nonproliferation Studies (CNS) and the NGO Committee on Disarmament, Peace and Security) </s>
	</p>
	<p n="331">
	  <s n="358"> Friday, 24 October 2008, from 9 a.m. to 1 p.m. in the Economic and Social Council Chamber. </s>
	</p>
	<p n="332">
	  <s n="359"> [The keynote address will be given by the Secretary-General of the United Nations. </s>
	  <s n="360"> All are invited to attend. </s>
	  <s n="361"> For further information, please contact the United Nations Office for Disarmament Affairs (e-mail UNODA-web@un.org). </s>
	  <s n="362"> ] </s>
	</p>
	<p n="333">
	  <s n="363"> Briefing by the United Nations Conference on Trade and Development on its Trade and Development Report 2008 </s>
	</p>
	<p n="334">
	  <s n="364"> Friday, 24 October 2008, from 1.15 to 2.30 p.m. in Conference Room 7. </s>
	</p>
	<p n="335">
	  <s n="365"> [All are invited to attend. </s>
	  <s n="366"> ] </s>
	</p>
	<p n="336">
	  <s n="367"> Panel discussion on “The United Nations Human Rights Defenders Declaration after ten years: Protecting rights in a changing world” (organized by Human Rights First, the International Service for Human Rights and the Permanent Mission of Norway) </s>
	</p>
	<p n="337">
	  <s n="368"> Friday, 24 October 2008, from 1.15 to 2.45 p.m. in Conference Room 9. </s>
	</p>
	<p n="338">
	  <s n="369"> [All are invited to attend. </s>
	  <s n="370"> For further information, please contact Ms. Azin Tadjdini, Permanent Mission of Norway (tel. </s>
	  <s n="371"> 1 (212) 310-1549; e-mail azta@mfa.no). </s>
	  <s n="372"> ] </s>
	</p>
	<p n="339">
	  <s n="373"> Briefing by the Bureau of the eighth session of the United Nations Forum on Forests on the Open-ended Ad Hoc Expert Group to Develop Proposals for the Development of a Voluntary Global Financial Mechanism/Portfolio Approach/Forest Financing Framework (Vienna, 10-14 November 2008) </s>
	</p>
	<p n="340">
	  <s n="374"> Monday, 27 October 2008, from 1.15 to 1.45 p.m. in Conference Room 3. </s>
	</p>
	<p n="341">
	  <s n="375"> [All are invited to attend. </s>
	  <s n="376"> For further information, please contact Ms. Barbara Tavora-Jainchill, United Nations Forum on Forests Secretariat, Department of Economic and Social Affairs (tel. </s>
	  <s n="377"> 1 (917) 367-3265; e-mail tavora-jainchill@un.org). </s>
	  <s n="378"> ] </s>
	</p>
	<p n="342">
	  <s n="379"> Brie </s>
	</p>
	<p n="343">
	  <s n="380"> Briefing on the outcome of the Country-Led Initiative on Financing for Sustainable Forest Management, in support of the United Nations Forum on Forests (organized by the Permanent Mission of Suriname) </s>
	</p>
	<p n="344">
	  <s n="381"> Monday, 27 October 2008, from 1.45 to 2.30 p.m. in Conference Room 3. </s>
	</p>
	<p n="345">
	  <s n="382"> [All are invited to attend. </s>
	  <s n="383"> For further information, please contact H.E. Mr. Henry L. </s>
	  <s n="384"> Mac Donald, Permanent Mission of Suriname (tel. </s>
	  <s n="385"> ] </s>
	</p>
	<p n="346">
	  <s n="386"> Open-ended consultations on a regional meetings series in follow-up to the Third Biennial Meeting of States to Consider the Implementation of the Programme of Action to Prevent, Combat and Eradicate the Illicit Trade in Small Arms and Light Weapons (organized by the United Nations Office for Disarmament Affairs) </s>
	</p>
	<p n="347">
	  <s n="387"> Tuesday, 28 October 2008, from 1.15 to 2.30 p.m. in Conference Room 4. </s>
	</p>
	<p n="348">
	  <s n="388"> [For further information, please contact Ms. Vera Hanus, Conventional Arms Branch (tel. </s>
	  <s n="389"> 1 (917) 367-9254; e-mail hanus@un.org). </s>
	  <s n="390"> ] </s>
	</p>
	<p n="349">
	  <s n="391"> Forthcoming meetings held away from Headquarters </s>
	</p>
	<p n="350">
	  <s n="392"> Economic and Social Council </s>
	</p>
	<p n="351">
	  <s n="393"> United Nations Forum on Forests </s>
	</p>
	<p n="352">
	  <s n="394"> Open-Ended Ad Hoc Expert Group to Develop Proposals for the Development of a Voluntary Global Financial Mechanism/Portfolio Approach/Forest Financing Framework </s>
	</p>
	<p n="353">
	  <s n="395"> United Nations Office at Vienna </s>
	</p>
	<p n="354">
	  <s n="396"> The Open-Ended Ad Hoc Expert Group of the United Nations Forum on Forests to Develop Proposals for the Development of a Voluntary Global Financial Mechanism/Portfolio Approach/Forest Financing Framework will meet in Vienna from Monday, 10, to Friday, 14 November 2008. </s>
	  <s n="397"> In order to facilitate the issuance of identification badges by the United Nations Office at Vienna, Member States are requested to communicate the composition of their Delegations to the secretariat of the Forum (fax 1 (917) 367-3186; room DC1-1245; tel. </s>
	  <s n="398"> 1 (212) 963-3401 and 1 (212) 963-3160). </s>
	  <s n="399"> For further information, please visit the UNFF Web site at &lt;www.un.org/esa/forests/&gt;. </s>
	</p>
	<p n="355">
	  <s n="400"> Announcements </s>
	</p>
	<p n="356">
	  <s n="401"> Launch of the new Web site of the United Nations Office for Disarmament Affairs (UNODA) </s>
	</p>
	<p n="357">
	  <s n="402"> The United Nations Office for Disarmament Affairs is pleased to announce the launch of its newly revamped and improved Web site &lt;www.un.org/disarmament&gt;. </s>
	  <s n="403"> For further information, please e-mail UNODA-web@un.org. </s>
	</p>
	<p n="358">
	  <s n="404"> General Assembly Credentials of representatives to the sixty-third session of the General Assembly </s>
	</p>
	<p n="359">
	  <s n="405"> Delegations are reminded that credentials should be issued for all representatives to the sixty-third regular session of the General Assembly, in accordance with rule 27 of the rules of procedure of the General Assembly. </s>
	  <s n="406"> Credentials should be sent to the secretariat of the Credentials Committee (room S-3420B or S-3420D; tel. </s>
	  <s n="407"> 1 (212) 963-5352 or 963-1107). </s>
	</p>
	<p n="360">
	  <s n="408"> Launch of the new Web site of the United Nations Treaty Collection </s>
	</p>
	<p n="361">
	  <s n="409"> The Treaty Section of the Office of Legal Affairs is pleased to announce its new and substantially enhanced Web site in English and French at &lt;treaties.un.org&gt;. </s>
	  <s n="410"> The Web site, known as the United Nations Treaty Collection (UNTC), is the authoritative source of information on multilateral treaties deposited with the Secretary-General and treaties registered with the Secretariat. </s>
	  <s n="411"> A user name and password are no longer needed to access the collection. </s>
	  <s n="412"> For further information, please contact the Treaty Section (tel. </s>
	  <s n="413"> 1 (212) 963-5047). </s>
	</p>
	<p n="362">
	  <s n="414"> Trust Fund for the Follow-up to the International Conference on Financing for Development </s>
	</p>
	<p n="363">
	  <s n="415"> The Trust Fund for the Follow-up to the International Conference on Financing for Development seeks voluntary contributions in order to support the activities involved in the preparations for the Doha Review Conference in 2008, and to support the travel and participation of representatives of developing countries, in particular least developed countries (para. </s>
	  <s n="416"> 12 of General Assembly resolution 62/187 (A/RES/62/187)). </s>
	  <s n="417"> The Secretary-General issued, on 6 June 2008, a note verbale to all Governments through their Permanent Missions, appealing for voluntary contributions to the Trust Fund. </s>
	  <s n="418"> In accordance with the terms of reference of the Trust Fund, voluntary contributions may be received from Governments, intergovernmental and non-governmental organizations, private institutions and individuals. </s>
	</p>
	<p n="364">
	  <s n="419"> For further information on the Trust Fund, please contact Ms. Dominika Halka, Financing for Development Office, DESA (tel. </s>
	  <s n="420"> 1 (212) 963-6653; e-mail halka@un.org); or visit &lt;www.un.org/esa/ffd/trustfund/&gt;. </s>
	</p>
	<p n="365">
	  <s n="421"> Security Council Web site of the presidency </s>
	</p>
	<p n="366">
	  <s n="422"> The Web site of the presidency of the Security Council can be visited at &lt;www.un.org/sc/presidency.asp&gt;. </s>
	</p>
	<p n="367">
	  <s n="423"> Recorded information </s>
	</p>
	<p n="368">
	  <s n="424"> Recorded information about previously unscheduled meetings and consultations of the whole of the Security Council may be obtained by calling 1 (212) 963-8530, or by clicking on “Daily Programme” on the Web site of the Security Council &lt;www.un.org/Docs/sc&gt;. </s>
	</p>
	<p n="369">
	  <s n="425"> Prepared statements </s>
	</p>
	<p n="370">
	  <s n="426"> Speakers in the Security Council are advised that providing in advance copies of prepared statements which they intend to read out in the Council greatly facilitates the work of the Secretariat by permitting a sufficient number of copies to be distributed to all meeting participants and by assisting interpreters, verbatim reporters and press officers in maintaining the quality of the product delivered. </s>
	  <s n="427"> Both interpretations and verbatim records rely upon the statement actually delivered, but copies of texts help interpreters to correctly render details and nuances and help verbatim reporters to produce the written record more quickly. </s>
	  <s n="428"> Speakers are therefore encouraged, whenever possible, to provide copies of their statements, as early as possible in advance of delivery, to the Conference Officer in the Chamber. </s>
	</p>
	<p n="371">
	  <s n="429"> Delegations are kindly requested to make 40 copies for minimum distribution to Council members and relevant services, and 200 additional copies for general distribution in the Security Council Chamber. </s>
	</p>
	<p n="372">
	  <s n="430"> Delegations wishing to make statements available for the media are kindly requested to deliver 50 copies to the Media Documents Centre (room S-394). </s>
	</p>
	<p n="373">
	  <s n="431"> Access to back issues of the Journal of the United Nations </s>
	</p>
	<p n="374">
	  <s n="432"> Back issues of the Journal of the United Nations, in English and French, can be accessed at the following addresses: &lt;www.un.org/ga/search/journal.asp&gt; and &lt;www.un.org/french/ga/search/journal.asp&gt;. </s>
	</p>
	<p n="375">
	  <s n="433"> [All comments and suggestions about the daily Journal are welcomed. </s>
	  <s n="434"> Kindly contact the Journal Unit at journal@un.org. </s>
	  <s n="435"> ] </s>
	</p>
	<p n="376">
	  <s n="436"> Summary of official meetings </s>
	</p>
	<p n="377">
	  <s n="437"> Tuesday, 21 October 2008 </s>
	</p>
	<p n="378">
	  <s n="438"> General Assembly </s>
	</p>
	<p n="379">
	  <s n="439"> Sixty-third session </s>
	</p>
	<p n="380">
	  <s n="440"> Main Committees </s>
	</p>
	<p n="381">
	  <s n="441"> First Committee </s>
	</p>
	<p n="382">
	  <s n="442"> 13th meeting The Committee continued its second stage of work, namely the “Thematic discussion on item subjects and introduction and consideration of all draft resolutions submitted under items 81 to 96”. </s>
	</p>
	<p n="383">
	  <s n="443"> The thematic discussion on conventional weapons was continued. </s>
	</p>
	<p n="384">
	  <s n="444"> The Chairperson opened the exchange with the Chairman of the Third Biennial Meeting of States to Consider the Implementation of the Programme of Action to Prevent, Combat and Eradicate the Illicit Trade in Small Arms and Light Weapons in All its Aspects. </s>
	</p>
	<p n="385">
	  <s n="445"> The meeting was suspended for an informal question-and-answer period. </s>
	</p>
	<p n="386">
	  <s n="446"> The meeting was resumed. </s>
	</p>
	<p n="387">
	  <s n="447"> A statement was made by the Chairman of the Dublin Conference on Cluster Munitions. </s>
	</p>
	<p n="388">
	  <s n="448"> Statements were made by the representatives of Chile, Japan, South Africa, Pakistan, Jordan, Norway, Argentina, Jamaica, Mali, Kazakhstan, Switzerland, Austria, Colombia, Nigeria, Belarus, Fiji, Finland and New Zealand. </s>
	</p>
	<p n="389">
	  <s n="449"> Draft resolutions were introduced by the representatives of Japan (“The illicit trade in small arms and light weapons in all its aspects”); Jordan (“Mine Ban Treaty (Implementation of the Convention on the Prohibition of the Use, Stockpiling, Production and Transfer of Anti-personnel Mines and on Their Destruction)”); Argentina (“Information on confidence-building measures in the field of conventional arms”); and Mali (“Assistance to States for curbing the illicit traffic in small arms and light weapons and collecting them”). </s>
	</p>
	<p n="390">
	  <s n="450"> The Chairperson made a statement. </s>
	</p>
	<p n="391">
	  <s n="451"> The Secretary of the Committee made a statement. </s>
	</p>
	<p n="392">
	  <s n="452"> A statement was made by the representative of China. </s>
	</p>
	<p n="393">
	  <s n="453"> 14th meeting The Committee continued its second stage of work, namely the “Thematic discussion on item subjects and introduction and consideration of all draft resolutions submitted under items 81 to 96”. </s>
	</p>
	<p n="394">
	  <s n="454"> The thematic discussion on conventional weapons was continued. </s>
	</p>
	<p n="395">
	  <s n="455"> The Chairperson opened the exchange with the Chairman of the Group of Governmental Experts established to consider further steps to enhance cooperation with regard to the issue of conventional ammunition stockpiles in surplus. </s>
	</p>
	<p n="396">
	  <s n="456"> The meeting was suspended for an informal question-and-answer period. </s>
	</p>
	<p n="397">
	  <s n="457"> The meeting was resumed. </s>
	</p>
	<p n="398">
	  <s n="458"> Statements were made by the representatives of the Russian Federation, Lithuania, the United States, Trinidad and Tobago, Sweden, Australia, Cuba, Indonesia, Mozambique, Thailand, Turkey, India, the Republic of Korea, Canada, Côte d&apos;Ivoire, Uruguay, Israel, the United Kingdom, the United Republic of Tanzania and Burkina Faso (on behalf of ECOWAS). </s>
	</p>
	<p n="399">
	  <s n="459"> Draft resolutions were introduced by the representatives of Sweden (“Convention on Prohibitions or Restrictions on the Use of Certain Conventional Weapons Which May Be Deemed to Be Excessively Injurious or to Have Indiscriminate Effects”); Australia (“Preventing and Combating Illicit Brokering Activities”); and the United Kingdom (“Towards an Arms Trade Treaty: establishing common international standards for the import, export and transfer of conventional arms”). </s>
	</p>
	<p n="400">
	  <s n="460"> In the exercise of the right of reply, statement was made by the representative of the Syrian Arab Republic. </s>
	</p>
	<p n="401">
	  <s n="461"> Wednesday, 22 October 2008 </s>
	</p>
	<p n="402">
	  <s n="462"> Security Council </s>
	</p>
	<p n="403">
	  <s n="463"> 5999th meeting The situation in the Middle East, including the Palestinian question </s>
	</p>
	<p n="404">
	  <s n="464"> The agenda was adopted without objection. </s>
	</p>
	<p n="405">
	  <s n="465"> In accordance with the understanding reached in the Council&apos;s prior consultations, the President, with the consent of the Council, extended an invitation under rule 39 of the Council&apos;s provisional rules of procedure to Mr. B. </s>
	  <s n="466"> Lynn Pascoe, Under-Secretary-General for Political Affairs. </s>
	</p>
	<p n="406">
	  <s n="467"> The Council heard a briefing by Mr. Pascoe. </s>
	</p>
	<p n="407">
	  <s n="468"> General Assembly </s>
	</p>
	<p n="408">
	  <s n="469"> Sixty-third session </s>
	</p>
	<p n="409">
	  <s n="470"> 30th plenary meeting Election of eighteen members of the Economic and Social Council [103 (b)] </s>
	</p>
	<p n="410">
	  <s n="471"> (a) By-election: Letter dated 17 October 2008 from the Permanent Representative of Iceland to the United Nations addressed to the President of the General Assembly (A/63/493) </s>
	</p>
	<p n="411">
	  <s n="472"> The President drew the attention of the General Assembly to a letter addressed to the President of the General Assembly by the Permanent Representative of Iceland to the United Nations, by which Iceland announced that it would relinquish its seat on the Economic and Social Council for the remainder of its term, in favour of Norway (A/63/493). </s>
	</p>
	<p n="412">
	  <s n="473"> On the first round of balloting, having obtained the required two-thirds majority, Norway (154 votes) was elected member of the Economic and Social Council for a term of office beginning 1 January 2009 and ending on 31 December 2010. </s>
	</p>
	<p n="413">
	  <s n="474"> (b) Election of eighteen members of the Economic and Social Council </s>
	</p>
	<p n="414">
	  <s n="475"> On the first round of balloting, having obtained the required two-thirds majority, Côte d&apos;Ivoire (179 votes), Estonia (177 votes), France (168 votes), Germany (178 votes), Greece (177 votes), Guatemala (180 votes), Guinea Bissau (177 votes), India (179 votes), Japan (177 votes), Liechtenstein (170 votes), Mauritius (178 votes), Morocco (174 votes), Namibia (179 votes), Peru (176 votes), Portugal (179 votes), Saint Kitts and Nevis (180 votes), Saudi Arabia (180 votes) and Venezuela (Bolivarian Republic of) (177 votes) were elected members of the Economic and Social Council for a three-year term of office beginning 1 January 2009. </s>
	</p>
	<p n="415">
	  <s n="476"> The General Assembly thus concluded its consideration of sub-item (b) of agenda item 103. </s>
	</p>
	<p n="416">
	  <s n="477"> Main Committees </s>
	</p>
	<p n="417">
	  <s n="478"> First Committee </s>
	</p>
	<p n="418">
	  <s n="479"> 15th meeting The Committee continued its second stage of work, namely the “Thematic discussion on item subjects and introduction and consideration of all draft resolutions submitted under items 81 to 96”. </s>
	</p>
	<p n="419">
	  <s n="480"> The thematic discussion on conventional weapons was continued. </s>
	</p>
	<p n="420">
	  <s n="481"> Statements were made by the representatives of Gabon, China, Ecuador, Germany, Senegal, Kenya, the Netherlands, Paraguay, Zambia, Togo, Mexico, Ireland, the Islamic Republic of Iran and the Libyan Arab Jamahiriya. </s>
	</p>
	<p n="421">
	  <s n="482"> Draft resolutions were introduced by the representatives of Germany (“Problems arising from the accumulation of conventional ammunition stockpiles in surplus”) (“Consolidation of peace through practical disarmament measures”); the Netherlands (“Transparency in armaments”); and Ireland (“Convention on Cluster Munitions”). </s>
	</p>
	<p n="422">
	  <s n="483"> The Chairman then concluded the thematic discussion on conventional weapons and opened the thematic discussion on other disarmament measures and international security. </s>
	</p>
	<p n="423">
	  <s n="484"> Statements were made by the representatives of Indonesia (on behalf of the Non-Aligned Movement), the Russian Federation, Singapore, Cuba, India, Mexico, Japan and the Republic of Korea. </s>
	</p>
	<p n="424">
	  <s n="485"> Draft resolutions were introduced by the representatives of Indonesia (“Promotion of multilateralism in the area of disarmament and non-proliferation”) (“Observance of environmental norms in the drafting and implementation of agreements on disarmament and arms control”) (“Relationship between disarmament and development”) (“Effects of the use of armaments and ammunitions containing depleted uranium”); the Russian Federation (“Developments in the field of information and telecommunications in the context of international security”); India (“Role of Science and Technology in the context of international security and disarmament (decision)”); and Mexico (“United Nations Study on Disarmament and Non-Proliferation Education”) (“United Nations Disarmament Information Programme”). </s>
	</p>
	<p n="425">
	  <s n="486"> The Chairman then concluded the thematic discussion on other disarmament measures and international security and opened the thematic discussion on regional disarmament and security. </s>
	</p>
	<p n="426">
	  <s n="487"> The meeting was suspended in order to hear a statement by the High Representative for Disarmament Affairs in an informal setting. </s>
	</p>
	<p n="427">
	  <s n="488"> The meeting was resumed. </s>
	</p>
	<p n="428">
	  <s n="489"> The Secretary of the Committee made a statement. </s>
	</p>
	<p n="429">
	  <s n="490"> Special Political and Decolonization Committee (Fourth Committee) </s>
	</p>
	<p n="430">
	  <s n="491"> 14th meeting Questions relating to information </s>
	</p>
	<p n="431">
	  <s n="492"> The Committee heard a statement by the Under-Secretary-General for Communication and Public Information. </s>
	</p>
	<p n="432">
	  <s n="493"> Interactive dialogue </s>
	</p>
	<p n="433">
	  <s n="494"> The Committee held an interactive dialogue with the Under-Secretary-General and heard questions and comments by the representatives of Antigua and Barbuda (on behalf of the Group of 77 and China), Senegal, France (on behalf of the European Union) and the Syrian Arab Republic, the observer for Palestine and the representatives of Japan and Argentina. </s>
	</p>
	<p n="434">
	  <s n="495"> General debate </s>
	</p>
	<p n="435">
	  <s n="496"> The Committee concluded its general debate and heard statements by the representatives of Jamaica (on behalf of CARICOM), the Libyan Arab Jamahiriya, Myanmar, Egypt, India, Morocco, Pakistan, China, the Russian Federation and Israel. </s>
	</p>
	<p n="436">
	  <s n="497"> The Under-Secretary-General for Communication and Public Information made a statement. </s>
	</p>
	<p n="437">
	  <s n="498"> Organization of work </s>
	</p>
	<p n="438">
	  <s n="499"> The Chairman informed the Committee that action on draft resolution A/C.4/63/L.2/Rev.1 (agenda item 28) would be taken on Friday, 24 October. </s>
	</p>
	<p n="439">
	  <s n="500"> Second Committee </s>
	</p>
	<p n="440">
	  <s n="501"> 14th-15th meetings The summary of the 14th and 15th meetings of the Second Committee will appear in the next issue of the Journal (No. </s>
	</p>
	<p n="441">
	  <s n="502"> Third Committee </s>
	</p>
	<p n="442">
	  <s n="503"> 20th meeting Promotion and protection of human rights </s>
	</p>
	<p n="443">
	  <s n="504"> (b) Human rights questions, including alternative approaches for improving the effective enjoyment of human rights and fundamental freedoms </s>
	</p>
	<p n="444">
	  <s n="505"> (c) Human rights situations and reports of special rapporteurs and representatives </s>
	</p>
	<p n="445">
	  <s n="506"> (e) Convention on the Rights of Persons with Disabilities </s>
	</p>
	<p n="446">
	  <s n="507"> The Committee began its joint consideration of the sub-items and heard an address by the High Commissioner for Human Rights. </s>
	</p>
	<p n="447">
	  <s n="508"> The Committee engaged in a dialogue with the High Commissioner for Human Rights, in which the representatives of France (on behalf of the European Union), Benin, Lebanon, Canada, China, Egypt, Liechtenstein, Chile, the Sudan, Argentina, the Russian Federation, New Zealand, Thailand, Australia, the United States, Colombia, Pakistan, the Syrian Arab Republic, Algeria, Switzerland, Malaysia, the United Kingdom, the Islamic Republic of Iran and Cuba participated. </s>
	</p>
	<p n="448">
	  <s n="509"> The Committee heard an address by the Special Adviser to the Secretary-General. </s>
	  <s n="510"> It then engaged in a dialogue with the Special Adviser, in which the representatives of Myanmar, Indonesia, Liechtenstein and Thailand participated. </s>
	</p>
	<p n="449">
	  <s n="511"> Organization of work </s>
	</p>
	<p n="450">
	  <s n="512"> The Chairman made a statement. </s>
	</p>
	<p n="451">
	  <s n="513"> 21st meeting Promotion and protection of human rights </s>
	</p>
	<p n="452">
	  <s n="514"> (b) Human rights questions, including alternative approaches for improving the effective enjoyment of human rights and fundamental freedoms </s>
	</p>
	<p n="453">
	  <s n="515"> (c) Human rights situations and reports of special rapporteurs and representatives </s>
	</p>
	<p n="454">
	  <s n="516"> (e) Convention on the Rights of Persons with Disabilities </s>
	</p>
	<p n="455">
	  <s n="517"> The Committee continued its joint consideration of the sub-items. </s>
	</p>
	<p n="456">
	  <s n="518"> The Special Rapporteur on freedom of religion or belief made a presentation and engaged in a dialogue with the representatives of France (on behalf of the European Union), the United States, Greece, Indonesia, Canada, Israel, Denmark, the Netherlands, Lebanon and the Islamic Republic of Iran, as well as with the observer for Palestine. </s>
	</p>
	<p n="457">
	  <s n="519"> The Special Rapporteur on the promotion and protection of human rights while countering terrorism made a presentation and engaged in a dialogue with the representatives of France (on behalf of the European Union), Switzerland, Gambia, the United States, Denmark, Spain, Cuba, Mexico, Turkey, Algeria, Liechtenstein and Pakistan. </s>
	</p>
	<p n="458">
	  <s n="520"> The Independent Expert on the question of human rights and extreme poverty made a presentation and engaged in a dialogue with the representatives of France, Chile, Indonesia, Switzerland, Brazil, Guatemala, the Bolivarian Republic of Venezuela, Cameroon and Peru. </s>
	</p>
	<p n="459">
	  <s n="521"> Organization of work </s>
	</p>
	<p n="460">
	  <s n="522"> The Chairman made a statement. </s>
	</p>
	<p n="461">
	  <s n="523"> Fifth Committee </s>
	</p>
	<p n="462">
	  <s n="524"> 10th meeting Programme budget for the biennium 2008-2009 </s>
	</p>
	<p n="463">
	  <s n="525"> The Committee resumed its consideration of this agenda item. </s>
	</p>
	<p n="464">
	  <s n="526"> Information technology </s>
	</p>
	<p n="465">
	  <s n="527"> The Under-Secretary-General for Management introduced the reports of the Secretary-General (A/62/793, A/62/793/Corr.1, A/62/793/Add.1, A/62/510/Rev.1, A/62/477, A/62/502, A/61/290 and A/61/826). </s>
	</p>
	<p n="466">
	  <s n="528"> The Committee had before it the reports of the Joint Inspection Unit (A/60/582 and A/63/140). </s>
	</p>
	<p n="467">
	  <s n="529"> The Senior Adviser on Information Management Policy Coordination, Secretariat of the United Nations System Chief Executives Board for Coordination, introduced the comments of the Secretary-General and those of the United Nations System Chief Executives Board for Coordination (A/60/582/Add.1 and A/63/140/Add.1). </s>
	</p>
	<p n="468">
	  <s n="530"> The Chairman of the Advisory Committee on Administrative and Budgetary Questions introduced the related reports of that Committee (A/63/487, A/62/7/Add.31, A/61/478 and A/62/537). </s>
	</p>
	<p n="469">
	  <s n="531"> Statements were made by the representatives of France (on behalf of the European Union), Antigua and Barbuda (on behalf of the Group of 77 and China), Canada (on behalf of Australia, New Zealand and Canada), Switzerland (also on behalf of Liechtenstein), Singapore, the Republic of Korea, the United States, the Russian Federation and Japan. </s>
	</p>
	<p n="470">
	  <s n="532"> The Committee thus concluded its general discussion of this question </s>
	</p>
	<p n="471">
	  <s n="533"> The Chairman informed the Committee that informal consultations on this question would begin on that day, Wednesday, 22 October, in the morning, in Conference Room 5, under the chairmanship of Ms. Sharon Ho (Malaysia). </s>
	</p>
	<p n="472">
	  <s n="534"> Sixth Committee </s>
	</p>
	<p n="473">
	  <s n="535"> 12th meeting Report of the Special Committee on the Charter of the United Nations and on the Strengthening of the Role of the Organization </s>
	</p>
	<p n="474">
	  <s n="536"> The Committee began its consideration of agenda item 78. </s>
	</p>
	<p n="475">
	  <s n="537"> The Chairman of the 2008 session of the Special Committee on the Charter of the United Nations and on the Strengthening of the Role of the Organization introduced the report of the Special Committee (A/63/33). </s>
	</p>
	<p n="476">
	  <s n="538"> The Deputy Director of the Codification Division, Office of Legal Affairs, made a statement on the status of the Repertory of Practice of United Nations Organs. </s>
	</p>
	<p n="477">
	  <s n="539"> The Chief of the Security Council Practices and Charter Research Branch, Department of Political Affairs, made a statement on the status of the Repertoire of the Practice of the Security Council. </s>
	</p>
	<p n="478">
	  <s n="540"> Statements were made by the representatives of Kenya (on behalf of the African Group), Mexico (on behalf of the Rio Group), Cuba (on behalf of the Non-Aligned Movement), France (on behalf of the European Union; the candidate countries Turkey and The former Yugoslav Republic of Macedonia; the countries of the Stabilization and Association Process and potential candidates Albania, Montenegro and Serbia; the EFTA country Norway, member of the European Economic Area; as well as Ukraine and Armenia, which aligned themselves with the declaration), Belarus, China, India, Egypt, Nigeria, the Sudan, the Libyan Arab Jamahiriya, Côte d&apos;Ivoire, Iraq, Cuba, the Russian Federation, the Syrian Arab Republic, Senegal, Japan, Trinidad and Tobago, the Islamic Republic of Iran, the Bolivarian Republic of Venezuela, Turkey, the United States and Yemen. </s>
	</p>
	<p n="479">
	  <s n="541"> Corrigendum </s>
	</p>
	<p n="480">
	  <s n="542"> General Assembly </s>
	</p>
	<p n="481">
	  <s n="543"> Sixty-third session </s>
	</p>
	<p n="482">
	  <s n="544"> Third Committee </s>
	</p>
	<p n="483">
	  <s n="545"> Corrigendum to the summary of the 18th and 19th meetings of the Third Committee (see Journal No. </s>
	  <s n="546"> 2008/206, p. 28): the summary of the meetings should read as follows: </s>
	</p>
	<p n="484">
	  <s n="547"> 18th meeting Indigenous issues </s>
	</p>
	<p n="485">
	  <s n="548"> (a) Indigenous issues </s>
	</p>
	<p n="486">
	  <s n="549"> (b) Second International Decade of the World&apos;s Indigenous People </s>
	</p>
	<p n="487">
	  <s n="550"> The Committee resumed its general discussion of agenda item 61 and its sub-items and heard statements by the representatives of Ecuador, Bolivia and Nicaragua. </s>
	</p>
	<p n="488">
	  <s n="551"> The Committee thus concluded its general discussion of sub-items 61 (a) and 61 (b). </s>
	</p>
	<p n="489">
	  <s n="552"> Promotion and protection of human rights </s>
	</p>
	<p n="490">
	  <s n="553"> (a) Implementation of human rights instruments </s>
	</p>
	<p n="491">
	  <s n="554"> (d) Comprehensive implementation of and follow-up to the Vienna Declaration and Programme of Action </s>
	</p>
	<p n="492">
	  <s n="555"> The Committee began its consideration of the sub-items and heard an introductory statement by the Director, Office of the High Commissioner for Human Rights, New York. </s>
	</p>
	<p n="493">
	  <s n="556"> The representatives of Algeria and the Russian Federation posed questions and made comments to the Director, Office of the High Commission for Human Rights, New York. </s>
	</p>
	<p n="494">
	  <s n="557"> General discussion </s>
	</p>
	<p n="495">
	  <s n="558"> The Committee began its general discussion under sub-item (a) of agenda item 64 and heard statements by the representatives of Suriname (on behalf of the Caribbean Community), France (on behalf of the European Union and associated countries), the Sudan, Algeria, Japan, Sri Lanka, the United States, Iraq, China, India and the Republic of Korea. </s>
	</p>
	<p n="496">
	  <s n="559"> The Committee thus concluded its general discussion of sub-item 64 (a). </s>
	</p>
	<p n="497">
	  <s n="560"> The Committee then began its general discussion under sub-item (d) of agenda item 64 and heard statements by the representatives of the Russian Federation, Egypt and the Bolivarian Republic of Venezuela. </s>
	</p>
	<p n="498">
	  <s n="561"> 19th meeting Advancement of women </s>
	</p>
	<p n="499">
	  <s n="562"> Introduction of draft resolution A/C.3/63/L.12 </s>
	</p>
	<p n="500">
	  <s n="563"> The representative of the Netherlands introduced the draft resolution, also on behalf of Armenia, Austria, Belgium, Benin, Bulgaria, Canada, Cyprus, the Czech Republic, Chile, Ireland, Italy, Latvia, Luxembourg, Paraguay, Peru, Portugal, Romania, Serbia, Slovenia, The former Yugoslav Republic of Macedonia, Turkey and the United Kingdom, who joined in sponsoring the draft resolution. </s>
	</p>
	<p n="501">
	  <s n="564"> Bhutan, Brazil, the Congo, the Dominican Republic, El Salvador, Ethiopia, Ghana, Greece, Guatemala, Guinea, Haiti, Mozambique, Nigeria, Panama, Slovakia, Switzerland and the United Republic of Tanzania joined in sponsoring the draft resolution. </s>
	</p>
	<p n="502">
	  <s n="565"> Introduction of draft resolution A/C.3/63/L.14 </s>
	</p>
	<p n="503">
	  <s n="566"> The representative of Antigua and Barbuda introduced the draft resolution, on behalf of the Group of 77 and China. </s>
	</p>
	<p n="504">
	  <s n="567"> (a) Advancement of women </s>
	</p>
	<p n="505">
	  <s n="568"> Introduction of draft resolution A/C.3/63/L.15 </s>
	</p>
	<p n="506">
	  <s n="569"> The representative of Senegal introduced the draft resolution, on behalf of Argentina, Armenia, the Bahamas, Bangladesh, Barbados, Canada, the Congo, Honduras, Liberia, Mauritius, Mongolia, Norway, Peru, Poland, Saint Vincent and the Grenadines, Togo, Turkey and Zimbabwe. </s>
	</p>
	<p n="507">
	  <s n="570"> Benin, Brazil, Chile, the Dominican Republic, El Salvador, Haiti, Lesotho, Monaco, Panama, the Republic of Moldova and Sri Lanka joined in sponsoring the draft resolution. </s>
	</p>
	<p n="508">
	  <s n="571"> Promotion and protection of human rights </s>
	</p>
	<p n="509">
	  <s n="572"> (d) Comprehensive implementation of and follow-up to the Vienna Declaration and Programme of Action </s>
	</p>
	<p n="510">
	  <s n="573"> The Committee continued its general discussion of sub-item (d) of agenda item 64 and heard statements by the representatives of Austria, the United Republic of Tanzania, the Islamic Republic of Iran and the Syrian Arab Republic. </s>
	</p>
	<p n="511">
	  <s n="574"> The Committee thus concluded its general discussion of sub-item 64 (d). </s>
	</p>
	<p n="512">
	  <s n="575"> Signatures, Ratifications, etc. </s>
	</p>
	<p n="513">
	  <s n="576"> [Multilateral Treaties Deposited with the Secretary-General] </s>
	</p>
	<p n="514">
	  <s n="577"> International Convention for the Suppression of Terrorist Bombings. </s>
	  <s n="578"> New York, 15 December 1997 </s>
	</p>
	<p n="515">
	  <s n="579"> Accession: Dominican Republic (21 October 2008)1 </s>
	</p>
	<p n="516">
	  <s n="580"> 1Date of receipt of the relevant documents. </s>
	</p>
	<p n="517">
	  <s n="581"> General information </s>
	</p>
	<p n="518">
	  <s n="582"> Chairmen of regional groups </s>
	</p>
	<p n="519">
	  <s n="583"> The following information regarding the chairmanship of the regional groups for the month of October 2008 has been communicated to the Secretariat: </s>
	</p>
	<p n="520">
	  <s n="584"> African States: Kenya H.E. Mr. Zachary Muburi-Muita </s>
	</p>
	<p n="521">
	  <s n="585"> Asian States: Indonesia H.E. R.M. Marty Natalegawa </s>
	</p>
	<p n="522">
	  <s n="586"> Eastern European States: Romania H.E. Mrs. Simona Mirela Miculescu </s>
	</p>
	<p n="523">
	  <s n="587"> Latin American and Caribbean States: Brazil H.E. Mrs. Maria Luiza Ribeiro Viotti </s>
	</p>
	<p n="524">
	  <s n="588"> Western European and other States: Ireland H.E. Mr. John Paul Kavanagh </s>
	</p>
	<p n="525">
	  <s n="589"> Daily list of documents issued at Headquarters </s>
	</p>
	<p n="526">
	  <s n="590"> With the exception of sales publications and public information material, hyperlinked official documents listed hereunder may be accessed through the Official Document System of the United Nations in the electronic version of the present Journal. </s>
	  <s n="591"> The list contains documents issued by 2 p.m. on Wednesday, 22 October 2008. </s>
	</p>
	<p n="527">
	  <s n="592"> Symbol Main title </s>
	</p>
	<p n="528">
	  <s n="593"> General Assembly Documents </s>
	</p>
	<p n="529">
	  <s n="594"> Sixty-third session </s>
	</p>
	<p n="530">
	  <s n="595"> A/63/362 Item 109 of the provisional agenda -- Follow-up to the outcome of the Millennium Summit -- Letter dated 15 September 2008 from the Permanent Representatives of Ireland and the United Republic of Tanzania to the United Nations addressed to the Secretary-General [A C E F R S] </s>
	</p>
	<p n="531">
	  <s n="596"> A/63/473 Item 62 (a) -- Elimination of racism and racial discrimination: elimination of racism, racial discrimination, xenophobia and related intolerance -- Status of the International Convention on the Elimination of All Forms of Racial Discrimination -- Report of the Secretary-General [A C E F R S] </s>
	</p>
	<p n="532">
	  <s n="597"> A/63/486 Item 64 (b) -- Promotion and protection of human rights: human rights questions, including alternative approaches for improving the effective enjoyment of human rights and fundamental freedoms -- Regional arrangements for the promotion and protection of human rights -- Note by the Secretary-General [A C E F R S] </s>
	</p>
	<p n="533">
	  <s n="598"> A/63/487 Items 118 and 132 -- Programme budget for the biennium 2008-2009 -- Administrative and budgetary aspects of the financing of the United Nations peacekeeping operations -- Information and communications technology -- Report of the Advisory Committee on Administrative and Budgetary Questions [A C E F R S] </s>
	</p>
	<p n="534">
	  <s n="599"> A/63/493 Item 103 (b) -- Elections to fill vacancies in principal organs: election of eighteen members of the Economic and Social Council -- Letter dated 17 October 2008 from the Permanent Representative of Iceland to the United Nations addressed to the President of the General Assembly [A C E F R S] </s>
	</p>
	<p n="535">
	  <s n="600"> First Committee </s>
	</p>
	<p n="536">
	  <s n="601"> A/C.1/63/L.7* Reissued for technical reasons [A C E F R S] </s>
	</p>
	<p n="537">
	  <s n="602"> A/C.1/63/L.9 Item 89 (x) -- General and complete disarmament: conventional arms control at the regional and subregional levels -- Bangladesh, Belarus, Egypt, Malaysia, Nepal, Pakistan, Peru, Syrian Arab Republic, Ukraine: draft resolution [A C E F R S] </s>
	</p>
	<p n="538">
	  <s n="603"> A/C.1/63/L.10 Item 89 (y) -- General and complete disarmament: confidence-building measures in the regional and subregional context -- Bangladesh, Kuwait, Malaysia, Pakistan, Syrian Arab Republic and Ukraine: draft resolution [A C E F R S] </s>
	</p>
	<p n="539">
	  <s n="604"> A/C.1/63/L.12* Reissued for technical reasons [AC E F R S] </s>
	</p>
	<p n="540">
	  <s n="605"> A/C.1/63/L.15 Item 90 (e) -- Review and implementation of the Concluding Document of the Twelfth Special Session of the General Assembly: Convention on the Prohibition of the Use of Nuclear Weapons -- Bangladesh, Bhutan, Bolivia, Botswana, Brunei Darussalam, Cuba, Democratic Republic of the Congo, Egypt, El Salvador, Haiti, India, Indonesia, Iran (Islamic Republic of), Jamaica, Jordan, Kuwait, Libyan Arab Jamahiriya, Madagascar, Malaysia, Mauritius, Myanmar, Nepal, Nicaragua, Philippines, Samoa, Sudan and Viet Nam: draft resolution [A C E F R S] </s>
	</p>
	<p n="541">
	  <s n="606"> A/C.1/63/L.16* Reissued for technical reasons [A C E F R S] </s>
	</p>
	<p n="542">
	  <s n="607"> A/C.1/63/L.20 Item 89 (m) -- General and complete disarmament: promotion of multilateralism in the area of disarmament and non-proliferation -- Indonesia: draft resolution [A C E F R S] </s>
	</p>
	<p n="543">
	  <s n="608"> A/C.1/63/L.24 Item 90 (d) -- Review and implementation of the Concluding Document of the Twelfth Special Session of the General Assembly: United Nations regional centres for peace and disarmament -- Indonesia: draft resolution [A C E F R S] </s>
	</p>
	<p n="544">
	  <s n="609"> A/C.1/63/L.25 Item 89 -- General and complete disarmament -- Indonesia: draft resolution -- Measures to uphold the authority of the 1925 Geneva Protocol [A C E F R S] </s>
	</p>
	<p n="545">
	  <s n="610"> A/C.1/63/L.32 Item 89 -- General and complete disarmament -- Afghanistan, Albania, Australia, Austria, Belgium, Bosnia and Herzegovina, Bulgaria, Canada, Chile, Colombia, Croatia, Cyprus, Czech Republic, Denmark, Estonia, Finland, France, Georgia, Germany, Greece, Haiti, Hungary, Ireland, Israel, Italy, Japan, Latvia, Lithuania, Luxembourg, Madagascar, Monaco, Netherlands, Norway, Palau, Poland, Portugal, Romania, Slovakia, Slovenia, Spain, Sweden, the former Yugoslav Republic of Macedonia, Turkey, United Kingdom of Great Britain and Northern Ireland and United States of America: draft resolution -- Compliance with non-proliferation, arms limitation and disarmament agreements and commitments [A C E F R S] </s>
	</p>
	<p n="546">
	  <s n="611"> A/C.1/63/L.33 Item 84 -- Role of science and technology in the context of international security and disarmament -- India: draft decision [A C E F R S] </s>
	</p>
	<p n="547">
	  <s n="612"> A/C.1/63/L.37 Item 89 (i) -- General and complete disarmament: establishment of a nuclear-weapon-free zone in Central Asia -- Kazakhstan, Kyrgyzstan, Tajikistan, Turkmenistan and Uzbekistan: draft resolution [A C E F R S] </s>
	</p>
	<p n="548">
	  <s n="613"> A/C.1/63/L.47 Item 91 (b) -- Review of the implementation of the recommendations and decisions adopted by the General Assembly at its tenth special session: Report of the Conference on Disarmament -- Tunisia, Turkey, Ukraine, United Kingdom of Great Britain and Northern Ireland, United States of America and Venezuela (Bolivarian Republic of): draft resolution [A C E F R S] </s>
	</p>
	<p n="549">
	  <s n="614"> A/C.1/63/L.52 Item 89 (d) -- General and complete disarmament: disarmament and non-proliferation education -- Brazil, Chile, Colombia, Costa Rica, Dominican Republic, Ecuador, Egypt, El Salvador, Estonia, Guatemala, Haiti, Honduras, Hungary, India, Japan, Mexico, Monaco, New Zealand, Nicaragua, Nigeria, Pakistan, Panama, Paraguay, Philippines, Poland, South Africa, Spain, Sweden, the former Yugoslav Republic of Macedonia, Trinidad and Tobago, Turkey, United Kingdom of Great Britain and Northern Ireland and Uruguay: draft resolution -- United Nations study on disarmament and non-proliferation education [A C E F R S] </s>
	</p>
	<p n="550">
	  <s n="615"> Special Political and Decolonization Committee (Fourth Committee) </s>
	</p>
	<p n="551">
	  <s n="616"> A/C.4/63/L.7* Reissued for technical reasons [F (only)] </s>
	</p>
	<p n="552">
	  <s n="617"> Second Committee </s>
	</p>
	<p n="553">
	  <s n="618"> A/C.2/63/4 Item 51 -- Globalization and interdependence -- Letter dated 17 September 2008 from the Chargé d&apos;affaires a.i. of the Permanent Mission of the Dominican Republic to the United Nations addressed to the President of the General Assembly [A C E F R S] </s>
	</p>
	<p n="554">
	  <s n="619"> Security Council Documents </s>
	</p>
	<p n="555">
	  <s n="620"> S/2008/660 Letter dated 17 October 2008 from the Permanent Representative of Cambodia to the United Nations addressed to the President of the Security Council [A C E F R S] </s>
	</p>
	<p n="556">
	  <s n="621"> S/2008/661 Letter dated 17 October 2008 from the Permanent Representative of Thailand to the United Nations addressed to the President of the Security Council [A C E F R S] </s>
	</p>
	<p n="557">
	  <s n="622"> S/2008/663 Letter dated 16 October 2008 from the Secretary-General addressed to the President of the Security Council [A C E F R S] </s>
	</p>
	<p n="558">
	  <s n="623"> S/2008/664 Letter dated 20 October 2008 from the President of the Security Council addressed to the Secretary-General [A C E F R S] </s>
	</p>
	<p n="559">
	  <s n="624"> S/2008/665 Letter dated 16 October 2008 from the Secretary-General addressed to the President of the Security Council [A C E F R S] </s>
	</p>
	<p n="560">
	  <s n="625"> S/2008/666 Letter dated 20 October 2008 from the President of the Security Council addressed to the Secretary-General [A C E F R S] </s>
	</p>
	<p n="561">
	  <s n="626"> S/Agenda/5997 Provisional agenda [A C E F R S] </s>
	</p>
	<p n="562">
	  <s n="627"> S/Agenda/5998 Provisional agenda [A C E F R S] </s>
	</p>
	<p n="563">
	  <s n="628"> S/PRST/2008/38 Statement by the President of the Security Council [A C E F R S] </s>
	</p>
	<p n="564">
	  <s n="629"> Security Council Committee established pursuant to resolution 1737 (2006) </s>
	</p>
	<p n="565">
	  <s n="630"> S/AC.50/2008/62* Reissued for technical reasons [A (only)] </s>
	</p>
	<p n="566">
	  <s n="631"> Secretariat </s>
	</p>
	<p n="567">
	  <s n="632"> ST/ADM/SER.B/693 Assessment of Member States&apos; contributions for the financing of the United Nations Mission in the Sudan (UNMIS) from 1 July 2006 to 30 June 2008 [E F S (only)] </s>
	</p>
	<p n="568">
	  <s n="633"> ST/ADM/SER.B/726 Credit from unencumbered balance and other income for the United Nations Mission in Sierra Leone (UNAMSIL) for the period ended 30 June 2006 [E F S (only)] </s>
	</p>
	<p n="569">
	  <s n="634"> Communications to the Editor </s>
	</p>
	<p n="570">
	  <s n="635"> Material for inclusion in the Journal may be sent to Ms. Sylvie Deschênes (e-mail journal@un.org (cc: deschenes@un.org); fax 1 (212) 963-4790; room S-2370; tel. </s>
	  <s n="636"> 1 (212) 963-6776 and 963-3888). </s>
	</p>
	<p n="571">
	  <s n="637"> Office opens at 3 p.m. </s>
	</p>
	<p n="572">
	  <s n="638"> Published at Headquarters, New York, by the Department for General Assembly and Conference Management. </s>
	</p>
	</body>
</text>
</DOC>