<?xml version="1.0" encoding="UTF-8"?>
<DOC lang="English" n="N0355168" id="JOURNAL NO. 2003/202" date="2003/10/21">
<text>
	<body>
	<p n="1">
	  <s n="1"> Scheduled official meetings </s>
	</p>
	<p n="2">
	  <s n="2"> Tuesday, 21 October 2003 </s>
	</p>
	<p n="3">
	  <s n="3"> Security Council </s>
	</p>
	<p n="4">
	  <s n="4"> 10 a.m. 4846th meeting Security Council Chamber </s>
	</p>
	<p n="5">
	  <s n="5"> Adoption of the agenda </s>
	</p>
	<p n="6">
	  <s n="6"> The situation in the Middle East, including the Palestinian question </s>
	</p>
	<p n="7">
	  <s n="7"> Morning1. </s>
	  <s n="8"> Consultations of the whole (closed) Consultations Room </s>
	</p>
	<p n="8">
	  <s n="9"> The situation in the Middle East, including the Palestinian question </s>
	</p>
	<p n="9">
	  <s n="10"> Other matters </s>
	</p>
	<p n="10">
	  <s n="11"> 1 To be held following the adjournment of the 4846th meeting. </s>
	</p>
	<p n="11">
	  <s n="12"> General Assembly </s>
	</p>
	<p n="12">
	  <s n="13"> Fifty-eighth session </s>
	</p>
	<p n="13">
	  <s n="14"> 10 a.m. 38th plenary meeting General Assembly Hall </s>
	</p>
	<p n="14">
	  <s n="15"> Strengthening of the coordination of humanitarian and disaster relief assistance of the United Nations, including special economic assistance: report of the Secretary-General (A/58/344) [40 (a) to (e)]: joint debate </s>
	</p>
	<p n="15">
	  <s n="16"> (a) Strengthening of the coordination of emergency humanitarian assistance of the United Nations: report of the Secretary-General (A/58/89, A/58/434) </s>
	</p>
	<p n="16">
	  <s n="17"> (continued overleaf) </s>
	</p>
	<p n="17">
	  <s n="18"> (b) Special economic assistance to individual countries or regions: reports of the Secretary-General (A/58/133, A/58/224, A/58/225, A/58/273, A/58/280, A/58/285, A/58/286, A/58/358) </s>
	</p>
	<p n="18">
	  <s n="19"> (c) Strengthening of international cooperation and coordination of efforts to study, mitigate and minimize the consequences of the Chernobyl disaster: report of the Secretary-General (A/58/332) </s>
	</p>
	<p n="19">
	  <s n="20"> (d) Participation of volunteers, &quot;White Helmets&quot;, in the activities of the United Nations in the field of humanitarian relief, rehabilitation and technical cooperation for development: report of the Secretary-General (A/58/320) </s>
	</p>
	<p n="20">
	  <s n="21"> (e) Assistance to the Palestinian people: report of the Secretary-General (A/58/88 and A/58/88/Corr.1) </s>
	</p>
	<p n="21">
	  <s n="22"> Tenth emergency special session </s>
	</p>
	<p n="22">
	  <s n="23"> 3 p.m. 22nd plenary meeting General Assembly Hall </s>
	</p>
	<p n="23">
	  <s n="24"> Illegal Israeli actions in Occupied East Jerusalem and the rest of the Occupied Palestinian Territory: draft resolutions (A/ES-10/L.13, A/ES-10/L.14) </s>
	</p>
	<p n="24">
	  <s n="25"> Fifty-eighth session </s>
	</p>
	<p n="25">
	  <s n="26"> Afternoon1 39th plenary meeting General Assembly Hall </s>
	</p>
	<p n="26">
	  <s n="27"> Follow-up to the outcome of the special session on children: report of the Secretary-General (A/58/333) </s>
	</p>
	<p n="27">
	  <s n="28"> Towards global partnerships: report of the Secretary-General (A/58/227) </s>
	</p>
	<p n="28">
	  <s n="29"> Integrated and coordinated implementation of and follow-up to the outcomes of the major United Nations conferences and summits in the economic, social and related fields: report of the Secretary-General (A/58/359) </s>
	</p>
	<p n="29">
	  <s n="30"> 2001-2010: Decade to Roll Back Malaria in Developing Countries, Particularly in Africa: note by the Secretary-General (A/58/136, A/58/136/Corr.1) </s>
	</p>
	<p n="30">
	  <s n="31"> Global road safety crisis </s>
	</p>
	<p n="31">
	  <s n="32"> (a) Report by the Secretary-General (A/58/228) </s>
	</p>
	<p n="32">
	  <s n="33"> (b) Draft resolution (A/58/L.3)2 </s>
	</p>
	<p n="33">
	  <s n="34"> 1 Immediately following the adjournment of the tenth emergency special session. </s>
	</p>
	<p n="34">
	  <s n="35"> 2 To be issued. </s>
	</p>
	<p n="35">
	  <s n="36"> Main Committees </s>
	</p>
	<p n="36">
	  <s n="37"> First Committee </s>
	</p>
	<p n="37">
	  <s n="38"> 10 a.m.-1 p.m. 12th meeting Conference Room 4 </s>
	</p>
	<p n="38">
	  <s n="39"> Thematic discussion on item subjects, introduction and consideration of all draft resolutions submitted under agenda items 62 to 80: </s>
	</p>
	<p n="39">
	  <s n="40"> Documents of the First Committee: item 62 (A/58/202, A/C.1/58/L.32); item 63 (A/58/128, A/C.1/58/L.48); item 64 (A/58/29, A/C.1/58/L.24); item 65 (A/C.1/58/L.11); item 66 (A/C.1/58/L.6); item 67 (A/C.1/58/L.30); item 68 (A/C.1/58/L.3); item 69 (A/58/373, A/C.1/58/L.33); item 70 (A/58/137, A/58/137 (Part II), A/C.1/58/L.22); item 71 (A/C.1/58/L.8); item 72 (A/C.1/58/L.44); item 73 (A/58/117 and A/58/117/Add.1, A/58/117/Add.2, A/58/129, A/58/129/Add.1, A/58/130, A/58/138, A/58/162, A/58/162/Add.1, A/58/176 and A/58/176/Add.1, A/58/207, A/58/208, A/58/208/Add.1, A/58/406, A/58/848, A/C.1/58/4, A/C.1/58/L.1, A/C.1/58/L.2, A/C.1/58/L.4, A/C.1/58/L.9, A/C.1/58/L.10, A/C.1/58/L.12, A/C.1/58/L.14, A/C.1/58/L.15, A/C.1/58/L.16, A/C.1/58/L.17, A/C.1/58/L.18, A/C.1/58/L.19, A/C.1/58/L.25, A/C.1/58/L.26, A/C.1/58/L.27, A/C.1/58/L.29, A/C.1/58/L.31, A/C.1/58/L.34, A/C.1/58/L.35, A/C.1/58/L.38, A/C.1/58/L.39, A/C.1/58/L.40, A/C.1/58/L.41, A/C.1/58/L.43, A/C.1/58/L.45, A/C.1/58/L.46, A/C.1/58/L.47, A/C.1/58/L.49, A/C.1/58/L.51, A/C.1/58/L.53); item 74 (A/58/122, A/58/139, A/58/177, A/58/190, A/58/203, A/58/274, A/C.1/58/L.7, A/C.1/58/L.13, A/C.1/58/L.21, A/C.1/58/L.28, A/C.1/58/L.36); item 75 (A/58/27, A/58/42, A/58/259; A/58/316, A/C.1/58/L.5, A/C.1/58/L.20); item 76 (A/58/259; A/58/137 (Part II), A/C.1/58/L.23); item 77 (A/58/163, A/C.1/58/L.50); item 78 (A/58/132, A/58/132/Add.1, A/58/132/Add.2, A/C.1/58/L.42); item 79 (A/58/385, A/C.1/58/L.52); and item 80 (A/C.1/58/L.37) (other documents (A/ C.1/58/1, A/ C.1/58/2, A/ C.1/58/3 and A/ C.1/58/INF.1) </s>
	</p>
	<p n="40">
	  <s n="41"> Special Political and Decolonization Committee (Fourth Committee) </s>
	</p>
	<p n="41">
	  <s n="42"> 3 p.m. 12th meeting Conference Room 4 </s>
	</p>
	<p n="42">
	  <s n="43"> International cooperation in the peaceful uses of outer space (A/58/20, A/58/174, A/C.4/58/L.7 and A/C.4/58/L.8) </s>
	</p>
	<p n="43">
	  <s n="44"> Working Group of the Whole on International Cooperation in the Peaceful Uses of Outer Space </s>
	</p>
	<p n="44">
	  <s n="45"> Afternoon1-6 p.m. Closed meeting Conference Room 4 </s>
	</p>
	<p n="45">
	  <s n="46"> 1 Following the adjournment of the 12th meeting of the Committee. </s>
	</p>
	<p n="46">
	  <s n="47"> Second Committee </s>
	</p>
	<p n="47">
	  <s n="48"> 3-6 p.m. 17th meeting Conference Room 2 </s>
	</p>
	<p n="48">
	  <s n="49"> Implementation of Agenda 21, the Programme for the Further Implementation of Agenda 21 and the outcomes of the World Summit on Sustainable Development (A/58/3 (Part I), A/58/210, A/58/204, A/58/337, A/58/362, A/C.2/58/5 and A/C.2/58/6) </s>
	</p>
	<p n="49">
	  <s n="50"> United Nations Decade of Education for Sustainable Development </s>
	</p>
	<p n="50">
	  <s n="51"> Environment and sustainable development </s>
	</p>
	<p n="51">
	  <s n="52"> (d) Further implementation of the Programme of Action for the Sustainable Development of Small Island Developing States (A/58/3 (Part I), A/58/170, A/58/303, A/58/304 and A/C.2/58/4) </s>
	</p>
	<p n="52">
	  <s n="53"> Conclusion of general discussion </s>
	</p>
	<p n="53">
	  <s n="54"> Operational activities for development </s>
	</p>
	<p n="54">
	  <s n="55"> (b) Economic and technical cooperation among developing countries (A/58/39 (Suppl. </s>
	  <s n="56"> ), A/58/319, A/58/345, A/58/204) </s>
	</p>
	<p n="55">
	  <s n="57"> Introduction and general discussion </s>
	</p>
	<p n="56">
	  <s n="58"> Third Committee </s>
	</p>
	<p n="57">
	  <s n="59"> 10 a.m.-1 p.m. 19th meeting Conference Room 1 </s>
	</p>
	<p n="58">
	  <s n="60"> Social development, including questions relating to the world social situation and to youth, ageing, disabled persons and the family </s>
	</p>
	<p n="59">
	  <s n="61"> Introduction of document A/C.3/58/L.12 </s>
	</p>
	<p n="60">
	  <s n="62"> Crime prevention and criminal justice </s>
	</p>
	<p n="61">
	  <s n="63"> Introduction of draft resolutions A /C.3/58/L.13 and A/C.3/58/L.14 </s>
	</p>
	<p n="62">
	  <s n="64"> International drug control </s>
	</p>
	<p n="63">
	  <s n="65"> Introduction of draft resolution A/C.3/58/L.15 </s>
	</p>
	<p n="64">
	  <s n="66"> Promotion and protection of the rights of children (A/58/272, A/58/282, A/58/328, A/58/329 and A/58/4201) </s>
	</p>
	<p n="65">
	  <s n="67"> Continuation of general discussion </s>
	</p>
	<p n="66">
	  <s n="68"> 3-6 p.m. 20th meeting Conference Room 1 </s>
	</p>
	<p n="67">
	  <s n="69"> Promotion and protection of the rights of children (A/58/272, A/58/282, A/58/328, A/58/329 and A/58/4201) </s>
	</p>
	<p n="68">
	  <s n="70"> Continuation of general discussion </s>
	</p>
	<p n="69">
	  <s n="71"> 1 To be issued. </s>
	</p>
	<p n="70">
	  <s n="72"> Fifth Committee </s>
	</p>
	<p n="71">
	  <s n="73"> 10 a.m.-1 p.m Informal consultations (closed) Conference Room 5 </s>
	</p>
	<p n="72">
	  <s n="74"> Informal consultations on agenda item 125 (Pattern of conferences (A/58/32, A/58/194, A/58/194/Corr.1, A/58/194/Corr.2, A/58/213, A/57/783, A/57/809, A/58/7, A/58/7/Corr.1 and A/58/7/Add.1)) </s>
	</p>
	<p n="73">
	  <s n="75"> 3 p.m. 7th meeting Conference Room 3 </s>
	</p>
	<p n="74">
	  <s n="76"> Improving the financial situation of the United Nations </s>
	</p>
	<p n="75">
	  <s n="77"> Statement by the Under-Secretary-General for Management on the current financial situation of the United Nations </s>
	</p>
	<p n="76">
	  <s n="78"> Afternoon1-6 p.m. Informal consultations (closed) Conference Room 3 </s>
	</p>
	<p n="77">
	  <s n="79"> Informal consultations on agenda item 124 (Scale of assessments for the apportionment of the expenses of the United Nations (A/58/11, A/58/63, A/56/767 and A/58/189)) </s>
	</p>
	<p n="78">
	  <s n="80"> 1 Following the adjournment of the 7th meeting of the Fifth Committee. </s>
	</p>
	<p n="79">
	  <s n="81"> Sixth Committee </s>
	</p>
	<p n="80">
	  <s n="82"> 10 a.m. 11th meeting Trusteeship Council Chamber </s>
	</p>
	<p n="81">
	  <s n="83"> International convention against the reproductive cloning of human beings (A/58/73, A/C.6/58/L.2, A/C.6/58/L.8 and A/C.6/58/L.9) </s>
	</p>
	<p n="82">
	  <s n="84"> Report of the United Nations Commission on International Trade Law on the work of its thirty-sixth session (A/58/17, A/C.6/58/L.11 and A/C.6/58/L.12) </s>
	</p>
	<p n="83">
	  <s n="85"> Action on draft resolutions A/C.6/58/L.11 and A/C.6/58/L.12 </s>
	</p>
	<p n="84">
	  <s n="86"> Administration of justice at the United Nations (A/57/736 and A/C.6/58/L.7) </s>
	</p>
	<p n="85">
	  <s n="87"> Action on draft resolution A/C.6/58/L.7 </s>
	</p>
	<p n="86">
	  <s n="88"> 3-6 p.m. 12th meeting Trusteeship Council Chamber </s>
	</p>
	<p n="87">
	  <s n="89"> Convention on Jurisdictional Immunities of States and their Property (A/58/22) </s>
	</p>
	<p n="88">
	  <s n="90"> Advisory Committee on Administrative and Budgetary Questions </s>
	</p>
	<p n="89">
	  <s n="91"> 10.30 a.m.-1 p.m. Closed meeting Conference Room 10 </s>
	</p>
	<p n="90">
	  <s n="92"> Modernizing and expanding the conference facilities at the United Nations Office at Nairobi </s>
	</p>
	<p n="91">
	  <s n="93"> General Assembly </s>
	</p>
	<p n="92">
	  <s n="94"> Informal consultations on agenda item 52 (a) (Oceans and the law of the sea) </s>
	</p>
	<p n="93">
	  <s n="95"> 1.15-2.45 p.m. Closed meeting Conference Room C </s>
	</p>
	<p n="94">
	  <s n="96"> Second Committee Panel discussion on “International Cooperation in Tax Matters” </s>
	</p>
	<p n="95">
	  <s n="97"> There will be a panel discussion on “International Cooperation in Tax Matters”, chaired by the President of the General Assembly, H.E. Mr. Julian R. Hunte, and co-chaired by the Under-Secretary-General for Economic and Social Affairs, Mr. José Antonio Ocampo, today, 21 October 2003, from 10 a.m. to 1 p.m. in Conference Room 2. </s>
	  <s n="98"> The meeting is organized by the Financing for Development Office, Department of Economic and Social Affairs. </s>
	  <s n="99"> Members of permanent missions, Secretariat staff, representatives of intergovernmental and non-governmental organizations are invited to attend. </s>
	</p>
	<p n="96">
	  <s n="100"> Other meetings </s>
	</p>
	<p n="97">
	  <s n="101"> The information below is reproduced as received and does not imply any opinion or endorsement by the Secretariat of the United Nations. </s>
	</p>
	<p n="98">
	  <s n="102"> Tuesday, 21 October 2003 </s>
	</p>
	<p n="99">
	  <s n="103"> JUSCANZ Group (on Third Committee matters) </s>
	</p>
	<p n="100">
	  <s n="104"> 9-9.45 a.m. Closed meeting Conference Room A </s>
	</p>
	<p n="101">
	  <s n="105"> Group of 77 (briefing on the United Nations Convention to Combat Desertification; and environment and sustainable development issues) </s>
	</p>
	<p n="102">
	  <s n="106"> 10 a.m.-1 p.m. Closed meeting Conference Room 9 </s>
	</p>
	<p n="103">
	  <s n="107"> Group of 77 (Third Committee: draft resolutions on the World Summit for Social Development, ageing and INSTRAW) </s>
	</p>
	<p n="104">
	  <s n="108"> 10 a.m.-1 p.m. Closed meeting Economic and Social Council Chamber </s>
	</p>
	<p n="105">
	  <s n="109"> Group of 77 (on Fifth Committee matters) </s>
	</p>
	<p n="106">
	  <s n="110"> 1.15-2.45 p.m. Closed meeting Conference Room 6 </s>
	</p>
	<p n="107">
	  <s n="111"> Group of 77 (on agenda items 93 (b), 93 (a) and 93 (c)) </s>
	</p>
	<p n="108">
	  <s n="112"> 1.15-2.45 p.m. Closed meeting Conference Room 5 </s>
	</p>
	<p n="109">
	  <s n="113"> Group of 77 (on agenda items 91 (f), 91 (d) and 50; and other macroeconomic policy issues) </s>
	</p>
	<p n="110">
	  <s n="114"> 3-6 p.m. Closed meeting Conference Room B </s>
	</p>
	<p n="111">
	  <s n="115"> Open-ended informal consultations on the draft resolution entitled “Violence against women” (Third Committee) (organized by the Permanent Mission of Netherlands) </s>
	</p>
	<p n="112">
	  <s n="116"> 10 a.m.-1 p.m. Closed meeting Conference Room 6 </s>
	</p>
	<p n="113">
	  <s n="117"> Arab Group (at the ambassadorial level) </s>
	</p>
	<p n="114">
	  <s n="118"> 10.30-1 p.m. Closed meeting Conference Room 7 </s>
	</p>
	<p n="115">
	  <s n="119"> Open-ended informal consultations to prepare a draft resolution on sustainable mountain development (agenda item 94 (g)) (organized by the Permanent Mission of Switzerland) </s>
	</p>
	<p n="116">
	  <s n="120"> 1.15-2.45 p.m. Closed meeting Conference Room 9 </s>
	</p>
	<p n="117">
	  <s n="121"> | </s>
	</p>
	<p n="118">
	  <s n="122"> Southern African Development Committee (SADC) (at the Third Committee Experts level) (agenda item 115 (a)) </s>
	</p>
	<p n="119">
	  <s n="123"> 1.15-2.45 p.m. Closed meeting Conference Room A </s>
	</p>
	<p n="120">
	  <s n="124"> Informal briefing on the draft resolution entitled “Creation of a global culture of cybersecurity” (agenda item 91 (b)) (organized by the Permanent Mission of the United States) </s>
	</p>
	<p n="121">
	  <s n="125"> 2-3 p.m. Closed meeting Conference Room B </s>
	</p>
	<p n="122">
	  <s n="126"> African Group: Group of Experts on Economic Matters </s>
	</p>
	<p n="123">
	  <s n="127"> 3-6 p.m. Closed meeting Economic and Social Council Chamber </s>
	</p>
	<p n="124">
	  <s n="128"> Briefing for non-governmental organizations (NGOs) on the informal exchange of views on the methods of work of the First Committee </s>
	</p>
	<p n="125">
	  <s n="129"> 3-6 p.m. Closed meeting Conference Room A </s>
	</p>
	<p n="126">
	  <s n="130"> Open-ended informal consultations on the draft resolution entitled “Implementation of the outcome of the World Summit for Social Development and of the twenty-fourth special session of the General Assembly” (agenda item 105) (organized by the Permanent Mission of Brazil) </s>
	</p>
	<p n="127">
	  <s n="131"> 3-6 p.m. Closed meeting Conference Room 9 </s>
	</p>
	<p n="128">
	  <s n="132"> Open-ended informal consultations on the draft resolution entitled “Women and political participation” (Third Committee) (organized by the Permanent Mission of the United States) </s>
	</p>
	<p n="129">
	  <s n="133"> 3-6 p.m. Closed meeting Conference Room 5 </s>
	</p>
	<p n="130">
	  <s n="134"> Presentation of the results of evaluations on bilateral participation in PRSP processes </s>
	</p>
	<p n="131">
	  <s n="135"> There will be a presentation of the results of evaluations on bilateral participation in Poverty Reduction Strategy Papers (PRSP) processes, organized by the Permanent Missions of Germany and Switzerland, today, 21 October 2003, from 10 a.m. to 12 noon in Conference Room B. </s>
	  <s n="136"> Members of permanent missions, Secretariat staff, representatives of intergovernmental and non-governmental organizations and the media are invited to attend. </s>
	</p>
	<p n="132">
	  <s n="137"> United Nations Administrative Tribunal </s>
	</p>
	<p n="133">
	  <s n="138"> The United Nations Administrative Tribunal will hold closed meetings today, 21 October 2003, from 10 a.m. to 1 p.m. and from 3 to 6 p.m. in room DC2-0461. </s>
	</p>
	<p n="134">
	  <s n="139"> Press conferences </s>
	</p>
	<p n="135">
	  <s n="140"> The schedule below is tentative; up-to-date information can be obtained at www.un.org/News/ossg/conf.htm. </s>
	</p>
	<p n="136">
	  <s n="141"> Tuesday, 21 October 2003 </s>
	</p>
	<p n="137">
	  <s n="142"> Room S-226 </s>
	</p>
	<p n="138">
	  <s n="143"> 12 noon Press briefing by the Spokesman </s>
	</p>
	<p n="139">
	  <s n="144"> Forthcoming official meetings </s>
	</p>
	<p n="140">
	  <s n="145"> Wednesday, 22 October 2003 </s>
	</p>
	<p n="141">
	  <s n="146"> General Assembly </s>
	</p>
	<p n="142">
	  <s n="147"> Fifty-eighth session </s>
	</p>
	<p n="143">
	  <s n="148"> 10 a.m. 40th plenary meeting General Assembly Hall </s>
	</p>
	<p n="144">
	  <s n="149"> 3 p.m. 41st plenary meeting General Assembly Hall </s>
	</p>
	<p n="145">
	  <s n="150"> Follow-up to the outcome of the special session on children: report of the Secretary-General (A/58/333) </s>
	</p>
	<p n="146">
	  <s n="151"> Towards global partnerships: report of the Secretary-General (A/58/227) </s>
	</p>
	<p n="147">
	  <s n="152"> Integrated and coordinated implementation of and follow-up to the outcomes of the major United Nations conferences and summits in the economic, social and related fields: report of the Secretary-General (A/58/359) </s>
	</p>
	<p n="148">
	  <s n="153"> 2001-2010: Decade to Roll Back Malaria in Developing Countries, Particularly in Africa: note by the Secretary-General (A/58/136, A/58/136/Corr.1) </s>
	</p>
	<p n="149">
	  <s n="154"> Global road safety crisis </s>
	</p>
	<p n="150">
	  <s n="155"> (a) Report by the Secretary-General (A/58/228) </s>
	</p>
	<p n="151">
	  <s n="156"> (b) Draft resolution (A/58/L.3)1 </s>
	</p>
	<p n="152">
	  <s n="157"> 1 To be issued. </s>
	</p>
	<p n="153">
	  <s n="158"> Fifth Committee There will be informal consultations (closed) of the Fifth Committee on Wednesday, 22 October 2003, at 10 a.m. in Conference Room 5. </s>
	</p>
	<p n="154">
	  <s n="159"> General Assembly </s>
	</p>
	<p n="155">
	  <s n="160"> Informal consultations on agenda item 52 (a) (Oceans and the law of the sea) </s>
	</p>
	<p n="156">
	  <s n="161"> Open-ended informal consultations on the draft resolution on agenda item 52 (a) (Oceans and the law of the sea), will be held on Wednesday and Thursday, 22 and 23 October 2003, from 3 to 6 p.m. in Conference Room 8. </s>
	</p>
	<p n="157">
	  <s n="162"> Second Committee Panel discussion on “Microcredit, Poverty Eradication and the Empowerment of Women” </s>
	</p>
	<p n="158">
	  <s n="163"> A panel discussion on “Microcredit, Poverty Eradication and the Empowerment of Women”, organized by the Department for Economic and Social Affairs, will be held on Thursday, 23 October 2003, from 3 to 6 p.m. in the Trusteeship Council. </s>
	  <s n="164"> The meeting will be chaired by H.E. Mr. Iftekhar Chowdhury (Bangladesh), Chairman of the Second Committee. </s>
	  <s n="165"> The panellists will include H.E. Mrs. María Eugenia Brizuela de Ávila, Minister for Foreign Affairs of El Salvador; Mr. Anwarul K. Chowdhury, Under-Secretary-General and High Representative for the Least Developed Countries, Landlocked Developing Countries and Small Island Developing States; Mr. Rupert Scofield, Executive Director of the Foundation for International Community Assistance (FINCA); Mr. Normand Lauzon, Executive Director of the United Nations Capital Development Fund (UNCDF); and Mr. René Azokli, Managing Director of PADME. </s>
	</p>
	<p n="159">
	  <s n="166"> Members of permanent missions, agencies and organizations of the United Nations system, Secretariat staff, representatives of non-governmental organizations and the media are invited to attend. </s>
	  <s n="167"> For further information please contact the Division for ECOSOC Support and Coordination, DESA (tel. </s>
	  <s n="168"> 1 (212) 963-4201; or e-mail ecosocinfo@un.org). </s>
	</p>
	<p n="160">
	  <s n="169"> Panel discussion on “Partnerships” </s>
	</p>
	<p n="161">
	  <s n="170"> There will be a panel discussion on “Partnerships”, organized by the Department of Economic and Social Affairs, on Monday, 27 October 2003, from 11.30 a.m. to 1 p.m. in Conference Room 4. </s>
	  <s n="171"> The meeting will be chaired by H.E. Mr. Iftekhar Chowdhury (Bangladesh), Chairman of the Second Committee. </s>
	  <s n="172"> The panellists will include Mr. Talal Abu-Ghazaleh, Vice-Chairman of the United Nations Information and communication Technologies (ICT) Task Force and Chairman and CEO of TAGO; Mr. Robert Coultas, Representative of Rotary International to the United Nations; Mr. Georg Kell, Executive Head, Global Compact Office; and Mr. Amir Dossal, Executive Director, United Nations Fund for International Partnerships (UNFIP). </s>
	</p>
	<p n="162">
	  <s n="173"> Members of permanent missions, agencies and organizations of the United Nations system, Secretariat staff, representatives of non-governmental organizations and the media are invited to attend. </s>
	  <s n="174"> For further information please contact the Division for ECOSOC Support and Coordination, DESA (tel. </s>
	  <s n="175"> 1 (212) 963-4201; or e-mail ecosocinfo@un.org). </s>
	</p>
	<p n="163">
	  <s n="176"> United Nations Pledging Conference for Development Activities </s>
	</p>
	<p n="164">
	  <s n="177"> The 2003 United Nations Pledging Conference for Development Activities will be held on Tuesday, 4 November 2003, at 3 p.m. in Conference Room 4. </s>
	  <s n="178"> It would be appreciated if delegations could submit the names of their representatives to the pledging conference, in writing, to Ms. Lorna Fidler (tel. </s>
	  <s n="179"> 1 (212) 963-2319; fax 1 (212) 963-5935). </s>
	  <s n="180"> The list of speakers will be open as of Friday, 24 October 2003. </s>
	  <s n="181"> Delegations wishing to be inscribed are requested to contact Ms. Lorna Fidler. </s>
	</p>
	<p n="165">
	  <s n="182"> Economic and Social Council </s>
	</p>
	<p n="166">
	  <s n="183"> Resumed substantive session 2003 </s>
	</p>
	<p n="167">
	  <s n="184"> There will be a meeting of the resumed substantive session 2003, on Friday, 31 October 2003, at 3 p.m. in the Economic and Social Council, on the following outstanding matters before the resumed substantive session 2003: </s>
	</p>
	<p n="168">
	  <s n="185"> Adoption of the agenda and other organizational matters (E/2003/104 and E/2003/1051) </s>
	</p>
	<p n="169">
	  <s n="186"> Elections2: </s>
	</p>
	<p n="170">
	  <s n="187"> Commission on Science and Technology for Development </s>
	</p>
	<p n="171">
	  <s n="188"> Intergovernmental Working Group of Experts on International Standards of Accounting and Reporting </s>
	</p>
	<p n="172">
	  <s n="189"> United Nations International Research and Training Institute for the Advancement of Women (E/2003/L.3/Add.13) </s>
	</p>
	<p n="173">
	  <s n="190"> Committee for the United Nations Population Award </s>
	</p>
	<p n="174">
	  <s n="191"> Governing Council of the United Nations Human Settlements Programme </s>
	</p>
	<p n="175">
	  <s n="192"> Joint United Nations Programme on HIV/AIDS (UNAIDS) </s>
	</p>
	<p n="176">
	  <s n="193"> International Narcotics Control Board (E/2003/L.3/Add.12) </s>
	</p>
	<p n="177">
	  <s n="194"> Regional cooperation (E/2003/15/Add.2)1 </s>
	</p>
	<p n="178">
	  <s n="195"> Economic and environmental questions </s>
	</p>
	<p n="179">
	  <s n="196"> (h) International cooperation in tax matters </s>
	</p>
	<p n="180">
	  <s n="197"> (i) United Nations Forum on Forests (E/2003/42) </s>
	</p>
	<p n="181">
	  <s n="198"> 1 To be issued. </s>
	</p>
	<p n="182">
	  <s n="199"> 2 For additional information on elections, please contact Ms. Nancy Beteta (tel. </s>
	</p>
	<p n="183">
	  <s n="200"> Other forthcoming meetings </s>
	</p>
	<p n="184">
	  <s n="201"> The information below is reproduced as received and does not imply any opinion or endorsement by the Secretariat of the United Nations. </s>
	</p>
	<p n="185">
	  <s n="202"> Group of 77 (briefing by Mr. Pekka Patosaari, Coordinator and Head of the Sescretariat of the United Nations Forum on Forests; and environment and sustainable development issues) </s>
	</p>
	<p n="186">
	  <s n="203"> There will be a meeting of the Group of 77 (briefing by Mr. Pekka Patosaari, Coordinator and Head of the Sescretariat of the United Nations Forum on Forests; and environment and sustainable development issues) on Wednesday, 22 October 2003, from 10 a.m. to 1 p.m. in Conference Room 8. </s>
	</p>
	<p n="187">
	  <s n="204"> Open-ended informal consultations on draft resolution on the implementation of the world programme of action concerning disabled persons: towards a society for all in the twenty-first century (agenda item 106) (Third Committee) (organized by the Permanent Mission of Philippines) </s>
	</p>
	<p n="188">
	  <s n="205"> There will be open-ended informal consultations on draft resolution on the implementa-tion of the world programme of action concerning disabled persons: towards a society for all in the twenty-first century (agenda item 106) (Third Committee), organized by the Permanent Mission of Philippines, on Wednesday, 22 October 2003, from 10 a.m. to 12 noon in Conference Room B; and on Friday, 24 October, from 10 a.m. to 12 noon in Conference Room A. </s>
	</p>
	<p n="189">
	  <s n="206"> Open-ended informal consultations on the draft resolution entitled “Violence against women” (Third Committee) (organized by the Permanent Mission of Netherlands) </s>
	</p>
	<p n="190">
	  <s n="207"> There will be open-ended informal consultations on the draft resolution entitled “Violence against women” (Third Committee), organized by the Permanent Mission of Netherlands, on Wednesday, 22 October 2003, from 10 a.m. to 1 p.m. in Conference Room 6; and on Thursday, 23 October from 10 a.m. to 1 p.m. in Conference Room 8. </s>
	</p>
	<p n="191">
	  <s n="208"> Pacific Islands Forum: Working Group on Oceans (Sixth Committee experts) </s>
	</p>
	<p n="192">
	  <s n="209"> The Working Group on Oceans of the Pacific Islands Forum (Sixth Committee experts) will hold a meeting on Wednesday, 22 October 2003, from 1.15 to 2.45 p.m. in Conference Room A. </s>
	</p>
	<p n="193">
	  <s n="210"> Informal meeting on a draft resolution entitled “The girl child” (organized by the Permanent Mission of Namibia) </s>
	</p>
	<p n="194">
	  <s n="211"> There will be an informal meeting on a draft resolution entitled “The girl child”, organized by the Permanent Mission of Namibia, on Wednesday, 22 October 2003, from 3 to 6 p.m. in the Trusteeship Council Chamber. </s>
	</p>
	<p n="195">
	  <s n="212"> Meeting of co-sponsors of the draft resolution on torture and other cruel, inhuman or degrading treatment or punishment (agenda item 117 (a)) (organized by the Permanent Mission of Denmark) </s>
	</p>
	<p n="196">
	  <s n="213"> There will be a meeting of co-sponsors of the draft resolution on torture and other cruel, inhuman or degrading treatment or punishment (agenda item 117 (a)), organized by the Permanent Mission of Denmark, on Wednesday, 22 October 2003, from 3 to 4 p.m. in Conference Room B. </s>
	</p>
	<p n="197">
	  <s n="214"> Meeting of the West African Member States </s>
	</p>
	<p n="198">
	  <s n="215"> There will be a meeting of the West African Member States on Wednesday, 22 October 2003, at 3 p.m. in Conference Room 9. </s>
	</p>
	<p n="199">
	  <s n="216"> Open-ended informal consultations on the draft resolution entitled “Women and political participation” (Third Committee) (organized by the Permanent Mission of the United States) </s>
	</p>
	<p n="200">
	  <s n="217"> There will be open-ended informal consultations on the draft resolution entitled “Women and political participation” (Third Committee), organized by the Permanent Mission of the United States, on Wednesday, 22 October 2003, from 3 to 6 p.m. in the Economic and Social Council Chamber; and on Friday, 24 October, from 3 to 6 p.m. in Conference Room 6. </s>
	</p>
	<p n="201">
	  <s n="218"> Symposia on population and development </s>
	</p>
	<p n="202">
	  <s n="219"> The Office of the High Representative for the Least Developed Countries, Landlocked Developing Countries and Small Island Developing States and the Office of the Permanent Observer of Partners in Population and Development to the United Nations are jointly organizing four symposia, to be held at Headquarters, as follows: </s>
	</p>
	<p n="203">
	  <s n="220"> Symposium I on “Population and the Millennium Development Goals”: Wednesday, 22 October 2003, from 4 to 6 p.m., in a conference room to be announced (speakers: H.E. Ms. Paulette A. </s>
	  <s n="221"> Bethel, Permanent Representative of the Bahamas; H.E. Mr. Iftekhar Chowdhury, Permanent Representative of Bangladesh; H.E. Ms. Ellen Margrethe Løj, Permanent Representative of Denmark; and Ms. Thoraya Ahmed Obaid, Executive Director, United Nations Fund for Population); </s>
	</p>
	<p n="204">
	  <s n="222"> Symposium II on “Family Planning, Reproductive Health and Development”: Monday, 3 November, from 3 to 5.30 p.m., in the Dag Hammarskjöld Library Auditorium; </s>
	</p>
	<p n="205">
	  <s n="223"> Symposium III on “Empowerment of Women”: Monday, 10 November, from 3 to 5.30 p.m., in the Dag Hammarskjöld Library Auditorium; and </s>
	</p>
	<p n="206">
	  <s n="224"> Symposium IV on “Population and HIV/AIDS”: Wednesday, 19 November, from 4 to 6 p.m., in the Dag Hammarskjöld Library Auditorium. </s>
	</p>
	<p n="207">
	  <s n="225"> Members of permanent missions, Secretariat staff, representatives of non-governmental organizations and the media are invited to attend [For further information: tel. </s>
	  <s n="226"> 1 (212) 457-1828; e-mail rgarvey@ppdsec.org]. </s>
	</p>
	<p n="208">
	  <s n="227"> Panel discussion on “Reducing the Risks Posed by Biological Weapons” </s>
	</p>
	<p n="209">
	  <s n="228"> A panel discussion on “Reducing the Risks Posed by Biological Weapons”, sponsored by the NGO Committee on Disarmament, Peace and Security, in cooperation with the Department for Disarmament Affairs, will take place on Thursday, 23 October 2003, from 1.15 to 2.45 p.m. in Conference Room 5. </s>
	  <s n="229"> Members of permanent missions, agencies and organizations of the United Nations system, Secretariat staff, representatives of non-governmental organizations and the media are invited to attend. </s>
	</p>
	<p n="210">
	  <s n="230"> Open-ended informal consultations on the draft resolution entitled “Strengthening of international cooperation and coordination of efforts to study, mitigate and minimize the consequences of the Chernobyl disaster” (agenda item 40 (c)) (organized by the Permanent Mission of the Russian Federation) </s>
	</p>
	<p n="211">
	  <s n="231"> There will be open-ended informal consultations on the draft resolution entitled “Strengthening of international cooperation and coordination of efforts to study, mitigate and minimize the consequences of the Chernobyl disaster” (agenda item 40 (c)), organized by the Permanent Mission of the Russian Federation, on Thursday, 23 October 2003, from 3 to 6 p.m. in Conference Room 9. </s>
	</p>
	<p n="212">
	  <s n="232"> Asian Group There will be a meeting of the Asian Group on Friday, 24 October 2003, from 10 a.m. to 1 p.m. in the Economic and Social Council Chamber. </s>
	</p>
	<p n="213">
	  <s n="233"> Annual Parliamentary Hearing at the United Nations </s>
	</p>
	<p n="214">
	  <s n="234"> The Annual Parliamentary Hearing at the United Nations, organized by the Inter-Parliamentary Union, in cooperation with the United Nations, will take place on Monday, 27 October 2003, from 10 a.m. to 1 p.m. and from 3 to 6 p.m. in the Economic and Social Council Chamber. </s>
	  <s n="235"> The Secretary-General of the United Nations will open the meeting with the President of the Inter-Parliamentary Union. </s>
	  <s n="236"> All members of the United Nations community are invited to attend as observers. </s>
	  <s n="237"> For further information, including the complete programme and list of speakers, please contact Mr. Alessandro Motter, Permanent Observer Office of the Inter-Parliamentary Union (tel. </s>
	  <s n="238"> 1 (212) 557-5880; e-mail am@mail.ipu.org). </s>
	</p>
	<p n="215">
	  <s n="239"> JUSCANZ Group (on Third Committee matters) </s>
	</p>
	<p n="216">
	  <s n="240"> There will be meetings of the JUSCANZ Group (on Third Committee matters) on Tuesday, 28 October 2003, from 9 to 9.45 a.m. in Conference Room A. </s>
	</p>
	<p n="217">
	  <s n="241"> Fourth Meeting of the Open Forum for Partnership </s>
	</p>
	<p n="218">
	  <s n="242"> The Fourth Meeting of the Open Forum for Partnership, organized by the United Nations Office of the High Representative of the Least Developed Countries, Landlocked Developing Countries and Small Island Developing Countries, will be held on Tuesday, 28 October 2003, from 10 a.m. to 12 noon in Conference Room 6. </s>
	  <s n="243"> Mr. Rubens Ricupero, Secretary-General, United Nations Conference on Trade and Development (UNCTAD), will make a presentation on the theme “UNCTAD XI: The Way Forward After Cancún for the Least Developed Countries”. </s>
	  <s n="244"> Members of permanent missions, agencies and organizations of the United Nations system, Secretariat staff, representatives of non-governmental organizations and the media are invited to attend. </s>
	  <s n="245"> For further information please contact Mr. Eder García (tel. </s>
	  <s n="246"> 1 (212) 963-5051; or e-mail ohrlls-unhq@un.org). </s>
	</p>
	<p n="219">
	  <s n="247"> Southern African Development Committee (SADC) (at the Third Committee experts level) (agenda item 112) </s>
	</p>
	<p n="220">
	  <s n="248"> There will be a meeting of the Southern African Development Committee (SADC) (at the Third Committee experts level) (agenda item 112) on Wednesday, 29 October 2003, from 1.15 to 2.45 p.m. in Conference Room C. </s>
	</p>
	<p n="221">
	  <s n="249"> Asian-African Legal Consultative Organization (AALCO) </s>
	</p>
	<p n="222">
	  <s n="250"> There will be meetings of the Asian-African Legal Consultative Organization (AALCO) on Thursday, 30 October 2003, from 3 to 6 p.m. in Conference Room 8; and on Monday, 3 November, from 3 to 6 p.m. in Conference Room 6. </s>
	</p>
	<p n="223">
	  <s n="251"> Briefing on the World Summit on the Information Society (WSIS) (organized by the United Nations Information and Communication Technologies Task Force) </s>
	</p>
	<p n="224">
	  <s n="252"> There will be a briefing by Mr. Mark Furrer, State Secretary, Director of the Federal Office of Communications, Switzerland; Mr. Daniel Stauffacher, Delegate of the Swiss Federal Council for the World Summit; and Mr. Nitin Desai, Special Advisor to the Secretary-General on the World Summit on the Information Society, on the first phase of the World Summit, to be held in Geneva from 10 to 12 December 2003. </s>
	  <s n="253"> The briefing, organized by the United Nations Information and Communication Technologies (ICT) Task Force, will be held on Monday, 3 November 2003, at 10 a.m. in the Economic and Social Council Chamber. </s>
	  <s n="254"> Background material on the World Summit can be obtained at the following Web site: www.itu.int/wsis/. </s>
	  <s n="255"> For further information, please contact Ms. Maria Lehtinen, ICT Task Force secretariat (e-mail lehtinen@un.org). </s>
	</p>
	<p n="225">
	  <s n="256"> Panel discussion on microcredit </s>
	</p>
	<p n="226">
	  <s n="257"> There will be a panel discussion on microcredit, co-organized by the Office of the High Representative for the Least Developed Countries, Landlocked Developing Countries and Small Island Developing States and the Microcredit Summit Campaign, on the occasion of the release of the State of the Microcredit Summit Campaign Report, on Monday, 3 November 2003, from 1 to 2.15 p.m. in the Dag Hammarskjöld Library Auditorium. </s>
	  <s n="258"> Members of the permanent missions, Secretariat staff, representatives of intergovernmental and non-governmental organizations and the media are invited to attend. </s>
	  <s n="259"> For further information, please contact Ms. Carol Sakubita (tel. </s>
	</p>
	<p n="227">
	  <s n="260"> UNITAR French-language workshop on the structure, drafting and adoption of United Nations resolutions </s>
	</p>
	<p n="228">
	  <s n="261"> The United Nations Institute for Training and Research (UNITAR) is organizing a French-language workshop on the structure, drafting and adoption of United Nations resolutions for members of permanent missions in New York. </s>
	  <s n="262"> The workshop will be held on Monday, 3 November 2003, from 10 a.m. to 1 p.m. and from 3 to 6 p.m.; on Tuesday, 4 November, from 3 to 6 p.m.; and on Wednesday, 5 November, from 3 to 6 p.m. </s>
	</p>
	<p n="229">
	  <s n="263"> A letter on this subject, including an information note and a nomination form, was addressed to all the permanent missions. </s>
	  <s n="264"> The registration deadline is Wednesday, 29 October. </s>
	  <s n="265"> For further information, please contact Ms. Maud Graham (room DC1-603; tel. </s>
	</p>
	<p n="230">
	  <s n="266"> Announcements </s>
	</p>
	<p n="231">
	  <s n="267"> Security Council Daily informal briefings </s>
	</p>
	<p n="232">
	  <s n="268"> As from Friday, 3 October 2003, and for the rest of the month, the Presidency of the Security Council will conduct informal briefings daily on the current work of the Council for Member States of the United Nations, which are non-members of the Council, except on days on which no informal consultations are scheduled. </s>
	  <s n="269"> The briefings will take place immediately following the adjournment of the informal consultations in the NAM Caucus Room. </s>
	</p>
	<p n="233">
	  <s n="270"> Recorded information </s>
	</p>
	<p n="234">
	  <s n="271"> Recorded information about previously unscheduled meetings and consultations of the whole of the Security Council may be obtained by calling 1 (212) 963-8530. </s>
	</p>
	<p n="235">
	  <s n="272"> Summary of meetings </s>
	</p>
	<p n="236">
	  <s n="273"> Monday, 20 October 2003 </s>
	</p>
	<p n="237">
	  <s n="274"> General Assembly </s>
	</p>
	<p n="238">
	  <s n="275"> Fifty-eighth session </s>
	</p>
	<p n="239">
	  <s n="276"> 37th plenary meeting Organization of work, adoption of the agenda and allocation of items: letter from the Chairman of the Committee on Conferences addressed to the President of the General Assembly (A/58/356/Add.1) [8 and 125] </s>
	</p>
	<p n="240">
	  <s n="277"> The General Assembly decided to authorize the subsidiary organ of the Assembly listed in the letter of the Chairman of the Committee on Conferences (A/58/356/Add.1), namely, the Working Group on the Future Operation of the International Research and Training Institute for the Advancement of Women, to meet during the main part of the fifty-eight session of the General Assembly. </s>
	</p>
	<p n="241">
	  <s n="278"> Report of the Economic and Social Council (A/58/3 (Part I)) </s>
	</p>
	<p n="242">
	  <s n="279"> The President of the Economic and Social Council, H.E. Mr. Gert Rosenthal, made a statement in the course of which he introduced the report of the Economic and Social Council (A/58/3 (Part I)). </s>
	</p>
	<p n="243">
	  <s n="280"> Statements were made by the representatives of Morocco (on behalf of the Group 77 and China), Italy (on behalf of the European Union and of Cyprus, the Czech Republic, Estonia, Hungary, Latvia, Lithuania, Malta, Poland, Slovakia and Slovenia), Pakistan and Croatia. </s>
	</p>
	<p n="244">
	  <s n="281"> Strengthening of the coordination of humanitarian and disaster relief assistance of the United Nations, including special economic assistance: report of the Secretary General (A/58/344) </s>
	</p>
	<p n="245">
	  <s n="282"> (a) Strengthening of the coordination of emergency humanitarian assistance of the United Nations: reports of the Secretary-General (A/58/89, A/58/434) </s>
	</p>
	<p n="246">
	  <s n="283"> (b) Special economic assistance to individual countries or regions: reports of the Secretary-General (A/58/133, A/58/224, A/58/225, A/58/273, A/58/280, A/58/285/, A/58/286, A/58/358) </s>
	</p>
	<p n="247">
	  <s n="284"> (c) Strengthening of international cooperation and coordination of efforts to study, mitigate and minimize the consequences of the Chernobyl disaster: report of the Secretary-General (A58/332) </s>
	</p>
	<p n="248">
	  <s n="285"> (d) Participation of volunteers, “White Helmets, in the activities of the United Nations in the Field of humanitarian relief, rehabilitation and technical cooperation for development: report of the Secretary-General (A/58/320) </s>
	</p>
	<p n="249">
	  <s n="286"> (e) Assistance to the Palestinian people: report of the Secretary-General (A/58/88 and A/58/88/Corr.1) </s>
	</p>
	<p n="250">
	  <s n="287"> Statements were made by the representatives of Morocco (on behalf of the Group of 77 and China), Italy (on behalf of the European Union and of Bulgaria, Cyprus, the Czech Republic, Estonia, Hungary, Island, Latvia, Lithuania, Malta, Poland, Romania, Slovakia, Slovenia and Turkey), Norway, Egypt, China, Switzerland, the Russian Federation, Ukraine, Australia and India. </s>
	</p>
	<p n="251">
	  <s n="288"> The observer of Palestine made a statement. </s>
	</p>
	<p n="252">
	  <s n="289"> Tenth emergency special session </s>
	</p>
	<p n="253">
	  <s n="290"> 21st plenary meeting The summary of the 21st plenary meeting of the tenth emergency special session of the General Assembly will appear in the next issue of the Journal (No. </s>
	</p>
	<p n="254">
	  <s n="291"> Main Committees </s>
	</p>
	<p n="255">
	  <s n="292"> First Committee </s>
	</p>
	<p n="256">
	  <s n="293"> 11th meeting The Committee began its second phase of work, namely, the thematic discussion on item subjects as well as the introduction and consideration of all draft resolutions submitted under agenda items 62 to 80. </s>
	</p>
	<p n="257">
	  <s n="294"> Statements were made by the representatives of Argentina, Japan, Canada (who introduced draft resolution A/C.1/58/L.49), the Netherlands, the United States, the United Kingdom, Germany, Brazil (who introduced draft resolutions A/C.1/58/L.38, A/C.1/58/L.39 and A/C.1/58/L.40), Australia (who introduced draft resolution A/C.1/58/L.52), New Zealand, Mexico (who introduced draft decision A/C.1/58/L.2 and draft resolutions A/C.1/58/L.6 and A/C.1/58/L.19), Japan (who introduced draft resolution A/C.1/58/L.53), Uzbekistan (who introduced draft resolution A/C.1/58/L.14), Norway, Pakistan (who introduced draft resolution A/C.1/58/L.8), Nigeria (who spoke on behalf of the African Group) and Indonesia. </s>
	</p>
	<p n="258">
	  <s n="295"> Right of reply </s>
	</p>
	<p n="259">
	  <s n="296"> In the exercise of the right of reply, the representative of the Democratic People&apos;s Republic of Korea made a statement. </s>
	</p>
	<p n="260">
	  <s n="297"> A statement was made by the Secretary of the Committee. </s>
	</p>
	<p n="261">
	  <s n="298"> The Chairman of the Committee made a statement. </s>
	</p>
	<p n="262">
	  <s n="299"> It was announced that the following countries had joined the sponsors of the following draft resolutions: A/C.1/58/L.1: Paraguay, Panama, Peru, Solomon Islands, Costa Rica, Papua New Guinea, Fiji, Ukraine, Canada; A/C.1/58/L.10: Germany; A/C.1/58/L.21: Democratic People&apos;s Republic of Korea; A/C.1/58/L.32: Ukraine; A/C.1/58/L.34: Fiji; A/C.1/58/L.35: Fiji; A/C.1/58/L.38: Mongolia; A/C.1/58/L.43: Fiji, Papua New Guinea; A/C.1/58/L.45: Armenia, Papua New Guinea; A/C.1/58/L.49: Estonia, Venezuela; A/C.1/58/L.50: Mongolia, Ukraine, Fiji; A/C.1/58/L.51: Germany; A/C.1/58/L.52: Ukraine; and A/C.1/58/L.53: Papua New Guinea, Fiji, Ukraine. </s>
	</p>
	<p n="263">
	  <s n="300"> Special Political and Decolonization Committee (Fourth Committee) </s>
	</p>
	<p n="264">
	  <s n="301"> 11th meeting Comprehensive review of the whole question of peace-keeping operations in all their aspects </s>
	</p>
	<p n="265">
	  <s n="302"> The Committee concluded its general debate and heard statements by the representatives of Croatia, Kenya, Ecuador, Yemen, Zimbabwe, Nigeria, Singapore, Uganda, China, Mongolia, Switzerland, Indonesia, the Lao People&apos;s Democratic Republic, Bulgaria, Egypt and Angola. </s>
	</p>
	<p n="266">
	  <s n="303"> The Under-Secretary-General for Peacekeeping Operations made a concluding statement. </s>
	</p>
	<p n="267">
	  <s n="304"> Statements in the exercise of the right of reply were made by the representatives of Ethiopia and Eritrea. </s>
	</p>
	<p n="268">
	  <s n="305"> International cooperation in the peaceful uses of outer space </s>
	</p>
	<p n="269">
	  <s n="306"> The Chairman made statement. </s>
	</p>
	<p n="270">
	  <s n="307"> The representative of Chile, in his capacity of Chairman of the Committee on the Peaceful Uses of Outer Space (COPUOS), introduced the report of that Committee, contained in documents A/58/20. </s>
	</p>
	<p n="271">
	  <s n="308"> Statements were also made by the representatives of Lebanon, Chile (Chairman of the Committee on the Peaceful Uses of Outer Space), Nigeria and Austria. </s>
	</p>
	<p n="272">
	  <s n="309"> The Committee decided to extend the closure of the list of speakers in the general debate on the item to the following day, Tuesday, 21 October, at 1 p.m. </s>
	</p>
	<p n="273">
	  <s n="310"> Second Committee </s>
	</p>
	<p n="274">
	  <s n="311"> 15th meeting Implementation of Agenda 21, the Programme for the Further Implementation of Agenda 21 and the outcomes of the World Summit on Sustainable Development </s>
	</p>
	<p n="275">
	  <s n="312"> United Nations Decade of Education for Sustainable Development </s>
	</p>
	<p n="276">
	  <s n="313"> Environment and sustainable development </s>
	</p>
	<p n="277">
	  <s n="314"> (d) Further implementation of the Programme of Action for the Sustainable Development of Small Island Developing States </s>
	</p>
	<p n="278">
	  <s n="315"> The Committee began its consideration of the agenda items. </s>
	</p>
	<p n="279">
	  <s n="316"> Introductory statements were made by the Under-Secretary-General for Economic and Social Affairs and the Director to the UNESCO Liaison Office to the United Nations. </s>
	</p>
	<p n="280">
	  <s n="317"> The Under-Secretary-General and High Representative for the Least Developed Countries, Landlocked Developing Countries and Small Island Developing States made a statement. </s>
	</p>
	<p n="281">
	  <s n="318"> The Executive Secretary of the United Nations Convention to Combat Desertification made a statement. </s>
	</p>
	<p n="282">
	  <s n="319"> Statements were made by the representatives of Morocco (on behalf of the Group of 77 and China), New Zealand (on behalf of the Pacific Islands Forum), the Russian Federation, Peru (on behalf of the Rio Group), China, Pakistan, Mauritius (on behalf of the Alliance of Small Island States (AOSIS)), Venezuela, Yemen, Cuba, Kenya and Belize (on behalf of the Caribbean Community (CARICOM)). </s>
	</p>
	<p n="283">
	  <s n="320"> Deadline for submission of draft proposals </s>
	</p>
	<p n="284">
	  <s n="321"> The deadline for agenda items 95, 96 and 94 (d) was extended to Monday, 27 October, at 6 p.m. </s>
	</p>
	<p n="285">
	  <s n="322"> 16th meeting The Committee continued its consideration of the agenda items 95, 96 and 94 (d). </s>
	</p>
	<p n="286">
	  <s n="323"> Statements were made by the representatives of India, the Islamic Republic of Iran, Swaziland (on behalf of the African Group), Mauritania, Mongolia, Japan, Nigeria, Switzerland, Indonesia (on behalf of the Association of Southeast Asian Nations (ASEAN)), Thailand, South Africa (on behalf of Southern African Development Community (SADC)), Jamaica, Tajikistan, Uruguay (on behalf of MERCOSUR), Barbados, Myanmar, the United States, Suriname and the Bahamas. </s>
	</p>
	<p n="287">
	  <s n="324"> The observer for the Holy See made a statement. </s>
	</p>
	<p n="288">
	  <s n="325"> The representatives of the United Nations Industrial Development Organization (UNIDO), International Fund for Agricultural Development (IFAD) and the Food and Agriculture Organization of the United Nations (FAO) made a statement. </s>
	</p>
	<p n="289">
	  <s n="326"> The observers for the Inter-Parliamentary Union and the International Union for the Conservation of Nature and Natural Resources (IUCN) made statements. </s>
	</p>
	<p n="290">
	  <s n="327"> Implementation of the First United Nations Decade for the Eradication of Poverty (1997-2006) </s>
	</p>
	<p n="291">
	  <s n="328"> Introduction of draft resolution A/C.2/58/L.4 </s>
	</p>
	<p n="292">
	  <s n="329"> The representative of Morocco introduced and orally revised the draft resolution, on behalf of the Group of 77 and China. </s>
	</p>
	<p n="293">
	  <s n="330"> Third Committee </s>
	</p>
	<p n="294">
	  <s n="331"> 17th meeting Promotion and protection of the rights of children </s>
	</p>
	<p n="295">
	  <s n="332"> The Committee continued its general discussion of the item and heard statements by the representatives of Ukraine, Japan, the Sudan, Cuba, Qatar, Egypt, Uruguay (on behalf of the MERCOSUR, as well as Bolivia and Chile), Venezuela, the Russian Federation, Myanmar, Algeria, Ecuador, the Libyan Arab Jamahiriya, Burkina Faso and Singapore. </s>
	</p>
	<p n="296">
	  <s n="333"> The observer for the Holy See made a statement. </s>
	</p>
	<p n="297">
	  <s n="334"> The observer of the International Federation of Red Cross and Red Crescent Societies also made a statement. </s>
	</p>
	<p n="298">
	  <s n="335"> The representative of the ILO made a statement. </s>
	</p>
	<p n="299">
	  <s n="336"> 18th meeting The summary of the 18th meeting of the Third Committee will appear in the next issue of the Journal (No 2003/203). </s>
	</p>
	<p n="300">
	  <s n="337"> Sixth Committee </s>
	</p>
	<p n="301">
	  <s n="338"> 9th-10th meetings Measures to eliminate international terrorism </s>
	</p>
	<p n="302">
	  <s n="339"> The Committee continued its consideration of agenda item 156. </s>
	</p>
	<p n="303">
	  <s n="340"> Statements were made by the representatives of Gabon, Ghana, Thailand, Israel, Nigeria, Mexico, the Syrian Arab Republic, Trinidad and Tobago, Canada, Colombia, Cameroon, Azerbaijan (on behalf of the GUUAM), Nepal, Indonesia and Senegal. </s>
	</p>
	<p n="304">
	  <s n="341"> The representatives of Israel and the Syrian Arab Republic spoke in the exercise of the right of reply. </s>
	</p>
	<p n="305">
	  <s n="342"> The Committee thus concluded its debate on agenda item 156. </s>
	</p>
	<p n="306">
	  <s n="343"> Administration of justice at the United Nations </s>
	</p>
	<p n="307">
	  <s n="344"> The Committee began its consideration of agenda item 128. </s>
	</p>
	<p n="308">
	  <s n="345"> The representative of the Syrian Arab Republic made a statement. </s>
	</p>
	<p n="309">
	  <s n="346"> International Criminal Court </s>
	</p>
	<p n="310">
	  <s n="347"> The Committee began its consideration of agenda item 154. </s>
	</p>
	<p n="311">
	  <s n="348"> The President of the Assembly of States Parties to the Rome Statute made a statement. </s>
	</p>
	<p n="312">
	  <s n="349"> Statements were made by the representatives of Norway, Italy (on behalf of the European Union and the acceding countries - Cyprus, Estonia, Hungary, Latvia, Lithuania, Malta, Poland, Slovakia and Slovenia, and the associated countries Bulgaria and Romania, and the EFTA country, member of the European Economic Area, Iceland), China, Liechtenstein, the United Republic of Tanzania, Cuba, the Republic of Korea, Uganda, Trinidad and Tobago (on behalf of CARICOM), the Democratic Republic of the Congo, Peru (on behalf of Rio Group), Switzerland, Canada, Brazil, Gabon, Argentina, Australia, San Marino, Japan, Sierra Leone, New Zealand, Jordan, Ukraine, Senegal, Lesotho, Nigeria and the Netherlands, as well as by the observer of the International Committee of the Red Cross. </s>
	</p>
	<p n="313">
	  <s n="350"> The Committee thus concluded its debate on agenda item 154. </s>
	</p>
	<p n="314">
	  <s n="351"> International convention against the reproductive cloning of human beings </s>
	</p>
	<p n="315">
	  <s n="352"> The Committee began its consideration of agenda item 158. </s>
	</p>
	<p n="316">
	  <s n="353"> The representative of Costa Rica made a statement and introduced draft resolution A/C.6/58/L.2. </s>
	</p>
	<p n="317">
	  <s n="354"> It was announced that Albania, Angola, Burundi, Chile, the Democratic Republic of the Congo, Ecuador, Equatorial Guinea, Rwanda, Saint Lucia, Turkmenistan and Tuvalu had joined as sponsors of the draft resolution. </s>
	</p>
	<p n="318">
	  <s n="355"> The representative of Belgium made a statement and introduced draft resolution A/C.6/58/L.8. </s>
	</p>
	<p n="319">
	  <s n="356"> It was announced that Cuba, Estonia, Greece, Latvia, Lithuania, the Republic of Korea, Singapore, Slovenia and Turkey had joined as sponsors of the draft resolution. </s>
	</p>
	<p n="320">
	  <s n="357"> Statements were made by the representatives of Panama, Kenya and Saint Vincent and the Grenadines. </s>
	</p>
	<p n="321">
	  <s n="358"> International Covenant on Civil and Political Rights </s>
	</p>
	<p n="322">
	  <s n="359"> Human Rights Committee </s>
	</p>
	<p n="323">
	  <s n="360"> Seventy-ninth session </s>
	</p>
	<p n="324">
	  <s n="361"> United Nations Office at Geneva </s>
	</p>
	<p n="325">
	  <s n="362"> Monday, 20 October 2003 </s>
	</p>
	<p n="326">
	  <s n="363"> 2137th meeting Opening of the session by the representative of the Secretary-General </s>
	</p>
	<p n="327">
	  <s n="364"> The seventy-ninth session of the Committee was opened by the representative of the Secretary-General. </s>
	</p>
	<p n="328">
	  <s n="365"> Adoption of agenda </s>
	</p>
	<p n="329">
	  <s n="366"> The Committee adopted its programme of work and its provisional agenda, as contained in document CCPR/C/151. </s>
	</p>
	<p n="330">
	  <s n="367"> Organizational and other matters </s>
	</p>
	<p n="331">
	  <s n="368"> (a) Report of the Chairperson/Rapporteur of the pre-sessional Working Group </s>
	</p>
	<p n="332">
	  <s n="369"> The Special Rapporteur introduced the report of the Working Group on Communications. </s>
	</p>
	<p n="333">
	  <s n="370"> 2138th meeting Submission of reports by States parties under article 40 of the Covenant </s>
	</p>
	<p n="334">
	  <s n="371"> The Committee began its consideration of the second periodic report of the Philippines (CCPR/C/PHL/2002/2). </s>
	</p>
	<p n="335">
	  <s n="372"> Signatures, Ratifications, etc. </s>
	</p>
	<p n="336">
	  <s n="373"> [Multilateral Treaties Deposited with the Secretary-General] </s>
	</p>
	<p n="337">
	  <s n="374"> Optional Protocol to the Convention on the Rights of the Child on the involvement of children in armed conflict. </s>
	  <s n="375"> New York, 25 May 2000 </s>
	</p>
	<p n="338">
	  <s n="376"> Accession: Syrian Arab Republic (17 October 2003)1 </s>
	</p>
	<p n="339">
	  <s n="377"> Agreement concerning the Adoption of Uniform Technical Prescriptions for Wheeled Vehicles, Equipment and Parts which can be fitted and/or be used on Wheeled Vehicles and the Conditions for Reciprocal Recognition of Approvals Granted on the Basis of These Prescriptions. </s>
	  <s n="378"> Geneva, 20 March 1958 </s>
	</p>
	<p n="340">
	  <s n="379"> Notification of disagreement under article 1 (2) of the Agreement: Japan (17 October 2003)1 </s>
	</p>
	<p n="341">
	  <s n="380"> 1 Date of receipt of the relevant documents. </s>
	</p>
	<p n="342">
	  <s n="381"> Other announcements </s>
	</p>
	<p n="343">
	  <s n="382"> Women&apos;s International Forum </s>
	</p>
	<p n="344">
	  <s n="383"> There will be a meeting of the Women&apos;s International Forum today, 21 October 2003, from 11 a.m. to 12 noon in the Dag Hammarskjöld Library Auditorium. </s>
	  <s n="384"> H.E. Mr. Julian Robert Hunte, President of the fifty-eighth session of the General Assembly, will be the speaker. </s>
	</p>
	<p n="345">
	  <s n="385"> DPI/NGO briefing </s>
	</p>
	<p n="346">
	  <s n="386"> This week, the topic of the DPI/NGO briefing will be “The Future of Disarmament and Arms Control: Civil Society&apos;s Role”. </s>
	  <s n="387"> The briefing will be held on Thursday, 23 October 2003, from 10.30 to 11.30 a.m. in the Dag Hammarskjöld Library Auditorium. </s>
	  <s n="388"> Members of permanent missions, Secretariat staff and the media are invited to attend. </s>
	  <s n="389"> For further information, please contact Ms. Tala Dowlatshahi, NGO Section, Department of Public Information (tel. </s>
	</p>
	<p n="347">
	  <s n="390"> Web sites President of the General Assembly: www.un.org/ga/president </s>
	</p>
	<p n="348">
	  <s n="391"> General Assembly: www.un.org/ga </s>
	</p>
	<p n="349">
	  <s n="392"> Presidency of the Security Council: www.un.org/Docs/sc/presidency www.un.org/french/docs/sc/presidency/ </s>
	</p>
	<p n="350">
	  <s n="393"> Security Council: www.un.org/sc </s>
	</p>
	<p n="351">
	  <s n="394"> Security Council Committee established pursuant to resolution 1373 (2001) concerning counter-terrorism: </s>
	</p>
	<p n="352">
	  <s n="395"> www.un.org/arabic/documents/SCCommittees/1373 www.un.org/chinese/aboutun/prinorgs/sc/committees/1373/1373.htm www.un.org/docs/sc/committees/1373 www.un.org/french/docs/sc/committees/1373 www.un.org/russian/documen/scdocs/committees/1373 www.un.org/spanish/docs/comites/1373/index.html </s>
	</p>
	<p n="353">
	  <s n="396"> Economic and Social Council: www.un.org/esa/coordination/ecosoc </s>
	</p>
	<p n="354">
	  <s n="397"> Italian presidency of the European Union: www.italyun.org http://europa-eu-un.org </s>
	</p>
	<p n="355">
	  <s n="398"> Journal of the United Nations: www.un.org/Docs/journal/Ar/latesta.pdf www.un.org/Docs/journal/Ch/latestc.pdf www.un.org/Docs/journal/En/lateste.pdf www.un.org/Docs/journal/Fr/latestf.pdf www.un.org/Docs/journal/Ru/latestr.pdf www.un.org/Docs/journal/Sp/latests.pdf </s>
	</p>
	<p n="356">
	  <s n="399"> Daily list of documents issued at Headquarters </s>
	</p>
	<p n="357">
	  <s n="400"> With the exception of sales publications and public information material, hyperlinked official documents listed hereunder may be accessed through the Official Document System of the United Nations in the electronic version of the present Journal. </s>
	  <s n="401"> The list contains documents issued by 2 p.m. on 20 October 2003. </s>
	</p>
	<p n="358">
	  <s n="402"> Symbol Main title </s>
	</p>
	<p n="359">
	  <s n="403"> General Assembly Official Records </s>
	</p>
	<p n="360">
	  <s n="404"> Fifty-eighth session </s>
	</p>
	<p n="361">
	  <s n="405"> A/58/4 Report of the International Court of Justice -- 1 August 2002-31 July 2003 -- Supplement No. 4 [A C E F R S] </s>
	</p>
	<p n="362">
	  <s n="406"> A/58/PV.2 Meeting held on 19 September 2003, 10.30 a.m. [F] </s>
	</p>
	<p n="363">
	  <s n="407"> A/58/PV.9 Meeting held on 24 September 2003, 10 a.m. [C] </s>
	</p>
	<p n="364">
	  <s n="408"> A/58/PV.10 Meeting held on 24 September 2003, 3 p.m. [A] </s>
	</p>
	<p n="365">
	  <s n="409"> A/58/PV.13 Meeting held on 26 September 2003, 10 a.m. [C] </s>
	</p>
	<p n="366">
	  <s n="410"> General Assembly Documents </s>
	</p>
	<p n="367">
	  <s n="411"> Fifty-seventh session </s>
	</p>
	<p n="368">
	  <s n="412"> S/2003/619 Items 10, 21, 22 (o), 28, 30, 31, 32, 33, 34, 35, 36, 37, 40, 43, 44, 47, 49, 50, 54, 61, 62, 63, 66, 69, 73, 76, 77, 78, 79, 84, 86, 87, 89, 91, 93, 94, 96, 97, 98, 102, 103, 104, 105, 107, 108, 109, 152, 158, 159 and 160 -- Letter dated 3 June 2003 from the Permanent Representative of the Islamic Republic of Iran to the United Nations addressed to the Secretary-General [A C E F R S] </s>
	</p>
	<p n="369">
	  <s n="413"> Fifty-eighth session </s>
	</p>
	<p n="370">
	  <s n="414"> A/58/15 (Part IV) Report of the Trade and Development Board on its thirty-second executive session [A C E F R S] </s>
	</p>
	<p n="371">
	  <s n="415"> A/58/136/Corr.1 Item 51 -- 2001-2010: Decade to Roll Back Malaria in Developing Countries, particularly in Africa — progress on implementation of General Assembly resolution 57/294 -- Note by the Secretary-General [A C E F R S] </s>
	</p>
	<p n="372">
	  <s n="416"> A/58/353 Item 114 of the provisional agenda -- Report of the United Nations High Commissioner for Refugees, questions relating to refugees, returnees and displaced persons and humanitarian questions -- Assistance to refugees, returnees and displaced persons in Africa -- Report of the Secretary-General [A C E F R S] </s>
	</p>
	<p n="373">
	  <s n="417"> A/58/363 Item 62 of the provisional agenda -- Multilingualism -- Report of the Secretary-General [A C E F R S] </s>
	</p>
	<p n="374">
	  <s n="418"> A/58/440* Reissued for technical reasons [C F (only)] </s>
	</p>
	<p n="375">
	  <s n="419"> First Committee </s>
	</p>
	<p n="376">
	  <s n="420"> A/C.1/58/L.17 Item 73 (u) -- General and complete disarmament: consolidation of peace through practical disarmament measures -- Germany: draft decision [A C E F R S] </s>
	</p>
	<p n="377">
	  <s n="421"> A/C.1/58/L.20 Item 75 (c) -- Review of the implementation of the recommendations and decisions adopted by the General Assembly at its tenth special session: report of the Disarmament Commission -- 11-Power draft resolution [A C E F R S] </s>
	</p>
	<p n="378">
	  <s n="422"> A/C.1/58/L.21 Item 74 (e) -- Review and implementation of the Concluding Document of the Twelfth Special Session of the General Assembly: United Nations Regional Centre for Peace and Disarmament in Asia and the Pacific -- 23-Power draft resolution [A C E F R S] </s>
	</p>
	<p n="379">
	  <s n="423"> A/C.1/58/L.22 Item 70 -- Establishment of a nuclear-weapon-free zone in the region of the Middle East -- Egypt: draft resolution [A C E F R S] </s>
	</p>
	<p n="380">
	  <s n="424"> A/C.1/58/L.23 Item 76 -- The risk of nuclear proliferation in the Middle East -- Egypt: draft resolution [A C E F R S] </s>
	</p>
	<p n="381">
	  <s n="425"> A/C.1/58/L.24 Item 64 -- Implementation of the Declaration of the Indian Ocean as a Zone of Peace -- Malaysia: draft resolution [A C E F R S] </s>
	</p>
	<p n="382">
	  <s n="426"> A/C.1/58/L.25 Item 73 (e) -- General and complete disarmament: convening of the fourth special session of the General Assembly devoted to disarmament -- Malaysia: draft resolution [A C E F R S] </s>
	</p>
	<p n="383">
	  <s n="427"> A/C.1/58/L.26 Item 73 (f) -- General and complete disarmament: promotion of multilateralism in the area of disarmament and non-proliferation -- Malaysia: draft resolution [A C E F R S] </s>
	</p>
	<p n="384">
	  <s n="428"> A/C.1/58/L.27 Item 73 (g) -- General and complete disarmament: observance of environmental norms in the drafting and implementation of agreements on disarmament and arms control -- Malaysia: draft resolution [A C E F R S] </s>
	</p>
	<p n="385">
	  <s n="429"> A/C.1/58/L.28 Item 74 (a) -- Review and implementation of the Concluding Document of the Twelfth Special Session of the General Assembly: United Nations regional centres for peace and disarmament -- Malaysia: draft resolution [A C E F R S] </s>
	</p>
	<p n="386">
	  <s n="430"> A/C.1/58/L.29 Item 73 (h) -- General and complete disarmament: relationship between disarmament and development -- Malaysia: draft decision [A C E F R S] </s>
	</p>
	<p n="387">
	  <s n="431"> A/C.1/58/L.30 Item 67 -- Review of the implementation of the Declaration on the Strengthening of International Security -- Malaysia: draft resolution [A C E F R S] </s>
	</p>
	<p n="388">
	  <s n="432"> A/C.1/58/L.31 Item 73 (y) -- General and complete disarmament: follow-up to the advisory opinion of the International Court of Justice on the Legality of the Threat or Use of Nuclear Weapons -- 47-Power draft resolution [A C E F R S] </s>
	</p>
	<p n="389">
	  <s n="433"> A/C.1/58/L.32 Item 62 (b) -- Reduction of military budgets: objective information on military matters, including transparency of military expenditures -- 69-Power draft resolution [A C E F R S] </s>
	</p>
	<p n="390">
	  <s n="434"> A/C.1/58/L.33 Item 69 -- Role of science and technology in the context of international security and disarmament -- 28-Power draft resolution [A C E F R S] </s>
	</p>
	<p n="391">
	  <s n="435"> A/C.1/58/L.34 Item 73 (x) -- General and complete disarmament: reducing nuclear danger -- 18-Power draft resolution [A C E F R S] </s>
	</p>
	<p n="392">
	  <s n="436"> A/C.1/58/L.35 Item 73 (w) -- General and complete disarmament: measures to prevent terrorists from acquiring weapons of mass destruction -- 10-Power draft resolution [A C E F R S] </s>
	</p>
	<p n="393">
	  <s n="437"> A/C.1/58/L.36 Item74 (f) -- Review and implementation of the Concluding Document of the Twelfth Special Session of the General Assembly: Convention on the Prohibition of the Use of Nuclear Weapons -- 30-Power draft resolution [A C E F R S] </s>
	</p>
	<p n="394">
	  <s n="438"> A/C.1/58/L.37 Item 80 -- Convention on the Prohibition of the Development, Production and Stockpiling of Bacteriological (Biological) and Toxin Weapons and on Their Destruction -- Hungary: draft resolution [A C E F R S] </s>
	</p>
	<p n="395">
	  <s n="439"> A/C.1/58/L.38 Item 73 (o) -- General and complete disarmament: nuclear-weapon-free southern hemisphere and adjacent areas -- Brazil: draft resolution [A C E F R S] </s>
	</p>
	<p n="396">
	  <s n="440"> A/C.1/58/L.39 Item 73 (c) -- General and complete disarmament: reduction of non-strategic nuclear weapons -- 7-Power draft resolution [A C E F R S] </s>
	</p>
	<p n="397">
	  <s n="441"> A/C.1/58/L.40 Item 73 (d) -- General and complete disarmament: towards a nuclear-weapon-free world: the need for a new agenda -- 7-Power draft resolution [A C E F R S] </s>
	</p>
	<p n="398">
	  <s n="442"> A/C.1/58/L.41 Item 73 (v) -- General and complete disarmament: implementation of the Convention on the Prohibition of the Development, Production, Stockpiling and Use of Chemical Weapons and on Their Destruction -- Poland: draft resolution [A C E F R S] </s>
	</p>
	<p n="399">
	  <s n="443"> A/C.1/58/L.42 Item 78 -- Strengthening of security and cooperation in the Mediterranean region -- Algeria: draft resolution [A C E F R S] </s>
	</p>
	<p n="400">
	  <s n="444"> A/C.1/58/L.43 Item 73 (p) -- General and complete disarmament: implementation of the Convention on the Prohibition of the Use, Stockpiling, Production and Transfer of Anti-personnel Mines and on Their Destruction -- 131-Power draft resolution [A C E F R S] </s>
	</p>
	<p n="401">
	  <s n="445"> A/C.1/58/L.44 Item 72 -- Prevention of an arms race in outer space -- 43-Power draft resolution [A C E F R S] </s>
	</p>
	<p n="402">
	  <s n="446"> A/C.1/58/L.45 Item73 (q) -- General and complete disarmament: transparency in armaments --96-Power draft resolution [A C E F R S] </s>
	</p>
	<p n="403">
	  <s n="447"> A/C.1/58/L.46 Item 73 -- General and complete disarmament -- 52-Power draft resolution -- Promotion at the regional level in the Organization for Security and Cooperation in Europe of the United Nations programme of action on the illicit trade in small arms and light weapons in all its aspects [A C E F R S] </s>
	</p>
	<p n="404">
	  <s n="448"> A/C.1/58/L.47 Item73 (t) -- General and complete disarmament: nuclear disarmament -- 51-Power draft resolution [A C E F R S] </s>
	</p>
	<p n="405">
	  <s n="449"> A/C.1/58/L.48 Item 63 -- Verification in all its aspects, including the role of the United Nations in the field of verification -- Canada: draft decision [A C E F R S] </s>
	</p>
	<p n="406">
	  <s n="450"> A/C.1/58/L.50 Item 77 -- Convention on Prohibitions or Restrictions on the Use of Certain Conventional Weapons Which May Be Deemed to Be Excessively Injurious or to Have Indiscriminate Effects -- 54-Power draft resolution [A C E F R S] </s>
	</p>
	<p n="407">
	  <s n="451"> A/C.1/58/L.51 Item 73 (l) -- General and complete disarmament: assistance to States for curbing the illicit traffic in small arms and collecting them -- 29-Power draft resolution [A C E F R S] </s>
	</p>
	<p n="408">
	  <s n="452"> A/C.1/58/L.52 Item 79 -- Comprehensive Nuclear-Test-Ban Treaty -- 71-Power draft resolution [A C E F R S] </s>
	</p>
	<p n="409">
	  <s n="453"> A/C.1/58/L.53 Item 73 -- General and complete disarmament -- 5-Power draft resolution -- A path to the total elimination of nuclear weapons [A C E F R S] </s>
	</p>
	<p n="410">
	  <s n="454"> Second Committee </s>
	</p>
	<p n="411">
	  <s n="455"> A/C.2/58/4 Item 94 (d) -- Environment and sustainable development: further implementation of the Programme of Action for the Sustainable Development of Small Island Developing States -- Preparations for an international meeting to review the implementation of the Programme of Action for the Sustainable Development of Small Island Developing States -- Note by the Secretariat [A C E F R S] </s>
	</p>
	<p n="412">
	  <s n="456"> A/C.2/58/5 Item 95 -- Implementation of Agenda 21, the Programme for the Further Implementation of Agenda 21 and the outcomes of the World Summit on Sustainable Development -- Future programme, organization and methods of work of the Commission on Sustainable Development -- Note by the Secretariat [A C E F R S] </s>
	</p>
	<p n="413">
	  <s n="457"> A/C.2/58/6 Item 95 -- Implementation of Agenda 21, the Programme for the Further Implementation of Agenda 21 and the outcomes of the World Summit on Sustainable Development -- Trust Fund for the United Nations Forum on Forests -- Note by the Secretariat [A C E F R S] </s>
	</p>
	<p n="414">
	  <s n="458"> A/C.2/58/L.4 Item 98 -- Implementation of the First United Nations Decade for the Eradication of Poverty (1997-2006) -- Morocco: draft resolution [A C E F R S] </s>
	</p>
	<p n="415">
	  <s n="459"> Third Committee </s>
	</p>
	<p n="416">
	  <s n="460"> A/C.3/58/L.15 Item 109 -- International drug control -- 12-Power draft resolution -- International cooperation against the world drug problem [A C E F R S] </s>
	</p>
	<p n="417">
	  <s n="461"> Fifth Committee </s>
	</p>
	<p n="418">
	  <s n="462"> A/C.5/58/L.3 Items 120 and 129 -- Programme budget for the biennium 2002-2003 -- Joint Inspection Unit -- Draft decision submitted by the Chairman following informal consultations -- Report of the Joint Inspection Unit on support costs related to extrabudgetary activities in organizations of the United Nations system [A C E F R S] </s>
	</p>
	<p n="419">
	  <s n="463"> A/C.5/58/L.4 Item 119 -- Review of the efficiency of the administrative and financial functioning of the United Nations -- Draft resolution submitted by the Chairman following informal consultations -- Outsourcing practices [A C E F R S] </s>
	</p>
	<p n="420">
	  <s n="464"> A/C.5/58/L.5 Item 119 -- Review of the efficiency of the administrative and financial functioning of the United Nations -- Draft resolution submitted by the Chairman following informal consultations -- Report of the Joint Inspection Unit on management audit review of outsourcing in the United Nations funds and programmes [A C E F R S] </s>
	</p>
	<p n="421">
	  <s n="465"> Sixth Committee </s>
	</p>
	<p n="422">
	  <s n="466"> A/C.6/58/L.7 Item 128 -- Administration of justice at the United Nations -- Draft resolution [A C E F R S] </s>
	</p>
	<p n="423">
	  <s n="467"> A/C.6/58/L.11 Item 151 -- Report of the United Nations Commission on International Trade Law on the work of its thirty-sixth session -- 48-Power draft resolution [A C E F R S] </s>
	</p>
	<p n="424">
	  <s n="468"> A/C.6/58/L.12 Item 151 -- Report of the United Nations Commission on International Trade Law on the work of its thirty-sixth session -- Draft resolution -- Model Legislative Provisions on Privately Financed Infrastructure Projects of the United Nations Commission on International Trade Law [A C E F R S] </s>
	</p>
	<p n="425">
	  <s n="469"> Tenth emergency special session </s>
	</p>
	<p n="426">
	  <s n="470"> A/ES-10/245 Letter dated 16 October 2003 from the Secretary-General to the President of the General Assembly [A C E F R S] </s>
	</p>
	<p n="427">
	  <s n="471"> Security Council Documents </s>
	</p>
	<p n="428">
	  <s n="472"> S/2003/40/Add.37 Summary statement by the Secretary-General on matters of which the Security Council is seized and on the stage reached in their consideration [A C E F R S] </s>
	</p>
	<p n="429">
	  <s n="473"> S/2003/619 Letter dated 3 June 2003 from the Permanent Representative of the Islamic Republic of Iran to the United Nations addressed to the Secretary-General [A C E F R S] </s>
	</p>
	<p n="430">
	  <s n="474"> S/2003/841 Letter dated 27 August 2003 from the Chairman of the Security Council Committee established pursuant to resolution 1373 (2001) concerning counter-terrorism addressed to the President of the Security Council [A C E F R S] </s>
	</p>
	<p n="431">
	  <s n="475"> S/2003/946 Letter dated 3 October 2003 from the Secretary-General addressed to the President of the Security Council [A C E F R S] </s>
	</p>
	<p n="432">
	  <s n="476"> S/2003/971 Letter dated 8 October 2003 from the Permanent Representative of Burundi to the United Nations addressed to the President of the Security Council [A C E F R S] </s>
	</p>
	<p n="433">
	  <s n="477"> S/2003/1016 Report of the Secretary-General on the situation concerning Western Sahara [A C E F R S] </s>
	</p>
	<p n="434">
	  <s n="478"> S/2003/1017 Letter dated 16 October 2003 from the Permanent Representative of the Democratic Republic of the Congo to the United Nations addressed to the President of the Security Council [A C E F R S] </s>
	</p>
	<p n="435">
	  <s n="479"> Communications to the Editor </s>
	</p>
	<p n="436">
	  <s n="480"> Material for inclusion in the Journal may be sent to room S-2370 (tel. </s>
	  <s n="481"> 1 (212) 963-6776 and 963-3888; fax 1 (212) 963-4790; e-mail journal@un.org). </s>
	</p>
	<p n="437">
	  <s n="482"> Office opens at 3 p.m. </s>
	</p>
	<p n="438">
	  <s n="483"> Published at Headquarters, New York, by the Department for General Assembly and Conference Management. </s>
	</p>
	</body>
</text>
</DOC>