<?xml version="1.0" encoding="UTF-8"?>
<DOC lang="English" n="N0455137" id="JOURNAL NO. 2004/206" date="2004/10/25">
<text>
	<body>
	<p n="1">
	  <s n="1"> Official meetings </s>
	</p>
	<p n="2">
	  <s n="2"> Monday, 25 October 2004 </s>
	</p>
	<p n="3">
	  <s n="3"> Security Council </s>
	</p>
	<p n="4">
	  <s n="4"> 10 a.m. Consultations of the whole (closed) Consultations Room </s>
	</p>
	<p n="5">
	  <s n="5"> Central African Republic </s>
	</p>
	<p n="6">
	  <s n="6"> Other matters </s>
	</p>
	<p n="7">
	  <s n="7"> 3 p.m. 5062nd meeting (closed) Economic and Social Council Chamber </s>
	</p>
	<p n="8">
	  <s n="8"> Adoption of the agenda </s>
	</p>
	<p n="9">
	  <s n="9"> Meeting of the Security Council with the troop-contributing countries to the United Nations Mission for the Referendum in Western Sahara pursuant to resolution 1353 (2001), annex II, sections A and B </s>
	</p>
	<p n="10">
	  <s n="10"> General Assembly </s>
	</p>
	<p n="11">
	  <s n="11"> Fifty-ninth session </s>
	</p>
	<p n="12">
	  <s n="12"> General Committee </s>
	</p>
	<p n="13">
	  <s n="13"> 10-11 a.m. Economic and Social Council Chamber </s>
	</p>
	<p n="14">
	  <s n="14"> Fourth informal meeting1 to hear Mr. Olara Otunnu, Under-Secretary-General and Special Representative of the Secretary-General for Children and Armed Conflict </s>
	</p>
	<p n="15">
	  <s n="15"> 1 Open to all delegations. </s>
	</p>
	<p n="16">
	  <s n="16"> Security Council </s>
	</p>
	<p n="17">
	  <s n="17"> The Security Council will hold an open debate on Thursday, 28 October 2004, in the Security Council Chamber, in connection with the agenda item “Women and peace and security”. </s>
	  <s n="18"> Member States wishing to inscribe their names on the list of speakers should contact the Secretariat (room S-3520; or tel. </s>
	  <s n="19"> 1 (212) 963-5263), as from Monday, 25 October 2004, from 9.30 a.m. to 6 p.m. </s>
	</p>
	<p n="18">
	  <s n="20"> General Assembly </s>
	</p>
	<p n="19">
	  <s n="21"> Fifty-ninth session </s>
	</p>
	<p n="20">
	  <s n="22"> General Committee </s>
	</p>
	<p n="21">
	  <s n="23"> The 5th meeting of the General Committee will be held on Wednesday, 27 October 2004, at 9.30 a.m. in the Economic and Social Council Chamber, to consider the requests for the inclusion of three additional items (A/59/234, A/59/235, A/59/236, A/59/236/Add.1 and A/59/237). </s>
	</p>
	<p n="22">
	  <s n="24"> Main Committees </s>
	</p>
	<p n="23">
	  <s n="25"> First Committee </s>
	</p>
	<p n="24">
	  <s n="26"> 3-6 p.m. 16th meeting Conference Room 2 </s>
	</p>
	<p n="25">
	  <s n="27"> Thematic discussion on item subjects as well as introduction and consideration of all draft resolutions submitted under agenda items (items 57 to 72): item 57 (A/59/192 and A/C.1/59/L.8); item 58 (A/C.1/59/L.55/Rev.1); item 59 (A/C.1/59/L.33); item 60 (A/59/116, A/59/116/Add.1 and A/C.1/59/L.2/Rev.1); item 61 (A/C.1/59/L.32); item 62 (A/59/165 (Part I), A/59/165 (Part I)/Corr.1 and A/C.1/59/L.8); item 63 (A/C.1/59/L.44); item 64 (A/C.1/59/L.36); item 65 (A/59/117, A/59/117/Add.1, A/59/118, A/59/119, A/59/127, A/59/127/Add.1, A/59/127/Corr.1, A/59/128, A/59/128/Add.1, A/59/129, A/59/132, A/59/132/Add.1, A/59/132/Add.2, A/59/132/Add.2/Corr.1, A/59/132/Add.3, A/59/132/Add.4, A/59/132/Add.5, A/59/136, A/59/137, A/59/137/Add.1, A/59/156, A/59/156/Add.1, A/59/178, A/59/178/Add.1, A/59/179, A/59/181, A/59/193, A/59/278, A/59/278/Corr.1, A/59/364, A/C.1/59/L.1, A/C.1/59/L.5, A/C.1/59/L.6/Rev.1, A/C.1/59/L.7, A/C.1/59/L.10, A/C.1/59/L.11, A/C.1/59/L.12*, A/C.1/59/L.13, A/C.1/59/L.14, A/C.1/59/L.15, A/C.1/59/L.16, A/C.1/59/L.19, A/C.1/59/L.21/Rev.1, A/C.1/59/L.23, A/C.1/59/L.26/Rev.1, A/C.1/59/L.28, A/C.1/59/L.30, A/C.1/59/L.31, A/C.1/59/L.34, A/C.1/59/L.38*, A/C.1/59/L.39, A/C.1/59/L.40/Rev.1, A/C.1/59/L.41, A/C.1/59/L.43, A/C.1/59/L.45/Rev.1, A/C.1/59/L.46, A/C.1/59/L.47, A/C.1/59/L.48, A/C.1/59/L.49, A/C.1/59/L.50, A/C.1/59/L.52, A/C.1/59/L.53 and A/C.1/59/L.56); item 66 (A/59/157, A/59/169, A/59/171, A/59/177, A/59/182, A/59/209, A/59/364, A/C.1/59/L.3, A/C.1/59/L.4/Rev.1, A/C.1/59/L.9, A/C.1/59/L.18, A/C.1/59/L.20, A/C.1/59/L.24, A/C.1/59/L.29 and A/C.1/59/L.51); item 67 (A/59/27 (Suppl. </s>
	  <s n="28"> 27), A/59/42 (Suppl. </s>
	  <s n="29"> 42), A/59/168, A/59/361, A/C.1/59/L.27/Rev.1 and A/C.1/59/L.42*); item 68 (A/59/165 (Part II) and A/C.1/59/L.37); item 69 (A/C.1/59/L.54); item 70 (A/59/130, A/59/130/Add.1 and A/C.1/59/L.35); item 71 (A/C.1/59/L.25); and item 72 (A/C.1/59/L.17) </s>
	</p>
	<p n="26">
	  <s n="30"> Other documents (A/C.1/59/1, A/C.1/59/2, A/C.1/59/3*, A/C.1/59/4 and A/C.1/59/INF.1) </s>
	</p>
	<p n="27">
	  <s n="31"> [Delegations wishing to inscribe themselves on the list of speakers for the thematic debate and the introduction of draft resolutions are kindly requested to contact Ms. Cherub Nicholls (tel. </s>
	  <s n="32"> If not, requests for all interventions will be taken directly from the floor on the given day. </s>
	  <s n="33"> ] </s>
	</p>
	<p n="28">
	  <s n="34"> Special Political and Decolonization Committee (Fourth Committee) </s>
	</p>
	<p n="29">
	  <s n="35"> 10 a.m.-1 p.m. 15th meeting Conference Room 2 </s>
	</p>
	<p n="30">
	  <s n="36"> Comprehensive review of the whole question of peacekeeping operations in all their aspects </s>
	</p>
	<p n="31">
	  <s n="37"> Programme planning </s>
	</p>
	<p n="32">
	  <s n="38"> Programme 23 of the proposed strategic framework for the period 2006-2007 </s>
	</p>
	<p n="33">
	  <s n="39"> Third Committee </s>
	</p>
	<p n="34">
	  <s n="40"> 10 a.m.-1 p.m. 23rd meeting Conference Room 1 </s>
	</p>
	<p n="35">
	  <s n="41"> Human rights questions (A/59/225, A/59/371 and A/59/4251) </s>
	</p>
	<p n="36">
	  <s n="42"> (a) Human rights questions: implementation of human rights instruments (A/59/40 (Vol. I and II)1, A/59/441, A/59/96, A/59/48, A/59/254, A/59/306, A/59/308, A/59/309, A/59/310, A/59/324 and A/59/353) </s>
	</p>
	<p n="37">
	  <s n="43"> Introductory statements, question time and dialogue with officials </s>
	</p>
	<p n="38">
	  <s n="44"> General discussion </s>
	</p>
	<p n="39">
	  <s n="45"> 3-6 p.m. 24th meeting Conference Room 1 </s>
	</p>
	<p n="40">
	  <s n="46"> Human rights questions (A/59/225, A/59/371 and A/59/4251) </s>
	</p>
	<p n="41">
	  <s n="47"> (a) Human rights questions: implementation of human rights instruments (A/59/40 (Vol. I and II)1, A/59/441, A/59/96, A/59/48, A/59/254, A/59/306, A/59/308, A/59/309, A/59/310, A/59/324 and A/59/353) </s>
	</p>
	<p n="42">
	  <s n="48"> Continuation of general discussion </s>
	</p>
	<p n="43">
	  <s n="49"> (d) Human rights questions: comprehensive implementation of and follow-up to the Vienna Declaration and Programme of Action </s>
	</p>
	<p n="44">
	  <s n="50"> General discussion </s>
	</p>
	<p n="45">
	  <s n="51"> 1 To be issued. </s>
	</p>
	<p n="46">
	  <s n="52"> Fifth Committee </s>
	</p>
	<p n="47">
	  <s n="53"> 10 a.m.-1 p.m. Informal consultations (closed) Conference Room 5 </s>
	</p>
	<p n="48">
	  <s n="54"> Informal consultations on agenda item 115 (Joint Inspection Unit (A/59/34, A/59/75, A/59/349, A/58/343, A/58/343/Add.1, A/58/343/Add.2, A/C.5/59/CRP.1 and A/C.5/59/CRP.2)) </s>
	</p>
	<p n="49">
	  <s n="55"> 3-6 p.m. Informal consultations (closed) Conference Room 5 </s>
	</p>
	<p n="50">
	  <s n="56"> Informal consultations on agenda item 112 (Pattern of conferences (A/59/32, A/59/159, A/59/159/Add.1, A/59/172, A/59/418, A/59/133, A/59/133/Corr.1, A/58/435, A/58/435/Add.1 and A/58/620)) </s>
	</p>
	<p n="51">
	  <s n="57"> Sixth Committee </s>
	</p>
	<p n="52">
	  <s n="58"> 10 a.m.-1 p.m. 13th meeting Trusteeship Council Chamber </s>
	</p>
	<p n="53">
	  <s n="59"> Scope of legal protection under the Convention on the Safety of United Nations and Associated Personnel (A/59/52, A/59/226 and A/C.6/59/L.9) </s>
	</p>
	<p n="54">
	  <s n="60"> Observer status for the Organization of Eastern Caribbean States in the General Assembly (A/59/233 and A/C.6/59/L.7) </s>
	</p>
	<p n="55">
	  <s n="61"> Convention on jurisdictional immunities of States and their property (A/59/22) </s>
	</p>
	<p n="56">
	  <s n="62"> General Assembly </s>
	</p>
	<p n="57">
	  <s n="63"> Advisory Committee on Administrative and Budgetary Questions </s>
	</p>
	<p n="58">
	  <s n="64"> 10.30 a.m.−1 p.m. Closed meeting Conference Room 10 </s>
	</p>
	<p n="59">
	  <s n="65"> 3−6 p.m. Closed meeting Conference Room 10 </s>
	</p>
	<p n="60">
	  <s n="66"> Revised estimates resulting from resolutions and decisions adopted by the Economic and Social Council at its substantive and first resumed substantive sessions of 2004 </s>
	</p>
	<p n="61">
	  <s n="67"> General Assembly </s>
	</p>
	<p n="62">
	  <s n="68"> Fifty-ninth session </s>
	</p>
	<p n="63">
	  <s n="69"> Informal consultations on agenda item 49 (b) (Oceans and the law of the sea) </s>
	</p>
	<p n="64">
	  <s n="70"> Open-ended informal consultations on the draft resolution on agenda item 49 (b) (Sustainable fisheries, including through the 1995 Agreement for the Implementation of the Provisions of the United Nations Convention on the Law of the Sea of 10 December 1982 relating to the Conservation and Management of Straddling Fish Stocks and Highly Migratory Fish Stocks, and related instruments) will be held on Monday, 25 October 2004, from 1.15 to 2.45 p.m. and from 3 to 6 p.m. in Conference Room 8. </s>
	</p>
	<p n="65">
	  <s n="71"> Second Committee </s>
	</p>
	<p n="66">
	  <s n="72"> Informal “informals” </s>
	</p>
	<p n="67">
	  <s n="73"> Informal “informals”, convened by the Facilitator, Mr. Gustavo Ainchil (Argentina), on the draft resolution on agenda item 85 (d) (Protection of global climate for present and future generations of mankind), will be held on Monday, 25 October 2004, from 11.30 a.m to 1 p.m. in Conference Room C. </s>
	</p>
	<p n="68">
	  <s n="74"> Informal “informals”, convened by the Facilitator, Mr. José Briz Gutiérrez (Guatemala) on the draft resolution on agenda item 83 (c) (External debt crisis and development), will be held on Monday, 25 October 2004, from 11 a.m. to 1 p.m. in Conference Room S-2963D. </s>
	</p>
	<p n="69">
	  <s n="75"> Informal “informals”, convened by the Facilitator, Mr. Stefano Toscano (Switzerland), on the draft resolutions on agenda item 85 (c) (International Strategy for Disaster Reduction) and on international cooperation to reduce the impact of the El Niño phenomenon, will be held on Monday, 25 October 2004, from 3 to 4.30 p.m. in Conference Room C. </s>
	</p>
	<p n="70">
	  <s n="76"> Informal “informals”, convened by the Facilitator, Mr. Félix Mbayu (Cameroon), on the draft resolution on agenda item 84 (Follow up to and implementation of the outcome of the International Conference on Financing for Development), will be held on Monday, 25 October 2004, from 3 to 6 p.m. in Conference Room 6. </s>
	</p>
	<p n="71">
	  <s n="77"> Informal “informals”, convened by the Facilitator, Mr. Juraj Koudelka (Czech Republic), on the draft resolution on agenda item 85 (c) on Natural disasters and vulnerability, will be held on Monday, 25 October 2004, from 4.30 to 6 p.m. in Conference Room C. </s>
	</p>
	<p n="72">
	  <s n="78"> Other meetings </s>
	</p>
	<p n="73">
	  <s n="79"> The information below is reproduced as received and does not imply any opinion or endorsement by the Secretariat of the United Nations. </s>
	</p>
	<p n="74">
	  <s n="80"> Monday, 25 October 2004 </s>
	</p>
	<p n="75">
	  <s n="81"> 2004 United Nations Programme of Fellowships on Disarmament </s>
	</p>
	<p n="76">
	  <s n="82"> 9 a.m.-1 p.m. Closed meeting Conference Room E </s>
	</p>
	<p n="77">
	  <s n="83"> 2-6 p.m. Closed meeting Conference Room E </s>
	</p>
	<p n="78">
	  <s n="84"> Group of 77 (draft resolution on the social dimension of globalization) </s>
	</p>
	<p n="79">
	  <s n="85"> 10 a.m.-1 p.m. Closed meeting Conference Room 7 </s>
	</p>
	<p n="80">
	  <s n="86"> Group of 77 (core group on groups of countries in special situations: specific actions related to the particular needs and problems of landlocked developing countries: outcome of the International Ministerial Conference of Landlocked and Transit Developing Countries and Donor Countries and International Financial and Development Institutions on Transit Transport Cooperation) </s>
	</p>
	<p n="81">
	  <s n="87"> 10 a.m.-1 p.m. Closed meeting Conference Room 9 </s>
	</p>
	<p n="82">
	  <s n="88"> Group of 77 (coordinating meeting on sustainable development) </s>
	</p>
	<p n="83">
	  <s n="89"> 1.15-2.45 p.m. Closed meeting Conference Room 7 </s>
	</p>
	<p n="84">
	  <s n="90"> Group of 77 (Fifth Committee matters) </s>
	</p>
	<p n="85">
	  <s n="91"> 1.15-2.45 p.m. Closed meeting Conference Room 5 </s>
	</p>
	<p n="86">
	  <s n="92"> Group of 77 (external debt crisis and development) </s>
	</p>
	<p n="87">
	  <s n="93"> 3-5 p.m. Closed meeting Conference Room 9 </s>
	</p>
	<p n="88">
	  <s n="94"> Informal consultations on the outcome of the ten-year review of the World Summit for Social Development and the twenty-fourth special session of the General Assembly (Third Committee) (organized by the Permanent Mission of South Africa) </s>
	</p>
	<p n="89">
	  <s n="95"> 10.15 a.m.-12.45 p.m. Closed meeting Conference Room D </s>
	</p>
	<p n="90">
	  <s n="96"> Informal consultations on a Third Committee draft resolution on the protection of the rights of all migrant workers and members of their families (organized by the Permanent Mission of Mexico) </s>
	</p>
	<p n="91">
	  <s n="97"> 1-3 p.m. Closed meeting Conference Room D </s>
	</p>
	<p n="92">
	  <s n="98"> Informal consultations on a Third Committee draft resolution on extrajudicial, summary or arbitrary executions (organized by the Permanent Mission of Finland) </s>
	</p>
	<p n="93">
	  <s n="99"> 3-6 p.m. Closed meeting Conference Room 3 </s>
	</p>
	<p n="94">
	  <s n="100"> Open-ended informal consultations on a Third Committee draft resolution on the “Rights of the child” (organized by the Permanent Missions of Argentina and Brazil) </s>
	</p>
	<p n="95">
	  <s n="101"> 3-5 p.m. Closed meeting Conference Room 7 </s>
	</p>
	<p n="96">
	  <s n="102"> Western European and Other States Group </s>
	</p>
	<p n="97">
	  <s n="103"> 11 a.m.-1 p.m. Closed meeting Conference Room 8 </s>
	</p>
	<p n="98">
	  <s n="104"> Informal consultations on a draft resolution on the report entitled “A Fair Globalization, Creating Opportunities for All” of the World Commission on the Social Dimension of Globalization (under agenda item 55) (organized by the Permanent Missions of Finland and the United Republic of Tanzania) </s>
	</p>
	<p n="99">
	  <s n="105"> 11.30 a.m.-2 p.m. Closed meeting Economic and Social Council Chamber </s>
	</p>
	<p n="100">
	  <s n="106"> Informal consultations on the draft resolution under agenda item 56 (j) (Cooperation between the United Nations and the Inter-Parliamentary Union) (organized by the Permanent Mission of Chile) </s>
	</p>
	<p n="101">
	  <s n="107"> 1-2 p.m. Closed meeting Conference Room 4 </s>
	</p>
	<p n="102">
	  <s n="108"> OIC Group (Sixth Committee) </s>
	</p>
	<p n="103">
	  <s n="109"> 1.15-2.45 p.m. Closed meeting Conference Room 6 </s>
	</p>
	<p n="104">
	  <s n="110"> Meeting of the Community of Democracies (organized by the Permanent Mission of Chile) (at the ambassadorial level) </s>
	</p>
	<p n="105">
	  <s n="111"> 3-5 p.m. Closed meeting Conference Room 4 </s>
	</p>
	<p n="106">
	  <s n="112"> United Nations Administrative Tribunal </s>
	</p>
	<p n="107">
	  <s n="113"> The United Nations Administrative Tribunal will hold closed meetings on Monday, 25 October 2004, from 10 a.m. to 1 p.m. and from 3 to 6 p.m. in room DC2-0461. </s>
	</p>
	<p n="108">
	  <s n="114"> Informal consultations on the Fourth Committee draft resolution entitled “Assistance in mine action” (organized by the Permanent Mission of the Netherlands, in its capacity of the presidency of the European Union) </s>
	</p>
	<p n="109">
	  <s n="115"> There will be informal consultations on the Fourth Committee draft resolution entitled “Assistance in mine action” (under agenda item 22), organized by the Permanent Mission of the Netherlands, in its capacity of the presidency of the European Union, on Monday, 25 October 2004, from 1 to 2.45 p.m. in Conference Room 3. </s>
	  <s n="116"> For an electronic copy of the text or any further questions, please contact Mr. Dirk-Jan Nieuwenhuis (e-mail dj.nieuwenhuis@minbuza.nl). </s>
	</p>
	<p n="110">
	  <s n="117"> Press conferences </s>
	</p>
	<p n="111">
	  <s n="118"> The schedule below is tentative; up-to-date information can be obtained at www.un.org/News/ossg/conf.htm. </s>
	</p>
	<p n="112">
	  <s n="119"> Monday, 25 October 2004 </s>
	</p>
	<p n="113">
	  <s n="120"> Room S-226 </s>
	</p>
	<p n="114">
	  <s n="121"> 12 noon Press briefing by the Spokesman </s>
	</p>
	<p n="115">
	  <s n="122"> Forthcoming official meetings </s>
	</p>
	<p n="116">
	  <s n="123"> Tuesday, 26 October 2004 </s>
	</p>
	<p n="117">
	  <s n="124"> General Assembly </s>
	</p>
	<p n="118">
	  <s n="125"> Fifty-ninth session </s>
	</p>
	<p n="119">
	  <s n="126"> 3 p.m. 41st plenary meeting General Assembly Hall </s>
	</p>
	<p n="120">
	  <s n="127"> Report of the Economic and Social Council (A/59/3) ; the role of the United Nations in promoting a new global human order : joint debate </s>
	</p>
	<p n="121">
	  <s n="128"> Culture of peace: report of the Secretary-General (A/59/223) ; sport for peace and development: International Year of Sport and Physical Education : joint debate </s>
	</p>
	<p n="122">
	  <s n="129"> Sport for peace and development: International Year of Sport and Physical Education </s>
	</p>
	<p n="123">
	  <s n="130"> (i) Report of the Secretary-General (A/59/268 and A/59/268/Add.11) </s>
	</p>
	<p n="124">
	  <s n="131"> (ii) Draft resolution (A/59/L.9) </s>
	</p>
	<p n="125">
	  <s n="132"> Follow-up to the outcome of the special session on children: report of the Secretary-General (A/59/274) </s>
	</p>
	<p n="126">
	  <s n="133"> 1 To be issued. </s>
	</p>
	<p n="127">
	  <s n="134"> Main Committees </s>
	</p>
	<p n="128">
	  <s n="135"> Second Committee Informal “informals” </s>
	</p>
	<p n="129">
	  <s n="136"> Informal “informals”, convened by the Facilitator, Mr. Xolisa Mabhongo (South Africa), on the draft resolution on agenda item 85 (f) (Convention on Biological Diversity), will be held on Tuesday, 26 October 2004, from 10 to 11.30 a.m. in Conference Room C. </s>
	</p>
	<p n="130">
	  <s n="137"> Informal “informals”, convened by the Facilitator, Ms. Irenea Zubčević (Croatia), on the draft resolution on agenda item 85 (a) (Implementation of Agenda 21, the Programme for the Further Implementation of Agenda 21 and the outcomes of the World Summit on Sustainable Development), will be held on Tuesday, 26 October 2004, from 11.30 a.m. to 1 p.m. in Conference Room C. </s>
	</p>
	<p n="131">
	  <s n="138"> Informal “informals”, convened by the Facilitator, Mr. Kumar Gupta (Canada), on the draft resolution on agenda item 86 (Implementation of the outcome of the United Nations Conference on Human Settlements (Habitat II) and of the twenty-fifth special session of the General Assembly), will be held on Tuesday, 26 October 2004, from 2 to 3 p.m. in Conference Room C. </s>
	</p>
	<p n="132">
	  <s n="139"> Informal “informals”, convened by the Facilitator, Mr. Paul Lolo (Nigeria), on the draft resolution on agenda item 85 (e) (Implementation of the United Nations Convention to Combat Desertification in Those Countries Experiencing Serious Drought and/or Desertification, Particularly in Africa), will be held on Tuesday, 26 October 2004, from 3 to 4.30 p.m. in Conference Room C. </s>
	</p>
	<p n="133">
	  <s n="140"> Informal “informals”, convened by the Facilitator, Mr. Mark Ramsden (New Zealand), on the draft resolution on agenda item 85 (b) (Further implementation of the Programme of Action for the Sustainable Development of Small Island Developing States), will be held on Tuesday, 26 October 2004, from 4.30 to 6 p.m. in Conference Room C. </s>
	</p>
	<p n="134">
	  <s n="141"> Keynote address </s>
	</p>
	<p n="135">
	  <s n="142"> A keynote address on the theme “Trade and development” will be delivered by Mr. Thomas Friedman, Foreign Affairs Columnist of The New York Times, on Wednesday, 27 October 2004, from 10 a.m. to 12 noon in Conference Room 4. </s>
	  <s n="143"> The event, organized by the Office for Economic and Social Council Support and Coordination, Department of Economic and Social Affairs, will be presided over by Mr. Marco Balarezo (Peru), Chairman of the Second Committee. </s>
	  <s n="144"> Members of permanent missions, Secretariat staff, representatives of intergovernmental and non-governmental organizations and the media are invited to attend. </s>
	</p>
	<p n="136">
	  <s n="145"> Keynote address </s>
	</p>
	<p n="137">
	  <s n="146"> A keynote address on the theme “Forging coherence to achieve the Millennium Development Goals in the context of globalization” will be delivered by Mr. Amartya Sen, Lamont University Professor at Harvard University and 1998 Nobel Laureate in Economics, on Friday, 29 October 2004, from 10 a.m. to 12 noon in Conference Room 4. </s>
	  <s n="147"> The address will be followed by remarks by Mr. Martin Wolf, Associate Editor and Chief Financial Commentator of The Financial Times. </s>
	  <s n="148"> The event, organized by the Office for Economic and Social Council Support and Coordination, Department of Economic and Social Affairs, will be presided over by Mr. Marco Balarezo (Peru), Chairman of the Second Committee. </s>
	  <s n="149"> Members of Permanent Missions, Secretariat staff, representatives of non-governmental organizations and the media are invited to attend. </s>
	</p>
	<p n="138">
	  <s n="150"> List of speakers </s>
	</p>
	<p n="139">
	  <s n="151"> The list of speakers for all items allocated to the Second Committee is open. </s>
	  <s n="152"> Delegations wishing to be inscribed are requested to contact the secretariat of the Committee (Ms. Maria Theresa Olvida (tel. </s>
	  <s n="153"> 1 (212) 963-8429; fax 1 (212) 963-5935; e-mail olvida@un.org)). </s>
	  <s n="154"> Delegations are reminded that the names of representatives, alternate representatives and advisers should be submitted to Mr. Nikhil Seth, Secretary of the Second Committee (room S-2950C; fax 1 (212) 963-5935). </s>
	</p>
	<p n="140">
	  <s n="155"> Third Committee Listed below is the schedule for introductory statements by Special Rapporteurs, Special Representatives, Independent Experts and Chairpersons of working groups of the special procedures of the Commission on Human Rights, who will be addressing the Third Committee. </s>
	  <s n="156"> The schedule will be adjusted as required. </s>
	</p>
	<p n="141">
	  <s n="157"> Wednesday 27 October (agenda item 105) </s>
	</p>
	<p n="142">
	  <s n="158"> 10 a.m. Mr. Theo C. van Boven (Special Rapporteur on torture and other cruel, inhuman or degrading treatment or punishment); Mr. Philip Alston (Special Rapporteur on extrajudicial, summary or arbitrary executions); and Ms. Asma Jahangir (Special Rapporteur on freedom of religion or belief) </s>
	</p>
	<p n="143">
	  <s n="159"> 3 p.m. Mr. Jean Ziegler (Special Rapporteur on the right to food); Ms. Gabriela Rodríguez Pizarro (Special Rapporteur on the human rights of migrants); and Mr. Robert Goldman (Independent Expert on the protection of human rights and fundamental freedoms while countering terrorism) </s>
	</p>
	<p n="144">
	  <s n="160"> Thursday 28 October (agenda item 105) </s>
	</p>
	<p n="145">
	  <s n="161"> 10 a.m. Mr. John Dugard (Special Rapporteur on the situation of human rights in the Palestinian territories occupied since 1967); Mr. Cherif Bassiouni (Independent Expert on the situation of human rights in Afghanistan); and Mr. Paolo Sérgio Pinheiro (Special Rapporteur on the situation of human rights in Myanmar) </s>
	</p>
	<p n="146">
	  <s n="162"> 3 p.m. Mr. Vitit Muntarbhorn (Special Rapporteur on the situation of human rights in the Democratic People&apos;s Republic of Korea); Mr. Titinga Frédéric Pacéré (Independent Expert on the situation of human rights in the Democratic Republic of the Congo); and Mr. Emmanuel Akwei Addo (Independent Expert on the situation of human rights in the Sudan) </s>
	</p>
	<p n="147">
	  <s n="163"> Friday, 29 October (agenda item 105) </s>
	</p>
	<p n="148">
	  <s n="164"> 10 a.m. Mr. Akich Okola (Independent Expert on the situation of human rights in Burundi); Mr. Paul Hunt (Special Rapporteur on the right of everyone to the enjoyment of the highest attainable standard of physical and mental health); and Ms. Yakin Erturk (Special Rapporteur on violence against women, including its causes and consequences) </s>
	</p>
	<p n="149">
	  <s n="165"> 3 p.m. Mr. Ibrahim Salama (Chairperson-Rapporteur, Working Group on the right to development, Commission on Human Rights; and Ms. Sigma Huda (Special Rapporteur on trafficking in persons, particularly women and children) </s>
	</p>
	<p n="150">
	  <s n="166"> Wednesday 3 November </s>
	</p>
	<p n="151">
	  <s n="167"> 9.30 a.m. Mr. Doudou Diène (Special Rapporteur on contemporary forms of racism, racial discrimination, xenophobia and related intolerance) (agenda item 103); and Ms. Shaista Shameem (Special Rapporteur on the question of the use of mercenaries as a means of violating human rights and impeding the exercise of the right of peoples to self-determination) (agenda item 104). </s>
	</p>
	<p n="152">
	  <s n="168"> List of speakers </s>
	</p>
	<p n="153">
	  <s n="169"> The list of speakers for the general discussion on all items allocated to the Third Committee is open (A/C.3/59/L.1/Rev.1). </s>
	  <s n="170"> Delegations wishing to be inscribed are kindly requested to contact the Third Committee secretariat (Ms. Vivian Bonano (tel. </s>
	  <s n="171"> 1 (212) 963-5973; fax 1 (212) 963-5935)). </s>
	  <s n="172"> Delegations are also requested to submit the names of representatives, alternate representatives and advisers to the Secretary of the Third Committee, Mr. Moncef Khane (room S-2950; fax 1 (212) 963-5935). </s>
	</p>
	<p n="154">
	  <s n="173"> Fifth Committee The Fifth Committee will hold its 13th meeting on Tuesday, 26 October 2004, at 10 a.m. in Conference Room 3. </s>
	  <s n="174"> Informal consultations (closed) will be held following the adjournment of the 13th meeting and at 3 p.m. in Conference Room 5. </s>
	</p>
	<p n="155">
	  <s n="175"> Sixth Committee </s>
	</p>
	<p n="156">
	  <s n="176"> List of speakers </s>
	</p>
	<p n="157">
	  <s n="177"> The list of speakers for all remaining items allocated to the Sixth Committee is open (A/C.6/59/L.1). </s>
	  <s n="178"> Delegations wishing to be inscribed are kindly requested to contact the secretariat of the Sixth Committee (Ms. Nena Villena-Tanedo (tel. </s>
	  <s n="179"> 1 (212) 963-5375; fax 1 (212) 963-1963; e-mail villena-tanedo@un.org)). </s>
	</p>
	<p n="158">
	  <s n="180"> 2004 United Nations Pledging Conference for Development Activities and 2004 United Nations/Food and Agriculture Organization of the United Nations Pledging Conference for the World Food Programme </s>
	</p>
	<p n="159">
	  <s n="181"> The 2004 United Nations Pledging Conference for Development Activities and the 2004 United Nations/Food and Agriculture Organization of the United Nations Pledging Conference for the World Food Programme, will be held on Thursday, 11 November 2004, from 9.30 a.m. to 12.30 p.m. and from 2.30 to 5.30 p.m. in Conference Room 2. </s>
	</p>
	<p n="160">
	  <s n="182"> It would be appreciated if delegations could submit the names of their representatives to the Pledging Conferences, in writing, to Ms. Sangeeta Sharma (fax 1 (212) 963-5935). </s>
	</p>
	<p n="161">
	  <s n="183"> The list of speakers will be open from Wednesday, 3 November 2004. </s>
	  <s n="184"> Delegations wishing to be inscribed are requested to contact the secretariat of the Conference (Ms. Terri Olvida (fax 1 (212) 963-5935; or e-mail olvida@un.org). </s>
	</p>
	<p n="162">
	  <s n="185"> Other forthcoming meetings </s>
	</p>
	<p n="163">
	  <s n="186"> The information below is reproduced as received and does not imply any opinion or endorsement by the Secretariat of the United Nations. </s>
	</p>
	<p n="164">
	  <s n="187"> Mason Group (First Committee) </s>
	</p>
	<p n="165">
	  <s n="188"> There will be a meeting of the Mason Group (First Committee), on Tuesday, 26 October 2004, from 9 to 9.45 a.m. in Conference Room 6. </s>
	</p>
	<p n="166">
	  <s n="189"> Group of 77 (core group on globalization and interdependence: international migration and development) </s>
	</p>
	<p n="167">
	  <s n="190"> There will be a closed meeting of the Group of 77 (core group on globalization and interdependence: international migration and development), on Tuesday, 26 October 2004, from 10 a.m. to 1 p.m. in Conference Room B. </s>
	</p>
	<p n="168">
	  <s n="191"> Group of 77 (Millennium Development Goals) </s>
	</p>
	<p n="169">
	  <s n="192"> There will be a closed meeting of the Group of 77 (Millennium Development Goals), on Tuesday, 26 October 2004, from 1.15 to 2.45 p.m. in Conference Room B. </s>
	</p>
	<p n="170">
	  <s n="193"> Group of 77 (briefing by the United Nations University) </s>
	</p>
	<p n="171">
	  <s n="194"> There will be a closed meeting of the Group of 77 (briefing by the United Nations University), on Wednesday, 27 October 2004, from 3 to 6 p.m. in Conference Room B. </s>
	</p>
	<p n="172">
	  <s n="195"> Panel discussion on “Human rights treaty body reform” (organized by the Office of the High Commissioner for Human Rights, in cooperation with the Permanent Mission of Australia) </s>
	</p>
	<p n="173">
	  <s n="196"> There will be a panel discussion on “Human rights treaty body reform”, organized by the Office of the High Commissioner for Human Rights, in cooperation with the Permanent Mission of Australia, on Tuesday, 26 October 2004, from 1.15 to 2.45 p.m. in Conference Room 5. </s>
	  <s n="197"> Members of Permanent Missions, Secretariat staff and representatives of intergovernmental and non-governmental organizations are invited to attend. </s>
	</p>
	<p n="174">
	  <s n="198"> Eastern European Group (at the expert level) </s>
	</p>
	<p n="175">
	  <s n="199"> There will be a meeting of the Eastern European Group (at the expert level) on Tuesday, 26 October 2004, at 2 p.m. in Conference Room 9. </s>
	</p>
	<p n="176">
	  <s n="200"> Third United Nations Coordination Meeting on International Migration </s>
	</p>
	<p n="177">
	  <s n="201"> The third Coordination Meeting on International Migration, organized the Population Division, Department of Economic and Social Affairs, will take place on Wednesday and Thursday, 27 and 28 October 2004, from 10 a.m. to 1 p.m. and from 3 to 6 p.m. in Conference Room 6. </s>
	  <s n="202"> Members of Permanent Missions, Secretariat staff and representatives of the media are invited to attend. </s>
	  <s n="203"> For further information, please contact Mr. Joseph Chamie, Director, Population Division (tel. </s>
	</p>
	<p n="178">
	  <s n="204"> United Nations Development Programme </s>
	</p>
	<p n="179">
	  <s n="205"> The first meeting in the process of consultation with UNDP Member States on the Human Development Report 2005 will be held on Wednesday, 27 October 2004, from 10.30 a.m. to 12 noon in the Economic and Social Council Chamber. </s>
	  <s n="206"> Interested delegations are invited to attend. </s>
	</p>
	<p n="180">
	  <s n="207"> The second informal consultation on the third global cooperation framework (GCF-III) will be held on Friday, 29 October 2004, from 3 to 4.30 p.m. in Conference Room 8. </s>
	  <s n="208"> All interested Member States are invited to attend. </s>
	</p>
	<p n="181">
	  <s n="209"> An informal consultation on the implications of simplification and harmonization on execution modalities will be held on Tuesday, 2 November 2004, from 3 to 4.30 p.m. in Conference Room 8. </s>
	  <s n="210"> All interested Member States are invited to attend. </s>
	</p>
	<p n="182">
	  <s n="211"> Briefing by the Special Rapporteur on the right of everyone to the highest attainable standard of physical and mental health (organized by the Office of the High Commissioner for Human Rights, in cooperation with the NGO Committee for Human Rights) </s>
	</p>
	<p n="183">
	  <s n="212"> There will be a briefing by Prof. Paul Hunt, Special Rapporteur on the right of everyone to the highest attainable standard of physical and mental health, organized by the Office of the High Commissioner for Human Rights, in cooperation with the NGO Committee for Human Rights, on Thursday, 28 October 2004, from 1.30 to 2.45 p.m. in Conference Room 7. </s>
	  <s n="213"> Members of Permanent Missions, Secretariat staff and representatives of intergovernmental and non-governmental organizations are invited to attend. </s>
	</p>
	<p n="184">
	  <s n="214"> Open-ended informal consultations on a Third Committee draft resolution on the “Rights of the child” (organized by the Permanent Missions of Argentina and Brazil) </s>
	</p>
	<p n="185">
	  <s n="215"> The open-ended informal consultations on a Third Committee draft resolution on the “Rights of the child”, organized by the Permanent Missions of Argentina and Brazil, will continue on Friday, 29 October 2004, at 3 p.m. in the Trusteeship Council Chamber. </s>
	</p>
	<p n="186">
	  <s n="216"> Asian Group There will be a meeting of the Asian Group on Friday, 29 October 2004, from 10 a.m. to 1 p.m. in the Economic and Social Council Chamber. </s>
	</p>
	<p n="187">
	  <s n="217"> Informal consultations on a draft resolution entitled “Enhancing capacity-building in global public health” (under agenda item 55) (organized by the Permanent Mission of the People&apos;s Republic of China) </s>
	</p>
	<p n="188">
	  <s n="218"> There will be informal consultations on a draft resolution entitled “Enhancing capacity-building in global public health” (under agenda item 55), organized by the Permanent Mission of the People&apos;s Republic of China, on Friday, 29 October 2004, from 10 a.m. to 1 p.m. in Conference Room 7. </s>
	</p>
	<p n="189">
	  <s n="219"> UNITAR French-language workshop on the structure, drafting and adoption of United Nations resolutions </s>
	</p>
	<p n="190">
	  <s n="220"> The United Nations Institute for Training and Research (UNITAR) is organizing a French-language workshop on the structure, drafting and adoption of United Nations resolutions for members of Permanent Missions in New York. </s>
	  <s n="221"> The workshop will be held on Monday, 1 November 2004, from 10 a.m. to 1 p.m. and from 3 to 6 p.m.; on Tuesday, 2 November, from 3 to 6 p.m.; and on Wednesday, 3 November, from 3 to 6 p.m. </s>
	  <s n="222"> A letter on this subject, including an information note and a nomination form, was addressed to all the Permanent Missions. </s>
	  <s n="223"> The registration deadline is Thursday, 28 October 2004. </s>
	  <s n="224"> For further information, please contact Ms. Maud Graham (room DC1-603; tel. </s>
	</p>
	<p n="191">
	  <s n="225"> UNITAR/OLA seminar on the deposit of treaty actions with the Secretary-General and registration of treaties </s>
	</p>
	<p n="192">
	  <s n="226"> The United Nations Institute for Training and Research (UNITAR) and the Treaty Section of the Office of Legal Affairs (OLA) are jointly conducting a seminar on the deposit of treaty actions with the Secretary-General and registration of treaties. </s>
	  <s n="227"> The seminar will be held on Tuesday and Wednesday, 9 and 10 November 2004, from 10 a.m. to 1 p.m. and from 3 to 6 p.m. </s>
	  <s n="228"> The programme of the seminar will be sent to registered participants. </s>
	  <s n="229"> Delegates who wish to attend the seminar are requested to return the nomination form that has been faxed to their Permanent Mission by Thursday, 4 November. </s>
	  <s n="230"> For further information, please contact the UNITAR Office (room DC1-603; tel. </s>
	  <s n="231"> 1 (212) 963-9196 or 963-9683). </s>
	</p>
	<p n="193">
	  <s n="232"> UNITAR workshop series on policy awareness and training in information technology </s>
	</p>
	<p n="194">
	  <s n="233"> As part of the series on policy awareness and training in information technology, the third high-level seminar of this year on “Policy awareness and security issues in information technology”, organized by the United Nations Institute for Training and Research (UNITAR), will be held on Friday, 19 November 2004, from 9.30 a.m. to 1 p.m. in the Economic and Social Council Chamber. </s>
	  <s n="234"> The seminar is part of the third annual series, presented under the auspices of the Working Group on Informatics and implemented with the active participation and sponsorship of the ICT Task Force and Intel Corporation. </s>
	  <s n="235"> For further information please contact the UNITAR Office (room DC1-603; tel. </s>
	  <s n="236"> 1 (212) 963-3021 or 963-9196). </s>
	</p>
	<p n="195">
	  <s n="237"> UNITAR workshops on information technology </s>
	</p>
	<p n="196">
	  <s n="238"> The United Nations Institute for Training and Research (UNITAR), the ICT Task Force and Intel Corporation jointly organize the 2004 Series entitled “Policy awareness and training in information technology” under the auspices of the Working Group on Informatics. </s>
	  <s n="239"> The programme consists of a set of four progressive modules and one seminar presented as a cycle, which will be repeated four times throughout the year. </s>
	  <s n="240"> The first four modules of each cycle focus on: (a) Introduction to computers and Windows 2000; (b) E-mail and Internet search basics; (c) Introduction to Microsoft Word 2000; and (d) Web-page design basics and usability techniques. </s>
	  <s n="241"> The fifth module, conceived as an interactive seminar, covers policy and security issues in information technology. </s>
	  <s n="242"> Cycle IV of the 2004 Series, to be conducted in English, will be held until Friday, 19 November 2004. </s>
	  <s n="243"> For further information, please contact the UNITAR Office (room DC1-603; tel. </s>
	  <s n="244"> 1 (212) 963-3021 or 963-9196). </s>
	</p>
	<p n="197">
	  <s n="245"> Announcements </s>
	</p>
	<p n="198">
	  <s n="246"> Special panel discussion on “The role of the Ombudsman as facilitator of informal conflict resolution and as agent for change” (organized by the Office of the United Nations Ombudsman) </s>
	</p>
	<p n="199">
	  <s n="247"> There will be a special panel discussion on “The Role of the Ombudsman as Facilitator of Informal Conflict Resolution and as Agent for Change”, organized by the Office of the United Nations Ombudsman on Wednesday, 27 October 2004, from 2.15 to 4 p.m. in Conference Room 3. </s>
	  <s n="248"> Opening remarks will be delivered by Deputy Secretary-General, Ms. Louise Fréchette. </s>
	  <s n="249"> The panellists will include Ms. Mary Murphy, Ombudsman, International Monetary Fund (IMF); Prof. Mary Rowe, Ombudsman, Massachusetts Institute of Technology (MIT); and Dr. Thomas Zgambo, Ombudsman, Coca-Cola Enterprises, Inc. and President of The Ombudsman Association (TOA). </s>
	  <s n="250"> Members of Permanent Missions, Secretariat staff, and representatives of agencies and organizations of the United Nations System are invited to attend. </s>
	  <s n="251"> For further information on the Office of the United Nations Ombudsman, please visit the Ombudsman&apos;s Web site at www.un.org/ombudsman. </s>
	</p>
	<p n="200">
	  <s n="252"> Security Council Daily informal briefings </s>
	</p>
	<p n="201">
	  <s n="253"> As from Monday, 4 October 2004, and for the rest of the month, the Presidency of the Security Council will conduct informal briefings daily on the current work of the Council for Member States of the United Nations, which are non-members of the Council, except on days on which no informal consultations are scheduled. </s>
	  <s n="254"> The briefings will take place immediately following the adjournment of the informal consultations in the Press Briefing Room (S-226). </s>
	</p>
	<p n="202">
	  <s n="255"> Recorded information </s>
	</p>
	<p n="203">
	  <s n="256"> Recorded information about previously unscheduled meetings and consultations of the whole of the Security Council may be obtained by calling 1 (212) 963-8530. </s>
	</p>
	<p n="204">
	  <s n="257"> Preparations for the forty-ninth session of the Commission on the Status of Women </s>
	</p>
	<p n="205">
	  <s n="258"> In preparation for the forty-ninth session of the Commission on the Status of Women (28 February-11 March 2005), delegations are kindly invited to propose names of expert panellists to participate in two panel discussions on the following themes: (a) Addressing the linkages between the implementation of the Beijing Platform for Action and the outcome document of the twenty-third special session of the General Assembly and the internationally agreed development goals, including those contained in the Millennium Declaration: progress, gaps and challenges; and (b) Future perspectives on the promotion of gender equality: through the eyes of young women and men. </s>
	  <s n="259"> Delegations are kindly requested to submit names and curricula vitae to the Division for the Advancement of Women (e-mail taylors@un.org and/or proppe@un.org; fax 1 (212) 963-3463; room DC2-1268 or room DC2-1262), no later than 5 November 2004, indicating the panel for which the expert(s) is (are) being nominated. </s>
	</p>
	<p n="206">
	  <s n="260"> 2004 Nairobi Summit on a Mine-Free World </s>
	</p>
	<p n="207">
	  <s n="261"> Delegations are kindly informed that the list of speakers at the high-level segment on Thursday and Friday, 2 and 3 December 2004, at the First Review Conference of States Parties to the Convention on the Prohibition of the Use, Stockpiling, Production and Transfer of Anti-personnel Mines and on Their Destruction is now open. </s>
	  <s n="262"> Delegations wishing to inscribe on the list of speakers are kindly requested to contact the Executive Secretariat at the Geneva Branch of the Department for Disarmament Affairs (tel. </s>
	  <s n="263"> +41 (0) 22-917-5281 or 22-917-2281). </s>
	</p>
	<p n="208">
	  <s n="264"> Delegations are kindly asked to indicate the level of the representative as well as the preferred time-block for delivering their statement (i.e. 2 December, morning session, 2 December, afternoon session, or 3 December, morning session). </s>
	  <s n="265"> Delegations are reminded that the allotted time for statements is 6 minutes. </s>
	</p>
	<p n="209">
	  <s n="266"> Electronic notice boards for meetings </s>
	</p>
	<p n="210">
	  <s n="267"> Electronic notice boards for meetings were recently installed in the General Assembly Lobby and at the garden level adjacent to the Cafe Austria to display updated information on scheduled meetings taking place at Headquarters. </s>
	  <s n="268"> The Department for General Assembly and Conference Management would welcome feedback comments on the screens, which can be sent by logging on to http://emeets.un.org and using the feedback form, so that further adjustments can be made as necessary. </s>
	  <s n="269"> The Department would also welcome comments sent to the same e-mail address on the terminology used, the quality of language services and improvement of other services provided to Member States. </s>
	</p>
	<p n="211">
	  <s n="270"> International Meeting to Review the Implementation of the Barbados Programme of Action for the Sustainable Development of Small Island Developing States </s>
	</p>
	<p n="212">
	  <s n="271"> The High Representative for the Least Developed Countries, Landlocked Developing Countries and Small Island Developing States, in his capacity as the Secretary-General of the Mauritius International Meeting, announces that as per General Assembly resolution 58/213B (A/RES/58/213B), the International Meeting to Review the Implementation of the Barbados Programme of Action for the Sustainable Development of Small Island Developing States (Barbados+10) will take place from 10 to 14 January 2005 in Mauritius. </s>
	  <s n="272"> The high-level segment will be held on 13 and 14 January 2005. </s>
	  <s n="273"> If necessary, it was also decided that two days of informal consultations be held in Mauritius, on 8 and 9 January 2005, to facilitate preparations for the Meeting. </s>
	</p>
	<p n="213">
	  <s n="274"> Summary of meetings </s>
	</p>
	<p n="214">
	  <s n="275"> Thursday, 21 October 2004 </s>
	</p>
	<p n="215">
	  <s n="276"> General Assembly </s>
	</p>
	<p n="216">
	  <s n="277"> Fifty-ninth session </s>
	</p>
	<p n="217">
	  <s n="278"> 39th plenary meeting Cooperation between the United Nations and regional and other organizations [56 (a) to (t)]: joint debate </s>
	</p>
	<p n="218">
	  <s n="279"> (a) Cooperation between the United Nations and the African Union: report of the Secretary-General (A/59/303) </s>
	</p>
	<p n="219">
	  <s n="280"> (b) Cooperation between the United Nations and the Asian-African Legal Consultative Organization </s>
	</p>
	<p n="220">
	  <s n="281"> (i) Report of the Secretary-General (A/59/303) </s>
	</p>
	<p n="221">
	  <s n="282"> (ii) Draft resolution (A/59/L.1) </s>
	</p>
	<p n="222">
	  <s n="283"> (c) Cooperation between the United Nations and the Association of South-East Asian Nations </s>
	</p>
	<p n="223">
	  <s n="284"> (i) Report of the Secretary-General (A/59/303) </s>
	</p>
	<p n="224">
	  <s n="285"> (ii) Draft resolution (A/59/L.6) </s>
	</p>
	<p n="225">
	  <s n="286"> (d) Cooperation between the United Nations and the Black Sea Economic Cooperation Organization: report of the Secretary-General (A/59/303) </s>
	</p>
	<p n="226">
	  <s n="287"> (e) Cooperation between the United Nations and the Caribbean Community: report of the Secretary-General (A/59/303) </s>
	</p>
	<p n="227">
	  <s n="288"> (f) Cooperation between the United Nations and the Council of Europe: report of the Secretary-General (A/59/303) </s>
	</p>
	<p n="228">
	  <s n="289"> (g) Cooperation between the United Nations and the Economic Community of Central African States: report of the Secretary-General (A/59/303) </s>
	</p>
	<p n="229">
	  <s n="290"> (h) Cooperation between the United Nations and the Economic Cooperation Organization </s>
	</p>
	<p n="230">
	  <s n="291"> (i) Report of the Secretary-General (A/59/303) </s>
	</p>
	<p n="231">
	  <s n="292"> (ii) Draft resolution (A/59/L.3) </s>
	</p>
	<p n="232">
	  <s n="293"> (i) Cooperation between the United Nations and the International Organization of la Francophonie: report of the Secretary-General (A/59/303) </s>
	</p>
	<p n="233">
	  <s n="294"> (j) Cooperation between the United Nations and the Inter-Parliamentary Union </s>
	</p>
	<p n="234">
	  <s n="295"> (i) Report of the Secretary-General (A/59/303) </s>
	</p>
	<p n="235">
	  <s n="296"> (ii) Draft resolution (A/59/L.5) </s>
	</p>
	<p n="236">
	  <s n="297"> (k) Cooperation between the United Nations and the Latin American Economic System: report of the Secretary-General (A/59/303) </s>
	</p>
	<p n="237">
	  <s n="298"> (l) Cooperation between the United Nations and the League of Arab States: report of the Secretary-General (A/59/303) </s>
	</p>
	<p n="238">
	  <s n="299"> (m) Cooperation between the United Nations and the Organization for the Prohibition of Chemical Weapons </s>
	</p>
	<p n="239">
	  <s n="300"> (i) Note by the Secretary-General (A/59/297) </s>
	</p>
	<p n="240">
	  <s n="301"> (ii) Draft resolution (A/59/L.8) </s>
	</p>
	<p n="241">
	  <s n="302"> (n) Cooperation between the United Nations and the Organization for Security and Cooperation in Europe: report of the Secretary-General (A/59/303) </s>
	</p>
	<p n="242">
	  <s n="303"> (o) Cooperation between the United Nations and the Organization of American States: report of the Secretary-General (A/59/303) </s>
	</p>
	<p n="243">
	  <s n="304"> (p) Cooperation between the United Nations and the Organization of the Islamic Conference </s>
	</p>
	<p n="244">
	  <s n="305"> (i) Report of the Secretary-General (A/59/303) </s>
	</p>
	<p n="245">
	  <s n="306"> (ii) Draft resolution (A/59/L.12) </s>
	</p>
	<p n="246">
	  <s n="307"> (q) Cooperation between the United Nations and the Pacific Islands Forum </s>
	</p>
	<p n="247">
	  <s n="308"> (i) Report of the Secretary-General (A/59/303) </s>
	</p>
	<p n="248">
	  <s n="309"> (ii) Draft resolution (A/59/L.11) </s>
	</p>
	<p n="249">
	  <s n="310"> (r) Cooperation between the United Nations and the Preparatory Commission for the Comprehensive Nuclear-Test-Ban Treaty Organization </s>
	</p>
	<p n="250">
	  <s n="311"> (i) Note by the Secretary-General (A/59/296) </s>
	</p>
	<p n="251">
	  <s n="312"> (ii) Draft resolution (A/59/L.7) </s>
	</p>
	<p n="252">
	  <s n="313"> (s) Cooperation between the United Nations and the Southern African Development Community: report of the Secretary-General (A/59/303) </s>
	</p>
	<p n="253">
	  <s n="314"> (t) Cooperation between the United Nations and the community of Portuguese-speaking countries </s>
	</p>
	<p n="254">
	  <s n="315"> The General Assembly continued its consideration of agenda item 56 and its sub-items (a) to (t). </s>
	</p>
	<p n="255">
	  <s n="316"> Statements were made by H.E. </s>
	  <s n="317"> The Honourable Mose Tjitendero, Speaker of the National Assembly of the Republic of Namibia, as well as by the representatives of Switzerland, Norway, the United Kingdom, Mali, Andorra, Romania, Burkina Faso, Congo (on behalf of the Economic Community of Central African States), Egypt, Uganda, Pakistan, Italy, Austria, South Africa, Cyprus, Singapore, China, Chad, Serbia and Montenegro, Kenya, the Republic of Moldova and Azerbaijan. </s>
	</p>
	<p n="256">
	  <s n="318"> In accordance with General Assembly resolution 57/32 of 19 November 2002, the observer for the Inter-Parliamentary Union made a statement. </s>
	</p>
	<p n="257">
	  <s n="319"> Friday, 22 October 2004 </s>
	</p>
	<p n="258">
	  <s n="320"> Security Council </s>
	</p>
	<p n="259">
	  <s n="321"> 5060th meeting The situation in the Middle East, including the Palestinian question </s>
	</p>
	<p n="260">
	  <s n="322"> The agenda was adopted without objection. </s>
	</p>
	<p n="261">
	  <s n="323"> In accordance with the understanding reached in the Council&apos;s prior consultations, the President, with the consent of the Council, extended an invitation under rule 39 of the Council&apos;s provisional rules of procedure to Mr. Kieran Prendergast, Under-Secretary-General for Political Affairs. </s>
	</p>
	<p n="262">
	  <s n="324"> The Council heard a briefing by Mr. Prendergast. </s>
	</p>
	<p n="263">
	  <s n="325"> 5061st meeting The situation in Cyprus </s>
	</p>
	<p n="264">
	  <s n="326"> Report of the Secretary-General on the United Nations operation in Cyprus (S/2004/756) </s>
	</p>
	<p n="265">
	  <s n="327"> The agenda was adopted without objection. </s>
	</p>
	<p n="266">
	  <s n="328"> The President drew attention to the text of a draft resolution contained in document S/2004/829, submitted by the United Kingdom of Great Britain and Northern Ireland. </s>
	</p>
	<p n="267">
	  <s n="329"> The Council then proceeded to the vote on the draft resolution (S/2004/829) before it. </s>
	</p>
	<p n="268">
	  <s n="330"> Decision: The draft resolution (S/2004/829) received 15 votes in favour, none against and no abstentions, and was adopted unanimously as resolution 1568 (2004). </s>
	</p>
	<p n="269">
	  <s n="331"> Following the vote, statements were made by the representatives of the United States, Pakistan and the Russian Federation, as well as by the President, speaking in his capacity as the representative of the United Kingdom. </s>
	</p>
	<p n="270">
	  <s n="332"> General Assembly </s>
	</p>
	<p n="271">
	  <s n="333"> Fifty-ninth session </s>
	</p>
	<p n="272">
	  <s n="334"> 40th plenary meeting Cooperation between the United Nations and regional and other organizations [56 (a) to (t)]: joint debate </s>
	</p>
	<p n="273">
	  <s n="335"> (a) Cooperation between the United Nations and the African Union: report of the Secretary-General (A/59/303) </s>
	</p>
	<p n="274">
	  <s n="336"> (b) Cooperation between the United Nations and the Asian-African Legal Consultative Organization </s>
	</p>
	<p n="275">
	  <s n="337"> (i) Report of the Secretary-General (A/59/303) </s>
	</p>
	<p n="276">
	  <s n="338"> (ii) Draft resolution (A/59/L.1) </s>
	</p>
	<p n="277">
	  <s n="339"> (c) Cooperation between the United Nations and the Association of South-East Asian Nations </s>
	</p>
	<p n="278">
	  <s n="340"> (i) Report of the Secretary-General (A/59/303) </s>
	</p>
	<p n="279">
	  <s n="341"> (ii) Draft resolution (A/59/L.6) </s>
	</p>
	<p n="280">
	  <s n="342"> (d) Cooperation between the United Nations and the Black Sea Economic Cooperation Organization: report of the Secretary-General (A/59/303) </s>
	</p>
	<p n="281">
	  <s n="343"> (e) Cooperation between the United Nations and the Caribbean Community: report of the Secretary-General (A/59/303) </s>
	</p>
	<p n="282">
	  <s n="344"> (f) Cooperation between the United Nations and the Council of Europe: report of the Secretary-General (A/59/303) </s>
	</p>
	<p n="283">
	  <s n="345"> (g) Cooperation between the United Nations and the Economic Community of Central African States: report of the Secretary-General (A/59/303) </s>
	</p>
	<p n="284">
	  <s n="346"> (h) Cooperation between the United Nations and the Economic Cooperation Organization </s>
	</p>
	<p n="285">
	  <s n="347"> (i) Report of the Secretary-General (A/59/303) </s>
	</p>
	<p n="286">
	  <s n="348"> (ii) Draft resolution (A/59/L.3) </s>
	</p>
	<p n="287">
	  <s n="349"> (i) Cooperation between the United Nations and the International Organization of la Francophonie: report of the Secretary-General (A/59/303) </s>
	</p>
	<p n="288">
	  <s n="350"> (j) Cooperation between the United Nations and the Inter-Parliamentary Union </s>
	</p>
	<p n="289">
	  <s n="351"> (i) Report of the Secretary-General (A/59/303) </s>
	</p>
	<p n="290">
	  <s n="352"> (ii) Draft resolution (A/59/L.5) </s>
	</p>
	<p n="291">
	  <s n="353"> (k) Cooperation between the United Nations and the Latin American Economic System: report of the Secretary-General (A/59/303) </s>
	</p>
	<p n="292">
	  <s n="354"> (l) Cooperation between the United Nations and the League of Arab States </s>
	</p>
	<p n="293">
	  <s n="355"> (i) Report of the Secretary-General (A/59/303) </s>
	</p>
	<p n="294">
	  <s n="356"> (ii) Draft resolution A/59/L.13 </s>
	</p>
	<p n="295">
	  <s n="357"> (m) Cooperation between the United Nations and the Organization for the Prohibition of Chemical Weapons </s>
	</p>
	<p n="296">
	  <s n="358"> (i) Note by the Secretary-General (A/59/297) </s>
	</p>
	<p n="297">
	  <s n="359"> (ii) Draft resolution (A/59/L.8) </s>
	</p>
	<p n="298">
	  <s n="360"> (n) Cooperation between the United Nations and the Organization for Security and Cooperation in Europe: report of the Secretary-General (A/59/303) </s>
	</p>
	<p n="299">
	  <s n="361"> (o) Cooperation between the United Nations and the Organization of American States: report of the Secretary-General (A/59/303) </s>
	</p>
	<p n="300">
	  <s n="362"> (p) Cooperation between the United Nations and the Organization of the Islamic Conference </s>
	</p>
	<p n="301">
	  <s n="363"> (i) Report of the Secretary-General (A/59/303) </s>
	</p>
	<p n="302">
	  <s n="364"> (ii) Draft resolution (A/59/L.12) </s>
	</p>
	<p n="303">
	  <s n="365"> (q) Cooperation between the United Nations and the Pacific Islands Forum </s>
	</p>
	<p n="304">
	  <s n="366"> (i) Report of the Secretary-General (A/59/303) </s>
	</p>
	<p n="305">
	  <s n="367"> (ii) Draft resolution (A/59/L.11) </s>
	</p>
	<p n="306">
	  <s n="368"> (r) Cooperation between the United Nations and the Preparatory Commission for the Comprehensive Nuclear-Test-Ban Treaty Organization </s>
	</p>
	<p n="307">
	  <s n="369"> (i) Note by the Secretary-General (A/59/296) </s>
	</p>
	<p n="308">
	  <s n="370"> (ii) Draft resolution (A/59/L.7) </s>
	</p>
	<p n="309">
	  <s n="371"> (s) Cooperation between the United Nations and the Southern African Development Community: report of the Secretary-General (A/59/303) </s>
	</p>
	<p n="310">
	  <s n="372"> (t) Cooperation between the United Nations and the community of Portuguese-speaking countries </s>
	</p>
	<p n="311">
	  <s n="373"> The General Assembly continued its consideration of agenda item 56 and its sub-items (a) to (t). </s>
	</p>
	<p n="312">
	  <s n="374"> Statements were made by the representatives of Finland, Cape Verde, Greece, the Islamic Republic of Iran, Ethiopia, Belgium, Armenia and the Republic of Korea. </s>
	</p>
	<p n="313">
	  <s n="375"> In accordance with General Assembly resolution 44/6 of 17 October 1989, the Secretary-General of the Council of Europe made a statement. </s>
	</p>
	<p n="314">
	  <s n="376"> In accordance with General Assembly resolution 447 of the fifth session of 1 November 1950, the observer for the League of Arab States made a statement. </s>
	</p>
	<p n="315">
	  <s n="377"> In accordance with General Assembly resolution 35/2 of 13 October 1980, the Secretary-General of the Asian-African Legal Consultative Organization made a statement. </s>
	</p>
	<p n="316">
	  <s n="378"> In accordance with General Assembly resolution 46/8 of 16 October 1991, the observer for the Caribbean Community made a statement. </s>
	</p>
	<p n="317">
	  <s n="379"> In accordance with General Assembly resolution 55/161 of 12 December 2000, the observer for the Economic Community of Central African States made a statement. </s>
	</p>
	<p n="318">
	  <s n="380"> In accordance with General Assembly resolution 54/5 of 8 October 1999, the Acting Secretary-General of the Black Sea Economic Cooperation Organization made a statement. </s>
	</p>
	<p n="319">
	  <s n="381"> In accordance with General Assembly resolution 33/18 of 10 November 1978 and General Assembly decision 53/453 of 18 December 1998, the observer for the International Organization of la Francophonie made a statement. </s>
	</p>
	<p n="320">
	  <s n="382"> In accordance with General Assembly resolution 3369 of the thirtieth session of 10 October 1975, the observer for the Organization of the Islamic Conference made a statement. </s>
	</p>
	<p n="321">
	  <s n="383"> The General Assembly adopted draft resolution A/59/L.1 (resolution 59/3). </s>
	</p>
	<p n="322">
	  <s n="384"> The General Assembly adopted draft resolution A/59/L.3 (resolution 59/4). </s>
	</p>
	<p n="323">
	  <s n="385"> The General Assembly adopted draft resolution A/59/L.6 (resolution 59/5). </s>
	</p>
	<p n="324">
	  <s n="386"> By 104 votes to 1, with 0 abstentions (recorded vote), the General Assembly adopted draft resolution A/59/L.7 (resolution 59/6). </s>
	</p>
	<p n="325">
	  <s n="387"> The General Assembly adopted draft resolution A/59/L.8 (resolution 59/7). </s>
	</p>
	<p n="326">
	  <s n="388"> The General Assembly adopted draft resolution A/59/L.12, as orally revised (resolution 59/8). </s>
	</p>
	<p n="327">
	  <s n="389"> The General Assembly decided to waive the relevant provisions of rule 78 of the rules of procedure and decide to consider draft resolution A/59/L.13 immediately. </s>
	</p>
	<p n="328">
	  <s n="390"> The General Assembly adopted draft resolution A/59/L.13 (resolution 59/9). </s>
	</p>
	<p n="329">
	  <s n="391"> The General Assembly decided to conclude its consideration of sub-items (b), (c), (h), (l), (m), (p) and (r) of agenda item 56. </s>
	</p>
	<p n="330">
	  <s n="392"> The Assembly was informed that action on draft resolutions A/59/L.5/Rev.1 and A/59/L.11 would be taken at a later time. </s>
	</p>
	<p n="331">
	  <s n="393"> Main Committees </s>
	</p>
	<p n="332">
	  <s n="394"> First Committee </s>
	</p>
	<p n="333">
	  <s n="395"> 14th meeting Thematic discussion on item subjects as well as introduction and consideration of all draft resolutions submitted under agenda items (items 57 to 72) </s>
	</p>
	<p n="334">
	  <s n="396"> The Committee continued its second stage of work (Thematic discussion on item subjects as well as introduction and consideration of all draft resolutions submitted under agenda items 57 to 72). </s>
	</p>
	<p n="335">
	  <s n="397"> Statements were made by the representatives of Bulgaria (who introduced draft decision A/C.1/59/L.48), the Netherlands, Nepal (who introduced draft resolution A/C.1/59/L.20), Australia (who introduced draft resolution A/C.1/59/L.49), Mali (who introduced draft resolution A/C.1/59/L.21), Colombia (who introduced draft resolution A/C.1/59/L.43), Pakistan (who introduced draft resolution A/C.1/59/L.46 and A/C.1/59/L.47), Sweden (who introduced draft resolution A/C.1/59/L.54), Thailand (who introduced draft resolution A/C.1/59/L.40/Rev.1), Germany (who introduced draft resolution A/C.1/59/L.38*) and Côte d&apos;Ivoire. </s>
	</p>
	<p n="336">
	  <s n="398"> Statements were made by the representatives of the Russian Federation, Oman, the United Arab Emirates, Republic of Korea, Belarus, Nicaragua, the Netherlands (on behalf of the European Union), Cyprus, Brazil (on behalf of MERCOSUR), Canada, the Russian Federation, Argentina, Sweden, Australia and Argentina. </s>
	</p>
	<p n="337">
	  <s n="399"> 15th meeting The Committee continued its second stage of work (Thematic discussion on item subjects as well as introduction and consideration of all draft resolutions submitted under agenda items 57 to 72). </s>
	</p>
	<p n="338">
	  <s n="400"> Statements were made by representatives of the Netherlands (on behalf of the European Union) (who introduced draft resolution A/C.1/59/L.5), The former Yugoslav Republic of Macedonia (who introduced draft resolution A/C.1/59/L.55/Rev.1), Mongolia (who introduced draft resolution A/C.1/59/L.19), Equatorial Guinea (who introduced draft resolution A/C.1/59/L.3), Nigeria (on behalf of the Group of African States) (who introduced draft resolution A/C.1/59/L.24), Georgia (who introduced draft resolution A/C.1/59/L.42), the Russian Federation (who introduced draft resolution A/C.1/59/L.2/Rev.1), India (who introduced draft resolution A/C.1/59/L.31 and A/C.1/59/L.32), the United States (who introduced draft resolution A/C.1/59/L.1), Argentina (who introduced draft resolution A/C.1/59/L.52), Mexico (who introduced draft resolutions A/C.1/59/L.18 and A/C.1/59/L.51) and Malaysia (on behalf of the Non-Aligned Movement) (who introduced draft resolutions A/C.1/59/L.9, A/C.1/59/L.10, A/C.1/59/L.11, A/C.1/59/L.13, A/C.1/59/L.14 and A/C.1/59/L.28). </s>
	</p>
	<p n="339">
	  <s n="401"> Statements were also made by the representatives of the United States, Canada, Japan, Malta and the Republic of Korea. </s>
	</p>
	<p n="340">
	  <s n="402"> The Chairman made a statement. </s>
	</p>
	<p n="341">
	  <s n="403"> Third Committee </s>
	</p>
	<p n="342">
	  <s n="404"> 22nd meeting Programme of activities for the International Decade of the World&apos;s Indigenous People, 1995-2004 </s>
	</p>
	<p n="343">
	  <s n="405"> The Committee resumed its consideration of the item and heard statements by the representatives of New Zealand, Peru, Myanmar, Cuba, Sweden (on behalf of the Nordic Countries), the Russian Federation, Venezuela and Nepal. </s>
	</p>
	<p n="344">
	  <s n="406"> A statement was made by the representative of the European Community. </s>
	</p>
	<p n="345">
	  <s n="407"> A statement was also made by the representative of the World Intellectual Property Organization. </s>
	</p>
	<p n="346">
	  <s n="408"> Sixth Committee </s>
	</p>
	<p n="347">
	  <s n="409"> 12th meeting International convention against the reproductive cloning of human beings </s>
	</p>
	<p n="348">
	  <s n="410"> The Committee continued its consideration of agenda item 150. </s>
	</p>
	<p n="349">
	  <s n="411"> Statements were made by the representatives of Slovakia, Ghana, Jordan, Cyprus, Nigeria, Kenya, Honduras, Fiji, Italy, Norway, the Sudan, Malaysia, Sweden, Thailand, Sierra Leone, Germany, Ethiopia, the Philippines, Uganda, the United States, El Salvador, Viet Nam, the Gambia, Timor-Leste, Mexico, Senegal, Paraguay and Nicaragua. </s>
	  <s n="412"> A statement was also made by the Permanent Observer of the Sovereign Military Order of Malta. </s>
	</p>
	<p n="350">
	  <s n="413"> The Committee thus concluded its debate on agenda item 150. </s>
	</p>
	<p n="351">
	  <s n="414"> Corrigendum </s>
	</p>
	<p n="352">
	  <s n="415"> General Assembly </s>
	</p>
	<p n="353">
	  <s n="416"> Fifty-ninth session </s>
	</p>
	<p n="354">
	  <s n="417"> Sixth Committee </s>
	</p>
	<p n="355">
	  <s n="418"> Corrigendum to the summary of the 11th meeting of the Sixth Committee (see Journal No. </s>
	  <s n="419"> 2004/205, p.21): under agenda item 150 (International convention against the reproductive cloning of human beings), the second paragraph should read as follows: </s>
	</p>
	<p n="356">
	  <s n="420"> Statements were made by the representatives of Costa Rica, Belgium, Indonesia, the Republic of Korea, Japan, Turkey (on behalf of the Organization of the Islamic Conference), Namibia, Finland, the United Kingdom, Portugal, Brazil, Singapore, France, India, Cuba, New Zealand, Panama, China, Botswana (on behalf of the Southern African Development Community, as well as the candidate country Madagascar), Greece, South Africa and Zimbabwe. </s>
	  <s n="421"> Statements were also made by the Permanent Observer of the Holy See and by the representative of UNESCO. </s>
	</p>
	<p n="357">
	  <s n="422"> Summary of meetings held away from Headquarters </s>
	</p>
	<p n="358">
	  <s n="423"> Friday, 22 October 2004 </s>
	</p>
	<p n="359">
	  <s n="424"> International Covenant on Civil and Political Rights </s>
	</p>
	<p n="360">
	  <s n="425"> Human Rights Committee </s>
	</p>
	<p n="361">
	  <s n="426"> Eighty-second session </s>
	</p>
	<p n="362">
	  <s n="427"> United Nations Office at Geneva </s>
	</p>
	<p n="363">
	  <s n="428"> 2233rd-2234th meetings </s>
	</p>
	<p n="364">
	  <s n="429"> Consideration of reports submitted by States parties under article 40 of the Covenant </s>
	</p>
	<p n="365">
	  <s n="430"> The Committee continued its consideration of the initial report of Benin. </s>
	</p>
	<p n="366">
	  <s n="431"> Signatures, Ratifications, etc. </s>
	</p>
	<p n="367">
	  <s n="432"> [Multilateral Treaties Deposited with the Secretary-General] </s>
	</p>
	<p n="368">
	  <s n="433"> Vienna Convention on the Law of Treaties between States and International Organizations or between International Organizations. </s>
	  <s n="434"> Vienna, 21 March 1986 </s>
	</p>
	<p n="369">
	  <s n="435"> Accession: Universal Postal Union (19 October 2004)1 </s>
	</p>
	<p n="370">
	  <s n="436"> Protocol to the 1979 Convention on Long-range Transboundary Air Pollution to Abate Acidification, Eutrophication and Ground-level Ozone. </s>
	  <s n="437"> Gothenburg (Sweden), 30 November 1999 </s>
	</p>
	<p n="371">
	  <s n="438"> Ratification: Germany (21 October 2004)1 </s>
	</p>
	<p n="372">
	  <s n="439"> OLA/UNITAR Seminar on the Deposit of Treaty Actions with the Secretary-General and the Registration of Treaties </s>
	</p>
	<p n="373">
	  <s n="440"> United Nations Headquarters, 9 and 10 November 2004 </s>
	</p>
	<p n="374">
	  <s n="441"> The above seminar, sponsored by the Office of Legal Affairs of the Secretariat (OLA) and the United Nations Institute for Training and Research (UNITAR), will take place on 9 and 10 November 2004 at United Nations Headquarters in New York. </s>
	</p>
	<p n="375">
	  <s n="442"> The objective of the two-day seminar is to provide an overview of the deposit of treaty actions with the Secretary-General and the registration of treaties. </s>
	  <s n="443"> The seminar is designed essentially to meet the needs of members of the permanent missions and representatives from capitals, and other personnel, in particular, legal counsellors and advisors, dealing with matters of treaty law, or specifically involved with the preparation of treaty actions with regard to multilateral treaties and with the registration of treaties pursuant to Article 102 of the United Nations Charter. </s>
	  <s n="444"> Assistance and guidance will also be provided on the domestic aspects of participation in multilateral treaties. </s>
	</p>
	<p n="376">
	  <s n="445"> The seminar is based on the Treaty Handbook, which was developed and published by the Treaty Section of OLA. </s>
	  <s n="446"> The Treaty Handbook is a practical guide to the depositary practice of the Secretary-General and the registration requirements of the Secretariat. </s>
	  <s n="447"> It is designated to serve as a tool for Member States, secretariats of international organizations and legal practitioners. </s>
	</p>
	<p n="377">
	  <s n="448"> For more information about the seminar, please contact the Treaty Section of the Office of Legal Affairs (tel. </s>
	  <s n="449"> 1 (212) 963-5047; fax 1 (212) 963-3693; e-mail treaty@un.org). </s>
	  <s n="450"> Information Notes and Nomination Forms will be transmitted to the Permanent Missions accredited to the United Nations in New York by UNITAR shortly. </s>
	</p>
	<p n="378">
	  <s n="451"> 1 Date of receipt of the relevant documents. </s>
	</p>
	<p n="379">
	  <s n="452"> Other announcements </s>
	</p>
	<p n="380">
	  <s n="453"> Special screening of the documentary “Children for sale” (organized by the United States Mission) </s>
	</p>
	<p n="381">
	  <s n="454"> In connection with the work of the fifty-ninth session of the General Assembly on the issue, there will be screenings of the documentary “Children for sale”, organized by the United States Mission, on Tuesday, 26 October 2004, at 1.15 and 2 p.m. in Conference Room 6. </s>
	  <s n="455"> Members of Permanent Missions, Secretariat staff and representatives of intergovernmental and non-governmental organizations are invited to attend. </s>
	  <s n="456"> For more information, please visit www.msnbc.msn.com/id/4038249. </s>
	</p>
	<p n="382">
	  <s n="457"> Official launch of Action 2 of the Secretary-General&apos;s reform program on strengthening United Nations human rights-related actions at the country level </s>
	</p>
	<p n="383">
	  <s n="458"> The official launch of Action 2 of the Secretary-General&apos;s reform program on strengthening United Nations human rights-related actions at the country level will take place on Wednesday, 27 October 2004, from 1.15 to 2.20 p.m. in Conference Room 4. </s>
	  <s n="459"> The United Nations High Commissioner for Human Rights, Ms. Louise Arbour, will chair the event. </s>
	  <s n="460"> Members of Permanent Missions, Secretariat staff, representatives of intergovernmental and non-governmental organizations and the media are invited to attend. </s>
	  <s n="461"> For further information, please contact the Office of the High Commissioner for Human Rights (tel. </s>
	</p>
	<p n="384">
	  <s n="462"> General information </s>
	</p>
	<p n="385">
	  <s n="463"> Chairmen of regional groups </s>
	</p>
	<p n="386">
	  <s n="464"> The following information regarding the chairmanship of the regional groups for the month of October 2004 has been communicated to the Secretariat: </s>
	</p>
	<p n="387">
	  <s n="465"> African States: </s>
	</p>
	<p n="388">
	  <s n="466"> Ethiopia H.E. Mr. Teruneh Zenna </s>
	</p>
	<p n="389">
	  <s n="467"> Asian States: </s>
	</p>
	<p n="390">
	  <s n="468"> Japan H.E. Mr. Koichi Haraguchi </s>
	</p>
	<p n="391">
	  <s n="469"> Eastern European States: </s>
	</p>
	<p n="392">
	  <s n="470"> Azerbaijan H.E. Mr. Yashar Aliyev </s>
	</p>
	<p n="393">
	  <s n="471"> Latin American and Caribbean States: </s>
	</p>
	<p n="394">
	  <s n="472"> Mexico H.E. Mr. Enrique Berruga </s>
	</p>
	<p n="395">
	  <s n="473"> Western European and other States: </s>
	</p>
	<p n="396">
	  <s n="474"> Monaco H.E. Mr. Gilles Noghes </s>
	</p>
	<p n="397">
	  <s n="475"> Web sites Presidency of the General Assembly: www.un.org/arabic/ga/president </s>
	</p>
	<p n="398">
	  <s n="476"> www.un.org/chinese/ga/president </s>
	</p>
	<p n="399">
	  <s n="477"> www.un.org/ga/president </s>
	</p>
	<p n="400">
	  <s n="478"> www.un.org/french/ga/president </s>
	</p>
	<p n="401">
	  <s n="479"> www.un.org/russian/ga/president </s>
	</p>
	<p n="402">
	  <s n="480"> www.un.org/spanish/ga/president </s>
	</p>
	<p n="403">
	  <s n="481"> General Assembly: www.un.org/arabic/ga </s>
	</p>
	<p n="404">
	  <s n="482"> www.un.org/chinese/ga </s>
	</p>
	<p n="405">
	  <s n="483"> www.un.org/ga </s>
	</p>
	<p n="406">
	  <s n="484"> www.un.org/french/ga </s>
	</p>
	<p n="407">
	  <s n="485"> www.un.org/russian/ga </s>
	</p>
	<p n="408">
	  <s n="486"> www.un.org/spanish/ga </s>
	</p>
	<p n="409">
	  <s n="487"> Department for General Assembly and Conference Management: www.un.org/Depts/DGACM/index_arabic.htm www.un.org/Depts/DGACM/index_chinese.htm www.un.org/Depts/DGACM/index_eng.htm www.un.org/Depts/DGACM/index_french.htm www.un.org/Depts/DGACM/index_russian.htm www.un.org/Depts/DGACM/index_spanish.htm </s>
	</p>
	<p n="410">
	  <s n="488"> United Nations Webcast: www.un.org/webcast </s>
	</p>
	<p n="411">
	  <s n="489"> Presidency of the Security Council: www.un.org/Docs/sc/presidency/ www.un.org/french/docs/sc/presidency/ www.un.org/spanish/docs/presidency/ </s>
	</p>
	<p n="412">
	  <s n="490"> Security Council: www.un.org/arabic/sc/ www.un.org/chinese/aboutun/prinorgs/sc/ www.un.org/french/docs/cs/ www.un.org/sc/ www.un.org/russian/sc/ www.un.org/spanish/docs/sc/ </s>
	</p>
	<p n="413">
	  <s n="491"> Security Council Committee established pursuant to resolution 1373 (2001) concerning counter-terrorism: www.un.org/arabic/documents/SCCommittees/1373 www.un.org/chinese/aboutun/prinorgs/sc/committees/1373/1373.htm www.un.org/docs/sc/committees/1373 www.un.org/french/docs/sc/committees/1373 www.un.org/russian/documen/scdocs/committees/1373 www.un.org/spanish/docs/comites/1373/index.html </s>
	</p>
	<p n="414">
	  <s n="492"> Economic and Social Council: www.un.org/arabic/ecosoc/ www.un.org/esa/coordination/ecosoc/ www.un.org/french/ecosoc/2004/ www.un.org/russian/ecosoc www.un.org/spanish/documents/esc/index.htm www.un.org/chinese/ecosoc/2004/index.html </s>
	</p>
	<p n="415">
	  <s n="493"> Department of Economic and Social Affairs: www.un.org/esa </s>
	</p>
	<p n="416">
	  <s n="494"> Dutch presidency of the European Union: http://europa-eu-un.org </s>
	</p>
	<p n="417">
	  <s n="495"> Journal of the United Nations: www.un.org/Docs/journal/Ar/latesta.pdf www.un.org/Docs/journal/Ch/latestc.pdf www.un.org/Docs/journal/En/lateste.pdf www.un.org/Docs/journal/Fr/latestf.pdf www.un.org/Docs/journal/Ru/latestr.pdf www.un.org/Docs/journal/Sp/latests.pdf </s>
	</p>
	<p n="418">
	  <s n="496"> Daily list of documents issued at Headquarters </s>
	</p>
	<p n="419">
	  <s n="497"> With the exception of sales publications and public information material, hyperlinked official documents listed hereunder may be accessed through the Official Document System of the United Nations in the electronic version of the present Journal. </s>
	  <s n="498"> The list contains documents issued by 2 p.m. on 22 October 2004. </s>
	</p>
	<p n="420">
	  <s n="499"> Symbol Main title </s>
	</p>
	<p n="421">
	  <s n="500"> General Assembly Official Documents </s>
	</p>
	<p n="422">
	  <s n="501"> Fifty-ninth session </s>
	</p>
	<p n="423">
	  <s n="502"> A/59/13 Report of the Commissioner-General of the United Nations Relief and Works Agency for Palestine Refugees in the Near East -- 1 July 2003-30 June 2004 -- Supplement No. 13 [A C E F R S] </s>
	</p>
	<p n="424">
	  <s n="503"> A/59/PV.3 Meeting held on 21 September 2004, 10 a.m. [F] </s>
	</p>
	<p n="425">
	  <s n="504"> A/59/PV.4 Meeting held on 21 September 2004, 3 p.m. [E] </s>
	</p>
	<p n="426">
	  <s n="505"> A/59/PV.5 Meeting held on 22 September 2004, 10 a.m. [R] </s>
	</p>
	<p n="427">
	  <s n="506"> A/59/PV.6 Meeting held on 22 September 2004, 3 p.m. [C] </s>
	</p>
	<p n="428">
	  <s n="507"> General Assembly Documents </s>
	</p>
	<p n="429">
	  <s n="508"> Fifty-ninth session </s>
	</p>
	<p n="430">
	  <s n="509"> A/59/3 Item 12 -- Report of the Economic and Social Council for 2004 [A C E F R S] </s>
	</p>
	<p n="431">
	  <s n="510"> A/59/236/Add.1* Reissued for technical reasons [A C E F R S] </s>
	</p>
	<p n="432">
	  <s n="511"> A/59/237 Request for the inclusion of an additional sub-item in the agenda of the fifty-ninth session -- Elections to fill vacancies in principal organs: election of a member of the International Court of Justice -- Note by the Secretary-General [A C E F R S] </s>
	</p>
	<p n="433">
	  <s n="512"> A/59/253 Items 114 and 118 -- Human resources management -- Report of the Secretary-General on the activities of the Office of Internal Oversight Services -- Impact of the human resources management reform -- Note by the Secretary-General [A C E F R S] </s>
	</p>
	<p n="434">
	  <s n="513"> A/59/370 Item 105 (c) -- Human rights questions: human rights situations and reports of special rapporteurs and representatives -- Report of the independent expert of the Commission on Human Rights on the situation of human rights in Afghanistan -- Note by the Secretary-General [A C E F R S] </s>
	</p>
	<p n="435">
	  <s n="514"> A/59/L.5/Rev.1 Item 56 (j) -- Cooperation between the United Nations and regional and other organizations: cooperation between the United Nations and the Inter-Parliamentary Union -- 83-Power revised draft resolution [A C E F R S] </s>
	</p>
	<p n="436">
	  <s n="515"> A/59/L.13 Item 56 (l) -- Cooperation between the United Nations and regional and other organizations: cooperation between the United Nations and the League of Arab States -- 21-Power draft resolution [A C E F R S] </s>
	</p>
	<p n="437">
	  <s n="516"> First Committee </s>
	</p>
	<p n="438">
	  <s n="517"> A/C.1/59/L.45/Rev.1 Item 65 (m) -- General and complete disarmament: confidence-building measures in the regional and subregional context -- One-Power revised draft resolution [A C E F R S] </s>
	</p>
	<p n="439">
	  <s n="518"> A/C.1/59/L.55/Rev.1 Item 58 -- Maintenance of international security — good-neighbourliness, stability and development in South-Eastern Europe -- 4-Power revised draft resolution [A C E F R S] </s>
	</p>
	<p n="440">
	  <s n="519"> Fifth Committee </s>
	</p>
	<p n="441">
	  <s n="520"> A/C.5/59/3/Corr.1 Items 67 (a) and (b) and 108 -- Review of the implementation of the recommendations and decisions adopted by the General Assembly at its tenth special session: Advisory Board on Disarmament Matters; United Nations Institute for Disarmament Research -- Programme budget for the biennium 2004-2005 -- Request for subvention to the United Nations Institute for Disarmament Research resulting from the recommendations of the Board of Trustees of the Institute on the work programme of the Institute for 2005 -- Note by the Secretary-General [A C E F R S] </s>
	</p>
	<p n="442">
	  <s n="521"> A/C.5/59/11 Item 117 -- United Nations pension system -- Investments of the United Nations Joint Staff Pension Fund -- Report of the Secretary-General [A C E F R S] </s>
	</p>
	<p n="443">
	  <s n="522"> A/C.5/59/L.4 Item 136 -- Financing of the United Nations Mission in Sierra Leone -- Draft resolution submitted by the Vice-Chairman following informal consultations [A C E F R S] </s>
	</p>
	<p n="444">
	  <s n="523"> Security Council Documents </s>
	</p>
	<p n="445">
	  <s n="524"> S/2004/768 Letter dated 27 September 2004 from the Permanent Representative of the Sudan to the United Nations addressed to the President of the Security Council [A C E F R S] </s>
	</p>
	<p n="446">
	  <s n="525"> S/2004/794/Corr.1 Letter dated 5 October 2004 from the Permanent Representative of Lebanon to the United Nations Secretary-General [A C E F R S] </s>
	</p>
	<p n="447">
	  <s n="526"> S/2004/819 Report by the Secretary-General concerning the credentials of the alternate representatives of Benin on the Security Council [A C E F R S] </s>
	</p>
	<p n="448">
	  <s n="527"> S/2004/827 Report of the Secretary-General on the situation concerning Western Sahara [A C E F R S] </s>
	</p>
	<p n="449">
	  <s n="528"> S/2004/830 Note by the Secretary-General concerning the date of an election to fill a vacancy in the International Court of Justice [A C E F R S] </s>
	</p>
	<p n="450">
	  <s n="529"> Communications to the Editor </s>
	</p>
	<p n="451">
	  <s n="530"> Material for inclusion in the Journal may be sent to room S-2370 (tel. </s>
	  <s n="531"> 1 (212) 963-3888 and 963-6776; fax 1 (212) 963-4790; e-mail journal@un.org). </s>
	</p>
	<p n="452">
	  <s n="532"> Office opens at 3 p.m. </s>
	</p>
	<p n="453">
	  <s n="533"> Published at Headquarters, New York, by the Department for General Assembly and Conference Management. </s>
	</p>
	</body>
</text>
</DOC>