<?xml version="1.0" encoding="UTF-8"?>
<DOC lang="English" n="N0753338" id="JOURNAL NO.2007/208" date="2007/10/29">
<text>
	<body>
	<p n="1">
	  <s n="1"> Official meetings </s>
	</p>
	<p n="2">
	  <s n="2"> Monday, 29 October 2007 </s>
	</p>
	<p n="3">
	  <s n="3"> General Assembly </s>
	</p>
	<p n="4">
	  <s n="4"> Sixty-second session </s>
	</p>
	<p n="5">
	  <s n="5"> Main Committees </s>
	</p>
	<p n="6">
	  <s n="6"> First Committee </s>
	</p>
	<p n="7">
	  <s n="7"> 12 noon-1 p.m. 19th meeting Conference Room 4 </s>
	</p>
	<p n="8">
	  <s n="8"> Continuation of the thematic discussion on item subjects and introduction and consideration of all draft resolutions submitted under items 88 to 105: item 88 (A/62/158, A/62/158/Add.1 and A/C.1/62/L.33); item 89 (A/62/29 (Supp. </s>
	  <s n="9"> No. 29) and A/C.1/62/L.16); item 90 (A/C.1/62/L.26); item 91 (A/C.1/62/L.10); item 92 (A/C.1/62/L.51); item 93 (A/62/98, A/62/98/Add.1 and A/C.1/62/L.45); item 94 (A/62/95 (Part I), A/62/95 (Part I)/Add.1 and A/C.1/62/L.1); item 95 (A/C.1/62/L.44); item 96 (A/C.1/62/L.34); item 97 (A/61/1028 and A/C.1/62/L.47); item 98 (A/62/93, A/62/99, A/AC.268/2007/2, A/62/112, A/62/114, A/62/114/Add.1, A/62/115, A/62/115/Add.1, A/62/133, A/62/134, A/62/139, A/62/156, A/62/162, A/62/163, A/62/165, A/62/166, A/62/166/Add.1, A/62/170, A/62/170/Add.1, A/62/278 (Part I), A/62/278 (Part II)1, A/C.1/62/L.5, A/C.1/62/L.6, A/C.1/62/L.7, A/C.1/62/L.8, A/C.1/62/L.9, A/C.1/62/L.12, A/C.1/62/L.13, A/C.1/62/L.14, A/C.1/62/L.17, A/C.1/62/L.18, A/C.1/62/L.19, A/C.1/62/L.20, A/C.1/62/L.21, A/C.1/62/L.22, A/C.1/62/L.25, A/C.1/62/L.27, A/C.1/62/L.29, A/C.1/62/L.30, A/C.1/62/L.31, A/C.1/62/L.36, A/C.1/62/L.38, A/C.1/62/L.39, A/C.1/62/L.40, A/C.1/62/L.41, A/C.1/62/L.42, A/C.1/62/L.43, A/C.1/62/L.46, A/C.1/62/L.49, A/C.1/62/L.50 and A/C.1/62/L.53); item 99 (A/62/129, A/62/130, A/62/140, A/62/153, A/62/96-S/2007/393, A/C.1/62/L.4, A/C.1/62/L.15, A/C.1/62/L.23, A/C.1/62/L.24, A/C.1/62/L.35 and A/C.1/62/L.52); item 100 (A/62/27 (Supp. </s>
	  <s n="10"> No. 27), A/62/42 (Supp. </s>
	  <s n="11"> No. 42), A/62/152, A/62/309, A/C.1/62/L.3, A/C.1/62/L.11 and A/C.1/62/L.32); item 101 (A/62/95 (Part II) and A/C.1/62/L.2); item 102; item 103 (A/62/111); item 104 (A/62/113, A/62/113/Add.1 and A/62/135); and item 105 </s>
	</p>
	<p n="9">
	  <s n="12"> [Other documents: A/C.1/62/1, A/C.1/62/2, A/C.1/62/CRP.2, A/C.1/62/CRP.3, A/C.1/62/CRP.4/Rev.1, A/C.1/62/INF.1 and A/C.1/62/INF.2] </s>
	</p>
	<p n="10">
	  <s n="13"> Continuation of the thematic discussion on conventional weapons </s>
	</p>
	<p n="11">
	  <s n="14"> 3-6 p.m. 20th meeting Conference Room 4 </s>
	</p>
	<p n="12">
	  <s n="15"> Continuation of the thematic discussion on item subjects and introduction and consideration of all draft resolutions submitted under items 88 to 105: item 88 (A/62/158, A/62/158/Add.1 and A/C.1/62/L.33); item 89 (A/62/29 (Supp. </s>
	  <s n="16"> No. 29) and A/C.1/62/L.16); item 90 (A/C.1/62/L.26); item 91 (A/C.1/62/L.10); item 92 (A/C.1/62/L.51); item 93 (A/62/98, A/62/98/Add.1 and A/C.1/62/L.45); item 94 (A/62/95 (Part I), A/62/95 (Part I)/Add.1 and A/C.1/62/L.1); item 95 (A/C.1/62/L.44); item 96 (A/C.1/62/L.34); item 97 (A/61/1028 and A/C.1/62/L.47); item 98 (A/62/93, A/62/99, A/AC.268/2007/2, A/62/112, A/62/114, A/62/114/Add.1, A/62/115, A/62/115/Add.1, A/62/133, A/62/134, A/62/139, A/62/156, A/62/162, A/62/163, A/62/165, A/62/166, A/62/166/Add.1, A/62/170, A/62/170/Add.1, A/62/278 (Part I), A/62/278 (Part II)1, A/C.1/62/L.5, A/C.1/62/L.6, A/C.1/62/L.7, A/C.1/62/L.8, A/C.1/62/L.9, A/C.1/62/L.12, A/C.1/62/L.13, A/C.1/62/L.14, A/C.1/62/L.17, A/C.1/62/L.18, A/C.1/62/L.19, A/C.1/62/L.20, A/C.1/62/L.21, A/C.1/62/L.22, </s>
	</p>
	<p n="13">
	  <s n="17"> 1To be issued. </s>
	</p>
	<p n="14">
	  <s n="18"> A/C.1/62/L.25, A/C.1/62/L.27, A/C.1/62/L.29, A/C.1/62/L.30, A/C.1/62/L.31, A/C.1/62/L.36, A/C.1/62/L.38, A/C.1/62/L.39, A/C.1/62/L.40, A/C.1/62/L.41, A/C.1/62/L.42, A/C.1/62/L.43, A/C.1/62/L.46, A/C.1/62/L.49, A/C.1/62/L.50 and A/C.1/62/L.53); item 99 (A/62/129, A/62/130, A/62/140, A/62/153, A/62/96-S/2007/393, A/C.1/62/L.4, A/C.1/62/L.15, A/C.1/62/L.23, A/C.1/62/L.24, A/C.1/62/L.35 and A/C.1/62/L.52); item 100 (A/62/27 (Supp. </s>
	  <s n="19"> No. 27), A/62/42 (Supp. </s>
	  <s n="20"> No. 42), A/62/152, A/62/309, A/C.1/62/L.3, A/C.1/62/L.11 and A/C.1/62/L.32); item 101 (A/62/95 (Part II) and A/C.1/62/L.2); item 102; item 103 (A/62/111); item 104 (A/62/113, A/62/113/Add.1 and A/62/135); and item 105 </s>
	</p>
	<p n="15">
	  <s n="21"> [Other documents: A/C.1/62/1, A/C.1/62/2, A/C.1/62/CRP.2, A/C.1/62/CRP.3, A/C.1/62/CRP.4/Rev.1, A/C.1/62/INF.1 and A/C.1/62/INF.2] </s>
	</p>
	<p n="16">
	  <s n="22"> Continuation of the thematic discussion on conventional weapons and conclusion of the Committee&apos;s second stage of work, namely the “Thematic discussion on item subjects and introduction and consideration of all draft resolutions submitted under items 88 to 105” </s>
	</p>
	<p n="17">
	  <s n="23"> Special Political and Decolonization Committee (Fourth Committee) </s>
	</p>
	<p n="18">
	  <s n="24"> 10 a.m.-12 noon 12th meeting Conference Room 4 </s>
	</p>
	<p n="19">
	  <s n="25"> International Cooperation in the Peaceful Uses of Outer Space (A/62/20) </s>
	</p>
	<p n="20">
	  <s n="26"> General debate </s>
	</p>
	<p n="21">
	  <s n="27"> Effects of atomic radiation (A/62/46) </s>
	</p>
	<p n="22">
	  <s n="28"> General debate </s>
	</p>
	<p n="23">
	  <s n="29"> Action on draft resolution (A/C.4/62/L.5) </s>
	</p>
	<p n="24">
	  <s n="30"> Second Committee </s>
	</p>
	<p n="25">
	  <s n="31"> 10 a.m.-1 p.m. 15th meeting Conference Room 2 </s>
	</p>
	<p n="26">
	  <s n="32"> Macroeconomic policy questions </s>
	</p>
	<p n="27">
	  <s n="33"> (a) International trade and development (A/62/15 (Part I), A/62/15 (Part I)/Corr.1, A/62/15 (Part I)/Corr.2, A/62/15 (Part II), A/62/15 (Part II)/Corr.1, A/62/15 (Part III), A/62/15 (Part III)/Corr.1, A/62/15 (Part IV), A/62/210, A/62/266 and A/62/71-E/2007/46) </s>
	</p>
	<p n="28">
	  <s n="34"> Continuation and conclusion of general discussion </s>
	</p>
	<p n="29">
	  <s n="35"> Sustainable development (A/62/343, A/62/356, A/62/486, A/C.2/62/2 and A/C.2/62/L.5) </s>
	</p>
	<p n="30">
	  <s n="36"> (a) Implementation of Agenda 21, the Programme for the Further Implementation of Agenda 21 and the outcomes of the World Summit on Sustainable Development (A/62/262 and A/62/376) </s>
	</p>
	<p n="31">
	  <s n="37"> (b) Follow-up to and implementation of the Mauritius Strategy for the Further Implementation of the Programme of Action for the Sustainable Development of Small Island Developing States (A/62/279) </s>
	</p>
	<p n="32">
	  <s n="38"> (c) International Strategy for Disaster Reduction (A/61/699-E/2007/8, A/61/699/Add.1-E/2007/8/Add.1, A/62/320, A/62/340, A/62/371 and A/62/372) </s>
	</p>
	<p n="33">
	  <s n="39"> (d) Protection of global climate for present and future generations of mankind (A/62/78-E/2007/62 and A/62/276) </s>
	</p>
	<p n="34">
	  <s n="40"> (e) Implementation of the United Nations Convention to Combat Desertification in Those Countries Experiencing Serious Drought and/or Desertification, Particularly in Africa (A/62/276 and A/C.2/62/7) </s>
	</p>
	<p n="35">
	  <s n="41"> (f) Convention on Biological Diversity (A/62/276) </s>
	</p>
	<p n="36">
	  <s n="42"> (g) Report of the Governing Council of the United Nations Environment Programme on its twenty-fourth session (A/62/25 (Supp. </s>
	  <s n="43"> No. 25)) </s>
	</p>
	<p n="37">
	  <s n="44"> (h) Sustainable mountain development (A/62/292) </s>
	</p>
	<p n="38">
	  <s n="45"> (i) Promotion of new and renewable sources of energy (A/62/208 and A/C.2/62/8) </s>
	</p>
	<p n="39">
	  <s n="46"> Introductory statements followed by question time </s>
	</p>
	<p n="40">
	  <s n="47"> General discussion </s>
	</p>
	<p n="41">
	  <s n="48"> 3-6 p.m. 16th meeting Conference Room 2 </s>
	</p>
	<p n="42">
	  <s n="49"> Sustainable development (A/62/343, A/62/356, A/62/486, A/C.2/62/2 and A/C.2/62/L.5) </s>
	</p>
	<p n="43">
	  <s n="50"> (a) Implementation of Agenda 21, the Programme for the Further Implementation of Agenda 21 and the outcomes of the World Summit on Sustainable Development (A/62/262 and A/62/376) </s>
	</p>
	<p n="44">
	  <s n="51"> (b) Follow-up to and implementation of the Mauritius Strategy for the Further Implementation of the Programme of Action for the Sustainable Development of Small Island Developing States (A/62/279) </s>
	</p>
	<p n="45">
	  <s n="52"> (c) International Strategy for Disaster Reduction (A/61/699-E/2007/8, A/61/699/Add.1-E/2007/8/Add.1, A/62/320, A/62/340, A/62/371 and A/62/372) </s>
	</p>
	<p n="46">
	  <s n="53"> (d) Protection of global climate for present and future generations of mankind (A/62/78-E/2007/62 and A/62/276) </s>
	</p>
	<p n="47">
	  <s n="54"> (e) Implementation of the United Nations Convention to Combat Desertification in Those Countries Experiencing Serious Drought and/or Desertification, Particularly in Africa (A/62/276 and A/C.2/62/7) </s>
	</p>
	<p n="48">
	  <s n="55"> (f) Convention on Biological Diversity (A/62/276) </s>
	</p>
	<p n="49">
	  <s n="56"> (g) Report of the Governing Council of the United Nations Environment Programme on its twenty-fourth session (A/62/25 (Supp. </s>
	  <s n="57"> No. 25)) </s>
	</p>
	<p n="50">
	  <s n="58"> (h) Sustainable mountain development (A/62/292) </s>
	</p>
	<p n="51">
	  <s n="59"> (i) Promotion of new and renewable sources of energy (A/62/208 and A/C.2/62/8) </s>
	</p>
	<p n="52">
	  <s n="60"> Continuation of general discussion </s>
	</p>
	<p n="53">
	  <s n="61"> [Note: The list of speakers for all items allocated to the Second Committee is open. </s>
	  <s n="62"> Delegations wishing to be inscribed are requested to contact, in writing, the secretariat of the Committee (Ms. Dolores Lois (fax 1 (212) 963-5935; or e-mail lois@un.org)). </s>
	  <s n="63"> Delegations are reminded that the names of representatives, alternate representatives and advisers, should be submitted to Ms. Jennifer de Laurentis, Secretary of the Second Committee (room S-2950E; fax 1 (212) 963-5935). </s>
	  <s n="64"> Delegations wishing to reserve rooms and schedule informal “informal” consultations are requested to contact, no later than 6.30 p.m. of the day before the meeting, the secretariat of the Committee (Ms. Danielle Maillard-Lejano (tel. </s>
	  <s n="65"> 1 (917) 367-9728; or e-mail maillard-lejano@un.org)). </s>
	  <s n="66"> ] </s>
	</p>
	<p n="54">
	  <s n="67"> Third Committee </s>
	</p>
	<p n="55">
	  <s n="68"> 10 a.m.-1 p.m. 28th meeting Conference Room 1 </s>
	</p>
	<p n="56">
	  <s n="69"> Promotion and protection of human rights (A/62/36, A/62/369 and A/62/464) </s>
	</p>
	<p n="57">
	  <s n="70"> (b) Human rights questions, including alternative approaches for improving the effective enjoyment of human rights and fundamental freedoms (A/62/183, A/62/222, A/62/254, A/62/255, A/62/287, A/62/288, A/62/293, A/62/298, A/62/317, A/62/304, A/62/207, A/62/212, A/62/214, A/62/218, A/62/225, A/62/227, A/62/265, A/62/280, A/62/286, A/62/289 and A/C.3/62/3) </s>
	</p>
	<p n="58">
	  <s n="71"> (c) Human rights situation and reports of special rapporteurs and representatives (A/62/318, A/62/213, A/62/4981, A/62/223, A/62/263, A/62/264, A/62/275, A/62/313, A/62/354 and A/C.3/62/41) </s>
	</p>
	<p n="59">
	  <s n="72"> (e) Convention on the Rights of Persons with Disabilities (A/62/230) </s>
	</p>
	<p n="60">
	  <s n="73"> Presentations by and dialogue with: </s>
	</p>
	<p n="61">
	  <s n="74"> The Special Rapporteur on torture and other cruel, inhuman or degrading treatment or punishment </s>
	</p>
	<p n="62">
	  <s n="75"> The Representative of the Secretary-General on the human rights of internally displaced persons </s>
	</p>
	<p n="63">
	  <s n="76"> The Special Rapporteur on the promotion and protection of human rights while countering terrorism </s>
	</p>
	<p n="64">
	  <s n="77"> 3-6 p.m. 29th meeting Conference Room 1 </s>
	</p>
	<p n="65">
	  <s n="78"> Social development, including questions relating to the world social situation and to youth, ageing, disabled persons and the family [62 (b)] </s>
	</p>
	<p n="66">
	  <s n="79"> Introduction of draft resolution A/C.3/62/L.7 </s>
	</p>
	<p n="67">
	  <s n="80"> Advancement of women [63 (a)] </s>
	</p>
	<p n="68">
	  <s n="81"> Introduction of draft resolution A/C.3/62/L.19 </s>
	</p>
	<p n="69">
	  <s n="82"> Promotion and protection of the rights of children [66 (a)] </s>
	</p>
	<p n="70">
	  <s n="83"> Introduction of draft resolution A/C.3/62/L.23 </s>
	</p>
	<p n="71">
	  <s n="84"> Implementation of human rights instruments [70 (a)] </s>
	</p>
	<p n="72">
	  <s n="85"> 1To be issued. </s>
	</p>
	<p n="73">
	  <s n="86"> Introduction of draft resolutions A/C.3/62/L.25 and A/C.3/62/L.26 and amendment contained in A/C.3/62/L.27 </s>
	</p>
	<p n="74">
	  <s n="87"> Celebration of the sixtieth anniversary of the Universal Declaration of Human Rights [70 (f)] </s>
	</p>
	<p n="75">
	  <s n="88"> Introduction of draft resolution A/C.3/62/L.28 </s>
	</p>
	<p n="76">
	  <s n="89"> Promotion and protection of human rights (A/62/36, A/62/369 and A/62/464) </s>
	</p>
	<p n="77">
	  <s n="90"> (b) Human rights questions, including alternative approaches for improving the effective enjoyment of human rights and fundamental freedoms (A/62/183, A/62/222, A/62/254, A/62/255, A/62/287, A/62/288, A/62/293, A/62/298, A/62/317, A/62/304, A/62/207, A/62/212, A/62/214, A/62/218, A/62/225, A/62/227, A/62/265, A/62/280, A/62/286, A/62/289 and A/C.3/62/3) </s>
	</p>
	<p n="78">
	  <s n="91"> (c) Human rights situation and reports of special rapporteurs and representatives (A/62/318, A/62/213, A/62/4981, A/62/223, A/62/263, A/62/264, A/62/275, A/62/313, A/62/354 and A/C.3/62/41) </s>
	</p>
	<p n="79">
	  <s n="92"> (e) Convention on the Rights of Persons with Disabilities (A/62/230) </s>
	</p>
	<p n="80">
	  <s n="93"> Introductory statement by the Under-Secretary-General for Political Affairs, followed by question time </s>
	</p>
	<p n="81">
	  <s n="94"> Presentation by and dialogue with: </s>
	</p>
	<p n="82">
	  <s n="95"> The Special Rapporteur on the situation of human rights in the Sudan </s>
	</p>
	<p n="83">
	  <s n="96"> Continuation of general discussion </s>
	</p>
	<p n="84">
	  <s n="97"> [Note: The list of speakers for the general discussion under items allocated to the Third Committee is now open. </s>
	  <s n="98"> Delegations are kindly requested to consult the draft programme of work of the Third Committee (A/C.3/62/L.1) prior to contacting the Secretariat with their request for inscription on the list. </s>
	  <s n="99"> Requests for inscription should be sent to Ms. Nancy Beteta (fax 1 (212) 963-5935; e-mail beteta@un.org). </s>
	  <s n="100"> Delegations that have not submitted the names of their representatives, alternates and advisers are reminded to convey such information to the Secretary of the Third Committee, Mr. Moncef Khane (room S-2950D; fax 1 (212) 963-5935). </s>
	  <s n="101"> Delegations wishing to reserve rooms for informal consultations on Third Committee matters are requested to contact Ms. Danielle Maillard-Lejano (fax 1 (212) 963-5935; e-mail maillard-lejano@un.org; tel. </s>
	  <s n="102"> ] </s>
	</p>
	<p n="85">
	  <s n="103"> 1To be issued. </s>
	</p>
	<p n="86">
	  <s n="104"> Fifth Committee </s>
	</p>
	<p n="87">
	  <s n="105"> 10 a.m. 12th meeting Conference Room 3 </s>
	</p>
	<p n="88">
	  <s n="106"> Programme planning (A/62/16 and A/62/81) </s>
	</p>
	<p n="89">
	  <s n="107"> Introduction and general discussion </s>
	</p>
	<p n="90">
	  <s n="108"> Morning1-1 p.m. Informal consultations (closed) Conference Room 5 </s>
	</p>
	<p n="91">
	  <s n="109"> Informal consultations on agenda item 129 (Programme planning (A/62/16 and A/62/81)) </s>
	</p>
	<p n="92">
	  <s n="110"> 3-6 p.m. Informal consultations (closed) Conference Room 5 </s>
	</p>
	<p n="93">
	  <s n="111"> Informal consultations on agenda items 125 (Financial reports and audited financial statements, and reports of the Board of Auditors (A/62/5/Add.5, A/61/5/Add.10, A/62/120, A/61/214/Add.2, A/61/350/Add.1 and A/62/355)); and 135 (United Nations common system (A/62/30, A/62/30/Corr.1, A/62/336 and A/62/353)) </s>
	</p>
	<p n="94">
	  <s n="112"> 1To be held following the adjournment of the 12th meeting of the Fifth Committee. </s>
	</p>
	<p n="95">
	  <s n="113"> Sixth Committee </s>
	</p>
	<p n="96">
	  <s n="114"> 10 a.m.-1 p.m. 18th meeting Trusteeship Council Chamber </s>
	</p>
	<p n="97">
	  <s n="115"> Report of the International Law Commission on the work of its fifty-ninth session (A/62/10) </s>
	</p>
	<p n="98">
	  <s n="116"> 1-2 p.m. Informal consultations (closed) Trusteeship Council Chamber </s>
	</p>
	<p n="99">
	  <s n="117"> Informal consultations on the draft resolution under agenda item 83 (Diplomatic protection) </s>
	</p>
	<p n="100">
	  <s n="118"> [Note: The list of speakers for all remaining items on the agenda of the Sixth Committee is open. </s>
	  <s n="119"> Delegations are urged to contact the secretariat of the Sixth Committee (Ms. Marianne Sooksatan, tel. </s>
	  <s n="120"> 1 (212) 963-5378; fax 1 (212) 963-1963) if they wish to be inscribed on the list. </s>
	  <s n="121"> Delegations that have not done so are kindly reminded to submit the names of their representatives, alternates and advisers to the secretariat of the Sixth Committee (room S-3460; fax 1 (212) 963-1963). </s>
	  <s n="122"> ] </s>
	</p>
	<p n="101">
	  <s n="123"> General Assembly </s>
	</p>
	<p n="102">
	  <s n="124"> Advisory Committee on Administrative and Budgetary Questions </s>
	</p>
	<p n="103">
	  <s n="125"> 10.30 a.m.-1 p.m. Closed meeting Conference Room 10 </s>
	</p>
	<p n="104">
	  <s n="126"> 3-6 p.m. Closed meeting Conference Room 10 </s>
	</p>
	<p n="105">
	  <s n="127"> United Nations Office on Drugs and Crime (UNODC) </s>
	</p>
	<p n="106">
	  <s n="128"> Executive session </s>
	</p>
	<p n="107">
	  <s n="129"> General Assembly </s>
	</p>
	<p n="108">
	  <s n="130"> Sixty-second session </s>
	</p>
	<p n="109">
	  <s n="131"> Second Committee </s>
	</p>
	<p n="110">
	  <s n="132"> Informal “informal” consultations </s>
	</p>
	<p n="111">
	  <s n="133"> Facilitator, Mr. Noel González Segura (Mexico), under agenda item 59 (c) (South-South cooperation for development) </s>
	</p>
	<p n="112">
	  <s n="134"> From 3 to 6 p.m. in Conference Room D. </s>
	</p>
	<p n="113">
	  <s n="135"> Executive Board of the United Nations Development Programme and of the United Nations Population Fund </s>
	</p>
	<p n="114">
	  <s n="136"> Informal consultations </s>
	</p>
	<p n="115">
	  <s n="137"> Informal consultations of the Executive Board of the United Nations Development Programme and of the United Nations Population Fund on the preliminary draft of the UNDP biennial support budget on Monday, 29 October 2007, from 10 a.m. to 1 p.m. in Conference Room D. </s>
	</p>
	<p n="116">
	  <s n="138"> Interested delegations are invited to attend. </s>
	</p>
	<p n="117">
	  <s n="139"> Informal meetings on draft proposals convened by delegations </s>
	</p>
	<p n="118">
	  <s n="140"> Monday, 29 October 2007 </s>
	</p>
	<p n="119">
	  <s n="141"> Meeting of co-sponsors on the draft resolution on the human rights defenders (under agenda item 70 (b)) (Third Committee) (convened by the delegation of Norway) </s>
	</p>
	<p n="120">
	  <s n="142"> 10 a.m.-1 p.m. Closed meeting Conference Room B </s>
	</p>
	<p n="121">
	  <s n="143"> Informal consultations on the draft resolution on protection of and assistance to internally displaced persons (under agenda item 70 (b)) (Third Committee) (convened by the delegation of Norway) </s>
	</p>
	<p n="122">
	  <s n="144"> 1.15-2.30 p.m. Closed meeting Economic and Social Council Chamber </s>
	</p>
	<p n="123">
	  <s n="145"> Informal consultations on the draft resolution on the right to development (under agenda item 70 (b)) (Third Committee) (convened by the delegation of Cuba (on behalf of the Non-aligned Movement)) </s>
	</p>
	<p n="124">
	  <s n="146"> 1.15-2.30 p.m. Closed meeting Conference Room C-209B </s>
	</p>
	<p n="125">
	  <s n="147"> Informal consultations on the draft resolution on the “Role of the United Nations in promoting a new global human order” (under agenda item 50) (convened by the delegation of Guyana) </s>
	</p>
	<p n="126">
	  <s n="148"> 1.15-2.30 p.m. Closed meeting Conference Room C </s>
	</p>
	<p n="127">
	  <s n="149"> Informal consultations on the draft resolution on the improvement of the situation of women in rural areas (under agenda item 63 (a)) (Third Committee) (convened by the delegation of Mongolia) </s>
	</p>
	<p n="128">
	  <s n="150"> 3-6 p.m. Closed meeting Conference Room C-209B </s>
	</p>
	<p n="129">
	  <s n="151"> Informal consultations on the draft resolution on the girl child (under agenda item 66 (a)) (Third Committee) (convened by the delegation of Zambia on behalf of SADC) </s>
	</p>
	<p n="130">
	  <s n="152"> 3-6 p.m. Closed meeting Conference Room 6 </s>
	</p>
	<p n="131">
	  <s n="153"> Informal consultations on the draft omnibus resolution on the rights of the child (under agenda item 66 (a)) (Third Committee) (convened by the delegation of Portugal (on behalf of the European Union)) </s>
	</p>
	<p n="132">
	  <s n="154"> 3-6 p.m. Closed meeting Economic and Social Council Chamber </s>
	</p>
	<p n="133">
	  <s n="155"> Informal consultations on the draft resolution on the strengthening of the coordination of emergency humanitarian assistance of the United Nations (under agenda item 71 (a)) (convened by the delegation of Sweden) </s>
	</p>
	<p n="134">
	  <s n="156"> 4-6 p.m. Closed meeting Conference Room C </s>
	</p>
	<p n="135">
	  <s n="157"> Other meetings </s>
	</p>
	<p n="136">
	  <s n="158"> The information below is reproduced as received and does not imply any opinion or endorsement by the Secretariat of the United Nations. </s>
	</p>
	<p n="137">
	  <s n="159"> Monday, 29 October 2007 </s>
	</p>
	<p n="138">
	  <s n="160"> 2007 United Nations Disarmament Fellowship Programme </s>
	</p>
	<p n="139">
	  <s n="161"> 9 a.m.-1 p.m. Closed meeting Conference Room E </s>
	</p>
	<p n="140">
	  <s n="162"> 2-6 p.m. Closed meeting Conference Room E </s>
	</p>
	<p n="141">
	  <s n="163"> Group of 77 (on macroeconomic policy questions and globalization and interdependence) </s>
	</p>
	<p n="142">
	  <s n="164"> 10 a.m.-1 p.m. Closed meeting Conference Room 6 </s>
	</p>
	<p n="143">
	  <s n="165"> Group of 77 (on sustainable development draft resolutions) </s>
	</p>
	<p n="144">
	  <s n="166"> 10 a.m.-1 p.m. Closed meeting Conference Room 9 </s>
	</p>
	<p n="145">
	  <s n="167"> 3-6 p.m. Closed meeting Conference Room 3 </s>
	</p>
	<p n="146">
	  <s n="168"> Group of 77 (on macroeconomic policy questions) </s>
	</p>
	<p n="147">
	  <s n="169"> 1.15-2.30 p.m. Closed meeting Conference Room D </s>
	</p>
	<p n="148">
	  <s n="170"> Group of 77 (on Third Committee matters) </s>
	</p>
	<p n="149">
	  <s n="171"> 1.15-2.30 p.m. Closed meeting Conference Room 9 </s>
	</p>
	<p n="150">
	  <s n="172"> Assembly of States Parties to the Rome Statute of the International Criminal Court: New York Working Group of the Bureau (organized by the Permanent Mission of Costa Rica) </s>
	</p>
	<p n="151">
	  <s n="173"> 1.15-2.30 p.m. Closed meeting Conference Room 6 </s>
	</p>
	<p n="152">
	  <s n="174"> Meeting of Legal Advisers </s>
	</p>
	<p n="153">
	  <s n="175"> 3-6 p.m. Closed meeting Trusteeship Council Chamber </s>
	</p>
	<p n="154">
	  <s n="176"> Group of Latin American and Caribbean States </s>
	</p>
	<p n="155">
	  <s n="177"> 3.30-6 p.m. Closed meeting Conference Room 7 </s>
	</p>
	<p n="156">
	  <s n="178"> Other activities </s>
	</p>
	<p n="157">
	  <s n="179"> The information below is reproduced as received and does not imply any opinion or endorsement by the Secretariat of the United Nations. </s>
	</p>
	<p n="158">
	  <s n="180"> Monday, 29 October 2007 </s>
	</p>
	<p n="159">
	  <s n="181"> Presentation of “The Death Penalty Worldwide - Hands off Cain Report 2007” (sponsored by the Permanent Mission of Italy) </s>
	</p>
	<p n="160">
	  <s n="182"> From 10 to 11.30 a.m. in the Dag Hammarskjöld Library Auditorium. </s>
	</p>
	<p n="161">
	  <s n="183"> [All are invited to attend. </s>
	  <s n="184"> For further information please contact Mr. Roberto Storaci, Permanent Mission of Italy (tel. </s>
	  <s n="185"> 1 (646) 840-5347; e-mail roberto.storaci@esteri.it); or Mr. Matteo Mecacci (tel. </s>
	  <s n="186"> 1 (212) 980-1031; e-mail m.mecacci@radicalparty.org). </s>
	  <s n="187"> ] </s>
	</p>
	<p n="162">
	  <s n="188"> Launch of the report on “Internal Displacement and Peace Processes” (organized by the Permanent Mission of Switzerland) </s>
	</p>
	<p n="163">
	  <s n="189"> From 1.15 to 2.30 p.m. in Conference Room 5. </s>
	</p>
	<p n="164">
	  <s n="190"> [All are invited to attend. </s>
	  <s n="191"> For further information, please contact Ms. Natalie Ulrich, Permanent Mission of Switzerland (e-mail natalie.ulrich@eda.admin.ch). </s>
	  <s n="192"> ] </s>
	</p>
	<p n="165">
	  <s n="193"> Twelfth Open Forum for Partnerships on “Sustainable urbanization: Challenges and opportunities in LDCs” (organized by UN-OHRLLS) </s>
	</p>
	<p n="166">
	  <s n="194"> From 1.15 to 2.30 p.m. in Conference Room 3. </s>
	</p>
	<p n="167">
	  <s n="195"> [A presentation will be made by the Executive Director, UN-Habitat. </s>
	  <s n="196"> All are invited. </s>
	  <s n="197"> For further information, please contact Ms. Carol Sakubita, UN-OHRLLS (tel. </s>
	  <s n="198"> 1 (917) 367-5710; e-mail sakubita@un.org). </s>
	  <s n="199"> ] </s>
	</p>
	<p n="168">
	  <s n="200"> Press conferences </s>
	</p>
	<p n="169">
	  <s n="201"> The schedule below is tentative; up-to-date information can be obtained at &lt;www.un.org/News/ossg/conf.htm&gt;. </s>
	</p>
	<p n="170">
	  <s n="202"> Monday, 29 October 2007 </s>
	</p>
	<p n="171">
	  <s n="203"> Room S-226 </s>
	</p>
	<p n="172">
	  <s n="204"> 11 a.m. Mr. Manfred Novak, Special Rapporteur on torture and other cruel, inhuman or degrading treatment or punishment </s>
	</p>
	<p n="173">
	  <s n="205"> Guest at noon briefing Mr. B. </s>
	  <s n="206"> Lynn Pascoe, Under-Secretary-General for Political Affairs (on the Secretary-General&apos;s plans for strengthening the Department of Political Affairs) </s>
	</p>
	<p n="174">
	  <s n="207"> 2 p.m. Mr. Martin Scheinin, Special Rapporteur on the promotion and protection of human rights and fundamental freedoms while countering terrorism </s>
	</p>
	<p n="175">
	  <s n="208"> Forthcoming official meetings </s>
	</p>
	<p n="176">
	  <s n="209"> Tuesday, 30 October 2007 </s>
	</p>
	<p n="177">
	  <s n="210"> General Assembly </s>
	</p>
	<p n="178">
	  <s n="211"> Sixty-second session </s>
	</p>
	<p n="179">
	  <s n="212"> 10 a.m. 37th plenary meeting General Asssembly Hall </s>
	</p>
	<p n="180">
	  <s n="213"> Necessity of ending the economic, commercial and financial embargo imposed by the United States of America against Cuba </s>
	</p>
	<p n="181">
	  <s n="214"> (a) Note by the Secretary-General (A/62/92 and A/62/92/Add.1) </s>
	</p>
	<p n="182">
	  <s n="215"> (b) Draft resolution (A/62/L.1) </s>
	</p>
	<p n="183">
	  <s n="216"> 3 p.m. 38th plenary meeting General Assembly Hall </s>
	</p>
	<p n="184">
	  <s n="217"> Report of the Economic and Social Council (A/62/3) </s>
	</p>
	<p n="185">
	  <s n="218"> Integrated and coordinated implementation of and follow-up to the outcomes of the major United Nations conferences and summits in the economic, social and related fields (report of the Secretary-General (A/62/89)) </s>
	</p>
	<p n="186">
	  <s n="219"> Culture of peace </s>
	</p>
	<p n="187">
	  <s n="220"> (a) Note by the Secretary-General (A/62/97) </s>
	</p>
	<p n="188">
	  <s n="221"> (b) Draft resolution (A/62/L.6)1 </s>
	</p>
	<p n="189">
	  <s n="222"> 1To be issued. </s>
	</p>
	<p n="190">
	  <s n="223"> Main Committees </s>
	</p>
	<p n="191">
	  <s n="224"> Second Committee </s>
	</p>
	<p n="192">
	  <s n="225"> Informal “informal” consultations </s>
	</p>
	<p n="193">
	  <s n="226"> Facilitator, Mr. Marcelo Suárez Salvia (Argentina), under agenda item 52 (b) (International financial system and development) </s>
	</p>
	<p n="194">
	  <s n="227"> Tuesday, 30 October 2007, from 10 to 11 a.m. in Conference Room B; </s>
	</p>
	<p n="195">
	  <s n="228"> Wednesday, 31 October 2007, from 11 a.m. to 1 p.m. in Conference Room 7; and </s>
	</p>
	<p n="196">
	  <s n="229"> Friday, 2 November 2007, from 3 to 4.30 p.m. in Conference Room 7. </s>
	</p>
	<p n="197">
	  <s n="230"> Facilitator, Mr. Selwin Hart (Barbados), under agenda item 52 (c) (External debt crisis and development) </s>
	</p>
	<p n="198">
	  <s n="231"> Tuesday, 30 October 2007, from 11 a.m. to 1 p.m. in Conference Room C-209B; and </s>
	</p>
	<p n="199">
	  <s n="232"> Thursday, 1 November 2007, from 11.30 a.m. to 1 p.m. in Conference Room 7. </s>
	</p>
	<p n="200">
	  <s n="233"> Facilitator, Mr. Giza Gaspar Martins (Angola), under agenda item 52 (a) (International trade and development) </s>
	</p>
	<p n="201">
	  <s n="234"> Tuesday, 30 October 2007, from 3 to 4.30 p.m. in Conference Room 7; and </s>
	</p>
	<p n="202">
	  <s n="235"> Friday, 2 November 2007, from 10 a.m. to 1 p.m. in Conference Room 7. </s>
	</p>
	<p n="203">
	  <s n="236"> Facilitator, Mr. Noel González Segura (Mexico), under agenda item 59 (c) (South-South cooperation for development) </s>
	</p>
	<p n="204">
	  <s n="237"> Wednesday, 31 October 2007, from 3 to 6 p.m. in conference Room 7. </s>
	</p>
	<p n="205">
	  <s n="238"> Facilitator, Mr. Thomas Gass (Switzerland), under agenda item 59 (b) (Triennial policy review of operational activities for development of the United Nations system) </s>
	</p>
	<p n="206">
	  <s n="239"> Thursday, 1 November 2007, from 3 to 6 p.m. in Conference Room 7; and </s>
	</p>
	<p n="207">
	  <s n="240"> Tuesday, 6 November 2007, from 3 to 6 p.m. in Conference Room 7. </s>
	</p>
	<p n="208">
	  <s n="241"> Facilitator, Mr. Tri Tharyat (Indonesia), under agenda item 54 (d) (Protection of global climate for present and future of mankind) </s>
	</p>
	<p n="209">
	  <s n="242"> Friday, 2 November 2007, from 4.30 to 6 p.m. in Conference Room 7. </s>
	</p>
	<p n="210">
	  <s n="243"> Panel discussion on the UN Global Compact </s>
	</p>
	<p n="211">
	  <s n="244"> There will be a panel discussion highlighting the progress made to date of the UN Global Compact - the UN&apos;s voluntary corporate citizenship initiative, which aims to make global markets more sustainable and inclusive. </s>
	  <s n="245"> The panel discussion will take place on Thursday, 1 November 2007 from 3 to 6 p.m. in Conference Room 2. </s>
	  <s n="246"> The role of the initiative in helping to engage business in poverty reduction, including the generation of employment opportunities, and the outcomes of the UN Global Compact Leaders Summit (United Nations Office at Geneva, 5 and 6 July 2007), will also be addressed. </s>
	  <s n="247"> The panel will be chaired by H.E. Ms. Kirsti Lintonen (Finland), Chairperson of the Second Committee. </s>
	  <s n="248"> The panellists will include Mr. B. Muthuraman, Managing Director, Tata Steel, India; Mrs. Chen Ying, Deputy Director General, China Enterprise Confederation, China; Prof. José Sergio Gabrielli de Azevedo, President and CEO, Petrobras, Brazil; Mr. Toshio Arima, Director and Executive Advisor to the Board, Fuji Xerox, Japan; Mr. Bunmi Akinremi, Deputy, United Bank for Africa New York Branch, Nigeria; Mr. Talal Abu Ghazaleh, Chairman and CEO, Talal Abu-Ghazaleh Organization, Egypt; and Sir Mark Moody-Stuart, Chairman of Anglo American, United Kingdom. </s>
	</p>
	<p n="212">
	  <s n="249"> The event is organized by the UN Global Compact Office. </s>
	  <s n="250"> Members of Permanent Missions, Secretariat staff, representatives of intergovernmental and non-governmental organizations and the media are invited to attend. </s>
	  <s n="251"> For further information, please contact Ms. Ursula Wynhoven, UN Global Compact Office (tel. </s>
	</p>
	<p n="213">
	  <s n="252"> Third Committee </s>
	</p>
	<p n="214">
	  <s n="253"> Listed below is the tentative schedule (subject to change) for introductory statements by Special Rapporteurs, Special Representatives, Independent Experts and other special mechanisms who will be presenting reports to the Third Committee: </s>
	</p>
	<p n="215">
	  <s n="254"> Wednesday, 7 November 2007: </s>
	</p>
	<p n="216">
	  <s n="255"> 10 a.m. </s>
	</p>
	<p n="217">
	  <s n="256"> Mr. Doudou Diène (Special Rapporteur on contemporary forms of racism, racial discrimination, xenophobia and related intolerance); and Mr. José Gomez del Prado (Chairperson of the Working Group on the use of mercenaries as a means of violating human rights and impeding the exercise of the right of peoples to self determination) </s>
	</p>
	<p n="218">
	  <s n="257"> Fifth Committee </s>
	</p>
	<p n="219">
	  <s n="258"> The Fifth Committee will hold its 13th meeting on Tuesday, 30 October 2007, at 10 a.m. in Conference Room 3. </s>
	  <s n="259"> Informal consultations (closed) will be held following the adjournment of the 13th meeting, and at 3 p.m. in Conference Room 5. </s>
	</p>
	<p n="220">
	  <s n="260"> General Assembly </s>
	</p>
	<p n="221">
	  <s n="261"> Committee on Relations with the Host Country </s>
	</p>
	<p n="222">
	  <s n="262"> The 235th meeting of the Committee on Relations with the Host Country will be convened on Wednesday, 31 October 2007, at 10 a.m. in Conference Room 8. </s>
	  <s n="263"> The meeting will be open to observers. </s>
	  <s n="264"> Delegations are reminded that while any matter pertinent to the work of the Committee could be raised from the floor, they are encouraged, in accordance with the decision of the Committee adopted at its 164th meeting in March 1994, to request the formal inscription, at least 48 hours prior to the meeting, of specific items they would like to raise, keeping in mind the detailed list of topics adopted by the Committee in 1982 (see document A/50/26, par. </s>
	  <s n="265"> Delegations are further encouraged to submit to the Chairman of the Committee or to the Secretary of the Committee (room S-3420D; fax 1 (212) 963-6430) any relevant documentation or written statements in advance of the meeting. </s>
	</p>
	<p n="223">
	  <s n="266"> 2007 United Nations Pledging Conference for Development Activities </s>
	</p>
	<p n="224">
	  <s n="267"> The 2007 United Nations Pledging Conference for Development Activities will be held on Monday, 12 November 2007, from 10 a.m. to 1 p.m. in Conference Room 2. </s>
	</p>
	<p n="225">
	  <s n="268"> Delegations are requested to submit, in writing, the names of their representatives to the Pledging Conference, to the Secretary of the Conference, Ms. Sangeeta Sharma (fax 1 (212) 963-5935). </s>
	  <s n="269"> The list of speakers is open. </s>
	  <s n="270"> Delegations wishing to be inscribed are requested to contact the secretariat of the Conference (Ms. Dolores Lois (tel. </s>
	  <s n="271"> 1 (212) 963-2184; fax 1 (212) 963-5935; or e-mail lois@un.org). </s>
	</p>
	<p n="226">
	  <s n="272"> Peacebuilding Commission </s>
	</p>
	<p n="227">
	  <s n="273"> Second session </s>
	</p>
	<p n="228">
	  <s n="274"> Sierra Leone configuration </s>
	</p>
	<p n="229">
	  <s n="275"> An informal meeting (open) of the Sierra Leone configuration will be held on Thursday, 1 November 2007, from 10 a.m. to 1 p.m. in Conference Room 6. </s>
	</p>
	<p n="230">
	  <s n="276"> Forthcoming informal meetings on draft proposals convened by delegations </s>
	</p>
	<p n="231">
	  <s n="277"> Meeting of co-sponsors on “Towards global partnerships” (under agenda item 61) (convened by the delegation of Portugal) </s>
	</p>
	<p n="232">
	  <s n="278"> Tuesday, 30 October 2007, from 11.30 a.m. to 1 p.m. in Conference Room 7. </s>
	</p>
	<p n="233">
	  <s n="279"> Informal consultations on the draft resolution on the right to development (under agenda item 70 (b)) (Third Committee) (convened by the delegation of Cuba (on behalf of the Non-aligned Movement)) </s>
	</p>
	<p n="234">
	  <s n="280"> Tuesday, 30 October 2007, from 1.15 to 2.30 p.m. in Conference Room C-209B; </s>
	</p>
	<p n="235">
	  <s n="281"> Wednesday, 31 October 2007, from 1.15 to 2.30 p.m. in Conference Room C-209B; </s>
	</p>
	<p n="236">
	  <s n="282"> Thursday, 1 November 2007, from 1.15 to 2.30 p.m. in Conference Room C-209B; and </s>
	</p>
	<p n="237">
	  <s n="283"> Friday, 2 November 2007, from 1.15 to 2.30 p.m. in conference Room C-209B. </s>
	</p>
	<p n="238">
	  <s n="284"> Informal consultations on the draft resolution on the protection of migrants (under agenda item 70 (b)) (Third Committee) (convened by the delegation of Mexico) </s>
	</p>
	<p n="239">
	  <s n="285"> Tuesday, 30 October 2007, from 4.30 to 6 p.m. in Conference Room B. </s>
	</p>
	<p n="240">
	  <s n="286"> Meeting of co-sponsors on the draft resolution on the human rights defenders (under agenda item 70 (b)) (Third Committee) (convened by the delegation of Norway) </s>
	</p>
	<p n="241">
	  <s n="287"> Wednesday, 31 October 2007, from 10 a.m. to 1 p.m. in Conference Room B; and </s>
	</p>
	<p n="242">
	  <s n="288"> Friday, 2 November 2007, from 3 to 6 p.m. in Conference Room B. </s>
	</p>
	<p n="243">
	  <s n="289"> Informal consultations on the draft resolution on the “Role of the United Nations in promoting a new global human order” (under agenda item 50) (convened by the delegation of Guyana) </s>
	</p>
	<p n="244">
	  <s n="290"> Wednesday, 31 October 2007, from 1.15 to 2.30 p.m. in the Economic and Social Council Chamber. </s>
	</p>
	<p n="245">
	  <s n="291"> Informal consultations on the draft resolution on disability (under agenda item 62 (b)) (Third Committee) (convened by the delegations of Mexico, New Zealand and Sweden) </s>
	</p>
	<p n="246">
	  <s n="292"> Thursday, 1 November 2007, from 1.15 to 2.30 p.m. in Conference Room B. </s>
	</p>
	<p n="247">
	  <s n="293"> Informal consultations on the draft omnibus resolution on the rights of the child (under agenda item 66 (a)) (Third Committee) (convened by the delegation of Portugal (on behalf of the European Union)) </s>
	</p>
	<p n="248">
	  <s n="294"> Friday, 2 November 2007, from 10 a.m. to 1 p.m. in Conference Room B. </s>
	</p>
	<p n="249">
	  <s n="295"> Other forthcoming meetings </s>
	</p>
	<p n="250">
	  <s n="296"> The information below is reproduced as received and does not imply any opinion or endorsement by the Secretariat of the United Nations. </s>
	</p>
	<p n="251">
	  <s n="297"> JUSCANZ Group (Third Committee experts) </s>
	</p>
	<p n="252">
	  <s n="298"> Tuesday, 30 October 2007, from 9.15 to 9.45 a.m. in Conference Room D. </s>
	</p>
	<p n="253">
	  <s n="299"> JUSCANZ Group (Second Committee experts) </s>
	</p>
	<p n="254">
	  <s n="300"> Wednesday, 31 October 2007, from 9 to 9.45 a.m. in Conference Room 9. </s>
	</p>
	<p n="255">
	  <s n="301"> African Group: Group of Experts on Economic Matters </s>
	</p>
	<p n="256">
	  <s n="302"> Tuesday, 30 October 2007, from 10 a.m. to 1 p.m. in Conference Room C. </s>
	</p>
	<p n="257">
	  <s n="303"> UNITAR Peace and Security Series: briefing on “A humanitarian dilemma: protecting civilians and promoting justice” (organized in collaboration with the Friends of the International Criminal Court) </s>
	</p>
	<p n="258">
	  <s n="304"> Tuesday, 30 October 2007, from 10 a.m. to 1 p.m. in the Dag Hammarskjöld Library Auditorium. </s>
	</p>
	<p n="259">
	  <s n="305"> [For further information and registration, please visit the following Web site &lt;www.unitarny.org/en/humanitariandilemma.html&gt;; or contact Ms. </s>
	  <s n="306"> Sarah Rosengaertner (e-mail rosengaertner@un.org; tel. </s>
	  <s n="307"> ] </s>
	</p>
	<p n="260">
	  <s n="308"> Arab Group (at the experts level) </s>
	</p>
	<p n="261">
	  <s n="309"> Tuesday, 30 October 2007, from 3 to 6 p.m. in Conference Room 9. </s>
	</p>
	<p n="262">
	  <s n="310"> Meeting of Legal Advisers </s>
	</p>
	<p n="263">
	  <s n="311"> Tuesday, 30 October 2007, at 3 p.m. in the Trusteeship Council Chamber. </s>
	</p>
	<p n="264">
	  <s n="312"> Western European and Other States Group (monthly meeting) </s>
	</p>
	<p n="265">
	  <s n="313"> Tuesday, 30 October 2007, from 3 to 4 p.m. in Conference Room 8. </s>
	</p>
	<p n="266">
	  <s n="314"> Eighth United Nations Inter-Agency Consultations (organized by the Office of the High Representative for the Least Developed Countries, Landlocked Developing Countries and Small Island Developing States (UN-OHRLLS)) </s>
	</p>
	<p n="267">
	  <s n="315"> Wednesday, 31 October 2007, from 10 a.m. to 1 p.m. in Conference Room D. </s>
	</p>
	<p n="268">
	  <s n="316"> [For further information, please contact Ms. Carol Sakubita (tel. </s>
	  <s n="317"> 1 (917) 367-5710; e-mail sakubita@un.org). </s>
	  <s n="318"> ] </s>
	</p>
	<p n="269">
	  <s n="319"> Briefing on the sub-regional workshop on the preparation of responses by the West and Central African countries to the three Security Council committees dealing with counter-terrorism (Dakar, Senegal, 25-27 September 2007) (organized by the Permanent Mission of Senegal and the United Nations Office on Drugs and Crime, in cooperation with the Counter-Terrorism Committee Executive Directorate, the Al-Qaida/Taliban Monitoring Team and the 1540 Committee expert group) </s>
	</p>
	<p n="270">
	  <s n="320"> Wednesday, 31 October 2007, from 1.15 to 2.30 p.m. in Conference Room C. </s>
	</p>
	<p n="271">
	  <s n="321"> [For further information, please contact Ms. Andrea Treso, UNODC (tel. </s>
	  <s n="322"> 1 (212) 963-7227; email treso@un.org). </s>
	  <s n="323"> ] </s>
	</p>
	<p n="272">
	  <s n="324"> Friends of the International Criminal Court (meeting with the President of the International Criminal Court) </s>
	</p>
	<p n="273">
	  <s n="325"> Friday, 2 November 2007, from 1.30 to 2.30 p.m. in Conference Room 8. </s>
	</p>
	<p n="274">
	  <s n="326"> UNITAR/OLA English-language seminar on the deposit of treaty actions with the Secretary-General and the registration of treaties </s>
	</p>
	<p n="275">
	  <s n="327"> Wednesday, 7 November 2007, from 10 a.m. to 1 p.m. and from 3 to 5.45 p.m. in Conference Room 9; and </s>
	</p>
	<p n="276">
	  <s n="328"> Thursday, 8 November 2007, from 10 a.m. to 1 p.m. and from 3 to 5 p.m. in Conference Room 9. </s>
	</p>
	<p n="277">
	  <s n="329"> [For further information, please contact Mr. Samy Saadi (e-mail saadis@un.org, or info@unitarny.org; tel. </s>
	  <s n="330"> ] </s>
	</p>
	<p n="278">
	  <s n="331"> Meeting of the Ad Hoc Open-ended Working Group on Assistance and Support to Victims of Sexual Exploitation and Abuse with European Union members (A/60/877) </s>
	</p>
	<p n="279">
	  <s n="332"> Wednesday, 7 November 2007, from 3 to 6 p.m. in Conference Room D. </s>
	</p>
	<p n="280">
	  <s n="333"> Meeting of the Ad Hoc Open-ended Working Group on Assistance and Support to Victims of Sexual Exploitation and Abuse with Rio Group members (A/60/877) </s>
	</p>
	<p n="281">
	  <s n="334"> Thursday, 8 November 2007, from 3 to 6 p.m. in Conference Room C. </s>
	</p>
	<p n="282">
	  <s n="335"> Forthcoming other activities </s>
	</p>
	<p n="283">
	  <s n="336"> The information below is reproduced as received and does not imply any opinion or endorsement by the Secretariat of the United Nations. </s>
	</p>
	<p n="284">
	  <s n="337"> Briefing by the United Nations Conference on Trade and Development on its report “Economic development in Africa - Reclaiming policy space: Domestic resource mobilization and developmental States” </s>
	</p>
	<p n="285">
	  <s n="338"> Wednesday, 31 October 2007, from 1.15 to 2.30 p.m. in Conference Room 6. </s>
	</p>
	<p n="286">
	  <s n="339"> [All are invited to attend. </s>
	  <s n="340"> ] </s>
	</p>
	<p n="287">
	  <s n="341"> Briefing by the United Nations Conference on Trade and Development on its report “World Investment Report 2007” </s>
	</p>
	<p n="288">
	  <s n="342"> Friday, 2 November 2007, from 1.15 to 2.45 p.m. in Conference Room 9. </s>
	</p>
	<p n="289">
	  <s n="343"> [All are invited to attend. </s>
	  <s n="344"> ] </s>
	</p>
	<p n="290">
	  <s n="345"> Asian-African Legal Consultative Organization (AALCO) </s>
	</p>
	<p n="291">
	  <s n="346"> Monday, 5 November 2007, at 3 p.m. in the Trusteeship Council Chamber. </s>
	</p>
	<p n="292">
	  <s n="347"> Friends of Human Security (third meeting) (organized by the Permanent Missions of Japan and Mexico, in cooperation with the Human Security Unit, Office for the Coordination of Humanitarian Affairs) </s>
	</p>
	<p n="293">
	  <s n="348"> Wednesday, 7 November 2007, from 3 to 5 p.m. in Conference Room 8. </s>
	</p>
	<p n="294">
	  <s n="349"> [All are invited to attend. </s>
	  <s n="350"> For further information, please contact Ms. Molly Belinski, Permanent Mission of Japan (e-mail molly-belinski@un-japan.org; tel. </s>
	  <s n="351"> ] </s>
	</p>
	<p n="295">
	  <s n="352"> Forthcoming meetings held away from Headquarters </s>
	</p>
	<p n="296">
	  <s n="353"> Security Council </s>
	</p>
	<p n="297">
	  <s n="354"> Security Council Committee established pursuant to resolution 1373 (2001) concerning counter-terrorism </s>
	</p>
	<p n="298">
	  <s n="355"> Fifth special meeting </s>
	</p>
	<p n="299">
	  <s n="356"> United Nations Office at Nairobi </s>
	</p>
	<p n="300">
	  <s n="357"> The Security Council Committee established pursuant to resolution 1373 (2001) concerning counter-terrorism will hold its fifth special meeting with international, regional and subregional organizations, on the theme “Prevention of terrorist movement and effective border security”, from 29 to 31 October 2007, at the Conference Centre of the United Nations Office at Nairobi (UNON). </s>
	  <s n="358"> Member States which are not members of the Committee are invited to participate in the meeting as observers and to use the registration form on the Web site of the Committee. </s>
	  <s n="359"> For more information about the meeting, please visit &lt;www.un.org/sc/ctc&gt;. </s>
	</p>
	<p n="301">
	  <s n="360"> Announcements </s>
	</p>
	<p n="302">
	  <s n="361"> Administrative Tribunal (22 October-21 November 2007) </s>
	</p>
	<p n="303">
	  <s n="362"> The Administrative Tribunal will hold meetings (closed) every day until Wednesday, 21 November 2007, from 10 a.m. to 1 p.m. and from 3 to 6 p.m., in Suite 625, DC2 Building. </s>
	</p>
	<p n="304">
	  <s n="363"> Permanent Forum on Indigenous Issues </s>
	</p>
	<p n="305">
	  <s n="364"> Member States wishing to participate in the Expert Group Meeting on Indigenous Languages (8-10 January 2008) are encouraged to inform the secretariat of their participation by Thursday, 15 November 2007. </s>
	  <s n="365"> For further information please contact Mr. Broddi Sigurdarson (tel. </s>
	  <s n="366"> 1 (917) 367-2106; e-mail sigurdarson@un.org). </s>
	</p>
	<p n="306">
	  <s n="367"> Preparations for the fifty-second session of the Commission on the Status of Women </s>
	</p>
	<p n="307">
	  <s n="368"> In preparation for the fifty-second session of the Commission on the Status of Women (25 February-7 March 2008), delegations are invited to propose names of expert panellists to participate in two panel discussions on the following themes: (a) Key policy initiatives and innovative approaches to financing for gender equality and the empowerment of women; and (b) Capacity building on gender mainstreaming in relation to financing for gender equality and the empowerment of women. </s>
	  <s n="369"> Delegations are requested to submit names indicating the panel for which the expert(s) is (are) being nominated and to provide curricula vitae outlining the specific expertise and experience of the proposed candidate in relation to the theme of the panel. </s>
	  <s n="370"> Information should be sent to the Division for the Advancement of Women (e-mail mcdougalls@un.org or selcuk@un.org; fax 1 (212) 963-3463), no later than Friday, 30 November 2007. </s>
	  <s n="371"> Further details on the panel discussions will be made available from 1 November on the DAW Web site &lt;http://www.un.org/womenwatch/daw/csw/52sess.htm#interactive&gt;. </s>
	</p>
	<p n="308">
	  <s n="372"> General Assembly List of candidates </s>
	</p>
	<p n="309">
	  <s n="373"> Delegations are kindly reminded that the list of candidates (an informal working paper) for the sixty-second session of the General Assembly and other information on elections and candidatures are available on CandiWeb at the following address: &lt;https://secln069.un.org/candiweb&gt;. </s>
	  <s n="374"> Instructions to access the Web page can be obtained by calling 1 (212) 963-2337 or via e-mail to santomauro@un.org. </s>
	</p>
	<p n="310">
	  <s n="375"> Credentials of representatives to the sixty-second session of the General Assembly </s>
	</p>
	<p n="311">
	  <s n="376"> Delegations are reminded that credentials should be issued for all representatives to the sixty-second regular session of the General Assembly, in accordance with rule 27 of the rules of procedure of the General Assembly. </s>
	  <s n="377"> Credentials should be sent to the secretariat of the Credentials Committee (room S-3420F or S-3420S; tel. </s>
	  <s n="378"> 1 (212) 963-5358 or 963-5377). </s>
	</p>
	<p n="312">
	  <s n="379"> Security Council Web site of the presidency </s>
	</p>
	<p n="313">
	  <s n="380"> The Web site of the presidency of the Security Council can be visited at &lt;www.un.org/sc/presidency.html&gt;. </s>
	</p>
	<p n="314">
	  <s n="381"> Recorded information </s>
	</p>
	<p n="315">
	  <s n="382"> Recorded information about previously unscheduled meetings and consultations of the whole of the Security Council may be obtained by calling 1 (212) 963-8530, or by clicking on “Daily Programme” on the Web site of the Security Council (&lt;www.un.org/Docs/sc&gt;). </s>
	</p>
	<p n="316">
	  <s n="383"> Prepared statements </s>
	</p>
	<p n="317">
	  <s n="384"> Speakers in the Security Council are advised that providing in advance copies of prepared statements which they intend to read out in the Council greatly facilitates the work of the Secretariat by permitting a sufficient number of copies to be distributed to all meeting participants and by assisting interpreters, verbatim reporters and press officers in maintaining the quality of the product delivered. </s>
	  <s n="385"> Both interpretations and verbatim records rely upon the statement actually delivered, but copies of texts help interpreters to correctly render details and nuances and help verbatim reporters to produce the written record more quickly. </s>
	  <s n="386"> Speakers are therefore encouraged, whenever possible, to provide copies of their statements, as early as possible in advance of delivery, to the Conference Officer in the Chamber. </s>
	</p>
	<p n="318">
	  <s n="387"> Delegations are kindly requested to make 40 copies for minimum distribution to Council members and relevant services, and 200 additional copies for general distribution in the Security Council Chamber. </s>
	</p>
	<p n="319">
	  <s n="388"> Delegations wishing to make statements available for the media are kindly requested to deliver 50 copies to the Media Documents Centre (room S-394). </s>
	</p>
	<p n="320">
	  <s n="389"> Access to back issues of the Journal of the United Nations </s>
	</p>
	<p n="321">
	  <s n="390"> Back issues of the Journal of the United Nations, in English and French, can be accessed at the following addresses: &lt;www.un.org/ga/search/journal.asp&gt; and &lt;www.un.org/french/ga/search/journal.asp&gt;. </s>
	</p>
	<p n="322">
	  <s n="391"> Summary of official meetings </s>
	</p>
	<p n="323">
	  <s n="392"> Wednesday, 24 October 2007 </s>
	</p>
	<p n="324">
	  <s n="393"> General Assembly </s>
	</p>
	<p n="325">
	  <s n="394"> Sixty-second session </s>
	</p>
	<p n="326">
	  <s n="395"> High-level Dialogue on Financing for Development </s>
	</p>
	<p n="327">
	  <s n="396"> (2nd day) </s>
	</p>
	<p n="328">
	  <s n="397"> The summary of the Round tables of the High-level Dialogue on Financing for Development of the General Assembly will appear in the next issue of the Journal (No. </s>
	</p>
	<p n="329">
	  <s n="398"> Friday, 26 October 2007 </s>
	</p>
	<p n="330">
	  <s n="399"> Security Council </s>
	</p>
	<p n="331">
	  <s n="400"> 5770th meeting (closed) Meeting of the Security Council with the troop-contributing countries to the United Nations Mission for the Referendum in Western Sahara pursuant to resolution 1353 (2001), annexes II, sections A and B </s>
	</p>
	<p n="332">
	  <s n="401"> The Security Council met in private. </s>
	  <s n="402"> At the close of the meeting, the following communiqué was issued by the Secretary-General in accordance with rule 55 of the provisional rules of procedure of the Council: </s>
	</p>
	<p n="333">
	  <s n="403"> “On 26 October 2007, the Security Council, pursuant to resolution 1353 (2001), annex II, sections A and B, held its 5770th meeting in private with the troop-contributing countries to the United Nations Mission for the Referendum in Western Sahara. </s>
	</p>
	<p n="334">
	  <s n="404"> “The Security Council and the troop-contributing countries heard a briefing under rule 39 of its provisional rules of procedure by Mr. Julian Harston, Special Representative of the Secretary-General for Western Sahara. </s>
	</p>
	<p n="335">
	  <s n="405"> “Members of the Council, Mr. Harston and representatives of participating troop-contributing countries had an exchange of views.” </s>
	</p>
	<p n="336">
	  <s n="406"> General Assembly </s>
	</p>
	<p n="337">
	  <s n="407"> Sixty-second session </s>
	</p>
	<p n="338">
	  <s n="408"> Main Committees </s>
	</p>
	<p n="339">
	  <s n="409"> First Committee </s>
	</p>
	<p n="340">
	  <s n="410"> 18th meeting The Committee continued its second stage of work, namely the “Thematic discussion on item subjects and introduction and consideration of all draft resolutions submitted under items 88 to 105”. </s>
	</p>
	<p n="341">
	  <s n="411"> The Committee continued its thematic discussion on disarmament machinery. </s>
	</p>
	<p n="342">
	  <s n="412"> Statements were made by the representatives of the United States, Canada, Norway, the Republic of Korea, Indonesia (who, on behalf of the Non-Aligned Movement, introduced the draft resolutions entitled “Convening of the Fourth Special Session of the General Assembly Devoted to Disarmament” and “United Nations Regional Centres for Peace and Disarmament”) and Uruguay (who introduced the draft resolution entitled “Report of the Disarmament Commission”). </s>
	</p>
	<p n="343">
	  <s n="413"> The Chairman concluded the thematic discussion on disarmament machinery. </s>
	</p>
	<p n="344">
	  <s n="414"> A statement was made by the representative of Qatar on the organization of work. </s>
	</p>
	<p n="345">
	  <s n="415"> The meeting was suspended for an informal panel discussion with non-governmental organizations representatives, followed by a question and answer period. </s>
	</p>
	<p n="346">
	  <s n="416"> On the issue of nuclear weapons and outer space statements were made by Ms. Jacqueline Cabasso, Executive Director, Western States Legal Foundation (WSLF), and Ms. Rhianna Tyson, Programme Officer, Global Security Institute. </s>
	  <s n="417"> On the issue of conventional weapons statements were made by Mr. </s>
	  <s n="418"> Bob Barr, Board member, World Forum on the Future of Sport Shooting Activities, Mr. Joseph Dube, Africa Coordinator, International Action Network on Small Arms (IANSA), and Ms. Rebecca Peters, Director, IANSA. </s>
	</p>
	<p n="347">
	  <s n="419"> The meeting was resumed for the continuation of the thematic discussion on conventional weapons. </s>
	</p>
	<p n="348">
	  <s n="420"> Statements were made by the representatives of Mozambique and Lesotho. </s>
	</p>
	<p n="349">
	  <s n="421"> The Secretary made a statement. </s>
	</p>
	<p n="350">
	  <s n="422"> Second Committee </s>
	</p>
	<p n="351">
	  <s n="423"> 14th meeting Operational activities for development </s>
	</p>
	<p n="352">
	  <s n="424"> The Committee resumed its consideration of the item. </s>
	</p>
	<p n="353">
	  <s n="425"> The Secretary made a statement regarding document A/C.2/62/L.6. </s>
	</p>
	<p n="354">
	  <s n="426"> (b) Triennial comprehensive policy review of operational activities for development of the United Nations system </s>
	</p>
	<p n="355">
	  <s n="427"> Introduction of draft resolution A/C.2/62/L.4 </s>
	</p>
	<p n="356">
	  <s n="428"> The representative of Pakistan, on behalf of the Group of 77 and China, introduced the draft resolution. </s>
	</p>
	<p n="357">
	  <s n="429"> (c) South-South cooperation for development </s>
	</p>
	<p n="358">
	  <s n="430"> Introduction of draft resolution A/C.2/62/L.3 </s>
	</p>
	<p n="359">
	  <s n="431"> The representative of Pakistan, on behalf of the Group of 77 and China, introduced the draft resolution. </s>
	</p>
	<p n="360">
	  <s n="432"> Macroeconomic policy questions </s>
	</p>
	<p n="361">
	  <s n="433"> (a) International trade and development </s>
	</p>
	<p n="362">
	  <s n="434"> The Committee resumed its consideration of the sub-item and heard statements by the representatives of the European Community (on behalf of the European Union), Australia (on behalf of the Cairns Group of agricultural exporting countries), Indonesia (on behalf of the Association of Southeast Asian Nations), Bangladesh (on behalf of the Group of Least Developed Countries), Benin (on behalf of the African Group), Viet Nam, the Russian Federation, the Sudan, Japan, the United States, Cuba, Colombia, China, Myanmar, India, Belarus, Singapore, the Gambia, Mexico, the Syrian Arab Republic, Malawi and Kazakhstan. </s>
	</p>
	<p n="363">
	  <s n="435"> Organization of work </s>
	</p>
	<p n="364">
	  <s n="436"> The Chairman made a statement. </s>
	</p>
	<p n="365">
	  <s n="437"> Third Committee </s>
	</p>
	<p n="366">
	  <s n="438"> 26th meeting Promotion and protection of human rights </s>
	</p>
	<p n="367">
	  <s n="439"> (b) Human rights questions, including alternative approaches for improving the effective enjoyment of human rights and fundamental freedoms </s>
	</p>
	<p n="368">
	  <s n="440"> (c) Human rights situation and reports of special rapporteurs and representatives </s>
	</p>
	<p n="369">
	  <s n="441"> (e) Convention on the Rights of Persons with Disabilities </s>
	</p>
	<p n="370">
	  <s n="442"> The Committee resumed its joint consideration of the sub-items. </s>
	</p>
	<p n="371">
	  <s n="443"> The Special Rapporteur on the situation of extrajudicial, summary or arbitrary executions made a presentation and engaged in a dialogue with the representatives of the Philippines, the Islamic Republic of Iran, Portugal (on behalf of the European Union), the Bolivarian Republic of Venezuela, the United States, Indonesia, Sri Lanka, China, Singapore and Kenya. </s>
	</p>
	<p n="372">
	  <s n="444"> The Special Rapporteur on freedom of religion or belief made a presentation and engaged in a dialogue with the representatives of Portugal (on behalf of the European Union), the Russian Federation, Canada, the Bolivarian Republic of Venezuela, the United States, Indonesia, the Philippines, Viet Nam, Myanmar, Egypt and Chile, as well as the observer for the Holy See. </s>
	</p>
	<p n="373">
	  <s n="445"> The Special Rapporteur on the human rights of migrants made a presentation and engaged in a dialogue with the representatives of Portugal (on behalf of the European Union), the United States, the Philippines, Indonesia, Sri Lanka, Mexico, Egypt, Nigeria and China. </s>
	</p>
	<p n="374">
	  <s n="446"> 27th meeting Social development, including questions relating to the world social situation and to youth, ageing, disabled persons and the family [62 (b)] </s>
	</p>
	<p n="375">
	  <s n="447"> Introduction of draft resolution A/C.3/62/L.6 </s>
	</p>
	<p n="376">
	  <s n="448"> The representative of Mongolia introduced the draft resolution on behalf of Brazil, Guatemala, Honduras, Mali, Myanmar and Panama and orally revised the text. </s>
	</p>
	<p n="377">
	  <s n="449"> The Democratic Republic of the Congo, the Dominican Republic and Malawi joined in sponsoring the draft resolution. </s>
	</p>
	<p n="378">
	  <s n="450"> Promotion and protection of human rights </s>
	</p>
	<p n="379">
	  <s n="451"> (b) Human rights questions, including alternative approaches for improving the effective enjoyment of human rights and fundamental freedoms </s>
	</p>
	<p n="380">
	  <s n="452"> (c) Human rights situation and reports of special rapporteurs and representatives </s>
	</p>
	<p n="381">
	  <s n="453"> (e) Convention on the Rights of Persons with Disabilities </s>
	</p>
	<p n="382">
	  <s n="454"> The Committee resumed its joint consideration of the sub-items. </s>
	</p>
	<p n="383">
	  <s n="455"> The Special Representative on the situation of human rights in the Democratic People&apos;s Republic of Korea made a presentation and engaged in a dialogue with the representatives of the Democratic People&apos;s Republic of Korea, Portugal (on behalf of the European Union), the United States, Japan, Canada and the Republic of Korea. </s>
	</p>
	<p n="384">
	  <s n="456"> The Independent Expert on the situation of human rights in Burundi made a presentation and engaged in a dialogue with the representatives of Burundi, Portugal (on behalf of the European Union), Guinea-Bissau, the United Republic of Tanzania, the United States and Cameroon. </s>
	</p>
	<p n="385">
	  <s n="457"> The Independent Expert on the situation of human rights in the Democratic Republic of the Congo made a presentation and engaged in a dialogue with the representatives of the Democratic Republic of the Congo, Rwanda, Guinea-Bissau, Canada, the United States, Portugal (on behalf of the European Union) and Burundi. </s>
	</p>
	<p n="386">
	  <s n="458"> Organization of work </s>
	</p>
	<p n="387">
	  <s n="459"> The Chairman made a statement. </s>
	</p>
	<p n="388">
	  <s n="460"> The Secretary made a statement. </s>
	</p>
	<p n="389">
	  <s n="461"> Fifth Committee </s>
	</p>
	<p n="390">
	  <s n="462"> 11th meeting Proposed programme budget for the biennium 2008-2009 </s>
	</p>
	<p n="391">
	  <s n="463"> The Committee continued its consideration of this agenda item. </s>
	</p>
	<p n="392">
	  <s n="464"> Proposed programme budget for the biennium 2008-2009 and related reports </s>
	</p>
	<p n="393">
	  <s n="465"> Statements were made by the representatives of Egypt, China, Ethiopia, Indonesia, Brazil, Gabon, Norway, Cuba, India, Nigeria, Viet Nam, Singapore, the Russian Federation, Cameroon, the Sudan, Kuwait, the Philippines, Qatar, Pakistan (on behalf of the Group of 77 and China), South Africa, Guatemala and Nicaragua. </s>
	</p>
	<p n="394">
	  <s n="466"> The Under-Secretary-General for Management and Controller replied to questions raised. </s>
	</p>
	<p n="395">
	  <s n="467"> The Chairman of the Advisory Committee on Administrative and Budgetary Questions replied to questions raised. </s>
	</p>
	<p n="396">
	  <s n="468"> The Committee thus concluded its general discussion of this question. </s>
	</p>
	<p n="397">
	  <s n="469"> The Chairman informed the Committee that informal consultations on this question would begin on Wednesday, 31 October, in the morning, in Conference Room 5, under the chairmanship of Mr. Alejandro Torres Lepori (Argentina). </s>
	</p>
	<p n="398">
	  <s n="470"> Sixth Committee </s>
	</p>
	<p n="399">
	  <s n="471"> 16th meeting The rule of law at the national and international levels </s>
	</p>
	<p n="400">
	  <s n="472"> The Committee continued its consideration of agenda item 86. </s>
	</p>
	<p n="401">
	  <s n="473"> Statements were made by the representatives of Thailand, Chile, Algeria, the Bolivarian Republic of Venezuela, the United Republic of Tanzania, Japan, Tunisia, the Republic of Korea, Kenya, South Africa, the United States, Kuwait, Norway, Israel, Pakistan, the Islamic Republic of Iran, El Salvador, the Russian Federation, Morocco, Albania, the Syrian Arab Republic and Latvia. </s>
	  <s n="474"> The observers of the Observer State of the Holy See and of the International Development Law Organization (IDLO) also made statements. </s>
	</p>
	<p n="402">
	  <s n="475"> The Committee thus concluded its debate on agenda item 86. </s>
	</p>
	<p n="403">
	  <s n="476"> Measures to eliminate international terrorism </s>
	</p>
	<p n="404">
	  <s n="477"> The Committee continued its consideration of agenda item 108. </s>
	</p>
	<p n="405">
	  <s n="478"> The Chairman of the Working Group of the Sixth Committee on Measures to Eliminate International Terrorism presented his oral report on the work of the Working Group. </s>
	</p>
	<p n="406">
	  <s n="479"> 17th meeting Criminal accountability of United Nations officials and experts on mission </s>
	</p>
	<p n="407">
	  <s n="480"> The Committee continued its consideration of agenda item 80. </s>
	</p>
	<p n="408">
	  <s n="481"> The Chairperson of the Working Group of the Sixth Committee on Criminal accountability of United Nations officials and experts on mission presented her oral report on the work of the Working Group. </s>
	</p>
	<p n="409">
	  <s n="482"> General information </s>
	</p>
	<p n="410">
	  <s n="483"> Chairmen of regional groups </s>
	</p>
	<p n="411">
	  <s n="484"> The following information regarding the chairmanship of the regional groups for the month of October 2007 has been communicated to the Secretariat: </s>
	</p>
	<p n="412">
	  <s n="485"> African States: </s>
	</p>
	<p n="413">
	  <s n="486"> Benin </s>
	</p>
	<p n="414">
	  <s n="487"> H.E. Mr. Jean-Marie Ehouzou </s>
	</p>
	<p n="415">
	  <s n="488"> Asian States: </s>
	</p>
	<p n="416">
	  <s n="489"> Republic of Korea </s>
	</p>
	<p n="417">
	  <s n="490"> H.E. Mr. Hyun Chong Kim </s>
	</p>
	<p n="418">
	  <s n="491"> Eastern European States: </s>
	</p>
	<p n="419">
	  <s n="492"> Poland </s>
	</p>
	<p n="420">
	  <s n="493"> H.E. Mr. Andrzej Towpik </s>
	</p>
	<p n="421">
	  <s n="494"> Latin American and Caribbean States: </s>
	</p>
	<p n="422">
	  <s n="495"> Peru </s>
	</p>
	<p n="423">
	  <s n="496"> H.E. Mr. Jorge Voto-Bernales </s>
	</p>
	<p n="424">
	  <s n="497"> Western European and other States: </s>
	</p>
	<p n="425">
	  <s n="498"> Turkey H.E. Mr. Baki İlkin </s>
	</p>
	<p n="426">
	  <s n="499"> Web sites Presidency of the General Assembly: www.un.org/arabic/ga/president www.un.org/chinese/ga/president www.un.org/ga/president www.un.org/french/ga/president www.un.org/russian/ga/president www.un.org/spanish/ga/president </s>
	</p>
	<p n="427">
	  <s n="500"> General Assembly: www.un.org/arabic/ga www.un.org/chinese/ga www.un.org/ga www.un.org/french/ga www.un.org/russian/ga www.un.org/spanish/ga </s>
	</p>
	<p n="428">
	  <s n="501"> Department for General Assembly and Conference Management: www.un.org/Depts/DGACM/index_arabic.htm www.un.org/Depts/DGACM/index_chinese.htm www.un.org/Depts/DGACM/index_eng.htm www.un.org/Depts/DGACM/index_french.htm www.un.org/Depts/DGACM/index_russian.htm www.un.org/Depts/DGACM/index_spanish.htm </s>
	</p>
	<p n="429">
	  <s n="502"> Presidency of the Security Council: www.un.org/Docs/sc/presidency/header.htm www.un.org/french/docs/sc/presidency/ www.un.org/spanish/docs/presidency/ </s>
	</p>
	<p n="430">
	  <s n="503"> Security Council: www.un.org/arabic/sc/ www.un.org/chinese/aboutun/prinorgs/sc/ www.un.org/sc/ www.un.org/french/docs/cs/ www.un.org/russian/sc/ www.un.org/spanish/docs/sc/ </s>
	</p>
	<p n="431">
	  <s n="504"> Security Council Committee established pursuant to resolution 1373 (2001) concerning counter-terrorism: www.un.org/arabic/documents/SCCommittees/1373 www.un.org/chinese/aboutun/prinorgs/sc/committees/1373/1373.htm www.un.org/docs/sc/committees/1373 www.un.org/french/docs/sc/committees/1373 www.un.org/russian/documen/scdocs/committees/1373 www.un.org/spanish/docs/comites/1373/index.html </s>
	</p>
	<p n="432">
	  <s n="505"> Economic and Social Council: www.un.org/arabic/ecosoc/ www.un.org/esa/coordination/ecosoc/ www.un.org/french/ecosoc/ www.un.org/russian/ecosoc www.un.org/spanish/documents/esc/index.htm www.un.org/chinese/ecosoc/2005/ </s>
	</p>
	<p n="433">
	  <s n="506"> Department of Economic and Social Affairs: www.un.org/arabic/esa www.un.org/chinese/esa www.un.org/esa www.un.org/french/esa www.un.org/russian/esa www.un.org/spanish/esa </s>
	</p>
	<p n="434">
	  <s n="507"> Department of Political Affairs: www.un.org/depts/dpa www.un.org/depts/dpa/electoral www.un.org/depts/dpa/scaffairs www.un.org/depts/dpa/decolonization www.un.org/depts/dpa/palestine </s>
	</p>
	<p n="435">
	  <s n="508"> Presidency of the European Union: http://europa-eu-un.org </s>
	</p>
	<p n="436">
	  <s n="509"> Journal of the United Nations: www.un.org/Docs/journal/Ar/latesta.pdf www.un.org/Docs/journal/Ch/latestc.pdf www.un.org/Docs/journal/En/lateste.pdf www.un.org/Docs/journal/Fr/latestf.pdf www.un.org/Docs/journal/Ru/latestr.pdf www.un.org/Docs/journal/Sp/latests.pdf </s>
	</p>
	<p n="437">
	  <s n="510"> United Nations Webcast: www.un.org/webcast </s>
	</p>
	<p n="438">
	  <s n="511"> Daily list of documents issued at Headquarters </s>
	</p>
	<p n="439">
	  <s n="512"> With the exception of sales publications and public information material, hyperlinked official documents listed hereunder may be accessed through the Official Document System of the United Nations in the electronic version of the present Journal. </s>
	  <s n="513"> The list contains documents issued by 2 p.m. on Friday, 26 October 2007. </s>
	</p>
	<p n="440">
	  <s n="514"> Symbol Main title </s>
	</p>
	<p n="441">
	  <s n="515"> General Assembly Documents </s>
	</p>
	<p n="442">
	  <s n="516"> Sixty-second session </s>
	</p>
	<p n="443">
	  <s n="517"> A/62/7/Add.3 Items 127 and 128 -- Programme budget for the biennum 2006-2007 -- Proposed programme budget for the biennum 2008-2009 -- Administrative expenses of the United Nations Joint Staff Pension Fund -- Fourth report of the Advisory Committee on Administrative and Budgetary Questions [A C E F R S] </s>
	</p>
	<p n="444">
	  <s n="518"> A/62/66/Add.1 Item 79 (a) of the provisional agenda -- Oceans and the law of the sea -- Report of the Secretary-General [A C E F R S] </s>
	</p>
	<p n="445">
	  <s n="519"> A/62/498 Item 70 (c) -- Promotion and protection of human rights: human rights situations and reports of special rapporteurs and representatives -- Situation of human rights in Myanmar -- Report of the Secretary-General [A C E F R S] </s>
	</p>
	<p n="446">
	  <s n="520"> A/62/499-S/2007/625 Item 22 -- Question of Cyprus -- Letter dated 19 October 2007 from the Permanent Representative of Turkey to the United Nations addressed to the Secretary-General [A C E F R S] </s>
	</p>
	<p n="447">
	  <s n="521"> A/62/500-S/2007/626 Item 22 -- Question of Cyprus -- Letter dated 19 October 2007 from the Permanent Representative of Turkey to the United Nations addressed to the Secretary-General [A C E F R S] </s>
	</p>
	<p n="448">
	  <s n="522"> A/62/L.5* Reissued for technical reasons [A C E F R S] </s>
	</p>
	<p n="449">
	  <s n="523"> A/INF/62/4/Rev.1 Programme of work of the General Assembly -- Schedule of plenary meetings -- Note by the President of the General Assembly [A C E F R S] </s>
	</p>
	<p n="450">
	  <s n="524"> First Committee </s>
	</p>
	<p n="451">
	  <s n="525"> A/C.1/62/L.37 Item 105 -- Convention on the Prohibition of the Development, Production and Stockpiling of Bacteriological (Biological) and Toxin Weapons and on Their Destruction -- Hungary: draft resolution [A C E F R S] </s>
	</p>
	<p n="452">
	  <s n="526"> A/C.1/62/L.50 Item 98 (j) -- General and complete disarmament: relationship between disarmament and development -- Indonesia: draft resolution [A C E F R S] </s>
	</p>
	<p n="453">
	  <s n="527"> A/C.1/62/L.52 Item 99 (e) -- Review and implementation of the Concluding Document of the Twelfth Special Session of the General Assembly: regional confidence-building measures: activities of the United Nations Standing Advisory Committee on Security Questions in Central Africa -- Cameroon: draft resolution [A C E F R S] </s>
	</p>
	<p n="454">
	  <s n="528"> A/C.1/62/L.53 Item 98 (e) -- General and complete disarmament: preventing the risk of radiological terrorism -- Barbados: amendments to draft resolution A/C.1/62/L.46 -- Preventing the acquisition by terrorists of radioactive materials and sources [A C E F R S] </s>
	</p>
	<p n="455">
	  <s n="529"> Second Committee </s>
	</p>
	<p n="456">
	  <s n="530"> A/C.2/62/7 Item 54 (e) -- Sustainable development: implementation of the United Nations Convention to Combat Desertification in Those Countries Experiencing Serious Drought and/or Desertification, Particularly in Africa -- The ten-year strategic plan and framework to enhance the implementation of the United Nations Convention to Combat Desertification (2008-2018) -- Note by the Secretariat [A C E F R S] </s>
	</p>
	<p n="457">
	  <s n="531"> A/C.2/62/8 Item 54 (i) -- Sustainable development: promotion of new and renewable sources of energy -- Letter dated 15 October 2007 from the Permanent Representative of the Syrian Arab Republic to the United Nations addressed to the Secretary-General [A C E F R S] </s>
	</p>
	<p n="458">
	  <s n="532"> A/C.2/62/L.4 Item 59 (b) -- Operational activities for development: triennial comprehensive policy review of operational activities for development of the United Nations system -- Pakistan: draft resolution [A C E F R S] </s>
	</p>
	<p n="459">
	  <s n="533"> A/C.2/62/L.7 Item 41 -- Permanent sovereignty of the Palestinian people in the Occupied Palestinian Territory, including East Jerusalem, and of the Arab population in the occupied Syrian Golan over their natural resources -- Algeria, Bahrain, Cuba, Djibouti, Egypt, Indonesia, Iraq, Jordan, Kuwait, Lebanon, Libyan Arab Jamahiriya, Malaysia, Mauritania, Morocco, Oman, Pakistan, Qatar, Saudi Arabia, Somalia, South Africa, Sudan, Tunisia, United Arab Emirates, Venezuela (Bolivarian Republic of), Yemen and Palestine: draft resolution [A C E F R S] </s>
	</p>
	<p n="460">
	  <s n="534"> Third Committee </s>
	</p>
	<p n="461">
	  <s n="535"> A/C.3/62/L.25 Item 70 (a) -- Promotion and protection of human rights: implementation of human rights instruments -- Albania, Argentina, Armenia, Austria, Belgium, Benin, Bolivia, Bosnia and Herzegovina, Bulgaria, Chile, Costa Rica, Croatia, Cyprus, Czech Republic, Denmark, Ecuador, El Salvador, Estonia, Finland, France, Georgia, Germany, Guatemala, Honduras, Hungary, Iceland, Ireland, Italy, Latvia, Liechtenstein, Luxembourg, Malaysia, Mexico, Moldova, Netherlands, New Zealand, Nigeria, Norway, Panama, Peru, Poland, Portugal, Romania, Serbia, Slovakia, Slovenia, Spain, Sweden, Switzerland, the former Yugoslav Republic of Macedonia, the United Kingdom of Great Britain and Northern Ireland and the Bolivarian Republic of Venezuela: draft resolution -- International Covenants on Human Rights [A C E F R S] </s>
	</p>
	<p n="462">
	  <s n="536"> A/C.3/62/L.26 Item 70 (a) -- Promotion and protection of human rights: implementation of human rights instruments -- Argentina, Austria, Belgium, Bosnia and Herzegovina, Brazil, Bulgaria, Costa Rica, Croatia, Czech Republic, Denmark, Estonia, Finland, Germany, Guatemala, Honduras, Hungary, Iceland, Ireland, Latvia, Liechtenstein, Luxembourg, Mexico, Montenegro, Netherlands, New Zealand, Nigeria, Norway, Poland, Portugal, Romania, Serbia, Sweden, Switzerland, the former Yugoslav Republic of Macedonia and Turkey: draft resolution -- Torture and other cruel, inhuman or degrading treatment or punishment [A C E F R S] </s>
	</p>
	<p n="463">
	  <s n="537"> A/C.3/62/L.27 Item 70 (a) -- Promotion and protection of human rights: implementation of human rights instruments -- Belarus: amendment to draft resolution A/C.3/62/L.26 -- Torture and other cruel, inhuman or degrading treatment or punishment [A C E F R S] </s>
	</p>
	<p n="464">
	  <s n="538"> A/C.3/62/L.28 Item 70 (f) -- Promotion and protection of human rights: celebration of the sixtieth anniversary of the Universal Declaration of Human Rights -- Benin: draft resolution -- International Year of Human Rights Learning [A C E F R S] </s>
	</p>
	<p n="465">
	  <s n="539"> Fifth Committee </s>
	</p>
	<p n="466">
	  <s n="540"> A/C.5/62/4 Item 114 (a) -- Appointments to fill vacancies in subsidiary organs and other appointments -- Appointment of members of the Advisory Committee on Administrative and Budgetary Questions -- Note by the Secretary-General [A C E F R S] </s>
	</p>
	<p n="467">
	  <s n="541"> A/C.5/62/8 Item 114 (e) -- Appointments to fill vacancies in subsidiary organs and other appointments -- Appointment of members of the United Nations Administrative Tribunal -- Note by the Secretary-General [A C E F R S] </s>
	</p>
	<p n="468">
	  <s n="542"> Security Council Documents </s>
	</p>
	<p n="469">
	  <s n="543"> S/2007/607 Letter dated 17 October 2007 from the Permanent Representative of South Africa to the United Nations addressed to the President of the Security Council [A C E F R S] </s>
	</p>
	<p n="470">
	  <s n="544"> A/62/499-S/2007/625 Letter dated 19 October 2007 from the Permanent Representative of Turkey to the United Nations addressed to the Secretary-General [A C E F R S] </s>
	</p>
	<p n="471">
	  <s n="545"> A/62/500-S/2007/626 Letter dated 19 October 2007 from the Permanent Representative of Turkey to the United Nations addressed to the Secretary-General [A C E F R S] </s>
	</p>
	<p n="472">
	  <s n="546"> S/Agenda/5769 Provisional agenda [A C E F R S] </s>
	</p>
	<p n="473">
	  <s n="547"> Secretariat </s>
	</p>
	<p n="474">
	  <s n="548"> ST/IC/2007/43 Information circular -- Visa status while on mission service [E F (only)] </s>
	</p>
	<p n="475">
	  <s n="549"> Communications to the Editor </s>
	</p>
	<p n="476">
	  <s n="550"> Material for inclusion in the Journal may be sent to Ms. Lilian Delgado (e-mail journal@un.org (cc: deschenes@un.org); fax 1 (212) 963-4790; room S-2370; tel. </s>
	  <s n="551"> 1 (212) 963-0493 and 963-3888). </s>
	</p>
	<p n="477">
	  <s n="552"> Office opens at 3 p.m. </s>
	</p>
	<p n="478">
	  <s n="553"> Published at Headquarters, New York, by the Department for General Assembly and Conference Management. </s>
	</p>
	</body>
</text>
</DOC>