<?xml version="1.0" encoding="UTF-8"?>
<DOC lang="English" n="N0655999" id="JOURNAL NO.2006/204" date="2006/10/23">
<text>
	<body>
	<p n="1">
	  <s n="1"> Official meetings </s>
	</p>
	<p n="2">
	  <s n="2"> Monday, 23 October 2006 </s>
	</p>
	<p n="3">
	  <s n="3"> General Assembly </s>
	</p>
	<p n="4">
	  <s n="4"> Sixty-first session </s>
	</p>
	<p n="5">
	  <s n="5"> Main Committees </s>
	</p>
	<p n="6">
	  <s n="6"> First Committee </s>
	</p>
	<p n="7">
	  <s n="7"> 3-6 p.m. 19th meeting Conference Room 2 </s>
	</p>
	<p n="8">
	  <s n="8"> Action on all draft resolutions submitted under disarmament and international security agenda items (items 82 to 97): item 82 (A/61/133 and A/61/133/Add.1); item 83 (A/61/183, A/61/190 and A/C.1/61/L.46); item 84 (A/C.1/61/L.22); item 85 (A/61/161 and A/C.1/61/L.35); item 86 (A/C.1/61/L.50); item 87 (A/61/140 (Part I), A/61/140 (Part II) and A/C.1/61/L.1); item 88 (A/C.1/61/L.45); item 89 (A/C.1/61/L.10/Rev.1); item 90 (A/61/98, A/61/112, A/61/113, A/61/114, A/61/116, A/61/118, A/61/118/Add.1, A/61/124, A/61/127, A/61/127/Add.1, A/61/159, A/61/159/Corr.1, A/61/159/Corr.2, A/61/159/Add.1, A/61/159/Add.1/Corr.1, A/61/164, A/61/168, A/C.1/61/5, A/C.1/61/7, A/C.1/61/L.3, A/C.1/61/L.4, A/C.1/61/L.5, A/C.1/61/L.6, A/C.1/61/L.7, A/C.1/61/L.8, A/C.1/61/L.13/Rev.1, A/C.1/61/L.15, A/C.1/61/L.16, A/C.1/61/L.17, A/C.1/61/L.19, A/C.1/61/L.20, A/C.1/61/L.21*, A/C.1/61/L.23, A/C.1/61/L.25, A/C.1/61/L.26, A/C.1/61/L.30, A/C.1/61/L.32*, A/C.1/61/L.34, A/C.1/61/L.36, A/C.1/61/L.37, A/C.1/61/L.38, A/C.1/61/L.39, A/C.1/61/L.40, A/C.1/61/L.41, A/C.1/61/L.42, A/C.1/61/L.43, A/C.1/61/L.44, A/C.1/61/L.47/Rev.1, A/C.1/61/L.49, A/C.1/61/L.52, </s>
	</p>
	<p n="9">
	  <s n="9"> (continued overleaf) </s>
	</p>
	<p n="10">
	  <s n="10"> Security Council </s>
	</p>
	<p n="11">
	  <s n="11"> The Security Council will hold an open debate on Thursday, 26 October 2006, in the Security Council Chamber, in connection with the agenda item “Women and peace and security”. </s>
	  <s n="12"> Member States wishing to inscribe their names on the list of speakers should contact the Secretariat (room S-3520; fax 1 (212) 963-7878; tel. </s>
	  <s n="13"> 1 (212) 963-5263), as from Friday, 20 October 2006, from 9.30 a.m. to 6 p.m. Delegations are also kindly requested to limit their statement to no more than four minutes. </s>
	</p>
	<p n="12">
	  <s n="14"> A/C.1/61/L.53, A/C.1/61/L.54/Rev.1, A/C.1/61/L.55, A/61/169, A/61/169/Add.1, A/61/171, A/61/171/Add.1, A/61/261, A/61/288, A/61/293, A/61/344-S/2006/741 and A/61/520); item 91 (A/61/130, A/61/130/Corr.1, A/61/137, A/61/157, A/61/163, A/61/215, A/61/365, A/C.1/61/L.9, A/C.1/61/L.12, A/C.1/61/L.14, A/C.1/61/L.24, A/C.1/61/L.28, A/C.1/61/L.31, A/C.1/61/L.33 and A/C.1/61/L.51); item 92 (A/61/180, A/61/297, A/C.1/61/L.11, A/C.1/61/L.27 and A/C.1/61/L.29); item 93 (A/61/160 (Part II), A/C.1/61/L.2 and A/61/140 (Part II)); item 94 (A/C.1/61/L.18); item 95 (A/61/123 and A/C.1/61/L.34); item 96 (A/61/134, A/61/184 and A/C.1/61/L.48); and item 97 (A/C.1/61/L.27) </s>
	</p>
	<p n="13">
	  <s n="15"> [Other documents: A/C.1/61/1, A/C.1/61/2, A/C.1/61/3, A/C.1/61/4, A/C.1/61/5, A/C.1/61/6, A/C.1/61/7 and A/C.1/61/INF/1] </s>
	</p>
	<p n="14">
	  <s n="16"> Special Political and Decolonization Committee (Fourth Committee) </s>
	</p>
	<p n="15">
	  <s n="17"> 10 a.m.-1 p.m. 15th meeting Conference Room 2 </s>
	</p>
	<p n="16">
	  <s n="18"> International cooperation in the peaceful uses of outer space </s>
	</p>
	<p n="17">
	  <s n="19"> Action on draft resolutions A/C.4/61/L.2/Rev.1 and A/C.4/61/L.3/Rev.1 </s>
	</p>
	<p n="18">
	  <s n="20"> Comprehensive review of the whole question of peacekeeping operations in all their aspects </s>
	</p>
	<p n="19">
	  <s n="21"> General debate </s>
	</p>
	<p n="20">
	  <s n="22"> Second Committee </s>
	</p>
	<p n="21">
	  <s n="23"> 3-5 p.m. Conference Room 4 </s>
	</p>
	<p n="22">
	  <s n="24"> Panel discussion on the theme “Innovative finance to combat climate change” </s>
	</p>
	<p n="23">
	  <s n="25"> Panellists: </s>
	</p>
	<p n="24">
	  <s n="26"> Prof. Robert N. Stavins, John F. </s>
	  <s n="27"> Kennedy School of Government, Harvard University </s>
	</p>
	<p n="25">
	  <s n="28"> Prof. Jagdish N. Bhagwati, Economics Department, Columbia University </s>
	</p>
	<p n="26">
	  <s n="29"> Moderator: </s>
	</p>
	<p n="27">
	  <s n="30"> Mr. José Antonio Ocampo, Under-Secretary-General for Economic and Social Affairs, DESA </s>
	</p>
	<p n="28">
	  <s n="31"> 5-6 p.m. 18th meeting Conference Room 4 </s>
	</p>
	<p n="29">
	  <s n="32"> Globalization and interdependence (A/61/486) </s>
	</p>
	<p n="30">
	  <s n="33"> (a) Globalization and interdependence (A/61/286) </s>
	</p>
	<p n="31">
	  <s n="34"> (b) International migration and development (A/60/871, A/61/187, A/61/73, A/61/91, A/61/170, A/61/230, A/61/315, A/61/316, A/61/321, A/61/343, A/61/345, A/61/346, A/61/506, A/61/515 and A/C.2/61/2) </s>
	</p>
	<p n="32">
	  <s n="35"> (c) Culture and development (A/61/86, A/61/321 and A/61/378-S/2006/761) </s>
	</p>
	<p n="33">
	  <s n="36"> (d) Preventing and combating corrupt practices and transfer of assets of illicit origin and returning such assets, in particular to the countries of origin, consistent with the United Nations Convention against Corruption (A/61/177) </s>
	</p>
	<p n="34">
	  <s n="37"> (e) Integration of the economies in transition into the world economy (A/61/269, A/61/93, A/61/126 and A/61/181) </s>
	</p>
	<p n="35">
	  <s n="38"> Conclusion of general discussion </s>
	</p>
	<p n="36">
	  <s n="39"> [Note: The list of speakers for all items allocated to the Second Committee is open for inscription. </s>
	  <s n="40"> Delegations wishing to be inscribed are requested to contact the secretariat of the Committee (Ms. Dolores Lois (tel. </s>
	  <s n="41"> 1 (212) 963-2184; fax 1 (212) 963-5935)). </s>
	  <s n="42"> Delegations are reminded that the names of representatives, alternate representatives and advisers should be submitted to Vivian Pliner, Acting Secretary of the Second Committee (room S-2950E; fax 1 (212) 963-5935). </s>
	  <s n="43"> Delegations wishing to reserve rooms for informal consultations on Second Committee matters are requested to contact Ms. Danielle Maillard-Lejano (tel. </s>
	  <s n="44"> 1 (917) 367-5865; fax 1 (212) 963-5935; e-mail maillard-lejano@un.org). </s>
	  <s n="45"> ] </s>
	</p>
	<p n="37">
	  <s n="46"> Third Committee </s>
	</p>
	<p n="38">
	  <s n="47"> 11 a.m.-1 p.m. 27th meeting Conference Room 1 </s>
	</p>
	<p n="39">
	  <s n="48"> Promotion and protections of human rights (A/61/36, A/61/97, A/61/220 and A/61/280) </s>
	</p>
	<p n="40">
	  <s n="49"> (b) Human rights questions, including alternative approaches for improving the effective enjoyment of human rights and fundamental freedoms (A/61/211, A/61/267, A/61/281, A/61/287, A/61/289, A/61/306, A/61/311, A/61/312, A/61/324, A/61/325, A/61/338, A/61/340, A/61/348, A/61/352, A/61/353, A/61/384, A/61/464, A/61/465, A/61/476 , A/61/506 and A/61/5131) </s>
	</p>
	<p n="41">
	  <s n="50"> (c) Human rights situations and reports of special rapporteurs and representatives (A/61/276, A/61/349, A/61/360, A/61/374, A/61/369, A/61/369/Corr.11, A/61/469, A/61/470, A/61/475, A/61/489, A/61/504 and A/61/5261) </s>
	</p>
	<p n="42">
	  <s n="51"> Introductory statements by, and dialogue with: </s>
	</p>
	<p n="43">
	  <s n="52"> Special Representative of the Secretary-General on the situation of human rights defenders </s>
	</p>
	<p n="44">
	  <s n="53"> Special Rapporteur on torture and other cruel, inhuman or degrading treatment or punishment </s>
	</p>
	<p n="45">
	  <s n="54"> 3-6 p.m. 28th meeting Conference Room 1 </s>
	</p>
	<p n="46">
	  <s n="55"> Promotion and protection of human rights (A/61/36, A/61/97, A/61/220 and A/61/280) </s>
	</p>
	<p n="47">
	  <s n="56"> (b) Human rights questions, including alternative approaches for improving the effective enjoyment of human rights and fundamental freedoms (A/61/211, A/61/267, A/61/281, A/61/287, A/61/289, A/61/306, A/61/311, A/61/312, A/61/324, A/61/325, A/61/338, A/61/340, A/61/348, A/61/352, A/61/353, A/61/384, A/61/464, A/61/465, A/61/476, A/61/506 and A/61/5131) </s>
	</p>
	<p n="48">
	  <s n="57"> (c) Human rights situations and reports of special rapporteurs and representatives (A/61/276, A/61/349, A/61/360, A/61/374, A/61/369, A/61/369/Corr.11, A/61/469, A/61/470, A/61/475, A/61/489, A/61/504 and A/61/5261) </s>
	</p>
	<p n="49">
	  <s n="58"> 1 To be issued. </s>
	</p>
	<p n="50">
	  <s n="59"> Introductory statements by, and dialogue with: </s>
	</p>
	<p n="51">
	  <s n="60"> Representative of the Secretary-General on the human rights of internally displaced persons </s>
	</p>
	<p n="52">
	  <s n="61"> Special Rapporteur on freedom of religion or belief </s>
	</p>
	<p n="53">
	  <s n="62"> Special Rapporteur on the independence of judges and lawyers </s>
	</p>
	<p n="54">
	  <s n="63"> [Note: The list of speakers for the general discussion on all items allocated to the Third Committee is open. </s>
	  <s n="64"> Delegations are kindly requested to consult the draft programme of work of the Third Committee (A/C.3/61/L.1) prior to contacting the Secretariat with their request for inscription on the list (contact: Ms. Nancy Beteta (tel. </s>
	  <s n="65"> 1 (212) 963-5722; fax 1 (212) 963-5935)). </s>
	  <s n="66"> Delegations that have not submitted the names of their representatives, alternates and advisers are reminded to convey such information to the Secretary of the Third Committee, Mr. Moncef Khane (room S-2950D; fax 1 (212) 963-5935). </s>
	  <s n="67"> ] </s>
	</p>
	<p n="55">
	  <s n="68"> [Note: Delegations wishing to reserve rooms for informal consultations on Third Committee matters are requested to contact Ms. Danielle Maillard-Lejano (tel. </s>
	  <s n="69"> 1 (917) 367-5865; fax 1 (212) 963-5935; e-mail maillard-lejano@un.org). </s>
	  <s n="70"> ] </s>
	</p>
	<p n="56">
	  <s n="71"> Fifth Committee </s>
	</p>
	<p n="57">
	  <s n="72"> 10 a.m9th meeting Conference Room 3 </s>
	</p>
	<p n="58">
	  <s n="73"> Integrated and coordinated implementation of and follow-up to the outcomes of the major United Nations conferences and summits in the economic, social and related fields </s>
	</p>
	<p n="59">
	  <s n="74"> Follow-up to the Millennium Summit </s>
	</p>
	<p n="60">
	  <s n="75"> Review of the efficiency of the administrative and financial functioning of the United Nations </s>
	</p>
	<p n="61">
	  <s n="76"> Programme budget for the biennium 2006-2007 </s>
	</p>
	<p n="62">
	  <s n="77"> Scale of assessments for the apportionment of the expenses of the United Nations </s>
	</p>
	<p n="63">
	  <s n="78"> Human resources management </s>
	</p>
	<p n="64">
	  <s n="79"> Joint Inspection Unit </s>
	</p>
	<p n="65">
	  <s n="80"> Administrative and budgetary aspects of the financing of the United Nations peacekeeping operations </s>
	</p>
	<p n="66">
	  <s n="81"> United Nations reform: measures and proposals </s>
	</p>
	<p n="67">
	  <s n="82"> Investing in the United Nations: for a stronger Organization worldwide: detailed report: procurement reform (A/60/846/Add.5 and A/60/904) </s>
	</p>
	<p n="68">
	  <s n="83"> Report of the Joint Inspection Unit on procurement practices within the United Nations system (A/59/721 and A/59/721/Add.1) </s>
	</p>
	<p n="69">
	  <s n="84"> Introduction and general discussion </s>
	</p>
	<p n="70">
	  <s n="85"> Morning1-1 p.m. Informal consultations (closed) Conference Room 5 </s>
	</p>
	<p n="71">
	  <s n="86"> Informal consultations on agenda items 47, 113, 116, 117, 122, 123, 124, 132 and 149 (Integrated and coordinated implementation of and follow-up to the outcomes of the </s>
	</p>
	<p n="72">
	  <s n="87"> 1 Following the adjournment of the 9th meeting of the Fifth Committee. </s>
	</p>
	<p n="73">
	  <s n="88"> major United Nations conferences and summits in the economic, social and related fields; Follow-up to the Millennium Summit; Review of the efficiency of the administrative and financial functioning of the United Nations; Programme budget for the biennium 2006-2007; Scale of assessments for the apportionment of the expenses of the United Nations; Human resources management; Joint Inspection Unit; Administrative and budgetary aspects of the financing of the United Nations peacekeeping operations; United Nations reform: measures and proposals: Investing in the United Nations for a stronger Organization worldwide: detailed report: procurement reform (A/60/846/Add.5 and A/60/904); and Report of the Joint Inspection Unit on procurement practices within the United Nations system (A/59/721 and A/59/721/Add.1)) </s>
	</p>
	<p n="74">
	  <s n="89"> 3-6 p.m. Informal consultations (closed) Conference Room 5 </s>
	</p>
	<p n="75">
	  <s n="90"> Informal consultations on agenda items 118 (Programme planning (A/61/16, A/61/6 (Part one), A/61/6 (Prog.1), A/61/6 (Prog.2), A/61/6 (Prog.3), A/61/6 (Prog.4), A/61/6 (Prog.5), A/61/6 (Prog.6), A/61/6 (Prog.7), A/61/6 (Prog.8), A/61/6 (Prog.9), A/61/6 (Prog.10), A/61/6 (Prog.11), A/61/6 (Prog.12), A/61/6 (Prog.13), A/61/6 (Prog.14)/Rev.1, A/61/6 (Prog.15), A/61/6 (Prog.16), A/61/6 (Prog.17), A/61/6 (Prog.18), A/61/6 (Prog.19), A/61/6 (Prog.20), A/61/6 (Prog.21), A/61/6 (Prog.22), A/61/6 (Prog.23), A/61/6 (Prog.24), A/61/6 (Prog.25), A/61/6 (Prog.26), A/61/6 (Prog.27), A/61/125, A/61/64, A/61/83 and A/61/83/Corr.1)); and 115 (Financial reports and audited financial statements, and reports of the Board of Auditors (A/61/5 (Vol. I), A/61/5 (Vol. III), A/61/5 (Vol. IV), A/61/5/Add.1, A/61/5/Add.2, A/61/5/Add.3, A/61/5/Add.4, A/61/5/Add.5, A/61/5/Add.6, A/61/5/Add.7, A/61/5/Add.8, A/61/5/Add.9, A/61/5/Add.11 A/61/5/Add.11/Corr.1, A/61/5/Add.12, A/61/61/5/Add.12/Corr.1, A/61/182, A/61/214, A/61/214/Add.1 and A/61/350)) </s>
	</p>
	<p n="76">
	  <s n="91"> Sixth Committee </s>
	</p>
	<p n="77">
	  <s n="92"> 10 a.m.-1 p.m. 9th meeting Trusteeship Council Chamber </s>
	</p>
	<p n="78">
	  <s n="93"> Report of the International Law Commission on the work of its fifty-eighth session (A/61/10) </s>
	</p>
	<p n="79">
	  <s n="94"> [Note: The list of speakers for agenda item 78 (Report of the International Law Commission on the work of its fifty-eighth session) is open. </s>
	  <s n="95"> Delegations wishing to be inscribed on the list are kindly requested to contact the secretariat of the Sixth Committee (Ms. Marissa Amores (tel. </s>
	  <s n="96"> 1 (212) 963-5332; fax 1 (212) 963-1963)). </s>
	  <s n="97"> ] </s>
	</p>
	<p n="80">
	  <s n="98"> General Assembly </s>
	</p>
	<p n="81">
	  <s n="99"> Advisory Committee on Administrative and Budgetary Questions </s>
	</p>
	<p n="82">
	  <s n="100"> 11 a.m.-1 p.m. Closed meeting Conference Room 10 </s>
	</p>
	<p n="83">
	  <s n="101"> 3-6 p.m. Closed meeting Conference Room 10 </s>
	</p>
	<p n="84">
	  <s n="102"> Draft report </s>
	</p>
	<p n="85">
	  <s n="103"> General Assembly </s>
	</p>
	<p n="86">
	  <s n="104"> Sixty-first session </s>
	</p>
	<p n="87">
	  <s n="105"> Second Committee </s>
	</p>
	<p n="88">
	  <s n="106"> Informal “informal” consultations </s>
	</p>
	<p n="89">
	  <s n="107"> Facilitator, Ms. Katarzyna Kukier (Poland), under agenda item 51 (b) (International Financial System and Development) </s>
	</p>
	<p n="90">
	  <s n="108"> Monday, 23 October 2006, from 10 a.m. to 1 p.m. in Conference Room 8. </s>
	</p>
	<p n="91">
	  <s n="109"> Facilitator, Mr. Gustavo Ainchil (Argentina), under agenda item 69 (c) (Strengthening of the coordination of humanitarian and disaster relief assistance of the United Nations, including special economic assistance: Participation of volunteers, “White Helmets”, in the activities of the United Nations in the field of humanitarian relief, rehabilitation and technical cooperation for development) </s>
	</p>
	<p n="92">
	  <s n="110"> Monday, 23 October 2006, from 3 to 4 p.m. in Conference Room 8. </s>
	</p>
	<p n="93">
	  <s n="111"> Informal consultations convened by delegations </s>
	</p>
	<p n="94">
	  <s n="112"> Monday, 23 October 2006 </s>
	</p>
	<p n="95">
	  <s n="113"> Informal consultations on the draft resolution on trafficking in women and girls, under agenda item 61 (Third Committee) (convened by the delegation of the Philippines) </s>
	</p>
	<p n="96">
	  <s n="114"> 1.15-2.45 p.m. Closed meeting Conference Room C </s>
	</p>
	<p n="97">
	  <s n="115"> Informal consultations on the draft resolution on promotion and protection of human rights: human rights questions, including alternative approaches for improving the effective enjoyment of human rights and fundamental freedoms, under agenda item 67 (b) (Third Committee) (convened by the delegation of Lebanon) </s>
	</p>
	<p n="98">
	  <s n="116"> 1.15-2.45 p.m. Closed meeting Economic and Social Council Chamber </s>
	</p>
	<p n="99">
	  <s n="117"> Other meetings </s>
	</p>
	<p n="100">
	  <s n="118"> The information below is reproduced as received and does not imply any opinion or endorsement by the Secretariat of theUnited Nations. </s>
	</p>
	<p n="101">
	  <s n="119"> Monday, 23 October 2006 </s>
	</p>
	<p n="102">
	  <s n="120"> Assembly of the States Parties to the Statute of the International Criminal Court: Bureau meeting (organized by the Permanent Mission of Costa Rica) </s>
	</p>
	<p n="103">
	  <s n="121"> 9 a.m.-12 noon Closed meeting Conference Room B </s>
	</p>
	<p n="104">
	  <s n="122"> Mason Group (on First Committee matters) </s>
	</p>
	<p n="105">
	  <s n="123"> 9-9.45 a.m. Closed meeting Conference Room 6 </s>
	</p>
	<p n="106">
	  <s n="124"> 2006 United Nations Disarmament Fellowship Programme </s>
	</p>
	<p n="107">
	  <s n="125"> 9 a.m.-1 p.m. Closed meeting Conference Room E </s>
	</p>
	<p n="108">
	  <s n="126"> 2-6 p.m. Closed meeting Conference Room E </s>
	</p>
	<p n="109">
	  <s n="127"> Alliance of Small Island States (AOSIS): Working Group </s>
	</p>
	<p n="110">
	  <s n="128"> 10 a.m.-1 p.m. Closed meeting Conference Room D </s>
	</p>
	<p n="111">
	  <s n="129"> Central America n Integration System (SICA) (at the ambassadorial level) </s>
	</p>
	<p n="112">
	  <s n="130"> 12 noon-1 p.m. Closed meeting Conference Room B </s>
	</p>
	<p n="113">
	  <s n="131"> Briefing on “International protection for human rights defenders” (organized by the Permanent Mission of Norway, in cooperation with Human Rights First and the International Service for Human Rights (ISHR)) </s>
	</p>
	<p n="114">
	  <s n="132"> 1.15-2.30 p.m. Closed meeting Conference Room B </s>
	</p>
	<p n="115">
	  <s n="133"> Meeting of Legal Advisers </s>
	</p>
	<p n="116">
	  <s n="134"> 3-6 p.m. Closed meeting Conference Room 6 </s>
	</p>
	<p n="117">
	  <s n="135"> Other activities </s>
	</p>
	<p n="118">
	  <s n="136"> The information below is reproduced as received and does not imply any opinion or endorsement by the Secretariat of the United Nations. </s>
	</p>
	<p n="119">
	  <s n="137"> Monday, 23 October 2006 </s>
	</p>
	<p n="120">
	  <s n="138"> Panel discussion on “National implementation of Security Council resolution 1325 (2000) on women, peace and security: Ways forward” (sponsored by the Permanent Missions of Norway, Sweden and the United Kingdom, the Office of the Special Adviser on Gender Issues and Advancement of Women and the NGO Working Group on Women, Peace and Security) </s>
	</p>
	<p n="121">
	  <s n="139"> From 10 a.m. to 1 p.m., at the Henry Labouisse Hall, UNICEF House. </s>
	</p>
	<p n="122">
	  <s n="140"> [All are invited to attend. </s>
	  <s n="141"> For further information, please contact Ms. Katarina Salmela (tel. </s>
	  <s n="142"> 1 (917) 367-2252; e-mail salmela@un.org). </s>
	  <s n="143"> ] </s>
	</p>
	<p n="123">
	  <s n="144"> Briefing by the United Nations Conference on Trade and Development on its World Investment Report 2006 </s>
	</p>
	<p n="124">
	  <s n="145"> From 1.15 to 2.30 p.m. in Conference Room 9. </s>
	</p>
	<p n="125">
	  <s n="146"> [All are invited to attend. </s>
	  <s n="147"> ] </s>
	</p>
	<p n="126">
	  <s n="148"> Briefing on “Future of the special procedures” (organized by the NGO Committee on Human Rights, in cooperation with the Office of the High Commissioner for Human Rights (OHCHR)) </s>
	</p>
	<p n="127">
	  <s n="149"> From 1.15 to 2.30 p.m. in Conference Room 1. </s>
	</p>
	<p n="128">
	  <s n="150"> [All are invited to attend. </s>
	  <s n="151"> For further information, please contact Ms. Sharon Brandstein, OHCHR (tel. </s>
	  <s n="152"> ] </s>
	</p>
	<p n="129">
	  <s n="153"> Panel discussion on “Women and peace consolidation: Ensuring gender justice when political determination meets socio-economic realities -- The case of Liberia” (sponsored by the Co-Chairs of the Partners for Gender Justice in Conflict Affected Countries (Sweden and South Africa), in cooperation with UNIFEM and the International Legal Assistance Consortium) </s>
	</p>
	<p n="130">
	  <s n="154"> From 1.15 to 2.30 p.m. in Conference Room 8. </s>
	</p>
	<p n="131">
	  <s n="155"> [For further information, please contact Ms. Vina Nadjibulla (tel. </s>
	  <s n="156"> 1 (212) 906-6177; e-mail vina.nadjibulla@unifem.org). </s>
	  <s n="157"> ] </s>
	</p>
	<p n="132">
	  <s n="158"> Special event on “Maximizing economic benefits and strengthening resilience in SIDS through sustainable tourism -- Implementing the Mauritius Strategy” (organized by UN-OHRLLS and UNWTO) </s>
	</p>
	<p n="133">
	  <s n="159"> From 1.15 to 2.30 p.m. in Conference Room 7. </s>
	</p>
	<p n="134">
	  <s n="160"> [All are invited to attend. </s>
	  <s n="161"> For further information, please contact Mr. Om Pradhan (tel. </s>
	  <s n="162"> 1 (917) 367-5387; e-mail pradhano@un.org); or Mr. Rafeeuddin Ahmed (tel. </s>
	  <s n="163"> 1 (212) 906-5375; e-mail rafeeuddin.ahmed@unifem.org). </s>
	  <s n="164"> ] </s>
	</p>
	<p n="135">
	  <s n="165"> Press conferences </s>
	</p>
	<p n="136">
	  <s n="166"> The schedule below is tentative; up-to-date information can be obtained at &lt;www.un.org/News/ossg/conf.htm&gt;. </s>
	</p>
	<p n="137">
	  <s n="167"> Monday, 23 October 2006 </s>
	</p>
	<p n="138">
	  <s n="168"> Room S-226 </s>
	</p>
	<p n="139">
	  <s n="169"> 11 a.m. Mr. David Nabarro, Senior United Nations System Coordinator for Avian and Human Influenza (on developments since he was appointed one year ago, as well as on his recent trip to Southeast Asia, which included Myanmar) </s>
	</p>
	<p n="140">
	  <s n="170"> 12 noon Press briefing by the Spokesman </s>
	</p>
	<p n="141">
	  <s n="171"> 1 p.m. Mr. Vitit Muntabhorn, Special Rapporteur on the situation of human rights in the Democratic People&apos;s Republic of Korea </s>
	</p>
	<p n="142">
	  <s n="172"> 3 p.m. Mr. Manfred Nowak, Special Rapporteur on torture and other cruel, inhuman or degrading treatment or punishment (on his mandate) </s>
	</p>
	<p n="143">
	  <s n="173"> Forthcoming official meetings </s>
	</p>
	<p n="144">
	  <s n="174"> Wednesday, 25 October 2006 </s>
	</p>
	<p n="145">
	  <s n="175"> General Assembly </s>
	</p>
	<p n="146">
	  <s n="176"> Sixty-first session </s>
	</p>
	<p n="147">
	  <s n="177"> 3 p.m. 40th plenary meeting General Assembly Hall </s>
	</p>
	<p n="148">
	  <s n="178"> Election of five non-permanent members of the Security Council [103 (a)] </s>
	</p>
	<p n="149">
	  <s n="179"> Main Committees </s>
	</p>
	<p n="150">
	  <s n="180"> Second Committee </s>
	</p>
	<p n="151">
	  <s n="181"> Informal “informal” consultations </s>
	</p>
	<p n="152">
	  <s n="182"> Facilitator, Mrs. Irena Zubčević (Croatia), under agenda item 53 (a) (Implementation of Agenda 21, the Programme for the Further Implementation of Agenda 21 and the outcomes of the World Summit on Sustainable Development (International Year of Forests)) </s>
	</p>
	<p n="153">
	  <s n="183"> Wednesday, 25 October 2006, from 10.30 to 11.45 a.m. in Conference Room 8. </s>
	</p>
	<p n="154">
	  <s n="184"> Facilitator, Mr. Marcelo Suárez Salvia (Argentina), under agenda item 51 (c) (External debt crisis and development) </s>
	</p>
	<p n="155">
	  <s n="185"> Wednesday, 25 October 2006, from 12 noon to 1 p.m. in Conference Room 8; </s>
	</p>
	<p n="156">
	  <s n="186"> Tuesday, 31 October 2006, from 10 a.m. to 12 noon in Conference Room 6; and </s>
	</p>
	<p n="157">
	  <s n="187"> Thursday, 2 November 2006, from 10 to 11.30 a.m. in Conference Room 6. </s>
	</p>
	<p n="158">
	  <s n="188"> Facilitator, Mr. Andre Siregar (Indonesia) under agenda 55 (b) (International Migration and Development) </s>
	</p>
	<p n="159">
	  <s n="189"> Wednesday, 25 October 2006, from 3 to 6 p.m. in Conference Room 8; </s>
	</p>
	<p n="160">
	  <s n="190"> Friday, 27 October 2006, from 3 to 6 p.m. in Conference Room 6; </s>
	</p>
	<p n="161">
	  <s n="191"> Monday, 30 October 2006, from 3 to 6 p.m. in Conference Room 6; </s>
	</p>
	<p n="162">
	  <s n="192"> Wednesday, 1 November 2006, from 3 to 6 p.m. in Conference Room 6; and </s>
	</p>
	<p n="163">
	  <s n="193"> Friday, 3 November 2006, from 3 to 6 p.m. in Conference Room B. </s>
	</p>
	<p n="164">
	  <s n="194"> Facilitator, Ms. Sigrid Anna Oddsen (Norway), under agenda item 51 (d) (Commodities) </s>
	</p>
	<p n="165">
	  <s n="195"> Thursday, 26 October 2006, from 10 a.m. to 1 p.m. in Conference Room 6; </s>
	</p>
	<p n="166">
	  <s n="196"> Tuesday, 31 October 2006, from 3 to 6 p.m. in Conference Room 6; and </s>
	</p>
	<p n="167">
	  <s n="197"> Thursday, 2 November 2006, from 11.30 a.m. to 1.30 p.m. in Conference Room 6. </s>
	</p>
	<p n="168">
	  <s n="198"> Facilitator, Mr. Selwin Hart (Barbados), under agenda item 52 (Follow-up to and implementation of the outcome of the International Conference on Financing for Development) </s>
	</p>
	<p n="169">
	  <s n="199"> Thursday, 26 October 2006, from 3 to 4.30 p.m. in Conference Room 6; </s>
	</p>
	<p n="170">
	  <s n="200"> Monday, 30 October 2006, from 10 to 11.30 a.m. in Conference Room 6; and </s>
	</p>
	<p n="171">
	  <s n="201"> Thursday, 2 November 2006, from 4.30 to 6 p.m. in Conference Room 6. </s>
	</p>
	<p n="172">
	  <s n="202"> Facilitator, Ms. Vanessa Gomes (Portugal), under agenda item 51 (a) (International trade and development) </s>
	</p>
	<p n="173">
	  <s n="203"> Thursday, 26 October 2006, from 4.30 to 6 p.m. in Conference Room 6; </s>
	</p>
	<p n="174">
	  <s n="204"> Monday, 30 October 2006, from 11.30 a.m. to 1 p.m. in Conference Room 6; </s>
	</p>
	<p n="175">
	  <s n="205"> Wednesday, 1 November 2006, from 10 a.m. to 1 p.m. in Conference Room 6; and </s>
	</p>
	<p n="176">
	  <s n="206"> Friday, 3 November 2006, from 10 a.m. to 1 p.m. in Conference Room B. </s>
	</p>
	<p n="177">
	  <s n="207"> Facilitator, Mr. Leslie B. Gatan (Philippines), under agenda item 69 (b) (Special economic assistance to individual countries or regions) </s>
	</p>
	<p n="178">
	  <s n="208"> Friday, 27 October 2006, from 11 a.m. to 1 p.m. in Conference Room 6. </s>
	</p>
	<p n="179">
	  <s n="209"> Facilitator, Ms. Katarzyna Kukier (Poland), under agenda item 51 (b) (International Financial System and Development) </s>
	</p>
	<p n="180">
	  <s n="210"> Tuesday, 31 October 2006, from 12 noon to 1 p.m. in Conference Room 6; and </s>
	</p>
	<p n="181">
	  <s n="211"> Thursday, 2 November 2006, from 3 to 4.30 p.m. in Conference Room 6. </s>
	</p>
	<p n="182">
	  <s n="212"> Third Committee </s>
	</p>
	<p n="183">
	  <s n="213"> Listed below is the tentative schedule for introductory statements by Special Rapporteurs, Special Representatives, Independent Experts and other special mechanisms who will be presenting reports to the Third Committee: </s>
	</p>
	<p n="184">
	  <s n="214"> Wednesday, 25 October 2006 (agenda item 67): </s>
	</p>
	<p n="185">
	  <s n="215"> 10 a.m. </s>
	</p>
	<p n="186">
	  <s n="216"> Mr. Martin Scheinin (Special Rapporteur on the promotion and protection of human rights and fundamental freedoms while countering terrorism); Ms. Yakin Ertürk (Special Rapporteur on violence against women, its causes and consequences) - Oral report; Mr. Bernards Andrew Nyamwaya Mudho (Independent Expert on the effects of economic reform policies and foreign debt on the full enjoyment of all human rights, particularly economic, social and cultural rights) </s>
	</p>
	<p n="187">
	  <s n="217"> 3 p.m. </s>
	</p>
	<p n="188">
	  <s n="218"> Mr. Jean Ziegler (Special Rapporteur on the right to food); Mr. Akich Okola (Independent Expert on the situation of human rights in Burundi) </s>
	</p>
	<p n="189">
	  <s n="219"> Monday, 6 November (agenda items 65 and 66): </s>
	</p>
	<p n="190">
	  <s n="220"> 10 a.m. </s>
	</p>
	<p n="191">
	  <s n="221"> Mr. Doudou Diène (Special Rapporteur on contemporary forms of racism, racial discrimination, xenophobia and related intolerance); Ms. Amada Benavidez de Pérez (Chairperson of the Working Group on the use of mercenaries as a means of violating human rights and impeding the exercise of the right of peoples to self-determination) </s>
	</p>
	<p n="192">
	  <s n="222"> Fifth Committee </s>
	</p>
	<p n="193">
	  <s n="223"> The Fifth Committee will hold its 10th meeting on Wednesday, 25 October 2006, at 10 a.m. in Conference Room 3. </s>
	  <s n="224"> Informal consultations (closed) will be held following the adjournment of the 10th meeting in Conference Room 5. </s>
	</p>
	<p n="194">
	  <s n="225"> General Assembly </s>
	</p>
	<p n="195">
	  <s n="226"> Committee on Relations with the Host Country </s>
	</p>
	<p n="196">
	  <s n="227"> The 231st meeting of the Committee on Relations with the Host Country will be held on Monday, 30 October 2006, at 11 a.m. in the Economic and Social Council Chamber, with a view to considering and adopting the draft report. </s>
	</p>
	<p n="197">
	  <s n="228"> Economic and Social Council </s>
	</p>
	<p n="198">
	  <s n="229"> Committee of Experts on International Cooperation in Tax Matters </s>
	</p>
	<p n="199">
	  <s n="230"> Second session </s>
	</p>
	<p n="200">
	  <s n="231"> The second session of the Committee of Experts on International Cooperation in Tax Matters will take place from Monday, 30 October, to Friday, 3 November 2006, in Conference Room XX, at the Palais des Nations, Geneva. </s>
	</p>
	<p n="201">
	  <s n="232"> Delegations are kindly requested to submit the names of observers to the Financing for Development Office, DESA (fax 1 (212) 963-0443; e-mail ffdoffice@un.org). </s>
	  <s n="233"> For further information, please contact Mr. Masa Ohyama, Financing for Development Office (tel. </s>
	  <s n="234"> 1 (212) 963-4695; e-mail ohyama@un.org). </s>
	</p>
	<p n="202">
	  <s n="235"> Forthcoming informal consultations convened by delegations </s>
	</p>
	<p n="203">
	  <s n="236"> Informal consultations on the draft resolution on the situation in Afghanistan, under agenda item 16 (convened by the delegation of Germany) </s>
	</p>
	<p n="204">
	  <s n="237"> Wednesday, 25 October 2006, from 10 a.m. to 1 p.m. in Conference Room 7; and </s>
	</p>
	<p n="205">
	  <s n="238"> Tuesday, 31 October 2006, from 3 to 6 p.m. in the Economic and Social Council Chamber. </s>
	</p>
	<p n="206">
	  <s n="239"> Meeting of co-sponsors of the draft resolution on the report of the International Atomic Energy Agency, under agenda item 81 (convened by the delegation of Slovenia) </s>
	</p>
	<p n="207">
	  <s n="240"> Wednesday, 25 October 2006, at 10.30 a.m. in Conference Room B. </s>
	</p>
	<p n="208">
	  <s n="241"> Informal consultation on the draft resolution under agenda item 48 (2001-2010: Decade to Roll Back Malaria in Developing Countries, Particularly in Africa) (convened by the delegation of the United Republic of Tanzania, on behalf of the African Group) </s>
	</p>
	<p n="209">
	  <s n="242"> Wednesday, 25 October 2006, from 1.15 to 2.45 p.m. in Conference Room 5; </s>
	</p>
	<p n="210">
	  <s n="243"> Tuesday, 31 October 2006, from 1.15 to 2.45 p.m. in Conference Room 9; and </s>
	</p>
	<p n="211">
	  <s n="244"> Monday, 6 November 2006, from 1.15 to 2.45 p.m. in Conference Room 9. </s>
	</p>
	<p n="212">
	  <s n="245"> Informal consultations on the draft resolution on the in-depth study on violence against women, under agenda item 61 (Third Committee) (convened by the delegations of France and the Netherlands) </s>
	</p>
	<p n="213">
	  <s n="246"> Wednesday, 25 October 2006, from 3 to 6 p.m. in Conference Room C; and </s>
	</p>
	<p n="214">
	  <s n="247"> Friday, 27 October 2006, from 10 a.m. to 1 p.m. in Conference Room C. </s>
	</p>
	<p n="215">
	  <s n="248"> Informal consultations on the draft resolution on trafficking in women and girls, under agenda item 61 (Third Committee) (convened by the delegation of the Philippines) </s>
	</p>
	<p n="216">
	  <s n="249"> Thursday, 26 October 2006, from 10 a.m. to 1 p.m. in Conference Room C; and </s>
	</p>
	<p n="217">
	  <s n="250"> Tuesday, 31 October 2006, from 10 a.m. to 1 p.m. in Conference Room C. </s>
	</p>
	<p n="218">
	  <s n="251"> Meeting of co-sponsors of draft resolution on extrajudicial, summary or arbitrary executions, under agenda item 67 (b) (Third Committee) (convened by the delegation of Sweden) </s>
	</p>
	<p n="219">
	  <s n="252"> Thursday, 26 October 2006, from 1.15 to 2.45 p.m. in conference Room C. </s>
	</p>
	<p n="220">
	  <s n="253"> Informal consultations on the draft resolution on strengthening the United Nations Crime Prevention and Criminal Justice Programme, in particular its technical cooperation capacity, under agenda item 98 (Third Committee) (convened by the delegation of Italy) </s>
	</p>
	<p n="221">
	  <s n="254"> Thursday, 26 October 2006, from 3 to 6 p.m. in Conference Room C. </s>
	</p>
	<p n="222">
	  <s n="255"> Informal consultations on the draft resolution on Human rights questions, including alternative approaches for improving the effective enjoyment of human rights and fundamental freedoms, under agenda item 67 (b) (Third Committee) (convened by the delegation of Peru) </s>
	</p>
	<p n="223">
	  <s n="256"> Friday, 27 October 2006, from 3 to 5 p.m. in Conference Room B. </s>
	</p>
	<p n="224">
	  <s n="257"> Informal consultations on the draft resolution on strengthening emergency relief, rehabilitation, reconstruction, recovery and prevention in the aftermath of the Indian Ocean tsunami disaster, under agenda item 69 (a) (convened by the delegation of Indonesia, on behalf of the Association of Southeast Asian Nations (ASEAN)) </s>
	</p>
	<p n="225">
	  <s n="258"> Thursday, 26 October 2006, from 3 to 6 p.m. in Conference Room B; </s>
	</p>
	<p n="226">
	  <s n="259"> Monday, 30 October 2006, from 10 a.m. to 1 p.m. in Conference Room D; </s>
	</p>
	<p n="227">
	  <s n="260"> Friday, 3 November 2006, from 3 to 6 p.m. in Conference Room D; </s>
	</p>
	<p n="228">
	  <s n="261"> Monday, 6 November 2006, from 10 a.m. to 1 p.m. in Conference Room B; and </s>
	</p>
	<p n="229">
	  <s n="262"> Thursday, 9 November 2006, 10 a.m. to 1 p.m. in Conference Room 9. </s>
	</p>
	<p n="230">
	  <s n="263"> Other forthcoming meetings </s>
	</p>
	<p n="231">
	  <s n="264"> The information below is reproduced as received and does not imply any opinion or endorsement by the Secretariat of the United Nations. </s>
	</p>
	<p n="232">
	  <s n="265"> UNITAR French-language workshop on the structure, drafting and adoption of United Nations resolutions </s>
	</p>
	<p n="233">
	  <s n="266"> Wednesday, 25 October 2006, from 10 a.m. to 1 p.m. and from 3 to 5.30 p.m. in Conference Room 9; </s>
	</p>
	<p n="234">
	  <s n="267"> Thursday, 26 October 2006, from 3 to 5.30 p.m. in Conference Room 8; and </s>
	</p>
	<p n="235">
	  <s n="268"> Friday, 27 October 2006, from 3 to 6 p.m. in Conference Room 9. </s>
	</p>
	<p n="236">
	  <s n="269"> [For more information, please contact Ms. Laura Fähndrich (tel. </s>
	  <s n="270"> 1 (212) 963-9196; e-mail faehndrich@un.org). </s>
	  <s n="271"> ] </s>
	</p>
	<p n="237">
	  <s n="272"> Meeting of Legal Advisers </s>
	</p>
	<p n="238">
	  <s n="273"> Wednesday, 25 October 2006, at 3 p.m. in Conference Room 6. </s>
	</p>
	<p n="239">
	  <s n="274"> Non-Aligned Movement: Working Group on Human Rights </s>
	</p>
	<p n="240">
	  <s n="275"> Wednesday, 25 October 2006, from 3 to 6 p.m. in the Trusteeship Council Chamber; </s>
	</p>
	<p n="241">
	  <s n="276"> Thursday, 26 October 2006, from 1.15 to 2.30 p.m. in Conference Room B; and </s>
	</p>
	<p n="242">
	  <s n="277"> Friday, 27 October 2006, from 1.15 to 2.30 p.m. in Conference Room 9. </s>
	</p>
	<p n="243">
	  <s n="278"> Asian Group (monthly meeting) </s>
	</p>
	<p n="244">
	  <s n="279"> Friday, 27 October 2006, from 3 to 6 p.m. in the Economic and Social Council Chamber. </s>
	</p>
	<p n="245">
	  <s n="280"> Friends of the International Criminal Court </s>
	</p>
	<p n="246">
	  <s n="281"> Friday, 27 October 2006, from 1.15 to 2.45 p.m. in Conference room D. </s>
	</p>
	<p n="247">
	  <s n="282"> Meeting with the Registrar of the Court (in French) </s>
	</p>
	<p n="248">
	  <s n="283"> Tuesday, 31 October 2006, from 1.15 to 2.45 p.m. in Conference Room B; and </s>
	</p>
	<p n="249">
	  <s n="284"> Meeting with the Registrar of the Court (in English) </s>
	</p>
	<p n="250">
	  <s n="285"> Friday, 3 November 2006, from 1.15 to 2.45 p.m. in Conference Room B. </s>
	</p>
	<p n="251">
	  <s n="286"> UNITAR briefing on “Operationalizing the Peacebuilding Commission” </s>
	</p>
	<p n="252">
	  <s n="287"> Thursday, 2 November 2006, from 1.15 to 2.45 p.m. in Conference Room 9. </s>
	</p>
	<p n="253">
	  <s n="288"> [For further information, please contact Ms. </s>
	  <s n="289"> Sarah Rosengärtner (room DC1-603; tel. </s>
	  <s n="290"> 1 (212) 963-3021; rosengaertner@un.org). </s>
	  <s n="291"> ]. </s>
	</p>
	<p n="254">
	  <s n="292"> UNITAR/OLA Seminars on Deposit of Treaty Actions with the Secretary-General and the Registration of Treaties </s>
	</p>
	<p n="255">
	  <s n="293"> French Seminar </s>
	</p>
	<p n="256">
	  <s n="294"> Tuesday, 7 November 2006, from 10 a.m. to 1 p.m. and from 3 to 5.45 p.m. in Conference Room E; and </s>
	</p>
	<p n="257">
	  <s n="295"> English Seminar </s>
	</p>
	<p n="258">
	  <s n="296"> Wednesday, 8 November 2006, from 10 a.m. to 1 p.m. and from 3 to 4.30 p.m.; and Thursday, 9 November 2006, from 10 a.m. to 1 p.m. in Conference Room E. </s>
	</p>
	<p n="259">
	  <s n="297"> [For further information, please contact Ms. Catharina Goldschmidt (tel. </s>
	  <s n="298"> 1 (212) 963-9684; e-mail goldschmidt@un.org). </s>
	  <s n="299"> ] </s>
	</p>
	<p n="260">
	  <s n="300"> Other forthcoming activities </s>
	</p>
	<p n="261">
	  <s n="301"> The information below is reproduced as received and does not imply any opinion or endorsement by the Secretariat of the United Nations. </s>
	</p>
	<p n="262">
	  <s n="302"> Panel discussion on “Women, peace and posts” (sponsored by the Office of the Special Adviser on Gender Issues and Advancement of Women) </s>
	</p>
	<p n="263">
	  <s n="303"> Wednesday, 25 October 2006, from 1.15 to 2.30 p.m. in Conference Room 7. </s>
	</p>
	<p n="264">
	  <s n="304"> [All are invited to attend. </s>
	  <s n="305"> For further information, please contact Ms. Marilyn Dawson (tel. </s>
	  <s n="306"> 1 (212) 963-6143; e-mail dawsonm@un.org). </s>
	  <s n="307"> ] </s>
	</p>
	<p n="265">
	  <s n="308"> Panel discussion on “Why go solar now” (sponsored by the NGO Section of the Department of Economic and Social Affairs and the NGO Committee on Sustainable Development) </s>
	</p>
	<p n="266">
	  <s n="309"> Wednesday, 25 October 2006, from 1.30 to 2.45 p.m. in the Dag Hammarskjöld Library Auditorium. </s>
	</p>
	<p n="267">
	  <s n="310"> [All are invited. </s>
	  <s n="311"> For further information, please contact Ms. Roma Stibravy, Chairperson, NGO Committee on Sustainable Development (tel. </s>
	  <s n="312"> 1 (212) 703-5069; e-mail unngocsd@gmail.com). </s>
	  <s n="313"> ] </s>
	</p>
	<p n="268">
	  <s n="314"> Special briefing on “How SIDS can benefit from the Central Emergency Response Fund (CERF): Meeting the objectives of the Mauritius Strategy”, by the Assistant Secretary-General and Deputy Emergency Relief Coordinator (organized by UN-OHRLLS) </s>
	</p>
	<p n="269">
	  <s n="315"> Friday, 27 October 2006, from 1.15 to 2.30 p.m. in Conference Room 7. </s>
	</p>
	<p n="270">
	  <s n="316"> [All are invited. </s>
	  <s n="317"> For further information, please contact Mr. Om Pradhan (tel. </s>
	  <s n="318"> 1 (917) 367-5387; e-mail pradhano@un.org); or Mr. Robert Enholm (tel. </s>
	  <s n="319"> 1 (917) 367-4116; e-mail enholm@un.org). </s>
	  <s n="320"> ] </s>
	</p>
	<p n="271">
	  <s n="321"> Asian-African Legal Consultative Organization (AALCO) </s>
	</p>
	<p n="272">
	  <s n="322"> Monday, 30 October 2006, at 3 p.m. in the Economic and Social Council Chamber. </s>
	</p>
	<p n="273">
	  <s n="323"> Announcements </s>
	</p>
	<p n="274">
	  <s n="324"> Informational meetings with Member States to discuss issues relating to language services </s>
	</p>
	<p n="275">
	  <s n="325"> In accordance with the established practice mandated by the General Assembly, the Department for General Assembly and Conference Management holds informational meetings with Member States twice a year to consult with them on the improvement of the language services and to provide a channel for communication on terminology issues and the quality of services rendered. </s>
	  <s n="326"> The second round of language-specific informational meetings for this year will be held in October and November, according to the following schedule: </s>
	</p>
	<p n="276">
	  <s n="327"> Monday, 30 October, from 3 to 6 p.m.: Arabic </s>
	</p>
	<p n="277">
	  <s n="328"> Tuesday, 31 October, from 3 to 6 p.m.: Chinese </s>
	</p>
	<p n="278">
	  <s n="329"> Wednesday, 1 November, from 3 to 6 p.m.: English </s>
	</p>
	<p n="279">
	  <s n="330"> Thursday, 2 November, from 3 to 6 p.m.: French </s>
	</p>
	<p n="280">
	  <s n="331"> Friday, 3 November, from 10 a.m. to 1 p.m.: Russian </s>
	</p>
	<p n="281">
	  <s n="332"> Friday, 3 November, from 3 to 6 p.m.: Spanish </s>
	</p>
	<p n="282">
	  <s n="333"> All meetings will take place in Conference Room 8. </s>
	</p>
	<p n="283">
	  <s n="334"> Security Council Daily informal briefings </s>
	</p>
	<p n="284">
	  <s n="335"> As from Wednesday, 4 October 2006, and for the rest of the month, the presidency of the Security Council will conduct informal briefings daily on the current work of the Council for Member States of the United Nations, which are non-members of the Council, except on days on which no informal consultations are scheduled. </s>
	  <s n="336"> The briefings will take place immediately following the adjournment of the informal consultations. </s>
	</p>
	<p n="285">
	  <s n="337"> Recorded information </s>
	</p>
	<p n="286">
	  <s n="338"> Recorded information about previously unscheduled meetings and consultations of the whole of the Security Council may be obtained by calling 1 (212) 963-8530, or by clicking on “Daily Programme” on the Web site of the Security Council (&lt;www.un.org/Docs/sc&gt;). </s>
	</p>
	<p n="287">
	  <s n="339"> Prepared statements </s>
	</p>
	<p n="288">
	  <s n="340"> Speakers in the Security Council are advised that providing in advance copies of prepared statements which they intend to read out in the Council greatly facilitates the work of the Secretariat by permitting a sufficient number of copies to be distributed to all meeting participants and by assisting interpreters, verbatim reporters and press officers in maintaining the quality of the product delivered. </s>
	  <s n="341"> Both interpretations and verbatim records rely upon the statement actually delivered, but copies of texts help interpreters to correctly render details and nuances and help verbatim reporters to produce the written record more quickly. </s>
	  <s n="342"> Speakers are therefore encouraged, whenever possible, to provide copies of their statements, as early as possible in advance of delivery, to the Conference Officer in the Chamber. </s>
	</p>
	<p n="289">
	  <s n="343"> Delegations are kindly requested to make 40 copies for minimum distribution to Council members and relevant services, and 200 additional copies for general distribution in the Security Council Chamber. </s>
	</p>
	<p n="290">
	  <s n="344"> Delegations wishing to make statements available for the media are kindly requested to deliver 50 copies to the Media Documents Centre (room S-394). </s>
	</p>
	<p n="291">
	  <s n="345"> UNITAR Fellowship Programme at Columbia University Law School and UNITAR Visitors Programme at New York University School of Law, for diplomats accredited o the United Nations </s>
	</p>
	<p n="292">
	  <s n="346"> The deadline for registration is Monday, 23 October 2006. </s>
	  <s n="347"> For further information, please contact the UNITAR office (room DC1-603; tel. </s>
	  <s n="348"> 1 (212) 963-9684 or 963-9196; e-mail goldschmidt@un.org; or info@unitarny.org). </s>
	</p>
	<p n="293">
	  <s n="349"> Summary of official meetings </s>
	</p>
	<p n="294">
	  <s n="350"> Friday, 20 October 2006 </s>
	</p>
	<p n="295">
	  <s n="351"> General Assembly </s>
	</p>
	<p n="296">
	  <s n="352"> Sixty-first session </s>
	</p>
	<p n="297">
	  <s n="353"> 38th plenary meeting Organization of work, adoption of the agenda and allocation of items: second report of the General Committee (A/61/250/Add.1) </s>
	</p>
	<p n="298">
	  <s n="354"> The General Assembly, on the recommendation of the General Committee, decided to include in the agenda of its sixty-first session an additional item entitled “Commemoration of the two-hundredth anniversary of the abolition of the trans-Atlantic slave trade”, as item 155 under Heading I (Organizational, administrative and other matters) and that it be considered directly in plenary meeting. </s>
	</p>
	<p n="299">
	  <s n="355"> The General Assembly, on the recommendation of the General Committee, decided to include in the agenda of its sixty-first session an additional item entitled “Extension of the terms of the ad litem judges of the International Criminal Tribunal for the Prosecution of Persons Responsible for Genocide and Other Serious Violations of International Humanitarian Law Committed in the Territory of Rwanda and Rwandan Citizens Responsible for Genocide and Other Serious Violations Committed in the Territory of Neighbouring States between 1 January and 31 December 1994”, as item 156 under Heading I (Organizational, administrative and other matters) and that it be considered directly in plenary meeting. </s>
	</p>
	<p n="300">
	  <s n="356"> Cooperation between the United Nations and regional and other organizations: report of the Secretary-General (A/61/204) </s>
	</p>
	<p n="301">
	  <s n="357"> Cooperation between the United Nations and regional and other organizations [108 and (a) to (t)]: joint debate </s>
	</p>
	<p n="302">
	  <s n="358"> (a) Cooperation between the United Nations and the African Union: report of the Secretary-General (A/61/256) </s>
	</p>
	<p n="303">
	  <s n="359"> (b) Cooperation between the United Nations and the Asian-African Legal Consultative Organization: draft resolution (A/61/L.5) </s>
	</p>
	<p n="304">
	  <s n="360"> (c) Cooperation between the United Nations and the Association of Southeast Asian Nations: report of the Secretary-General (A/61/256) </s>
	</p>
	<p n="305">
	  <s n="361"> (d) Cooperation between the United Nations and the Black Sea Economic Cooperation Organization </s>
	</p>
	<p n="306">
	  <s n="362"> (i) Report of the Secretary-General (A/61/256) </s>
	</p>
	<p n="307">
	  <s n="363"> (ii) Draft resolution (A/61/L.4) </s>
	</p>
	<p n="308">
	  <s n="364"> (e) Cooperation between the United Nations and the Caribbean Community: report of the Secretary-General (A/61/256) </s>
	</p>
	<p n="309">
	  <s n="365"> (f) Cooperation between the United Nations and the Community of Portuguese-speaking Countries: report of the Secretary-General (A/61/256) </s>
	</p>
	<p n="310">
	  <s n="366"> (g) Cooperation between the United Nations and the Council of Europe: report of the Secretary-General (A/61/256) </s>
	</p>
	<p n="311">
	  <s n="367"> (h) Cooperation between the United Nations and the Economic Community of Central African States: report of the Secretary-General (A/61/256) </s>
	</p>
	<p n="312">
	  <s n="368"> (i) Cooperation between the United Nations and the Economic Cooperation Organization: report of the Secretary-General (A/61/256) </s>
	</p>
	<p n="313">
	  <s n="369"> (j) Cooperation between the United Nations and the International Organization of la Francophonie </s>
	</p>
	<p n="314">
	  <s n="370"> (i) Report of the Secretary-General (A/61/256) </s>
	</p>
	<p n="315">
	  <s n="371"> (ii) Draft resolution (A/61/L.7) </s>
	</p>
	<p n="316">
	  <s n="372"> (k) Cooperation between the United Nations and the Inter-Parliamentary Union: </s>
	</p>
	<p n="317">
	  <s n="373"> (i) Report of the Secretary-General (A/61/256) </s>
	</p>
	<p n="318">
	  <s n="374"> (ii) Draft resolution (A/61/L.6) </s>
	</p>
	<p n="319">
	  <s n="375"> (l) Cooperation between the United Nations and the Latin American Economic System </s>
	</p>
	<p n="320">
	  <s n="376"> (m) Cooperation between the United Nations and the League of Arab States: report of the Secretary-General (A/61/256) </s>
	</p>
	<p n="321">
	  <s n="377"> (n) Cooperation between the United Nations and the Organization for the Prohibition of Chemical Weapons </s>
	</p>
	<p n="322">
	  <s n="378"> (i) Report of the Secretary-General (A/61/256) </s>
	</p>
	<p n="323">
	  <s n="379"> (ii) Note by the Secretary-General (A/61/185) </s>
	</p>
	<p n="324">
	  <s n="380"> (o) Cooperation between the United Nations and the Organization for Security and Cooperation in Europe: report of the Secretary-General (A/61/256) </s>
	</p>
	<p n="325">
	  <s n="381"> (p) Cooperation between the United Nations and the Organization of American States: report of the Secretary-General (A/61/256) </s>
	</p>
	<p n="326">
	  <s n="382"> (q) Cooperation between the United Nations and the Organization of the Islamic Conference: report of the Secretary-General (A/61/256) </s>
	</p>
	<p n="327">
	  <s n="383"> (r) Cooperation between the United Nations and the Pacific Islands Forum: report of the Secretary-General (A/61/256) </s>
	</p>
	<p n="328">
	  <s n="384"> (s) Cooperation between the United Nations and the Preparatory Commission for the Comprehensive Nuclear-Test-Ban Treaty Organization </s>
	</p>
	<p n="329">
	  <s n="385"> (i) Report of the Secretary-General (A/61/256) </s>
	</p>
	<p n="330">
	  <s n="386"> (ii) Note by the Secretary-General (A/61/184) </s>
	</p>
	<p n="331">
	  <s n="387"> (t) Cooperation between the United Nations and the Southern African Development Community: report of the Secretary-General (A/61/256) </s>
	</p>
	<p n="332">
	  <s n="388"> The Executive-Secretary of the Preparatory Commission for the Comprehensive Nuclear-Test-Ban Treaty Organization, Mr. Tibor Tóth, made a statement, in the course of which he presented the report of the Preparatory Commission. </s>
	</p>
	<p n="333">
	  <s n="389"> The Director-General of the Organization for the Prohibition of Chemical Weapons, Mr. Rogelio Pfirter, made a statement, in the course of which he presented the report of the Organization. </s>
	</p>
	<p n="334">
	  <s n="390"> The representative of the Russian Federation made a statement, in the course of which he introduced draft resolution A/61/L.4. </s>
	</p>
	<p n="335">
	  <s n="391"> The representative of India made a statement, in the course of which he introduced draft resolution A/61/L.5. </s>
	</p>
	<p n="336">
	  <s n="392"> The representative of Italy made a statement, in the course of which he introduced draft resolution A/61/L.6. </s>
	</p>
	<p n="337">
	  <s n="393"> The representative of Romania (on behalf of the International Organization of la Francophonie) made a statement, in the course of which he introduced draft resolution A/61/L.7. </s>
	</p>
	<p n="338">
	  <s n="394"> Statements were made by the representatives of Ukraine (on behalf of GUAM), Papua New Guinea (on behalf of the Pacific Islands Forum), Saint Vincent and the Grenadines (on behalf of the Caribbean Community), Belgium (on behalf of the Organization for Security and Cooperation in Europe), Azerbaijan (on behalf of the Organization of the Islamic Conference and the Economic Cooperation Organization), Guinea-Bissau (on behalf of the Community of Portuguese-speaking Countries), Switzerland, the Sudan, the Islamic Republic of Iran, Egypt and China. </s>
	</p>
	<p n="339">
	  <s n="395"> Programme of work </s>
	</p>
	<p n="340">
	  <s n="396"> The Assembly was informed that agenda item 105 (c) (Election of the members of the United Nations International Law Commission) would be taken up on Thursday, 26 October 2006, in the afternoon, to consider the issuance of a consolidated list of candidates. </s>
	</p>
	<p n="341">
	  <s n="397"> 39th plenary meeting Cooperation between the United Nations and regional and other organizations: report of the Secretary-General (A/61/204) </s>
	</p>
	<p n="342">
	  <s n="398"> Cooperation between the United Nations and regional and other organizations [108 and (a) to (t)]: joint debate </s>
	</p>
	<p n="343">
	  <s n="399"> (a) Cooperation between the United Nations and the African Union: report of the Secretary-General (A/61/256) </s>
	</p>
	<p n="344">
	  <s n="400"> (b) Cooperation between the United Nations and the Asian-African Legal Consultative Organization: draft resolution (A/61/L.5) </s>
	</p>
	<p n="345">
	  <s n="401"> (c) Cooperation between the United Nations and the Association of Southeast Asian Nations: report of the Secretary-General (A/61/256) </s>
	</p>
	<p n="346">
	  <s n="402"> (d) Cooperation between the United Nations and the Black Sea Economic Cooperation Organization </s>
	</p>
	<p n="347">
	  <s n="403"> (i) Report of the Secretary-General (A/61/256) </s>
	</p>
	<p n="348">
	  <s n="404"> (ii) Draft resolution (A/61/L.4) </s>
	</p>
	<p n="349">
	  <s n="405"> (e) Cooperation between the United Nations and the Caribbean Community: report of the Secretary-General (A/61/256) </s>
	</p>
	<p n="350">
	  <s n="406"> (f) Cooperation between the United Nations and the Community of Portuguese-speaking Countries: report of the Secretary-General (A/61/256) </s>
	</p>
	<p n="351">
	  <s n="407"> (g) Cooperation between the United Nations and the Council of Europe: report of the Secretary-General (A/61/256) </s>
	</p>
	<p n="352">
	  <s n="408"> (h) Cooperation between the United Nations and the Economic Community of Central African States: report of the Secretary-General (A/61/256) </s>
	</p>
	<p n="353">
	  <s n="409"> (i) Cooperation between the United Nations and the Economic Cooperation Organization: report of the Secretary-General (A/61/256) </s>
	</p>
	<p n="354">
	  <s n="410"> (j) Cooperation between the United Nations and the International Organization of la Francophonie </s>
	</p>
	<p n="355">
	  <s n="411"> (i) Report of the Secretary-General (A/61/256) </s>
	</p>
	<p n="356">
	  <s n="412"> (ii) Draft resolution (A/61/L.7) </s>
	</p>
	<p n="357">
	  <s n="413"> (k) Cooperation between the United Nations and the Inter-Parliamentary Union: </s>
	</p>
	<p n="358">
	  <s n="414"> (i) Report of the Secretary-General (A/61/256) </s>
	</p>
	<p n="359">
	  <s n="415"> (ii) Draft resolution (A/61/L.6) </s>
	</p>
	<p n="360">
	  <s n="416"> (l) Cooperation between the United Nations and the Latin American Economic System </s>
	</p>
	<p n="361">
	  <s n="417"> (m) Cooperation between the United Nations and the League of Arab States: report of the Secretary-General (A/61/256) </s>
	</p>
	<p n="362">
	  <s n="418"> (n) Cooperation between the United Nations and the Organization for the Prohibition of Chemical Weapons </s>
	</p>
	<p n="363">
	  <s n="419"> (i) Report of the Secretary-General (A/61/256) </s>
	</p>
	<p n="364">
	  <s n="420"> (ii) Note by the Secretary-General (A/61/185) </s>
	</p>
	<p n="365">
	  <s n="421"> (o) Cooperation between the United Nations and the Organization for Security and Cooperation in Europe: report of the Secretary-General (A/61/256) </s>
	</p>
	<p n="366">
	  <s n="422"> (p) Cooperation between the United Nations and the Organization of American States: report of the Secretary-General (A/61/256) </s>
	</p>
	<p n="367">
	  <s n="423"> (q) Cooperation between the United Nations and the Organization of the Islamic Conference: report of the Secretary-General (A/61/256) </s>
	</p>
	<p n="368">
	  <s n="424"> (r) Cooperation between the United Nations and the Pacific Islands Forum: report of the Secretary-General (A/61/256) </s>
	</p>
	<p n="369">
	  <s n="425"> (s) Cooperation between the United Nations and the Preparatory Commission for the Comprehensive Nuclear-Test-Ban Treaty Organization </s>
	</p>
	<p n="370">
	  <s n="426"> (i) Report of the Secretary-General (A/61/256) </s>
	</p>
	<p n="371">
	  <s n="427"> (ii) Note by the Secretary-General (A/61/184) </s>
	</p>
	<p n="372">
	  <s n="428"> (t) Cooperation between the United Nations and the Southern African Development Community: report of the Secretary-General (A/61/256) </s>
	</p>
	<p n="373">
	  <s n="429"> The General Assembly continued its consideration of agenda item 108 and its sub-items (a) to (t). </s>
	</p>
	<p n="374">
	  <s n="430"> Statements were made by the representatives of Turkey, Solomon Islands, Togo, Uganda, Tunisia, the Marshall Islands, Ethiopia, the Republic of Korea, Pakistan, Japan, Serbia, Singapore, Armenia and Chile. </s>
	</p>
	<p n="375">
	  <s n="431"> In accordance with General Assembly resolution 35/2 of 13 October 1980, the observer for the Asian-African Legal Consultative Organization made a statement. </s>
	</p>
	<p n="376">
	  <s n="432"> In accordance with General Assembly resolution 44/6 of 17 October 1989, the Secretary-General of the Council of Europe made a statement. </s>
	</p>
	<p n="377">
	  <s n="433"> In accordance with General Assembly resolution 54/5 of 8 October 1999, the Secretary-General of the Black Sea Economic Cooperation Organization made a statement. </s>
	</p>
	<p n="378">
	  <s n="434"> In accordance with General Assembly resolution 477 of the fifth session of 1 November 1950, the observer for the League of Arab States made a statement. </s>
	</p>
	<p n="379">
	  <s n="435"> In accordance with General Assembly resolution 57/32 of 19 November 2002, the Secretary-General of the Inter-Parliamentary Union made a statement. </s>
	</p>
	<p n="380">
	  <s n="436"> In accordance with General Assembly resolution 3369 of the thirtieth session of 10 October 1975, the observer for the Organization of the Islamic Conference made a statement. </s>
	</p>
	<p n="381">
	  <s n="437"> The representative of Ukraine made a statement. </s>
	</p>
	<p n="382">
	  <s n="438"> The General Assembly decided to waive the relevant provision of rule 78 of the rules of procedure to consider draft resolutions A/61/L.6 and A/61/L.7 immediately. </s>
	</p>
	<p n="383">
	  <s n="439"> The General Assembly adopted draft resolution A/61/L.4 (resolution 61/4). </s>
	</p>
	<p n="384">
	  <s n="440"> The General Assembly adopted draft resolution A/61/L.5 (resolution 61/5). </s>
	</p>
	<p n="385">
	  <s n="441"> The General Assembly adopted draft resolution A/61/L.6 (resolution 61/6). </s>
	</p>
	<p n="386">
	  <s n="442"> The General Assembly adopted draft resolution A/61/L.7 (resolution 61/7). </s>
	</p>
	<p n="387">
	  <s n="443"> The General Assembly decided to conclude its consideration of sub-items (b), (d), (j) and (k) of agenda item 108. </s>
	</p>
	<p n="388">
	  <s n="444"> The General Assembly thus concluded this stage if its consideration of agenda item 108. </s>
	</p>
	<p n="389">
	  <s n="445"> Main Committees </s>
	</p>
	<p n="390">
	  <s n="446"> First Committee </s>
	</p>
	<p n="391">
	  <s n="447"> 18th meeting Thematic discussion on item subjects, as well as the introduction and consideration of all draft resolutions submitted under all disarmament and international security agenda items (82 to 97) </s>
	</p>
	<p n="392">
	  <s n="448"> The Committee continued its second stage of work, namely the “Thematic discussion on item subjects, as well as the introduction and consideration of all draft resolutions submitted under items 82 to 97.” </s>
	</p>
	<p n="393">
	  <s n="449"> Statements were made by the representatives of Uzbekistan (who introduced draft resolution A/C.1/61/L.51/Rev.1 (on behalf of the five Central Asian States)), Kazakhstan, Mongolia (who introduced draft resolution A/C.1/61/L.53), Pakistan (who introduced draft resolution A/C.1/61/L.45) and Mexico (who introduced draft resolution A/C.1/61/L.13). </s>
	</p>
	<p n="394">
	  <s n="450"> Statements were made by the representative of Japan and Sri Lanka. </s>
	</p>
	<p n="395">
	  <s n="451"> The Under-Secretary-General for Disarmament Affairs made a statement. </s>
	</p>
	<p n="396">
	  <s n="452"> A statement was made by the representative of the Democratic People&apos;s Republic of Korea. </s>
	</p>
	<p n="397">
	  <s n="453"> Statements were also made by the representatives of the Russian Federation (who introduced draft resolution A/C.1/61/L.35), India (who introduced draft resolution A/C.1/61/L.50), Indonesia (who introduced draft resolutions A/C.1/61/L.6, A/C.1/61/L.7 and A/C.1/61/L.8 (on behalf of the Non-Aligened Movement)), Brazil (on behalf of MERCOSUR), Azerbaijan, Iraq, Burkina Faso, Qatar, the United Arab Emirates, Kuwait, Cuba, Pakistan (who introduced draft resolutions A/C.1/61/L.42 and A/C.1/61/L.43), Algeria (who introduced draft resolution A/C.1/61/L.34), Rwanda (who introduced draft resolution A/C.1/61/L.33) and The former Yugoslav Republic of Macedonia (who introduced draft resolution A/C.1/61/L.46). </s>
	</p>
	<p n="398">
	  <s n="454"> Statements were also made by the representatives of Finland (on behalf of the European Union), Canada (who introduced draft decision A/C.1/61/L.22), Poland, Romania and Pakistan. </s>
	</p>
	<p n="399">
	  <s n="455"> The Chairperson made a statement. </s>
	</p>
	<p n="400">
	  <s n="456"> Special Political and Decolonization Committee (Fourth Committee) </s>
	</p>
	<p n="401">
	  <s n="457"> 14th meeting Comprehensive review of the whole question of peacekeeping operations in all their aspects </s>
	</p>
	<p n="402">
	  <s n="458"> The Committee began its general debate with statements by the representatives of Israel, Morocco (on behalf of the Non-Aligened Movement), Jordan, South Africa, Pakistan, Switzerland, Kazakhstan, Norway, Guyana (on behalf of the Rio Group), Bangladesh, the Russian Federation, Brazil, the Syrian Arab Republic, Finland (on behalf of the European Union; the acceding countries Bulgaria and Romania; the candidate countries Turkey, Croatia and The former Yugoslav Republic of Macedonia; the countries of the Stabilization and Association Process and potential candidates Albania, Bosnia and Herzegovina and Serbia, as well as Ukraine and Moldova), Thailand, Kenya, Mali, Canada (on behalf of Canada, Australia and New Zealand (CANZ)). </s>
	</p>
	<p n="403">
	  <s n="459"> Organization of work </s>
	</p>
	<p n="404">
	  <s n="460"> The Chairman reminded delegations that action on draft resolutions A/C.4/61/L.2/Rev.1 and A/C.4/61/L.3/Rev.1 would take place on Monday, 23 October, at 10 a.m. in Conference Room 2. </s>
	</p>
	<p n="405">
	  <s n="461"> The Chairman informed the delegation that an oral statement for draft resolution A/C.4/61/L.2/Rev.1 was available at the secretariat office (room S-2977). </s>
	</p>
	<p n="406">
	  <s n="462"> Second Committee </s>
	</p>
	<p n="407">
	  <s n="463"> 17th meeting Permanent sovereignty of the Palestinian people in the Occupied Palestinian Territory, including East Jerusalem, and of the Arab population in the occupied Syrian Golan over their natural resources </s>
	</p>
	<p n="408">
	  <s n="464"> The Committee began its consideration of the item. </s>
	</p>
	<p n="409">
	  <s n="465"> An introductory statement was made by the Executive Secretary of the Economic and Social Commission for Western Asia. </s>
	</p>
	<p n="410">
	  <s n="466"> Question time </s>
	</p>
	<p n="411">
	  <s n="467"> Comments were made and questions were posed by the representatives of the Sudan, Kuwait and Egypt, as well as by the observer for Palestine, to which the Executive Secretary of the Economic and Social Commission for Western Asia responded. </s>
	</p>
	<p n="412">
	  <s n="468"> General discussion </s>
	</p>
	<p n="413">
	  <s n="469"> The Committee began its general discussion of the item. </s>
	</p>
	<p n="414">
	  <s n="470"> Statements were made by the representatives of the United Arab Emirates, Malaysia, the Syrian Arab Republic, Bahrain, Saudi Arabia, Egypt, Indonesia, Kuwait, Jordan, Algeria and Israel. </s>
	</p>
	<p n="415">
	  <s n="471"> A statement was made by the observer for Palestine. </s>
	</p>
	<p n="416">
	  <s n="472"> Right of reply </s>
	</p>
	<p n="417">
	  <s n="473"> Statements in the exercise of the right of reply were made by the representative of the Syrian Arab Republic and by the observer for Palestine. </s>
	</p>
	<p n="418">
	  <s n="474"> The Committee thus concluded its general discussion of the item. </s>
	</p>
	<p n="419">
	  <s n="475"> Globalization and interdependence </s>
	</p>
	<p n="420">
	  <s n="476"> (a) Globalization and interdependence </s>
	</p>
	<p n="421">
	  <s n="477"> (b) International migration and development </s>
	</p>
	<p n="422">
	  <s n="478"> (c) Culture and development </s>
	</p>
	<p n="423">
	  <s n="479"> (d) Preventing and combating corrupt practices and transfer of assets of illicit origin and returning such assets, in particular to the countries of origin, consistent with the United Nations Convention against Corruption </s>
	</p>
	<p n="424">
	  <s n="480"> (e) Integration of the economies in transition into the world economy </s>
	</p>
	<p n="425">
	  <s n="481"> Continuation of general discussion </s>
	</p>
	<p n="426">
	  <s n="482"> The Committee resumed its general discussion of the item. </s>
	</p>
	<p n="427">
	  <s n="483"> Statements were made by the representatives of Romania, Guinea, Albania, Mexico and Kazakhstan. </s>
	</p>
	<p n="428">
	  <s n="484"> Organization of work </s>
	</p>
	<p n="429">
	  <s n="485"> The Chairperson made a statement. </s>
	</p>
	<p n="430">
	  <s n="486"> Third Committee </s>
	</p>
	<p n="431">
	  <s n="487"> 25th meeting Promotion and protection of human rights </s>
	</p>
	<p n="432">
	  <s n="488"> (b) Human rights questions, including alternative approaches for improving the effective enjoyment of human rights and fundamental freedoms </s>
	</p>
	<p n="433">
	  <s n="489"> (c) Human rights situations and reports of special rapporteurs and representatives </s>
	</p>
	<p n="434">
	  <s n="490"> The Committee continued its joint consideration of the sub-items. </s>
	</p>
	<p n="435">
	  <s n="491"> The Special Rapporteur on extrajudicial, summary or arbitrary executions made a presentation and engaged in a dialogue with the delegations of Australia and Finland (on behalf of the European Union). </s>
	</p>
	<p n="436">
	  <s n="492"> The Special Rapporteur on the situation of human rights in Myanmar made a presentation and engaged in a dialogue with the delegations of Myanmar, New Zealand, Finland (on behalf of the European Union), Canada, Japan, China and Uzbekistan. </s>
	</p>
	<p n="437">
	  <s n="493"> The Special Rapporteur on the situation of human rights in the Democratic People&apos;s Republic of Korea made a presentation and engaged in a dialogue with the delegations of the Democratic People&apos;s Republic of Korea, the Republic of Korea, Japan, Finland (on behalf of the European Union), the United States, New Zealand and Canada. </s>
	</p>
	<p n="438">
	  <s n="494"> 26th meeting The Committee continued its joint consideration of agenda sub-items 67 (b) and (c). </s>
	</p>
	<p n="439">
	  <s n="495"> The Special Rapporteur on the situation of human rights in the Sudan made a presentation and engaged in a dialogue with the delegations of the Sudan, Yemen, Egypt, Switzerland, the Islamic Republic of Iran, China, Finland (on behalf of the European Union), the Syrian Arab Republic, Cuba, the Libyan Arab Jamahiriya, Canada, Kuwait, Algeria and the United States. </s>
	</p>
	<p n="440">
	  <s n="496"> The Special Rapporteur on the situation of human rights in the Democratic Republic of the Congo made a presentation and engaged in a dialogue with the delegations of the Democratic Republic of the Congo, Guinea Bissau and Finland (on behalf of the European Union). </s>
	</p>
	<p n="441">
	  <s n="497"> Signatures, Ratifications, etc. </s>
	</p>
	<p n="442">
	  <s n="498"> [Multilateral Treaties Deposited with the Secretary-General] </s>
	</p>
	<p n="443">
	  <s n="499"> Agreement on the Privileges and Immunities of the International Tribunal for the Law of the Sea. </s>
	  <s n="500"> New York, 23 May 1997 </s>
	</p>
	<p n="444">
	  <s n="501"> Ratification: Argentina (20 October 2006)1 </s>
	</p>
	<p n="445">
	  <s n="502"> Protocol on the Privileges and Immunities of the International Seabed Authority. </s>
	  <s n="503"> Kingston, 27 March 1998 </s>
	</p>
	<p n="446">
	  <s n="504"> Accession: Argentina (20 October 2006)1 </s>
	</p>
	<p n="447">
	  <s n="505"> Treaty event </s>
	</p>
	<p n="448">
	  <s n="506"> Intergovernmental Agreement on the Trans-Asian Railway Network Jakarta, 12 April 2006 </s>
	</p>
	<p n="449">
	  <s n="507"> Opening for signature </s>
	</p>
	<p n="450">
	  <s n="508"> The above Agreement was adopted by the Economic and Social Commission for Asia and the Pacific at its sixty-second session by resolution number 62/4 on the Intergovernmental Agreement on the Trans-Asian Railway Network, held in Jakarta, Indonesia, on 12 April 2006. </s>
	</p>
	<p n="451">
	  <s n="509"> It shall be open for signature by States, which are members of the United Nations Economic and Social Commission for Asia and the Pacific, at Busan, Republic of Korea, on 10 and 11 November 2006, during the Ministerial Conference on Transport, and thereafter at United Nations Headquarters in New York from 16 November 2006 to 31 December 2008. </s>
	</p>
	<p n="452">
	  <s n="510"> Certified true copies of the Agreement, of which the Chinese, English and Russian texts are equally authentic, will be prepared and will be transmitted to all States as soon as feasible. </s>
	</p>
	<p n="453">
	  <s n="511"> The Secretary-General takes this opportunity to recall that, under the established international practice, only Heads of State, Heads of Government or Ministers for Foreign Affairs are empowered, by virtue of their functions, to sign a treaty on behalf of a State without having to produce full powers to that effect. </s>
	  <s n="512"> Other representatives wishing to sign a treaty must be in possession of appropriate full powers, which expressly authorize signature of a specified treaty by a named representative issued and signed by one of these authorities. </s>
	  <s n="513"> Full powers are distinct from credentials. </s>
	  <s n="514"> Credentials alone are not adequate for the purpose of signing a treaty. </s>
	</p>
	<p n="454">
	  <s n="515"> The Secretary-General would be obliged if States wishing to sign the Agreement could notify and, as necessary, provide copies of the required full powers in advance to the Treaty Section, Office of Legal Affairs, at United Nations Headquarters in New York (tel. </s>
	  <s n="516"> 1 (212) 963-5047; fax 1 (212) 963-3693; e-mail treaty@un.org). </s>
	</p>
	<p n="455">
	  <s n="517"> 1 Date of receipt of the relevant documents. </s>
	</p>
	<p n="456">
	  <s n="518"> General information </s>
	</p>
	<p n="457">
	  <s n="519"> Chairmen of regional groups </s>
	</p>
	<p n="458">
	  <s n="520"> The following information regarding the chairmanship of the regional groups for the month of October 2006 has been communicated to the Secretariat: </s>
	</p>
	<p n="459">
	  <s n="521"> African States: Gambia H.E. Mr. Crispin Grey-Johnson </s>
	</p>
	<p n="460">
	  <s n="522"> Asian States: Japan H.E. Mr. Kenzo Oshima </s>
	</p>
	<p n="461">
	  <s n="523"> Eastern European States: Bosnia and Herzegovina H.E. Mr. Miloš Prica </s>
	</p>
	<p n="462">
	  <s n="524"> Latin American and Caribbean States: Ecuador H.E. Mr. Diego Cordovez </s>
	</p>
	<p n="463">
	  <s n="525"> Western European and other States: Liechtenstein H.E. Mr. Christian Wenaweser </s>
	</p>
	<p n="464">
	  <s n="526"> Web sites Presidency of the General Assembly: www.un.org/arabic/ga/president www.un.org/chinese/ga/president www.un.org/ga/president www.un.org/french/ga/president www.un.org/russian/ga/president www.un.org/spanish/ga/president </s>
	</p>
	<p n="465">
	  <s n="527"> General Assembly: www.un.org/arabic/ga www.un.org/chinese/ga www.un.org/ga www.un.org/french/ga www.un.org/russian/ga www.un.org/spanish/ga </s>
	</p>
	<p n="466">
	  <s n="528"> Department for General Assembly and Conference Management: www.un.org/Depts/DGACM/index_arabic.htm www.un.org/Depts/DGACM/index_chinese.htm www.un.org/Depts/DGACM/index_eng.htm www.un.org/Depts/DGACM/index_french.htm www.un.org/Depts/DGACM/index_russian.htm www.un.org/Depts/DGACM/index_spanish.htm </s>
	</p>
	<p n="467">
	  <s n="529"> United Nations Webcast: www.un.org/webcast </s>
	</p>
	<p n="468">
	  <s n="530"> Presidency of the Security Council: www.un.org/Docs/sc/presidency/header.htm www.un.org/french/docs/sc/presidency/ www.un.org/spanish/docs/presidency/ </s>
	</p>
	<p n="469">
	  <s n="531"> Security Council: www.un.org/arabic/sc/ www.un.org/chinese/aboutun/prinorgs/sc/ www.un.org/sc/ www.un.org/french/docs/cs/ www.un.org/russian/sc/ www.un.org/spanish/docs/sc/ </s>
	</p>
	<p n="470">
	  <s n="532"> Security Council Committee established pursuant to resolution 1373 (2001) concerning counter-terrorism: www.un.org/arabic/documents/SCCommittees/1373 www.un.org/chinese/aboutun/prinorgs/sc/committees/1373/1373.htm www.un.org/docs/sc/committees/1373 www.un.org/french/docs/sc/committees/1373 www.un.org/russian/documen/scdocs/committees/1373 www.un.org/spanish/docs/comites/1373/index.html </s>
	</p>
	<p n="471">
	  <s n="533"> Economic and Social Council: www.un.org/arabic/ecosoc/ www.un.org/esa/coordination/ecosoc/ www.un.org/french/ecosoc/ www.un.org/russian/ecosoc www.un.org/spanish/documents/esc/index.htm www.un.org/chinese/ecosoc/2005/ </s>
	</p>
	<p n="472">
	  <s n="534"> Department of Economic and Social Affairs: www.un.org/arabic/esa www.un.org/chinese/esa www.un.org/esa www.un.org/french/esa www.un.org/russian/esa www.un.org/spanish/esa </s>
	</p>
	<p n="473">
	  <s n="535"> Presidency of the European Union: http://europa-eu-un.org </s>
	</p>
	<p n="474">
	  <s n="536"> Journal of the United Nations: www.un.org/Docs/journal/Ar/latesta.pdf www.un.org/Docs/journal/Ch/latestc.pdf www.un.org/Docs/journal/En/lateste.pdf www.un.org/Docs/journal/Fr/latestf.pdf www.un.org/Docs/journal/Ru/latestr.pdf www.un.org/Docs/journal/Sp/latests.pdf </s>
	</p>
	<p n="475">
	  <s n="537"> Daily list of documents issued at Headquarters </s>
	</p>
	<p n="476">
	  <s n="538"> With the exception of sales publications and public information material, hyperlinked official documents listed hereunder may be accessed through the Official Document System of the United Nations in the electronic version of the present Journal. </s>
	  <s n="539"> The list contains documents issued by 2 p.m. on Friday, 20 October 2006. </s>
	</p>
	<p n="477">
	  <s n="540"> Symbol Main title </s>
	</p>
	<p n="478">
	  <s n="541"> General Assembly Official Records </s>
	</p>
	<p n="479">
	  <s n="542"> Sixtieth session </s>
	</p>
	<p n="480">
	  <s n="543"> A/60/PV.98 Meeting held on 7 September 2006, 3 p.m. [S] </s>
	</p>
	<p n="481">
	  <s n="544"> A/60/PV.100 Meeting held on 11 September 2006, 10 a.m. [F] </s>
	</p>
	<p n="482">
	  <s n="545"> Sixty-first session </s>
	</p>
	<p n="483">
	  <s n="546"> A/61/PV.2 Meeting held on 13 September 2006, 5 p.m. [S] </s>
	</p>
	<p n="484">
	  <s n="547"> General Assembly Documents </s>
	</p>
	<p n="485">
	  <s n="548"> Sixty-first session </s>
	</p>
	<p n="486">
	  <s n="549"> A/61/3 Item 42 -- Report of the Economic and Social Council [A C E F R S] </s>
	</p>
	<p n="487">
	  <s n="550"> A/61/159/Corr.2 Item 90 (aa) -- General and complete disarmament: transparency in armaments -- United Nations Register of Conventional Arms -- Report of the Secretary-General [A C E F R S] </s>
	</p>
	<p n="488">
	  <s n="551"> A/61/250/Add.1 Organization of the sixty-first regular session of the General Assembly, adoption of the agenda and allocation of items -- Second report of the General Committee [A C E F R S] </s>
	</p>
	<p n="489">
	  <s n="552"> A/61/345 Item 55 (b) -- Globalization and interdependence: international migration and development -- Letter dated 7 September 2006 from the Permanent Representative of the Congo to the United Nations addressed to the President of the General Assembly [A C E F R S] </s>
	</p>
	<p n="490">
	  <s n="553"> A/61/373 Item 49 -- Sport for Development and Peace: the way forward -- Report of the Secretary-General [A C E F R S] </s>
	</p>
	<p n="491">
	  <s n="554"> A/61/468 Item 134 -- Financing of the United Nations Operation in Côte d&apos;Ivoire -- Revised budget for the United Nations Operation in Côte d&apos;Ivoire for the period from 1 July 2006 to 30 June 2007 -- Report of the Secretary-General [A C E F R S] </s>
	</p>
	<p n="492">
	  <s n="555"> A/61/511-S/2006/800 Item 19 -- Question of Cyprus -- Letter dated 10 October 2006 from the Permanent Representative of Turkey to the United Nations addressed to the Secretary-General [A C E F R S] </s>
	</p>
	<p n="493">
	  <s n="556"> A/61/L.6 Item 108 (k) -- Cooperation between the United Nations and regional and other organizations -- 20-Power draft resolution -- Cooperation between the United Nations and the Inter-Parliamentary Union [A C E F R S] </s>
	</p>
	<p n="494">
	  <s n="557"> A/61/L.7 Item 108 (j) -- Cooperation between the United Nations and regional and other organizations -- 62-Power draft resolution -- Cooperation between the United Nations and the International Organization of la Francophonie [A C E F R S] </s>
	</p>
	<p n="495">
	  <s n="558"> First Committee </s>
	</p>
	<p n="496">
	  <s n="559"> A/C.1/61/L.10/Rev.1 Item 89 -- 34-Power revised draft resolution -- Prevention of an arms race in outer space [A C E F R S] </s>
	</p>
	<p n="497">
	  <s n="560"> A/C.1/61/L.13/Rev.1 Item 90 (g) -- General and complete disarmament -- 7-Power revised draft resolution -- Towards a nuclear-weapon-free world: accelerating the implementation of nuclear disarmament commitments [A C E F R S] </s>
	</p>
	<p n="498">
	  <s n="561"> A/C.1/61/L.47/Rev.1 Item 90 (x) -- General and complete disarmament -- 73-Power revised draft resolution -- Implementation of the Convention on the Prohibition of the Use, Stockpiling, Production and Transfer of Anti-personnel Mines and on Their Destruction [A C E F R S] </s>
	</p>
	<p n="499">
	  <s n="562"> A/C.1/61/L.54/Rev.1 Item 90 (bb) -- General and complete disarmament -- 5-Power revised draft resolution -- Establishment of a nuclear-weapon-free zone in Central Asia [A C E F R S] </s>
	</p>
	<p n="500">
	  <s n="563"> Second Committee </s>
	</p>
	<p n="501">
	  <s n="564"> A/C.2/61/3 Item 56 (b) -- Groups of countries in special situations: specific actions related to the particular needs and problems of landlocked developing countries: outcome of the International Ministerial Conference of Landlocked and Transit Developing Countries and Donor Countries and International Financial and Development Institutions on Transit Transport Cooperation -- Letter dated 4 October 2006 from the Permanent Representative of the Lao People&apos;s Democratic Republic addressed to the Secretary-General [A C E F R S] </s>
	</p>
	<p n="502">
	  <s n="565"> A/C.2/61/L.11 Item 55 (e) -- Globalization and interdependence -- 10-Power draft resolution -- Integration of the economies in transition into the world economy [A C E F R S] </s>
	</p>
	<p n="503">
	  <s n="566"> Third Committee </s>
	</p>
	<p n="504">
	  <s n="567"> A/C.3/61/L.7/Rev.1 Item 98 -- Crime prevention and criminal justice -- 11-Power revised draft resolution -- Improving the coordination of efforts against trafficking in persons [A C E F R S] </s>
	</p>
	<p n="505">
	  <s n="568"> A/C.3/61/L.14 Item 98 -- Crime prevention and criminal justice -- Draft resolution submitted by the Chairman on the basis of informal consultations -- United Nations African Institute for the Prevention of Crime and the Treatment of Offenders [A C E F R S] </s>
	</p>
	<p n="506">
	  <s n="569"> Special Committee on the Situation with regard to the Implementation of the Declaration on the Granting of Independence to Colonial Countries and Peoples </s>
	</p>
	<p n="507">
	  <s n="570"> A/AC.109/2006/1/Rev.1 Second International Decade for the Eradication of Colonialism -- Pacific regional seminar on the implementation of the Second International Decade for the Eradication of Colonialism: priorities for action, to be held at Nadi, Fiji, from 28 to 30 November 2006 -- Guidelines and rules of procedure [A C E F R S] </s>
	</p>
	<p n="508">
	  <s n="571"> Security Council Documents </s>
	</p>
	<p n="509">
	  <s n="572"> S/2006/527 Letter dated 17 July 2006 from the Chairman of the Security Council Committee established pursuant to resolution 1373 (2001) concerning counter-terrorism addressed to the President of the Security Council [A C E F R S] </s>
	</p>
	<p n="510">
	  <s n="573"> A/61/511-S/2006/800 Letter dated 10 October 2006 from the Permanent Representative of Turkey to the United Nations addressed to the Secretary-General [A C E F R S] </s>
	</p>
	<p n="511">
	  <s n="574"> S/2006/820 Letter dated 16 October 2006 from the Secretary-General addressed to the President of the Security Council [A C E F R S] </s>
	</p>
	<p n="512">
	  <s n="575"> S/2006/821 Tenth progress report of the Secretary-General on the United Nations Operation in Côte d&apos;Ivoire [A C E F R S] </s>
	</p>
	<p n="513">
	  <s n="576"> S/2006/827 Letter dated 17 October 2006 from the Permanent Observer of Palestine to the United Nations addressed to the President of the Security Council [A C E F R S] </s>
	</p>
	<p n="514">
	  <s n="577"> S/Agenda/5552 Provisional agenda [A C E F R S] </s>
	</p>
	<p n="515">
	  <s n="578"> Security Council Committee established pursuant to resolution 1533 (2004) concerning the Democratic Republic of the Congo </s>
	</p>
	<p n="516">
	  <s n="579"> S/AC.43/2006/3 Letter dated 5 October 2006 from the Permanent Representative of Argentina to the United Nations addressed to the Chairman of the Committee [A C E F R S] </s>
	</p>
	<p n="517">
	  <s n="580"> Security Council Committee established pursuant to resolution 1572 (2004) concerning Côte d&apos;Ivoire </s>
	</p>
	<p n="518">
	  <s n="581"> S/AC.45/2006/21 Letter dated 5 October 2006 from the Permanent Representative of Argentina to the United Nations addressed to the Chairman of the Committee [A C E F R S] </s>
	</p>
	<p n="519">
	  <s n="582"> Communications to the Editor </s>
	</p>
	<p n="520">
	  <s n="583"> Material for inclusion in the Journal may be sent to Ms. Sylvie Deschênes (e-mail journal@un.org; fax 1 (212) 963-4790; room S-2370; tel. </s>
	  <s n="584"> 1 (212) 963-6776 and 963-3888). </s>
	</p>
	<p n="521">
	  <s n="585"> Office opens at 3 p.m. </s>
	</p>
	<p n="522">
	  <s n="586"> Published at Headquarters, New York, by the Department for General Assembly and Conference Management. </s>
	</p>
	</body>
</text>
</DOC>