<?xml version="1.0" encoding="UTF-8"?>
<DOC lang="English" n="N0268858" id="JOURNAL NO. 2002/228" date="2002/11/21">
<text>
	<body>
	<p n="1">
	  <s n="1"> Scheduled official meetings </s>
	</p>
	<p n="2">
	  <s n="2"> Thursday, 21 November 2002 </s>
	</p>
	<p n="3">
	  <s n="3"> Security Council </s>
	</p>
	<p n="4">
	  <s n="4"> 10.30 a.m. 4647th meeting Security Council Chamber </s>
	</p>
	<p n="5">
	  <s n="5"> Adoption of the agenda </s>
	</p>
	<p n="6">
	  <s n="6"> Letter dated 31 March 1998 from the Chargé d&apos;affaires a.i. of the Permanent Mission of Papua New Guinea to the United Nations (S/1998/287) </s>
	</p>
	<p n="7">
	  <s n="7"> 3.30 p.m. 4648th meeting (closed) Economic and Social Council Chamber </s>
	</p>
	<p n="8">
	  <s n="8"> Adoption of the agenda </s>
	</p>
	<p n="9">
	  <s n="9"> Meeting of the Security Council with the troop-contributing countries to the United Nations Peacekeeping Force in Cyprus (UNFICYP) pursuant to resolution 1353 (2001), annex II, sections A and B </s>
	</p>
	<p n="10">
	  <s n="10"> Ad Hoc Working Group on Conflict Prevention and Resolution in Africa </s>
	</p>
	<p n="11">
	  <s n="11"> 3 p.m. Closed meeting Consultations Room </s>
	</p>
	<p n="12">
	  <s n="12"> Security Council Committee established pursuant to resolution 864 (1993) concerning the situation in Angola </s>
	</p>
	<p n="13">
	  <s n="13"> 3.30 p.m.1 43rd (closed) meeting Conference Room 7 </s>
	</p>
	<p n="14">
	  <s n="14"> 1 The Chairman of the Committee will give an oral briefing to interested Member States of the United Nations in Conference Room 7, immediately following the meeting. </s>
	</p>
	<p n="15">
	  <s n="15"> General Assembly </s>
	</p>
	<p n="16">
	  <s n="16"> Fifty-seventh session </s>
	</p>
	<p n="17">
	  <s n="17"> 10 a.m. 55th plenary meeting General Assembly Hall </s>
	</p>
	<p n="18">
	  <s n="18"> 3 p.m. 56th plenary meeting General Assembly Hall </s>
	</p>
	<p n="19">
	  <s n="19"> Cooperation between the United Nations and regional and other organizations [22 (a) to (s)]: joint debate </s>
	</p>
	<p n="20">
	  <s n="20"> (a) Cooperation between the United Nations and the Asian-African Legal Consultative Organization </s>
	</p>
	<p n="21">
	  <s n="21"> (i) Report of the Secretary-General (A/57/122) </s>
	</p>
	<p n="22">
	  <s n="22"> (ii) Draft resolution (A/57/L.18) </s>
	</p>
	<p n="23">
	  <s n="23"> (b) Cooperation between the United Nations and the Black Sea Economic Cooperation Organization </s>
	</p>
	<p n="24">
	  <s n="24"> (i) Report of the Secretary-General (A/57/87) </s>
	</p>
	<p n="25">
	  <s n="25"> (ii) Draft resolution (A/57/L.11) </s>
	</p>
	<p n="26">
	  <s n="26"> (c) Cooperation between the United Nations and the Caribbean Community </s>
	</p>
	<p n="27">
	  <s n="27"> (i) Report of the Secretary-General (A/57/254) </s>
	</p>
	<p n="28">
	  <s n="28"> (ii) Draft resolution (A/57/L.26) </s>
	</p>
	<p n="29">
	  <s n="29"> (d) Cooperation between the United Nations and the Council of Europe </s>
	</p>
	<p n="30">
	  <s n="30"> (i) Report of the Secretary-General (A/57/225) </s>
	</p>
	<p n="31">
	  <s n="31"> (ii) Draft resolution (A/57/L.23) </s>
	</p>
	<p n="32">
	  <s n="32"> (e) Cooperation between the United Nations and the Economic Community of Central African States </s>
	</p>
	<p n="33">
	  <s n="33"> (i) Report of the Secretary-General (A/57/266 and A/57/266/Add.1) </s>
	</p>
	<p n="34">
	  <s n="34"> (ii) Draft resolution (A/57/L.25) </s>
	</p>
	<p n="35">
	  <s n="35"> (f) Cooperation between the United Nations and the Economic Cooperation Organization </s>
	</p>
	<p n="36">
	  <s n="36"> (i) Report of the Secretary-General (A/57/119) </s>
	</p>
	<p n="37">
	  <s n="37"> (ii) Draft resolution (A/57/L.22) </s>
	</p>
	<p n="38">
	  <s n="38"> (g) Cooperation between the United Nations and the International Organization of la Francophonie </s>
	</p>
	<p n="39">
	  <s n="39"> (i) Report of the Secretary-General (A/57/358) </s>
	</p>
	<p n="40">
	  <s n="40"> (ii) Draft resolution (A/57/L.29) </s>
	</p>
	<p n="41">
	  <s n="41"> (h) Cooperation between the United Nations and the Inter-Parliamentary Union </s>
	</p>
	<p n="42">
	  <s n="42"> (i) Report of the Secretary-General (A/57/375) </s>
	</p>
	<p n="43">
	  <s n="43"> (ii) Draft resolution (A/57/L.38) </s>
	</p>
	<p n="44">
	  <s n="44"> (i) Cooperation between the United Nations and the Latin American Economic System </s>
	</p>
	<p n="45">
	  <s n="45"> (i) Report of the Secretary-General (A/57/128) </s>
	</p>
	<p n="46">
	  <s n="46"> (ii) Draft resolution (A/57/L.24) </s>
	</p>
	<p n="47">
	  <s n="47"> (j) Cooperation between the United Nations and the League of Arab States </s>
	</p>
	<p n="48">
	  <s n="48"> (i) Report of the Secretary-General (A/57/386) </s>
	</p>
	<p n="49">
	  <s n="49"> (ii) Draft resolution (A/57/L.32) </s>
	</p>
	<p n="50">
	  <s n="50"> (k) Cooperation between the United Nations and the Organization for the Prohibition of Chemical Weapons </s>
	</p>
	<p n="51">
	  <s n="51"> (i) Note by the Secretary-General transmitting the report of the Organization for the Prohibition of Chemical Weapons (A/57/576) </s>
	</p>
	<p n="52">
	  <s n="52"> (ii) Draft resolution (A/57/L.31) </s>
	</p>
	<p n="53">
	  <s n="53"> (l) Cooperation between the United Nations and the Organization for Security and Cooperation in Europe: report of the Secretary-General (A/57/217) </s>
	</p>
	<p n="54">
	  <s n="54"> (m) Cooperation between the United Nations and the African Union </s>
	</p>
	<p n="55">
	  <s n="55"> (i) Report of the Secretary-General (A/57/351, A/57/351/Corr.1) </s>
	</p>
	<p n="56">
	  <s n="56"> (ii) Draft resolution (A/57/L.39) </s>
	</p>
	<p n="57">
	  <s n="57"> (n) Cooperation between the United Nations and the Organization of American States: report of the Secretary-General (A/57/267) </s>
	</p>
	<p n="58">
	  <s n="58"> (o) Cooperation between the United Nations and the Organization of the Islamic Conference </s>
	</p>
	<p n="59">
	  <s n="59"> (i) Report of the Secretary-General (A/57/405) </s>
	</p>
	<p n="60">
	  <s n="60"> (ii) Draft resolution (A/57/L.28) </s>
	</p>
	<p n="61">
	  <s n="61"> (p) Cooperation between the United Nations and the Pacific Islands Forum </s>
	</p>
	<p n="62">
	  <s n="62"> (i) Report of the Secretary-General (A/57/475) </s>
	</p>
	<p n="63">
	  <s n="63"> (ii) Draft resolution (A/57/L.21) </s>
	</p>
	<p n="64">
	  <s n="64"> (q) Cooperation between the United Nations and the Preparatory Commission for the Comprehensive Nuclear-Test-Ban Treaty Organization </s>
	</p>
	<p n="65">
	  <s n="65"> (i) Note by the Secretary-General transmitting the report of the Executive-Secretary of the Preparatory Commission (A/57/255) </s>
	</p>
	<p n="66">
	  <s n="66"> (ii) Draft resolution (A/57/L.40) </s>
	</p>
	<p n="67">
	  <s n="67"> (r) Cooperation between the United Nations and the Southern African Development Community </s>
	</p>
	<p n="68">
	  <s n="68"> (i) Report of the Secretary-General (A/57/94, A/57/94/Add.1) </s>
	</p>
	<p n="69">
	  <s n="69"> (ii) Draft resolution (A/57/L.30) </s>
	</p>
	<p n="70">
	  <s n="70"> (s) Cooperation between the United Nations and the Association of South-East Asian Nations: draft resolution (A/57/L.16) </s>
	</p>
	<p n="71">
	  <s n="71"> Main Committees </s>
	</p>
	<p n="72">
	  <s n="72"> Third Committee </s>
	</p>
	<p n="73">
	  <s n="73"> 10 a.m.−1 p.m57th meeting Conference Room 1 </s>
	</p>
	<p n="74">
	  <s n="74"> 3−6 p.m. 58th meeting Conference Room 1 </s>
	</p>
	<p n="75">
	  <s n="75"> Report of the United Nations High Commissioner for Refugees, questions relating to refugees, returnees and displaced persons and humanitarian questions </s>
	</p>
	<p n="76">
	  <s n="76"> Action on draft resolution A/C.3/57/L.74 </s>
	</p>
	<p n="77">
	  <s n="77"> Elimination of racism and racial discrimination </s>
	</p>
	<p n="78">
	  <s n="78"> (b) Comprehensive implementation of and follow-up to the Durban Declaration and Programme of Action </s>
	</p>
	<p n="79">
	  <s n="79"> Action on draft resolution A/C.3/57/L.34 </s>
	</p>
	<p n="80">
	  <s n="80"> Human rights questions </s>
	</p>
	<p n="81">
	  <s n="81"> (a) Implementation of human rights instruments </s>
	</p>
	<p n="82">
	  <s n="82"> Action on draft resolution A/C.3/57/L.37 and programme budget implications contained in document A/C.3/57/L.88 </s>
	</p>
	<p n="83">
	  <s n="83"> Human rights questions </s>
	</p>
	<p n="84">
	  <s n="84"> (b) Human rights questions, including alternative approaches for improving the effective enjoyment of human rights and fundamental freedoms </s>
	</p>
	<p n="85">
	  <s n="85"> Action on draft resolutions A/C.3/57/L.56/Rev.1 (and amendments thereto in A/C.3/57/L.86 and A/C.3/57/L.87), A/C.3/57/L.61, A/C.3/57/L.65 and on a draft resolution contained in document A/57/357 </s>
	</p>
	<p n="86">
	  <s n="86"> Human rights questions </s>
	</p>
	<p n="87">
	  <s n="87"> (c) Human rights situations and reports of special rapporteurs and representatives </s>
	</p>
	<p n="88">
	  <s n="88"> Action on draft resolutions A/C.3/57/L.49 and A/C.3/57/L.50 </s>
	</p>
	<p n="89">
	  <s n="89"> Report of the Economic and Social Council </s>
	</p>
	<p n="90">
	  <s n="90"> Organization of work of the Third Committee and draft biennial programme of work of the Committee for 2003-2004 (A/C.3/57/L.75) </s>
	</p>
	<p n="91">
	  <s n="91"> Fifth Committee </s>
	</p>
	<p n="92">
	  <s n="92"> 9.30 a.m. 27th meeting Conference Room 3 </s>
	</p>
	<p n="93">
	  <s n="93"> Financing of the International Tribunal for the Prosecution of Persons Responsible for Serious Violations of International Humanitarian Law Committed in the Territory of the Former Yugoslavia since 1991 (A/57/367, A/57/480, A/56/853, A/57/593, A/57/5/Add.12 and A/57/5/Add.12/Corr.1 and A/57/439) </s>
	</p>
	<p n="94">
	  <s n="94"> Financing of the International Criminal Tribunal for the Prosecution of Persons Responsible for Genocide and Other Serious Violations of International Humanitarian Law Committed in the Territory of Rwanda and Rwandan Citizens Responsible for Genocide and Other Such Violations Committed in the Territory of Neighbouring States between 1 January and 31 December 1994 (A/57/368, A/57/481 and A/57/481/Corr.1, A/56/853, A/57/347, A/57/482, A/57/587, A/57/593, A/57/5/Add.11, A/57/5/Add.11/Corr.1, A/57/5/Add.11/Corr.2 and A/57/439) </s>
	</p>
	<p n="95">
	  <s n="95"> Conclusion of general discussion </s>
	</p>
	<p n="96">
	  <s n="96"> Programme budget for the biennium 2002-2003 </s>
	</p>
	<p n="97">
	  <s n="97"> Subvention to the United Nations Institute for Disarmament Research (A/C.5/57/4 and A/57/7/Add.7) </s>
	</p>
	<p n="98">
	  <s n="98"> Continuation of general discussion </s>
	</p>
	<p n="99">
	  <s n="99"> Morning1−12.30 p.m. Informal consultations (closed) Conference Room 5 </s>
	</p>
	<p n="100">
	  <s n="100"> Informal consultations on agenda items 124 (Financing of the International Tribunal for the Prosecution of Persons Responsible for Serious Violations of International Humanitarian Law Committed in the Territory of the Former Yugoslavia since 1991 (A/57/367, A/57/480, A/56/853, A/57/593, A/57/5/Add.12 and A/57/5/Add.12/Corr.1 and A/57/439)); and 125 (Financing of the International Criminal Tribunal for the Prosecution of Persons Responsible for Genocide and Other Serious Violations of International Humanitarian Law Committed in the Territory of Rwanda and Rwandan Citizens Responsible for Genocide and Other Such Violations Committed in the Territory of Neighbouring States between 1 January and 31 December 1994 (A/57/368, A/57/481 and A/57/481/Corr.1, A/56/853, A/57/347, A/57/482, A/57/587, A/57/593, A/57/5/Add.11, A/57/5/Add.11/Corr.1, A/57/5/Add.11/Corr.2 and A/57/439)) </s>
	</p>
	<p n="101">
	  <s n="101"> 2.30−4.30 p.m. Informal consultations (closed) Conference Room 5 </s>
	</p>
	<p n="102">
	  <s n="102"> Informal consultations on agenda item 117 (Scale of assessments for the apportionment of the expenses of the United Nations (A/57/11, A/57/60, A/57/65 and A/57/281-S/2002/895)) </s>
	</p>
	<p n="103">
	  <s n="103"> 1 Following the adjournment of the 27th meeting of the Fifth Committee. </s>
	</p>
	<p n="104">
	  <s n="104"> Advisory Committee on Administrative and Budgetary Questions </s>
	</p>
	<p n="105">
	  <s n="105"> 3−6 p.m. Closed meeting Conference Room 10 </s>
	</p>
	<p n="106">
	  <s n="106"> First performance report on the programme budget for the biennium 2002-2003 </s>
	</p>
	<p n="107">
	  <s n="107"> Advisory Committee on the United Nations Programme of Assistance in the Teaching, Study, Dissemination and Wider Appreciation of International Law </s>
	</p>
	<p n="108">
	  <s n="108"> 3−6 p.m. Closed meeting Conference Room 6 </s>
	</p>
	<p n="109">
	  <s n="109"> [The membership of the Committee is as follows: Canada, Colombia, Cyprus, Czech Republic, Ethiopia, France, Germany, Ghana, Iran (Islamic Republic of), Italy, Jamaica, Kenya, Lebanon, Malaysia, Mexico, Nigeria, Pakistan, Portugal, Russian Federation, Sudan, Trinidad and Tobago, Ukraine, United Republic of Tanzania, United States of America and Uruguay. </s>
	  <s n="110"> ] </s>
	</p>
	<p n="110">
	  <s n="111"> United Nations Administrative Tribunal </s>
	</p>
	<p n="111">
	  <s n="112"> 10 a.m.−1 p.m. Closed meeting Room DC2-461 </s>
	</p>
	<p n="112">
	  <s n="113"> 3−6 p.m. Closed meeting Room DC2-461 </s>
	</p>
	<p n="113">
	  <s n="114"> General Assembly </s>
	</p>
	<p n="114">
	  <s n="115"> Fifty-seventh session </s>
	</p>
	<p n="115">
	  <s n="116"> Second Committee </s>
	</p>
	<p n="116">
	  <s n="117"> Meeting of interested delegations on draft proposals A/C.2/57/L.15 (item 86 (d)) (High-level dialogue on strengthening international economic cooperation for development through partnership) and A/C.2/57/L.36 (item 93) (High-level international intergovernmental consideration of Financing for Development) </s>
	</p>
	<p n="117">
	  <s n="118"> 10 a.m.−1 p.m. Closed meeting Conference Room 6 </s>
	</p>
	<p n="118">
	  <s n="119"> Meeting of interested delegations on draft proposals A/C.2/57/L.19 (item 87 (f))(Promoting an integrated management approach to the Caribbean Sea area in the context of sustainable development) and A/C.2/57/L.20 (87 (f)) (Further implementation of the Programme of Action for the Sustainable Development of Small Island Developing States) </s>
	</p>
	<p n="119">
	  <s n="120"> 10 a.m.−1 p.m. Closed meeting Conference Room A </s>
	</p>
	<p n="120">
	  <s n="121"> Meeting of interested delegations on draft proposal A/C.2/57/L.35 (item 90 (b)) (United Nations Institute for Training and Research) </s>
	</p>
	<p n="121">
	  <s n="122"> 10 a.m.−1 p.m. Closed meeting Conference Room B </s>
	</p>
	<p n="122">
	  <s n="123"> Meeting of interested delegations on draft proposal A/C.2/57/L.37 (item 84 (a)) (International trade and development) </s>
	</p>
	<p n="123">
	  <s n="124"> 10 a.m.−1 p.m. Closed meeting Conference Room C </s>
	</p>
	<p n="124">
	  <s n="125"> Meeting of interested delegations on draft proposal A/C.2/57/L.12 (item 86 (a)) (Implementation of the Declaration on International Economic Cooperation, in particular the Revitalization of the Economic Growth and Development of Developing Countries and Implementation of the International Development Strategy for the Fourth United Nations Development Decade) </s>
	</p>
	<p n="125">
	  <s n="126"> 10 a.m.−1 p.m. Closed meeting Conference Room D </s>
	</p>
	<p n="126">
	  <s n="127"> Meeting of interested delegations on draft proposal A/C.2/57/L.3 (item 84 (c)) (Science and technology for development) </s>
	</p>
	<p n="127">
	  <s n="128"> 1.15−2.45 p.m. Closed meeting Conference Room B </s>
	</p>
	<p n="128">
	  <s n="129"> Meeting of interested delegations on draft proposal A/C.2/57/L.6 (item 84 (d)) (Enhancing international cooperation towards a durable solution to the external debt problem of developing countries) </s>
	</p>
	<p n="129">
	  <s n="130"> 3−6 p.m. Closed meeting Conference Room 2 </s>
	</p>
	<p n="130">
	  <s n="131"> Meeting of interested delegations on draft proposal A/C.2/57/L.28 (item 92) (Integrated and coordinated implementation of and follow-up to the outcomes of the major United Nations conferences and summits in the economic and social fields) </s>
	</p>
	<p n="131">
	  <s n="132"> 3−6 p.m. Closed meeting Conference Room 3 </s>
	</p>
	<p n="132">
	  <s n="133"> Meeting of interested delegations on draft proposal A/C.2/57/L.16 (item 87 (b)) (International cooperation to reduce the impact of the El Niño phenomenon) </s>
	</p>
	<p n="133">
	  <s n="134"> 3−6 p.m. Closed meeting Conference Room A </s>
	</p>
	<p n="134">
	  <s n="135"> Meeting of interested delegations on draft proposal A/C.2/57/L.18 (item 87 (e)) (Convention on Biological Diversity) </s>
	</p>
	<p n="135">
	  <s n="136"> 3−6 p.m. Closed meeting Conference Room B </s>
	</p>
	<p n="136">
	  <s n="137"> Meeting of interested delegations on draft proposal A/C.2/57/L.24 (item 89) (Implementation of the First United Nations Decade for the Eradication of Poverty (1997-2006)) </s>
	</p>
	<p n="137">
	  <s n="138"> 3−6 p.m. Closed meeting Conference Room C </s>
	</p>
	<p n="138">
	  <s n="139"> Meeting of interested delegations on draft proposal A/C.2/57/L.4 (item 84 (e)) (International financial system and development) </s>
	</p>
	<p n="139">
	  <s n="140"> 3−6 p.m. Closed meeting Conference Room D </s>
	</p>
	<p n="140">
	  <s n="141"> Meeting of interested delegations on draft proposal A/C.2/57/L.5 (item 84 (b)) (Commodities) </s>
	</p>
	<p n="141">
	  <s n="142"> 3−6 p.m. Closed meeting Room C-209B </s>
	</p>
	<p n="142">
	  <s n="143"> Other meetings </s>
	</p>
	<p n="143">
	  <s n="144"> The information below is reproduced as received and does not imply any opinion or endorsement by the Secretariat of the United Nations. </s>
	</p>
	<p n="144">
	  <s n="145"> Thursday, 21 November 2002 </s>
	</p>
	<p n="145">
	  <s n="146"> Group of 77 (Second Committee: A/C.2/57/L.4, A/C.2/57/L.29, A/C.2/57/L.28/Rev.1, A/C.2/57/L.12, A/C.2/57/L.19 and A/C.2/57/L.13) </s>
	</p>
	<p n="146">
	  <s n="147"> 9−10 a.m. Closed meeting Conference Room 4 </s>
	</p>
	<p n="147">
	  <s n="148"> 10 a.m.−1 p.m. Closed meeting Economic and Social Council Chamber </s>
	</p>
	<p n="148">
	  <s n="149"> Group of 77 (Third Committee: on racism) </s>
	</p>
	<p n="149">
	  <s n="150"> 10 a.m.−12 noon Closed meeting Conference Room 4 </s>
	</p>
	<p n="150">
	  <s n="151"> 1.15−2.45 p.m. Closed meeting Conference Room 4 </s>
	</p>
	<p n="151">
	  <s n="152"> Group of 77 (on all draft resolutions of the Second Committee; and on A/C.2/57/L.21) </s>
	</p>
	<p n="152">
	  <s n="153"> 3−6 p.m. Closed meeting Conference Room 4 </s>
	</p>
	<p n="153">
	  <s n="154"> JUSCANZ Group (Third Committee) </s>
	</p>
	<p n="154">
	  <s n="155"> 9−10 a.m. Closed meeting Conference Room A </s>
	</p>
	<p n="155">
	  <s n="156"> Meeting of co-sponsors of the draft resolution on extrajudicial, summary or arbitrary executions (under agenda item 109 (b)) (organized by the delegation of Finland) </s>
	</p>
	<p n="156">
	  <s n="157"> 9.30−10 a.m. Closed meeting Conference Room 9 </s>
	</p>
	<p n="157">
	  <s n="158"> UNITAR Briefing on the Security Council for members of the Council </s>
	</p>
	<p n="158">
	  <s n="159"> 10−1 p.m. Closed meeting Conference Room 8 </s>
	</p>
	<p n="159">
	  <s n="160"> 3−6 p.m. Closed meeting Conference Room 8 </s>
	</p>
	<p n="160">
	  <s n="161"> Briefing on the Security Council for members of the Council, organized by the United Nations Institute for Training and Research (UNITAR) [The briefing is intended primarily for representatives of those States that will be members of the Council in 2003. </s>
	  <s n="162"> Depending on the availability of seats, delegates from other States may attend as observers. </s>
	  <s n="163"> For further information, please contact Ms. Maud Graham (room DC1-603; tel. </s>
	  <s n="164"> ] </s>
	</p>
	<p n="161">
	  <s n="165"> Informal consultations of all interested delegations on the draft resolution (Assistance in mine action) (under agenda item 28) (organized by the delegations of Belgium and Denmark) </s>
	</p>
	<p n="162">
	  <s n="166"> 1.15−2.45 p.m. Closed meeting Conference Room 9 </s>
	</p>
	<p n="163">
	  <s n="167"> Informal consultations on draft resolution A/57/L.20 (Situation in Central America) (under agenda item 38) (organized by the Central American Group) </s>
	</p>
	<p n="164">
	  <s n="168"> 1.15−2.45 p.m. Closed meeting Conference Room 7 </s>
	</p>
	<p n="165">
	  <s n="169"> Meeting of co-sponsors of draft resolution A/57/L.38 (Cooperation between the United Nations and the Inter-Parliamentary Union) (under agenda item 22 (h)) (organized by the delegation of Chile) </s>
	</p>
	<p n="166">
	  <s n="170"> 1.15−2.45 p.m. Closed meeting Conference Room 2 </s>
	</p>
	<p n="167">
	  <s n="171"> Open-ended informal consultations on the draft resolution on “2001-2010: Decade to Roll Back Malaria in Developing Countries, particularly in Africa” (under agenda item 29) (organized by the delegation of South Africa) </s>
	</p>
	<p n="168">
	  <s n="172"> 1.15−2.45 p.m. Closed meeting Conference Room A </s>
	</p>
	<p n="169">
	  <s n="173"> Asian Group of the Whole </s>
	</p>
	<p n="170">
	  <s n="174"> 3−6 p.m. Closed meeting Trusteeship Council Chamber </s>
	</p>
	<p n="171">
	  <s n="175"> Open-ended informal consultations on racism (organized by the Group of 77 and China) </s>
	</p>
	<p n="172">
	  <s n="176"> 3−6 p.m. Closed meeting Room to be announced </s>
	</p>
	<p n="173">
	  <s n="177"> Press conferences </s>
	</p>
	<p n="174">
	  <s n="178"> The schedule below is tentative; up-to-date information can be obtained at www.un.org/News/ossg/conf.htm. </s>
	</p>
	<p n="175">
	  <s n="179"> Thursday, 21 November 2002 </s>
	</p>
	<p n="176">
	  <s n="180"> Room S-226 </s>
	</p>
	<p n="177">
	  <s n="181"> 12 noon Press Briefing by the Spokesman </s>
	</p>
	<p n="178">
	  <s n="182"> Forthcoming official meetings </s>
	</p>
	<p n="179">
	  <s n="183"> Friday, 22 November 2002 </s>
	</p>
	<p n="180">
	  <s n="184"> General Assembly </s>
	</p>
	<p n="181">
	  <s n="185"> Fifty-seventh session </s>
	</p>
	<p n="182">
	  <s n="186"> 10 a.m. 57th plenary meeting General Assembly Hall </s>
	</p>
	<p n="183">
	  <s n="187"> Reduction of military budgets: report of the First Committee (A/57/501) </s>
	</p>
	<p n="184">
	  <s n="188"> Prohibition of the development and manufacture of new types of weapons of mass destruction and new systems of such weapons: report of the Conference on Disarmament: report of the First Committee (A/57/502) </s>
	</p>
	<p n="185">
	  <s n="189"> Question of Antarctica: report of the First Committee (A/57/503) </s>
	</p>
	<p n="186">
	  <s n="190"> Maintenance of international security - good-neighbourliness, stability and development in South-Eastern Europe: report of the First Committee (A/57/504) </s>
	</p>
	<p n="187">
	  <s n="191"> Developments in the field of information and telecommunications in the context of international security: report of the First Committee (A/57/505) </s>
	</p>
	<p n="188">
	  <s n="192"> Role of science and technology in the context of international security and disarmament: report of the First Committee (A/57/506) </s>
	</p>
	<p n="189">
	  <s n="193"> Establishment of a nuclear-weapon-free zone in the region of the Middle East: report of the First Committee (A/57/507) </s>
	</p>
	<p n="190">
	  <s n="194"> Conclusion of effective international arrangements to assure non-nuclear-weapon States against the use or threat of use of nuclear weapons: report of the First Committee (A/57/508) </s>
	</p>
	<p n="191">
	  <s n="195"> Prevention of an arms race in outer space: report of the First Committee (A/57/509) </s>
	</p>
	<p n="192">
	  <s n="196"> General and complete disarmament: report of the First Committee (A/57/510) </s>
	</p>
	<p n="193">
	  <s n="197"> Review and implementation of the Concluding Document of the Twelfth Special Session of the General Assembly: report of the First Committee (A/57/511) </s>
	</p>
	<p n="194">
	  <s n="198"> Review of the implementation of the recommendations and decisions adopted by the General Assembly at its tenth special session: report of the First Committee (A/57/512) </s>
	</p>
	<p n="195">
	  <s n="199"> The risk of nuclear proliferation in the Middle East: report of the First Committee (A/57/513) </s>
	</p>
	<p n="196">
	  <s n="200"> Convention on Prohibitions or Restrictions on the Use of Certain Conventional Weapons Which May Be Deemed to Be Excessively Injurious or to Have Indiscriminate Effects: report of the First Committee (A/57/514) </s>
	</p>
	<p n="197">
	  <s n="201"> Strengthening of security and cooperation in the Mediterranean region: report of the First Committee (A/57/515) </s>
	</p>
	<p n="198">
	  <s n="202"> Convention on the Prohibition of the Development, Production and Stockpiling of Bacteriological (Biological) and Toxin Weapons and on Their Destruction: report of the First Committee (A/57/516) </s>
	</p>
	<p n="199">
	  <s n="203"> Comprehensive Nuclear-Test-Ban Treaty: report of the First Committee (A/57/517) </s>
	</p>
	<p n="200">
	  <s n="204"> Main Committees </s>
	</p>
	<p n="201">
	  <s n="205"> Second Committee </s>
	</p>
	<p n="202">
	  <s n="206"> 10 a.m. Informal consultations (closed) Conference Room 2 </s>
	</p>
	<p n="203">
	  <s n="207"> 3 p.m. Informal consultations (closed) Conference Room 2 </s>
	</p>
	<p n="204">
	  <s n="208"> Fifth Committee </s>
	</p>
	<p n="205">
	  <s n="209"> 9.30 a.m.−12.30 p.m. Informal consultations (closed) Conference Room 5 </s>
	</p>
	<p n="206">
	  <s n="210"> 2.30−4.30 p.m. Informal consultations (closed) Conference Room 5 </s>
	</p>
	<p n="207">
	  <s n="211"> General Assembly </s>
	</p>
	<p n="208">
	  <s n="212"> Fifty-seventh session </s>
	</p>
	<p n="209">
	  <s n="213"> Informal consultations on agenda item 21 (Strengthening of the coordination of humanitarian and disaster relief assistance of the United Nations, including special economic assistance) </s>
	</p>
	<p n="210">
	  <s n="214"> Informal consultations on draft proposals under agenda item 21, chaired by H.E. Mr. Hubert Wurth (Luxembourg), will be held on Friday, 22 November 2002, at 3 p.m. in Conference Room 6. </s>
	  <s n="215"> All interested delegations are invited to attend. </s>
	</p>
	<p n="211">
	  <s n="216"> Informal consultations on agenda item 42 (Follow-up to the outcome of the twenty-sixth special session: implementation of the Declaration of Commitment on HIV/AIDS) </s>
	</p>
	<p n="212">
	  <s n="217"> Informal consultations on a draft proposal under agenda item 42, chaired by H. E. Mr. Enrique Manalo, Deputy Permanent Representative (Philippines), will be held on Friday, 22 November 2002, at 3 p.m. in Conference Room C. All interested delegations are invited to attend. </s>
	</p>
	<p n="213">
	  <s n="218"> Informal consultations on the draft resolution entitled “Implementation of the outcome of the Millennium Summit”, under agenda item 44 (Follow-up to the outcome of the Millennium Summit) (organized by the Office of the President of the General Assembly) </s>
	</p>
	<p n="214">
	  <s n="219"> Informal consultations on the draft resolution entitled “Implementation of the outcome of the Millennium Summit” under agenda item 44, chaired by H.E. Ms. Jana Simonová, Deputy Chef de Cabinet, Office of the President of the General Assembly, will be held on Monday, 25 November 2002, at 3 p.m. in Conference Room 9. </s>
	  <s n="220"> All interested delegations are invited to attend. </s>
	</p>
	<p n="215">
	  <s n="221"> Credentials Committee </s>
	</p>
	<p n="216">
	  <s n="222"> There will be a closed meeting of the Credentials Committee on Monday, 2 December 2002, at 3 p.m. in Conference Room 8. </s>
	  <s n="223"> Delegations that have not submitted credentials in accordance with rule 27 of the rules of procedure of the General Assembly are asked to submit them to the Secretary of the Credentials Committee before the meeting (room S-3420A). </s>
	</p>
	<p n="217">
	  <s n="224"> Economic and Social Council </s>
	</p>
	<p n="218">
	  <s n="225"> Technical Subgroup of the Ad Hoc Open-ended Working Group on Informatics </s>
	</p>
	<p n="219">
	  <s n="226"> The next meeting of the Technical Subgroup of the Ad Hoc Open-ended Working Group on Informatics will take place on Wednesday, 4 December 2002, at 11 a.m. in Conference Room 9, under the chairmanship of H.E. Mr. </s>
	  <s n="227"> Bob Jalang&apos;o (Kenya). </s>
	</p>
	<p n="220">
	  <s n="228"> Other forthcoming meetings </s>
	</p>
	<p n="221">
	  <s n="229"> The information below is reproduced as received and does not imply any opinion or endorsement by the Secretariat of the United Nations. </s>
	</p>
	<p n="222">
	  <s n="230"> Group of 77 of the Whole (Strengthening of the United Nations: an agenda for change) </s>
	</p>
	<p n="223">
	  <s n="231"> There will be a meeting of the Group of 77 of the Whole (Strengthening of the United Nations: an agenda for change) on Monday, 25 November 2002, from 9 to 10.30 a.m. </s>
	  <s n="232"> The conference room will be announced. </s>
	</p>
	<p n="224">
	  <s n="233"> UNITAR Workshop on the effective management of meetings </s>
	</p>
	<p n="225">
	  <s n="234"> The United Nations Institute for Training and Research (UNITAR) is organizing a workshop on the effective management of meetings. </s>
	  <s n="235"> This workshop, to be conducted in English, will be held on Tuesday, 3 December 2002, from 10 a.m. to 1 p.m. and from 3 to 6 p.m. in Conference Room 9. </s>
	</p>
	<p n="226">
	  <s n="236"> A letter on this subject, including a detailed information note, an outline of activities and a nomination form, was addressed to all permanent missions in New York. </s>
	  <s n="237"> The registration deadline is Wednesday, 27 November. </s>
	  <s n="238"> For further information, please contact Ms. Nicole Valenta at UNITAR (room DC1-603; tel. </s>
	  <s n="239"> 1 (212) 963 9684 or 963-9196). </s>
	</p>
	<p n="227">
	  <s n="240"> Announcements </s>
	</p>
	<p n="228">
	  <s n="241"> Preparations for the forty-seventh session of the Commission on the Status of Women </s>
	</p>
	<p n="229">
	  <s n="242"> In preparation for the forty-seventh session of the Commission on the Status of Women (3-14 March 2003), delegations are kindly invited to propose names of expert panellists to participate in two panel discussions on the following thematic issues that will be taken up by the Commission: (a) Participation and access of women to the media, and information and communication technologies and their impact on and use as an instrument for the advancement and empowerment of women; (b) Women&apos;s human rights and elimination of all forms of violence against women and girls as defined in the Beijing Platform for Action and the outcome documents of the General Assembly entitled “Women 2000: gender equality, development and peace for the twenty-first century”. </s>
	  <s n="243"> Delegations are kindly requested to submit names and curricula vitae to the Division for the Advancement of Women (room DC2-1244), no later than Monday, 2 December 2002, indicating the panel for which the expert(s) is (are) being nominated. </s>
	</p>
	<p n="230">
	  <s n="244"> United Nations Convention on the Law of the Sea </s>
	</p>
	<p n="231">
	  <s n="245"> Commemoration of the 20th Anniversary of the opening for signature of the United Nations Convention on the Law of the Sea (United Nations Headquarters) (9 December 2002) </s>
	</p>
	<p n="232">
	  <s n="246"> Deposit of charts and/or lists of geographical coordinates with the Secretary-General </s>
	</p>
	<p n="233">
	  <s n="247"> It will be possible for States Parties to the United Nations Convention on the Law of the Sea that may wish to do so, to deposit charts and/or lists of geographical coordinates with the Secretary-General on Monday, 9 December 2002, at 9 a.m., in the West Foyer, adjacent to the General Assembly Hall at United Nations Headquarters. </s>
	  <s n="248"> A note verbale or a letter by the Permanent Representative to the United Nations or other person considered as representing the State Party, addressed to the Secretary-General, should be submitted together with the charts or lists of geographical coordinates of points, indicating under which article of the Convention the deposit is being effected. </s>
	  <s n="249"> It is recalled that charts or lists of geographical coordinates of points concerning straight or archipelagic baselines as well as the outer limits of their maritime zones are deposited under article 16, paragraph 2, article 47, paragraph 9, article 75, paragraph 2, and article 84, paragraph 2, of the Convention. </s>
	</p>
	<p n="234">
	  <s n="250"> Security Council Daily informal briefings </s>
	</p>
	<p n="235">
	  <s n="251"> As from Friday, 1 November 2002, and for the rest of the month, the President of the Security Council will conduct informal briefings daily on the current work of the Council for Member States of the United Nations which are non-members of the Council, except on days on which no informal consultations are scheduled. </s>
	  <s n="252"> The briefings will take place immediately following the adjournment of the informal consultations in the Press Briefing Room (S-226). </s>
	</p>
	<p n="236">
	  <s n="253"> Recorded information </s>
	</p>
	<p n="237">
	  <s n="254"> Recorded information about previously unscheduled meetings and consultations of the whole of the Security Council may be obtained by calling 1 (212) 963-8530. </s>
	</p>
	<p n="238">
	  <s n="255"> Summary of meetings </s>
	</p>
	<p n="239">
	  <s n="256"> Wednesday, 20 November 2002 </s>
	</p>
	<p n="240">
	  <s n="257"> General Assembly </s>
	</p>
	<p n="241">
	  <s n="258"> Fifty-seventh session </s>
	</p>
	<p n="242">
	  <s n="259"> 53rd plenary meeting Statement on the occasion of Africa Industrialization Day </s>
	</p>
	<p n="243">
	  <s n="260"> The President of the General Assembly made a statement. </s>
	</p>
	<p n="244">
	  <s n="261"> Cooperation between the United Nations and regional and other organizations [22 (a) to (s)]: joint debate </s>
	</p>
	<p n="245">
	  <s n="262"> (a) Cooperation between the United Nations and the Asian-African Legal Consultative Organization </s>
	</p>
	<p n="246">
	  <s n="263"> (i) Report of the Secretary-General (A/57/122) </s>
	</p>
	<p n="247">
	  <s n="264"> (ii) Draft resolution (A/57/L.18) </s>
	</p>
	<p n="248">
	  <s n="265"> (b) Cooperation between the United Nations and the Black Sea Economic Cooperation Organization </s>
	</p>
	<p n="249">
	  <s n="266"> (i) Report of the Secretary-General (A/57/87) </s>
	</p>
	<p n="250">
	  <s n="267"> (ii) Draft resolution (A/57/L.11) </s>
	</p>
	<p n="251">
	  <s n="268"> (c) Cooperation between the United Nations and the Caribbean Community </s>
	</p>
	<p n="252">
	  <s n="269"> (i) Report of the Secretary-General (A/57/254) </s>
	</p>
	<p n="253">
	  <s n="270"> (ii) Draft resolution (A/57/L.26) </s>
	</p>
	<p n="254">
	  <s n="271"> (d) Cooperation between the United Nations and the Council of Europe </s>
	</p>
	<p n="255">
	  <s n="272"> (i) Report of the Secretary-General (A/57/225) </s>
	</p>
	<p n="256">
	  <s n="273"> (ii) Draft resolution (A/57/L.23) </s>
	</p>
	<p n="257">
	  <s n="274"> (e) Cooperation between the United Nations and the Economic Community of Central African States </s>
	</p>
	<p n="258">
	  <s n="275"> (i) Report of the Secretary-General (A/57/266 and A/57/266/Add.1) </s>
	</p>
	<p n="259">
	  <s n="276"> (ii) Draft resolution (A/57/L.25) </s>
	</p>
	<p n="260">
	  <s n="277"> (f) Cooperation between the United Nations and the Economic Cooperation Organization </s>
	</p>
	<p n="261">
	  <s n="278"> (i) Report of the Secretary-General (A/57/119) </s>
	</p>
	<p n="262">
	  <s n="279"> (ii) Draft resolution (A/57/L.22) </s>
	</p>
	<p n="263">
	  <s n="280"> (g) Cooperation between the United Nations and the International Organization of la Francophonie </s>
	</p>
	<p n="264">
	  <s n="281"> (i) Report of the Secretary-General (A/57/358) </s>
	</p>
	<p n="265">
	  <s n="282"> (ii) Draft resolution (A/57/L.29) </s>
	</p>
	<p n="266">
	  <s n="283"> (h) Cooperation between the United Nations and the Inter-Parliamentary Union </s>
	</p>
	<p n="267">
	  <s n="284"> (i) Report of the Secretary-General (A/57/375) </s>
	</p>
	<p n="268">
	  <s n="285"> (ii) Draft resolution (A/57/L.38) </s>
	</p>
	<p n="269">
	  <s n="286"> (i) Cooperation between the United Nations and the Latin American Economic System </s>
	</p>
	<p n="270">
	  <s n="287"> (i) Report of the Secretary-General (A/57/128) </s>
	</p>
	<p n="271">
	  <s n="288"> (ii) Draft resolution (A/57/L.24) </s>
	</p>
	<p n="272">
	  <s n="289"> (j) Cooperation between the United Nations and the League of Arab States </s>
	</p>
	<p n="273">
	  <s n="290"> (i) Report of the Secretary-General (A/57/386) </s>
	</p>
	<p n="274">
	  <s n="291"> (ii) Draft resolution (A/57/L.32) </s>
	</p>
	<p n="275">
	  <s n="292"> (k) Cooperation between the United Nations and the Organization for the Prohibition of Chemical Weapons </s>
	</p>
	<p n="276">
	  <s n="293"> (i) Note by the Secretary-General transmitting the report of the Organization for the Prohibition of Chemical Weapons (A/57/576) </s>
	</p>
	<p n="277">
	  <s n="294"> (ii) Draft resolution (A/57/L.31) </s>
	</p>
	<p n="278">
	  <s n="295"> (l) Cooperation between the United Nations and the Organization for Security and Cooperation in Europe: report of the Secretary-General (A/57/217) </s>
	</p>
	<p n="279">
	  <s n="296"> (m) Cooperation between the United Nations and the African Union </s>
	</p>
	<p n="280">
	  <s n="297"> (i) Report of the Secretary-General (A/57/351, A/57/351/Corr.1) </s>
	</p>
	<p n="281">
	  <s n="298"> (ii) Draft resolution (A/57/L.39) </s>
	</p>
	<p n="282">
	  <s n="299"> (n) Cooperation between the United Nations and the Organization of American States: report of the Secretary-General (A/57/267) </s>
	</p>
	<p n="283">
	  <s n="300"> (o) Cooperation between the United Nations and the Organization of the Islamic Conference </s>
	</p>
	<p n="284">
	  <s n="301"> (i) Report of the Secretary-General (A/57/405) </s>
	</p>
	<p n="285">
	  <s n="302"> (ii) Draft resolution (A/57/L.28) </s>
	</p>
	<p n="286">
	  <s n="303"> (p) Cooperation between the United Nations and the Pacific Islands Forum </s>
	</p>
	<p n="287">
	  <s n="304"> (i) Report of the Secretary-General (A/57/475) </s>
	</p>
	<p n="288">
	  <s n="305"> (ii) Draft resolution (A/57/L.21) </s>
	</p>
	<p n="289">
	  <s n="306"> (q) Cooperation between the United Nations and the Preparatory Commission for the Comprehensive Nuclear-Test-Ban Treaty Organization </s>
	</p>
	<p n="290">
	  <s n="307"> (i) Note by the Secretary-General transmitting the report of the Executive-Secretary of the Preparatory Commission (A/57/255) </s>
	</p>
	<p n="291">
	  <s n="308"> (ii) Draft resolution (A/57/L.40) </s>
	</p>
	<p n="292">
	  <s n="309"> (r) Cooperation between the United Nations and the Southern African Development Community </s>
	</p>
	<p n="293">
	  <s n="310"> (i) Report of the Secretary-General (A/57/94, A/57/94/Add.1) </s>
	</p>
	<p n="294">
	  <s n="311"> (ii) Draft resolution (A/57/L.30) </s>
	</p>
	<p n="295">
	  <s n="312"> (s) Cooperation between the United Nations and the Association of South-East Asian Nations: draft resolution (A/57/L.16) </s>
	</p>
	<p n="296">
	  <s n="313"> The Executive-Secretary of the Preparatory Commission for the Comprehensive Nuclear-Test-Ban Treaty Organization presented the report of the Preparatory Commission. </s>
	</p>
	<p n="297">
	  <s n="314"> The Director-General of the Organization for the Prohibition of Chemical Weapons presented the report of the Organization. </s>
	</p>
	<p n="298">
	  <s n="315"> The representative of Armenia made a statement in the course of which he introduced and orally revised draft resolution A/57/L.11. </s>
	</p>
	<p n="299">
	  <s n="316"> The representative of Cambodia (on behalf of the Association of South-East Asian Nations) made a statement in the course of which he introduced draft resolution A/57/L.16. </s>
	</p>
	<p n="300">
	  <s n="317"> The representative of the Fiji (on behalf of the Pacific Islands Forum) made a statement in the course of which he introduced draft resolution A/57/L.21. </s>
	</p>
	<p n="301">
	  <s n="318"> The representative of Turkey made a statement in the course of which he introduced draft resolution A/57/L.22. </s>
	</p>
	<p n="302">
	  <s n="319"> The representative of the Secretariat made a statement concerning draft resolution A/57/L.23. </s>
	</p>
	<p n="303">
	  <s n="320"> The representative of Malta made a statement in the course of which he introduced draft resolution A/57/L.23. </s>
	</p>
	<p n="304">
	  <s n="321"> The representative of Uruguay (on behalf of the Latin American and Caribbean States) made a statement in the course of which he introduced draft resolution A/57/L.24. </s>
	</p>
	<p n="305">
	  <s n="322"> The representative of the Congo (on behalf of the Economic Community of Central African States) made a statement in the course of which he introduced draft resolution A/57/L.25. </s>
	</p>
	<p n="306">
	  <s n="323"> The representative of Jamaica made a statement in the course of which he introduced draft resolution A/57/L.26. </s>
	</p>
	<p n="307">
	  <s n="324"> The representative of the Sudan made a statement in the course of which he introduced draft resolution A/57/L.28. </s>
	</p>
	<p n="308">
	  <s n="325"> The representative of Lebanon made a statement in the course of which he introduced draft resolutions A/57/L.29 and A/57/L.32. </s>
	</p>
	<p n="309">
	  <s n="326"> The representative of Angola (on behalf of the Southern African Development Community) made a statement in the course of which she introduced draft resolution A/57/L.30. </s>
	</p>
	<p n="310">
	  <s n="327"> The representative of the Netherlands made a statement in the course of which he introduced draft resolution A/57/L.31. </s>
	</p>
	<p n="311">
	  <s n="328"> The representative of Chile made a statement in the course of which he introduced draft resolution A/57/L.38. </s>
	</p>
	<p n="312">
	  <s n="329"> The representative of South Africa (on behalf of the Group of African States) made a statement in the course of which he introduced and orally revised draft resolution A/57/L.39. </s>
	</p>
	<p n="313">
	  <s n="330"> The representative of Romania made a statement in the course of which he introduced draft resolution A/57/L.40. </s>
	</p>
	<p n="314">
	  <s n="331"> The Honourable Kanu Agaby, Attorney-General and Minister of Justice of Nigeria, made a statement in the course of which he introduced and orally revised draft resolution A/57/L.18. </s>
	</p>
	<p n="315">
	  <s n="332"> 54th plenary meeting Cooperation between the United Nations and regional and other organizations [22 (a) to (s)]: joint debate </s>
	</p>
	<p n="316">
	  <s n="333"> (a) Cooperation between the United Nations and the Asian-African Legal Consultative Organization </s>
	</p>
	<p n="317">
	  <s n="334"> (i) Report of the Secretary-General (A/57/122) </s>
	</p>
	<p n="318">
	  <s n="335"> (ii) Draft resolution (A/57/L.18) </s>
	</p>
	<p n="319">
	  <s n="336"> (b) Cooperation between the United Nations and the Black Sea Economic Cooperation Organization </s>
	</p>
	<p n="320">
	  <s n="337"> (i) Report of the Secretary-General (A/57/87) </s>
	</p>
	<p n="321">
	  <s n="338"> (ii) Draft resolution (A/57/L.11) </s>
	</p>
	<p n="322">
	  <s n="339"> (c) Cooperation between the United Nations and the Caribbean Community </s>
	</p>
	<p n="323">
	  <s n="340"> (i) Report of the Secretary-General (A/57/254) </s>
	</p>
	<p n="324">
	  <s n="341"> (ii) Draft resolution (A/57/L.26) </s>
	</p>
	<p n="325">
	  <s n="342"> (d) Cooperation between the United Nations and the Council of Europe </s>
	</p>
	<p n="326">
	  <s n="343"> (i) Report of the Secretary-General (A/57/225) </s>
	</p>
	<p n="327">
	  <s n="344"> (ii) Draft resolution (A/57/L.23) </s>
	</p>
	<p n="328">
	  <s n="345"> (e) Cooperation between the United Nations and the Economic Community of Central African States </s>
	</p>
	<p n="329">
	  <s n="346"> (i) Report of the Secretary-General (A/57/266 and A/57/266/Add.1) </s>
	</p>
	<p n="330">
	  <s n="347"> (ii) Draft resolution (A/57/L.25) </s>
	</p>
	<p n="331">
	  <s n="348"> (f) Cooperation between the United Nations and the Economic Cooperation Organization </s>
	</p>
	<p n="332">
	  <s n="349"> (i) Report of the Secretary-General (A/57/119) </s>
	</p>
	<p n="333">
	  <s n="350"> (ii) Draft resolution (A/57/L.22) </s>
	</p>
	<p n="334">
	  <s n="351"> (g) Cooperation between the United Nations and the International Organization of la Francophonie </s>
	</p>
	<p n="335">
	  <s n="352"> (i) Report of the Secretary-General (A/57/358) </s>
	</p>
	<p n="336">
	  <s n="353"> (ii) Draft resolution (A/57/L.29) </s>
	</p>
	<p n="337">
	  <s n="354"> (h) Cooperation between the United Nations and the Inter-Parliamentary Union </s>
	</p>
	<p n="338">
	  <s n="355"> (i) Report of the Secretary-General (A/57/375) </s>
	</p>
	<p n="339">
	  <s n="356"> (ii) Draft resolution (A/57/L.38) </s>
	</p>
	<p n="340">
	  <s n="357"> (i) Cooperation between the United Nations and the Latin American Economic System </s>
	</p>
	<p n="341">
	  <s n="358"> (i) Report of the Secretary-General (A/57/128) </s>
	</p>
	<p n="342">
	  <s n="359"> (ii) Draft resolution (A/57/L.24) </s>
	</p>
	<p n="343">
	  <s n="360"> (j) Cooperation between the United Nations and the League of Arab States </s>
	</p>
	<p n="344">
	  <s n="361"> (i) Report of the Secretary-General (A/57/386) </s>
	</p>
	<p n="345">
	  <s n="362"> (ii) Draft resolution (A/57/L.32) </s>
	</p>
	<p n="346">
	  <s n="363"> (k) Cooperation between the United Nations and the Organization for the Prohibition of Chemical Weapons </s>
	</p>
	<p n="347">
	  <s n="364"> (i) Note by the Secretary-General transmitting the report of the Organization for the Prohibition of Chemical Weapons (A/57/576) </s>
	</p>
	<p n="348">
	  <s n="365"> (ii) Draft resolution (A/57/L.31) </s>
	</p>
	<p n="349">
	  <s n="366"> (l) Cooperation between the United Nations and the Organization for Security and Cooperation in Europe: report of the Secretary-General (A/57/217) </s>
	</p>
	<p n="350">
	  <s n="367"> (m) Cooperation between the United Nations and the African Union </s>
	</p>
	<p n="351">
	  <s n="368"> (i) Report of the Secretary-General (A/57/351, A/57/351/Corr.1) </s>
	</p>
	<p n="352">
	  <s n="369"> (ii) Draft resolution (A/57/L.39) </s>
	</p>
	<p n="353">
	  <s n="370"> (n) Cooperation between the United Nations and the Organization of American States: report of the Secretary-General (A/57/267) </s>
	</p>
	<p n="354">
	  <s n="371"> (o) Cooperation between the United Nations and the Organization of the Islamic Conference </s>
	</p>
	<p n="355">
	  <s n="372"> (i) Report of the Secretary-General (A/57/405) </s>
	</p>
	<p n="356">
	  <s n="373"> (ii) Draft resolution (A/57/L.28) </s>
	</p>
	<p n="357">
	  <s n="374"> (p) Cooperation between the United Nations and the Pacific Islands Forum </s>
	</p>
	<p n="358">
	  <s n="375"> (i) Report of the Secretary-General (A/57/475) </s>
	</p>
	<p n="359">
	  <s n="376"> (ii) Draft resolution (A/57/L.21) </s>
	</p>
	<p n="360">
	  <s n="377"> (q) Cooperation between the United Nations and the Preparatory Commission for the Comprehensive Nuclear-Test-Ban Treaty Organization </s>
	</p>
	<p n="361">
	  <s n="378"> (i) Note by the Secretary-General transmitting the report of the Executive-Secretary of the Preparatory Commission (A/57/255) </s>
	</p>
	<p n="362">
	  <s n="379"> (ii) Draft resolution (A/57/L.40) </s>
	</p>
	<p n="363">
	  <s n="380"> (r) Cooperation between the United Nations and the Southern African Development Community </s>
	</p>
	<p n="364">
	  <s n="381"> (i) Report of the Secretary-General (A/57/94, A/57/94/Add.1) </s>
	</p>
	<p n="365">
	  <s n="382"> (ii) Draft resolution (A/57/L.30) </s>
	</p>
	<p n="366">
	  <s n="383"> (s) Cooperation between the United Nations and the Association of South-East Asian Nations: draft resolution (A/57/L.16) </s>
	</p>
	<p n="367">
	  <s n="384"> The General Assembly continued its consideration of agenda item 22 and its sub-items (a) to (s). </s>
	</p>
	<p n="368">
	  <s n="385"> Statements were made by the representatives of the Islamic Republic of Iran, Denmark (on behalf of the European Union and of Bulgaria, Cyprus, the Czech Republic, Estonia, Hungary, Iceland, Latvia, Lithuania, Malta, Poland, Romania, Slovakia, Slovenia and Turkey), Malaysia, Algeria, Egypt, Norway, India, Bangladesh, Senegal, Switzerland, Mauritius, China, Portugal, Mongolia, Venezuela, Brazil, Chad and Indonesia. </s>
	</p>
	<p n="369">
	  <s n="386"> Statements in the exercise of the right of reply were made by the representatives of Israel and Egypt. </s>
	</p>
	<p n="370">
	  <s n="387"> Main Committees </s>
	</p>
	<p n="371">
	  <s n="388"> Second Committee </s>
	</p>
	<p n="372">
	  <s n="389"> 38th meeting Organization of work </s>
	</p>
	<p n="373">
	  <s n="390"> The representative of Venezuela (on behalf of the Group of 77 and China) made a statement. </s>
	</p>
	<p n="374">
	  <s n="391"> The Chairman made a statement. </s>
	</p>
	<p n="375">
	  <s n="392"> Sustainable development and international economic cooperation </s>
	</p>
	<p n="376">
	  <s n="393"> Introduction of draft resolution A/C.2/57/L.49 </s>
	</p>
	<p n="377">
	  <s n="394"> The representative of Switzerland introduced the draft resolution, on behalf of the sponsors listed in the document, as well as Afghanistan, Austria, Belgium, Bolivia, Ecuador, France, Guatemala, Italy, Liechtenstein, Luxembourg, Morocco, Nepal, Saint Vincent and the Grenadines, Slovenia, Spain and Yugoslavia. </s>
	  <s n="395"> Subsequently, Croatia, the Czech Republic, Greece, the Lao People&apos;s Democratic Republic and the Russian Federation joined in sponsoring the draft resolution. </s>
	</p>
	<p n="378">
	  <s n="396"> Environment and sustainable development: implementation of Agenda 21 and the Programme for the Further Implementation of Agenda 21 [87 (a)] </s>
	</p>
	<p n="379">
	  <s n="397"> Introduction of draft resolution A/C.2/57/L.45 </s>
	</p>
	<p n="380">
	  <s n="398"> The representative of Japan introduced the draft resolution, on behalf of the sponsors listed in the document, as well as Jordan, Luxemburg and Uganda. </s>
	  <s n="399"> Subsequently, Algeria, Belgium, the Dominican Republic, Egypt, Haiti and the Russian Federation joined in sponsoring the draft resolution. </s>
	</p>
	<p n="381">
	  <s n="400"> Environment and sustainable development: protection of global climate for present and future generations of mankind [87 (c)] </s>
	</p>
	<p n="382">
	  <s n="401"> Introduction of draft resolution A/C.2/57/L.43 </s>
	</p>
	<p n="383">
	  <s n="402"> The representative of Venezuela introduced the draft resolution, on behalf of the Group of 77 and China. </s>
	</p>
	<p n="384">
	  <s n="403"> The representative of the United States made a statement. </s>
	</p>
	<p n="385">
	  <s n="404"> Introduction of draft resolution A/C.2/57/L.47 </s>
	</p>
	<p n="386">
	  <s n="405"> The representative of the Russian Federation introduced the draft resolution, on behalf of the sponsors listed in the document, as well as the Czech Republic, Malta, Norway, New Zealand, Poland, Romania and Switzerland. </s>
	  <s n="406"> Subsequently, Austria, Belgium, Bulgaria, Cyprus, Denmark, Estonia, Finland, France, Germany, Greece, Hungary, Ireland, Italy, Latvia, Lithuania, Luxembourg, the Netherlands, Poland, Portugal, Romania, Slovakia, Slovenia, Spain, Sweden, Turkey and the United Kingdom of Great Britain and Northern Ireland joined in sponsoring the draft. </s>
	</p>
	<p n="387">
	  <s n="407"> Training and research [90 (a)] </s>
	</p>
	<p n="388">
	  <s n="408"> Introduction of draft resolution A/C.2/57/L.48 </s>
	</p>
	<p n="389">
	  <s n="409"> The representative of Japan introduced the draft resolution, on behalf of the sponsors listed in the document, as well as the Philippines and Uganda. </s>
	  <s n="410"> Subsequently, Egypt joined in sponsoring the draft resolution. </s>
	</p>
	<p n="390">
	  <s n="411"> High-level international intergovernmental consideration of financing for development </s>
	</p>
	<p n="391">
	  <s n="412"> Introduction of draft resolution A/C.2/57/L.44 </s>
	</p>
	<p n="392">
	  <s n="413"> The representative of Venezuela introduced the draft resolution, on behalf of the Group of 77 and China. </s>
	</p>
	<p n="393">
	  <s n="414"> Macroeconomic policy questions: science and technology for development [84 (c)] </s>
	</p>
	<p n="394">
	  <s n="415"> Action on draft resolutions A/C.2/57/L.7 and A/C.2/57/L.42 </s>
	</p>
	<p n="395">
	  <s n="416"> It was announced that Andorra, Austria, Belgium, Belize, Burkina Faso, Canada, Chile, Croatia, Denmark, Finland, France, Germany, Greece, Indonesia, Ireland, Italy, Lesotho, Luxembourg, Mali, Morocco, Nigeria, Portugal, Romania, Senegal, South Africa, Spain, Sweden, Turkey, the United Kingdom of Great Britain and Northern Ireland and Yemen had joined in sponsoring draft resolution A/C.2/57/L.7. </s>
	</p>
	<p n="396">
	  <s n="417"> The Vice-Chairman of the Committee, Mr. Abdellah Benmellouk (Morocco), introduced draft resolution A/C.2/57/L.42, which he submitted on the basis of informal consultations held on draft resolution A/C.2/57/L.7. </s>
	</p>
	<p n="397">
	  <s n="418"> The Committee adopted draft resolution A/C.2/57/L.42. </s>
	</p>
	<p n="398">
	  <s n="419"> In the light of the adoption of draft resolution A/C.2/57/L.42, draft resolution A/C.2/57/L.7 was withdrawn by its sponsors. </s>
	</p>
	<p n="399">
	  <s n="420"> Macroeconomic policy questions: preparations for the International Ministerial Conference on Transit Transport Cooperation [84 (f)] </s>
	</p>
	<p n="400">
	  <s n="421"> Action on draft resolutions A/C.2/57/L.2 and A/C.2/57/L.32 </s>
	</p>
	<p n="401">
	  <s n="422"> The Vice-Chairman of the Committee, Mr. Abdellah Benmellouk (Morocco), introduced draft resolution A/C.2/57/L.32, which he submitted on the basis of informal consultations held on draft resolution A/C.2/57/L.2. </s>
	</p>
	<p n="402">
	  <s n="423"> The Committee adopted draft resolution A/C.2/57/L.32. </s>
	</p>
	<p n="403">
	  <s n="424"> Statements were made by the representatives of Japan and the Lao People&apos;s Democratic Republic (on behalf of the Group of Land-locked Developing Countries). </s>
	</p>
	<p n="404">
	  <s n="425"> In the light of the adoption of draft resolution A/C.2/57/L.32, draft resolution A/C.2/57/L.2 was withdrawn by its sponsors. </s>
	</p>
	<p n="405">
	  <s n="426"> The Committee thus concluded its consideration of the sub-item. </s>
	</p>
	<p n="406">
	  <s n="427"> Sectoral policy questions: Preventing and combating corrupt practices and transfer of funds of illicit origin and returning such funds to the countries of origin [85 (c)] </s>
	</p>
	<p n="407">
	  <s n="428"> Action on draft resolutions A/C.2/57/L.9 and A/C.2/57/L.46 </s>
	</p>
	<p n="408">
	  <s n="429"> The Vice-Chairman of the Committee, Mr. Bruno van der Pluijm (Belgium), introduced draft resolution A/C.2/57/L.46, which he submitted on the basis of informal consultations held on draft resolution A/C.2/57/L.9. </s>
	</p>
	<p n="409">
	  <s n="430"> The Committee adopted draft resolution A/C.2/57/L.46. </s>
	</p>
	<p n="410">
	  <s n="431"> In the light of the adoption of draft resolution A/C.2/57/L.46, draft resolution A/C.2/57/L.9 was withdrawn by its sponsors. </s>
	</p>
	<p n="411">
	  <s n="432"> The Committee thus concluded its consideration of the sub-item. </s>
	</p>
	<p n="412">
	  <s n="433"> Organization of work </s>
	</p>
	<p n="413">
	  <s n="434"> The Chairman made a statement. </s>
	</p>
	<p n="414">
	  <s n="435"> The representative of the United States made a statement. </s>
	</p>
	<p n="415">
	  <s n="436"> Third Committee </s>
	</p>
	<p n="416">
	  <s n="437"> 55th−56th meetings The summary of the 55th and 56th meetings of the Third Committee will appear in the next issue of the Journal (No. </s>
	</p>
	<p n="417">
	  <s n="438"> Economic and Social Council </s>
	</p>
	<p n="418">
	  <s n="439"> International Covenant on Economic, Social and Cultural Rights </s>
	</p>
	<p n="419">
	  <s n="440"> Committee on Economic, Social and Cultural Rights </s>
	</p>
	<p n="420">
	  <s n="441"> Twenty-ninth session </s>
	</p>
	<p n="421">
	  <s n="442"> United Nations Office at Geneva </s>
	</p>
	<p n="422">
	  <s n="443"> Wednesday, 20 November 2002 </s>
	</p>
	<p n="423">
	  <s n="444"> 42nd−43rd meetings Consideration of reports </s>
	</p>
	<p n="424">
	  <s n="445"> The Committee continued its consideration of the initial report of Estonia (E/1990/5/Add.50). </s>
	  <s n="446"> In accordance with rule 62 of the Committee&apos;s rules of procedure, representatives of the State party were present at the meetings and replied to questions raised and comments made by the members of the Committee. </s>
	</p>
	<p n="425">
	  <s n="447"> Signatures, Ratifications, etc. </s>
	</p>
	<p n="426">
	  <s n="448"> [Multilateral Treaties Deposited with the Secretary-General] </s>
	</p>
	<p n="427">
	  <s n="449"> United Nations Convention against Transnational Organized Crime. </s>
	  <s n="450"> New York, 15 November 2000 </s>
	</p>
	<p n="428">
	  <s n="451"> Ratification: Argentina (19 November 2002)1 </s>
	</p>
	<p n="429">
	  <s n="452"> Protocol to Prevent, Suppress and Punish Trafficking in Persons, Especially Women and Children, supplementing the United Nations Convention against Transnational Organized Crime. </s>
	  <s n="453"> New York, 15 November 2000 </s>
	</p>
	<p n="430">
	  <s n="454"> Ratification: Argentina (19 November 2002)1 </s>
	</p>
	<p n="431">
	  <s n="455"> Signature: Saint Vincent and the Grenadines (20 November 2002) </s>
	</p>
	<p n="432">
	  <s n="456"> Protocol against the Smuggling of Migrants by Land, Sea and Air, supplementing the United Nations Convention against Transnational Organized Crime. </s>
	  <s n="457"> New York, 15 November 2000 </s>
	</p>
	<p n="433">
	  <s n="458"> Ratification: Argentina (19 November 2002)1 </s>
	</p>
	<p n="434">
	  <s n="459"> Signature: Saint Vincent and the Grenadines (20 November 2002) </s>
	</p>
	<p n="435">
	  <s n="460"> 1 Date of receipt of the relevant documents. </s>
	</p>
	<p n="436">
	  <s n="461"> Treaty Event </s>
	</p>
	<p n="437">
	  <s n="462"> Commemorating the 20th Anniversary of the opening for signature of the United Nations Convention on the Law of the Sea (United Nations Headquarters) (9 December 2002) </s>
	</p>
	<p n="438">
	  <s n="463"> Deposit of instruments of ratification or accession relating to treaties deposited with the Secretary-General </s>
	</p>
	<p n="439">
	  <s n="464"> The above treaty event will take place on Monday, 9 December 2002, at 9 a.m. in the West Foyer adjacent to the General Assembly Hall at United Nations Headquarters in New York. </s>
	  <s n="465"> The event, which will be covered by the media, will be undertaken in a solemn setting. </s>
	</p>
	<p n="440">
	  <s n="466"> Delegations that have notified the Legal Counsel, in response to his letter of 28 August 2002, and those still intending to do so, of their intention to deposit instruments of ratification or accession relating to the United Nations Convention on the Law of the Sea of 10 December 1982 and the Agreement of 28 July 1994 relating to the implementation of Part XI of the United Nations Convention on the Law of the Sea of 10 December 1982, are advised to contact the Treaty Section of the Office of Legal Affairs to arrange appointments (room S-3200, tel. </s>
	  <s n="467"> 1 (212) 963-5047; fax: 1 (212) 963-3693; e-mail: untreaty.un.org). </s>
	</p>
	<p n="441">
	  <s n="468"> Delegations are also requested to submit in advance copies of such instruments including, where appropriate, texts of declarations and statements to the Treaty Section at the latest by 4 December 2002 for verification. </s>
	</p>
	<p n="442">
	  <s n="469"> The status of the Convention and the Agreement can be obtained from the United Nations Treaty Collection on the Internet (untreaty.un.org). </s>
	  <s n="470"> Summaries of the Convention and Agreement can also be found on this Web site along with the full texts of the English and French versions thereof under the heading Focus 2002 - Sustainable Development (direct link - untreaty.un.org/English/TreatyEvent2002). </s>
	  <s n="471"> The summaries also contain pertinent information relating to treaty actions. </s>
	  <s n="472"> Further information concerning the requirements for the deposit of instruments of ratification and accession and the like (including model instruments) can be found in the Treaty Handbook, which is also available on the above Web site. </s>
	</p>
	<p n="443">
	  <s n="473"> Other announcements </s>
	</p>
	<p n="444">
	  <s n="474"> DPI/NGO Briefing in observance of the International Day of Disabled Persons </s>
	</p>
	<p n="445">
	  <s n="475"> This week, the topic of the DPI/NGO Briefing will be “Independent Living and Sustainable Livelihoods” in observance of the International Day of Disabled Persons (3 December). </s>
	  <s n="476"> The briefing will be held today, 21 November 2002, from 10.30 to 11.30 a.m. in the Dag Hammarskjöld Library Auditorium. </s>
	  <s n="477"> A thematically relevant video will be screened at 10 a.m. </s>
	  <s n="478"> The briefing will feature H.E. Mr. Luis Gallegos Chiriboga, Permanent Representative of Ecuador to the United Nations; Mr. Johan Schölvinck, Director, Division for Social Policy and Development, Department of Economic and Social Affairs (DESA); Ms. Elissavet Stamatopoulou-Robbins, Deputy to the Director, New York Office, Office of the High Commissioner for Human Rights; and Ms. Traci Walters, National Director, Canadian Association of Independent Living Centres (CAILC). </s>
	  <s n="479"> Members of permanent missions, Secretariat staff and the media are invited to attend. </s>
	  <s n="480"> This briefing is organized by the Department of Public Information, in cooperation with the Focal Point on Disability of the Department of Economic and Social Affairs (DESA). </s>
	  <s n="481"> For further information, please contact Mr. Oleg Dzioubinski, NGO Section, Department of Public Information (tel. </s>
	  <s n="482"> Information about the International Day of Disabled Persons is available at www.un.org/esa/socdev/enable/ </s>
	</p>
	<p n="446">
	  <s n="483"> Panel discussion on the book Candles in the Dark: A New Spirit for a Plural World </s>
	</p>
	<p n="447">
	  <s n="484"> There will be a panel discussion, organized by the Department of Economic and Social Affairs, on the book entitled Candles in the Dark: A New Spirit for a Plural World, today, 21 November 2002, from 1.15 to 2.45 p.m. in Conference Room 6. </s>
	  <s n="485"> The panellists will be the four contributors to the book: Ms. Barbara Sundberg Baudot, editor and Professor of Political Science, Saint Anselm College, New Hampshire; Mr. Richard Falk, Professor Emeritus of International Law and Practice, Princeton University; Mr. Giandomenico Picco, Special Representative of the United Nations Secretary-General for the Dialogue among Civilizations; and Mr. Nitin Desai, Under-Secretary-General for Economic and Social Affairs, who will moderate the discussion. </s>
	  <s n="486"> Members of permanent missions, Secretariat staff, representatives of non-governmental organizations and the media are invited to attend. </s>
	</p>
	<p n="448">
	  <s n="487"> World Aids Day </s>
	</p>
	<p n="449">
	  <s n="488"> World AIDS Day will be observed on Tuesday, 26 November 2002. </s>
	  <s n="489"> A town hall meeting on the theme “Live and Let Live” will take place from 3 to 5 p.m. in Conference Room 4. </s>
	  <s n="490"> H.E. Mr. Jan Kavan, President of the fifty-seventh session of the General Assembly, and Ms. Louise Fréchette, Deputy Secretary-General, will deliver opening statements. </s>
	  <s n="491"> Ann Curry, The Today Show, NBC Television, will moderate the discussion. </s>
	  <s n="492"> Actress Whoopi Goldberg will make a special appearance, along with Kami, from Takalani Sesame (South Africa&apos;s production of Sesame Street), a recently introduced HIV-positive Muppet. </s>
	  <s n="493"> The observance is co-sponsored by the United Nations Department of Public Information (DPI), the Joint United Nations Programme on HIV/AIDS (UNAIDS), the United Nations Children&apos;s Fund (UNICEF), the United Nations Development Programme (UNDP), the United Nations Population Fund (UNFPA), the World Health Organization (WHO) and the World Bank. </s>
	</p>
	<p n="450">
	  <s n="494"> “Pandemic: Imaging AIDS”, an exhibit consisting of more than one hundred photographic works on the topic of AIDS by award-winning international photographers, will be opened at 6 p.m. in the General Assembly Visitors&apos; Lobby. </s>
	  <s n="495"> There will also be a special presentation of “Pandemic: Facing AIDS”, an HBO documentary film by Rory Kennedy, at 7 p.m. in Conference Room 4. </s>
	</p>
	<p n="451">
	  <s n="496"> Delegations, non-governmental organizations and accredited media are welcome; Secretariat staff will be admitted, space permitting, to the public gallery for the town hall meeting and the film screening. </s>
	</p>
	<p n="452">
	  <s n="497"> Web sites President of the General Assembly: www.un.org/ga/president </s>
	</p>
	<p n="453">
	  <s n="498"> General Assembly: </s>
	</p>
	<p n="454">
	  <s n="499"> www.un.org/arabic/ga/57 www.un.org/chinese/ga/57 www.un.org/ga/57 www.un.org/french/ga/57 www.un.org/russian/documen/gadocs/57sess www.un.org/spanish/aboutun/organs/ga/57 </s>
	</p>
	<p n="455">
	  <s n="500"> Presidency of the Security Council: www.un.org/Docs/sc/presidency </s>
	</p>
	<p n="456">
	  <s n="501"> Security Council Committee established pursuant to resolution 1373 (2001) concerning counter-terrorism: www.un.org/arabic/documents/SCCommittees/1373 www.un.org/chinese/aboutun/prinorgs/sc/committees/1373/1373.htm www.un.org/docs/sc/committees/1373 www.un.org/french/docs/sc/committees/1373 www.un.org/russian/documen/scdocs/committees/1373 www.un.org/spanish/docs/comites/1373/index.html </s>
	</p>
	<p n="457">
	  <s n="502"> Economic and Social Council: www.un.org/esa/coordination/ecosoc </s>
	</p>
	<p n="458">
	  <s n="503"> Danish Presidency of the European Union: www.un.int/denmark http://europa-eu-un.org </s>
	</p>
	<p n="459">
	  <s n="504"> Journal of the United Nations: www.un.org/Docs/journal/Ar/latesta.pdf www.un.org/Docs/journal/Ch/latestc.pdf www.un.org/Docs/journal/En/lateste.pdf www.un.org/Docs/journal/Fr/latestf.pdf www.un.org/Docs/journal/Ru/latestr.pdf www.un.org/Docs/journal/Sp/latests.pdf </s>
	</p>
	<p n="460">
	  <s n="505"> Daily list of documents issued at Headquarters </s>
	</p>
	<p n="461">
	  <s n="506"> With the exception of sales publications and public information material, hyperlinked official documents listed hereunder may be accessed through the Official Document System of the United Nations in the electronic version of the present Journal. </s>
	  <s n="507"> The list contains documents issued by 2 p.m. on 20 November 2002. </s>
	</p>
	<p n="462">
	  <s n="508"> Symbol Main title </s>
	</p>
	<p n="463">
	  <s n="509"> General Assembly Official records </s>
	</p>
	<p n="464">
	  <s n="510"> Fifty-seventh session </s>
	</p>
	<p n="465">
	  <s n="511"> A/57/PV.21 Meeting held on 3 October 2002, 10 a.m. [Chinese] </s>
	</p>
	<p n="466">
	  <s n="512"> General Assembly Documents </s>
	</p>
	<p n="467">
	  <s n="513"> Fifty-seventh session </s>
	</p>
	<p n="468">
	  <s n="514"> A/57/57/Add.1 Item 25 (a) - Oceans and the law of the sea - Report of the Secretary-General [A C E F R S] </s>
	</p>
	<p n="469">
	  <s n="515"> A/57/516 Item 72 - Convention on the Prohibition of the Development, Production and Stockpiling of Bacteriological (Biological) and Toxin Weapons and on Their Destruction - Report of the First Committee [A C E F R S] </s>
	</p>
	<p n="470">
	  <s n="516"> A/57/555 Item 108 - Right of peoples to self-determination - Report of the Third Committee [A C E F R S] </s>
	</p>
	<p n="471">
	  <s n="517"> A/57/L.31* Reissued for technical reasons [A C E F R S] </s>
	</p>
	<p n="472">
	  <s n="518"> A/57/L.32 Item 22 (j) - Cooperation between the United Nations and regional and other organizations: cooperation between the United Nations and the League of Arab States - 22-Power draft resolution [A C E F R S] </s>
	</p>
	<p n="473">
	  <s n="519"> A/57/L.38 Items 22 (h) - Cooperation between the United Nations and regional and other organizations: cooperation between the United Nations and the Inter-Parliamentary Union - 52-Power draft resolution [A C E F R S] </s>
	</p>
	<p n="474">
	  <s n="520"> A/57/L.40 Item 22 (q) - Cooperation between the United Nations and regional and other organizations: cooperation between the United Nations and the Preparatory Commission for the Comprehensive Nuclear-Test-Ban Treaty Organization - Romania: draft resolution [A C E F R S] </s>
	</p>
	<p n="475">
	  <s n="521"> Second Committee </s>
	</p>
	<p n="476">
	  <s n="522"> A/C.2/57/8 Items 86 and 87 (a) - Sustainable development and international economic cooperation - Environment and sustainable development: implementation of Agenda 21 and the Programme for the Further Implementation of Agenda 21 - Letter dated 11 November 2002 from the Permanent Representative of Switzerland to the United Nations addressed to the President of the General Assembly [A C E F R S] </s>
	</p>
	<p n="477">
	  <s n="523"> A/C.2/57/L.47 Item 87 (c) - Environment and sustainable development: protection of global climate for present and future generations of mankind - 18-Power draft resolution - World Climate Change Conference [A C E F R S] </s>
	</p>
	<p n="478">
	  <s n="524"> A/C.2/57/L.48 Item 90 (a) - Training and research: United Nations University - 28-Power draft resolution [A C E F R S] </s>
	</p>
	<p n="479">
	  <s n="525"> A/C.2/57/L.49 Item 86 - Sustainable development and international economic cooperation - 10-Power draft resolution - International Year of Mountains, 2002 [A C E F R S] </s>
	</p>
	<p n="480">
	  <s n="526"> Third Committee </s>
	</p>
	<p n="481">
	  <s n="527"> A/C.3/57/L.29/Rev.1 Item 106 - Programme of activities of the International Decade of the World&apos;s Indigenous People - 18-Power draft resolution - Indigenous people and issues [A C E F R S] </s>
	</p>
	<p n="482">
	  <s n="528"> A/C.3/57/L.43/Rev.1 Item 109 (c) - Human rights questions: human rights situations and reports of special rapporteurs and representatives - 33-Power draft resolution - Situation of human rights in the Sudan [A C E F R S] </s>
	</p>
	<p n="483">
	  <s n="529"> A/C.3/57/L.56/Rev.1 Item 109 (b) - Human rights questions: human rights questions, including alternative approaches for improving the effective enjoyment of human rights and fundamental freedoms - 59-Power draft resolution - Extrajudicial, summary or arbitrary executions [A C E F R S] </s>
	</p>
	<p n="484">
	  <s n="530"> A/C.3/57/L.75 Item 12 - Report of the Economic and Social Council - Organization of work of the Third Committee and draft biennial programme of work of the Committee for 2003-2004 - Note by the Secretariat [A C E F R S] </s>
	</p>
	<p n="485">
	  <s n="531"> A/C.3/57/L.84 Item 109 (d) - Human rights questions: comprehensive implementation of and follow-up to the Vienna Declaration and Programme of Action - Draft resolution submitted by the Chairman on the basis of informal consultations - Commemoration of the tenth anniversary of the World Conference on Human Rights in 2003 [A C E F R S] </s>
	</p>
	<p n="486">
	  <s n="532"> A/C.3/57/L.85 Item 109 (b) - Human rights questions: human rights questions, including alternative approaches for improving the effective enjoyment of human rights and fundamental freedoms - Khmer Rouge Trials - Programme budget implications of draft resolution A/C.3/57/L.70 [A C E F R S] </s>
	</p>
	<p n="487">
	  <s n="533"> A/C.3/57/L.86 Item 109 (b) - Human rights questions: Human rights questions, including alternative approaches for improving the effective enjoyment of human rights and fundamental freedoms - Extrajudicial, summary or arbitrary executions - Bahrain, Egypt, Malaysia, Pakistan, Saudi Arabia, Sudan and United Arab Emirates: amendments to draft resolution A/C.3/57/L.56/Rev.1 [A C E F R S] </s>
	</p>
	<p n="488">
	  <s n="534"> A/C.3/57/L.87 Item 109 (b) - Human rights questions: Human rights questions, including alternative approaches for improving the effective enjoyment of human rights and fundamental freedoms - Extrajudicial, summary or arbitrary executions - Sudan: amendments to draft resolution A/C.3/57/L.56/Rev.1 [A C E F R S] </s>
	</p>
	<p n="489">
	  <s n="535"> Security Council Documents </s>
	</p>
	<p n="490">
	  <s n="536"> S/2002/1243 Report of the Secretary-General on the United Nations operation in Cyprus [A C E F R S] </s>
	</p>
	<p n="491">
	  <s n="537"> S/2002/1245 Letter dated 14 November 2002 from the Secretary-General addressed to the President of the Security Council [A C E F R S] </s>
	</p>
	<p n="492">
	  <s n="538"> S/2002/1263 Letter dated 19 November 2002 from the Permanent Representative of the Democratic Republic of the Congo to the United Nations addressed to the President of the Security Council [A C E F R S] </s>
	</p>
	<p n="493">
	  <s n="539"> Secretariat </s>
	</p>
	<p n="494">
	  <s n="540"> ST/ADM/SER.B/593 Status of contributions as at 31 July 2002 [E F S (only)] </s>
	</p>
	<p n="495">
	  <s n="541"> Communications to the Editor </s>
	</p>
	<p n="496">
	  <s n="542"> Material for inclusion in the Journal may be sent to room S-2940 (tel. </s>
	  <s n="543"> 1 (212) 963-3888, 963-6771 and 963-6776; fax 1 (212) 963-4790; e-mail journal@un.org). </s>
	</p>
	<p n="497">
	  <s n="544"> Office opens at 4.30 p.m. </s>
	</p>
	<p n="498">
	  <s n="545"> Published at Headquarters, New York, by the Department for General Assembly and Conference Management. </s>
	</p>
	</body>
</text>
</DOC>