<?xml version="1.0" encoding="UTF-8"?>
<DOC lang="English" n="N0268852" id="JOURNAL NO. 2002/227" date="2002/11/20">
<text>
	<body>
	<p n="1">
	  <s n="1"> Scheduled official meetings </s>
	</p>
	<p n="2">
	  <s n="2"> Wednesday, 20 November 2002 </s>
	</p>
	<p n="3">
	  <s n="3"> General Assembly </s>
	</p>
	<p n="4">
	  <s n="4"> Fifty-seventh session </s>
	</p>
	<p n="5">
	  <s n="5"> 10 a.m. 53rd plenary meeting General Assembly Hall </s>
	</p>
	<p n="6">
	  <s n="6"> 3 p.m. 54th plenary meeting General Assembly Hall </s>
	</p>
	<p n="7">
	  <s n="7"> Cooperation between the United Nations and regional and other organizations [22 (a) to (s)]: joint debate </s>
	</p>
	<p n="8">
	  <s n="8"> (a) Cooperation between the United Nations and the Asian-African Legal Consultative Organization </s>
	</p>
	<p n="9">
	  <s n="9"> (i) Report of the Secretary-General (A/57/122) </s>
	</p>
	<p n="10">
	  <s n="10"> (ii) Draft resolution (A/57/L.18) </s>
	</p>
	<p n="11">
	  <s n="11"> (b) Cooperation between the United Nations and the Black Sea Economic Cooperation Organization </s>
	</p>
	<p n="12">
	  <s n="12"> (i) Report of the Secretary-General (A/57/87) </s>
	</p>
	<p n="13">
	  <s n="13"> (ii) Draft resolution (A/57/L.11) </s>
	</p>
	<p n="14">
	  <s n="14"> (c) Cooperation between the United Nations and the Caribbean Community </s>
	</p>
	<p n="15">
	  <s n="15"> (i) Report of the Secretary-General (A/57/254) </s>
	</p>
	<p n="16">
	  <s n="16"> (ii) Draft resolution (A/57/L.26) </s>
	</p>
	<p n="17">
	  <s n="17"> (d) Cooperation between the United Nations and the Council of Europe </s>
	</p>
	<p n="18">
	  <s n="18"> (i) Report of the Secretary-General (A/57/225) </s>
	</p>
	<p n="19">
	  <s n="19"> (ii) Draft resolution (A/57/L.23) </s>
	</p>
	<p n="20">
	  <s n="20"> (e) Cooperation between the United Nations and the Economic Community of Central African States </s>
	</p>
	<p n="21">
	  <s n="21"> (i) Report of the Secretary-General (A/57/266 and A/57/266/Add.1) </s>
	</p>
	<p n="22">
	  <s n="22"> (ii) Draft resolution (A/57/L.25) </s>
	</p>
	<p n="23">
	  <s n="23"> (f) Cooperation between the United Nations and the Economic Cooperation Organization </s>
	</p>
	<p n="24">
	  <s n="24"> (i) Report of the Secretary-General (A/57/119) </s>
	</p>
	<p n="25">
	  <s n="25"> (ii) Draft resolution (A/57/L.22) </s>
	</p>
	<p n="26">
	  <s n="26"> (g) Cooperation between the United Nations and the International Organization of la Francophonie </s>
	</p>
	<p n="27">
	  <s n="27"> (i) Report of the Secretary-General (A/57/358) </s>
	</p>
	<p n="28">
	  <s n="28"> (ii) Draft resolution (A/57/L.29) </s>
	</p>
	<p n="29">
	  <s n="29"> (h) Cooperation between the United Nations and the Inter-Parliamentary Union </s>
	</p>
	<p n="30">
	  <s n="30"> (i) Report of the Secretary-General (A/57/375) </s>
	</p>
	<p n="31">
	  <s n="31"> (ii) Draft resolution (A/57/L.38) </s>
	</p>
	<p n="32">
	  <s n="32"> (i) Cooperation between the United Nations and the Latin American Economic System </s>
	</p>
	<p n="33">
	  <s n="33"> (i) Report of the Secretary-General (A/57/128) </s>
	</p>
	<p n="34">
	  <s n="34"> (ii) Draft resolution (A/57/L.24) </s>
	</p>
	<p n="35">
	  <s n="35"> (j) Cooperation between the United Nations and the League of Arab States </s>
	</p>
	<p n="36">
	  <s n="36"> (i) Report of the Secretary-General (A/57/386) </s>
	</p>
	<p n="37">
	  <s n="37"> (ii) Draft resolution (A/57/L.32) </s>
	</p>
	<p n="38">
	  <s n="38"> (k) Cooperation between the United Nations and the Organization for the Prohibition of Chemical Weapons </s>
	</p>
	<p n="39">
	  <s n="39"> (i) Note by the Secretary-General transmitting the report of the Organization for the Prohibition of Chemical Weapons (A/57/576) </s>
	</p>
	<p n="40">
	  <s n="40"> (ii) Draft resolution (A/57/L.31) </s>
	</p>
	<p n="41">
	  <s n="41"> (l) Cooperation between the United Nations and the Organization for Security and Cooperation in Europe: report of the Secretary-General (A/57/217) </s>
	</p>
	<p n="42">
	  <s n="42"> (m) Cooperation between the United Nations and the African Union </s>
	</p>
	<p n="43">
	  <s n="43"> (i) Report of the Secretary-General (A/57/351) </s>
	</p>
	<p n="44">
	  <s n="44"> (ii) Draft resolution (A/57/L.39) </s>
	</p>
	<p n="45">
	  <s n="45"> (n) Cooperation between the United Nations and the Organization of American States: report of the Secretary-General (A/57/267) </s>
	</p>
	<p n="46">
	  <s n="46"> (o) Cooperation between the United Nations and the Organization of the Islamic Conference </s>
	</p>
	<p n="47">
	  <s n="47"> (i) Report of the Secretary-General (A/57/405) </s>
	</p>
	<p n="48">
	  <s n="48"> (ii) Draft resolution (A/57/L.28) </s>
	</p>
	<p n="49">
	  <s n="49"> (p) Cooperation between the United Nations and the Pacific Islands Forum </s>
	</p>
	<p n="50">
	  <s n="50"> (i) Report of the Secretary-General (A/57/475) </s>
	</p>
	<p n="51">
	  <s n="51"> (ii) Draft resolution (A/57/L.21) </s>
	</p>
	<p n="52">
	  <s n="52"> (q) Cooperation between the United Nations and the Preparatory Commission for the Comprehensive Nuclear-Test-Ban Treaty Organization </s>
	</p>
	<p n="53">
	  <s n="53"> (i) Note by the Secretary-General transmitting the report of the Executive-Secretary of the Preparatory Commission (A/57/255) </s>
	</p>
	<p n="54">
	  <s n="54"> (ii) Draft resolution (A/57/L.40) </s>
	</p>
	<p n="55">
	  <s n="55"> (r) Cooperation between the United Nations and the Southern African Development Community </s>
	</p>
	<p n="56">
	  <s n="56"> (i) Report of the Secretary-General (A/57/94, A/57/94/Add.1) </s>
	</p>
	<p n="57">
	  <s n="57"> (ii) Draft resolution (A/57/L.30) </s>
	</p>
	<p n="58">
	  <s n="58"> (s) Cooperation between the United Nations and the Association of South-East Asian Nations: draft resolution (A/57/L.16) </s>
	</p>
	<p n="59">
	  <s n="59"> Main Committees </s>
	</p>
	<p n="60">
	  <s n="60"> Second Committee </s>
	</p>
	<p n="61">
	  <s n="61"> 10 a.m38th meeting Conference Room 2 </s>
	</p>
	<p n="62">
	  <s n="62"> Sustainable development and international economic cooperation </s>
	</p>
	<p n="63">
	  <s n="63"> Introduction of draft resolution A/C.2/57/L.49 </s>
	</p>
	<p n="64">
	  <s n="64"> Environment and sustainable development: Implementation of Agenda 21 and the Programme for the Further Implementation of Agenda 21 [87 (a)] </s>
	</p>
	<p n="65">
	  <s n="65"> Introduction of draft resolution A/C.2/57/L.45 </s>
	</p>
	<p n="66">
	  <s n="66"> Environment and sustainable development: protection of global climate for present and future generations of mankind [87 (c)] </s>
	</p>
	<p n="67">
	  <s n="67"> Introduction of draft resolutions A/C.2/57/L.43 and A/C.2/57/L.47 </s>
	</p>
	<p n="68">
	  <s n="68"> Training and research [90 (a)] </s>
	</p>
	<p n="69">
	  <s n="69"> Introduction of draft resolution A/C.2/57/L.48 </s>
	</p>
	<p n="70">
	  <s n="70"> High-level international intergovernmental consideration of financing for development </s>
	</p>
	<p n="71">
	  <s n="71"> Introduction of draft resolution A/C.2/57/L.44 </s>
	</p>
	<p n="72">
	  <s n="72"> Macroeconomic policy questions: science and technology for development [84 (c)] </s>
	</p>
	<p n="73">
	  <s n="73"> Action on draft resolutions A/C.2/57/L.7 and A/C.2/57/L.42 </s>
	</p>
	<p n="74">
	  <s n="74"> Macroeconomic policy questions: preparations for the International Ministerial Conference on Transit Transport Cooperation [84 (f)] </s>
	</p>
	<p n="75">
	  <s n="75"> Action on draft resolutions A/C.2/57/L.2 and A/C.2/57/L.32 </s>
	</p>
	<p n="76">
	  <s n="76"> Sectoral policy questions: Preventing and combating corrupt practices and transfer of funds of illicit origin and returning such funds to the countries of origin [85 (c)] </s>
	</p>
	<p n="77">
	  <s n="77"> Action on draft resolution A/C.2/57/L.9 and A/C.2/57/L.46 </s>
	</p>
	<p n="78">
	  <s n="78"> Morning1−1 p.m Informal consultations (closed) Conference Room 6 </s>
	</p>
	<p n="79">
	  <s n="79"> Informal consultations under the chairmanship of Mr. Abdellah Benmellouk (Morocco),Vice-Chairman of the Committee, on draft resolution A/C.2/57/L.39 (item 12) </s>
	</p>
	<p n="80">
	  <s n="80"> Informal consultations under the chairmanship of Mr. Jan Kára (Czech Republic), Vice-Chairman of the Committee, on draft resolution A/C.2/57/L.14 (item 86 (b)), A/C.2/57/L.40, and A/C.2/57/L.41 (item 87), A/C.2/57/L.38 (item 87 (a)) A/C.2/57/L.21 (item 87 (b)) </s>
	</p>
	<p n="81">
	  <s n="81"> Informal consultations under the chairmanship of Mr. Bruno van der Pluijm (Belgium), Vice-Chairman of the Committee, on draft resolutions A/C.2/57/L.8 (item 85 (a)) and A/C.2/57/L.48 (item 90 (a)) </s>
	</p>
	<p n="82">
	  <s n="82"> 1 Following the adjournment of the 38th meeting of the Second Committee. </s>
	</p>
	<p n="83">
	  <s n="83"> Third Committee </s>
	</p>
	<p n="84">
	  <s n="84"> 10 a.m−1 p.m55th meeting Conference Room 1 </s>
	</p>
	<p n="85">
	  <s n="85"> 3−6 p.m. 56th meeting Conference Room 1 </s>
	</p>
	<p n="86">
	  <s n="86"> Report of the United Nations High Commissioner for Refugees, questions relating to refugees, returnees and displaced persons and humanitarian questions </s>
	</p>
	<p n="87">
	  <s n="87"> Action on draft resolutions A/C.3/57/L.73, A/C.3/57/L.74, A/C.3/57/L.77, A/C.3/57/L.78 and A/C.3/57/L.79 </s>
	</p>
	<p n="88">
	  <s n="88"> Promotion and protection of the rights of children </s>
	</p>
	<p n="89">
	  <s n="89"> Action on draft resolution A/C.3/57/L.25/Rev.1 and amendment thereto, contained in document A/C.3/57/L.72 </s>
	</p>
	<p n="90">
	  <s n="90"> Programme of activities of the International Decade of the World&apos;s Indigenous people </s>
	</p>
	<p n="91">
	  <s n="91"> Action on draft resolution A/C.3/57/L.29/Rev.1 </s>
	</p>
	<p n="92">
	  <s n="92"> Elimination of racism and racial discrimination </s>
	</p>
	<p n="93">
	  <s n="93"> (b) Comprehensive implementation of and follow-up to the Durban Declaration and Programme of Action </s>
	</p>
	<p n="94">
	  <s n="94"> Action on draft resolution A/C.3/57/L.34 </s>
	</p>
	<p n="95">
	  <s n="95"> Human rights questions </s>
	</p>
	<p n="96">
	  <s n="96"> (a) Implementation of human rights instruments </s>
	</p>
	<p n="97">
	  <s n="97"> Action on draft resolution A/C.3/57/L.37 </s>
	</p>
	<p n="98">
	  <s n="98"> Human rights questions </s>
	</p>
	<p n="99">
	  <s n="99"> (b) Human rights questions, including alternative approaches for improving the effective enjoyment of human rights and fundamental freedoms </s>
	</p>
	<p n="100">
	  <s n="100"> Action on draft resolutions A/C.3/57/L.44, A/C.3/57/L.55, A/C.3/57/L.56/Rev.1 (and amendments in A/C.3/57/L.86 and A/C.3/57/L.87), A/C.3/57/L.61, A/C.3/57/L.65, A/C.3/57/L.67, A/C.3/57/L.68, A/C.3/57/L.70 and on a draft resolution contained in document A/57/357 </s>
	</p>
	<p n="101">
	  <s n="101"> Human rights questions </s>
	</p>
	<p n="102">
	  <s n="102"> (c) Human rights situations and reports of special rapporteurs and representatives </s>
	</p>
	<p n="103">
	  <s n="103"> Action on draft resolutions A/C.3/57/L.43/Rev.1, A/C.3/57/L.49, A/C.3/57/L.50, A/C.3/57/L.71 and A/C.3/57/L.83 </s>
	</p>
	<p n="104">
	  <s n="104"> Human rights questions </s>
	</p>
	<p n="105">
	  <s n="105"> (d) Comprehensive implementation of and follow-up to the Vienna Declaration and Programme of Action </s>
	</p>
	<p n="106">
	  <s n="106"> Action on draft resolution A/C.3/57/L.84 </s>
	</p>
	<p n="107">
	  <s n="107"> Report of the Economic and Social Council </s>
	</p>
	<p n="108">
	  <s n="108"> Organization of work of the Third Committee and draft biennial programme of work of the Committee for 2003-2004 (A/C.3/57/L.75)1 </s>
	</p>
	<p n="109">
	  <s n="109"> 1 To be issued. </s>
	</p>
	<p n="110">
	  <s n="110"> Fifth Committee </s>
	</p>
	<p n="111">
	  <s n="111"> 9.30 a.m.−12.30 p.m. Informal consultations (closed) Conference Room 5 </s>
	</p>
	<p n="112">
	  <s n="112"> Informal consultations on agenda item 112 (Programme budget for the biennium 2002-2003: Strengthening the Department of Public Information, within the existing capacity, in order to support and enhance the United Nations web site in all official languages of the Organization (A/57/355 and A/57/7/Add.2); Post structure of the United Nations Secretariat (A/57/483 and A/57/7/Add.14), Additional expenditures deriving from inflation and currency fluctuations (A/57/471 and A/57/7/Add.14); Interim report on results-based budgeting (A/57/478 and A/57/7/Add.14); Report of the Office of Internal Oversight Services on the implementation of results-based budgeting (A/57/474); and Strengthening the Terrorism Prevention Branch of the Secretariat (A/57/152, A/57/152/Corr.1 and A/57/152/Add.1 and A/57/152/Add.1/Corr.1 and A/57/152/Add.2 and A/57/7/Add.13)) </s>
	</p>
	<p n="113">
	  <s n="113"> 2.30−4.30 p.m. Informal consultations (closed) Conference Room 5 </s>
	</p>
	<p n="114">
	  <s n="114"> Informal consultations on agenda item 116 (Pattern of conferences (A/57/32, A/57/32/Corr.1, A/57/228, A/57/228/Add.1, A/57/228/Add.2, A/57/289, A/56/901, A/57/472, A/C.5/57/18 and A/C.5/57/21)) </s>
	</p>
	<p n="115">
	  <s n="115"> Advisory Committee on Administrative and Budgetary Questions </s>
	</p>
	<p n="116">
	  <s n="116"> 10.30 a.m.−1 p.m. Closed meeting Conference Room 10 </s>
	</p>
	<p n="117">
	  <s n="117"> 3−6 p.m. Closed meeting Conference Room 10 </s>
	</p>
	<p n="118">
	  <s n="118"> Estimates in respect of matters of which the Security Council is seized </s>
	</p>
	<p n="119">
	  <s n="119"> United Nations Administrative Tribunal </s>
	</p>
	<p n="120">
	  <s n="120"> 10 a.m.−1 p.m. Closed meeting Room DC2-461 </s>
	</p>
	<p n="121">
	  <s n="121"> 3−6 p.m. Closed meeting Room DC2-461 </s>
	</p>
	<p n="122">
	  <s n="122"> General Assembly </s>
	</p>
	<p n="123">
	  <s n="123"> Fifty-seventh session </s>
	</p>
	<p n="124">
	  <s n="124"> Open-ended informal consultations on the draft resolution on strengthening of the coordination of emergency humanitarian assistance of the United Nations) (under agenda item 21 (a)) (organized by the delegation of Sweden) </s>
	</p>
	<p n="125">
	  <s n="125"> 3 p.m.−4.30 p.m Closed meeting Conference Room 4 </s>
	</p>
	<p n="126">
	  <s n="126"> Second Committee </s>
	</p>
	<p n="127">
	  <s n="127"> Meeting of interested delegations on draft proposal A/C.2/57/L.29 (item 94) (Role of the United Nations in promoting development in the context of globalization and interdependence) </s>
	</p>
	<p n="128">
	  <s n="128"> 10 a.m.−1 p.m. Closed meeting Conference Room A </s>
	</p>
	<p n="129">
	  <s n="129"> Meeting of interested delegations on draft proposal A/C.2/57/L.36 (item 93) (High-level international intergovernmental consideration of Financing for Development) </s>
	</p>
	<p n="130">
	  <s n="130"> Morning1−1 p.m. Closed meeting Conference Room 2 </s>
	</p>
	<p n="131">
	  <s n="131"> Meeting of interested delegations on draft proposal A/C.2/57/L.13 (item 86 (c)) (Culture and development) </s>
	</p>
	<p n="132">
	  <s n="132"> 1.15−2.45 p.m. Closed meeting Conference Room B </s>
	</p>
	<p n="133">
	  <s n="133"> Meeting of interested delegations on draft proposal A/C.2/57/L.37 (item 84 (a)) (International trade and development) </s>
	</p>
	<p n="134">
	  <s n="134"> 1.15−2.45 p.m. Closed meeting Conference Room 7 </s>
	</p>
	<p n="135">
	  <s n="135"> Meeting of interested delegations on draft proposal A/C.2/57/L.23 (item 89) (Establishment of the World Solidarity Fund) </s>
	</p>
	<p n="136">
	  <s n="136"> 1.15−2.45 p.m. Closed meeting Conference Room 8 </s>
	</p>
	<p n="137">
	  <s n="137"> Meeting of interested delegations on draft proposal A/C.2/57/L.28 (item 92) (Integrated and coordinated implementation of and follow-up to the outcomes of the major United Nations conferences and summits in the economic and social fields) </s>
	</p>
	<p n="138">
	  <s n="138"> 3−6 p.m. Closed meeting Conference Room 2 </s>
	</p>
	<p n="139">
	  <s n="139"> Meeting of interested delegations on draft proposal A/C.2/57/L.6 (item 84 (d)) (Enhancing international cooperation towards a durable solution to the external debt problem of developing countries) </s>
	</p>
	<p n="140">
	  <s n="140"> 3−6 p.m. Closed meeting Conference Room A </s>
	</p>
	<p n="141">
	  <s n="141"> Meeting of interested delegations on draft proposal A/C.2/57/L.31 (item 96) (Third United Nations Conference on Least Developed Countries) </s>
	</p>
	<p n="142">
	  <s n="142"> 3−6 p.m. Closed meeting Room S-2963D </s>
	</p>
	<p n="143">
	  <s n="143"> Meeting of interested delegations on draft proposal A/C.2/57/L.26 (item 88) (Economic and technical cooperation among developing countries) </s>
	</p>
	<p n="144">
	  <s n="144"> 3−6 p.m. Closed meeting Room C-209B </s>
	</p>
	<p n="145">
	  <s n="145"> 1 Following the adjournment of the 38th meeting of the Second Committee. </s>
	</p>
	<p n="146">
	  <s n="146"> Other meetings </s>
	</p>
	<p n="147">
	  <s n="147"> The information below is reproduced as received and does not imply any opinion or endorsement by the Secretariat of the United Nations. </s>
	</p>
	<p n="148">
	  <s n="148"> Wednesday, 20 November 2002 </s>
	</p>
	<p n="149">
	  <s n="149"> Group of 77 (Second Committee: A/C.2/57/L.28/Rev.1) </s>
	</p>
	<p n="150">
	  <s n="150"> 9−10 a.m. Closed meeting Conference Room 3 </s>
	</p>
	<p n="151">
	  <s n="151"> Group of 77 (Third Committee: on racism) </s>
	</p>
	<p n="152">
	  <s n="152"> 10 a.m.−1 p.m. Closed meeting Economic and Social Council Chamber </s>
	</p>
	<p n="153">
	  <s n="153"> 1.15−2.45 p.m. Closed meeting Economic and Social Council Chamber </s>
	</p>
	<p n="154">
	  <s n="154"> Group of 77 (on all draft resolutions of the Second Committee) </s>
	</p>
	<p n="155">
	  <s n="155"> 11 a.m.−1 p.m. Closed meeting Conference Room 3 </s>
	</p>
	<p n="156">
	  <s n="156"> 3−6 p.m. Closed meeting Economic and Social Council Chamber </s>
	</p>
	<p n="157">
	  <s n="157"> Group of 77 (on Fifth Committee matters) </s>
	</p>
	<p n="158">
	  <s n="158"> 1−2.30 p.m. Closed meeting Conference Room 5 </s>
	</p>
	<p n="159">
	  <s n="159"> Group of 77 (Second Committee: A/C.2/57/L.4) </s>
	</p>
	<p n="160">
	  <s n="160"> 1.30−2.45 p.m. Closed meeting Conference Room 3 </s>
	</p>
	<p n="161">
	  <s n="161"> JUSCANZ Group (Second Committee) </s>
	</p>
	<p n="162">
	  <s n="162"> 9−10 a.m. Closed meeting Conference Room B </s>
	</p>
	<p n="163">
	  <s n="163"> JUSCANZ Group (Third Committee) </s>
	</p>
	<p n="164">
	  <s n="164"> 9−10 a.m. Closed meeting Conference Room A </s>
	</p>
	<p n="165">
	  <s n="165"> Asian-African Legal Consultative Organization </s>
	</p>
	<p n="166">
	  <s n="166"> 10 a.m.−1 p.m. Closed meeting Trusteeship Council Chamber </s>
	</p>
	<p n="167">
	  <s n="167"> UNITAR Briefing on the Security Council for members of the Council </s>
	</p>
	<p n="168">
	  <s n="168"> 10−1 p.m. Closed meeting Conference Room 8 </s>
	</p>
	<p n="169">
	  <s n="169"> 3−6 p.m. Closed meeting Conference Room 8 </s>
	</p>
	<p n="170">
	  <s n="170"> Briefing on the Security Council for members of the Council, organized by the United Nations Institute for Training and Research (UNITAR) [The briefing is intended primarily for representatives of those States that will be members of the Council in 2003. </s>
	  <s n="171"> Depending on the availability of seats, delegates from other States may attend as observers. </s>
	  <s n="172"> For further information, please contact Ms. Maud Graham (room DC1-603; tel. </s>
	  <s n="173"> ] </s>
	</p>
	<p n="171">
	  <s n="174"> Arab Group of the Whole (at the ambassadorial level) </s>
	</p>
	<p n="172">
	  <s n="175"> 11 a.m.−1 p.m. Closed meeting Conference Room 4 </s>
	</p>
	<p n="173">
	  <s n="176"> Caribbean Community (CARICOM) </s>
	</p>
	<p n="174">
	  <s n="177"> 1.15−2.45 p.m. Closed meeting Conference Room A </s>
	</p>
	<p n="175">
	  <s n="178"> Non-Aligned Movement (open-ended consultations on the right to development) </s>
	</p>
	<p n="176">
	  <s n="179"> 1.15−2.45 p.m. Closed meeting Trusteeship Council Chamber </s>
	</p>
	<p n="177">
	  <s n="180"> African Group: Group of experts (on the report of the Secretary-General : strengthening of the United Nations: an agenda for future change) </s>
	</p>
	<p n="178">
	  <s n="181"> 3−6 p.m. Closed meeting Trusteeship Council Chamber </s>
	</p>
	<p n="179">
	  <s n="182"> Open-ended informal consultations on racism (organized by the Group of 77 and China) </s>
	</p>
	<p n="180">
	  <s n="183"> 3−6 p.m. Closed meeting Conference Room 9 </s>
	</p>
	<p n="181">
	  <s n="184"> Press conferences </s>
	</p>
	<p n="182">
	  <s n="185"> The schedule below is tentative; up-to-date information can be obtained at www.un.org/News/ossg/conf.htm. </s>
	</p>
	<p n="183">
	  <s n="186"> Wednesday, 20 November 2002 </s>
	</p>
	<p n="184">
	  <s n="187"> Room S-226 </s>
	</p>
	<p n="185">
	  <s n="188"> 12 noon Press Briefing by the Spokesman </s>
	</p>
	<p n="186">
	  <s n="189"> Forthcoming official meetings </s>
	</p>
	<p n="187">
	  <s n="190"> Thursday, 21 November 2002 </s>
	</p>
	<p n="188">
	  <s n="191"> General Assembly </s>
	</p>
	<p n="189">
	  <s n="192"> Fifty-seventh session </s>
	</p>
	<p n="190">
	  <s n="193"> 10 a.m. 55th plenary meeting General Assembly Hall </s>
	</p>
	<p n="191">
	  <s n="194"> 3 p.m. 56th plenary meeting General Assembly Hall </s>
	</p>
	<p n="192">
	  <s n="195"> Cooperation between the United Nations and regional and other organizations [22 (a) to (s)]: joint debate </s>
	</p>
	<p n="193">
	  <s n="196"> (a) Cooperation between the United Nations and the Asian-African Legal Consultative Organization </s>
	</p>
	<p n="194">
	  <s n="197"> (i) Report of the Secretary-General (A/57/122) </s>
	</p>
	<p n="195">
	  <s n="198"> (ii) Draft resolution (A/57/L.18) </s>
	</p>
	<p n="196">
	  <s n="199"> (b) Cooperation between the United Nations and the Black Sea Economic Cooperation Organization </s>
	</p>
	<p n="197">
	  <s n="200"> (i) Report of the Secretary-General (A/57/87) </s>
	</p>
	<p n="198">
	  <s n="201"> (ii) Draft resolution (A/57/L.11) </s>
	</p>
	<p n="199">
	  <s n="202"> (c) Cooperation between the United Nations and the Caribbean Community </s>
	</p>
	<p n="200">
	  <s n="203"> (i) Report of the Secretary-General (A/57/254) </s>
	</p>
	<p n="201">
	  <s n="204"> (ii) Draft resolution (A/57/L.26) </s>
	</p>
	<p n="202">
	  <s n="205"> (d) Cooperation between the United Nations and the Council of Europe </s>
	</p>
	<p n="203">
	  <s n="206"> (i) Report of the Secretary-General (A/57/225) </s>
	</p>
	<p n="204">
	  <s n="207"> (ii) Draft resolution (A/57/L.23) </s>
	</p>
	<p n="205">
	  <s n="208"> (e) Cooperation between the United Nations and the Economic Community of Central African States </s>
	</p>
	<p n="206">
	  <s n="209"> (i) Report of the Secretary-General (A/57/266 and A/57/266/Add.1) </s>
	</p>
	<p n="207">
	  <s n="210"> (ii) Draft resolution (A/57/L.25) </s>
	</p>
	<p n="208">
	  <s n="211"> (f) Cooperation between the United Nations and the Economic Cooperation Organization </s>
	</p>
	<p n="209">
	  <s n="212"> (i) Report of the Secretary-General (A/57/119) </s>
	</p>
	<p n="210">
	  <s n="213"> (ii) Draft resolution (A/57/L.22) </s>
	</p>
	<p n="211">
	  <s n="214"> (g) Cooperation between the United Nations and the International Organization of la Francophonie </s>
	</p>
	<p n="212">
	  <s n="215"> (i) Report of the Secretary-General (A/57/358) </s>
	</p>
	<p n="213">
	  <s n="216"> (ii) Draft resolution (A/57/L.29) </s>
	</p>
	<p n="214">
	  <s n="217"> (h) Cooperation between the United Nations and the Inter-Parliamentary Union </s>
	</p>
	<p n="215">
	  <s n="218"> (i) Report of the Secretary-General (A/57/375) </s>
	</p>
	<p n="216">
	  <s n="219"> (ii) Draft resolution (A/57/L.38) </s>
	</p>
	<p n="217">
	  <s n="220"> (i) Cooperation between the United Nations and the Latin American Economic System </s>
	</p>
	<p n="218">
	  <s n="221"> (i) Report of the Secretary-General (A/57/128) </s>
	</p>
	<p n="219">
	  <s n="222"> (ii) Draft resolution (A/57/L.24) </s>
	</p>
	<p n="220">
	  <s n="223"> (j) Cooperation between the United Nations and the League of Arab States </s>
	</p>
	<p n="221">
	  <s n="224"> (i) Report of the Secretary-General (A/57/386) </s>
	</p>
	<p n="222">
	  <s n="225"> (ii) Draft resolution (A/57/L.32) </s>
	</p>
	<p n="223">
	  <s n="226"> (k) Cooperation between the United Nations and the Organization for the Prohibition of Chemical Weapons </s>
	</p>
	<p n="224">
	  <s n="227"> (i) Note by the Secretary-General transmitting the report of the Organization for the Prohibition of Chemical Weapons (A/57/576) </s>
	</p>
	<p n="225">
	  <s n="228"> (ii) Draft resolution (A/57/L.31) </s>
	</p>
	<p n="226">
	  <s n="229"> (l) Cooperation between the United Nations and the Organization for Security and Cooperation in Europe: report of the Secretary-General (A/57/217) </s>
	</p>
	<p n="227">
	  <s n="230"> (m) Cooperation between the United Nations and the African Union </s>
	</p>
	<p n="228">
	  <s n="231"> (i) Report of the Secretary-General (A/57/351) </s>
	</p>
	<p n="229">
	  <s n="232"> (ii) Draft resolution (A/57/L.39) </s>
	</p>
	<p n="230">
	  <s n="233"> (n) Cooperation between the United Nations and the Organization of American States: report of the Secretary-General (A/57/267) </s>
	</p>
	<p n="231">
	  <s n="234"> (o) Cooperation between the United Nations and the Organization of the Islamic Conference </s>
	</p>
	<p n="232">
	  <s n="235"> (i) Report of the Secretary-General (A/57/405) </s>
	</p>
	<p n="233">
	  <s n="236"> (ii) Draft resolution (A/57/L.28) </s>
	</p>
	<p n="234">
	  <s n="237"> (p) Cooperation between the United Nations and the Pacific Islands Forum </s>
	</p>
	<p n="235">
	  <s n="238"> (i) Report of the Secretary-General (A/57/475) </s>
	</p>
	<p n="236">
	  <s n="239"> (ii) Draft resolution (A/57/L.21) </s>
	</p>
	<p n="237">
	  <s n="240"> (q) Cooperation between the United Nations and the Preparatory Commission for the Comprehensive Nuclear-Test-Ban Treaty Organization </s>
	</p>
	<p n="238">
	  <s n="241"> (i) Note by the Secretary-General transmitting the report of the Executive-Secretary of the Preparatory Commission (A/57/255) </s>
	</p>
	<p n="239">
	  <s n="242"> (ii) Draft resolution (A/57/L.40) </s>
	</p>
	<p n="240">
	  <s n="243"> (r) Cooperation between the United Nations and the Southern African Development Community </s>
	</p>
	<p n="241">
	  <s n="244"> (i) Report of the Secretary-General (A/57/94, A/57/94/Add.1) </s>
	</p>
	<p n="242">
	  <s n="245"> (ii) Draft resolution (A/57/L.30) </s>
	</p>
	<p n="243">
	  <s n="246"> (s) Cooperation between the United Nations and the Association of South-East Asian Nations: draft resolution (A/57/L.16) </s>
	</p>
	<p n="244">
	  <s n="247"> Main Committees </s>
	</p>
	<p n="245">
	  <s n="248"> Third Committee </s>
	</p>
	<p n="246">
	  <s n="249"> 10 a.m. 57th meeting Conference Room 1 </s>
	</p>
	<p n="247">
	  <s n="250"> 3 p.m. 58th meeting Conference Room 1 </s>
	</p>
	<p n="248">
	  <s n="251"> Fifth Committee </s>
	</p>
	<p n="249">
	  <s n="252"> 9.30 a.m. 27th meeting Conference Room 3 </s>
	</p>
	<p n="250">
	  <s n="253"> Morning1−12.30 p.m. Informal consultations (closed) Conference Room 5 </s>
	</p>
	<p n="251">
	  <s n="254"> 2.30−4.30 p.m. Informal consultations (closed) Conference Room 5 </s>
	</p>
	<p n="252">
	  <s n="255"> 1 Following the adjournment of the 27th meeting of the Fifth Committee. </s>
	</p>
	<p n="253">
	  <s n="256"> General Assembly </s>
	</p>
	<p n="254">
	  <s n="257"> Fifty-seventh session </s>
	</p>
	<p n="255">
	  <s n="258"> Informal consultations on agenda item 21 (Strengthening of the coordination of humanitarian and disaster relief assistance of the United Nations, including special economic assistance) </s>
	</p>
	<p n="256">
	  <s n="259"> Informal consultations on draft proposals under agenda item 21, chaired by H.E. Mr. Hubert Wurth (Luxembourg), will be held on Friday, 22 November 2002, at 3 p.m. in Conference Room 6. </s>
	  <s n="260"> All interested delegations are invited to attend. </s>
	</p>
	<p n="257">
	  <s n="261"> Advisory Committee on the United Nations Programme of Assistance in the Teaching, Study, Dissemination and Wider Appreciation of International Law </s>
	</p>
	<p n="258">
	  <s n="262"> The thirty-seventh session of the Advisory Committee on the United Nations Programme of Assistance in the Teaching, Study, Dissemination and Wider Appreciation of International Law will be held on Thursday, 21 November 2002, at 3 p.m. in Conference Room 6. </s>
	</p>
	<p n="259">
	  <s n="263"> Economic and Social Council </s>
	</p>
	<p n="260">
	  <s n="264"> Technical Subgroup of the Ad Hoc Open-ended Working Group on Informatics </s>
	</p>
	<p n="261">
	  <s n="265"> The next meeting of the Technical Subgroup of the Ad Hoc Open-ended Working Group on Informatics will take place on Wednesday, 4 December 2002, at 11 a.m. in Conference Room 9, under the chairmanship of H.E. Mr. </s>
	  <s n="266"> Bob Jalang&apos;o (Kenya). </s>
	</p>
	<p n="262">
	  <s n="267"> Other forthcoming meetings </s>
	</p>
	<p n="263">
	  <s n="268"> The information below is reproduced as received and does not imply any opinion or endorsement by the Secretariat of the United Nations. </s>
	</p>
	<p n="264">
	  <s n="269"> UNITAR Briefing on the Security Council for members of the Council </s>
	</p>
	<p n="265">
	  <s n="270"> The United Nations Institute for Training and Research (UNITAR) is holding a briefing on the Security Council for members of the Council. </s>
	  <s n="271"> The briefing is intended primarily for representatives of those States that will be members of the Council in 2003. </s>
	  <s n="272"> Depending on the availability of seats, delegates from other States may attend as observers. </s>
	  <s n="273"> The briefing will continue on Thursday, 21 November 2002, from 10 a.m. to 1 p.m. </s>
	  <s n="274"> For further information, please contact Ms. Maud Graham (room DC1-603; tel. </s>
	</p>
	<p n="266">
	  <s n="275"> UNITAR Workshop on the effective management of meetings </s>
	</p>
	<p n="267">
	  <s n="276"> The United Nations Institute for Training and Research (UNITAR) is organizing a workshop on the effective management of meetings. </s>
	  <s n="277"> This workshop, to be conducted in English, will be held on Tuesday, 3 December 2002, from 10 a.m. to 1 p.m. and from 3 to 6 p.m. in Conference Room 9. </s>
	</p>
	<p n="268">
	  <s n="278"> A letter on this subject, including a detailed information note, an outline of activities and a nomination form, was addressed to all permanent missions in New York. </s>
	  <s n="279"> The registration deadline is Wednesday, 27 November. </s>
	  <s n="280"> For further information, please contact Ms. Nicole Valenta at UNITAR (room DC1-603; tel. </s>
	  <s n="281"> 1 (212) 963 9684 or 963-9196). </s>
	</p>
	<p n="269">
	  <s n="282"> Announcements </s>
	</p>
	<p n="270">
	  <s n="283"> Preparations for the forty-seventh session of the Commission on the Status of Women </s>
	</p>
	<p n="271">
	  <s n="284"> In preparation for the forty-seventh session of the Commission on the Status of Women (3-14 March 2003), delegations are kindly invited to propose names of expert panellists to participate in two panel discussions on the following thematic issues that will be taken up by the Commission: (a) Participation and access of women to the media, and information and communication technologies and their impact on and use as an instrument for the advancement and empowerment of women; (b) Women&apos;s human rights and elimination of all forms of violence against women and girls as defined in the Beijing Platform for Action and the outcome documents of the General Assembly entitled “Women 2000: gender equality, development and peace for the twenty-first century”. </s>
	  <s n="285"> Delegations are kindly requested to submit names and curricula vitae to the Division for the Advancement of Women (room DC2-1244), no later than Monday, 2 December 2002, indicating the panel for which the expert(s) is (are) being nominated. </s>
	</p>
	<p n="272">
	  <s n="286"> United Nations Convention on the Law of the Sea </s>
	</p>
	<p n="273">
	  <s n="287"> Commemoration of the 20th Anniversary of the opening for signature of the United Nations Convention on the Law of the Sea (United Nations Headquarters) (9 December 2002) </s>
	</p>
	<p n="274">
	  <s n="288"> Deposit of charts and/or lists of geographical coordinates with the Secretary-General </s>
	</p>
	<p n="275">
	  <s n="289"> It will be possible for States Parties to the United Nations Convention on the Law of the Sea that may wish to do so, to deposit charts and/or lists of geographical coordinates with the Secretary-General on Monday, 9 December 2002, at 9 a.m., in the West Foyer, adjacent to the General Assembly Hall at United Nations Headquarters. </s>
	  <s n="290"> A note verbale or a letter by the Permanent Representative to the United Nations or other person considered as representing the State Party, addressed to the Secretary-General, should be submitted together with the charts or lists of geographical coordinates of points, indicating under which article of the Convention the deposit is being effected. </s>
	  <s n="291"> It is recalled that charts or lists of geographical coordinates of points concerning straight or archipelagic baselines as well as the outer limits of their maritime zones are deposited under article 16, paragraph 2, article 47, paragraph 9, article 75, paragraph 2, and article 84, paragraph 2, of the Convention. </s>
	</p>
	<p n="276">
	  <s n="292"> Security Council Daily informal briefings </s>
	</p>
	<p n="277">
	  <s n="293"> As from Friday, 1 November 2002, and for the rest of the month, the President of the Security Council will conduct informal briefings daily on the current work of the Council for Member States of the United Nations which are non-members of the Council, except on days on which no informal consultations are scheduled. </s>
	  <s n="294"> The briefings will take place immediately following the adjournment of the informal consultations in the Press Briefing Room (S-226). </s>
	</p>
	<p n="278">
	  <s n="295"> Recorded information </s>
	</p>
	<p n="279">
	  <s n="296"> Recorded information about previously unscheduled meetings and consultations of the whole of the Security Council may be obtained by calling 1 (212) 963-8530. </s>
	</p>
	<p n="280">
	  <s n="297"> Credentials of representatives to the fifty-seventh session </s>
	</p>
	<p n="281">
	  <s n="298"> Delegations are reminded that credentials should be issued for all representatives to the fifty-seventh session of the General Assembly, in accordance with rule 27 of the rules of procedure of the General Assembly. </s>
	</p>
	<p n="282">
	  <s n="299"> Credentials should be sent to the secretariat of the Credentials Committee (tel. </s>
	  <s n="300"> 1 (212) 963-5358; room S-3420A). </s>
	</p>
	<p n="283">
	  <s n="301"> Summary of meetings </s>
	</p>
	<p n="284">
	  <s n="302"> Tuesday, 19 November 2002 </s>
	</p>
	<p n="285">
	  <s n="303"> General Assembly </s>
	</p>
	<p n="286">
	  <s n="304"> Fifty-seventh session </s>
	</p>
	<p n="287">
	  <s n="305"> 52nd plenary meeting Reports of the Sixth Committee </s>
	</p>
	<p n="288">
	  <s n="306"> The Rapporteur of the Sixth Committee introduced the reports of the Committee on agenda items 152 to 166 and 22 (h). </s>
	</p>
	<p n="289">
	  <s n="307"> Status of the Protocols Additional to the Geneva Conventions of 1949 and relating to the protection of victims of armed conflicts: report of the Sixth Committee (A/57/559) </s>
	</p>
	<p n="290">
	  <s n="308"> The General Assembly adopted the draft resolution recommended by the Sixth Committee in paragraph 8 of its report (A/57/559) (resolution 57/14). </s>
	</p>
	<p n="291">
	  <s n="309"> The Assembly decided to conclude its consideration of agenda item 152. </s>
	</p>
	<p n="292">
	  <s n="310"> Consideration of effective measures to enhance the protection, security and safety of diplomatic and consular missions and representatives: report of the Sixth Committee (A/57/560, A/57/560/Corr.1 (Russian only)) </s>
	</p>
	<p n="293">
	  <s n="311"> The General Assembly adopted the draft resolution recommended by the Sixth Committee in paragraph 7 of its report (A/57/560, A/57/560/Corr.1 (in Russian only)) (resolution 57/15). </s>
	</p>
	<p n="294">
	  <s n="312"> The Assembly decided to conclude its consideration of agenda item 153. </s>
	</p>
	<p n="295">
	  <s n="313"> Convention on jurisdictional immunities of States and their property: report of the Sixth Committee (A/57/561) </s>
	</p>
	<p n="296">
	  <s n="314"> The General Assembly adopted the draft resolution recommended by the Sixth Committee in paragraph 7 of its report (A/57/561) (resolution 57/16). </s>
	</p>
	<p n="297">
	  <s n="315"> The Assembly decided to conclude its consideration of agenda item 154. </s>
	</p>
	<p n="298">
	  <s n="316"> Report of the United Nations Commission on International Trade Law on the work of its thirty-fifth session: report of the Sixth Committee (A/57/562, A/57/562/Corr.1, A/57/562/Corr.2 (Russian only)) </s>
	</p>
	<p n="299">
	  <s n="317"> The General Assembly adopted draft resolutions I to IV recommended by the Sixth Committee in paragraph 15 of its report (A/57/562) (resolutions 57/17, 57/18, 57/19 and 57/20). </s>
	</p>
	<p n="300">
	  <s n="318"> The Assembly decided to conclude its consideration of agenda item 155. </s>
	</p>
	<p n="301">
	  <s n="319"> Report of the International Law Commission on the work of its fifty-fourth session: report of the Sixth Committee (A/57/563) </s>
	</p>
	<p n="302">
	  <s n="320"> The General Assembly adopted the draft resolution recommended by the Sixth Committee in paragraph 9 of its report (A/57/563) (resolution 57/21). </s>
	</p>
	<p n="303">
	  <s n="321"> The Assembly decided to conclude its consideration of agenda item 156. </s>
	</p>
	<p n="304">
	  <s n="322"> Report of the Committee on Relations with the Host Country: report of the Sixth Committee (A/57/564, A/57/564/Corr.1 (Arabic, Chinese, English, Russian and Spanish only)) </s>
	</p>
	<p n="305">
	  <s n="323"> The General Assembly adopted the draft resolution recommended by the Sixth Committee in paragraph 8 of its report (A/57/564) (resolution 57/22). </s>
	</p>
	<p n="306">
	  <s n="324"> The Assembly decided to conclude its consideration of agenda item 157. </s>
	</p>
	<p n="307">
	  <s n="325"> Establishment of the International Criminal Court: report of the Sixth Committee (A/57/565) </s>
	</p>
	<p n="308">
	  <s n="326"> The representative of the United States made statement in explanation of vote before the vote. </s>
	</p>
	<p n="309">
	  <s n="327"> The General Assembly adopted the draft resolution recommended by the Sixth Committee in paragraph 10 of its report (A/57/565) (resolution 57/23). </s>
	</p>
	<p n="310">
	  <s n="328"> The Assembly decided to conclude its consideration of agenda item 158. </s>
	</p>
	<p n="311">
	  <s n="329"> Report of the Special Committee on the Charter of the United Nations and on the Strengthening of the Role of the Organization: report of the Sixth Committee (A/57/566) </s>
	</p>
	<p n="312">
	  <s n="330"> The General Assembly adopted draft resolutions I to III recommended by the Sixth Committee in paragraph 12 of its report (A/57/566) (resolutions 57/24, 57/25 and 57/26). </s>
	</p>
	<p n="313">
	  <s n="331"> The Assembly decided to conclude its consideration of agenda item 159. </s>
	</p>
	<p n="314">
	  <s n="332"> Measures to eliminate international terrorism: report of the Sixth Committee (A/57/567) </s>
	</p>
	<p n="315">
	  <s n="333"> The General Assembly adopted the draft resolution recommended by the Sixth Committee in paragraph 10 of its report (A//57/567) (resolution 57/27). </s>
	</p>
	<p n="316">
	  <s n="334"> The Assembly thus concluded this stage of its consideration of agenda item 160. </s>
	</p>
	<p n="317">
	  <s n="335"> Scope of legal protection under the Convention on the Safety of United Nations and Associated Personnel: report of the Sixth Committee (A/57/568, A/57/568/Corr.1) </s>
	</p>
	<p n="318">
	  <s n="336"> The General Assembly adopted the draft resolution recommended by the Sixth Committee in paragraph 10 of its report (A/57/568) (resolution 57/28). </s>
	</p>
	<p n="319">
	  <s n="337"> The Assembly decided to conclude its consideration of agenda item 161. </s>
	</p>
	<p n="320">
	  <s n="338"> International convention against the reproductive cloning of human beings: report of the Sixth Committee (A/57/569, A/57/569/Corr.1 (French only)) </s>
	</p>
	<p n="321">
	  <s n="339"> The General Assembly adopted the draft decision recommended by the Sixth Committee in paragraph 14 of its report (A/57/569). </s>
	</p>
	<p n="322">
	  <s n="340"> The representative of the United States made statement in explanation of vote. </s>
	</p>
	<p n="323">
	  <s n="341"> The Assembly decided to conclude its consideration of agenda item 162. </s>
	</p>
	<p n="324">
	  <s n="342"> Observer status for the International Institute for Democracy and Electoral Assistance in the General Assembly: report of the Sixth Committee (A/57/570) </s>
	</p>
	<p n="325">
	  <s n="343"> The General Assembly adopted the draft decision recommended by the Sixth Committee in paragraph 8 of its report (A/57/570). </s>
	</p>
	<p n="326">
	  <s n="344"> The Assembly decided to conclude its consideration of agenda item 163. </s>
	</p>
	<p n="327">
	  <s n="345"> Observer status for Partners in Population and Development in the General Assembly: report of the Sixth Committee (A/57/571) </s>
	</p>
	<p n="328">
	  <s n="346"> The General Assembly adopted the draft resolution recommended by the Sixth Committee in paragraph 7 of its report (A/57/571) (resolution 57/29). </s>
	</p>
	<p n="329">
	  <s n="347"> The Assembly decided to conclude its consideration of agenda item 164. </s>
	</p>
	<p n="330">
	  <s n="348"> Observer status for the Asian Development Bank in the General Assembly: report of the Sixth Committee (A/57/572) </s>
	</p>
	<p n="331">
	  <s n="349"> The General Assembly adopted the draft resolution recommended by the Sixth Committee in paragraph 7 of its report (A/57/572) (resolution 57/30). </s>
	</p>
	<p n="332">
	  <s n="350"> In accordance with General Assembly resolution 57/30 of 19 November 2002, the observer for the Asian Development Bank made a statement. </s>
	</p>
	<p n="333">
	  <s n="351"> The Assembly decided to conclude its consideration of agenda item 165. </s>
	</p>
	<p n="334">
	  <s n="352"> Observer status for the International Centre for Migration Policy Development in the General Assembly: report of the Sixth Committee (A/57/573) </s>
	</p>
	<p n="335">
	  <s n="353"> The General Assembly adopted the draft resolution recommended by the Sixth Committee in paragraph 7 of its report (A/57/573) (resolution 57/31). </s>
	</p>
	<p n="336">
	  <s n="354"> The Assembly decided to conclude its consideration of agenda item 166. </s>
	</p>
	<p n="337">
	  <s n="355"> Cooperation between the United Nations and regional and other organizations: Cooperation between the United Nations and the Inter-Parliamentary Union: report of the Sixth Committee (A/57/574) [22 (h)] </s>
	</p>
	<p n="338">
	  <s n="356"> The General Assembly adopted the draft resolution recommended by the Sixth Committee in paragraph 7 of its report (A/57/574) (resolution 57/32). </s>
	</p>
	<p n="339">
	  <s n="357"> The Assembly thus concluded this stage of its consideration of sub-item (h) of agenda item 22. </s>
	</p>
	<p n="340">
	  <s n="358"> The Assembly thus concluded its consideration of all the reports of the Sixth Committee before it. </s>
	</p>
	<p n="341">
	  <s n="359"> Oceans and the law of the sea: draft resolution (A/57/L.19) </s>
	</p>
	<p n="342">
	  <s n="360"> The General Assembly adopted draft resolution A/57/L.19 (resolution 57/33). </s>
	</p>
	<p n="343">
	  <s n="361"> The Assembly thus concluded this stage of its consideration of agenda item 25. </s>
	</p>
	<p n="344">
	  <s n="362"> Assistance in mine action: report of the Secretary-General (A/57/430) </s>
	</p>
	<p n="345">
	  <s n="363"> The General Assembly resumed its consideration of agenda item 28. </s>
	</p>
	<p n="346">
	  <s n="364"> Statements were made by the representatives of San Marino, Croatia, Switzerland, Nicaragua (on behalf of the Central American countries), Ethiopia and Ecuador. </s>
	</p>
	<p n="347">
	  <s n="365"> The General Assembly thus concluded this stage of its consideration of agenda item 28. </s>
	</p>
	<p n="348">
	  <s n="366"> Main Committees </s>
	</p>
	<p n="349">
	  <s n="367"> Third Committee </s>
	</p>
	<p n="350">
	  <s n="368"> 53rd meeting Report of the United Nations High Commissioner for Refugees, questions relating to refugees, returnees and displaced persons and humanitarian questions </s>
	</p>
	<p n="351">
	  <s n="369"> The Committee resumed its consideration of the item. </s>
	</p>
	<p n="352">
	  <s n="370"> Introduction of draft resolution A/C.3/57/L.73 </s>
	</p>
	<p n="353">
	  <s n="371"> The representative of Ethiopia introduced the draft resolution, on behalf of the sponsors listed in the document, as well as Chile and Norway. </s>
	  <s n="372"> Croatia, Japan, Panama, Suriname and The former Yugoslav Republic of Macedonia joined in sponsoring the draft resolution. </s>
	</p>
	<p n="354">
	  <s n="373"> Introduction of draft resolution A/C.3/57/L.74 </s>
	</p>
	<p n="355">
	  <s n="374"> The representative of Jordan introduced the draft resolution, on behalf of the sponsors listed in the document, as well as Thailand, and orally revised it. </s>
	  <s n="375"> Ecuador and Suriname joined in sponsoring the draft resolution. </s>
	</p>
	<p n="356">
	  <s n="376"> Human rights questions, including alternative approaches for improving the effective enjoyment of human rights and fundamental freedoms [109 (b)] </s>
	</p>
	<p n="357">
	  <s n="377"> The Committee resumed its consideration of the sub-item. </s>
	</p>
	<p n="358">
	  <s n="378"> Introduction of draft resolution A/C.3/57/L.70 </s>
	</p>
	<p n="359">
	  <s n="379"> The representative of Japan, also on behalf of France, introduced and orally revised the draft resolution. </s>
	</p>
	<p n="360">
	  <s n="380"> Statements were made by the representatives of Cambodia and France. </s>
	</p>
	<p n="361">
	  <s n="381"> Action on draft resolution A/C.3/57/L.41 </s>
	</p>
	<p n="362">
	  <s n="382"> The representative of the Islamic Republic of Iran orally revised the draft resolution and announced that Ecuador and Swaziland had joined as co-sponsors. </s>
	</p>
	<p n="363">
	  <s n="383"> The Committee then adopted the draft resolution, as orally revised, without a vote. </s>
	</p>
	<p n="364">
	  <s n="384"> After the adoption of the draft resolution, a statement was made by the representative of Canada. </s>
	</p>
	<p n="365">
	  <s n="385"> Action on draft resolution A/C.3/57/L.45 </s>
	</p>
	<p n="366">
	  <s n="386"> The representative of Suriname made a statement and announced that Thailand and Togo had joined in sponsoring the draft resolution. </s>
	</p>
	<p n="367">
	  <s n="387"> Indonesia, Mongolia and Namibia joined in sponsoring the draft resolution. </s>
	</p>
	<p n="368">
	  <s n="388"> The Committee then adopted the draft resolution, as orally revised, without a vote. </s>
	</p>
	<p n="369">
	  <s n="389"> Action on draft resolution A/C.3/57/L.46 </s>
	</p>
	<p n="370">
	  <s n="390"> The Committee was informed that the draft resolution contained no programme budget implications. </s>
	</p>
	<p n="371">
	  <s n="391"> The representative of Azerbaijan announced that Belarus had joined in sponsoring the draft resolution. </s>
	</p>
	<p n="372">
	  <s n="392"> Croatia and Suriname joined in sponsoring the draft resolution. </s>
	</p>
	<p n="373">
	  <s n="393"> The Committee then adopted the draft resolution without a vote. </s>
	</p>
	<p n="374">
	  <s n="394"> Action on draft resolution A/C.3/57/L.52 </s>
	</p>
	<p n="375">
	  <s n="395"> The Committee was informed that the draft resolution contained no programme budget implications. </s>
	</p>
	<p n="376">
	  <s n="396"> The representative of Belgium made a statement and announced that Cyprus, Liechtenstein and Sweden had joined in sponsoring the draft resolution. </s>
	</p>
	<p n="377">
	  <s n="397"> Morocco joined in sponsoring the draft resolution. </s>
	</p>
	<p n="378">
	  <s n="398"> The Committee then adopted the draft resolution without a vote. </s>
	</p>
	<p n="379">
	  <s n="399"> Action on draft resolution A/C.3/57/L.53 </s>
	</p>
	<p n="380">
	  <s n="400"> The Committee was informed that the draft resolution contained no programme budget implications. </s>
	</p>
	<p n="381">
	  <s n="401"> The representative of Peru made a statement and announced that Argentina, Austria, Cuba, Cyprus, Finland, Spain, Sweden, Tunisia and the United States of America had joined in sponsoring the draft resolution. </s>
	</p>
	<p n="382">
	  <s n="402"> Belarus, Bosnia and Herzegovina, Botswana, Colombia, Germany, Hungary, Kenya, Luxembourg, Malawi, Mauritania, the Netherlands, Republic of Korea, Sri Lanka, the Sudan, Switzerland and the United Kingdom of Great Britain and Northern Ireland joined in sponsoring the draft resolution. </s>
	</p>
	<p n="383">
	  <s n="403"> The Committee then adopted the draft resolution, as orally revised, without a vote. </s>
	</p>
	<p n="384">
	  <s n="404"> After the adoption of the draft resolution, statements were made by the representatives of Egypt and Suriname. </s>
	</p>
	<p n="385">
	  <s n="405"> Action on draft resolution A/C.3/57/L.58 </s>
	</p>
	<p n="386">
	  <s n="406"> The Committee was informed that the draft resolution contained no programme budget implications. </s>
	</p>
	<p n="387">
	  <s n="407"> The representative of Cuba made a statement and announced that Ethiopia was not a sponsor of the draft resolution. </s>
	</p>
	<p n="388">
	  <s n="408"> The Committee then adopted the draft resolution by a recorded vote of 90 to 50, with 14 abstentions. </s>
	</p>
	<p n="389">
	  <s n="409"> Before the adoption of the draft resolution, statements in explanation of vote were made by the representatives of Canada, also on behalf of Australia, New Zealand and the United States, and Denmark, on behalf of the European Union and the Central and Eastern European countries associated with the European Union (Bulgaria, Czech Republic, Estonia, Hungary, Latvia, Lithuania, Poland, Romania, Slovakia and Slovenia), and the associated countries, Cyprus, Malta and Turkey, as well as the EFTA countries members of the EEA, Iceland and Norway. </s>
	</p>
	<p n="390">
	  <s n="410"> After the adoption of the draft resolution, statements in explanation of vote were made by the representatives of Mexico and India. </s>
	</p>
	<p n="391">
	  <s n="411"> Subsequently, a statement was made by the representative of Gabon indicating that had his delegation been present, it would have voted in favour of the draft resolution. </s>
	</p>
	<p n="392">
	  <s n="412"> Action on draft resolution A/C.3/57/L.59 </s>
	</p>
	<p n="393">
	  <s n="413"> The Committee was informed that the draft resolution contained no programme budget implications. </s>
	</p>
	<p n="394">
	  <s n="414"> The representative of Cuba made a statement and announced that Belarus had joined in sponsoring the draft resolution. </s>
	</p>
	<p n="395">
	  <s n="415"> The Committee then adopted the draft resolution, by a recorded vote of 93 to 51, with 17 abstentions. </s>
	</p>
	<p n="396">
	  <s n="416"> Before the adoption of the draft resolution, statements in explanation of vote were made by the representatives of Denmark, on behalf of the European Union and the Central and Eastern European countries associated with the European Union (Bulgaria, Czech Republic, Estonia, Hungary, Latvia, Lithuania, Poland, Romania, Slovakia and Slovenia), and the associated countries, Cyprus, Malta and Turkey, as well as the EFTA countries members of the EEA, Iceland and Norway; New Zealand and Canada. </s>
	</p>
	<p n="397">
	  <s n="417"> After the adoption of the draft resolution, statements were made by Cuba, Suriname and India. </s>
	</p>
	<p n="398">
	  <s n="418"> Action on draft resolution A/C.3/57/L.60 </s>
	</p>
	<p n="399">
	  <s n="419"> The Committee was informed that the draft resolution contained no programme budget implications. </s>
	</p>
	<p n="400">
	  <s n="420"> The representative of Mexico orally revised the draft resolution and announced that Suriname had joined in sponsoring the draft resolution. </s>
	</p>
	<p n="401">
	  <s n="421"> Eritrea, Mali, Nigeria and Sierra Leone joined in sponsoring the draft resolution. </s>
	</p>
	<p n="402">
	  <s n="422"> The Committee then adopted the draft resolution, as orally revised, without a vote. </s>
	</p>
	<p n="403">
	  <s n="423"> After the adoption of the draft resolution, a statement was made by the representative of Singapore. </s>
	</p>
	<p n="404">
	  <s n="424"> Action on draft resolution A/C.3/57/L.62 </s>
	</p>
	<p n="405">
	  <s n="425"> The Committee was informed that the draft resolution contained no programme budget implications. </s>
	</p>
	<p n="406">
	  <s n="426"> The representative of the Russian Federation orally revised the draft resolution. </s>
	</p>
	<p n="407">
	  <s n="427"> Kazakhstan, Kyrgyzstan, the Republic of Moldova and Ukraine joined in sponsoring the draft resolution. </s>
	</p>
	<p n="408">
	  <s n="428"> The Committee then adopted the draft resolution, as orally revised, without a vote. </s>
	</p>
	<p n="409">
	  <s n="429"> After the adoption of the draft resolution, a statement was made by the representative of the Czech Republic. </s>
	</p>
	<p n="410">
	  <s n="430"> Action on draft resolution A/C.3/57/L.63 </s>
	</p>
	<p n="411">
	  <s n="431"> The Committee was informed that the draft resolution contained no programme budget implications. </s>
	</p>
	<p n="412">
	  <s n="432"> Indonesia, Liberia, Madagascar, Saint Kitts and Nevis, Togo and Yugoslavia joined in sponsoring the draft resolution. </s>
	</p>
	<p n="413">
	  <s n="433"> The representative of Yemen announced that his delegation was not a sponsor of the draft resolution. </s>
	</p>
	<p n="414">
	  <s n="434"> The Committee then adopted the draft resolution without a vote. </s>
	</p>
	<p n="415">
	  <s n="435"> Action on draft resolution A/C.3/57/L.64 </s>
	</p>
	<p n="416">
	  <s n="436"> The Committee was informed that the draft resolution contained no programme budget implications. </s>
	</p>
	<p n="417">
	  <s n="437"> The representative of South Africa, on behalf of the Non-Aligned Movement, made a statement. </s>
	</p>
	<p n="418">
	  <s n="438"> The Committee then adopted the draft resolution, by a recorded vote of 106 to 51, with 1 abstention. </s>
	</p>
	<p n="419">
	  <s n="439"> Action on draft resolution A/C.3/57/L.66 </s>
	</p>
	<p n="420">
	  <s n="440"> The Committee was informed that the draft resolution contained no programme budget implications. </s>
	</p>
	<p n="421">
	  <s n="441"> The representative of South Africa, on behalf of the Non-Aligned Movement, made a statement. </s>
	</p>
	<p n="422">
	  <s n="442"> The Committee then adopted the draft resolution without a vote. </s>
	</p>
	<p n="423">
	  <s n="443"> Action on draft resolution A/C.3/57/L.69 </s>
	</p>
	<p n="424">
	  <s n="444"> The Committee was informed that the draft resolution contained no programme budget implications. </s>
	</p>
	<p n="425">
	  <s n="445"> The representative of Cuba made a statement and announced that Ecuador had joined in sponsoring the draft resolution. </s>
	</p>
	<p n="426">
	  <s n="446"> The Committee then adopted the draft resolution, by a recorded vote of 86 to 2, with 71 abstentions. </s>
	</p>
	<p n="427">
	  <s n="447"> Before the adoption of the draft resolution, a statement in explanation of vote was made by the representative of the United States. </s>
	</p>
	<p n="428">
	  <s n="448"> After the adoption of the draft resolution, statements in explanation of vote were made by the representatives of Mexico, Suriname and Costa Rica. </s>
	</p>
	<p n="429">
	  <s n="449"> Subsequently, a statement was made by the representative of Cuba. </s>
	</p>
	<p n="430">
	  <s n="450"> 54th meeting Advancement of women </s>
	</p>
	<p n="431">
	  <s n="451"> The Committee resumed its consideration of the item. </s>
	</p>
	<p n="432">
	  <s n="452"> On the proposal of the Chairman, the Committee decided to recommend to the General Assembly that it take note of document A/57/129-E/2002/77. </s>
	</p>
	<p n="433">
	  <s n="453"> The Committee thus concluded its consideration of the item. </s>
	</p>
	<p n="434">
	  <s n="454"> Human rights questions: human rights situations and reports of special rapporteurs and representatives [109 (c)] </s>
	</p>
	<p n="435">
	  <s n="455"> The Committee resumed its consideration of the sub-item. </s>
	</p>
	<p n="436">
	  <s n="456"> Action on draft resolution A/C.3/57/L.48 </s>
	</p>
	<p n="437">
	  <s n="457"> The Committee&apos;s attention was drawn to the programme budget implications of the draft resolution contained in document A/C.3/57/L.83. </s>
	</p>
	<p n="438">
	  <s n="458"> The Secretary read out a correction to the draft resolution. </s>
	</p>
	<p n="439">
	  <s n="459"> Statements were made by the representatives of Myanmar, Pakistan, Cuba, the Sudan, Egypt and Suriname. </s>
	</p>
	<p n="440">
	  <s n="460"> The Committee then adopted the draft resolution, as orally corrected. </s>
	</p>
	<p n="441">
	  <s n="461"> Statements were made by the representatives of Japan, Bangladesh, Nepal, India, Indonesia, the Philippines, Thailand, China, Viet Nam, the Lao People&apos;s Democratic Republic and Cambodia. </s>
	</p>
	<p n="442">
	  <s n="462"> Human rights questions, including alternative approaches for improving the effective enjoyment of human rights and fundamental freedoms [109 (b)] </s>
	</p>
	<p n="443">
	  <s n="463"> The Committee resumed its consideration of the sub-item. </s>
	</p>
	<p n="444">
	  <s n="464"> Action on draft resolution A/C.3/57/L.57 </s>
	</p>
	<p n="445">
	  <s n="465"> The Secretary read out a statement from the Director of the Programme Planning and Budgeting Division in connection with the drat resolution. </s>
	</p>
	<p n="446">
	  <s n="466"> The representative of France made a statement in which he read out the oral revisions that had been made to the text. </s>
	</p>
	<p n="447">
	  <s n="467"> Bolivia, Costa Rica, Cyprus, the Dominican Republic, Japan, Mali, the Republic of Korea and Suriname joined in sponsoring the draft resolution. </s>
	</p>
	<p n="448">
	  <s n="468"> The representative of Burkina Faso announced that his delegation was not a co-sponsor of the draft resolution. </s>
	</p>
	<p n="449">
	  <s n="469"> The seventh preambular paragraph was adopted by a recorded vote of 148 to 1, with 8 abstentions. </s>
	</p>
	<p n="450">
	  <s n="470"> Before the adoption of the seventh preambular paragraph, statements were made by the representatives of Liechtenstein, France, Switzerland, Chile, Canada, Norway, New Zealand, Denmark, on behalf of the European Union, Argentina, Costa Rica, Uruguay, Mexico, Venezuela, Brazil and Panama. </s>
	</p>
	<p n="451">
	  <s n="471"> A statement in explanation of vote before the vote was made by the representative of the United States. </s>
	</p>
	<p n="452">
	  <s n="472"> The Committee then adopted the draft resolution, as orally revised, without a vote. </s>
	</p>
	<p n="453">
	  <s n="473"> After the adoption of the draft resolution, a statement was made by the representative of India. </s>
	</p>
	<p n="454">
	  <s n="474"> Economic and Social Council </s>
	</p>
	<p n="455">
	  <s n="475"> International Covenant on Economic, Social and Cultural Rights </s>
	</p>
	<p n="456">
	  <s n="476"> Committee on Economic, Social and Cultural Rights </s>
	</p>
	<p n="457">
	  <s n="477"> Twenty-ninth session </s>
	</p>
	<p n="458">
	  <s n="478"> United Nations Office at Geneva </s>
	</p>
	<p n="459">
	  <s n="479"> Tuesday, 19 November 2002 </s>
	</p>
	<p n="460">
	  <s n="480"> 40th (closed) meeting The Committee meet in private and discussed internal matters. </s>
	</p>
	<p n="461">
	  <s n="481"> 41st meeting Consideration of reports </s>
	</p>
	<p n="462">
	  <s n="482"> The Committee began its consideration of the initial report of Estonia (E/1990/5/Add.50). </s>
	  <s n="483"> In accordance with rule 62 of the Committee&apos;s rules of procedure, representatives of the State party were present at the meeting and replied to questions raised and comments made by the members of the Committee. </s>
	</p>
	<p n="463">
	  <s n="484"> Signatures, Ratifications, etc. </s>
	</p>
	<p n="464">
	  <s n="485"> [Multilateral Treaties Deposited with the Secretary-General] </s>
	</p>
	<p n="465">
	  <s n="486"> Amendment to article 43 (2) of the Convention on the Rights of the Child. </s>
	  <s n="487"> New York, 12 December 1995 </s>
	</p>
	<p n="466">
	  <s n="488"> Acceptance: Ireland (18 November 2002)1 </s>
	</p>
	<p n="467">
	  <s n="489"> Entry into force of the Amendment: 18 November 2002, in accordance with its article 50 (2) </s>
	</p>
	<p n="468">
	  <s n="490"> Optional Protocol to the Convention on the Rights of the Child on the involvement of children in armed conflict. </s>
	  <s n="491"> New York, 25 May 2000 </s>
	</p>
	<p n="469">
	  <s n="492"> Ratification: Ireland (18 November 2002)1 </s>
	</p>
	<p n="470">
	  <s n="493"> Treaty Event </s>
	</p>
	<p n="471">
	  <s n="494"> Commemorating the 20th Anniversary of the opening for signature of the United Nations Convention on the Law of the Sea (United Nations Headquarters) (9 December 2002) </s>
	</p>
	<p n="472">
	  <s n="495"> Deposit of instruments of ratification or accession relating to treaties deposited with the Secretary-General </s>
	</p>
	<p n="473">
	  <s n="496"> The above treaty event will take place on Monday, 9 December 2002, at 9 a.m. in the West Foyer adjacent to the General Assembly Hall at United Nations Headquarters in New York. </s>
	  <s n="497"> The event, which will be covered by the media, will be undertaken in a solemn setting. </s>
	</p>
	<p n="474">
	  <s n="498"> Delegations that have notified the Legal Counsel, in response to his letter of 28 August 2002, and those still intending to do so, of their intention to deposit instruments of ratification or accession relating to the United Nations Convention on the Law of the Sea of 10 December 1982 and the Agreement of 28 July 1994 relating to the implementation of Part XI of the United Nations Convention on the Law of the Sea of 10 December 1982, are advised to contact the Treaty Section of the Office of Legal Affairs to arrange appointments (room S-3200, tel. </s>
	  <s n="499"> 1 (212) 963-5047; fax: 1 (212) 963-3693; e-mail: untreaty.un.org). </s>
	</p>
	<p n="475">
	  <s n="500"> Delegations are also requested to submit in advance copies of such instruments including, where appropriate, texts of declarations and statements to the Treaty Section at the latest by 4 December 2002 for verification. </s>
	</p>
	<p n="476">
	  <s n="501"> The status of the Convention and the Agreement can be obtained from the United Nations Treaty Collection on the Internet (untreaty.un.org). </s>
	  <s n="502"> Summaries of the Convention and Agreement can also be found on this Web site along with the full texts of the English and French versions thereof under the heading Focus 2002 - Sustainable Development (direct link - untreaty.un.org/English/TreatyEvent2002). </s>
	  <s n="503"> The summaries also contain pertinent information relating to treaty actions. </s>
	  <s n="504"> Further information concerning the requirements for the deposit of instruments of ratification and accession and the like (including model instruments) can be found in the Treaty Handbook, which is also available on the above Web site. </s>
	</p>
	<p n="477">
	  <s n="505"> 1 Date of receipt of the relevant documents. </s>
	</p>
	<p n="478">
	  <s n="506"> Other announcements </s>
	</p>
	<p n="479">
	  <s n="507"> DPI/NGO Briefing in observance of the International Day of Disabled Persons </s>
	</p>
	<p n="480">
	  <s n="508"> This week, the topic of the DPI/NGO Briefing will be “Independent Living and Sustainable Livelihoods” in observance of the International Day of Disabled Persons (3 December). </s>
	  <s n="509"> The briefing will be held on Thursday, 21 November 2002, from 10.30 to 11.30 a.m. in the Dag Hammarskjöld Library Auditorium. </s>
	  <s n="510"> A thematically relevant video will be screened at 10 a.m. </s>
	  <s n="511"> The briefing will feature H.E. Mr. Luis Gallegos Chiriboga, Permanent Representative of Ecuador to the United Nations; Mr. Johan Schölvinck, Director, Division for Social Policy and Development, Department of Economic and Social Affairs (DESA); Ms. Elissavet Stamatopoulou-Robbins, Deputy to the Director, New York Office, Office of the High Commissioner for Human Rights; and Ms. Traci Walters, National Director, Canadian Association of Independent Living Centres (CAILC). </s>
	  <s n="512"> Members of permanent missions, Secretariat staff and the media are invited to attend. </s>
	  <s n="513"> This briefing is organized by the Department of Public Information, in cooperation with the Focal Point on Disability of the Department of Economic and Social Affairs (DESA). </s>
	  <s n="514"> For further information, please contact Mr. Oleg Dzioubinski, NGO Section, Department of Public Information (tel. </s>
	  <s n="515"> Information about the International Day of Disabled Persons is available at www.un.org/esa/socdev/enable/ </s>
	</p>
	<p n="481">
	  <s n="516"> Panel discussion on the book Candles in the Dark: A New Spirit for a Plural World </s>
	</p>
	<p n="482">
	  <s n="517"> There will be a panel discussion, organized by the Department of Economic and Social Affairs, on the book entitled Candles in the Dark: A New Spirit for a Plural World, on Thursday, 21 November 2002, from 1.15 to 2.45 p.m. in Conference Room 6. </s>
	  <s n="518"> The panellists will be the four contributors to the book: Ms. Barbara Sundberg Baudot, editor and Professor of Political Science, Saint Anselm College, New Hampshire; Mr. Richard Falk, Professor Emeritus of International Law and Practice, Princeton University; Mr. Giandomenico Picco, Special Representative of the United Nations Secretary-General for the Dialogue among Civilizations; and Mr. Nitin Desai, Under-Secretary-General for Economic and Social Affairs, who will moderate the discussion. </s>
	  <s n="519"> Members of permanent missions, Secretariat staff, representatives of non-governmental organizations and the media are invited to attend. </s>
	</p>
	<p n="483">
	  <s n="520"> World Aids Day </s>
	</p>
	<p n="484">
	  <s n="521"> World AIDS Day will be observed on Tuesday, 26 November 2002. </s>
	  <s n="522"> A town hall meeting on the theme “Live and Let Live” will take place from 3 to 5 p.m. in Conference Room 4. </s>
	  <s n="523"> H.E. Mr. Jan Kavan, President of the fifty-seventh session of the General Assembly, and Ms. Louise Fréchette, Deputy Secretary-General, will deliver opening statements. </s>
	  <s n="524"> Ann Curry, The Today Show, NBC Television, will moderate the discussion. </s>
	  <s n="525"> Actress Whoopi Goldberg will make a special appearance, along with Kami, from Takalani Sesame (South Africa&apos;s production of Sesame Street), a recently introduced HIV-positive Muppet. </s>
	  <s n="526"> The observance is co-sponsored by the United Nations Department of Public Information (DPI), the Joint United Nations Programme on HIV/AIDS (UNAIDS), the United Nations Children&apos;s Fund (UNICEF), the United Nations Development Programme (UNDP), the United Nations Population Fund (UNFPA), the World Health Organization (WHO) and the World Bank. </s>
	</p>
	<p n="485">
	  <s n="527"> In conjunction with the exhibit, “Pandemic: Imaging AIDS”, an exhibit consisting of more than one hundred photographic works on the topic of AIDS by award-winning international photographers, will be opened at 6 p.m. in the General Assembly Visitors&apos; Lobby. </s>
	  <s n="528"> A special presentation of “Pandemic: Facing AIDS”, an HBO documentary film by Rory Kennedy, will take place at 7 p.m. in Conference Room 4. </s>
	  <s n="529"> Delegations, non-governmental organizations and accredited media are welcome; Secretariat staff will be admitted, space permitting, to the public gallery. </s>
	</p>
	<p n="486">
	  <s n="530"> Web sites President of the General Assembly: www.un.org/ga/president </s>
	</p>
	<p n="487">
	  <s n="531"> General Assembly: </s>
	</p>
	<p n="488">
	  <s n="532"> www.un.org/arabic/ga/57 www.un.org/chinese/ga/57 www.un.org/ga/57 www.un.org/french/ga/57 www.un.org/russian/documen/gadocs/57sess www.un.org/spanish/aboutun/organs/ga/57 </s>
	</p>
	<p n="489">
	  <s n="533"> Presidency of the Security Council: www.un.org/Docs/sc/presidency </s>
	</p>
	<p n="490">
	  <s n="534"> Security Council Committee established pursuant to resolution 1373 (2001) concerning counter-terrorism: www.un.org/arabic/documents/SCCommittees/1373 www.un.org/chinese/aboutun/prinorgs/sc/committees/1373/1373.htm www.un.org/docs/sc/committees/1373 www.un.org/french/docs/sc/committees/1373 www.un.org/russian/documen/scdocs/committees/1373 www.un.org/spanish/docs/comites/1373/index.html </s>
	</p>
	<p n="491">
	  <s n="535"> Economic and Social Council: www.un.org/esa/coordination/ecosoc </s>
	</p>
	<p n="492">
	  <s n="536"> Danish Presidency of the European Union: www.un.int/denmark http://europa-eu-un.org </s>
	</p>
	<p n="493">
	  <s n="537"> Journal of the United Nations: www.un.org/Docs/journal/Ar/latesta.pdf www.un.org/Docs/journal/Ch/latestc.pdf www.un.org/Docs/journal/En/lateste.pdf www.un.org/Docs/journal/Fr/latestf.pdf www.un.org/Docs/journal/Ru/latestr.pdf www.un.org/Docs/journal/Sp/latests.pdf </s>
	</p>
	<p n="494">
	  <s n="538"> Daily list of documents issued at Headquarters </s>
	</p>
	<p n="495">
	  <s n="539"> With the exception of sales publications and public information material, hyperlinked official documents listed hereunder may be accessed through the Official Document System of the United Nations in the electronic version of the present Journal. </s>
	  <s n="540"> The list contains documents issued by 2 p.m. on 19 November 2002. </s>
	</p>
	<p n="496">
	  <s n="541"> Symbol Main title </s>
	</p>
	<p n="497">
	  <s n="542"> General Assembly Documents </s>
	</p>
	<p n="498">
	  <s n="543"> Fifty-seventh session </s>
	</p>
	<p n="499">
	  <s n="544"> A/57/351/Corr.1 Item 22 (m) — Cooperation between the United Nations and regional and other organizations: Cooperation between the United Nations and the Organization of African Unity — Report of the Secretary-General [A C E F R S] </s>
	</p>
	<p n="500">
	  <s n="545"> A/57/512 Item 68 — Review of the implementation of the recommendations and decisions adopted by the General Assembly at its tenth special session — Report of the First Committee [A C E F R S] </s>
	</p>
	<p n="501">
	  <s n="546"> A/57/513 Item 69 — The risk of nuclear proliferation in the Middle East — Report of the First Committee [A C E F R S] </s>
	</p>
	<p n="502">
	  <s n="547"> A/57/514 Item 70 — Convention on Prohibitions or Restrictions on the Use of Certain Conventional Weapons Which May Be Deemed to Be Excessively Injurious or to Have Indiscriminate Effects — Report of the First Committee [A C E F R S] </s>
	</p>
	<p n="503">
	  <s n="548"> A/57/598 Items 31, 32, 79, 84 (c), 87, 88 and 89 — Elimination of unilateral extraterritorial coercive economic measures as a means of political and economic compulsion — Information and communication technologies for development — Questions relating to information — Macroeconomic policy questions: Science and technology for development — Environment and sustainable development — Operational activities for development — Implementation of the first United Nations Decade for the Eradication of Poverty (1997-2006) — Letter dated 5 November 2002 from the Permanent Representative of Venezuela to the United Nations addressed to the Secretary-General [A C E F R S] </s>
	</p>
	<p n="504">
	  <s n="549"> A/57/613 Item 21 (a) — Strengthening of the coordination of humanitarian and disaster relief assistance of the United Nations, including special economic assistance: strengthening of the coordination of emergency humanitarian assistance of the United Nations — Enhancing the functioning and utilization of the Central Emergency Revolving Fund — Note by the Secretary-General [A C E F R S] </s>
	</p>
	<p n="505">
	  <s n="550"> A/57/L.23 Item 22 (d) — Cooperation between the United Nations and regional and other organizations: cooperation between the United Nations and the Council of Europe — 37-Power draft resolution [A C E F R S] </s>
	</p>
	<p n="506">
	  <s n="551"> A/57/L.24* Reissued for technical reasons [English only] </s>
	</p>
	<p n="507">
	  <s n="552"> A/57/L.25 Item 22 (e) — Cooperation between the United Nations and regional and other organizations: cooperation between the United Nations and the Economic Community of Central African States — Congo: draft resolution [A C E F R S] </s>
	</p>
	<p n="508">
	  <s n="553"> A/57/L.27 Item 38 — The situation in Central America: procedures for the establishment of a firm and lasting peace and progress in fashioning a region of peace, freedom, democracy and development — 6-Power draft resolution — United Nations Verification Mission in Guatemala [A C E F R S] </s>
	</p>
	<p n="509">
	  <s n="554"> A/57/L.28 Item 22 (o) — Cooperation between the United Nations and regional and other organizations: cooperation between the United Nations and the Organization of the Islamic Conference — 11-Power draft resolution [A C E F R S] </s>
	</p>
	<p n="510">
	  <s n="555"> A/57/L.29 Item 22 (g) — Cooperation between the United Nations and regional and other organizations: cooperation between the United Nations and the International Organization of la Francophonie — 68-Power draft resolution [A C E F R S] </s>
	</p>
	<p n="511">
	  <s n="556"> A/57/L.30 Item 22 (r) — Cooperation between the United Nations and regional and other organizations: cooperation between the United Nations and the Southern African Development Community — 12-Power draft resolution [A C E F R S] </s>
	</p>
	<p n="512">
	  <s n="557"> Second Committee </s>
	</p>
	<p n="513">
	  <s n="558"> A/C.2/57/L.42 Item 84 (c) — Macroeconomic policy questions: science and technology for development — Draft resolution submitted by the Vice-Chairman of the Committee on the basis of informal consultations held on draft resolution A/C.2/57/L.7 — World Summit on the Information Society [A C E F R S] </s>
	</p>
	<p n="514">
	  <s n="559"> A/C.2/57/L.43 Item 87 (c) — Environment and sustainable development: protection of global climate for present and future generations of mankind — Venezuela: draft resolution [A C E F R S] </s>
	</p>
	<p n="515">
	  <s n="560"> A/C.2/57/L.44 Item 93 — High-level international intergovernmental consideration of financing for development — Venezuela: draft resolution — Ensuring effective support for sustained follow-up to the outcome of the International Conference on Financing for Development [A C E F R S] </s>
	</p>
	<p n="516">
	  <s n="561"> A/C.2/57/L.45 Item 87 (a) — Environment and sustainable development: implementation of Agenda 21 and the Programme for the Further Implementation of Agenda 21 — 13-Power draft resolution — United Nations Decade of Education for Sustainable Development [A C E F R S] </s>
	</p>
	<p n="517">
	  <s n="562"> A/C.2/57/L.46 Item 85 (c) — Sectoral policy questions: preventing and combating corrupt practices and transfer of funds of illicit origin and returning such funds to the countries of origin — Draft resolution submitted by the Vice-Chairman of the Committee on the basis of informal consultations on draft resolution A/C.2/57/L.9 [A C E F R S] </s>
	</p>
	<p n="518">
	  <s n="563"> Third Committee </s>
	</p>
	<p n="519">
	  <s n="564"> A/C.3/57/L.79 Item 104 — Report of the United Nations High Commissioner for Refugees, questions relating to refugees, returnees and displaced persons and humanitarian questions — 108-Power draft resolution — Office of the United Nations High Commissioner for Refugees [A C E F R S] </s>
	</p>
	<p n="520">
	  <s n="565"> A/C.3/57/L.80* Reissued for technical reasons [A C E F R S] </s>
	</p>
	<p n="521">
	  <s n="566"> A/C.3/57/L.82 Items 102 and 112 — Advancement of women — Programme budget for the biennium 2002-2003 — Future operations of the International Research and Training Institute for the Advancement of Women — Programme budget implications of draft resolution A/C.3/57/L.16/Rev.1 — Statement submitted by the Secretary-General in accordance with rule 153 of the rules of procedure of the General Assembly [A C E F R S] </s>
	</p>
	<p n="522">
	  <s n="567"> A/C.3/57/L.83 Items 109 (c) — Human rights questions: human rights situations and reports of special rapporteurs and representatives — The situation of human rights in Myanmar —Programme budget implications of draft resolution A/C.3/57/L.48 — Statement submitted by the Secretary-General in accordance with rule 153 of the rules of procedure of the General Assembly [A C E F R S] </s>
	</p>
	<p n="523">
	  <s n="568"> Security Council Documents </s>
	</p>
	<p n="524">
	  <s n="569"> S/2002/857 Letter dated 6 November 2002 from the Chairman of the Security Council Committee established pursuant to resolution 1373 (2001) concerning counter-terrorism addressed to the President of the Security Council [A C E F R S] </s>
	</p>
	<p n="525">
	  <s n="570"> S/2002/1212 Letter dated 25 October 2002 from the Chairman of the Security Council Committee established pursuant to resolution 1373 (2001) concerning counter-terrorism addressed to the President of the Security Council [A C E F R S] </s>
	</p>
	<p n="526">
	  <s n="571"> Communications to the Editor </s>
	</p>
	<p n="527">
	  <s n="572"> Material for inclusion in the Journal may be sent to room S-2940 (tel. </s>
	  <s n="573"> 1 (212) 963-3888, 963-6771 and 963-6776; fax 1 (212) 963-4790; e-mail journal@un.org). </s>
	</p>
	<p n="528">
	  <s n="574"> Office opens at 4.30 p.m. </s>
	</p>
	<p n="529">
	  <s n="575"> Published at Headquarters, New York, by the Department for General Assembly and Conference Management. </s>
	</p>
	</body>
</text>
</DOC>