<?xml version="1.0" encoding="UTF-8"?>
<DOC lang="English" n="N0657522" id="JOURNAL NO.2006/205" date="2006/10/25">
<text>
	<body>
	<p n="1">
	  <s n="1"> Official meetings </s>
	</p>
	<p n="2">
	  <s n="2"> [No meetings are scheduled at Headquarters, today, 24 October 2006, official holiday. </s>
	  <s n="3"> ] </s>
	</p>
	<p n="3">
	  <s n="4"> Wednesday, 25 October 2006 </s>
	</p>
	<p n="4">
	  <s n="5"> Security Council </s>
	</p>
	<p n="5">
	  <s n="6"> The Security Council will hold an open debate on Thursday, 26 October 2006, in the Security Council Chamber, in connection with the agenda item “Women and peace and security”. </s>
	  <s n="7"> Member States wishing to inscribe their names on the list of speakers should contact the Secretariat (room S-3520; fax 1 (212) 963-7878; tel. </s>
	  <s n="8"> 1 (212) 963-5263), as from Friday, 20 October 2006, from 9.30 a.m. to 6 p.m. Delegations are also kindly requested to limit their statement to no more than four minutes. </s>
	</p>
	<p n="6">
	  <s n="9"> 3 p.m. 5554th meeting (closed) Security Council Chamber </s>
	</p>
	<p n="7">
	  <s n="10"> Adoption of the agenda </s>
	</p>
	<p n="8">
	  <s n="11"> The situation in Côte d&apos;Ivoire </s>
	</p>
	<p n="9">
	  <s n="12"> Afternoon1 Consultations of the whole (closed) Consultations Room </s>
	</p>
	<p n="10">
	  <s n="13"> Côte d&apos;Ivoire (S/2006/821) </s>
	</p>
	<p n="11">
	  <s n="14"> Other matters </s>
	</p>
	<p n="12">
	  <s n="15"> 1 To be held following the adjournment of the 5554th meeting (closed). </s>
	</p>
	<p n="13">
	  <s n="16"> General Assembly </s>
	</p>
	<p n="14">
	  <s n="17"> Sixty-first session </s>
	</p>
	<p n="15">
	  <s n="18"> Main Committees </s>
	</p>
	<p n="16">
	  <s n="19"> First Committee </s>
	</p>
	<p n="17">
	  <s n="20"> 3-6 p.m. 20th meeting Conference Room 2 </s>
	</p>
	<p n="18">
	  <s n="21"> Action on all draft resolutions submitted under disarmament and international security agenda items (items 82 to 97): item 82 (A/61/133 and A/61/133/Add.1); item 83 (A/61/183, A/61/190 and A/C.1/61/L.46); item 84 (A/C.1/61/L.22); item 85 (A/61/161 and A/C.1/61/L.35); item 86 (A/C.1/61/L.50); item 87 (A/61/140 (Part I) and A/61/140 (Part II)); item 89 (A/C.1/61/L.10/Rev.1); item 90 (A/61/98, A/61/112, A/61/113, A/61/114, A/61/116, A/61/118, A/61/118/Add.1, A/61/124, A/61/127, A/61/127/Add.1, A/61/159, A/61/159/Corr.1, A/61/159/Corr.2, A/61/159/Add.1, A/61/159/Add.1/Corr.1, A/61/164, A/61/168, A/C.1/61/5, A/C.1/61/7, A/C.1/61/L.4, A/C.1/61/L.6, A/C.1/61/L.7, A/C.1/61/L.8, A/C.1/61/L.13/Rev.1, A/C.1/61/L.15/Rev.1, A/C.1/61/L.17/Rev.1, A/C.1/61/L.20, A/C.1/61/L.21*, A/C.1/61/L.25, A/C.1/61/L.26, A/C.1/61/L.30, A/C.1/61/L.32*, A/C.1/61/L.34, A/C.1/61/L.36, A/C.1/61/L.37, A/C.1/61/L.38, A/C.1/61/L.40, A/C.1/61/L.41, A/C.1/61/L.42, A/C.1/61/L.43, A/C.1/61/L.44, A/C.1/61/L.47/Rev.1, A/C.1/61/L.53, A/C.1/61/L.54/Rev.1, A/C.1/61/L.55, A/61/169, A/61/169/Add.1, A/61/171, A/61/171/Add.1, A/61/261, A/61/288, A/61/293, A/61/344-S/2006/741 and A/61/520); item 91 (A/61/130, A/61/130/Corr.1, A/61/137, A/61/157, A/61/163, A/61/215, A/61/365, A/C.1/61/L.9, A/C.1/61/L.12, A/C.1/61/L.14, A/C.1/61/L.24, A/C.1/61/L.28, A/C.1/61/L.31 and A/C.1/61/L.33); item 92 (A/61/180, A/61/297, A/C.1/61/L.11, A/C.1/61/L.27 and A/C.1/61/L.29); item 93 (A/61/160 (Part II) and A/61/140 (Part II)); item 94 (A/C.1/61/L.18); item 95 (A/61/123 and A/C.1/61/L.34); and item 96 (A/61/134, A/61/184 and A/C.1/61/L.48/Rev.1) </s>
	</p>
	<p n="19">
	  <s n="22"> [Other documents: A/C.1/61/1, A/C.1/61/2, A/C.1/61/3, A/C.1/61/4, A/C.1/61/5, A/C.1/61/6, A/C.1/61/7 and A/C.1/61/INF/1] </s>
	</p>
	<p n="20">
	  <s n="23"> Special Political and Decolonization Committee (Fourth Committee) </s>
	</p>
	<p n="21">
	  <s n="24"> 10 a.m.-1 p.m. 16th meeting Conference Room 2 </s>
	</p>
	<p n="22">
	  <s n="25"> International cooperation in the peaceful uses of outer space </s>
	</p>
	<p n="23">
	  <s n="26"> Action on draft resolutions A/C.4/61/L.2/Rev.1 and A/C.4/61/L.3/Rev.1 </s>
	</p>
	<p n="24">
	  <s n="27"> Comprehensive review of the whole question of peacekeeping operations in all their aspects </s>
	</p>
	<p n="25">
	  <s n="28"> General debate </s>
	</p>
	<p n="26">
	  <s n="29"> Second Committee </s>
	</p>
	<p n="27">
	  <s n="30"> 10 a.m.-1 p.m. 19th meeting Conference Room 4 </s>
	</p>
	<p n="28">
	  <s n="31"> Sustainable development </s>
	</p>
	<p n="29">
	  <s n="32"> (a) Implementation of Agenda 21, the Programme for the Further Implementation of Agenda 21 and the outcomes of the World Summit on Sustainable Development (A/61/258, A/61/93, A/61/126 and A/C.2/61/4) </s>
	</p>
	<p n="30">
	  <s n="33"> (b) Follow-up to and implementation of the Mauritius Strategy for the Further Implementation of the Programme of Action for the Sustainable Development of Small Island Developing States (A/61/268, A/61/277, A/61/72-E/2006/54, A/61/75-E/2006/49, A/61/76-E/2006/51 and A/61/181) </s>
	</p>
	<p n="31">
	  <s n="34"> (c) International Strategy for Disaster Reduction (A/61/229, A/61/229/Corr.1 and A/C.2/61/CRP.1) </s>
	</p>
	<p n="32">
	  <s n="35"> (d) Protection of global climate for present and future generations of mankind (A/61/225) </s>
	</p>
	<p n="33">
	  <s n="36"> (f) Convention on Biological Diversity (A/61/225) </s>
	</p>
	<p n="34">
	  <s n="37"> (g) Report of the Governing Council of the United Nations Environment Programme on its ninth special session (A/61/25 (Supp. </s>
	  <s n="38"> No. 25) and A/61/322) </s>
	</p>
	<p n="35">
	  <s n="39"> Introduction and question time </s>
	</p>
	<p n="36">
	  <s n="40"> General discussion </s>
	</p>
	<p n="37">
	  <s n="41"> 3-6 p.m. 20th meeting Conference Room 4 </s>
	</p>
	<p n="38">
	  <s n="42"> Globalization and interdependence: Integration of the economies in transition into the world economy [55 (e)] </s>
	</p>
	<p n="39">
	  <s n="43"> Introduction of draft resolution A/C.2/61/L.11* </s>
	</p>
	<p n="40">
	  <s n="44"> Sustainable development </s>
	</p>
	<p n="41">
	  <s n="45"> (a) Implementation of Agenda 21, the Programme for the Further Implementation of Agenda 21 and the outcomes of the World Summit on Sustainable Development (A/61/258, A/61/93, A/61/126 and A/C.2/61/4) </s>
	</p>
	<p n="42">
	  <s n="46"> (b) Follow-up to and implementation of the Mauritius Strategy for the Further Implementation of the Programme of Action for the Sustainable Development of Small Island Developing States (A/61/268, A/61/277, A/61/72-E/2006/54, A/61/75-E/2006/49, A/61/76-E/2006/51 and A/61/181) </s>
	</p>
	<p n="43">
	  <s n="47"> (c) International Strategy for Disaster Reduction (A/61/229, A/61/229/Corr.1 and A/C.2/61/CRP.1) </s>
	</p>
	<p n="44">
	  <s n="48"> (f) Protection of global climate for present and future generations of mankind (A/61/225) </s>
	</p>
	<p n="45">
	  <s n="49"> (g) Convention on Biological Diversity (A/61/225) </s>
	</p>
	<p n="46">
	  <s n="50"> (g) Report of the Governing Council of the United Nations Environment Programme on its ninth special session (A/61/25 (Supp. </s>
	  <s n="51"> No. 25) and A/61/322) </s>
	</p>
	<p n="47">
	  <s n="52"> Continuation of general discussion </s>
	</p>
	<p n="48">
	  <s n="53"> [Note: The list of speakers for all items allocated to the Second Committee is open for inscription. </s>
	  <s n="54"> Delegations wishing to be inscribed are requested to contact the secretariat of the Committee (Ms. Dolores Lois (tel. </s>
	  <s n="55"> 1 (212) 963-2184; fax 1 (212) 963-5935)). </s>
	  <s n="56"> Delegations are reminded that the names of representatives, alternate representatives and advisers should be submitted to Vivian Pliner, Acting Secretary of the Second Committee (room S-2950E; fax 1 (212) 963-5935). </s>
	  <s n="57"> Delegations wishing to reserve rooms for informal consultations on Second Committee matters are requested to contact Ms. Danielle Maillard-Lejano (tel. </s>
	  <s n="58"> 1 (917) 367-5865; fax 1 (212) 963-5935; e-mail maillard-lejano@un.org). </s>
	  <s n="59"> ] </s>
	</p>
	<p n="49">
	  <s n="60"> Third Committee </s>
	</p>
	<p n="50">
	  <s n="61"> 10 a.m.-1 p.m. 29th meeting Conference Room 1 </s>
	</p>
	<p n="51">
	  <s n="62"> Promotion and protections of human rights (A/61/36, A/61/97, A/61/220 and A/61/280) </s>
	</p>
	<p n="52">
	  <s n="63"> (b) Human rights questions, including alternative approaches for improving the effective enjoyment of human rights and fundamental freedoms (A/61/211, A/61/267, A/61/281, A/61/287, A/61/289, A/61/306, A/61/311, A/61/312, A/61/324, A/61/325, A/61/338, A/61/340, A/61/348, A/61/352, A/61/353, A/61/384, A/61/464, A/61/465, A/61/476, A/61/506 and A/61/5131) </s>
	</p>
	<p n="53">
	  <s n="64"> (c) Human rights situations and reports of special rapporteurs and representatives (A/61/276, A/61/349, A/61/360, A/61/374, A/61/369, A/61/469, A/61/470, A/61/475, A/61/489, A/61/504 and A/61/5261) </s>
	</p>
	<p n="54">
	  <s n="65"> Introductory statements by, and dialogue with: </s>
	</p>
	<p n="55">
	  <s n="66"> Special Rapporteur on the promotion and protection of human rights and fundamental freedoms while countering terrorism </s>
	</p>
	<p n="56">
	  <s n="67"> Special Rapporteur on violence against women, its causes and consequences </s>
	</p>
	<p n="57">
	  <s n="68"> Independent Expert on the effects of economic reform policies and foreign debt on the full enjoyment of all human rights, particularly economic, social and cultural rights </s>
	</p>
	<p n="58">
	  <s n="69"> 3-6 p.m. 30th meeting Conference Room 1 </s>
	</p>
	<p n="59">
	  <s n="70"> Advancement of women [61 (a)] </s>
	</p>
	<p n="60">
	  <s n="71"> Introduction of draft resolution A/C.3/61/L.11 </s>
	</p>
	<p n="61">
	  <s n="72"> Promotion and protections of human rights [67 (a)] </s>
	</p>
	<p n="62">
	  <s n="73"> Introduction of draft resolution A/C.3/61/L.15 </s>
	</p>
	<p n="63">
	  <s n="74"> Promotion and protections of human rights (A/61/36, A/61/97, A/61/220 and A/61/280) </s>
	</p>
	<p n="64">
	  <s n="75"> 1 To be issued. </s>
	</p>
	<p n="65">
	  <s n="76"> (b) Human rights questions, including alternative approaches for improving the effective enjoyment of human rights and fundamental freedoms (A/61/211, A/61/267, A/61/281, A/61/287, A/61/289, A/61/306, A/61/311, A/61/312, A/61/324, A/61/325, A/61/338, A/61/340, A/61/348, A/61/352, A/61/353, A/61/384, A/61/464, A/61/465, A/61/476, A/61/506 and A/61/5131) </s>
	</p>
	<p n="66">
	  <s n="77"> (c) Human rights situations and reports of special rapporteurs and representatives (A/61/276, A/61/349, A/61/360, A/61/374, A/61/369, A/61/469, A/61/470, A/61/475, A/61/489, A/61/504 and A/61/5261) </s>
	</p>
	<p n="67">
	  <s n="78"> Introductory statements by, and dialogue with: </s>
	</p>
	<p n="68">
	  <s n="79"> Special Rapporteur on the right to food </s>
	</p>
	<p n="69">
	  <s n="80"> Continuation of general discussion </s>
	</p>
	<p n="70">
	  <s n="81"> [Note: The list of speakers for the general discussion on all items allocated to the Third Committee is open. </s>
	  <s n="82"> Delegations are kindly requested to consult the draft programme of work of the Third Committee (A/C.3/61/L.1) prior to contacting the Secretariat with their request for inscription on the list (contact: Ms. Nancy Beteta (tel. </s>
	  <s n="83"> 1 (212) 963-5722; fax 1 (212) 963-5935)). </s>
	  <s n="84"> Delegations that have not submitted the names of their representatives, alternates and advisers are reminded to convey such information to the Secretary of the Third Committee, Mr. Moncef Khane (room S-2950D; fax 1 (212) 963-5935). </s>
	  <s n="85"> ] </s>
	</p>
	<p n="71">
	  <s n="86"> [Note: Delegations wishing to reserve rooms for informal consultations on Third Committee matters are requested to contact Ms. Danielle Maillard-Lejano (tel. </s>
	  <s n="87"> 1 (917) 367-5865; fax 1 (212) 963-5935; e-mail maillard-lejano@un.org). </s>
	  <s n="88"> ] </s>
	</p>
	<p n="72">
	  <s n="89"> 1 To be issued. </s>
	</p>
	<p n="73">
	  <s n="90"> Fifth Committee </s>
	</p>
	<p n="74">
	  <s n="91"> 10 a.m. 10th meeting Conference Room 3 </s>
	</p>
	<p n="75">
	  <s n="92"> United Nations common system </s>
	</p>
	<p n="76">
	  <s n="93"> Report of the International Civil Service Commission (A/61/30) </s>
	</p>
	<p n="77">
	  <s n="94"> Administrative and financial implications of the decisions and recommendations contained in the reports of the International Civil Service Commission for 2005 and 2006 (A/61/381 and A/61/484) </s>
	</p>
	<p n="78">
	  <s n="95"> Mobility and hardship allowance (A/60/723) </s>
	</p>
	<p n="79">
	  <s n="96"> Introduction and general discussion </s>
	</p>
	<p n="80">
	  <s n="97"> Morning1-1 p.m. Informal consultations (closed) Conference Room 5 </s>
	</p>
	<p n="81">
	  <s n="98"> Informal consultations on agenda items 47, 113, 116, 117, 122, 123, 124, 132 and 149 (Integrated and coordinated implementation of and follow-up to the outcomes of the major United Nations conferences and summits in the economic, social and related fields; Follow-up to the Millennium Summit, Review of the efficiency of the administrative and financial functioning of the United Nations; Programme budget for the biennium 2006-2007; Scale of assessments for the apportionment of the expenses of </s>
	</p>
	<p n="82">
	  <s n="99"> 1 Following the adjournment of the 10th meeting of the Committee. </s>
	</p>
	<p n="83">
	  <s n="100"> the United Nations; Human resources management; Joint Inspection Unit; Administrative and budgetary aspects of the financing of the United Nations peacekeeping operations and United Nations reform: measures and proposals: Investing in the United Nations: for a stronger Organization worldwide: detailed report: procurement reform (A/60/846/Add.5 and A/60/904); and Report of the Joint Inspection Unit on procurement practices within the United Nations system (A/59/721 and A/59/721/Add.1)) </s>
	</p>
	<p n="84">
	  <s n="101"> Sixth Committee </s>
	</p>
	<p n="85">
	  <s n="102"> 10 a.m.-1 p.m. 10th meeting Trusteeship Council Chamber </s>
	</p>
	<p n="86">
	  <s n="103"> Report of the International Law Commission on the work of its fifty-eighth session (A/61/10) </s>
	</p>
	<p n="87">
	  <s n="104"> Requests for observer status in the General Assembly </s>
	</p>
	<p n="88">
	  <s n="105"> Observer status for the OPEC Fund for International Development in the General Assembly </s>
	</p>
	<p n="89">
	  <s n="106"> Action on draft resolution A/C.6/61/L.3 </s>
	</p>
	<p n="90">
	  <s n="107"> Observer status for the Indian Ocean Commission in the General Assembly </s>
	</p>
	<p n="91">
	  <s n="108"> Action on draft resolution A/C.6/61/L.2 </s>
	</p>
	<p n="92">
	  <s n="109"> Observer status for the Association of Southeast Asian Nations in the General Assembly </s>
	</p>
	<p n="93">
	  <s n="110"> Action on draft resolution A/C.6/61/L.4 </s>
	</p>
	<p n="94">
	  <s n="111"> [Note: The list of speakers for agenda item 78 (Report of the International Law Commission on the work of its fifty-eighth session) is open. </s>
	  <s n="112"> Delegations wishing to be inscribed on the list are kindly requested to contact the secretariat of the Sixth Committee (Ms. Marissa Amores (tel. </s>
	  <s n="113"> 1 (212) 963-5332); fax 1 (212) 963-1963)). </s>
	  <s n="114"> Delegations that have not yet submitted the names of their representatives, alternates and advisers are invited to inform the Codification Division, Office of Legal Affairs, secretariat of the Sixth Committee (room S-3460; fax 1 (212) 963-1963). </s>
	  <s n="115"> ] </s>
	</p>
	<p n="95">
	  <s n="116"> General Assembly </s>
	</p>
	<p n="96">
	  <s n="117"> Advisory Committee on Administrative and Budgetary Questions </s>
	</p>
	<p n="97">
	  <s n="118"> 10 a.m.-1 p.m. Closed meeting Conference Room 10 </s>
	</p>
	<p n="98">
	  <s n="119"> 3-6 p.m. Closed meeting Conference Room 10 </s>
	</p>
	<p n="99">
	  <s n="120"> Human resources management </s>
	</p>
	<p n="100">
	  <s n="121"> General Assembly </s>
	</p>
	<p n="101">
	  <s n="122"> Sixty-first session </s>
	</p>
	<p n="102">
	  <s n="123"> Second Committee </s>
	</p>
	<p n="103">
	  <s n="124"> Informal “informal” consultations </s>
	</p>
	<p n="104">
	  <s n="125"> Facilitator, Mrs. Irena Zubčević (Croatia), under agenda item 53 (a) (Implementation of Agenda 21, the Programme for the Further Implementation of Agenda 21 and the outcomes of the World Summit on Sustainable Development (International Year of Forests)) </s>
	</p>
	<p n="105">
	  <s n="126"> From 10.30 to 11.45 a.m. in Conference Room 8. </s>
	</p>
	<p n="106">
	  <s n="127"> Facilitator, Mr. Marcelo Suárez Salvia (Argentina), under agenda item 51 (c) (External debt crisis and development) </s>
	</p>
	<p n="107">
	  <s n="128"> From 12 noon to 1 p.m. in Conference Room 8. </s>
	</p>
	<p n="108">
	  <s n="129"> Facilitator, Mr. Andre Siregar (Indonesia) under agenda 55 (b) (International migration and development) </s>
	</p>
	<p n="109">
	  <s n="130"> From 3 to 6 p.m. in Conference Room 8. </s>
	</p>
	<p n="110">
	  <s n="131"> Facilitator, Ms. Vanessa Gomes (Portugal), under agenda item 51 (d) (Commodities -- International Year of Natural Fibres) </s>
	</p>
	<p n="111">
	  <s n="132"> From 3 to 4 p.m. in Conference Room C-209B. </s>
	</p>
	<p n="112">
	  <s n="133"> Facilitator, Ms. Katarzyna Kukier (Poland), under agenda item 51 (b) (International financial system and development) </s>
	</p>
	<p n="113">
	  <s n="134"> From 4 to 6 p.m. in Conference Room C-209B. </s>
	</p>
	<p n="114">
	  <s n="135"> Informal consultations convened by delegations </s>
	</p>
	<p n="115">
	  <s n="136"> Wednesday, 25 October 2006 </s>
	</p>
	<p n="116">
	  <s n="137"> Informal consultations on the draft resolution on the rights of the child, under agenda item 63 (a) (Third Committee) (convened by the delegation of Uruguay, on behalf of the Group of Latin American and Caribbean States, and the delegation of Finland, on behalf of the European Union) </s>
	</p>
	<p n="117">
	  <s n="138"> 10 a.m.-1 p.m. Closed meeting Conference Room C </s>
	</p>
	<p n="118">
	  <s n="139"> Informal consultations on the draft resolution on the in-depth study on violence against women, under agenda item 61 (Third Committee) (convened by the delegations of France and the Netherlands) </s>
	</p>
	<p n="119">
	  <s n="140"> 3-6 p.m. Closed meeting Conference Room C </s>
	</p>
	<p n="120">
	  <s n="141"> Informal consultations on the draft resolution on the situation in Afghanistan, under agenda item 16 (convened by the delegation of Germany) </s>
	</p>
	<p n="121">
	  <s n="142"> 10 a.m.-1 p.m. Closed meeting Conference Room 7 </s>
	</p>
	<p n="122">
	  <s n="143"> Meeting of co-sponsors of the draft resolution on the report of the International Atomic Energy Agency, under agenda item 81 (convened by the delegation of Slovenia) </s>
	</p>
	<p n="123">
	  <s n="144"> 10.30-11.30 a.m. Closed meeting Conference Room B </s>
	</p>
	<p n="124">
	  <s n="145"> Informal consultation on the draft resolution under agenda item 48 (2001-2010: Decade to Roll Back Malaria in Developing Countries, Particularly in Africa) (convened by the delegation of the United Republic of Tanzania, on behalf of the African Group) </s>
	</p>
	<p n="125">
	  <s n="146"> 1.15-2.45 p.m. Closed meeting Conference Room 5 </s>
	</p>
	<p n="126">
	  <s n="147"> Other meetings </s>
	</p>
	<p n="127">
	  <s n="148"> The information below is reproduced as received and does not imply any opinion or endorsement by the Secretariat of theUnited Nations. </s>
	</p>
	<p n="128">
	  <s n="149"> Wednesday, 25 October 2006 </s>
	</p>
	<p n="129">
	  <s n="150"> 2006 United Nations Disarmament Fellowship Programme </s>
	</p>
	<p n="130">
	  <s n="151"> 9 a.m.-1 p.m. Closed meeting Conference Room E </s>
	</p>
	<p n="131">
	  <s n="152"> 2-6 p.m. Closed meeting Conference Room E </s>
	</p>
	<p n="132">
	  <s n="153"> JUSCANZ Group </s>
	</p>
	<p n="133">
	  <s n="154"> 9.15-9.45 a.m. Closed meeting Conference Room 4 </s>
	</p>
	<p n="134">
	  <s n="155"> JUSCANZ Group </s>
	</p>
	<p n="135">
	  <s n="156"> 9.15-9.45 a.m. Closed meeting Conference Room 7 </s>
	</p>
	<p n="136">
	  <s n="157"> UNITAR French-language workshop on the structure, drafting and adoption of United Nations resolutions </s>
	</p>
	<p n="137">
	  <s n="158"> 10 a.m.-1 p.m. Closed meeting Conference Room 9 </s>
	</p>
	<p n="138">
	  <s n="159"> 3-5.30 p.m. Closed meeting Conference Room 9 </s>
	</p>
	<p n="139">
	  <s n="160"> Group of 77 (on remittances) </s>
	</p>
	<p n="140">
	  <s n="161"> 11 a.m.-1 p.m. Closed meeting Conference Room D </s>
	</p>
	<p n="141">
	  <s n="162"> Group of 77 (on sustainable development) </s>
	</p>
	<p n="142">
	  <s n="163"> 1.15-6 p.m. Closed meeting Economic and Social Council Chamber </s>
	</p>
	<p n="143">
	  <s n="164"> Group of 77 (on Fifth Committee matters) </s>
	</p>
	<p n="144">
	  <s n="165"> 3-6 p.m. Closed meeting Conference Room 5 </s>
	</p>
	<p n="145">
	  <s n="166"> African Group: Group of Experts on Economic Matters </s>
	</p>
	<p n="146">
	  <s n="167"> 1.15-2.30 p.m. Closed meeting Conference Room 9 </s>
	</p>
	<p n="147">
	  <s n="168"> Meeting of Legal Advisers </s>
	</p>
	<p n="148">
	  <s n="169"> 3-6 p.m. Closed meeting Conference Room 6 </s>
	</p>
	<p n="149">
	  <s n="170"> Non-Aligned Movement: Working Group on Human Rights </s>
	</p>
	<p n="150">
	  <s n="171"> 3-6 p.m. Closed meeting Trusteeship Council Chamber </s>
	</p>
	<p n="151">
	  <s n="172"> Other activities </s>
	</p>
	<p n="152">
	  <s n="173"> The information below is reproduced as received and does not imply any opinion or endorsement by the Secretariat of the United Nations. </s>
	</p>
	<p n="153">
	  <s n="174"> Wednesday, 25 October 2006 </s>
	</p>
	<p n="154">
	  <s n="175"> Panel discussion on “Women, peace and posts” (sponsored by the Office of the Special Adviser on Gender Issues and Advancement of Women) </s>
	</p>
	<p n="155">
	  <s n="176"> Fom 1.15 to 2.30 p.m. in Conference Room 7. </s>
	</p>
	<p n="156">
	  <s n="177"> [All are invited to attend. </s>
	  <s n="178"> For further information, please contact Ms. Marilyn Dawson (tel. </s>
	  <s n="179"> 1 (212) 963-6143; e-mail dawsonm@un.org). </s>
	  <s n="180"> ] </s>
	</p>
	<p n="157">
	  <s n="181"> Panel discussion on “Why go solar now” (sponsored by the NGO Section of the Department of Economic and Social Affairs and the NGO Committee on Sustainable Development) </s>
	</p>
	<p n="158">
	  <s n="182"> Fom 1.30 to 2.45 p.m. in the Dag Hammarskjöld Library Auditorium. </s>
	</p>
	<p n="159">
	  <s n="183"> [All are invited. </s>
	  <s n="184"> For further information, please contact Ms. Roma Stibravy, Chairperson, NGO Committee on Sustainable Development (tel. </s>
	  <s n="185"> 1 (212) 703-5069; e-mail unngocsd@gmail.com). </s>
	  <s n="186"> ] </s>
	</p>
	<p n="160">
	  <s n="187"> Press conferences </s>
	</p>
	<p n="161">
	  <s n="188"> The schedule below is tentative; up-to-date information can be obtained at &lt;www.un.org/News/ossg/conf.htm&gt;. </s>
	</p>
	<p n="162">
	  <s n="189"> Wednesday, 25 October 2006 </s>
	</p>
	<p n="163">
	  <s n="190"> Room S-226 </s>
	</p>
	<p n="164">
	  <s n="191"> 10.30 a.m. Mrs. Tomiko Abe, Chief Director, Stop AIDS Organization; H.E. Mr. Adjei-Barwuah Barfour, Ambassador of Ghana to Japan; H.E. Mr. Simasiku Godfrey, Ambassador of Zambia to Japan; H.E. Mr. Awori Dennis, Ambassador of Kenya to Japan; H.E. Mr. Antonio Daniel, Ambassador of Mozambique to Japan; and Mr. Abdellatif Kabbaj (moderator) (on the Africa AIDS Orphan Soccer Project) [sponsored by the Permanent Mission of Japan] </s>
	</p>
	<p n="165">
	  <s n="192"> Guest at 12 noon Ms. Rachel Mayanja, Special Adviser of the Secretary-General on Gender Issues and Advancement of Women </s>
	</p>
	<p n="166">
	  <s n="193"> 2 p.m. Mr. Martin Scheinin, Special Rapporteur on the promotion and protection of human rights and fundamental freedoms while countering terrorism </s>
	</p>
	<p n="167">
	  <s n="194"> Forthcoming official meetings </s>
	</p>
	<p n="168">
	  <s n="195"> Thursday, 26 October 2006 </s>
	</p>
	<p n="169">
	  <s n="196"> General Assembly </s>
	</p>
	<p n="170">
	  <s n="197"> Sixty-first session </s>
	</p>
	<p n="171">
	  <s n="198"> 3 p.m. 41st plenary meeting General Assembly Hall </s>
	</p>
	<p n="172">
	  <s n="199"> Organization of work, adoption of the agenda and allocation of items </s>
	</p>
	<p n="173">
	  <s n="200"> (a) Documentation for the election of the members of the International Law Commission (item 105 (c)) </s>
	</p>
	<p n="174">
	  <s n="201"> (b) Letter from the Chairman of the Committee on Conferences addressed to the President of the General Assembly (A/61/320/Add.1) </s>
	</p>
	<p n="175">
	  <s n="202"> Report of the International Court of Justice </s>
	</p>
	<p n="176">
	  <s n="203"> (a) Report of the International Court of Justice (A/61/4) </s>
	</p>
	<p n="177">
	  <s n="204"> (b) Report of the Secretary-General (A/61/380) </s>
	</p>
	<p n="178">
	  <s n="205"> Main Committees </s>
	</p>
	<p n="179">
	  <s n="206"> Second Committee </s>
	</p>
	<p n="180">
	  <s n="207"> Informal “informal” consultations </s>
	</p>
	<p n="181">
	  <s n="208"> Facilitator, Ms. Sigrid Anna Oddsen (Norway), under agenda item 51 (d) (Commodities) </s>
	</p>
	<p n="182">
	  <s n="209"> Thursday, 26 October 2006, from 10 a.m. to 1 p.m. in Conference Room 6; </s>
	</p>
	<p n="183">
	  <s n="210"> Friday, 27 October 2006, from 3 to 6 p.m. in Conference Room C-209B; </s>
	</p>
	<p n="184">
	  <s n="211"> Tuesday, 31 October 2006, from 3 to 6 p.m. in Conference Room 6; and </s>
	</p>
	<p n="185">
	  <s n="212"> Thursday, 2 November 2006, from 11.30 a.m. to 1.30 p.m. in Conference Room 6. </s>
	</p>
	<p n="186">
	  <s n="213"> Facilitator, Mr. Selwin Hart (Barbados), under agenda item 52 (Follow-up to and implementation of the outcome of the International Conference on Financing for Development) </s>
	</p>
	<p n="187">
	  <s n="214"> Thursday, 26 October 2006, from 3 to 4.30 p.m. in Conference Room 6; </s>
	</p>
	<p n="188">
	  <s n="215"> Monday, 30 October 2006, from 10 to 11.30 a.m. in Conference Room 6; and </s>
	</p>
	<p n="189">
	  <s n="216"> Thursday, 2 November 2006, from 4.30 to 6 p.m. in Conference Room 6. </s>
	</p>
	<p n="190">
	  <s n="217"> Facilitator, Ms. Vanessa Gomes (Portugal), under agenda item 51 (a) (International trade and development) </s>
	</p>
	<p n="191">
	  <s n="218"> Thursday, 26 October 2006, from 4.30 to 6 p.m. in Conference Room 6; </s>
	</p>
	<p n="192">
	  <s n="219"> Monday, 30 October 2006, from 11.30 a.m. to 1 p.m. in Conference Room 6; </s>
	</p>
	<p n="193">
	  <s n="220"> Wednesday, 1 November 2006, from 10 a.m. to 1 p.m. in Conference Room 6; and </s>
	</p>
	<p n="194">
	  <s n="221"> Friday, 3 November 2006, from 10 a.m. to 1 p.m. in Conference Room B. </s>
	</p>
	<p n="195">
	  <s n="222"> Facilitator, Mr. Marcelo Suárez Salvia (Argentina), under agenda item 51 (c) (External debt crisis and development) </s>
	</p>
	<p n="196">
	  <s n="223"> Friday, 27 October 2006, from 10 to 11.30 a.m. in the Economic and Social Council Chamber; </s>
	</p>
	<p n="197">
	  <s n="224"> Tuesday, 31 October 2006, from 10 a.m. to 12 noon in Conference Room 6; and </s>
	</p>
	<p n="198">
	  <s n="225"> Thursday, 2 November 2006, from 10 to 11.30 a.m. in Conference Room 6. </s>
	</p>
	<p n="199">
	  <s n="226"> Facilitator, Mr. Leslie B. Gatan (Philippines), under agenda item 69 (b) (Special economic assistance to individual countries or regions) </s>
	</p>
	<p n="200">
	  <s n="227"> Friday, 27 October 2006, from 11 a.m. to 1 p.m. in Conference Room 6. </s>
	</p>
	<p n="201">
	  <s n="228"> Facilitator, Ms. Katarzyna Kukier (Poland), under agenda item 51 (b) (International financial system and development) </s>
	</p>
	<p n="202">
	  <s n="229"> Friday, 27 October 2006, from 11.30 a.m. to 1 p.m. in the Economic and Social Council Chamber; </s>
	</p>
	<p n="203">
	  <s n="230"> Tuesday, 31 October 2006, from 12 noon to 1 p.m. in Conference Room 6; and </s>
	</p>
	<p n="204">
	  <s n="231"> Thursday, 2 November 2006, from 3 to 4.30 p.m. in Conference Room 6. </s>
	</p>
	<p n="205">
	  <s n="232"> Facilitator, Mr. Edwin F. Sele (Liberia) under agenda item 69 (b) (Humanitarian assistance and reconstruction of Liberia) </s>
	</p>
	<p n="206">
	  <s n="233"> Friday, 27 October 2006, from 1.15 to 2.45 p.m. in Conference Room 6. </s>
	</p>
	<p n="207">
	  <s n="234"> Facilitator, Mr. Andre Siregar (Indonesia) under agenda 55 (b) (International migration and development) </s>
	</p>
	<p n="208">
	  <s n="235"> Friday, 27 October 2006, from 3 to 6 p.m. in Conference Room 6; </s>
	</p>
	<p n="209">
	  <s n="236"> Monday, 30 October 2006, from 3 to 6 p.m. in Conference Room 6; </s>
	</p>
	<p n="210">
	  <s n="237"> Wednesday, 1 November 2006, from 3 to 6 p.m. in Conference Room 6; and </s>
	</p>
	<p n="211">
	  <s n="238"> Friday, 3 November 2006, from 3 to 6 p.m. in Conference Room B. </s>
	</p>
	<p n="212">
	  <s n="239"> Facilitator, Mr. Tri Tharyat (Indonesia), under agenda item 53 (c) (International Strategy for Disaster Reduction - Natural Disasters and Vulnerability) </s>
	</p>
	<p n="213">
	  <s n="240"> Friday, 3 November 2006, from 1.15 to 2.45 p.m. in Conference Room B; </s>
	</p>
	<p n="214">
	  <s n="241"> Tuesday, 7 November 2006, from 3 to 5 p.m. in Conference Room 6; </s>
	</p>
	<p n="215">
	  <s n="242"> Thursday, 9 November 2006, from 10 a.m. to 12 noon in Conference Room 6; </s>
	</p>
	<p n="216">
	  <s n="243"> Monday, 13 November 2006, from 3 to 5 p.m. in Conference Room 6; and </s>
	</p>
	<p n="217">
	  <s n="244"> Wednesday, 15 November 2006, from 3 to 5 p.m. in Conference Room 6. </s>
	</p>
	<p n="218">
	  <s n="245"> Third Committee </s>
	</p>
	<p n="219">
	  <s n="246"> Listed below is the tentative schedule for introductory statements by Special Rapporteurs, Special Representatives, Independent Experts and other special mechanisms who will be presenting reports to the Third Committee: </s>
	</p>
	<p n="220">
	  <s n="247"> Monday, 6 November (agenda items 65 and 66): </s>
	</p>
	<p n="221">
	  <s n="248"> 10 a.m. </s>
	</p>
	<p n="222">
	  <s n="249"> Mr. Doudou Diène (Special Rapporteur on contemporary forms of racism, racial discrimination, xenophobia and related intolerance); Ms. Amada Benavidez de Pérez (Chairperson of the Working Group on the use of mercenaries as a means of violating human rights and impeding the exercise of the right of peoples to self-determination) </s>
	</p>
	<p n="223">
	  <s n="250"> Fifth Committee </s>
	</p>
	<p n="224">
	  <s n="251"> The Fifth Committee will hold its 11th meeting on Thursday, 26 October 2006, at 10 a.m. in Conference Room 3. </s>
	  <s n="252"> Informal consultations (closed) will be held following the adjournment of the 11th meeting and at 3 p.m. in Conference Room 5. </s>
	</p>
	<p n="225">
	  <s n="253"> General Assembly </s>
	</p>
	<p n="226">
	  <s n="254"> Ad Hoc Committee on a Comprehensive and Integral International Convention on the Protection and Promotion of the Rights and Dignity of Persons with Disabilities </s>
	</p>
	<p n="227">
	  <s n="255"> Drafting Committee </s>
	</p>
	<p n="228">
	  <s n="256"> The Drafting Committee of the Ad Hoc Committee on a Comprehensive and Integral International Convention on the Protection and Promotion of the Rights and Dignity of Persons with Disabilities will hold closed informal meetings on Thursday, 26, and Friday, 27 October 2006, from 1.15 to 2.45 p.m. in Conference Room 8. </s>
	</p>
	<p n="229">
	  <s n="257"> Committee on Relations with the Host Country </s>
	</p>
	<p n="230">
	  <s n="258"> The 231st meeting of the Committee on Relations with the Host Country will be held on Monday, 30 October 2006, at 11 a.m. in the Economic and Social Council Chamber, with a view to considering and adopting the draft report. </s>
	</p>
	<p n="231">
	  <s n="259"> Forthcoming informal consultations convened by delegations </s>
	</p>
	<p n="232">
	  <s n="260"> Informal consultations on the draft resolution on trafficking in women and girls, under agenda item 61 (Third Committee) (convened by the delegation of the Philippines) </s>
	</p>
	<p n="233">
	  <s n="261"> Thursday, 26 October 2006, from 10 a.m. to 1 p.m. in Conference Room C; and </s>
	</p>
	<p n="234">
	  <s n="262"> Tuesday, 31 October 2006, from 10 a.m. to 1 p.m. in Conference Room C. </s>
	</p>
	<p n="235">
	  <s n="263"> Meeting of co-sponsors of draft resolution on extrajudicial, summary or arbitrary executions, under agenda item 67 (b) (Third Committee) (convened by the delegation of Sweden) </s>
	</p>
	<p n="236">
	  <s n="264"> Thursday, 26 October 2006, from 1.15 to 2.45 p.m. in conference Room C. </s>
	</p>
	<p n="237">
	  <s n="265"> Informal consultations on the draft resolution on strengthening the United Nations Crime Prevention and Criminal Justice Programme, in particular its technical cooperation capacity, under agenda item 98 (Third Committee) (convened by the delegation of Italy) </s>
	</p>
	<p n="238">
	  <s n="266"> Thursday, 26 October 2006, from 3 to 6 p.m. in Conference Room C. </s>
	</p>
	<p n="239">
	  <s n="267"> Informal consultations on the draft resolution on the in-depth study on violence against women, under agenda item 61 (Third Committee) (convened by the delegations of France and the Netherlands) </s>
	</p>
	<p n="240">
	  <s n="268"> Friday, 27 October 2006, from 10 a.m. to 1 p.m. in Conference Room C. </s>
	</p>
	<p n="241">
	  <s n="269"> Meeting of the co-sponsors on the draft resolution on the protection of human rights and fundamental freedoms while countering terrorism, under agenda item 67 (b) (Third Committee) (convened by the delegation of Mexico) </s>
	</p>
	<p n="242">
	  <s n="270"> Friday, 27 October 2006, from 1.15 to 2.45 p.m. in Conference Room 1. </s>
	</p>
	<p n="243">
	  <s n="271"> Informal consultations on the draft resolution on Human rights questions, including alternative approaches for improving the effective enjoyment of human rights and fundamental freedoms, under agenda item 67 (b) (Third Committee) (convened by the delegation of Peru) </s>
	</p>
	<p n="244">
	  <s n="272"> Friday, 27 October 2006, from 3 to 5 p.m. in Conference Room B. </s>
	</p>
	<p n="245">
	  <s n="273"> Informal consultations on the draft resolution on the rights of the child, under agenda item 63 (a) (Third Committee) (convened by the delegation of Uruguay, on behalf of the Group of Latin American and Caribbean States, and the delegation of Finland, on behalf of the European Union) </s>
	</p>
	<p n="246">
	  <s n="274"> Friday, 27 October 2006, from 3 to 6 p.m. in Conference Room C; </s>
	</p>
	<p n="247">
	  <s n="275"> Monday, 30 October 2006, from 10 a.m. to 1 p.m. in Conference Room C; </s>
	</p>
	<p n="248">
	  <s n="276"> Wednesday, 1 November 2006, from 10 a.m. to 1 p.m. in Conference Room C; and </s>
	</p>
	<p n="249">
	  <s n="277"> Friday, 3 November 2006, from 10 a.m. to 1 p.m. in Conference Room C. </s>
	</p>
	<p n="250">
	  <s n="278"> Informal consultations on the draft resolution on the International Year of Reconciliation, 2009, under agenda item 150 (convened by the delegation of Nicaragua) </s>
	</p>
	<p n="251">
	  <s n="279"> Thursday, 26 October 2006, from 11.30 a.m. to 1 p.m. in Conference Room B. </s>
	</p>
	<p n="252">
	  <s n="280"> Informal consultations on the draft resolution on strengthening emergency relief, rehabilitation, reconstruction, recovery and prevention in the aftermath of the Indian Ocean tsunami disaster, under agenda item 69 (a) (convened by the delegation of Indonesia, on behalf of the Association of Southeast Asian Nations (ASEAN)) </s>
	</p>
	<p n="253">
	  <s n="281"> Thursday, 26 October 2006, from 3 to 6 p.m. in Conference Room B; </s>
	</p>
	<p n="254">
	  <s n="282"> Monday, 30 October 2006, from 10 a.m. to 1 p.m. in Conference Room D; </s>
	</p>
	<p n="255">
	  <s n="283"> Friday, 3 November 2006, from 3 to 6 p.m. in Conference Room D; </s>
	</p>
	<p n="256">
	  <s n="284"> Monday, 6 November 2006, from 10 a.m. to 1 p.m. in Conference Room B; and </s>
	</p>
	<p n="257">
	  <s n="285"> Thursday, 9 November 2006, 10 a.m. to 1 p.m. in Conference Room 9. </s>
	</p>
	<p n="258">
	  <s n="286"> Informal consultation on the draft resolution under agenda item 48 (2001-2010: Decade to Roll Back Malaria in Developing Countries, Particularly in Africa) (convened by the delegation of the United Republic of Tanzania, on behalf of the African Group) </s>
	</p>
	<p n="259">
	  <s n="287"> Tuesday, 31 October 2006, from 1.15 to 2.45 p.m. in Conference Room 9; and </s>
	</p>
	<p n="260">
	  <s n="288"> Monday, 6 November 2006, from 1.15 to 2.45 p.m. in Conference Room 9. </s>
	</p>
	<p n="261">
	  <s n="289"> Informal consultations on the draft resolution on the situation in Afghanistan, under agenda item 16 (convened by the delegation of Germany) </s>
	</p>
	<p n="262">
	  <s n="290"> Tuesday, 31 October 2006, from 3 to 6 p.m. in the Economic and Social Council Chamber. </s>
	</p>
	<p n="263">
	  <s n="291"> Other forthcoming meetings </s>
	</p>
	<p n="264">
	  <s n="292"> The information below is reproduced as received and does not imply any opinion or endorsement by the Secretariat of the United Nations. </s>
	</p>
	<p n="265">
	  <s n="293"> Briefing on the declaration of the rights of indigenous peoples (organized by the Permanent Missions of Mexico and Peru) </s>
	</p>
	<p n="266">
	  <s n="294"> Thursday, 26 October 2006, from 1.15 to 2.45 p.m. in Conference Room 1. </s>
	</p>
	<p n="267">
	  <s n="295"> Non-Aligned Movement: Working Group on Human Rights </s>
	</p>
	<p n="268">
	  <s n="296"> Thursday, 26 October 2006, from 1.15 to 2.30 p.m. in Conference Room B; and </s>
	</p>
	<p n="269">
	  <s n="297"> Friday, 27 October 2006, from 1.15 to 2.30 p.m. in Conference Room 9. </s>
	</p>
	<p n="270">
	  <s n="298"> Group of Landlocked Developing Countries (at the ambassadorial level) </s>
	</p>
	<p n="271">
	  <s n="299"> Friday, 27 October 2006, from 10 a.m. to 1 p.m. in Conference Room B. </s>
	</p>
	<p n="272">
	  <s n="300"> Asian Group (monthly meeting) </s>
	</p>
	<p n="273">
	  <s n="301"> Friday, 27 October 2006, from 3 to 6 p.m. in the Economic and Social Council Chamber. </s>
	</p>
	<p n="274">
	  <s n="302"> Friends of the International Criminal Court </s>
	</p>
	<p n="275">
	  <s n="303"> Friday, 27 October 2006, from 1.15 to 2.45 p.m. in Conference Room D. </s>
	</p>
	<p n="276">
	  <s n="304"> Meeting with the Registrar of the Court (in French) </s>
	</p>
	<p n="277">
	  <s n="305"> Tuesday, 31 October 2006, from 1.15 to 2.45 p.m. in Conference Room B; and </s>
	</p>
	<p n="278">
	  <s n="306"> Meeting with the Registrar of the Court (in English) </s>
	</p>
	<p n="279">
	  <s n="307"> Friday, 3 November 2006, from 1.15 to 2.45 p.m. in Conference Room B. </s>
	</p>
	<p n="280">
	  <s n="308"> UNITAR briefing on “Operationalizing the Peacebuilding Commission” </s>
	</p>
	<p n="281">
	  <s n="309"> Thursday, 2 November 2006, from 1.15 to 2.45 p.m. in Conference Room 9. </s>
	</p>
	<p n="282">
	  <s n="310"> [For further information, please contact Ms. </s>
	  <s n="311"> Sarah Rosengärtner (room DC1-603; tel. </s>
	  <s n="312"> 1 (212) 963-3021; rosengaertner@un.org). </s>
	  <s n="313"> ] </s>
	</p>
	<p n="283">
	  <s n="314"> UNITAR/OLA Seminars on Deposit of Treaty Actions with the Secretary-General and the Registration of Treaties </s>
	</p>
	<p n="284">
	  <s n="315"> French Seminar </s>
	</p>
	<p n="285">
	  <s n="316"> Tuesday, 7 November 2006, from 10 a.m. to 1 p.m. and from 3 to 5.45 p.m. in Conference Room E; and </s>
	</p>
	<p n="286">
	  <s n="317"> English Seminar </s>
	</p>
	<p n="287">
	  <s n="318"> Wednesday, 8 November 2006, from 10 a.m. to 1 p.m. and from 3 to 4.30 p.m.; and Thursday, 9 November 2006, from 10 a.m. to 1 p.m. in Conference Room E. </s>
	</p>
	<p n="288">
	  <s n="319"> [For further information, please contact Ms. Catharina Goldschmidt (tel. </s>
	  <s n="320"> 1 (212) 963-9684; e-mail goldschmidt@un.org). </s>
	  <s n="321"> ] </s>
	</p>
	<p n="289">
	  <s n="322"> Other forthcoming activities </s>
	</p>
	<p n="290">
	  <s n="323"> The information below is reproduced as received and does not imply any opinion or endorsement by the Secretariat of the United Nations. </s>
	</p>
	<p n="291">
	  <s n="324"> Briefing on “The outcome of the Sixteenth International AIDS Conference, held in Toronto, Canada, in August 2006)” (organized by the Permanent Mission of Canada and the Joint United Nations Programme on HIV/AIDS (UNAIDS)) </s>
	</p>
	<p n="292">
	  <s n="325"> Thursday, 26 October 2006, from 1.15 to 2.30 p.m. in Conference Room 3. </s>
	</p>
	<p n="293">
	  <s n="326"> [All delegations are invited to attend. </s>
	  <s n="327"> ] </s>
	</p>
	<p n="294">
	  <s n="328"> Special briefing on “How SIDS can benefit from the Central Emergency Response Fund (CERF): Meeting the objectives of the Mauritius Strategy”, by the Assistant Secretary-General and Deputy Emergency Relief Coordinator (organized by UN-OHRLLS) </s>
	</p>
	<p n="295">
	  <s n="329"> Friday, 27 October 2006, from 1.15 to 2.30 p.m. in Conference Room 7. </s>
	</p>
	<p n="296">
	  <s n="330"> [All are invited. </s>
	  <s n="331"> For further information, please contact Mr. Om Pradhan (tel. </s>
	  <s n="332"> 1 (917) 367-5387; e-mail pradhano@un.org); or Mr. Robert Enholm (tel. </s>
	  <s n="333"> 1 (917) 367-4116; e-mail enholm@un.org). </s>
	  <s n="334"> ] </s>
	</p>
	<p n="297">
	  <s n="335"> Asian-African Legal Consultative Organization (AALCO) </s>
	</p>
	<p n="298">
	  <s n="336"> Monday, 30 October 2006, at 3 p.m. in the Economic and Social Council Chamber. </s>
	</p>
	<p n="299">
	  <s n="337"> Announcements </s>
	</p>
	<p n="300">
	  <s n="338"> Informational meetings with Member States to discuss issues relating to language services </s>
	</p>
	<p n="301">
	  <s n="339"> In accordance with the established practice mandated by the General Assembly, the Department for General Assembly and Conference Management holds informational meetings with Member States twice a year to consult with them on the improvement of the language services and to provide a channel for communication on terminology issues and the quality of services rendered. </s>
	  <s n="340"> The second round of language-specific informational meetings for this year will be held in October and November, according to the following schedule: </s>
	</p>
	<p n="302">
	  <s n="341"> Monday, 30 October, from 3 to 6 p.m.: Arabic </s>
	</p>
	<p n="303">
	  <s n="342"> Tuesday, 31 October, from 3 to 6 p.m.: Chinese </s>
	</p>
	<p n="304">
	  <s n="343"> Wednesday, 1 November, from 3 to 6 p.m.: English </s>
	</p>
	<p n="305">
	  <s n="344"> Thursday, 2 November, from 3 to 6 p.m.: French </s>
	</p>
	<p n="306">
	  <s n="345"> Friday, 3 November, from 10 a.m. to 1 p.m.: Russian </s>
	</p>
	<p n="307">
	  <s n="346"> Friday, 3 November, from 3 to 6 p.m.: Spanish </s>
	</p>
	<p n="308">
	  <s n="347"> All meetings will take place in Conference Room 8. </s>
	</p>
	<p n="309">
	  <s n="348"> Security Council Daily informal briefings </s>
	</p>
	<p n="310">
	  <s n="349"> As from Wednesday, 4 October 2006, and for the rest of the month, the presidency of the Security Council will conduct informal briefings daily on the current work of the Council for Member States of the United Nations, which are non-members of the Council, except on days on which no informal consultations are scheduled. </s>
	  <s n="350"> The briefings will take place immediately following the adjournment of the informal consultations. </s>
	</p>
	<p n="311">
	  <s n="351"> Recorded information </s>
	</p>
	<p n="312">
	  <s n="352"> Recorded information about previously unscheduled meetings and consultations of the whole of the Security Council may be obtained by calling 1 (212) 963-8530, or by clicking on “Daily Programme” on the Web site of the Security Council (&lt;www.un.org/Docs/sc&gt;). </s>
	</p>
	<p n="313">
	  <s n="353"> Prepared statements </s>
	</p>
	<p n="314">
	  <s n="354"> Speakers in the Security Council are advised that providing in advance copies of prepared statements which they intend to read out in the Council greatly facilitates the work of the Secretariat by permitting a sufficient number of copies to be distributed to all meeting participants and by assisting interpreters, verbatim reporters and press officers in maintaining the quality of the product delivered. </s>
	  <s n="355"> Both interpretations and verbatim records rely upon the statement actually delivered, but copies of texts help interpreters to correctly render details and nuances and help verbatim reporters to produce the written record more quickly. </s>
	  <s n="356"> Speakers are therefore encouraged, whenever possible, to provide copies of their statements, as early as possible in advance of delivery, to the Conference Officer in the Chamber. </s>
	</p>
	<p n="315">
	  <s n="357"> Delegations are kindly requested to make 40 copies for minimum distribution to Council members and relevant services, and 200 additional copies for general distribution in the Security Council Chamber. </s>
	</p>
	<p n="316">
	  <s n="358"> Delegations wishing to make statements available for the media are kindly requested to deliver 50 copies to the Media Documents Centre (room S-394). </s>
	</p>
	<p n="317">
	  <s n="359"> Summary of official meetings </s>
	</p>
	<p n="318">
	  <s n="360"> Monday, 23 October 2006 </s>
	</p>
	<p n="319">
	  <s n="361"> General Assembly </s>
	</p>
	<p n="320">
	  <s n="362"> Sixty-first session </s>
	</p>
	<p n="321">
	  <s n="363"> Main Committees </s>
	</p>
	<p n="322">
	  <s n="364"> First Committee </s>
	</p>
	<p n="323">
	  <s n="365"> 19th meeting Thematic discussion on item subjects, as well as the introduction and consideration of all draft resolutions submitted under all disarmament and international security agenda items (items 82 to 97) </s>
	</p>
	<p n="324">
	  <s n="366"> Statements were made by the representatives of Norway, South Africa, Australia, the United States, Ethiopia and the Syrian Arab Republic. </s>
	</p>
	<p n="325">
	  <s n="367"> Statements were also made by the representatives of Indonesia (who, on behalf of the Non-Aligned Movement, introduced draft resolutions A/C.1/61/L.4 and A/C.1/61/L.9), Ecuador (who, on behalf of the Group of Latin American and Caribbean States, introduced draft resolution A/C.1/61/L.14), Nepal (who introduced draft resolution A/C.1/61/L.28), Slovakia (who introduced draft resolution A/C.1/61/L.29), Nigeria (who introduced draft resolutions A/C.1/61/L.12 and A/C.1/61/L.24), Canada (who withdrew draft resolution A/C.1/61/L.23) and the Republic of Korea (who introduced draft resolution A/C.1/61/L.11). </s>
	</p>
	<p n="326">
	  <s n="368"> The Committee thus concluded its second stage of work, namely the “Thematic discussion on item subjects, as well as the introduction and consideration of all draft resolutions submitted under items 82 to 97.” </s>
	</p>
	<p n="327">
	  <s n="369"> Action on all draft resolutions submitted under disarmament and international security agenda items (items 82 to 97) </s>
	</p>
	<p n="328">
	  <s n="370"> The Committee began its third stage, namely the “Action on all draft resolutions submitted under disarmament and international security agenda items (items 82 to 97).” </s>
	</p>
	<p n="329">
	  <s n="371"> Statements were made by the representative of Israel and the observer of Palestine. </s>
	</p>
	<p n="330">
	  <s n="372"> In explanation of vote before the vote, statements were made by the representatives of Finland (on behalf of the European Union), Canada, the Islamic Republic of Iran, Australia and Switzerland. </s>
	</p>
	<p n="331">
	  <s n="373"> Draft resolution A/C.1/61/L.1 was adopted without a vote. </s>
	</p>
	<p n="332">
	  <s n="374"> Preambular paragraph 6 of draft resolution A/C.1/61/L.2 was adopted, by a recorded vote of 151 to 2, with 6 abstentions. </s>
	  <s n="375"> Draft resolution A/C.1/61/L.2, as a whole, was adopted, by a recorded vote of 156 to 4, with 6 abstentions. </s>
	</p>
	<p n="333">
	  <s n="376"> Draft resolution A/C.1/61/L.3 was adopted, by a recorded vote of 105 to 6, with 55 abstentions. </s>
	</p>
	<p n="334">
	  <s n="377"> Draft decision A/C.1/61/L.16 was adopted, by a recorded vote of 116 to 3, with 44 abstentions. </s>
	</p>
	<p n="335">
	  <s n="378"> Draft resolution A/C.1/61/L.39 was adopted, by a recorded vote of 105 to 45, with 16 abstentions. </s>
	</p>
	<p n="336">
	  <s n="379"> Draft resolution A/C.1/61/L.45 was adopted, by a recorded vote of 108 to 1, with 57 abstentions. </s>
	</p>
	<p n="337">
	  <s n="380"> Draft resolution A/C.1/61/L.49 was adopted, by a recorded vote of 105 to 50, with 13 abstentions. </s>
	</p>
	<p n="338">
	  <s n="381"> Draft resolution A/C.1/61/L.51 was adopted, by a recorded vote of 108 to 50, with 10 abstentions. </s>
	</p>
	<p n="339">
	  <s n="382"> In explanation of vote after the vote, statements were made by the representatives of Israel, Brazil, the United States, Cameroon, India, Japan and Pakistan. </s>
	</p>
	<p n="340">
	  <s n="383"> The representative of Finland (on behalf of the European Union) made a statement. </s>
	</p>
	<p n="341">
	  <s n="384"> Draft resolution A/C.1/61/L.5 was adopted, by a recorded vote of 163 to none, with 2 abstentions. </s>
	</p>
	<p n="342">
	  <s n="385"> The representative of Poland made a statement. </s>
	</p>
	<p n="343">
	  <s n="386"> Draft resolution A/C.1/61/L.19, as orally revised, was adopted without a vote. </s>
	</p>
	<p n="344">
	  <s n="387"> The Secretary of the Committee made a statement. </s>
	</p>
	<p n="345">
	  <s n="388"> Draft resolution A/C.1/61/L.27 was adopted without a vote. </s>
	</p>
	<p n="346">
	  <s n="389"> Draft resolution A/C.1/61/L.52* was adopted without a vote. </s>
	</p>
	<p n="347">
	  <s n="390"> In explanation of vote after the vote, a statement was made by the representative of Pakistan. </s>
	</p>
	<p n="348">
	  <s n="391"> Special Political and Decolonization Committee (Fourth Committee) </s>
	</p>
	<p n="349">
	  <s n="392"> 15th meeting International cooperation in the peaceful uses of outer space </s>
	</p>
	<p n="350">
	  <s n="393"> The representative of France, in his capacity as Chairman of the Working Group of the Whole, made a statement. </s>
	</p>
	<p n="351">
	  <s n="394"> The representative of Germany made a statement. </s>
	</p>
	<p n="352">
	  <s n="395"> The Committee decided to postpone action on draft resolutions A/C.4/61/L.2/Rev.1 and A/C.4/61/L.3/Rev.1 until Wednesday, 25 October. </s>
	</p>
	<p n="353">
	  <s n="396"> Comprehensive review of the whole question of peacekeeping operations in all their aspects </s>
	</p>
	<p n="354">
	  <s n="397"> General debate </s>
	</p>
	<p n="355">
	  <s n="398"> The Committee continued its general debate with statements by the representatives of India, the Sudan, Egypt, Serbia, Algeria, Ukraine, Japan, Cuba, the Republic of Korea, Ghana, Morocco, Togo, Namibia, the Philippines, Croatia, Nepal and the Islamic Republic of Iran. </s>
	</p>
	<p n="356">
	  <s n="399"> Second Committee </s>
	</p>
	<p n="357">
	  <s n="400"> 18th meeting Globalization and interdependence </s>
	</p>
	<p n="358">
	  <s n="401"> (a) Globalization and interdependence </s>
	</p>
	<p n="359">
	  <s n="402"> (b) International migration and development </s>
	</p>
	<p n="360">
	  <s n="403"> (c) Culture and development </s>
	</p>
	<p n="361">
	  <s n="404"> (d) Preventing and combating corrupt practices and transfer of assets of illicit origin and returning such assets, in particular to the countries of origin, consistent with the United Nations Convention against Corruption </s>
	</p>
	<p n="362">
	  <s n="405"> (e) Integration of the economies in transition into the world economy </s>
	</p>
	<p n="363">
	  <s n="406"> General discussion </s>
	</p>
	<p n="364">
	  <s n="407"> The Committee resumed its general discussion of the item and heard statements by the representatives of the Libyan Arab Jamahiriya, Georgia, Norway, Azerbaijan and Qatar. </s>
	</p>
	<p n="365">
	  <s n="408"> Statements were also made by the representatives of the United Nations Population Fund, the United Nations Conference on Trade and Development and the United Nations Industrial Development Organization. </s>
	</p>
	<p n="366">
	  <s n="409"> Right of reply </s>
	</p>
	<p n="367">
	  <s n="410"> Statements in the exercise of the right of reply were made by the representatives of the Russian Federation and Georgia. </s>
	</p>
	<p n="368">
	  <s n="411"> The Committee thus concluded its general discussion of item 55. </s>
	</p>
	<p n="369">
	  <s n="412"> Organization of work </s>
	</p>
	<p n="370">
	  <s n="413"> The presiding Vice-Chairman (Brazil) made a statement. </s>
	</p>
	<p n="371">
	  <s n="414"> Third Committee </s>
	</p>
	<p n="372">
	  <s n="415"> 27th meeting Promotion and protection of human rights </s>
	</p>
	<p n="373">
	  <s n="416"> (b) Human rights questions, including alternative approaches for improving the effective enjoyment of human rights and fundamental freedoms </s>
	</p>
	<p n="374">
	  <s n="417"> (c) Human rights situations and reports of special rapporteurs and representatives </s>
	</p>
	<p n="375">
	  <s n="418"> The Committee continued its joint consideration of the sub-items. </s>
	</p>
	<p n="376">
	  <s n="419"> The Special Representative of the Secretary-General on the situation of human rights defenders made a presentation and engaged in a dialogue with the delegations of Chile, Cuba, Finland (on behalf of the European Union), Norway, Canada, Switzerland, Benin, Indonesia and the United States. </s>
	</p>
	<p n="377">
	  <s n="420"> The Special Rapporteur on torture and other cruel, inhuman or degrading treatment or punishment made a presentation and engaged in a dialogue with the delegations of Cuba, Norway, Uzbekistan, Canada, Finland (on behalf of the European Union), the Republic of Korea, Georgia, Turkey, the Syrian Arab Republic and the Russian Federation. </s>
	</p>
	<p n="378">
	  <s n="421"> 28th meeting The Committee continued its joint consideration of agenda sub-items 67 (b) and (c). </s>
	</p>
	<p n="379">
	  <s n="422"> The Representative of the Secretary-General on the human rights of internally displaced persons made a presentation and engaged in a dialogue with the delegations of Uganda, the Sudan, Serbia, Switzerland, Norway, Liechtenstein, Brazil, Finland (on behalf of the European Union), Colombia, Azerbaijan, Georgia, Turkey, Côte d&apos;Ivoire and Iraq. </s>
	</p>
	<p n="380">
	  <s n="423"> The Special Rapporteur on freedom of religion or belief made a presentation and engaged in a dialogue with the delegations of Finland (on behalf of the European Union), Uzbekistan, Azerbaijan, Maldives, Canada, Guinea Bissau and Cuba. </s>
	</p>
	<p n="381">
	  <s n="424"> The representative of the Sudan made a statement. </s>
	</p>
	<p n="382">
	  <s n="425"> The Special Rapporteur on the independence of judges and lawyers made a presentation and engaged in a dialogue with the delegations of Egypt, Chile, Ecuador, Finland (on behalf of the European Union), Argentina, Brazil, Guinea Bissau, Guatemala, Iraq, Japan, El Salvador, Cuba and Colombia. </s>
	</p>
	<p n="383">
	  <s n="426"> Organization of work </s>
	</p>
	<p n="384">
	  <s n="427"> The Secretary made a statement. </s>
	</p>
	<p n="385">
	  <s n="428"> Fifth Committee </s>
	</p>
	<p n="386">
	  <s n="429"> 9th meeting Integrated and coordinated implementation of and follow-up to the outcomes of the major United Nations conferences and summits in the economic, social and related fields </s>
	</p>
	<p n="387">
	  <s n="430"> Follow-up to the Millennium Summit </s>
	</p>
	<p n="388">
	  <s n="431"> Review of the efficiency of the administrative and financial functioning of the United Nations </s>
	</p>
	<p n="389">
	  <s n="432"> Programme budget for the biennium 2006-2007 </s>
	</p>
	<p n="390">
	  <s n="433"> Scale of assessments for the apportionment of the expenses of the United Nations </s>
	</p>
	<p n="391">
	  <s n="434"> Human resources management </s>
	</p>
	<p n="392">
	  <s n="435"> Joint Inspection Unit </s>
	</p>
	<p n="393">
	  <s n="436"> Administrative and budgetary aspects of the financing of the United Nations peacekeeping operations </s>
	</p>
	<p n="394">
	  <s n="437"> United Nations reform: measures and proposals </s>
	</p>
	<p n="395">
	  <s n="438"> The Committee began its consideration of these agenda items. </s>
	</p>
	<p n="396">
	  <s n="439"> Investing in the United Nations: for a stronger Organization worldwide: detailed report: procurement reform (A/60/846/Add.5 and A/60/904) </s>
	</p>
	<p n="397">
	  <s n="440"> Report of the Joint Inspection Unit on procurement practices within the United Nations system </s>
	</p>
	<p n="398">
	  <s n="441"> Inspector Muhammad Yussuf of the Joint Inspection Unit introduced the report of the Unit (A/59/721) via videoconferencing. </s>
	</p>
	<p n="399">
	  <s n="442"> The Senior Adviser on Information Management Policy Coordination of the Secretariat of the United Nations Chief Executives Board for Coordination introduced the related comments of the Secretary-General and those of the United Nations System Chief Executives Board for Coordination (A/59/721/Add.1). </s>
	</p>
	<p n="400">
	  <s n="443"> Statements were made by the representatives of South Africa (on behalf of the Group of 77 and China), Finland (on behalf of the European Union; the acceding countries Bulgaria and Romania; the candidate countries Turkey, Croatia and The former Yugoslav Republic of Macedonia; the countries of the Stabilization and Association Process and potential candidates Bosnia and Herzegovina and Montenegro; the EFTA countries Iceland, Liechtenstein and Norway, members of the European Economic Area, as well as Ukraine and Moldova, which aligned themselves with the statement), Guyana (on behalf of the Rio Group), New Zealand (on behalf of Australia, Canada and New Zealand), Viet Nam, Brazil, Argentina, Saudi Arabia, Pakistan, the Republic of Korea, the United States, Japan, Singapore, the Sudan, the Islamic Republic of Iran, Nigeria and the Russian Federation. </s>
	</p>
	<p n="401">
	  <s n="444"> The Inspector of the Joint Inspection Unit and the Controller replied to questions raised. </s>
	</p>
	<p n="402">
	  <s n="445"> The Chairman informed the Committee that informal consultations on this question would begin on Wednesday, 25 October, following the adjournment of the formal meeting in Conference Room 5, under the chairmanship of Mr. Klaus de Rijk (Netherlands). </s>
	</p>
	<p n="403">
	  <s n="446"> Sixth Committee </s>
	</p>
	<p n="404">
	  <s n="447"> 9th meeting Report of the International law Commission on the work of its fifty-eighth session </s>
	</p>
	<p n="405">
	  <s n="448"> The Committee began its consideration of agenda item 78. </s>
	</p>
	<p n="406">
	  <s n="449"> The Chairman of the International Law Commission made a statement introducing Chapters I to V and XIII of the report of the Commission. </s>
	</p>
	<p n="407">
	  <s n="450"> Statements were made by the representatives of China, the Netherlands, Italy and Austria. </s>
	</p>
	<p n="408">
	  <s n="451"> Signatures, Ratifications, etc. </s>
	</p>
	<p n="409">
	  <s n="452"> [Multilateral Treaties Deposited with the Secretary-General] </s>
	</p>
	<p n="410">
	  <s n="453"> United Nations Convention against Corruption. </s>
	  <s n="454"> New York, 31 October 2003 </s>
	</p>
	<p n="411">
	  <s n="455"> Notification under article 6 (3): Ecuador (23 October 2006)1 </s>
	</p>
	<p n="412">
	  <s n="456"> Treaty event </s>
	</p>
	<p n="413">
	  <s n="457"> Intergovernmental Agreement on the Trans-Asian Railway Network Jakarta, 12 April 2006 </s>
	</p>
	<p n="414">
	  <s n="458"> Opening for signature </s>
	</p>
	<p n="415">
	  <s n="459"> The above Agreement was adopted by the Economic and Social Commission for Asia and the Pacific at its sixty-second session by resolution number 62/4 on the Intergovernmental Agreement on the Trans-Asian Railway Network, held in Jakarta, Indonesia, on 12 April 2006. </s>
	</p>
	<p n="416">
	  <s n="460"> It shall be open for signature by States, which are members of the United Nations Economic and Social Commission for Asia and the Pacific, at Busan, Republic of Korea, on 10 and 11 November 2006, during the Ministerial Conference on Transport, and thereafter at United Nations Headquarters in New York from 16 November 2006 to 31 December 2008. </s>
	</p>
	<p n="417">
	  <s n="461"> Certified true copies of the Agreement, of which the Chinese, English and Russian texts are equally authentic, will be prepared and will be transmitted to all States as soon as feasible. </s>
	</p>
	<p n="418">
	  <s n="462"> 1 Date of receipt of the relevant documents. </s>
	</p>
	<p n="419">
	  <s n="463"> The Secretary-General takes this opportunity to recall that, under the established international practice, only Heads of State, Heads of Government or Ministers for Foreign Affairs are empowered, by virtue of their functions, to sign a treaty on behalf of a State without having to produce full powers to that effect. </s>
	  <s n="464"> Other representatives wishing to sign a treaty must be in possession of appropriate full powers, which expressly authorize signature of a specified treaty by a named representative issued and signed by one of these authorities. </s>
	  <s n="465"> Full powers are distinct from credentials. </s>
	  <s n="466"> Credentials alone are not adequate for the purpose of signing a treaty. </s>
	</p>
	<p n="420">
	  <s n="467"> The Secretary-General would be obliged if States wishing to sign the Agreement could notify and, as necessary, provide copies of the required full powers in advance to the Treaty Section, Office of Legal Affairs, at United Nations Headquarters in New York (tel. </s>
	  <s n="468"> 1 (212) 963-5047; fax 1 (212) 963-3693; e-mail treaty@un.org). </s>
	</p>
	<p n="421">
	  <s n="469"> General information </s>
	</p>
	<p n="422">
	  <s n="470"> Chairmen of regional groups </s>
	</p>
	<p n="423">
	  <s n="471"> The following information regarding the chairmanship of the regional groups for the month of October 2006 has been communicated to the Secretariat: </s>
	</p>
	<p n="424">
	  <s n="472"> African States: Gambia H.E. Mr. Crispin Grey-Johnson </s>
	</p>
	<p n="425">
	  <s n="473"> Asian States: Japan H.E. Mr. Kenzo Oshima </s>
	</p>
	<p n="426">
	  <s n="474"> Eastern European States: Bosnia and Herzegovina H.E. Mr. Miloš Prica </s>
	</p>
	<p n="427">
	  <s n="475"> Latin American and Caribbean States: Ecuador H.E. Mr. Diego Cordovez </s>
	</p>
	<p n="428">
	  <s n="476"> Western European and other States: Liechtenstein H.E. Mr. Christian Wenaweser </s>
	</p>
	<p n="429">
	  <s n="477"> Daily list of documents issued at Headquarters </s>
	</p>
	<p n="430">
	  <s n="478"> With the exception of sales publications and public information material, hyperlinked official documents listed hereunder may be accessed through the Official Document System of the United Nations in the electronic version of the present Journal. </s>
	  <s n="479"> The list contains documents issued by 2 p.m. on Monday, 23 October 2006. </s>
	</p>
	<p n="431">
	  <s n="480"> Symbol Main title </s>
	</p>
	<p n="432">
	  <s n="481"> General Assembly Official Records </s>
	</p>
	<p n="433">
	  <s n="482"> Sixtieth session </s>
	</p>
	<p n="434">
	  <s n="483"> A/RES/60/121 B* Reissued for technical reasons [A C E F R S] </s>
	</p>
	<p n="435">
	  <s n="484"> General Assembly Documents </s>
	</p>
	<p n="436">
	  <s n="485"> Sixty-first session </s>
	</p>
	<p n="437">
	  <s n="486"> A/61/351 Items 67 (a) and 113 -- Promotion and protection of human rights: implementation of human rights instruments -- Follow-up to the outcome of the Millennium Summit -- Letter dated 14 September 2006 from the Permanent Representative of Liechtenstein to the United Nations addressed to the Secretary-General [A C E F R S] </s>
	</p>
	<p n="438">
	  <s n="487"> A/61/463 Item 69 -- Strengthening of the coordination of humanitarian and disaster relief assistance of the United Nations, including special economic assistance -- Safety and security of humanitarian personnel and protection of United Nations personnel -- Report of the Secretary-General [A C E F R S] </s>
	</p>
	<p n="439">
	  <s n="488"> A/61/468 Item 134 -- Financing of the United Nations Operation in Côte d&apos;Ivoire -- Revised budget for the United Nations Operation in Côte d&apos;Ivoire for the period from 1 July 2006 to 30 June 2007 -- Report of the Secretary-General [A C E F R S] </s>
	</p>
	<p n="440">
	  <s n="489"> First Committee </s>
	</p>
	<p n="441">
	  <s n="490"> A/C.1/61/L.15/Rev.1 Item 90 (y) -- General and complete disarmament: the illicit trade in small arms and light weapons in all its aspects -- 3-Power revised draft resolution [A C E F R S] </s>
	</p>
	<p n="442">
	  <s n="491"> A/C.1/61/L.17/Rev.1 Item 90 -- General and complete disarmament -- One-power revised draft resolution -- Declaration of a fourth disarmament decade [A C E F R S] </s>
	</p>
	<p n="443">
	  <s n="492"> A/C.1/61/L.48/Rev.1 Item 96 -- Comprehensive Nuclear-Test-Ban Treaty -- 68-Power revised draft resolution [A C E F R S] </s>
	</p>
	<p n="444">
	  <s n="493"> A/C.1/61/L.52* Reissued for technical reasons [A C E F R S] </s>
	</p>
	<p n="445">
	  <s n="494"> Fifth Committee </s>
	</p>
	<p n="446">
	  <s n="495"> A/C.5/61/2 Item 126 -- United Nations pension system -- Investments of the United Nations Joint Staff Pension Fund and steps and efforts undertaken to increase diversification -- Report of the Secretary-General [A C E F R S] </s>
	</p>
	<p n="447">
	  <s n="496"> Security Council Documents </s>
	</p>
	<p n="448">
	  <s n="497"> S/2006/828 Interim report of the Secretary-General on the situation in the Central African Republic subsequent to the press statement of 7 July 2006 by the President of the Council [A C E F R S] </s>
	</p>
	<p n="449">
	  <s n="498"> S/2006/833 Note by the President of the Security Council [A C E F R S] </s>
	</p>
	<p n="450">
	  <s n="499"> Convention on the Elimination of All Forms of Discrimination against Women </s>
	</p>
	<p n="451">
	  <s n="500"> Documents </s>
	</p>
	<p n="452">
	  <s n="501"> Committee on the Elimination of Discrimination against Women </s>
	</p>
	<p n="453">
	  <s n="502"> Pre-session working group </s>
	</p>
	<p n="454">
	  <s n="503"> Thirty-seventh session </s>
	</p>
	<p n="455">
	  <s n="504"> CEDAW/C/MDV/Q/3/Add.1 </s>
	</p>
	<p n="456">
	  <s n="505"> Responses to the list of issues and questions with regard to the consideration of the combined second and third periodic reports -- Maldives [A C E F R S] </s>
	</p>
	<p n="457">
	  <s n="506"> Communications to the Editor </s>
	</p>
	<p n="458">
	  <s n="507"> Material for inclusion in the Journal may be sent to Ms. Sylvie Deschênes (e-mail journal@un.org; fax 1 (212) 963-4790; room S-2370; tel. </s>
	  <s n="508"> 1 (212) 963-6776 and 963-3888). </s>
	</p>
	<p n="459">
	  <s n="509"> Office opens at 3 p.m. </s>
	</p>
	<p n="460">
	  <s n="510"> Published at Headquarters, New York, by the Department for General Assembly and Conference Management. </s>
	</p>
	</body>
</text>
</DOC>