<?xml version="1.0" encoding="UTF-8"?>
<DOC lang="English" n="N0754212" id="JOURNAL NO.2007/209" date="2007/10/30">
<text>
	<body>
	<p n="1">
	  <s n="1"> Official meetings </s>
	</p>
	<p n="2">
	  <s n="2"> Tuesday, 30 October 2007 </s>
	</p>
	<p n="3">
	  <s n="3"> General Assembly </s>
	</p>
	<p n="4">
	  <s n="4"> Sixty-second session </s>
	</p>
	<p n="5">
	  <s n="5"> Main Committees </s>
	</p>
	<p n="6">
	  <s n="6"> First Committee </s>
	</p>
	<p n="7">
	  <s n="7"> 10 a.m.-1 p.m. 21st meeting Conference Room 2 </s>
	</p>
	<p n="8">
	  <s n="8"> Conclusion of the thematic discussion on item subjects and introduction and consideration of all draft resolutions submitted under items 88 to 105 </s>
	</p>
	<p n="9">
	  <s n="9"> Action on all draft resolutions submitted under disarmament and international security agenda items (items 88 to 105): item 88 (A/62/158, A/62/158/Add.1 and A/C.1/62/L.33); item 89 (A/62/29 (Supp. </s>
	  <s n="10"> No. 29) and A/C.1/62/L.16); item 90 (A/C.1/62/L.26); item 91 (A/C.1/62/L.10); item 92 (A/C.1/62/L.51); item 93 (A/62/98, A/62/98/Add.1 and A/C.1/62/L.45); item 94 (A/62/95 (Part I), A/62/95 (Part I)/Add.1 and A/C.1/62/L.1); item 95 (A/C.1/62/L.44); item 96 (A/C.1/62/L.34); item 97 (A/61/1028 and A/C.1/62/L.47); item 98 (A/62/93, A/62/99, A/AC.268/2007/2, A/62/112, A/62/114, A/62/114/Add.1, A/62/115, A/62/115/Add.1, A/62/133, A/62/134, A/62/139, A/62/156, A/62/162, A/62/163, A/62/165, A/62/166, A/62/166/Add.1, A/62/170, A/62/170/Add.1, A/62/278 (Part I), A/62/278 (Part II)1, A/C.1/62/L.5, A/C.1/62/L.6, A/C.1/62/L.7, A/C.1/62/L.8, A/C.1/62/L.9, A/C.1/62/L.12, A/C.1/62/L.13, A/C.1/62/L.14, A/C.1/62/L.17, A/C.1/62/L.18, A/C.1/62/L.19, A/C.1/62/L.19/Rev., A/C.1/62/L.20, A/C.1/62/L.21, A/C.1/62/L.22, A/C.1/62/L.25, A/C.1/62/L.27, A/C.1/62/L.29, A/C.1/62/L.30, A/C.1/62/L.31, A/C.1/62/L.36, A/C.1/62/L.38, A/C.1/62/L.38/Rev., A/C.1/62/L.39, A/C.1/62/L.40, A/C.1/62/L.41, A/C.1/62/L.42, A/C.1/62/L.43, A/C.1/62/L.46, A/C.1/62/L. </s>
	  <s n="11"> *, A/C.1/62/L.49, A/C.1/62/L.50 and A/C.1/62/L.53); item 99 (A/62/129, A/62/130, A/62/140, A/62/153, A/62/96-S/2007/393, A/C.1/62/L.4, A/C.1/62/L.15, A/C.1/62/L.23, A/C.1/62/L.24, A/C.1/62/L.35 and A/C.1/62/L.52); item 100 (A/62/27 (Supp. </s>
	  <s n="12"> No. 27), A/62/42 (Supp. </s>
	  <s n="13"> No. 42), A/62/152, A/62/309, A/C.1/62/L.3, A/C.1/62/L.11 and A/C.1/62/L.32); item 101 (A/62/95 (Part II) and A/C.1/62/L.2); item 102; item 103 (A/62/111); item 104 (A/62/113, A/62/113/Add.1 and A/62/135); and item 105 </s>
	</p>
	<p n="10">
	  <s n="14"> [Other documents: A/C.1/62/1, A/C.1/62/2, A/C.1/62/CRP.2, A/C.1/62/CRP.3, A/C.1/62/CRP.4/Rev.1, A/C.1/62/INF.1 and A/C.1/62/INF.2] </s>
	</p>
	<p n="11">
	  <s n="15"> 3-6 p.m. 22nd meeting Conference Room 2 </s>
	</p>
	<p n="12">
	  <s n="16"> Action on all draft resolutions submitted under disarmament and international security agenda items (items 88 to 105): item 88 (A/62/158, A/62/158/Add.1 and A/C.1/62/L.33); item 89 (A/62/29 (Supp. </s>
	  <s n="17"> No. 29) and A/C.1/62/L.16); item 90 (A/C.1/62/L.26); item 91 (A/C.1/62/L.10); item 92 (A/C.1/62/L.51); item 93 (A/62/98, A/62/98/Add.1 and A/C.1/62/L.45); item 94 (A/62/95 (Part I), A/62/95 (Part I)/Add.1 and A/C.1/62/L.1); item 95 (A/C.1/62/L.44); item 96 (A/C.1/62/L.34); item 97 (A/61/1028 and A/C.1/62/L.47); item 98 (A/62/93, A/62/99, A/AC.268/2007/2, A/62/112, A/62/114, A/62/114/Add.1, A/62/115, A/62/115/Add.1, A/62/133, A/62/134, A/62/139, A/62/156, A/62/162, A/62/163, A/62/165, A/62/166, A/62/166/Add.1, A/62/170, A/62/170/Add.1, A/62/278 (Part I), A/62/278 (Part II)1, A/C.1/62/L.5, A/C.1/62/L.6, A/C.1/62/L.7, A/C.1/62/L.8, A/C.1/62/L.9, A/C.1/62/L.12, A/C.1/62/L.13, A/C.1/62/L.14, A/C.1/62/L.17, A/C.1/62/L.18, A/C.1/62/L.19, </s>
	</p>
	<p n="13">
	  <s n="18"> 1To be issued. </s>
	</p>
	<p n="14">
	  <s n="19"> A/C.1/62/L.19/Rev., A/C.1/62/L.20, A/C.1/62/L.21, A/C.1/62/L.22, A/C.1/62/L.25, A/C.1/62/L.27, A/C.1/62/L.29, A/C.1/62/L.30, A/C.1/62/L.31, A/C.1/62/L.36, A/C.1/62/L.38, A/C.1/62/L.38/Rev., A/C.1/62/L.39, A/C.1/62/L.40, A/C.1/62/L.41, A/C.1/62/L.42, A/C.1/62/L.43, A/C.1/62/L.46, A/C.1/62/L. </s>
	  <s n="20"> *, A/C.1/62/L.49, A/C.1/62/L.50 and A/C.1/62/L.53); item 99 (A/62/129, A/62/130, A/62/140, A/62/153, A/62/96-S/2007/393, A/C.1/62/L.4, A/C.1/62/L.15, A/C.1/62/L.23, A/C.1/62/L.24, A/C.1/62/L.35 and A/C.1/62/L.52); item 100 (A/62/27 (Supp. </s>
	  <s n="21"> No. 27), A/62/42 (Supp. </s>
	  <s n="22"> No. 42), A/62/152, A/62/309, A/C.1/62/L.3, A/C.1/62/L.11 and A/C.1/62/L.32); item 101 (A/62/95 (Part II) and A/C.1/62/L.2); item 102; item 103 (A/62/111); item 104 (A/62/113, A/62/113/Add.1 and A/62/135); and item 105 </s>
	</p>
	<p n="15">
	  <s n="23"> [Other documents: A/C.1/62/1, A/C.1/62/2, A/C.1/62/CRP.2, A/C.1/62/CRP.3, A/C.1/62/CRP.4/Rev.1, A/C.1/62/INF.1 and A/C.1/62/INF.2] </s>
	</p>
	<p n="16">
	  <s n="24"> Second Committee </s>
	</p>
	<p n="17">
	  <s n="25"> 10 a.m.-1 p.m. 17th meeting Conference Room 4 </s>
	</p>
	<p n="18">
	  <s n="26"> Sustainable development (A/62/343, A/62/356, A/62/486, A/C.2/62/2 and A/C.2/62/L.5) </s>
	</p>
	<p n="19">
	  <s n="27"> (a) Implementation of Agenda 21, the Programme for the Further Implementation of Agenda 21 and the outcomes of the World Summit on Sustainable Development (A/62/262 and A/62/376) </s>
	</p>
	<p n="20">
	  <s n="28"> (b) Follow-up to and implementation of the Mauritius Strategy for the Further Implementation of the Programme of Action for the Sustainable Development of Small Island Developing States (A/62/279) </s>
	</p>
	<p n="21">
	  <s n="29"> (c) International Strategy for Disaster Reduction (A/61/699-E/2007/8, A/61/699/Add.1-E/2007/8/Add.1, A/62/320, A/62/340, A/62/371 and A/62/372) </s>
	</p>
	<p n="22">
	  <s n="30"> (d) Protection of global climate for present and future generations of mankind (A/62/78-E/2007/62 and A/62/276) </s>
	</p>
	<p n="23">
	  <s n="31"> (e) Implementation of the United Nations Convention to Combat Desertification in Those Countries Experiencing Serious Drought and/or Desertification, Particularly in Africa (A/62/276 and A/C.2/62/7) </s>
	</p>
	<p n="24">
	  <s n="32"> (f) Convention on Biological Diversity (A/62/276) </s>
	</p>
	<p n="25">
	  <s n="33"> (g) Report of the Governing Council of the United Nations Environment Programme on its twenty-fourth session (A/62/25 (Supp. </s>
	  <s n="34"> No. 25)) </s>
	</p>
	<p n="26">
	  <s n="35"> (h) Sustainable mountain development (A/62/292) </s>
	</p>
	<p n="27">
	  <s n="36"> (i) Promotion of new and renewable sources of energy (A/62/208 and A/C.2/62/8) </s>
	</p>
	<p n="28">
	  <s n="37"> Continuation of general discussion </s>
	</p>
	<p n="29">
	  <s n="38"> 3-6 p.m. 18th meeting Conference Room 4 </s>
	</p>
	<p n="30">
	  <s n="39"> Sustainable development (A/62/343, A/62/356, A/62/486, A/C.2/62/2 and A/C.2/62/L.5) </s>
	</p>
	<p n="31">
	  <s n="40"> (a) Implementation of Agenda 21, the Programme for the Further Implementation of Agenda 21 and the outcomes of the World Summit on Sustainable Development (A/62/262 and A/62/376) </s>
	</p>
	<p n="32">
	  <s n="41"> (b) Follow-up to and implementation of the Mauritius Strategy for the Further Implementation of the Programme of Action for the Sustainable Development of Small Island Developing States (A/62/279) </s>
	</p>
	<p n="33">
	  <s n="42"> (c) International Strategy for Disaster Reduction (A/61/699-E/2007/8, A/61/699/Add.1-E/2007/8/Add.1, A/62/320, A/62/340, A/62/371 and A/62/372) </s>
	</p>
	<p n="34">
	  <s n="43"> (d) Protection of global climate for present and future generations of mankind (A/62/78-E/2007/62 and A/62/276) </s>
	</p>
	<p n="35">
	  <s n="44"> (e) Implementation of the United Nations Convention to Combat Desertification in Those Countries Experiencing Serious Drought and/or Desertification, Particularly in Africa (A/62/276 and A/C.2/62/7) </s>
	</p>
	<p n="36">
	  <s n="45"> (f) Convention on Biological Diversity (A/62/276) </s>
	</p>
	<p n="37">
	  <s n="46"> (g) Report of the Governing Council of the United Nations Environment Programme on its twenty-fourth session (A/62/25 (Supp. </s>
	  <s n="47"> No. 25)) </s>
	</p>
	<p n="38">
	  <s n="48"> (h) Sustainable mountain development (A/62/292) </s>
	</p>
	<p n="39">
	  <s n="49"> (i) Promotion of new and renewable sources of energy (A/62/208 and A/C.2/62/8) </s>
	</p>
	<p n="40">
	  <s n="50"> Continuation of general discussion </s>
	</p>
	<p n="41">
	  <s n="51"> Implementation of the outcome of the United Nations Conference on Human Settlements (Habitat II) and strengthening of the United Nations Human Settlements Programme (UN-Habitat) (A/62/8 (Supp. </s>
	  <s n="52"> No. 8), A/62/219, A/62/339 and E/2007/58) </s>
	</p>
	<p n="42">
	  <s n="53"> Introductory statement followed by question time </s>
	</p>
	<p n="43">
	  <s n="54"> Sustainable development (A/62/343, A/62/356, A/62/486, A/C.2/62/2 and A/C.2/62/L.5) </s>
	</p>
	<p n="44">
	  <s n="55"> (a) Implementation of Agenda 21, the Programme for the Further Implementation of Agenda 21 and the outcomes of the World Summit on Sustainable Development (A/62/262 and A/62/376) </s>
	</p>
	<p n="45">
	  <s n="56"> (b) Follow-up to and implementation of the Mauritius Strategy for the Further Implementation of the Programme of Action for the Sustainable Development of Small Island Developing States (A/62/279) </s>
	</p>
	<p n="46">
	  <s n="57"> (c) International Strategy for Disaster Reduction (A/61/699-E/2007/8, A/61/699/Add.1-E/2007/8/Add.1, A/62/320, A/62/340, A/62/371 and A/62/372) </s>
	</p>
	<p n="47">
	  <s n="58"> (d) Protection of global climate for present and future generations of mankind (A/62/78-E/2007/62 and A/62/276) </s>
	</p>
	<p n="48">
	  <s n="59"> (e) Implementation of the United Nations Convention to Combat Desertification in Those Countries Experiencing Serious Drought and/or Desertification, Particularly in Africa (A/62/276 and A/C.2/62/7) </s>
	</p>
	<p n="49">
	  <s n="60"> (f) Convention on Biological Diversity (A/62/276) </s>
	</p>
	<p n="50">
	  <s n="61"> (g) Report of the Governing Council of the United Nations Environment Programme on its twenty-fourth session (A/62/25 (Supp. </s>
	  <s n="62"> No. 25)) </s>
	</p>
	<p n="51">
	  <s n="63"> (h) Sustainable mountain development (A/62/292) </s>
	</p>
	<p n="52">
	  <s n="64"> (i) Promotion of new and renewable sources of energy (A/62/208 and A/C.2/62/8) </s>
	</p>
	<p n="53">
	  <s n="65"> Continuation and conclusion of general discussion </s>
	</p>
	<p n="54">
	  <s n="66"> [Note: The list of speakers for all items allocated to the Second Committee is open. </s>
	  <s n="67"> Delegations wishing to be inscribed are requested to contact, in writing, the secretariat of the Committee (Ms. Dolores Lois (fax 1 (212) 963-5935; or e-mail lois@un.org)). </s>
	  <s n="68"> Delegations are reminded that the names of representatives, alternate representatives and advisers, should be submitted to Ms. Jennifer de Laurentis, Secretary of the Second Committee (room S-2950E; fax 1 (212) 963-5935). </s>
	  <s n="69"> Delegations wishing to reserve rooms and schedule informal “informal” consultations are requested to contact, no later than 6.30 p.m. of the day before the meeting, the secretariat of the Committee (Ms. Danielle Maillard-Lejano (tel. </s>
	  <s n="70"> 1 (917) 367-9728; or e-mail maillard-lejano@un.org)). </s>
	  <s n="71"> ] </s>
	</p>
	<p n="55">
	  <s n="72"> Third Committee </s>
	</p>
	<p n="56">
	  <s n="73"> 10 a.m.-1 p.m. 30th meeting Conference Room 1 </s>
	</p>
	<p n="57">
	  <s n="74"> 3-6 p.m. 31st meeting Conference Room 1 </s>
	</p>
	<p n="58">
	  <s n="75"> Promotion and protection of human rights (A/62/36, A/62/369 and A/62/464) </s>
	</p>
	<p n="59">
	  <s n="76"> (b) Human rights questions, including alternative approaches for improving the effective enjoyment of human rights and fundamental freedoms (A/62/183, A/62/222, A/62/254, A/62/255, A/62/287, A/62/288, A/62/293, A/62/298, A/62/317, A/62/304, A/62/207, A/62/212, A/62/214, A/62/218, A/62/225, A/62/227, A/62/265, A/62/280, A/62/286, A/62/289 and A/C.3/62/3) </s>
	</p>
	<p n="60">
	  <s n="77"> (c) Human rights situation and reports of special rapporteurs and representatives (A/62/318, A/62/213, A/62/498, A/62/223, A/62/263, A/62/264, A/62/275, A/62/313, A/62/354 and A/C.3/62/41) </s>
	</p>
	<p n="61">
	  <s n="78"> (e) Convention on the Rights of Persons with Disabilities (A/62/230) </s>
	</p>
	<p n="62">
	  <s n="79"> Continuation of general discussion </s>
	</p>
	<p n="63">
	  <s n="80"> [Note: The list of speakers for the general discussion under items allocated to the Third Committee is now open. </s>
	  <s n="81"> Delegations are kindly requested to consult the draft programme of work of the Third Committee (A/C.3/62/L.1) prior to contacting the Secretariat with their request for inscription on the list. </s>
	  <s n="82"> Requests for inscription should be sent to Ms. Nancy Beteta (fax 1 (212) 963-5935; e-mail beteta@un.org). </s>
	  <s n="83"> Delegations that have not submitted the names of their representatives, alternates and advisers are reminded to convey such information to the Secretary of the Third Committee, Mr. Moncef Khane (room S-2950D; fax 1 (212) 963-5935). </s>
	  <s n="84"> Delegations wishing to reserve rooms for informal consultations on Third Committee matters are requested to contact Ms. Danielle Maillard-Lejano (fax 1 (212) 963-5935; e-mail maillard-lejano@un.org; tel. </s>
	  <s n="85"> ] </s>
	</p>
	<p n="64">
	  <s n="86"> 1To be issued. </s>
	</p>
	<p n="65">
	  <s n="87"> Fifth Committee </s>
	</p>
	<p n="66">
	  <s n="88"> 10 a.m. 13th meeting Conference Room 3 </s>
	</p>
	<p n="67">
	  <s n="89"> Programme budget for the biennium 2008-2009 </s>
	</p>
	<p n="68">
	  <s n="90"> Development Account (A/62/123, A/62/466 and A/62/7/Add.6) </s>
	</p>
	<p n="69">
	  <s n="91"> Introduction and general discussion </s>
	</p>
	<p n="70">
	  <s n="92"> Morning1-1 p.m. Informal consultations (closed) Conference Room 5 </s>
	</p>
	<p n="71">
	  <s n="93"> Informal consultations on agenda item 128 (Programme budget for the biennium 2008-2009: Development Account (A/62/123, A/62/466 and A/62/7/Add.6)) </s>
	</p>
	<p n="72">
	  <s n="94"> 3-6 p.m. Informal consultations (closed) Conference Room 5 </s>
	</p>
	<p n="73">
	  <s n="95"> Informal consultations on agenda item 128 (Programme budget for the biennium 2008-2009: Capital master plan project (A/62/364, A/62/5 (Vol. V), A/62/281 (Part I) (paras. </s>
	  <s n="96"> 72 to 75) and A/62/490)) </s>
	</p>
	<p n="74">
	  <s n="97"> 1To be held following the adjournment of the 13th meeting of the Committee. </s>
	</p>
	<p n="75">
	  <s n="98"> Sixth Committee </s>
	</p>
	<p n="76">
	  <s n="99"> 10 a.m.-1 p.m. 19th meeting Trusteeship Council Chamber </s>
	</p>
	<p n="77">
	  <s n="100"> Report of the International Law Commission on the work of its fifty-ninth session (A/62/10) </s>
	</p>
	<p n="78">
	  <s n="101"> [Note: The list of speakers for all remaining items on the agenda of the Sixth Committee is open. </s>
	  <s n="102"> Delegations are urged to contact the secretariat of the Sixth Committee (Ms. Marianne Sooksatan, tel. </s>
	  <s n="103"> 1 (212) 963-5378; fax 1 (212) 963-1963) if they wish to be inscribed on the list. </s>
	  <s n="104"> Delegations that have not done so are kindly reminded to submit the names of their representatives, alternates and advisers to the secretariat of the Sixth Committee (room S-3460; fax 1 (212) 963-1963). </s>
	  <s n="105"> ] </s>
	</p>
	<p n="79">
	  <s n="106"> General Assembly </s>
	</p>
	<p n="80">
	  <s n="107"> Advisory Committee on Administrative and Budgetary Questions </s>
	</p>
	<p n="81">
	  <s n="108"> 10.30 a.m.-1 p.m. Closed meeting Conference Room 10 </s>
	</p>
	<p n="82">
	  <s n="109"> 3-6 p.m. Closed meeting Conference Room 10 </s>
	</p>
	<p n="83">
	  <s n="110"> International Research and Training Institute for the Advancement of Women (INSTRAW) </s>
	</p>
	<p n="84">
	  <s n="111"> Construction of additional office facilities at the Economic Commission for Africa in Addis Ababa </s>
	</p>
	<p n="85">
	  <s n="112"> Construction of additional conference facilities at the Vienna International Centre </s>
	</p>
	<p n="86">
	  <s n="113"> Executive session </s>
	</p>
	<p n="87">
	  <s n="114"> General Assembly </s>
	</p>
	<p n="88">
	  <s n="115"> Sixty-second session </s>
	</p>
	<p n="89">
	  <s n="116"> Second Committee </s>
	</p>
	<p n="90">
	  <s n="117"> Informal “informal” consultations </s>
	</p>
	<p n="91">
	  <s n="118"> Facilitator, Mr. Marcelo Suárez Salvia (Argentina), under agenda item 52 (b) (International financial system and development) </s>
	</p>
	<p n="92">
	  <s n="119"> From 10 to 11 a.m. in Conference Room 7. </s>
	</p>
	<p n="93">
	  <s n="120"> Facilitator, Mr. Selwin Hart (Barbados), under agenda item 52 (c) (External debt crisis and development) </s>
	</p>
	<p n="94">
	  <s n="121"> From 11 a.m. to 1 p.m. in Conference Room C-209B. </s>
	</p>
	<p n="95">
	  <s n="122"> Facilitator, Mr. Giza Gaspar Martins (Angola), under agenda item 52 (a) (International trade and development) </s>
	</p>
	<p n="96">
	  <s n="123"> From 3 to 4.30 p.m. in Conference Room 7. </s>
	</p>
	<p n="97">
	  <s n="124"> Informal meetings on draft proposals convened by delegations </s>
	</p>
	<p n="98">
	  <s n="125"> Tuesday, 30 October 2007 </s>
	</p>
	<p n="99">
	  <s n="126"> Informal consultations on the draft resolution entitled “Preventing the acquisition by terrorists of radioactive materials and sources” (under agenda item 98 (e)) (First Committee) (convened by the delegation of France) </s>
	</p>
	<p n="100">
	  <s n="127"> 9-9.30 a.m. Closed meeting Conference Room 4 </s>
	</p>
	<p n="101">
	  <s n="128"> Informal consultations on the draft resolution on the Office of the United Nations High Commissioner for Refugees (under agenda item 42) (Third Committee) (convened by the delegation of Denmark on behalf of the Nordic countries) </s>
	</p>
	<p n="102">
	  <s n="129"> 10 a.m.-1 p.m. Closed meeting Conference Room B </s>
	</p>
	<p n="103">
	  <s n="130"> Meeting of co-sponsors on “Towards global partnerships” (under agenda item 61) (Second Committee) (convened by the delegation of Portugal) </s>
	</p>
	<p n="104">
	  <s n="131"> 11.30 a.m.-1 p.m. Closed meeting Conference Room 7 </s>
	</p>
	<p n="105">
	  <s n="132"> Informal consultations on the draft resolution on “Strengthening of international cooperation and coordination of efforts to study, mitigate and minimize the consequences of the Chernobyl disaster” (under agenda item 71 (d)) (convened by the delegation of Ukraine) </s>
	</p>
	<p n="106">
	  <s n="133"> 1.15-2.30 p.m. Closed meeting Conference Room D </s>
	</p>
	<p n="107">
	  <s n="134"> Informal consultations on the draft resolution on a moratorium on the use of death penalty (Third Committee) (convened by the delegations of Albania, Angola, Brazil, Croatia, Gabon, Mexico, New Zealand, Philippines, Portugal (on behalf of the European Union) and Timor-Leste) </s>
	</p>
	<p n="108">
	  <s n="135"> 3-5 p.m. Closed meeting Economic and Social Council Chamber </s>
	</p>
	<p n="109">
	  <s n="136"> Informal consultations on the draft resolution on the celebration of the sixtieth anniversary of the Universal Declaration of Human Rights (under agenda item 70 (f)) (Third Committee) (convened by the delegation of Benin) </s>
	</p>
	<p n="110">
	  <s n="137"> 3-6 p.m. Closed meeting Conference Room D </s>
	</p>
	<p n="111">
	  <s n="138"> Meeting of co-sponsors on the draft resolution on the elimination of all forms of intolerance and of discrimination based on religion and belief (convened by the delegation of Portugal on behalf of the European Union) </s>
	</p>
	<p n="112">
	  <s n="139"> 3-4.30 p.m. Closed meeting Conference Room B </s>
	</p>
	<p n="113">
	  <s n="140"> Informal consultations on the draft resolution on the protection of migrants (under agenda item 70 (b)) (Third Committee) (convened by the delegation of Mexico) </s>
	</p>
	<p n="114">
	  <s n="141"> 4.30-6 p.m. Closed meeting Conference Room B </s>
	</p>
	<p n="115">
	  <s n="142"> Meeting of co-sponsors on the draft resolution on a moratorium on the use of death penalty (Third Committee) (convened by the delegations of Albania, Angola, Brazil, Croatia, Gabon, Mexico, New Zealand, Philippines, Portugal (on behalf of the European Union) and Timor-Leste) </s>
	</p>
	<p n="116">
	  <s n="143"> 5-6 p.m. Closed meeting Economic and Social Council Chamber </s>
	</p>
	<p n="117">
	  <s n="144"> Informal consultations on the draft resolution entitled “Support by the United Nations system of the efforts of governments to promote and consolidate new or restored democracies” (under agenda item 12) (convened by the delegation of Qatar) </s>
	</p>
	<p n="118">
	  <s n="145"> 5.30-6 p.m. Closed meeting Conference Room 8 </s>
	</p>
	<p n="119">
	  <s n="146"> Other meetings </s>
	</p>
	<p n="120">
	  <s n="147"> The information below is reproduced as received and does not imply any opinion or endorsement by the Secretariat of the United Nations. </s>
	</p>
	<p n="121">
	  <s n="148"> Tuesday, 30 October 2007 </s>
	</p>
	<p n="122">
	  <s n="149"> Mason Group </s>
	</p>
	<p n="123">
	  <s n="150"> 9-9.45 a.m. Closed meeting Conference Room 8 </s>
	</p>
	<p n="124">
	  <s n="151"> 2007 United Nations Disarmament Fellowship Programme </s>
	</p>
	<p n="125">
	  <s n="152"> 9 a.m.-1 p.m. Closed meeting Conference Room E </s>
	</p>
	<p n="126">
	  <s n="153"> 2-6 p.m. Closed meeting Conference Room E </s>
	</p>
	<p n="127">
	  <s n="154"> JUSCANZ Group (Third Committee experts) </s>
	</p>
	<p n="128">
	  <s n="155"> 9.15-9.45 a.m. Closed meeting Conference Room D </s>
	</p>
	<p n="129">
	  <s n="156"> African Group: Group of Experts on Economic Matters </s>
	</p>
	<p n="130">
	  <s n="157"> 10 a.m.-1 p.m. Closed meeting Conference Room C </s>
	</p>
	<p n="131">
	  <s n="158"> Group of 77 (on globalization and interdependence draft resolutions) </s>
	</p>
	<p n="132">
	  <s n="159"> 10 a.m.-1 p.m. Closed meeting Conference Room 8 </s>
	</p>
	<p n="133">
	  <s n="160"> 1.15-2.30 p.m. Closed meeting Conference Room 3 </s>
	</p>
	<p n="134">
	  <s n="161"> Group of 77 (on sustainable development draft resolutions) </s>
	</p>
	<p n="135">
	  <s n="162"> 10 a.m.-1 p.m. Closed meeting Conference Room 9 </s>
	</p>
	<p n="136">
	  <s n="163"> 3-6 p.m. Closed meeting Conference Room 3 </s>
	</p>
	<p n="137">
	  <s n="164"> Group of 77 (on Fifth Committee matters) </s>
	</p>
	<p n="138">
	  <s n="165"> 1.15-2.30 p.m. Closed meeting Conference Room 5 </s>
	</p>
	<p n="139">
	  <s n="166"> Group of 77 (Sixth Committee experts on the Administration of Justice) </s>
	</p>
	<p n="140">
	  <s n="167"> 1.15-2.30 p.m. Closed meeting Conference Room 6 </s>
	</p>
	<p n="141">
	  <s n="168"> OIC Group (at the experts level) (on Third Committee matters) </s>
	</p>
	<p n="142">
	  <s n="169"> 10 a.m.-1 p.m. Closed meeting Economic and Social Council Chamber </s>
	</p>
	<p n="143">
	  <s n="170"> UNITAR Peace and Security Series: briefing on “A humanitarian dilemma: protecting civilians and promoting justice” (organized in collaboration with the Friends of the International Criminal Court) </s>
	</p>
	<p n="144">
	  <s n="171"> 10 a.m.-1 p.m. Closed meeting Dag Hammarskjöld Library Auditorium </s>
	</p>
	<p n="145">
	  <s n="172"> Assembly of States Parties to the Rome Statute of the International Criminal Court: New York Working Group of the Bureau (organized by the Permanent Mission of Costa Rica) </s>
	</p>
	<p n="146">
	  <s n="173"> 1.15-2.30 p.m. Closed meeting Conference Room 8 </s>
	</p>
	<p n="147">
	  <s n="174"> Arab Group (at the experts level) </s>
	</p>
	<p n="148">
	  <s n="175"> 3-6 p.m. Closed meeting Conference Room 9 </s>
	</p>
	<p n="149">
	  <s n="176"> Meeting of Legal Advisers </s>
	</p>
	<p n="150">
	  <s n="177"> 3-6 p.m. Closed meeting Trusteeship Council Chamber </s>
	</p>
	<p n="151">
	  <s n="178"> Western European and Other States Group (monthly meeting) </s>
	</p>
	<p n="152">
	  <s n="179"> 3-4 p.m. Closed meeting Conference Room 8 </s>
	</p>
	<p n="153">
	  <s n="180"> Press conferences </s>
	</p>
	<p n="154">
	  <s n="181"> The schedule below is tentative; up-to-date information can be obtained at &lt;www.un.org/News/ossg/conf.htm&gt;. </s>
	</p>
	<p n="155">
	  <s n="182"> Tuesday, 30 October 2007 </s>
	</p>
	<p n="156">
	  <s n="183"> Room S-226 </s>
	</p>
	<p n="157">
	  <s n="184"> 12 noon Press briefing by the Spokesperson </s>
	</p>
	<p n="158">
	  <s n="185"> Forthcoming official meetings </s>
	</p>
	<p n="159">
	  <s n="186"> Wednesday, 31 October 2007 </s>
	</p>
	<p n="160">
	  <s n="187"> General Assembly </s>
	</p>
	<p n="161">
	  <s n="188"> Sixty-second session </s>
	</p>
	<p n="162">
	  <s n="189"> 10 a.m. 40th plenary meeting General Assembly Hall </s>
	</p>
	<p n="163">
	  <s n="190"> Sport for peace and development: report of the Secretary-General (A/62/325) [45 (a) and (b)]: joint debate </s>
	</p>
	<p n="164">
	  <s n="191"> (a) Building a peaceful and better world through sport and the Olympic ideal: draft resolution (A/62/L.2) </s>
	</p>
	<p n="165">
	  <s n="192"> 3 p.m. 41st plenary meeting General Assembly Hall </s>
	</p>
	<p n="166">
	  <s n="193"> Peace, security and reunification on the Korean peninsula : draft resolution (A/62/L.4) </s>
	</p>
	<p n="167">
	  <s n="194"> Follow-up to the outcome of the special session on children [66 (b)]: draft decision (A/62/L.8)1 </s>
	</p>
	<p n="168">
	  <s n="195"> 1To be issued. </s>
	</p>
	<p n="169">
	  <s n="196"> Main Committees </s>
	</p>
	<p n="170">
	  <s n="197"> Second Committee </s>
	</p>
	<p n="171">
	  <s n="198"> Informal “informal” consultations </s>
	</p>
	<p n="172">
	  <s n="199"> Facilitator, Mr. Marcelo Suárez Salvia (Argentina), under agenda item 52 (b) (International financial system and development) </s>
	</p>
	<p n="173">
	  <s n="200"> Wednesday, 31 October 2007, from 11 a.m. to 1 p.m. in Conference Room 7; and </s>
	</p>
	<p n="174">
	  <s n="201"> Friday, 2 November 2007, from 3 to 4.30 p.m. in Conference Room 7. </s>
	</p>
	<p n="175">
	  <s n="202"> Facilitator, Mr. Noel González Segura (Mexico), under agenda item 59 (c) (South-South cooperation for development) </s>
	</p>
	<p n="176">
	  <s n="203"> Wednesday, 31 October 2007, from 3 to 6 p.m. in conference Room 7. </s>
	</p>
	<p n="177">
	  <s n="204"> Facilitator, Mr. Selwin Hart (Barbados), under agenda item 52 (c) (External debt crisis and development) </s>
	</p>
	<p n="178">
	  <s n="205"> Thursday, 1 November 2007, from 11.30 a.m. to 1 p.m. in Conference Room 7. </s>
	</p>
	<p n="179">
	  <s n="206"> Facilitator, Mr. Thomas Gass (Switzerland), under agenda item 59 (b) (Triennial policy review of operational activities for development of the United Nations system) </s>
	</p>
	<p n="180">
	  <s n="207"> Thursday, 1 November 2007, from 3 to 6 p.m. in Conference Room 7; and </s>
	</p>
	<p n="181">
	  <s n="208"> Tuesday, 6 November 2007, from 3 to 6 p.m. in Conference Room 7. </s>
	</p>
	<p n="182">
	  <s n="209"> Facilitator, Mr. Giza Gaspar Martins (Angola), under agenda item 52 (a) (International trade and development) </s>
	</p>
	<p n="183">
	  <s n="210"> Friday, 2 November 2007, from 10 a.m. to 1 p.m. in Conference Room 7. </s>
	</p>
	<p n="184">
	  <s n="211"> Facilitator, Mr. Tri Tharyat (Indonesia), under agenda item 54 (d) (Protection of global climate for present and future of mankind) </s>
	</p>
	<p n="185">
	  <s n="212"> Friday, 2 November 2007, from 4.30 to 6 p.m. in Conference Room 7. </s>
	</p>
	<p n="186">
	  <s n="213"> Panel discussion on the UN Global Compact </s>
	</p>
	<p n="187">
	  <s n="214"> There will be a panel discussion highlighting the progress made to date of the UN Global Compact - the UN&apos;s voluntary corporate citizenship initiative, which aims to make global markets more sustainable and inclusive. </s>
	  <s n="215"> The panel discussion will take place on Thursday, 1 November 2007 from 3 to 6 p.m. in Conference Room 2. </s>
	  <s n="216"> The role of the initiative in helping to engage business in poverty reduction, including the generation of employment opportunities, and the outcomes of the UN Global Compact Leaders Summit (United Nations Office at Geneva, 5 and 6 July 2007), will also be addressed. </s>
	  <s n="217"> The panel will be chaired by H.E. Ms. Kirsti Lintonen (Finland), Chairperson of the Second Committee. </s>
	  <s n="218"> The panellists will include Mr. B. Muthuraman, Managing Director, Tata Steel, India; Mrs. Chen Ying, Deputy Director General, China Enterprise Confederation, China; Prof. José Sergio Gabrielli de Azevedo, President and CEO, Petrobras, Brazil; Mr. Toshio Arima, Director and Executive Advisor to the Board, Fuji Xerox, Japan; Mr. Bunmi Akinremi, Deputy, United Bank for Africa New York Branch, Nigeria; Mr. Talal Abu Ghazaleh, Chairman and CEO, Talal Abu-Ghazaleh Organization, Egypt; and Sir Mark Moody-Stuart, Chairman of Anglo American, United Kingdom. </s>
	</p>
	<p n="188">
	  <s n="219"> The event is organized by the UN Global Compact Office. </s>
	  <s n="220"> Members of Permanent Missions, Secretariat staff, representatives of intergovernmental and non-governmental organizations and the media are invited to attend. </s>
	  <s n="221"> For further information, please contact Ms. Ursula Wynhoven, UN Global Compact Office (tel. </s>
	</p>
	<p n="189">
	  <s n="222"> Third Committee </s>
	</p>
	<p n="190">
	  <s n="223"> Listed below is the tentative schedule (subject to change) for introductory statements by Special Rapporteurs, Special Representatives, Independent Experts and other special mechanisms who will be presenting reports to the Third Committee: </s>
	</p>
	<p n="191">
	  <s n="224"> Wednesday, 7 November 2007: </s>
	</p>
	<p n="192">
	  <s n="225"> 10 a.m. </s>
	</p>
	<p n="193">
	  <s n="226"> Mr. Doudou Diène (Special Rapporteur on contemporary forms of racism, racial discrimination, xenophobia and related intolerance); and Mr. José Gomez del Prado (Chairperson of the Working Group on the use of mercenaries as a means of violating human rights and impeding the exercise of the right of peoples to self determination) </s>
	</p>
	<p n="194">
	  <s n="227"> Fifth Committee </s>
	</p>
	<p n="195">
	  <s n="228"> The Fifth Committee will hold informal consultations (closed) on Wednesday, 31 October 2007 at 10 a.m. in Conference Room 5. </s>
	</p>
	<p n="196">
	  <s n="229"> Sixth Committee </s>
	</p>
	<p n="197">
	  <s n="230"> The Sixth Committee will hold informal consultations (closed) on Wednesday, 31 October 2007 from 1.15 to 2.30 p.m. in the Trusteeship Council Chamber, on the draft resolution under agenda item 137 (Administration of Justice at the United Nations). </s>
	</p>
	<p n="198">
	  <s n="231"> General Assembly </s>
	</p>
	<p n="199">
	  <s n="232"> Committee on Relations with the Host Country </s>
	</p>
	<p n="200">
	  <s n="233"> The 235th meeting of the Committee on Relations with the Host Country will be convened on Wednesday, 31 October 2007, at 10 a.m. in Conference Room 8. </s>
	  <s n="234"> The meeting will be open to observers. </s>
	  <s n="235"> Delegations are reminded that while any matter pertinent to the work of the Committee could be raised from the floor, they are encouraged, in accordance with the decision of the Committee adopted at its 164th meeting in March 1994, to request the formal inscription, at least 48 hours prior to the meeting, of specific items they would like to raise, keeping in mind the detailed list of topics adopted by the Committee in 1982 (see document A/50/26, par. </s>
	  <s n="236"> Delegations are further encouraged to submit to the Chairman of the Committee or to the Secretary of the Committee (room S-3420D; fax 1 (212) 963-6430) any relevant documentation or written statements in advance of the meeting. </s>
	</p>
	<p n="201">
	  <s n="237"> 2007 United Nations Pledging Conference for Development Activities </s>
	</p>
	<p n="202">
	  <s n="238"> The 2007 United Nations Pledging Conference for Development Activities will be held on Monday, 12 November 2007, from 10 a.m. to 1 p.m. in Conference Room 2. </s>
	</p>
	<p n="203">
	  <s n="239"> Delegations are requested to submit, in writing, the names of their representatives to the Pledging Conference, to the Secretary of the Conference, Ms. Sangeeta Sharma (fax 1 (212) 963-5935). </s>
	  <s n="240"> The list of speakers is open. </s>
	  <s n="241"> Delegations wishing to be inscribed are requested to contact the secretariat of the Conference (Ms. Dolores Lois (tel. </s>
	  <s n="242"> 1 (212) 963-2184; fax 1 (212) 963-5935; or e-mail lois@un.org). </s>
	</p>
	<p n="204">
	  <s n="243"> Peacebuilding Commission </s>
	</p>
	<p n="205">
	  <s n="244"> Second session </s>
	</p>
	<p n="206">
	  <s n="245"> Sierra Leone configuration </s>
	</p>
	<p n="207">
	  <s n="246"> An informal meeting (open) of the Sierra Leone configuration will be held on Wednesday, 7 November 2007, from 10 a.m. to 1 p.m. in Conference Room 6. </s>
	</p>
	<p n="208">
	  <s n="247"> Economic and Social Council </s>
	</p>
	<p n="209">
	  <s n="248"> United Nations Children&apos;s Fund </s>
	</p>
	<p n="210">
	  <s n="249"> Executive Board </s>
	</p>
	<p n="211">
	  <s n="250"> Briefing </s>
	</p>
	<p n="212">
	  <s n="251"> The UNICEF Executive Board will hold an informal briefing on the “UNICEF child protection strategy”, on Monday, 5 November 2007, from 10 a.m. to 1 p.m. in Conference Room 8. </s>
	  <s n="252"> Interested delegations are invited to attend. </s>
	</p>
	<p n="213">
	  <s n="253"> Forthcoming informal meetings on draft proposals convened by delegations </s>
	</p>
	<p n="214">
	  <s n="254"> Informal consultations on the draft resolution on the World Autism Awareness Day (under agenda item 66 (a)) (Third Committee) (convened by the delegation of Qatar) </s>
	</p>
	<p n="215">
	  <s n="255"> Wednesday, 31 October 2007, from 9 to 10 a.m. in Conference Room B. </s>
	</p>
	<p n="216">
	  <s n="256"> Meeting of co-sponsors on the draft resolution on the human rights defenders (under agenda item 70 (b)) (Third Committee) (convened by the delegation of Norway) </s>
	</p>
	<p n="217">
	  <s n="257"> Wednesday, 31 October 2007, from 10 a.m. to 1 p.m. in Conference Room B; and </s>
	</p>
	<p n="218">
	  <s n="258"> Friday, 2 November 2007, from 3 to 6 p.m. in Conference Room B. </s>
	</p>
	<p n="219">
	  <s n="259"> Informal consultations on the draft resolution on “Inadmissibility of certain practices that contribute to fuelling contemporary forms of racism, racial discrimination, xenophobia and related intolerance” (under agenda item 68 (a) (Elimination of racism and racial discrimination) (Third Committee) (convened by the delegation of the Russian Federation) </s>
	</p>
	<p n="220">
	  <s n="260"> Wednesday, 31 October 2007, from 1.15 to 2.30 p.m. in Conference room D. </s>
	</p>
	<p n="221">
	  <s n="261"> Informal consultations on the draft resolution on the right to development (under agenda item 70 (b)) (Third Committee) (convened by the delegation of Cuba (on behalf of the Non-aligned Movement)) </s>
	</p>
	<p n="222">
	  <s n="262"> Wednesday, 31 October 2007, from 1.15 to 2.30 p.m. in Conference Room C-209B; </s>
	</p>
	<p n="223">
	  <s n="263"> Thursday, 1 November 2007, from 1.15 to 2.30 p.m. in Conference Room C-209B; and </s>
	</p>
	<p n="224">
	  <s n="264"> Friday, 2 November 2007, from 1.15 to 2.30 p.m. in conference Room C-209B. </s>
	</p>
	<p n="225">
	  <s n="265"> Informal consultations on the draft resolution on the “Role of the United Nations in promoting a new global human order” (under agenda item 50) (convened by the delegation of Guyana) </s>
	</p>
	<p n="226">
	  <s n="266"> Wednesday, 31 October 2007, from 1.15 to 2.30 p.m. in the Economic and Social Council Chamber. </s>
	</p>
	<p n="227">
	  <s n="267"> Informal consultations on the draft resolution on the Convention on the Rights of Persons with Disabilities (under agenda item 70 (e)) (Third Committee) (convened by the delegations of Mexico, New Zealand and Sweden) </s>
	</p>
	<p n="228">
	  <s n="268"> Thursday, 1 November 2007, from 1.15 to 2.30 p.m. in Conference Room B. </s>
	</p>
	<p n="229">
	  <s n="269"> Informal consultations on the draft omnibus resolution on the rights of the child (under agenda item 66 (a)) (Third Committee) (convened by the delegation of Portugal (on behalf of the European Union)) </s>
	</p>
	<p n="230">
	  <s n="270"> Friday, 2 November 2007, from 10 a.m. to 1 p.m. in Conference Room B. </s>
	</p>
	<p n="231">
	  <s n="271"> Informal consultations on the draft resolution on “Cooperation between the United Nations and the Eurasian Economic Community” (under agenda item 163) (convened by the delegation of Tajikistan) </s>
	</p>
	<p n="232">
	  <s n="272"> Tuesday, 6 November 2007, from 1.15 p.m. to 2.30 p.m. in Conference Room D. </s>
	</p>
	<p n="233">
	  <s n="273"> Other forthcoming meetings </s>
	</p>
	<p n="234">
	  <s n="274"> The information below is reproduced as received and does not imply any opinion or endorsement by the Secretariat of the United Nations. </s>
	</p>
	<p n="235">
	  <s n="275"> JUSCANZ Group (Second Committee experts) </s>
	</p>
	<p n="236">
	  <s n="276"> Wednesday, 31 October 2007, from 9 to 9.45 a.m. in Conference Room 9. </s>
	</p>
	<p n="237">
	  <s n="277"> Non-Aligned Movement: Working Group on legal matters </s>
	</p>
	<p n="238">
	  <s n="278"> Wednesday, 31 October 2007, from 9 to 9.45 a.m. in Conference Room D. </s>
	</p>
	<p n="239">
	  <s n="279"> Eighth United Nations Inter-Agency Consultations (organized by the Office of the High Representative for the Least Developed Countries, Landlocked Developing Countries and Small Island Developing States (UN-OHRLLS)) </s>
	</p>
	<p n="240">
	  <s n="280"> Wednesday, 31 October 2007, from 10 a.m. to 1 p.m. in Conference Room D. </s>
	</p>
	<p n="241">
	  <s n="281"> [For further information, please contact Ms. Carol Sakubita (tel. </s>
	  <s n="282"> 1 (917) 367-5710; e-mail sakubita@un.org). </s>
	  <s n="283"> ] </s>
	</p>
	<p n="242">
	  <s n="284"> Briefing on the sub-regional workshop on the preparation of responses by the West and Central African countries to the three Security Council committees dealing with counter-terrorism (Dakar, Senegal, 25-27 September 2007) (organized by the Permanent Mission of Senegal and the United Nations Office on Drugs and Crime, in cooperation with the Counter-Terrorism Committee Executive Directorate, the Al-Qaida/Taliban Monitoring Team and the 1540 Committee expert group) </s>
	</p>
	<p n="243">
	  <s n="285"> Wednesday, 31 October 2007, from 1.15 to 2.30 p.m. in Conference Room C. </s>
	</p>
	<p n="244">
	  <s n="286"> [For further information, please contact Ms. Andrea Treso, UNODC (tel. </s>
	  <s n="287"> 1 (212) 963-7227; email treso@un.org). </s>
	  <s n="288"> ] </s>
	</p>
	<p n="245">
	  <s n="289"> Friends of the International Criminal Court (meeting with the President of the International Criminal Court) </s>
	</p>
	<p n="246">
	  <s n="290"> Friday, 2 November 2007, from 1.30 to 2.30 p.m. in Conference Room 8. </s>
	</p>
	<p n="247">
	  <s n="291"> UNITAR/OLA English-language seminar on the deposit of treaty actions with the Secretary-General and the registration of treaties </s>
	</p>
	<p n="248">
	  <s n="292"> Wednesday, 7 November 2007, from 10 a.m. to 1 p.m. and from 3 to 5.45 p.m. in Conference Room 9; and </s>
	</p>
	<p n="249">
	  <s n="293"> Thursday, 8 November 2007, from 10 a.m. to 1 p.m. and from 3 to 5 p.m. in Conference Room 9. </s>
	</p>
	<p n="250">
	  <s n="294"> [For further information, please contact Mr. Samy Saadi (e-mail saadis@un.org, or info@unitarny.org; tel. </s>
	  <s n="295"> ] </s>
	</p>
	<p n="251">
	  <s n="296"> Meeting of the Ad Hoc Open-ended Working Group on Assistance and Support to Victims of Sexual Exploitation and Abuse with European Union members (A/60/877) </s>
	</p>
	<p n="252">
	  <s n="297"> Wednesday, 7 November 2007, from 3 to 6 p.m. in Conference Room D. </s>
	</p>
	<p n="253">
	  <s n="298"> Meeting of the Ad Hoc Open-ended Working Group on Assistance and Support to Victims of Sexual Exploitation and Abuse with Rio Group members (A/60/877) </s>
	</p>
	<p n="254">
	  <s n="299"> Thursday, 8 November 2007, from 3 to 6 p.m. in Conference Room C. </s>
	</p>
	<p n="255">
	  <s n="300"> Forthcoming other activities </s>
	</p>
	<p n="256">
	  <s n="301"> The information below is reproduced as received and does not imply any opinion or endorsement by the Secretariat of the United Nations. </s>
	</p>
	<p n="257">
	  <s n="302"> Briefing by the United Nations Conference on Trade and Development on its report “Economic development in Africa - Reclaiming policy space: Domestic resource mobilization and developmental States” </s>
	</p>
	<p n="258">
	  <s n="303"> Wednesday, 31 October 2007, from 1.15 to 2.30 p.m. in Conference Room 6. </s>
	</p>
	<p n="259">
	  <s n="304"> [All are invited to attend. </s>
	  <s n="305"> ] </s>
	</p>
	<p n="260">
	  <s n="306"> DPI/NGO briefing on “The Costa Rica Project” </s>
	</p>
	<p n="261">
	  <s n="307"> Thursday, 1 November 2007, from 10 to 12 noon in the Dag Hammarskjöld Library Auditorium. </s>
	</p>
	<p n="262">
	  <s n="308"> [All are invited to attend. </s>
	  <s n="309"> For further information, please contact Ms. Robin Della Rocca, NGO Section, Department of Public Information (tel. </s>
	  <s n="310"> 1 (917) 367-8020; e-mail dellarocca@un.org). </s>
	  <s n="311"> ] </s>
	</p>
	<p n="263">
	  <s n="312"> Presentation of the “International Year of Astromomy” (sponsored by the Permanent Mission of Italy with the participation of UNESCO and the International Astronomical Union) </s>
	</p>
	<p n="264">
	  <s n="313"> Thursday, 1 November 2007, from 1.15 to 2.30 p.m. in Conference Room 6. </s>
	</p>
	<p n="265">
	  <s n="314"> [All are invited to attend. </s>
	  <s n="315"> For further information please contact the Permanent Mission of Italy (tel. </s>
	  <s n="316"> ] </s>
	</p>
	<p n="266">
	  <s n="317"> Panel discussion on “Eradicating poverty through enterprise” (organized by the Office for ECOSOC Support and Coordination, Department of Economic and Social Affairs) </s>
	</p>
	<p n="267">
	  <s n="318"> Friday, 2 November 2007, from 10 a.m. to 1 p.m. in Conference Room 4. </s>
	</p>
	<p n="268">
	  <s n="319"> [All are invited to attend. </s>
	  <s n="320"> For further information, please contact Ms. Cheryl Stafford, DESA (tel. </s>
	  <s n="321"> 1 (917) 367-3116; e-mail stafford@un.org). </s>
	  <s n="322"> ] </s>
	</p>
	<p n="269">
	  <s n="323"> Briefing by the United Nations Conference on Trade and Development on its report “World Investment Report 2007” </s>
	</p>
	<p n="270">
	  <s n="324"> Friday, 2 November 2007, from 1.15 to 2.45 p.m. in Conference Room 9. </s>
	</p>
	<p n="271">
	  <s n="325"> [All are invited to attend. </s>
	  <s n="326"> ] </s>
	</p>
	<p n="272">
	  <s n="327"> Asian-African Legal Consultative Organization (AALCO) </s>
	</p>
	<p n="273">
	  <s n="328"> Monday, 5 November 2007, at 3 p.m. in the Trusteeship Council Chamber. </s>
	</p>
	<p n="274">
	  <s n="329"> Friends of Human Security (third meeting) (organized by the Permanent Missions of Japan and Mexico, in cooperation with the Human Security Unit, Office for the Coordination of Humanitarian Affairs) </s>
	</p>
	<p n="275">
	  <s n="330"> Wednesday, 7 November 2007, from 3 to 5 p.m. in Conference Room 8. </s>
	</p>
	<p n="276">
	  <s n="331"> [All are invited to attend. </s>
	  <s n="332"> For further information, please contact Ms. Molly Belinski, Permanent Mission of Japan (e-mail molly-belinski@un-japan.org; tel. </s>
	  <s n="333"> ] </s>
	</p>
	<p n="277">
	  <s n="334"> Announcements </s>
	</p>
	<p n="278">
	  <s n="335"> Administrative Tribunal (22 October-21 November 2007) </s>
	</p>
	<p n="279">
	  <s n="336"> The Administrative Tribunal will hold meetings (closed) every day until Wednesday, 21 November 2007, from 10 a.m. to 1 p.m. and from 3 to 6 p.m., in Suite 625, DC2 Building. </s>
	</p>
	<p n="280">
	  <s n="337"> Permanent Forum on Indigenous Issues </s>
	</p>
	<p n="281">
	  <s n="338"> Member States wishing to participate in the Expert Group Meeting on Indigenous Languages (8-10 January 2008) are encouraged to inform the secretariat of their participation by Thursday, 15 November 2007. </s>
	  <s n="339"> For further information please contact Mr. Broddi Sigurdarson (tel. </s>
	  <s n="340"> 1 (917) 367-2106; e-mail sigurdarson@un.org). </s>
	</p>
	<p n="282">
	  <s n="341"> Preparations for the fifty-second session of the Commission on the Status of Women </s>
	</p>
	<p n="283">
	  <s n="342"> In preparation for the fifty-second session of the Commission on the Status of Women (25 February-7 March 2008), delegations are invited to propose names of expert panellists to participate in two panel discussions on the following themes: (a) Key policy initiatives and innovative approaches to financing for gender equality and the empowerment of women; and (b) Capacity building on gender mainstreaming in relation to financing for gender equality and the empowerment of women. </s>
	  <s n="343"> Delegations are requested to submit names indicating the panel for which the expert(s) is (are) being nominated and to provide curricula vitae outlining the specific expertise and experience of the proposed candidate in relation to the theme of the panel. </s>
	  <s n="344"> Information should be sent to the Division for the Advancement of Women (e-mail mcdougalls@un.org or selcuk@un.org; fax 1 (212) 963-3463), no later than Friday, 30 November 2007. </s>
	  <s n="345"> Further details on the panel discussions will be made available from 1 November on the DAW Web site &lt;http://www.un.org/womenwatch/daw/csw/52sess.htm#interactive&gt;. </s>
	</p>
	<p n="284">
	  <s n="346"> General Assembly List of candidates </s>
	</p>
	<p n="285">
	  <s n="347"> Delegations are kindly reminded that the list of candidates (an informal working paper) for the sixty-second session of the General Assembly and other information on elections and candidatures are available on CandiWeb at the following address: &lt;https://secln069.un.org/candiweb&gt;. </s>
	  <s n="348"> Instructions to access the Web page can be obtained by calling 1 (212) 963-2337 or via e-mail to santomauro@un.org. </s>
	</p>
	<p n="286">
	  <s n="349"> Credentials of representatives to the sixty-second session of the General Assembly </s>
	</p>
	<p n="287">
	  <s n="350"> Delegations are reminded that credentials should be issued for all representatives to the sixty-second regular session of the General Assembly, in accordance with rule 27 of the rules of procedure of the General Assembly. </s>
	  <s n="351"> Credentials should be sent to the secretariat of the Credentials Committee (room S-3420F or S-3420S; tel. </s>
	  <s n="352"> 1 (212) 963-5358 or 963-5377). </s>
	</p>
	<p n="288">
	  <s n="353"> Security Council Web site of the presidency </s>
	</p>
	<p n="289">
	  <s n="354"> The Web site of the presidency of the Security Council can be visited at &lt;www.un.org/sc/presidency.html&gt;. </s>
	</p>
	<p n="290">
	  <s n="355"> Recorded information </s>
	</p>
	<p n="291">
	  <s n="356"> Recorded information about previously unscheduled meetings and consultations of the whole of the Security Council may be obtained by calling 1 (212) 963-8530, or by clicking on “Daily Programme” on the Web site of the Security Council (&lt;www.un.org/Docs/sc&gt;). </s>
	</p>
	<p n="292">
	  <s n="357"> Prepared statements </s>
	</p>
	<p n="293">
	  <s n="358"> Speakers in the Security Council are advised that providing in advance copies of prepared statements which they intend to read out in the Council greatly facilitates the work of the Secretariat by permitting a sufficient number of copies to be distributed to all meeting participants and by assisting interpreters, verbatim reporters and press officers in maintaining the quality of the product delivered. </s>
	  <s n="359"> Both interpretations and verbatim records rely upon the statement actually delivered, but copies of texts help interpreters to correctly render details and nuances and help verbatim reporters to produce the written record more quickly. </s>
	  <s n="360"> Speakers are therefore encouraged, whenever possible, to provide copies of their statements, as early as possible in advance of delivery, to the Conference Officer in the Chamber. </s>
	</p>
	<p n="294">
	  <s n="361"> Delegations are kindly requested to make 40 copies for minimum distribution to Council members and relevant services, and 200 additional copies for general distribution in the Security Council Chamber. </s>
	</p>
	<p n="295">
	  <s n="362"> Delegations wishing to make statements available for the media are kindly requested to deliver 50 copies to the Media Documents Centre (room S-394). </s>
	</p>
	<p n="296">
	  <s n="363"> Access to back issues of the Journal of the United Nations </s>
	</p>
	<p n="297">
	  <s n="364"> Back issues of the Journal of the United Nations, in English and French, can be accessed at the following addresses: &lt;www.un.org/ga/search/journal.asp&gt; and &lt;www.un.org/french/ga/search/journal.asp&gt;. </s>
	</p>
	<p n="298">
	  <s n="365"> Summary of official meetings </s>
	</p>
	<p n="299">
	  <s n="366"> Wednesday, 24 October 2007 </s>
	</p>
	<p n="300">
	  <s n="367"> General Assembly </s>
	</p>
	<p n="301">
	  <s n="368"> Sixty-second session </s>
	</p>
	<p n="302">
	  <s n="369"> High-level Dialogue on Financing for Development </s>
	</p>
	<p n="303">
	  <s n="370"> (2nd day) </s>
	</p>
	<p n="304">
	  <s n="371"> Round table 1 “Mobilizing domestic financial resources for development” </s>
	</p>
	<p n="305">
	  <s n="372"> The Co-Chairmen, H.E. Mr. Kwadwo Baah Wiredu, Minister of Finance and Economic Planning of Ghana, and H.E. Mr. Peter Moors, Director General for Development Cooperation of Belgium, opened the meeting. </s>
	  <s n="373"> An introductory statement was made by H.E. Mr. Peter Moors. </s>
	</p>
	<p n="306">
	  <s n="374"> The lead discussant, Mr. Carlos Braga, Senior Advisor, Poverty Reduction and Economic Management, World Bank, also made an introductory statement. </s>
	</p>
	<p n="307">
	  <s n="375"> An interactive discussion ensued with the participation of the representatives of: Philippines, Grenada, Indonesia, the Russian Federation, Zambia and Egypt; as well as the representatives of the Inter-Parliamentary Union, the Organization for Economic Cooperation and Development and the International Development Law Organization; the United Nations Children&apos;s Fund and the United Nations Economic Commission for Europe; the World Savings Banks Institute, Tax Justice Network, OGH Advisors, International Presentation Association of the Sisters of the Presentation and Xen Pi Consulting. </s>
	</p>
	<p n="308">
	  <s n="376"> The lead discussant responded to comments and highlighted issues raised. </s>
	</p>
	<p n="309">
	  <s n="377"> Concluding remarks were made by the Co-Chairman, H.E. Mr. Kwadwo Baah Wiredu. </s>
	</p>
	<p n="310">
	  <s n="378"> Round table 2 “Mobilizing international resources for development: foreign direct investment and other private flows” </s>
	</p>
	<p n="311">
	  <s n="379"> The Co-Chairpersons, H.E. Ms. Hina Rabbani Khar, State Minister for Economic Affairs of Pakistan, and H.E. Mr. Láslóo Várkonyi, Secretary of State, Ministry of Foreign Affairs of Hungary, opened the meeting and made introductory statements. </s>
	</p>
	<p n="312">
	  <s n="380"> The lead discussant, Mr. Khalil Hamdani, Director, Division on Investment, Technology and Enterprise Development, United Nations Conference on Trade and Development, also made an introductory statement. </s>
	</p>
	<p n="313">
	  <s n="381"> An interactive discussion ensued with the participation of the representatives of: Botswana, Egypt, the Islamic Republic of Iran, Guinea, Indonesia, Antigua and Barbuda, Spain and Brazil; as well as the representatives of Vedanta, Investment and Financial Services, the United States Council for International Business and Akin Gump Strauss Hauer &amp; Feld LLP. </s>
	</p>
	<p n="314">
	  <s n="382"> The Co-Chairman, H.E. Mr. Láslóo Várkonyi, summarized the discussion of the round table. </s>
	</p>
	<p n="315">
	  <s n="383"> Round table 3 “International trade as an engine for development” </s>
	</p>
	<p n="316">
	  <s n="384"> The Co-Chairpersons, H.E. Ms. Ol&apos;ga Algayerová, Secretary of State, Ministry of Foreign Affairs of Slovakia, and H.E. Mrs. Patricia Orantes, Secretary for Planning and Programming of Guatemala, opened the meeting. </s>
	</p>
	<p n="317">
	  <s n="385"> The lead discussant, Ms. Valentine Rugwabiza, Deputy Director-General of the World Trade Organization, made an introductory statement. </s>
	</p>
	<p n="318">
	  <s n="386"> An interactive discussion ensued with the participation of the representatives of: Bangladesh, Egypt, Nepal, Mongolia, Sweden, United States, Paraguay, Australia and Gambia; as well as the representatives of the United Nations Conference on Trade and Development and the European Commission; and the Center of Concern and Química Suiza. </s>
	</p>
	<p n="319">
	  <s n="387"> Concluding remarks were made by the Co-Chairpersons. </s>
	</p>
	<p n="320">
	  <s n="388"> Round table 4 “Increasing international financial and technical cooperation for development” </s>
	</p>
	<p n="321">
	  <s n="389"> The Co-Chairmen, H.E. Mr. A.B. Mirza Md. </s>
	  <s n="390"> Azizul Islam, the Honourable Advisor for Finance of Bangladesh, and H.E. Ms. Marjatta Rasi, Under-Secretary of State of Finland, opened the meeting. </s>
	  <s n="391"> An introductory statement was made by H.E. Ms. Marjatta Rasi. </s>
	</p>
	<p n="322">
	  <s n="392"> The lead discussant, Mr. Jeffrey Sachs, Special Adviser to the Secretary-General on MDGs and Director, United Nations Millennium Project, United Nations Development Programme, also made an introductory statement. </s>
	</p>
	<p n="323">
	  <s n="393"> An interactive discussion ensued with the participation of the representatives of: Nigeria, New Zealand, France, Indonesia, Egypt, the Republic of Korea, Ecuador, Portugal, the Islamic Republic of Iran, Japan, Israel, Brazil and Ukraine; as well as the representatives of the Organization for Economic Cooperation and Development; the United Nations Development Programme, the International Fund for Agricultural Development (on behalf of the World Food Programme and the Food and Agriculture Organization of the United Nations) and the Economic and Social Commission for Western Asia; and Samuels Associates, the European Network on Debt and Development, Action Aid International and the EurOrient Financial Group. </s>
	</p>
	<p n="324">
	  <s n="394"> The lead discussant highlighted issues raised. </s>
	</p>
	<p n="325">
	  <s n="395"> Concluding remarks were made by the Co-Chairman, H.E. Mr. A.B. Mirza Md. </s>
	  <s n="396"> Azizul Islam. </s>
	</p>
	<p n="326">
	  <s n="397"> Round table 5 “External debt” </s>
	</p>
	<p n="327">
	  <s n="398"> The Co-Chairmen, H.E. Mr. Tjikero Tweya, Deputy Minister of Finance of Namibia, and H.E. Mr. Salvador de Lara, Director General of Regional Economic and Multilateral Bodies, Ministry of Foreign Affairs of Mexico, opened the meeting and made introductory statements. </s>
	</p>
	<p n="328">
	  <s n="399"> The lead discussant, Mr. Mark Plant, Deputy Director, Policy Development and Review Department of the International Monetary Fund, also made an introductory statement. </s>
	</p>
	<p n="329">
	  <s n="400"> An interactive discussion ensued with the participation of the representatives of: Thailand, Italy, Antigua and Barbuda, Guinea, the United States, Croatia and Indonesia; as well as the representatives of the United Nations Conference on Trade and Development and African Development Bank; and the UBUNTU Secretariat of Spain, the NGO Committee on Financing for Development of India, the United Nations Anglican Consultative Council, the Superior Council for Private Enterprise of Nicaragua and OGH Advisors. </s>
	</p>
	<p n="330">
	  <s n="401"> The Co-Chairman, H.E. Mr. Salvador de Lara, Director General of Regional Economic and Multilateral Bodies, Ministry of Foreign Affairs of Mexico, summarized the discussion of the round table. </s>
	</p>
	<p n="331">
	  <s n="402"> Round table 6 “Addressing systemic issues: enhancing the coherence and consistency of the international monetary, financial and trading systems in support of development” </s>
	</p>
	<p n="332">
	  <s n="403"> The Co-Chairmen, H.E. Mr. Eduardo Gálvez, Multilateral Policy Director, Ministry of Foreign Affairs of Chile, and H.E. Mr. Andreas Mavroyiannis, Permanent Representative of Cyprus, opened the meeting. </s>
	</p>
	<p n="333">
	  <s n="404"> The lead discussant, Mr. Jomo Kwame Sundaram, Assistant Secretary-General, Department for Economic and Social Affairs, made an introductory statement. </s>
	</p>
	<p n="334">
	  <s n="405"> An interactive discussion ensued with the participation of the representatives of: Norway, Austria, Bahamas, Barbados, Switzerland, the Netherlands, the United Republic of Tanzania, Egypt, Malaysia and the United States; as well as the observer of the Observer State of the Holy See; and the representatives of the Economic Commission for Latin America and the Caribbean and the South Centre; and the Third World Network, the United Nations Global Compact Office, New Rules for Global Finance Coalition and the Third World Institute. </s>
	</p>
	<p n="335">
	  <s n="406"> Concluding remarks were made by the Co-Chairmen. </s>
	</p>
	<p n="336">
	  <s n="407"> Monday, 29 October 2007 </s>
	</p>
	<p n="337">
	  <s n="408"> Security Council </s>
	</p>
	<p n="338">
	  <s n="409"> 5771st meeting (closed) Meeting of the Security Council with the troop-contributing countries to the United Nations Mission in the Sudan pursuant to resolution 1353 (2001), annex II, sections A and B </s>
	</p>
	<p n="339">
	  <s n="410"> The Security Council met in private. </s>
	  <s n="411"> At the close of the meeting, the following communiqué was issued by the Secretary-General in accordance with rule 55 of the provisional rules of procedure of the Council: </s>
	</p>
	<p n="340">
	  <s n="412"> “On 29 October 2007, the Security Council, pursuant to resolution 1353 (2001), annex II, sections A and B, held its 5771st meeting in private with the troop-contributing countries to the United Nations Mission in the Sudan. </s>
	</p>
	<p n="341">
	  <s n="413"> “The Security Council and the troop-contributing countries heard a briefing under rule 39 of its provisional rules of procedure by Mr. Jean-Marie Guéhenno, Under-Secretary-General for Peacekeeping Operations. </s>
	</p>
	<p n="342">
	  <s n="414"> “Members of the Council, Mr. Guéhenno and representatives of participating troop-contributing countries had an exchange of views.” </s>
	</p>
	<p n="343">
	  <s n="415"> 5772nd meeting The situation in Côte d&apos;Ivoire </s>
	</p>
	<p n="344">
	  <s n="416"> Letter dated 17 October 2007 from the Chairman of the Security Council Committee established pursuant to resolution 1572 (2004) concerning Côte d&apos;Ivoire addressed to the President of the Security Council (S/2007/611) </s>
	</p>
	<p n="345">
	  <s n="417"> The agenda was adopted without objection. </s>
	</p>
	<p n="346">
	  <s n="418"> The President, with the consent of the Council, invited the representative of Côte d&apos;Ivoire, at his request, to participate in the consideration of the item without the right to vote, in accordance with the relevant provisions of the Charter and rule 37 of the Council&apos;s provisional rules of procedure. </s>
	</p>
	<p n="347">
	  <s n="419"> The President drew attention to the text of a draft resolution contained in document S/2007/633, submitted by France. </s>
	</p>
	<p n="348">
	  <s n="420"> The Council proceeded to vote on the draft resolution (S/2007/633) before it. </s>
	</p>
	<p n="349">
	  <s n="421"> Decision: The draft resolution (S/2007/633) received 15 votes in favour, none against and no abstentions, and was adopted unanimously as resolution 1782 (2007). </s>
	</p>
	<p n="350">
	  <s n="422"> General Assembly </s>
	</p>
	<p n="351">
	  <s n="423"> Sixty-second session </s>
	</p>
	<p n="352">
	  <s n="424"> 36th plenary meeting Tribute to the memory of Mr. Rüdiger von Wechmar, President of the thirty-fifth session of the General Assembly </s>
	</p>
	<p n="353">
	  <s n="425"> The General Assembly observed a minute of silence. </s>
	</p>
	<p n="354">
	  <s n="426"> Statements were made by the representatives of Benin (on behalf of the African States), the Republic of Korea (on behalf of the Asian States), Poland (on behalf of the Eastern European States), Peru (on behalf of the Latin American and Caribbean States), Turkey (on behalf of the Western European and other States), the United States (as host country) and Germany. </s>
	</p>
	<p n="355">
	  <s n="427"> Report of the International Atomic Energy Agency : </s>
	</p>
	<p n="356">
	  <s n="428"> Note by the Secretary-General (A/62/258) </s>
	</p>
	<p n="357">
	  <s n="429"> Draft resolution (A/62/L.5) </s>
	</p>
	<p n="358">
	  <s n="430"> H.E. Mr. Mohamed Elbaradei, Director-General of the International Atomic Energy Agency, made a statement, in the course of which he presented the report of the Agency for the year 2006. </s>
	</p>
	<p n="359">
	  <s n="431"> The representative of Chile made a statement, in the course of which he introduced draft resolution A/62/L.5. </s>
	</p>
	<p n="360">
	  <s n="432"> Statements were made by the representatives of Portugal (on behalf of the European Union and those countries that aligned themselves with this statement), Uruguay (on behalf of the Southern Common Market (MERCOSUR)), Benin (on behalf of the African States), the Russian Federation, China, Cuba, Kuwait, Peru, Egypt, India, the Philippines, Indonesia and Japan. </s>
	</p>
	<p n="361">
	  <s n="433"> 37th plenary meeting Report of the International Atomic Energy Agency </s>
	</p>
	<p n="362">
	  <s n="434"> Note by the Secretary-General (A/62/258) </s>
	</p>
	<p n="363">
	  <s n="435"> Draft resolution (A/62/L.5) </s>
	</p>
	<p n="364">
	  <s n="436"> The General Assembly continued its consideration of agenda item 87. </s>
	</p>
	<p n="365">
	  <s n="437"> Statements were made by the representatives of Iceland, South Africa, the Islamic Republic of Iran, the Republic of Korea, Angola, Malaysia, Thailand, Croatia, Belarus, Pakistan, Singapore, Ukraine, Kazakhstan and the Sudan. </s>
	</p>
	<p n="366">
	  <s n="438"> The representative of the Democratic People&apos;s Republic of Korea made a statement in explanation of vote before the vote. </s>
	</p>
	<p n="367">
	  <s n="439"> The General Assembly adopted draft resolution A/62/L.5 (resolution 62/2). </s>
	</p>
	<p n="368">
	  <s n="440"> The representative of the Syrian Arab Republic made a statement in explanation of vote. </s>
	</p>
	<p n="369">
	  <s n="441"> The General Assembly decided to conclude its consideration of agenda item 87. </s>
	</p>
	<p n="370">
	  <s n="442"> Programme of work </s>
	</p>
	<p n="371">
	  <s n="443"> The General Assembly was informed of a revised programme of work, contained in document A/INF/62/4/Add.1. </s>
	</p>
	<p n="372">
	  <s n="444"> The General Assembly was further informed that sub-item (b) of agenda item 66 (Follow-up to the outcome of the special session on children) would be taken up on Wednesday afternoon, 31 October 2007, as a second item for the purpose of taking action on draft decision A/62/L.8. </s>
	</p>
	<p n="373">
	  <s n="445"> Main Committees </s>
	</p>
	<p n="374">
	  <s n="446"> First Committee </s>
	</p>
	<p n="375">
	  <s n="447"> 19th meeting The Committee continued its second stage of work, namely the “Thematic discussion on item subjects and introduction and consideration of all draft resolutions submitted under items 88 to 105”. </s>
	</p>
	<p n="376">
	  <s n="448"> The Committee continued its thematic discussion on conventional arms. </s>
	</p>
	<p n="377">
	  <s n="449"> Statements were made by the representatives of the Republic of Korea, Gabon, Sierra Leone, Canada and Mali (who, on behalf of ECOWAS, introduced the draft resolution entitled “Assistance to States for curbing the illicit traffic in small arms and light weapons and collecting them”). </s>
	</p>
	<p n="378">
	  <s n="450"> 20th meeting The Committee continued its second stage of work, namely the “Thematic discussion on item subjects and introduction and consideration of all draft resolutions submitted under items 88 to 105”. </s>
	</p>
	<p n="379">
	  <s n="451"> The Committee continued its thematic discussion on conventional arms. </s>
	</p>
	<p n="380">
	  <s n="452"> Statements were made by the representatives of Mexico, Denmark, the Sudan, Lithuania, New Zealand, Senegal, Yemen, Niger, Belgium, Norway, Guatemala (on behalf of SICA and Mexico), Eritrea, Suriname, Bolivia, Kazakhstan, China, Germany (who introduced the draft resolution entitled “Reduction of military budgets: objective information on military matters, including transparency of military expenditures”) and Pakistan (who also introduced the draft resolutions entitled “Regional disarmament”, “Conventional arms control at the regional and subregional levels”, “Confidence-Building measures in the regional and subregional context” and “Conclusion of effective international arrangements to assure non-nuclear weapon States against the use or threat of use of nuclear weapons”). </s>
	</p>
	<p n="381">
	  <s n="453"> The Chairperson made a statement on the rules of procedure for the Committee&apos;s third stage of work, namely the “Action on all draft resolutions submitted under disarmament and international security agenda items (items 88 to 105)”. </s>
	</p>
	<p n="382">
	  <s n="454"> The Committee adopted the ground rules for taking action on draft resolutions outlined by the Chairperson. </s>
	</p>
	<p n="383">
	  <s n="455"> The meeting was suspended for the ceremony of awarding of certificates to the participants in this year&apos;s United Nations Programme of Fellowships on Disarmament. </s>
	</p>
	<p n="384">
	  <s n="456"> The formal meeting was resumed. </s>
	</p>
	<p n="385">
	  <s n="457"> Special Political and Decolonization Committee (Fourth Committee) </s>
	</p>
	<p n="386">
	  <s n="458"> 12th meeting International cooperation in the peaceful uses of outer space </s>
	</p>
	<p n="387">
	  <s n="459"> General debate </s>
	</p>
	<p n="388">
	  <s n="460"> The Committee continued its general debate on the item with statements by the representatives of Israel and the Ukraine. </s>
	</p>
	<p n="389">
	  <s n="461"> The Chairman made a statement. </s>
	</p>
	<p n="390">
	  <s n="462"> Effects of atomic radiation </s>
	</p>
	<p n="391">
	  <s n="463"> The Committee heard a presentation by the Secretary of the Scientific Committee on the Effects of Atomic Radiation (UNSCEAR). </s>
	</p>
	<p n="392">
	  <s n="464"> Questions were posed by the Chair as well as the representatives of the Islamic Republic of Iran, Finland, Belarus and Nigeria. </s>
	</p>
	<p n="393">
	  <s n="465"> General debate </s>
	</p>
	<p n="394">
	  <s n="466"> The Committee began its general debate on the item with statements by the representatives of Australia, Japan, Uruguay (on behalf of MERCOSUR and its associated States Bolivia, Chile, Colombia, Ecuador and Peru), Cuba, Portugal (on behalf of the European Union; the candidate countries Turkey, Croatia and The former Yugoslav Republic of Macedonia, the EFTA countries Iceland and Norway; the countries of the Stabilization and Association Process and potential candidates Albania, Bosnia and Herzegovina, Montenegro and Serbia, as well as Ukraine, Moldova, Armenia and Georgia), Belarus, India, Myanmar, Pakistan, Iraq and the Syrian Arab Republic. </s>
	</p>
	<p n="395">
	  <s n="467"> Action on draft resolution submitted under agenda item 30 </s>
	</p>
	<p n="396">
	  <s n="468"> The Chairman made a statement. </s>
	</p>
	<p n="397">
	  <s n="469"> The representative of the Islamic Republic of Iran made a statement. </s>
	</p>
	<p n="398">
	  <s n="470"> The Committee decided to waive Rule 120 of the Rules of Procedure of the General Assembly, and proceed to take action on draft resolution A/C.4/62/L.5 on “Effects of atomic radiation”. </s>
	</p>
	<p n="399">
	  <s n="471"> The Secretary of the Committee made a statement on programme budget implications and editorial corrections to the text of the draft resolution. </s>
	</p>
	<p n="400">
	  <s n="472"> The Chairman informed the Committee of the additional co-sponsors for the draft resolution, namely the Netherlands, Pakistan, Egypt, the Czech Republic, Monaco, Greece, Turkey, Brazil, the Sudan and Slovakia. </s>
	</p>
	<p n="401">
	  <s n="473"> The representative of Pakistan made a statement. </s>
	</p>
	<p n="402">
	  <s n="474"> A statement was made by the representative of Belarus in explanation of its position before the vote. </s>
	</p>
	<p n="403">
	  <s n="475"> The Committee adopted draft resolution A/C.4/ 62/L.5 without a vote, as orally corrected. </s>
	</p>
	<p n="404">
	  <s n="476"> Organization of work </s>
	</p>
	<p n="405">
	  <s n="477"> The Chairman informed the Committee that the next meeting will be held on Wednesday, 31 October to take up agenda item 34. </s>
	</p>
	<p n="406">
	  <s n="478"> Second Committee </s>
	</p>
	<p n="407">
	  <s n="479"> 15th meeting Macroeconomic policy questions </s>
	</p>
	<p n="408">
	  <s n="480"> (a) International trade and development </s>
	</p>
	<p n="409">
	  <s n="481"> The Committee continued its consideration of the sub-item and heard statements by the representatives of the Libyan Arab Jamahiriya, Ethiopia, Kuwait, the Republic of Korea, Canada and Nepal. </s>
	</p>
	<p n="410">
	  <s n="482"> The representative of the United Nations Industrial Development Organization also made a statement. </s>
	</p>
	<p n="411">
	  <s n="483"> The Committee thus concluded its general discussion of item 52 as a whole. </s>
	</p>
	<p n="412">
	  <s n="484"> Sustainable development </s>
	</p>
	<p n="413">
	  <s n="485"> (a) Implementation of Agenda 21, the Programme for the Further Implementation of Agenda 21 and the outcomes of the World Summit on Sustainable Development </s>
	</p>
	<p n="414">
	  <s n="486"> (b) Follow-up to and implementation of the Mauritius Strategy for the Further Implementation of the Programme of Action for the Sustainable Development of Small Island Developing States </s>
	</p>
	<p n="415">
	  <s n="487"> (c) International Strategy for Disaster Reduction </s>
	</p>
	<p n="416">
	  <s n="488"> (d) Protection of global climate for present and future generations of mankind </s>
	</p>
	<p n="417">
	  <s n="489"> (e) Implementation of the United Nations Convention to Combat Desertification in Those Countries Experiencing Serious Drought and/or Desertification, Particularly in Africa </s>
	</p>
	<p n="418">
	  <s n="490"> (f) Convention on Biological Diversity </s>
	</p>
	<p n="419">
	  <s n="491"> (g) Report of the Governing Council of the United Nations Environment Programme on its twenty-fourth session </s>
	</p>
	<p n="420">
	  <s n="492"> (h) Sustainable mountain development </s>
	</p>
	<p n="421">
	  <s n="493"> (i) Promotion of new and renewable sources of energy </s>
	</p>
	<p n="422">
	  <s n="494"> The Committee began its consideration of the item and its sub-items and heard a statement by the Secretary regarding document A/C.2/62/L.5. </s>
	</p>
	<p n="423">
	  <s n="495"> Introductory statements were made by the Under-Secretary-General for Humanitarian Affairs and Emergency Relief Coordinator; the Assistant Secretary-General for Economic Development; the Executive Secretary of the United Nations Convention to Combat Desertification; the Director of the Sustainable Development Mechanisms Programme, United Nations Framework Convention on Climate Change; the Principal Officer for Social, Economic and Legal Matters, United Nations Convention on Biological Diversity; the Director, New York Office, United Nations Environment Programme; the Director, New York Office, Food and Agriculture Organization; the representative of the United Nations Educational, Scientific and Cultural Organization, New York Liaison Office; and the Inspector from the Joint Inspection Unit. </s>
	</p>
	<p n="424">
	  <s n="496"> The Committee then began its general discussion of the item and its sub-items and heard a statement by the representative of Pakistan (on behalf of the Group of 77 and China). </s>
	</p>
	<p n="425">
	  <s n="497"> Organization of work </s>
	</p>
	<p n="426">
	  <s n="498"> The Committee was reminded that the deadline for the submission of draft proposals under sub-item 52 (a) was Monday, 29 October, at 6 p.m. </s>
	</p>
	<p n="427">
	  <s n="499"> 16th meeting Sustainable development </s>
	</p>
	<p n="428">
	  <s n="500"> (a) Implementation of Agenda 21, the Programme for the Further Implementation of Agenda 21 and the outcomes of the World Summit on Sustainable Development </s>
	</p>
	<p n="429">
	  <s n="501"> (b) Follow-up to and implementation of the Mauritius Strategy for the Further Implementation of the Programme of Action for the Sustainable Development of Small Island Developing States </s>
	</p>
	<p n="430">
	  <s n="502"> (c) International Strategy for Disaster Reduction </s>
	</p>
	<p n="431">
	  <s n="503"> (d) Protection of global climate for present and future generations of mankind </s>
	</p>
	<p n="432">
	  <s n="504"> (e) Implementation of the United Nations Convention to Combat Desertification in Those Countries Experiencing Serious Drought and/or Desertification, Particularly in Africa </s>
	</p>
	<p n="433">
	  <s n="505"> (f) Convention on Biological Diversity </s>
	</p>
	<p n="434">
	  <s n="506"> (g) Report of the Governing Council of the United Nations Environment Programme on its twenty-fourth session </s>
	</p>
	<p n="435">
	  <s n="507"> (h) Sustainable mountain development </s>
	</p>
	<p n="436">
	  <s n="508"> (i) Promotion of new and renewable sources of energy </s>
	</p>
	<p n="437">
	  <s n="509"> The Committee continued its consideration of the item and its sub-items. </s>
	</p>
	<p n="438">
	  <s n="510"> A statement was made by the representative of the United Nations Environment Programme in response to a question posed by the representative of Pakistan (on behalf of the Group of 77 and China). </s>
	</p>
	<p n="439">
	  <s n="511"> The Committee continued its general discussion. </s>
	</p>
	<p n="440">
	  <s n="512"> A statement was made by the Under-Secretary-General and High Representative for the Least Developed Countries, Landlocked Developing Countries and Small Island Developing States. </s>
	</p>
	<p n="441">
	  <s n="513"> Statements were made by the representatives of Portugal (on behalf of the European Union), Belize (on behalf of the Caribbean Community), Iceland, the United States, Viet Nam, Bangladesh, the Sudan, the Russian Federation, Cuba, Benin, Namibia, Indonesia, Colombia, Switzerland, China, Malaysia and the Islamic Republic of Iran. </s>
	</p>
	<p n="442">
	  <s n="514"> A statement was made by the observer of the Holy See. </s>
	</p>
	<p n="443">
	  <s n="515"> A statement was also made by the representative of the International Fund for Agricultural Development. </s>
	</p>
	<p n="444">
	  <s n="516"> Third Committee </s>
	</p>
	<p n="445">
	  <s n="517"> 28th meeting Promotion and protection of human rights </s>
	</p>
	<p n="446">
	  <s n="518"> (b) Human rights questions, including alternative approaches for improving the effective enjoyment of human rights and fundamental freedoms </s>
	</p>
	<p n="447">
	  <s n="519"> (c) Human rights situation and reports of special rapporteurs and representatives </s>
	</p>
	<p n="448">
	  <s n="520"> (e) Convention on the Rights of Persons with Disabilities </s>
	</p>
	<p n="449">
	  <s n="521"> The Committee resumed its joint consideration of the sub-items. </s>
	</p>
	<p n="450">
	  <s n="522"> The Special Rapporteur on torture and other cruel, inhuman or degrading treatment or punishment made a presentation and engaged in a dialogue with the representatives of Sri Lanka, Portugal (on behalf of the European Union), Indonesia, the Islamic Republic of Iran, Norway, China, Nigeria, Switzerland, Finland, South Africa, Iraq, Canada, Chile and Paraguay. </s>
	</p>
	<p n="451">
	  <s n="523"> The Representative of the Secretary-General on the human rights of internally displaced persons made a presentation and engaged in a dialogue with the representatives of Portugal (on behalf of the European Union), Azerbaijan, Switzerland, the United States, the Russian Federation, Norway, Côte d&apos;Ivoire, Sri Lanka, Georgia, Iraq, the Sudan and Uganda. </s>
	</p>
	<p n="452">
	  <s n="524"> The Special Rapporteur on the promotion and protection of human rights while countering terrorism made a presentation and engaged in a dialogue with the representatives of Portugal (on behalf of the European Union), Switzerland, the Islamic Republic of Iran, Israel, Finland, Indonesia, South Africa and the United States. </s>
	</p>
	<p n="453">
	  <s n="525"> Organization of work </s>
	</p>
	<p n="454">
	  <s n="526"> A statement was made by the Chairman. </s>
	</p>
	<p n="455">
	  <s n="527"> 29th meeting Promotion and protection of human rights </s>
	</p>
	<p n="456">
	  <s n="528"> (b) Human rights questions, including alternative approaches for improving the effective enjoyment of human rights and fundamental freedoms </s>
	</p>
	<p n="457">
	  <s n="529"> (c) Human rights situation and reports of special rapporteurs and representatives </s>
	</p>
	<p n="458">
	  <s n="530"> (e) Convention on the Rights of Persons with Disabilities </s>
	</p>
	<p n="459">
	  <s n="531"> The Committee resumed its joint consideration of the sub-items. </s>
	</p>
	<p n="460">
	  <s n="532"> The Under-Secretary-General for Political Affairs made an introductory statement and engaged in a dialogue with the representatives of Myanmar, Portugal (on behalf of the European Union), Gambia, Japan and the United States. </s>
	</p>
	<p n="461">
	  <s n="533"> The Secretary made a statement. </s>
	</p>
	<p n="462">
	  <s n="534"> Social development, including questions relating to the world social situation and to youth, ageing, disabled persons and the family [62 (b)] </s>
	</p>
	<p n="463">
	  <s n="535"> Introduction of draft resolution A/C.3/62/L.7 </s>
	</p>
	<p n="464">
	  <s n="536"> The representative of Senegal introduced the draft resolution on behalf of the United Kingdom of Great Britain and Northern Ireland as well as Albania, Austria, Belgium, Bulgaria, Côte d&apos;Ivoire, Cyprus, the Czech Republic, the Democratic Republic of Congo, Estonia, Guatemala, Hungary, Ireland, Italy, Jordan, Lithuania, Luxembourg, Mali, Netherlands, Niger, Portugal, Romania, Sierra Leone, Sweden, The former Yugoslav Republic of Macedonia and Turkey </s>
	</p>
	<p n="465">
	  <s n="537"> Angola, Benin, Botswana, Cameroon, Cape Verde, Congo, Eritrea, Georgia, Guinea, Iraq, Lesotho, Malawi, Norway, Panama, Peru, Poland, San Marino, Slovakia, Swaziland, and Uganda and the United Republic of Tanzania joined in sponsoring the draft resolution. </s>
	</p>
	<p n="466">
	  <s n="538"> The representative of Finland made a statement. </s>
	</p>
	<p n="467">
	  <s n="539"> Advancement of women </s>
	</p>
	<p n="468">
	  <s n="540"> Introduction of draft resolution A/C.3/62/L.19 </s>
	</p>
	<p n="469">
	  <s n="541"> The representative of Mongolia introduced the draft resolution, also on behalf of China, Ghana, Guatemala, Mexico, Panama and The former Yugoslav Republic of Macedonia. </s>
	</p>
	<p n="470">
	  <s n="542"> Argentina, Benin, Cameroon, Congo, the Dominican Republic, Ethiopia, Guinea, Haiti, Honduras, Jamaica, Kenya, Lesotho, Malawi, Nicaragua, Nigeria, Paraguay, Senegal, Sierra Leone, Sri Lanka and Uganda joined in sponsoring the draft resolution. </s>
	</p>
	<p n="471">
	  <s n="543"> Promotion and protection of the rights of children [66 (a)] </s>
	</p>
	<p n="472">
	  <s n="544"> Introduction of draft resolution A/C.3/62/L.23 </s>
	</p>
	<p n="473">
	  <s n="545"> The representative of Zambia introduced the draft resolution, on behalf of the Southern African Development Community and Cameroon, Chile, Côte d&apos;Ivoire, Cuba, Ghana, Panama, Senegal, Switzerland and Uzbekistan. </s>
	</p>
	<p n="474">
	  <s n="546"> Andorra, Argentina, Benin, Brazil, Cape Verde, Congo, Costa Rica, Dominican Republic, Ecuador, El Salvador, Guatemala, Haiti, Honduras, Kenya, Mali, Mexico, Nicaragua, Nigeria and Paraguay joined in sponsoring the draft resolution. </s>
	</p>
	<p n="475">
	  <s n="547"> Implementation of human rights instruments [70 (a)] </s>
	</p>
	<p n="476">
	  <s n="548"> Introduction of draft resolution A/C.3/62/L.25 </s>
	</p>
	<p n="477">
	  <s n="549"> The representative of Sweden introduced the draft resolution, on behalf of the sponsors listed in the document. </s>
	</p>
	<p n="478">
	  <s n="550"> Angola, Benin, Cape Verde, Dominican Republic, Greece, Lithuania, Montenegro, Nicaragua and Ukraine joined in sponsoring the draft resolution. </s>
	</p>
	<p n="479">
	  <s n="551"> Introduction of draft resolution A/C.3/62/L.26 </s>
	</p>
	<p n="480">
	  <s n="552"> The representative of Denmark introduced the draft resolution, on behalf of the sponsors listed in the document and Albania, Greece, Italy, Panama, Paraguay, San Marino, Slovakia and Slovenia. </s>
	</p>
	<p n="481">
	  <s n="553"> Armenia, Benin, Cape Verde, Dominican Republic, Ecuador, Georgia, Lithuania, Moldova, Nicaragua and Ukraine joined in sponsoring the draft resolution. </s>
	</p>
	<p n="482">
	  <s n="554"> Introduction of document A/C.3/62/L.27 </s>
	</p>
	<p n="483">
	  <s n="555"> The representative of Belarus introduced the document, containing an amendment to draft resolution A/C.3/62/L.26. </s>
	</p>
	<p n="484">
	  <s n="556"> Celebration of the sixtieth anniversary of the Universal Declaration of Human Rights [70 (f)] </s>
	</p>
	<p n="485">
	  <s n="557"> Introduction of draft resolution A/C.3/62/L.28 </s>
	</p>
	<p n="486">
	  <s n="558"> The representative of Benin introduced the draft resolution, on behalf of the African Group of States and Argentina. </s>
	</p>
	<p n="487">
	  <s n="559"> Promotion and protection of human rights </s>
	</p>
	<p n="488">
	  <s n="560"> (b) Human rights questions, including alternative approaches for improving the effective enjoyment of human rights and fundamental freedoms </s>
	</p>
	<p n="489">
	  <s n="561"> (c) Human rights situation and reports of special rapporteurs and representatives </s>
	</p>
	<p n="490">
	  <s n="562"> (e) Convention on the Rights of Persons with Disabilities </s>
	</p>
	<p n="491">
	  <s n="563"> The Committee resumed its joint consideration of the sub-items. </s>
	</p>
	<p n="492">
	  <s n="564"> The Special Representative on the situation of human rights in the Sudan made a presentation and engaged in a dialogue with the representatives of the Sudan, Portugal (on behalf of the European Union), the United States, China, the Libyan Arab Jamahiriya, Canada, the Syrian Arab Republic, Cuba and Egypt. </s>
	</p>
	<p n="493">
	  <s n="565"> A statement was read out by the Director, New York Liaison Office of the High Commissioner for Human Rights on behalf of the Chairperson-Rapporteur of the Working Group on the Right to Development. </s>
	</p>
	<p n="494">
	  <s n="566"> Statements were made by the representatives of Cuba and Indonesia. </s>
	</p>
	<p n="495">
	  <s n="567"> Right of reply </s>
	</p>
	<p n="496">
	  <s n="568"> The representatives of Yemen, the Russian Federation, Eritrea and France made statements in the exercise of the right of reply. </s>
	</p>
	<p n="497">
	  <s n="569"> Organization of work </s>
	</p>
	<p n="498">
	  <s n="570"> The Chairman made a statement. </s>
	</p>
	<p n="499">
	  <s n="571"> Fifth Committee </s>
	</p>
	<p n="500">
	  <s n="572"> 12th meeting Programme planning </s>
	</p>
	<p n="501">
	  <s n="573"> The Committee began its consideration of this agenda item. </s>
	</p>
	<p n="502">
	  <s n="574"> The Chairman of the Committee for Programme and Coordination, Mr. Ron Adams, introduced the report of that Committee (A/62/16). </s>
	</p>
	<p n="503">
	  <s n="575"> The Director of the Programme Planning and Budget Division introduced the report of the Secretary-General (A/62/81). </s>
	</p>
	<p n="504">
	  <s n="576"> Statements were made by the representatives of Portugal (on behalf of the European Union; the candidate countries Croatia, The former Yugoslav Republic of Macedonia and Turkey; the countries of the Stabilization and Association Process and potential candidates Albania, Bosnia Herzegovina and Serbia, as well as Ukraine, Moldova, Armenia and Georgia which aligned themselves with the statement), Pakistan (on behalf of the Group of 77 and China), the United States, the Russian Federation, Belarus, India and Cuba. </s>
	</p>
	<p n="505">
	  <s n="577"> The Committee thus concluded its general discussion of this agenda item. </s>
	</p>
	<p n="506">
	  <s n="578"> The Chairman informed the Committee that informal consultations on this item would begin on that day, Monday, 29 October, following the adjournment of the formal meeting, in Conference Room 5, under the chairmanship of Mr. Felix Silvester Faison Chando (Malawi). </s>
	</p>
	<p n="507">
	  <s n="579"> Sixth Committee </s>
	</p>
	<p n="508">
	  <s n="580"> 18th meeting Report of the International Law Commission on the work of its fifty-ninth session </s>
	</p>
	<p n="509">
	  <s n="581"> The Committee commenced its consideration of agenda item 82. </s>
	</p>
	<p n="510">
	  <s n="582"> The Chairman of the International Law Commission made a statement introducing Chapters I to III, VI to VIII and X of the Report of the International Law Commission on the work of its fifty-ninth session (A/62/10). </s>
	</p>
	<p n="511">
	  <s n="583"> Statements were made by the representatives of Finland (also on behalf of the Nordic countries), Benin (on behalf of the African Group), Austria, Argentina, Egypt, China, Bulgaria, Ireland and Denmark (also on behalf of the Nordic countries). </s>
	</p>
	<p n="512">
	  <s n="584"> Signatures, Ratifications, etc. </s>
	</p>
	<p n="513">
	  <s n="585"> [Multilateral Treaties Deposited with the Secretary-General] </s>
	</p>
	<p n="514">
	  <s n="586"> International Tropical Timber Agreement, 2006. </s>
	  <s n="587"> Geneva, 27 January 2006 </s>
	</p>
	<p n="515">
	  <s n="588"> Signature: Greece (29 October 2007) </s>
	</p>
	<p n="516">
	  <s n="589"> General information </s>
	</p>
	<p n="517">
	  <s n="590"> Chairmen of regional groups </s>
	</p>
	<p n="518">
	  <s n="591"> The following information regarding the chairmanship of the regional groups for the month of October 2007 has been communicated to the Secretariat: </s>
	</p>
	<p n="519">
	  <s n="592"> African States: </s>
	</p>
	<p n="520">
	  <s n="593"> Benin </s>
	</p>
	<p n="521">
	  <s n="594"> H.E. Mr. Jean-Marie Ehouzou </s>
	</p>
	<p n="522">
	  <s n="595"> Asian States: </s>
	</p>
	<p n="523">
	  <s n="596"> Republic of Korea </s>
	</p>
	<p n="524">
	  <s n="597"> H.E. Mr. Hyun Chong Kim </s>
	</p>
	<p n="525">
	  <s n="598"> Eastern European States: </s>
	</p>
	<p n="526">
	  <s n="599"> Poland </s>
	</p>
	<p n="527">
	  <s n="600"> H.E. Mr. Andrzej Towpik </s>
	</p>
	<p n="528">
	  <s n="601"> Latin American and Caribbean States: </s>
	</p>
	<p n="529">
	  <s n="602"> Peru </s>
	</p>
	<p n="530">
	  <s n="603"> H.E. Mr. Jorge Voto-Bernales </s>
	</p>
	<p n="531">
	  <s n="604"> Western European and other States: </s>
	</p>
	<p n="532">
	  <s n="605"> Turkey H.E. Mr. Baki İlkin </s>
	</p>
	<p n="533">
	  <s n="606"> Daily list of documents issued at Headquarters </s>
	</p>
	<p n="534">
	  <s n="607"> With the exception of sales publications and public information material, hyperlinked official documents listed hereunder may be accessed through the Official Document System of the United Nations in the electronic version of the present Journal. </s>
	  <s n="608"> The list contains documents issued by 2 p.m. on Monday, 29 October 2007. </s>
	</p>
	<p n="535">
	  <s n="609"> Symbol Main title </s>
	</p>
	<p n="536">
	  <s n="610"> General Assembly Official Records </s>
	</p>
	<p n="537">
	  <s n="611"> Sixty-first session </s>
	</p>
	<p n="538">
	  <s n="612"> A/61/PV.107 Meeting held on 13 September 2007, 10 a.m. [A C E F R S] </s>
	</p>
	<p n="539">
	  <s n="613"> A/61/PV.108 Meeting held on 13 September 2007, 3 p.m. [A C E F R S] </s>
	</p>
	<p n="540">
	  <s n="614"> A/61/PV.109 Meeting held on 17 September 2007, 10 a.m. [A C E F R S] </s>
	</p>
	<p n="541">
	  <s n="615"> Sixty-second session </s>
	</p>
	<p n="542">
	  <s n="616"> A/62/PV.14 Meeting held on 2 October 2007, 10 a.m. [A C E F R S] </s>
	</p>
	<p n="543">
	  <s n="617"> General Assembly Documents </s>
	</p>
	<p n="544">
	  <s n="618"> Sixty-second session </s>
	</p>
	<p n="545">
	  <s n="619"> A/62/7/Add.6 Item 128 -- Proposed programme budget for the biennium 2008-2009 -- Development Account -- Seventh report of the Advisory Committee on Administrative and Budgetary Questions [A C E F R S] </s>
	</p>
	<p n="546">
	  <s n="620"> A/62/80/Add.1 Item 129 -- Programme planning -- Consolidated report on the changes to the biennial programme plan as reflected in the proposed programme budget for the biennium 2008-2009 -- Report of the Secretary-General -- Peacekeeping operations [A C E F R S] </s>
	</p>
	<p n="547">
	  <s n="621"> A/62/251/Add.1* Reissued for technical reasons [A C E F R S] </s>
	</p>
	<p n="548">
	  <s n="622"> A/62/343 Item 54 -- Sustainable development -- Oil slick on Lebanese shores -- Report of the Secretary-General [A C E F R S] </s>
	</p>
	<p n="549">
	  <s n="623"> A/62/494 Item 24 -- Question of the Falkland Islands (Malvinas) -- Note verbale dated 16 October 2007 from the Permanent Mission of Argentina to the United Nations addressed to the Secretary-General [A C E F R S] </s>
	</p>
	<p n="550">
	  <s n="624"> A/62/501 Items 54 (c) and 71 (a) -- Sustainable development: International Strategy for Disaster Reduction -- Strengthening of the coordination of humanitarian and disaster relief assistance of the United Nations, including special economic assistance: strengthening of the coordination of emergency humanitarian assistance of the United Nations -- Letter dated 22 October 2007 from the Permanent Representative of Nicaragua to the United Nations addressed to the Secretary-General [A C E F R S] </s>
	</p>
	<p n="551">
	  <s n="625"> A/62/L.5** Second reissue for technical reasons [A C E F R S] </s>
	</p>
	<p n="552">
	  <s n="626"> A/62/L.6 Item 49 -- Culture of peace -- Argentina, Azerbaijan, Bangladesh, Barbados, Belize, Benin, Brazil, Egypt, Eritrea, Iraq, Kenya, Kyrgyzstan, Lebanon, Madagascar, Malawi, Pakistan, Peru, Saint Lucia, Saint Vincent and the Grenadines and the former Yugoslav Republic of Macedonia: draft resolution -- International Decade for a Culture of Peace and Non-Violence for the Children of the World, 2001-2010 [A C E F R S] </s>
	</p>
	<p n="553">
	  <s n="627"> A/INF/62/4/Rev.1* Reissued for technical reasons [A C E F R S] </s>
	</p>
	<p n="554">
	  <s n="628"> Special Political and Decolonization Committee (Fourth Committee) </s>
	</p>
	<p n="555">
	  <s n="629"> A/C.4/62/L.5 Item 30 -- Effects of atomic radiation -- Argentina, Armenia, Australia, Austria, Brunei, Darussalam, Canada, China, Costa Rica, Finland, France, Germany, Guatemala, Japan, Kazakhstan, Mexico, Peru, Poland, Russian Federation, Singapore, Sweden, Switzerland, Thailand and the United Kingdom of Great Britain and Northern Ireland: draft resolution [A C E F R S] </s>
	</p>
	<p n="556">
	  <s n="630"> A/C.4/62/INF/1/Rev.1 Documents of the Special Political and Decolonization Committee (Fourth Committee) -- Note by the Secretariat [A C E F R S] </s>
	</p>
	<p n="557">
	  <s n="631"> Second Committee </s>
	</p>
	<p n="558">
	  <s n="632"> A/C.2/62/2 Item 56 -- Globalization and interdependence -- Letter dated 5 October 2007 from the Permanent Representative of Belgium to the United Nations addressed to the Secretary-General [A C E F R S] </s>
	</p>
	<p n="559">
	  <s n="633"> A/C.2/62/L.8 Item 52 (a) -- Macroeconomic policy questions: international trade and development -- Pakistan: draft resolution -- Unilateral economic measures as a means of political and economic coercion against developing countries [A C E F R S] </s>
	</p>
	<p n="560">
	  <s n="634"> Fifth Committee </s>
	</p>
	<p n="561">
	  <s n="635"> A/C.5/62/6 Item 114 (c) -- Appointments to fill vacancies in subsidiary organs and other appointments -- Confirmation of the appointment of members of the Investments Committee -- Note by the Secretary-General [A C E F R S] </s>
	</p>
	<p n="562">
	  <s n="636"> A/C.5/62/9 Item 114 (f) -- Appointments to fill vacancies in subsidiary organs -- Appointment of members of the Independent Audit Advisory Committee -- Note by the Secretary-General [A C E F R S] </s>
	</p>
	<p n="563">
	  <s n="637"> A/C.5/62/INF/1 Membership of the Fifth Committee [E F (bilingual)] </s>
	</p>
	<p n="564">
	  <s n="638"> Sixth Committee </s>
	</p>
	<p n="565">
	  <s n="639"> A/C.6/62/1/Add.1 Allocation of agenda items to the Sixth Committee -- Letter dated 22 October 2007 from the President of the General Assembly to the Chairman of the Sixth Committee [A C E F R S] </s>
	</p>
	<p n="566">
	  <s n="640"> Security Council Documents </s>
	</p>
	<p n="567">
	  <s n="641"> S/2007/627 Note by the President of the Security Council [A C E F R S] </s>
	</p>
	<p n="568">
	  <s n="642"> S/Agenda/5770 Provisional agenda [A C E F R S] </s>
	</p>
	<p n="569">
	  <s n="643"> Convention on the Elimination of all Forms of Discrimination against Women </s>
	</p>
	<p n="570">
	  <s n="644"> Official records </s>
	</p>
	<p n="571">
	  <s n="645"> Committee on the Elimination of Discrimination against Women </s>
	</p>
	<p n="572">
	  <s n="646"> Thirty-ninth session </s>
	</p>
	<p n="573">
	  <s n="647"> CEDAW/C/SR.797 (B) Meeting held on 26 July 2007, 10 a.m. [A C E F R S] </s>
	</p>
	<p n="574">
	  <s n="648"> CEDAW/C/SR.800 (A) Meeting held on 27 July 2007, 3 p.m. [A C E F R S] </s>
	</p>
	<p n="575">
	  <s n="649"> Secretariat </s>
	</p>
	<p n="576">
	  <s n="650"> ST/IC/2007/42 Information circular -- Language and communication programme at Headquarters -- 2008 [E F (only)] </s>
	</p>
	<p n="577">
	  <s n="651"> Communications to the Editor </s>
	</p>
	<p n="578">
	  <s n="652"> Material for inclusion in the Journal may be sent to Ms. Lilian Delgado (e-mail journal@un.org (cc: deschenes@un.org); fax 1 (212) 963-4790; room S-2370; tel. </s>
	  <s n="653"> 1 (212) 963-0493 and 963-3888). </s>
	</p>
	<p n="579">
	  <s n="654"> Office opens at 3 p.m. </s>
	</p>
	<p n="580">
	  <s n="655"> Published at Headquarters, New York, by the Department for General Assembly and Conference Management. </s>
	</p>
	</body>
</text>
</DOC>