<?xml version="1.0" encoding="UTF-8"?>
<DOC lang="English" n="N0271991" id="JOURNAL NO. 2002/241" date="2002/12/12">
<text>
	<body>
	<p n="1">
	  <s n="1"> Scheduled official meetings </s>
	</p>
	<p n="2">
	  <s n="2"> Thursday, 12 December 2002 </s>
	</p>
	<p n="3">
	  <s n="3"> Security Council </s>
	</p>
	<p n="4">
	  <s n="4"> 10 a.m. Consultations of the whole (closed) Consultations Room </s>
	</p>
	<p n="5">
	  <s n="5"> Bosnia and Herzegovina (S/2002/1314) </s>
	</p>
	<p n="6">
	  <s n="6"> Croatia (S/2002/1341) </s>
	</p>
	<p n="7">
	  <s n="7"> Somalia </s>
	</p>
	<p n="8">
	  <s n="8"> Other matters </s>
	</p>
	<p n="9">
	  <s n="9"> Morning1. </s>
	  <s n="10"> 4661st meeting Security Council Chamber </s>
	</p>
	<p n="10">
	  <s n="11"> Adoption of the agenda </s>
	</p>
	<p n="11">
	  <s n="12"> The situation in Bosnia and Herzegovina </s>
	</p>
	<p n="12">
	  <s n="13"> Report of the Secretary-General on the United Nations Mission in Bosnia and Herzegovina (S/2002/1314) </s>
	</p>
	<p n="13">
	  <s n="14"> Morning2. </s>
	  <s n="15"> 4662nd meeting Security Council Chamber </s>
	</p>
	<p n="14">
	  <s n="16"> Adoption of the agenda </s>
	</p>
	<p n="15">
	  <s n="17"> The situation in Croatia </s>
	</p>
	<p n="16">
	  <s n="18"> Report of the Secretary-General on the United Nations Mission of Observers in Prevlaka (S/2002/1341) </s>
	</p>
	<p n="17">
	  <s n="19"> 3.30 p.m. Consultations of the whole (closed) Consultations Room </s>
	</p>
	<p n="18">
	  <s n="20"> Burundi </s>
	</p>
	<p n="19">
	  <s n="21"> Other matters </s>
	</p>
	<p n="20">
	  <s n="22"> 1 To be held following the adjournment of the consultations of the whole. </s>
	</p>
	<p n="21">
	  <s n="23"> 2 To be held following the adjournment of the 4661st meeting. </s>
	</p>
	<p n="22">
	  <s n="24"> Security Council Committee established pursuant to resolution 1373 (2001) concerning counter-terrorism </s>
	</p>
	<p n="23">
	  <s n="25"> 3 p.m. 47th (closed) meeting Conference Room 7 </s>
	</p>
	<p n="24">
	  <s n="26"> General Assembly </s>
	</p>
	<p n="25">
	  <s n="27"> Fifty-seventh session </s>
	</p>
	<p n="26">
	  <s n="28"> 10 a.m. 74th plenary meeting General Assembly Hall </s>
	</p>
	<p n="27">
	  <s n="29"> Oceans and the law of the sea: report on the work of the United Nations Open-ended Informal Consultative Process on Oceans and the Law of the Sea at its third meeting (A/57/80) </s>
	</p>
	<p n="28">
	  <s n="30"> (a) Oceans and the law of the sea </s>
	</p>
	<p n="29">
	  <s n="31"> (i) Report of the Secretary-General (A/57/57, A/57/57/Add.1) </s>
	</p>
	<p n="30">
	  <s n="32"> (ii) Draft resolution (A/57/L.48/Rev.1) </s>
	</p>
	<p n="31">
	  <s n="33"> (b) Large-scale pelagic drift-net fishing, unauthorized fishing in zones of national jurisdiction and on the high seas/illegal, unreported and unregulated fishing, fisheries by-catch and discards, and other developments </s>
	</p>
	<p n="32">
	  <s n="34"> (i) Report of the Secretary-General (A/57/459) </s>
	</p>
	<p n="33">
	  <s n="35"> (ii) Draft resolution (A/57/L.49) </s>
	</p>
	<p n="34">
	  <s n="36"> (c) Agreement for the Implementation of the Provisions of the United Nations Convention on the Law of the Sea of 10 December 1982 relating to the Conservation and Management of Straddling Fish Stocks and Highly Migratory Fish Stock: draft resolution (A/57/L.50) </s>
	</p>
	<p n="35">
	  <s n="37"> Main Committees </s>
	</p>
	<p n="36">
	  <s n="38"> Fifth Committee </s>
	</p>
	<p n="37">
	  <s n="39"> 10 a.m. 35th meeting Conference Room 3 </s>
	</p>
	<p n="38">
	  <s n="40"> Programme budget for the biennium 2002-2003 </s>
	</p>
	<p n="39">
	  <s n="41"> Programme budget implications of draft resolution A/C.2/57/L.62: Ensuring effective support for sustained follow-up to the outcome of the International Conference on Financing for Development (A/C.5/57/32 and A/57/7/Add.24) </s>
	</p>
	<p n="40">
	  <s n="42"> Morning1−1 p.m. Informal consultations (closed) Conference Room 5 </s>
	</p>
	<p n="41">
	  <s n="43"> Informal consultations on agenda item 112 (Programme budget for the biennium 2002-2003): </s>
	</p>
	<p n="42">
	  <s n="44"> Programme budget implications of draft resolution A/C.3/57/L.16/Rev.1: Future operations of the International Research and Training Institute for the Advancement of Women (A/C.5/57/24 and A/57/7/Add.18) </s>
	</p>
	<p n="43">
	  <s n="45"> 1 Following the adjournment of the 35th meeting of the Fifth Committee. </s>
	</p>
	<p n="44">
	  <s n="46"> Programme budget implications of draft resolution A/C.3/57/L.7: Permanent Forum on Indigenous Issues (A/C.5/57/26 and A/57/7/Add.19) </s>
	</p>
	<p n="45">
	  <s n="47"> Programme budget implications of draft resolution A/C.3/57/L.70: Khmer Rouge trials (A/C.5/57/29 and A/57/7/Add.22) </s>
	</p>
	<p n="46">
	  <s n="48"> Strengthening the Terrorism Prevention Branch of the Secretariat (A/57/152, A/57/152/Corr.1 and A/57/152/Add.1 and A/57/152/Add.1/Corr.1 and A/57/152/Add.2 and A/57/7/Add.13) </s>
	</p>
	<p n="47">
	  <s n="49"> United Nations Institute for Training and Research (A/C.5/57/L.38/Rev.1, A/C.5/57/31, A/57/479 and A/57/7/Add.15) </s>
	</p>
	<p n="48">
	  <s n="50"> Programme budget implications of draft resolution A/C.2/57/L.44: Ensuring effective support for sustained follow-up to the outcome of the International Conference on Financing for Development (A/C.5/57/32 and A/57/7/Add.24) </s>
	</p>
	<p n="49">
	  <s n="51"> Revised estimates arising out of resolutions and decisions adopted by the Economic and Social Council (A/C.5/57/13 and A/C.5/57/13/Corr.1 and A/57/7/Add.12) </s>
	</p>
	<p n="50">
	  <s n="52"> First performance report (A/57/616, A/57/7/Add.16, A/57/450 and A/57/450/Corr.1 and A/57/450/Corr.2 and A/57/7/Add.9); </s>
	</p>
	<p n="51">
	  <s n="53"> Item 111 (Review of the efficiency of the administrative and financial functioning of the United Nations: Proposed programme budget outline for the biennium 2004-2005: (A/57/85, A/57/16 and A/57/636)); and </s>
	</p>
	<p n="52">
	  <s n="54"> Item 116 (Pattern of conferences (A/57/32, A/57/32/Corr.1, A/57/228, A/57/228/Add.1, A/57/228/Add.2, A/57/289, A/56/901, A/57/472, A/C.5/57/18 and A/C.5/57/21)) </s>
	</p>
	<p n="53">
	  <s n="55"> 3-6 p.m. 36th meeting Conference Room 3 </s>
	</p>
	<p n="54">
	  <s n="56"> Programme planning </s>
	</p>
	<p n="55">
	  <s n="57"> Action on draft resolution A/C.5/57/L.31 </s>
	</p>
	<p n="56">
	  <s n="58"> Scale of assessments for the apportionment of the expenses of the United Nations </s>
	</p>
	<p n="57">
	  <s n="59"> Action on draft resolution A/C.5/57/L.33 </s>
	</p>
	<p n="58">
	  <s n="60"> United Nations common system </s>
	</p>
	<p n="59">
	  <s n="61"> Action on draft resolution A/C.5/57/L.39 </s>
	</p>
	<p n="60">
	  <s n="62"> United Nations pension system </s>
	</p>
	<p n="61">
	  <s n="63"> Action on draft resolution A/C.5/57/L.34 </s>
	</p>
	<p n="62">
	  <s n="64"> Financing of the International Tribunal for the Prosecution of Persons Responsible for Serious Violations of International Humanitarian Law Committed in the Territory of the Former Yugoslavia since 1991 </s>
	</p>
	<p n="63">
	  <s n="65"> Action on draft resolution A/C.5/57/L.30 </s>
	</p>
	<p n="64">
	  <s n="66"> Financing of the International Criminal Tribunal for the Prosecution of Persons Responsible for Genocide and Other Serious Violations of International Humanitarian Law Committed in the Territory of Rwanda and Rwandan Citizens Responsible for Genocide and Other Such Violations Committed in the Territory of Neighbouring States between 1 January and 31 December 1994 </s>
	</p>
	<p n="65">
	  <s n="67"> Action on draft resolution A/C.5/57/L.35 </s>
	</p>
	<p n="66">
	  <s n="68"> Administrative and budgetary aspects of the financing of the United Nations peacekeeping operations </s>
	</p>
	<p n="67">
	  <s n="69"> Action on draft resolution A/C.5/57/L.36 </s>
	</p>
	<p n="68">
	  <s n="70"> Financing of the United Nations Mission in Sierra Leone </s>
	</p>
	<p n="69">
	  <s n="71"> Action on draft resolution A/C.5/57/L.40 </s>
	</p>
	<p n="70">
	  <s n="72"> Review of the efficiency of the administrative and financial functioning of the United Nations </s>
	</p>
	<p n="71">
	  <s n="73"> Proposed programme budget outline for the biennium 2004-2005 </s>
	</p>
	<p n="72">
	  <s n="74"> Action on draft resolution A/C.5/57/L.1 </s>
	</p>
	<p n="73">
	  <s n="75"> Pattern of conferences </s>
	</p>
	<p n="74">
	  <s n="76"> Action on draft resolution A/C.5/57/L.1 </s>
	</p>
	<p n="75">
	  <s n="77"> Programme budget for the biennium 2002-2003 </s>
	</p>
	<p n="76">
	  <s n="78"> Proposed revisions to the Financial Regulations of the United Nations </s>
	</p>
	<p n="77">
	  <s n="79"> Action on draft decision A/C.5/57/L.24/Rev.1 </s>
	</p>
	<p n="78">
	  <s n="80"> United Nations Institute for Disarmament Research </s>
	</p>
	<p n="79">
	  <s n="81"> Action on draft decision A/C.5/57/L.27 </s>
	</p>
	<p n="80">
	  <s n="82"> Capital master plan </s>
	</p>
	<p n="81">
	  <s n="83"> Action on draft resolution A/C.5/57/L.29 </s>
	</p>
	<p n="82">
	  <s n="84"> Construction of additional office facilities at the Economic Commission for Latin America and the Caribbean </s>
	</p>
	<p n="83">
	  <s n="85"> Action on draft decision A/C.5/57/L.32 </s>
	</p>
	<p n="84">
	  <s n="86"> Strengthening the Department of Public Information, within the existing capacity, in order to support and enhance the United Nations web site in all official languages of the Organization </s>
	</p>
	<p n="85">
	  <s n="87"> Action on draft decision A/C.5/57/L.37 </s>
	</p>
	<p n="86">
	  <s n="88"> United Nations Institute for Training and Research </s>
	</p>
	<p n="87">
	  <s n="89"> Action on draft resolution A/C.5/57/L.38/Rev.1 </s>
	</p>
	<p n="88">
	  <s n="90"> Estimates in respect of matters of which the Security Council is seized </s>
	</p>
	<p n="89">
	  <s n="91"> Action on draft resolution A/C.5/57/L.43 </s>
	</p>
	<p n="90">
	  <s n="92"> Programme budget implications of draft resolution A/57/L.27: United Nations Verification Mission in Guatemala </s>
	</p>
	<p n="91">
	  <s n="93"> Action on draft decision A/C.5/57/L.44, A </s>
	</p>
	<p n="92">
	  <s n="94"> Programme budget implications of draft resolution A/C.3/57/L.48: The situation of human rights in Myanmar </s>
	</p>
	<p n="93">
	  <s n="95"> Action on draft decision A/C.5/57/L.44, B </s>
	</p>
	<p n="94">
	  <s n="96"> Programme budget implications of draft resolution A/57/L.20: The situation in Central America: procedures for the establishment of a firm and lasting peace and progress in fashioning a region of peace, freedom, democracy and development </s>
	</p>
	<p n="95">
	  <s n="97"> 1 To be issued. </s>
	</p>
	<p n="96">
	  <s n="98"> Action on draft decision A/C.5/57/L.44, C </s>
	</p>
	<p n="97">
	  <s n="99"> Programme budget implications of draft resolution A/C.3/57/L.16/Rev.1: Future operations of the International Research and Training Institute for the Advancement of Women </s>
	</p>
	<p n="98">
	  <s n="100"> Action on draft decision A/C.5/57/L.1 </s>
	</p>
	<p n="99">
	  <s n="101"> Programme budget implications of draft resolution A/C.3/57/L.7: Permanent Forum on Indigenous Issues </s>
	</p>
	<p n="100">
	  <s n="102"> Action on draft decision A/C.5/57/L.1 </s>
	</p>
	<p n="101">
	  <s n="103"> Programme budget implications of draft resolution A/C.3/57/L.70: Khmer Rouge trials </s>
	</p>
	<p n="102">
	  <s n="104"> Action on draft decision A/C.5/57/L.1 </s>
	</p>
	<p n="103">
	  <s n="105"> Programme budget implications of draft resolution A/C.2/57/L.62: Ensuring effective support for sustained follow-up to the outcome of the International Conference on Financing for Development </s>
	</p>
	<p n="104">
	  <s n="106"> Action on draft decision A/C.5/57/L.1 </s>
	</p>
	<p n="105">
	  <s n="107"> First performance report </s>
	</p>
	<p n="106">
	  <s n="108"> Action on draft resolution A/C.5/57/L.1 </s>
	</p>
	<p n="107">
	  <s n="109"> Draft report of the Fifth Committee </s>
	</p>
	<p n="108">
	  <s n="110"> ` Action on draft resolution A/C.5/57/L.1 </s>
	</p>
	<p n="109">
	  <s n="111"> Review of the efficiency of the administrative and financial functioning of the United Nations </s>
	</p>
	<p n="110">
	  <s n="112"> Biennial programme of work </s>
	</p>
	<p n="111">
	  <s n="113"> Action on draft decision A/C.5/57/L.411 </s>
	</p>
	<p n="112">
	  <s n="114"> Action taken on certain items </s>
	</p>
	<p n="113">
	  <s n="115"> Action on draft decision A/C.5/57/L.421 </s>
	</p>
	<p n="114">
	  <s n="116"> Closure of the work of the Fifth Committee for the main part of the fifty-seventh session of the General Assembly </s>
	</p>
	<p n="115">
	  <s n="117"> 1 To be issued. </s>
	</p>
	<p n="116">
	  <s n="118"> General Assembly </s>
	</p>
	<p n="117">
	  <s n="119"> Fifty-seventh session </s>
	</p>
	<p n="118">
	  <s n="120"> Informal consultations on agenda item 42 (Follow-up to the outcome of the twenty-sixth special session: implementation of the Declaration of Commitment on HIV/AIDS) </s>
	</p>
	<p n="119">
	  <s n="121"> 11 a.m.−1 p.m. Closed meeting Conference Room 1 </s>
	</p>
	<p n="120">
	  <s n="122"> Informal consultations on the draft resolution under agenda item 42, chaired by H.E. Mr. Enrique Manalo (Philippines) [All interested delegations are invited to attend. </s>
	  <s n="123"> ] </s>
	</p>
	<p n="121">
	  <s n="124"> Open-ended informal consultations on the draft resolution on the information and communication technologies for development (under agenda item 32) (organized by the delegation of Pakistan, on behalf of the Group of 77 and China) </s>
	</p>
	<p n="122">
	  <s n="125"> 3−6 p.m. Closed meeting Conference Room A </s>
	</p>
	<p n="123">
	  <s n="126"> Other meetings </s>
	</p>
	<p n="124">
	  <s n="127"> The information below is reproduced as received and does not imply any opinion or endorsement by the Secretariat of the United Nations. </s>
	</p>
	<p n="125">
	  <s n="128"> Thursday, 12 December 2002 </s>
	</p>
	<p n="126">
	  <s n="129"> Caribbean Community (CARICOM) (on Second Committee matters) </s>
	</p>
	<p n="127">
	  <s n="130"> 1.15-2.45 p.m. Closed meeting Conference Room 8 </s>
	</p>
	<p n="128">
	  <s n="131"> Press conferences </s>
	</p>
	<p n="129">
	  <s n="132"> The schedule below is tentative; up-to-date information can be obtained at www.un.org/News/ossg/conf.htm. </s>
	</p>
	<p n="130">
	  <s n="133"> Thursday, 12 December 2002 </s>
	</p>
	<p n="131">
	  <s n="134"> Room S-226 </s>
	</p>
	<p n="132">
	  <s n="135"> 11.15 a.m. Launch of the International Year of Freshwater 2003 - with Mr. Nitin Desai, Under-Secretary-General, Department of Economic and Social Affairs; Mr. Alex Matthiessen, Hudson Riverkeeper; and Mr. Gourisankar Ghosh, Executive Director, Water Supply and Sanitation Collaborative Council </s>
	</p>
	<p n="133">
	  <s n="136"> 12.30 p.m1 Members of the Presidency of Bosnia and Herzegovina - Mr. Mirko Sarovic, Presiding Member; with Dr. Dragan Covic and Mr. Sulejman Tihic </s>
	</p>
	<p n="134">
	  <s n="137"> 1 Or following the adjournment of the 4661st meeting of the Security Council, in the morning. </s>
	</p>
	<p n="135">
	  <s n="138"> Forthcoming official meetings </s>
	</p>
	<p n="136">
	  <s n="139"> Friday, 13 December 2002 </s>
	</p>
	<p n="137">
	  <s n="140"> General Assembly </s>
	</p>
	<p n="138">
	  <s n="141"> Fifty-seventh session </s>
	</p>
	<p n="139">
	  <s n="142"> Open-ended informal consultations on the draft resolution on religious and cultural understanding, harmony and cooperation (A/57/L.12) (organized by the delegation of Pakistan) </s>
	</p>
	<p n="140">
	  <s n="143"> Open-ended informal consultations on the draft resolution on religious and cultural understanding, harmony and cooperation (A/57/L.12), organized by the delegation of Pakistan, will be held on Friday, 13 December 2002, from 10 a.m. to 1 p.m. in Conference Room C. </s>
	</p>
	<p n="141">
	  <s n="144"> Economic and Social Council </s>
	</p>
	<p n="142">
	  <s n="145"> Committee on Non-Governmental Organizations </s>
	</p>
	<p n="143">
	  <s n="146"> In preparation for the resumed 2002 session, the Committee on Non-Governmental Organizations will hold informal consultations (closed) on Monday, 16 December and Tuesday, 17 December, at 10 a.m. and 3 p.m., and on Wednesday, 18 December 2002, from 11 a.m. to 1 p.m. in Conference Room 1. </s>
	</p>
	<p n="144">
	  <s n="147"> The Committee will hold its resumed 2002 session from 8 to 24 January 2003 in Conference Room 4. </s>
	  <s n="148"> The agenda of the 2002 session is contained in document E/C.2/2002/1. </s>
	  <s n="149"> Members of the Committee, as well as observers, who wish to attend, are kindly requested to advise the Secretary of the Committee, Mr. Otto Gustafik, of the composition of their delegations (Room S-2950F; fax 1 (212) 963-5935). </s>
	</p>
	<p n="145">
	  <s n="150"> Executive Board of the United Nations Development Programme and of the United Nations Population Fund </s>
	</p>
	<p n="146">
	  <s n="151"> Pre-session informal consultations </s>
	</p>
	<p n="147">
	  <s n="152"> The Executive Board of UNDP and of UNFPA will hold pre-session informal consultations on all matters before the first regular session 2003 on Tuesday, 7 January 2003, from 10 to 11 a.m. in Conference Room 5. </s>
	</p>
	<p n="148">
	  <s n="153"> First regular session 2003 </s>
	</p>
	<p n="149">
	  <s n="154"> The first regular session 2003 of the Executive Board of UNDP and of UNFPA will be held from Monday, 20 January, to Friday, 24 January 2003, in Conference Room 2. </s>
	  <s n="155"> The duration and venue for the joint session of the Executive Boards of UNDP/UNFPA and of UNICEF, with the participation of WFP, will be announced as soon as the information becomes available. </s>
	</p>
	<p n="150">
	  <s n="156"> The provisional agenda, annotations, list of documents and work plan for the session are contained in document DP/2003/L.1. </s>
	  <s n="157"> Interested delegations are invited to attend. </s>
	</p>
	<p n="151">
	  <s n="158"> Delegations, as well as observers, are requested to fax their credentials to the secretariat of the Executive Board (1 (212) 906-5634) as soon as possible, but no later than Monday, 13 January 2003. </s>
	</p>
	<p n="152">
	  <s n="159"> United Nations Children&apos;s Fund </s>
	</p>
	<p n="153">
	  <s n="160"> Executive Board Pre-session briefing </s>
	</p>
	<p n="154">
	  <s n="161"> An informal pre-session information briefing on major issues before the UNICEF Executive Board at its first regular session (13 to 17 January 2003) will take place on Wednesday, 8 January 2003, from 10 a.m. to 1 p.m. in the Economic and Social Council Chamber. </s>
	  <s n="162"> The provisional annotated agenda and organization of work are contained in document E/ICEF/2003/2. </s>
	  <s n="163"> All delegations are invited to attend. </s>
	</p>
	<p n="155">
	  <s n="164"> First regular session for 2003 </s>
	</p>
	<p n="156">
	  <s n="165"> The first regular session of the UNICEF Executive Board will take place from 13 to 17 January 2003 in Conference Room 2. </s>
	  <s n="166"> The provisional annotated agenda and organization of work are contained in document E/ICEF/2003/2. </s>
	  <s n="167"> Delegations are requested to fax their credentials to the secretariat of UNICEF (fax 1 (212) 326-7096) as soon as possible, but no later than Friday, 10 January 2003. </s>
	</p>
	<p n="157">
	  <s n="168"> In accordance with rule 50 (2) of the rules of procedure and its annex, observer delegations are also requested to communicate, with their credentials, their special interest in the items of the provisional agenda on which they intend to intervene. </s>
	</p>
	<p n="158">
	  <s n="169"> Assembly of States Parties to the Rome Statute of the International Criminal Court </s>
	</p>
	<p n="159">
	  <s n="170"> The Assembly of States Parties to the Rome Statute of the International Criminal Court will resume its first session at United Nations Headquarters from 3 to 7 February and from 21 to 23 April 2003. </s>
	</p>
	<p n="160">
	  <s n="171"> Non-governmental organizations </s>
	</p>
	<p n="161">
	  <s n="172"> Pursuant to rule 93 of the rules of procedure of the Assembly of States Parties, non-governmental organizations invited to the Rome Conference, registered to the Preparatory Commission for the International Criminal Court, or having consultative status with the Economic and Social Council, whose activities are relevant to the activities of the Court and other non-governmental organizations invited by the Assembly may, through their designated representatives, inter alia, attend meetings of the Assembly. </s>
	  <s n="173"> Accordingly, non-governmental organizations eligible for accreditation may submit directly, or through the Coalition for an International Criminal Court, a written request with the names of their representatives to attend the resumed sessions of the Assembly. </s>
	  <s n="174"> These requests should be addressed to Ms. Mona Khalil, Legal Officer, Office of the Legal Counsel (room S-3420B; or fax 1 (212) 963-6430), at the latest by Wednesday, 22 January 2003. </s>
	</p>
	<p n="162">
	  <s n="175"> Other meetings </s>
	</p>
	<p n="163">
	  <s n="176"> The information below is reproduced as received and does not imply any opinion or endorsement by the Secretariat of the United Nations. </s>
	</p>
	<p n="164">
	  <s n="177"> Group of 77 (on Second Committee matters) </s>
	</p>
	<p n="165">
	  <s n="178"> There will be a meeting of the Group of 77 (on Second Committee matters) on Friday, 13 December 2002, from 10 to 11.30 a.m. in the Economic and Social Council Chamber. </s>
	</p>
	<p n="166">
	  <s n="179"> Briefing and discussion on the work of the Tajikistan Drug Control Agency </s>
	</p>
	<p n="167">
	  <s n="180"> The United Nations Office on Drugs and Crime and the Permanent Mission of Tajikistan will hold a briefing and discussion on the work of the Tajikistan Drug Control Agency on Friday, 13 December 2002, from 3 to 5 p.m. in Conference Room 1. </s>
	  <s n="181"> The principal speaker will be General Rustam Nazarov, Director of the Tajikistan Drug Control Agency. </s>
	  <s n="182"> A special guest speaker will be H.E. Mr. Talbak Nazarov, Foreign Minister of the Republic of Tajikistan. </s>
	  <s n="183"> For further information contact Ms. Lucie Hrbkova (tel. </s>
	</p>
	<p n="168">
	  <s n="184"> Announcements </s>
	</p>
	<p n="169">
	  <s n="185"> Working Group II of the Disarmament Commission </s>
	</p>
	<p n="170">
	  <s n="186"> At the informal meeting held on Wednesday, 11 December 2002, the Chairperson of Working Group II dealing with agenda item 5 (Practical confidence-building measures in the field of conventional arms) of the Disarmament Commission distributed the additional information provided by delegations on documents and meetings on existing confidence-building measures in the field of conventional arms. </s>
	  <s n="187"> Copies of the information are available at the Department of Disarmament Affairs, as well as with the Chairperson, Ms. Gabriela Martinic (Permanent Mission of Argentina (tel. </s>
	  <s n="188"> 1 (212) 688-6300, ext. </s>
	</p>
	<p n="171">
	  <s n="189"> Security Council Daily informal briefings </s>
	</p>
	<p n="172">
	  <s n="190"> As from Wednesday, 4 December 2002, and for the rest of the month, the Presidency of the Security Council will conduct informal briefings daily on the current work of the Council for Member States of the United Nations which are non-members of the Council, except on days on which no informal consultations are scheduled. </s>
	  <s n="191"> The briefings will take place immediately following the adjournment of the informal consultations in the Press Briefing Room (S-226). </s>
	</p>
	<p n="173">
	  <s n="192"> Recorded information </s>
	</p>
	<p n="174">
	  <s n="193"> Recorded information about previously unscheduled meetings and consultations of the whole of the Security Council may be obtained by calling 1 (212) 963-8530. </s>
	</p>
	<p n="175">
	  <s n="194"> Summary of meetings </s>
	</p>
	<p n="176">
	  <s n="195"> Tuesday, 10 December 2002 </s>
	</p>
	<p n="177">
	  <s n="196"> General Assembly </s>
	</p>
	<p n="178">
	  <s n="197"> Fifty-seventh session </s>
	</p>
	<p n="179">
	  <s n="198"> Main Committees </s>
	</p>
	<p n="180">
	  <s n="199"> Fifth Committee </s>
	</p>
	<p n="181">
	  <s n="200"> 32nd meeting Review of the efficiency of the administrative and financial functioning of the United Nations </s>
	</p>
	<p n="182">
	  <s n="201"> Proposed programme budget outline for the biennium 2004-2005 (A/57/85, A/57/16 and A/57/636) </s>
	</p>
	<p n="183">
	  <s n="202"> The Committee resumed its general discussion on this question and heard a statement by the representative of Japan. </s>
	</p>
	<p n="184">
	  <s n="203"> The representative of Venezuela (on behalf of the Group of 77 and China) stated that the statement of the Group would be delivered at the Committee&apos;s formal meeting the next day. </s>
	</p>
	<p n="185">
	  <s n="204"> Programme budget for the biennium 2002-2003 </s>
	</p>
	<p n="186">
	  <s n="205"> Programme budget implications of draft resolution A/C.3/57/L.16/Rev.1: Future operations of the International Research and Training Institute for the Advancement of Women (A/C.5/57/24 and A/57/7/Add.18) </s>
	</p>
	<p n="187">
	  <s n="206"> Programme budget implications of draft resolution A/C.3/57/L.7: Permanent Forum on Indigenous Issues (A/C.5/57/26 and A/57/7/Add.19) </s>
	</p>
	<p n="188">
	  <s n="207"> Programme budget implications of draft resolution A/57/L.27: United Nations Verification Mission in Guatemala (A/C.5/57/30 and A/57/7/Add.21) </s>
	</p>
	<p n="189">
	  <s n="208"> Programme budget implications of draft resolution A/C.3/57/L.48: The situation of human rights in Myanmar (A/C.5/57/27 and A/57/7/Add.23) </s>
	</p>
	<p n="190">
	  <s n="209"> Programme budget implications of draft resolution A/57/L.20: The situation in Central America: procedures for the establishment of a firm and lasting peace and progress in fashioning a region of peace, freedom, democracy and development (A/C.5/57/28 and A/57/7/Add.20) </s>
	</p>
	<p n="191">
	  <s n="210"> Programme budget implications of draft resolution A/C.3/57/L.70: Khmer Rouge trials (A/C.5/57/29 and A/57/7/Add.22) </s>
	</p>
	<p n="192">
	  <s n="211"> In the absence of speakers, the Committee concluded its general discussion on these statements of programme budget implications. </s>
	</p>
	<p n="193">
	  <s n="212"> Statements regarding the procedure to be followed on the consideration of the aforementioned statements of programme budget implications were made by the representatives of Denmark (on behalf of the European Union) and Venezuela (on behalf of the Group of 77 and China). </s>
	</p>
	<p n="194">
	  <s n="213"> The Director of the Programme Planning and Budget Division and the Chairman of the Advisory Committee on Administrative and Budgetary Questions replied to questions raised. </s>
	</p>
	<p n="195">
	  <s n="214"> Organization of work </s>
	</p>
	<p n="196">
	  <s n="215"> Statements were made by the representatives of South Africa, Venezuela (on behalf of the Group of 77 and China), Cuba, Egypt, and Denmark (on behalf of the European Union). </s>
	</p>
	<p n="197">
	  <s n="216"> The representative of the Syrian Arab Republic made a statement. </s>
	</p>
	<p n="198">
	  <s n="217"> The Chairman also made a statement. </s>
	</p>
	<p n="199">
	  <s n="218"> Wednesday, 11 December 2002 </s>
	</p>
	<p n="200">
	  <s n="219"> General Assembly </s>
	</p>
	<p n="201">
	  <s n="220"> Fifty-seventh session </s>
	</p>
	<p n="202">
	  <s n="221"> 73rd plenary meeting The summary of the 73rd meeting of the General Assembly will appear in the next issue of the Journal (No 2002/242). </s>
	</p>
	<p n="203">
	  <s n="222"> Main Committees </s>
	</p>
	<p n="204">
	  <s n="223"> Second Committee </s>
	</p>
	<p n="205">
	  <s n="224"> 43rd meeting Sustainable development and international economic cooperation </s>
	</p>
	<p n="206">
	  <s n="225"> (d) High-level dialogue on strengthening international economic cooperation for development </s>
	</p>
	<p n="207">
	  <s n="226"> Action on draft resolutions A/C.2/57/L.15 and A/C.2/57/L.82 </s>
	</p>
	<p n="208">
	  <s n="227"> The Chairman of the Committee, Mr. Marco Antonio Suazo (Honduras), introduced draft resolution A/C.2/57/L.82, which he submitted on the basis of informal consultations held on draft resolution A/C.2/57/L.15. </s>
	</p>
	<p n="209">
	  <s n="228"> The Committee adopted the draft resolution A/C.2/57/L.82. </s>
	</p>
	<p n="210">
	  <s n="229"> In light of the adoption of draft resolution A/C.2/57/L.82, draft resolution A/C.2/57/L.15 was withdrawn by its sponsors. </s>
	</p>
	<p n="211">
	  <s n="230"> Documentation submitted under-sub item 86 (d) (Sustainable development and international economic cooperation: High-level dialogue on strengthening international economic cooperation for development) </s>
	</p>
	<p n="212">
	  <s n="231"> On the proposal of the Chairman, the Committee took note of the note by the Secretary-General transmitting the report of the Joint Inspection Unit (A/57/118). </s>
	</p>
	<p n="213">
	  <s n="232"> The Committee thus concluded its consideration of the sub-item. </s>
	</p>
	<p n="214">
	  <s n="233"> Integrated and coordinated implementation of and follow-up to the outcomes of the major United Nations conferences and summits in the economic and social fields </s>
	</p>
	<p n="215">
	  <s n="234"> Action on draft resolutions A/C.2/57/L.33 and A/C.2/57/L.81 </s>
	</p>
	<p n="216">
	  <s n="235"> The Chairman of the Committee, Mr. Marco Antonio Suazo (Honduras), introduced draft resolution A/C.2/57/L.81, which he submitted on the basis of informal consultations held on draft resolution A/C.2/57/L.33. </s>
	</p>
	<p n="217">
	  <s n="236"> The Committee adopted the draft resolution A/C.2/57/L.81. </s>
	</p>
	<p n="218">
	  <s n="237"> In light of the adoption of draft resolution A/C.2/57/L.81, draft resolution A/C.2/57/L.33 was withdrawn by its sponsors. </s>
	</p>
	<p n="219">
	  <s n="238"> Documentation submitted under item 92 (Integrated and coordinated implementation of and follow-up to the outcomes of the major United Nations conferences and summits in the economic and social fields) </s>
	</p>
	<p n="220">
	  <s n="239"> On the proposal of the Chairman, the Committee took noted of the report by the Secretary-General under the item (A/57/75-E/2002/57). </s>
	</p>
	<p n="221">
	  <s n="240"> High-level international intergovernmental consideration of financing for development </s>
	</p>
	<p n="222">
	  <s n="241"> Action on draft resolutions A/C.2/57/L.36 and A/C.2/57/L.80 </s>
	</p>
	<p n="223">
	  <s n="242"> The Chairman of the Committee, Mr. Marco Antonio Suazo (Honduras), introduced draft resolution A/C.2/57/L.80, which he submitted on the basis of informal consultations held on draft resolution A/C.2/57/L.36. </s>
	</p>
	<p n="224">
	  <s n="243"> The Committee adopted the draft resolution A/C.2/57/L.80. </s>
	</p>
	<p n="225">
	  <s n="244"> In light of the adoption of draft resolution A/C.2/57/L.80, draft resolution A/C.2/57/L.36 was withdrawn by its sponsors. </s>
	</p>
	<p n="226">
	  <s n="245"> Action on draft resolutions A/C.2/57/L.44, A/C.2/57/L.62 and A/C.2/57/L.74 (programme budget implications) </s>
	</p>
	<p n="227">
	  <s n="246"> The Chairman of the Committee, Mr. Marco Antonio Suazo (Honduras), introduced draft resolution A/C.2/57/L.62, which he submitted on the basis of informal consultations held on draft resolution A/C.2/57/L.44. </s>
	</p>
	<p n="228">
	  <s n="247"> The representative of Mexico made a statement. </s>
	</p>
	<p n="229">
	  <s n="248"> The Chairman made a statement. </s>
	</p>
	<p n="230">
	  <s n="249"> The Director of Programme Planning and Budget Division introduced a statement of programme budget implications contained in document A/C.2/57/L.74. </s>
	</p>
	<p n="231">
	  <s n="250"> The representatives of Denmark (on behalf of the European Union), Venezuela (on behalf of the Group of 77 and China), the United States made statements. </s>
	</p>
	<p n="232">
	  <s n="251"> The Director of the Programme Planning and Budget Division responded to queries raised. </s>
	</p>
	<p n="233">
	  <s n="252"> The Executive Coordinator of the Financing for Development Coordinating Secretariat, Department of Economic and Social Affairs made a statement. </s>
	</p>
	<p n="234">
	  <s n="253"> The representative of Denmark (on behalf of the European Union) made a statement. </s>
	</p>
	<p n="235">
	  <s n="254"> The Executive Coordinator of the Financing for Development Coordinating Secretariat, Department of Economic and Social Affairs responded to queries raised. </s>
	</p>
	<p n="236">
	  <s n="255"> The representatives of Denmark (on behalf of the European Union) and Venezuela made statements. </s>
	</p>
	<p n="237">
	  <s n="256"> The Chairman made a statement. </s>
	</p>
	<p n="238">
	  <s n="257"> The representative of Denmark (on behalf of the European Union) made a statement. </s>
	</p>
	<p n="239">
	  <s n="258"> The Committee adopted the draft resolution A/C.2/57/L.62. </s>
	</p>
	<p n="240">
	  <s n="259"> In light of the adoption of draft resolution A/C.2/57/L.62, draft resolution A/C.2/57/L.44 was withdrawn by its sponsors. </s>
	</p>
	<p n="241">
	  <s n="260"> The Committee thus concluded its consideration of the item. </s>
	</p>
	<p n="242">
	  <s n="261"> Additional sponsors </s>
	</p>
	<p n="243">
	  <s n="262"> The representative of Germany made a statement regarding sponsorship of draft resolution A/C.2/57/L.11. </s>
	</p>
	<p n="244">
	  <s n="263"> 44th meeting Macroeconomic policy question </s>
	</p>
	<p n="245">
	  <s n="264"> (a) International trade and development </s>
	</p>
	<p n="246">
	  <s n="265"> Action on draft resolutions A/C.2/57/L.37 and A/C.2/57/L.76 </s>
	</p>
	<p n="247">
	  <s n="266"> The Vice-Chairman of the Committee, Mr. Abdellah Benmellouk (Morocco), introduced and orally corrected draft resolution A/C.2/57/L.76, which he submitted on the basis of informal consultations held on draft resolution A/C.2/57/L.37. </s>
	</p>
	<p n="248">
	  <s n="267"> The Committee adopted draft resolution A/C.2/57/L.76, as orally corrected. </s>
	</p>
	<p n="249">
	  <s n="268"> In light of the adoption of draft resolution A/C.2/57/L.76, draft resolution A/C.2/57/L.37 was withdrawn by its sponsors. </s>
	</p>
	<p n="250">
	  <s n="269"> Report of the Trade and Development Board </s>
	</p>
	<p n="251">
	  <s n="270"> Upon the proposal of the Chairman, the Committee took note of documents A/57/15, Parts I to III. </s>
	</p>
	<p n="252">
	  <s n="271"> The Committee thus concluded its consideration of the sub-item. </s>
	</p>
	<p n="253">
	  <s n="272"> (b) Commodities </s>
	</p>
	<p n="254">
	  <s n="273"> Action on draft resolutions A/C.2/57/L.5 and A/C.2/57/L.73 (programme budget implications: A/C.2/57/L.78) </s>
	</p>
	<p n="255">
	  <s n="274"> The Vice-Chairman of the Committee, Mr. Abdellah Benmellouk (Morocco), introduced draft resolution A/C.2/57/L.73, which he submitted on the basis of informal consultations held on draft resolution A/C.2/57/L.5. </s>
	</p>
	<p n="256">
	  <s n="275"> The attention of the Committee was drawn to the statement of programme budget implications of draft resolution A/C.2/57/L.73, contained in document A/C.2/57/L.78. </s>
	</p>
	<p n="257">
	  <s n="276"> The Committee adopted draft resolution A/C.2/57/L.73. </s>
	</p>
	<p n="258">
	  <s n="277"> The representative of Venezuela made a statement, on behalf of the Group of 77 and China. </s>
	</p>
	<p n="259">
	  <s n="278"> In light of the adoption of draft resolution A/C.2/57/L.73, draft resolution A/C.2/57/L.5 was withdrawn by its sponsors. </s>
	</p>
	<p n="260">
	  <s n="279"> The Committee thus concluded its consideration of the sub-item. </s>
	</p>
	<p n="261">
	  <s n="280"> (c) Science and technology for development </s>
	</p>
	<p n="262">
	  <s n="281"> Action on draft resolution A/C.2/57/L.10/Rev.1 </s>
	</p>
	<p n="263">
	  <s n="282"> The Vice-Chairman of the Committee, Mr. Abdellah Benmellouk (Morocco), informed the Committee on the outcome of the informal consultations held on draft resolution A/C.2/57/L.l0 and drew its attention to revised draft resolution A/C.2/57/L.10/Rev.1. </s>
	</p>
	<p n="264">
	  <s n="283"> It was announced that Peru, Yugoslavia and the States Members of the European Union were also sponsors of the revised draft resolution. </s>
	</p>
	<p n="265">
	  <s n="284"> The representative of Venezuela drew the attention of the Committee to a correction to the revised draft revised resolution. </s>
	</p>
	<p n="266">
	  <s n="285"> The Committee adopted revised draft resolution A/C.2/57/L.10/Rev.1, as orally corrected. </s>
	</p>
	<p n="267">
	  <s n="286"> The representative of the United States made a statement. </s>
	</p>
	<p n="268">
	  <s n="287"> Statements were made by the representatives of The former Yugoslav Republic of Macedonia, the Dominican Republic, Angola, Indonesia and Suriname regarding cosponsorship of the revised draft resolution. </s>
	</p>
	<p n="269">
	  <s n="288"> Report of the Joint Inspection Unit </s>
	</p>
	<p n="270">
	  <s n="289"> Upon the proposal of the Chairman, the Committee took note of documents A/56/370 and A/56/370/Add.1. </s>
	</p>
	<p n="271">
	  <s n="290"> The Committee thus concluded its consideration of the sub-item. </s>
	</p>
	<p n="272">
	  <s n="291"> (d) External debt crisis and development </s>
	</p>
	<p n="273">
	  <s n="292"> Action on draft resolutions A/C.2/57/L.6 and A/C.2/57/L.77 </s>
	</p>
	<p n="274">
	  <s n="293"> The Vice-Chairman of the Committee, Mr. Abdellah Benmellouk (Morocco), introduced and orally corrected draft resolution A/C.2/57/L.77, which he submitted on the basis of informal consultations held on draft resolution A/C.2/57/L.6. </s>
	</p>
	<p n="275">
	  <s n="294"> The Committee adopted draft resolution A/C.2/57/L.77, as orally corrected. </s>
	</p>
	<p n="276">
	  <s n="295"> In light of the adoption of draft resolution A/C.2/57/L.77, draft resolution A/C.2/57/L.6 was withdrawn by its sponsors. </s>
	</p>
	<p n="277">
	  <s n="296"> The Committee thus concluded its consideration of the sub-item and thereby the item as a whole. </s>
	</p>
	<p n="278">
	  <s n="297"> Environment and sustainable development </s>
	</p>
	<p n="279">
	  <s n="298"> Action on draft resolutions A/C.2/57/L.40 and A/C.2/57/L.921 </s>
	</p>
	<p n="280">
	  <s n="299"> The Vice-Chairman, Mr. Jan Kára (Czech Republic), introduced draft resolution A/C.2/57/L.921, which he submitted on the basis of informal consultations held on draft resolution A/C.2/57/L.40. </s>
	</p>
	<p n="281">
	  <s n="300"> The Committee adopted draft resolution A/C.2/57/L.921. </s>
	</p>
	<p n="282">
	  <s n="301"> In light of the adoption of draft resolution A/C.2/57/L.921, draft resolution A/C.2/57/L.40 was withdrawn by its sponsors. </s>
	</p>
	<p n="283">
	  <s n="302"> Action on draft resolutions A/C.2/57/L.41 and A/C.2/57/L.86 </s>
	</p>
	<p n="284">
	  <s n="303"> The Vice-Chairman, Mr. Jan Kára (Czech Republic), introduced draft resolution A/C.2/57/L.86, which he submitted on the basis of informal consultations held on draft resolution A/C.2/57/L.41. </s>
	</p>
	<p n="285">
	  <s n="304"> The Committee adopted draft resolution A/C.2/57/L.86. </s>
	</p>
	<p n="286">
	  <s n="305"> In light of the adoption of draft resolution A/C.2/57/L.86, draft resolution A/C.2/57/L.41 was withdrawn by its sponsors. </s>
	</p>
	<p n="287">
	  <s n="306"> (a) Implementation of Agenda 21 and the Programme for the Further Implementation of Agenda 21 </s>
	</p>
	<p n="288">
	  <s n="307"> Action on draft resolutions A/C.2/57/L.38 and A/C.2/57/L.83 </s>
	</p>
	<p n="289">
	  <s n="308"> The Vice-Chairman, Mr. Jan Kára (Czech Republic), introduced draft resolution A/C.2/57/L.83, which he submitted on the basis of informal consultations held on draft resolution A/C.2/57/L.38. </s>
	</p>
	<p n="290">
	  <s n="309"> 1 To be issued. </s>
	</p>
	<p n="291">
	  <s n="310"> The Committee adopted draft resolution A/C.2/57/L.83. </s>
	</p>
	<p n="292">
	  <s n="311"> In light of the adoption of draft resolution A/C.2/57/L.83, draft resolution A/C.2/57/L.38 was withdrawn by its sponsors. </s>
	</p>
	<p n="293">
	  <s n="312"> (b) International strategy for disaster reduction </s>
	</p>
	<p n="294">
	  <s n="313"> Action on draft resolution A/C.2/57/L.22 and draft decision A/C.2/57/L.75 </s>
	</p>
	<p n="295">
	  <s n="314"> The Vice-Chairman of the Committee, Mr. Jan Kára (Czech Republic), introduced draft decision A/C.2/57/L.75, which he submitted following consultations held on draft resolution A/C.2/57/L.22. </s>
	</p>
	<p n="296">
	  <s n="315"> The Committee adopted draft decision A/C.2/57/L.22. </s>
	</p>
	<p n="297">
	  <s n="316"> In light of the adoption of draft decision A/C.2/57/L.75, draft resolution A/C.2/57/L.22 was withdrawn by its sponsors. </s>
	</p>
	<p n="298">
	  <s n="317"> The Committee thus concluded its consideration of the sub-item. </s>
	</p>
	<p n="299">
	  <s n="318"> (c) Protection of global climate for present and future generations of mankind </s>
	</p>
	<p n="300">
	  <s n="319"> Action on draft resolutions A/C.2/57/L.43 and A/C.2/57/L.901 (programme budget implications: A/C.2/57/L.56) </s>
	</p>
	<p n="301">
	  <s n="320"> The Vice-Chairman of the Committee, Mr. Jan Kára (Czech Republic), introduced draft resolution A/C.2/57/L.901, which he submitted on the basis of informal consultations held on draft resolution A/C.2/57/L.43. </s>
	</p>
	<p n="302">
	  <s n="321"> The attention of the Committee was drawn to the statement of programme budget implications of draft resolution A/C.2/57.L.43 contained in document A/C.2/57/L.56. </s>
	  <s n="322"> The Committee was also informed that it did not apply to draft resolution A/C.2/57/L.901. </s>
	</p>
	<p n="303">
	  <s n="323"> The Committee adopted draft resolution A/C.2/57/L.901. </s>
	</p>
	<p n="304">
	  <s n="324"> Statements were made by the representatives of the United States, Japan, Denmark (on behalf of the European Union) and Canada. </s>
	</p>
	<p n="305">
	  <s n="325"> In light of the adoption of draft resolution A/C.2/57/L.901, draft resolution A/C.2/57/L.43 was withdrawn by its sponsors. </s>
	</p>
	<p n="306">
	  <s n="326"> Action on draft resolutions A/C.2/57/L.47 and A/C.2/57/L.911 </s>
	</p>
	<p n="307">
	  <s n="327"> The Vice-Chairman of the Committee, Mr. Jan Kára (Czech Republic), introduced draft resolution A/C.2/57/L.911, which he submitted on the basis of informal consultations held on draft resolution A/C.2/57/L.47. </s>
	</p>
	<p n="308">
	  <s n="328"> The Committee adopted draft resolution A/C.2/57/L.911. </s>
	</p>
	<p n="309">
	  <s n="329"> Statements were made by the representatives of China, the Russian Federation and Japan. </s>
	</p>
	<p n="310">
	  <s n="330"> In light of the adoption of draft resolution A/C.2/57/L.911, draft resolution A/C.2/57/L.47 was withdrawn by its sponsors. </s>
	</p>
	<p n="311">
	  <s n="331"> The Committee thus concluded its consideration of the sub-item. </s>
	</p>
	<p n="312">
	  <s n="332"> (d) Implementation of the United Nations Convention to Combat Desertification in Those Countries Experiencing Serious Drought and/or Desertification, particularly in Africa </s>
	</p>
	<p n="313">
	  <s n="333"> 1 To be issued. </s>
	</p>
	<p n="314">
	  <s n="334"> Action on draft resolutions A/C.2/57/L.17 and A/C.2/57/L.891 (programme budget implications: A/C.2/57/L.57) </s>
	</p>
	<p n="315">
	  <s n="335"> The Vice-Chairman of the Committee, Mr. Jan Kára (Czech Republic), introduced draft resolution A/C.2/57/L.891, which he submitted on the basis of informal consultations held on draft resolution A/C.2/57/L.17. </s>
	</p>
	<p n="316">
	  <s n="336"> The attention of the Committee was drawn to the statement of programme budget implications of draft resolution A/C.2/57/L.17 contained in document A/C.2/57/L.57. </s>
	  <s n="337"> The Committee was also informed that it did not apply to draft resolution A/C.2/57/L.891. </s>
	</p>
	<p n="317">
	  <s n="338"> The Committee adopted draft resolution A/C.2/57/L.17. </s>
	</p>
	<p n="318">
	  <s n="339"> Statements were made by the representatives of Venezuela (on behalf of the Group of 77 and China) and Canada. </s>
	</p>
	<p n="319">
	  <s n="340"> In light of the adoption of draft resolution A/C.2/57/L.891, draft resolution A/C.2/57/L.17 was withdrawn by its sponsors. </s>
	</p>
	<p n="320">
	  <s n="341"> The Committee thus concluded its consideration of the sub-item. </s>
	</p>
	<p n="321">
	  <s n="342"> (f) Further implementation of the Programme of Action for the Sustainable Development of Small Island Developing States </s>
	</p>
	<p n="322">
	  <s n="343"> Action on draft resolutions A/C.2/57/L.20 and A/C.2/57/L.64 (programme budget implications: A/C.2/57/L.79) </s>
	</p>
	<p n="323">
	  <s n="344"> The Vice-Chairman of the Committee, Mr. Jan Kára (Czech Republic), introduced draft resolution A/C.2/57/L.64, which he submitted on the basis of informal consultations held on draft resolution A/C.2/57/L.20. </s>
	</p>
	<p n="324">
	  <s n="345"> The attention of the Committee was drawn to the statement of programme budget implications of draft resolution A/C.2/57.L.20 contained in document A/C.2/57/L.79. </s>
	  <s n="346"> The Committee was informed that paragraph 4 of the text should be deleted. </s>
	  <s n="347"> The Committee was also informed that the statement of programme budget implications, as orally corrected, also applied to draft resolution A/C.2/57/L.64. </s>
	</p>
	<p n="325">
	  <s n="348"> The Committee adopted draft resolution A/C.2/57/L.64. </s>
	</p>
	<p n="326">
	  <s n="349"> Statements were made by the representatives of Norway, Samoa (on behalf of the Alliance of Small Island States), Venezuela (on behalf of the Group of 77 and China) and Tuvalu. </s>
	</p>
	<p n="327">
	  <s n="350"> The Chairman read out a statement regarding operative paragraphs 5 and 15 of draft resolution A/C.2/57/L.64. </s>
	</p>
	<p n="328">
	  <s n="351"> In light of the adoption of draft resolution A/C.2/57/L.64, draft resolution A/C.2/57/L.20 was withdrawn by its sponsors. </s>
	</p>
	<p n="329">
	  <s n="352"> The Committee thus concluded its consideration of the sub-item. </s>
	</p>
	<p n="330">
	  <s n="353"> The representative of Denmark made a statement on behalf of the European Union. </s>
	</p>
	<p n="331">
	  <s n="354"> The Committee thus concluded its consideration of item 87 as a whole. </s>
	</p>
	<p n="332">
	  <s n="355"> Operational activities for development </s>
	</p>
	<p n="333">
	  <s n="356"> 1 To be issued. </s>
	</p>
	<p n="334">
	  <s n="357"> Action on draft resolutions A/C.2/57/L.25 and A/C.2/57/L.88 </s>
	</p>
	<p n="335">
	  <s n="358"> The Vice-Chairman, Mr. Bruno van der Pluijm (Belgium), introduced draft resolution A/C.2/57/L.88, which he submitted on the basis of informal consultations held on draft resolution A/C.2/57/L.25. </s>
	</p>
	<p n="336">
	  <s n="359"> The Committee adopted draft resolution A/C.2/57/L.88. </s>
	</p>
	<p n="337">
	  <s n="360"> In light of the adoption of draft resolution A/C.2/57/L.88, draft resolution A/C.2/57/L.25 was withdrawn by its sponsors. </s>
	</p>
	<p n="338">
	  <s n="361"> Action on draft resolutions A/C.2/57/L.27 and A/C.2/57/L.85 </s>
	</p>
	<p n="339">
	  <s n="362"> The Vice-Chairman, Mr. Bruno van der Pluijm (Belgium), introduced draft resolution A/C.2/57/L.85, which he submitted on the basis of informal consultations held on draft resolution A/C.2/57/L.27, and orally corrected the text. </s>
	</p>
	<p n="340">
	  <s n="363"> Before the adoption of the draft resolution, a statement was made by the the representative of the United States. </s>
	</p>
	<p n="341">
	  <s n="364"> The Committee adopted draft resolution A/C.2/57/L.85. </s>
	</p>
	<p n="342">
	  <s n="365"> In light of the adoption of draft resolution A/C.2/57/L.85, draft resolution A/C.2/57/L.27 was withdrawn by its sponsors. </s>
	</p>
	<p n="343">
	  <s n="366"> Following the adoption of the draft resolution, a statement was made by the representative of Denmark, (on behalf of the European Union, as well as on behalf of Bulgaria, Cyprus, Czech Republic, Estonia, Hungary, Iceland, Latvia, Liechtenstein Lithuania, Malta, Norway, Poland, Romania, Slovakia, Slovenia and Turkey). </s>
	</p>
	<p n="344">
	  <s n="367"> Documents submitted under the item </s>
	</p>
	<p n="345">
	  <s n="368"> On the proposal of the Chairman, the Committee took note of documents submitted under the item. </s>
	</p>
	<p n="346">
	  <s n="369"> The Committee thus concluded its consideration of item 88. </s>
	</p>
	<p n="347">
	  <s n="370"> Implementation of the First United Nations Decade for the Eradication of Poverty (1997-2006) </s>
	</p>
	<p n="348">
	  <s n="371"> Action on draft resolutions A/C.2/57/L.24 and A/C.2/57/L.87 </s>
	</p>
	<p n="349">
	  <s n="372"> The Vice-Chairman, Mr. Bruno van der Pluijm (Belgium), introduced draft resolution A/C.2/57/L.87, which he submitted on the basis of informal consultations held on draft resolution A/C.2/57/L.24. </s>
	</p>
	<p n="350">
	  <s n="373"> The Committee adopted draft resolution A/C.2/57/L.87. </s>
	</p>
	<p n="351">
	  <s n="374"> In light of the adoption of draft resolution A/C.2/57/L.87, draft resolution A/C.2/57/L.24 was withdrawn by its sponsors. </s>
	</p>
	<p n="352">
	  <s n="375"> The Committee thus concluded its consideration of agenda item 89. </s>
	</p>
	<p n="353">
	  <s n="376"> Training and research: United Nations Institute for Training and Research [90 (b)] </s>
	</p>
	<p n="354">
	  <s n="377"> Action on draft resolutions A/C.2/57/L.35 and A/C.2/57/L.931 (programme budget implications A/C.2/57/L.50) </s>
	</p>
	<p n="355">
	  <s n="378"> 1 To be issued. </s>
	</p>
	<p n="356">
	  <s n="379"> The Vice-Chairman, Mr. Bruno van der Pluijm (Belgium), introduced draft resolution A/C.2/57/L.931, which he submitted on the basis of informal consultations held on draft resolution A/C.2/57/L.35. </s>
	</p>
	<p n="357">
	  <s n="380"> The attention of the Committee was drawn to the statement of programme budget implications of draft resolution A/C.2/57/L.35 contained in document A/C.2/57/L.50 and was informed that it did not apply to draft resolution A/C.2/57/L.931. </s>
	</p>
	<p n="358">
	  <s n="381"> The Committee adopted draft resolution A/C.2/57/L.931. </s>
	</p>
	<p n="359">
	  <s n="382"> In light of the adoption of draft resolution A/C.2/57/L.931, draft resolution A/C.2/57/L.35 was withdrawn by its sponsors. </s>
	</p>
	<p n="360">
	  <s n="383"> The Committee thus concluded its consideration of agenda item 90. </s>
	</p>
	<p n="361">
	  <s n="384"> Globalization and inderdependence </s>
	</p>
	<p n="362">
	  <s n="385"> Action on draft resolutions A/C.2/57/L.29 and A/C.2/57/L.84 </s>
	</p>
	<p n="363">
	  <s n="386"> The Vice-Chairman, Mr. Abdellah Benmellouk (Morocco), introduced draft resolution A/C.2/57/L.84, which he submitted on the basis of informal consultations held on draft resolution A/C.2/57/L.29. </s>
	</p>
	<p n="364">
	  <s n="387"> Before the adoption of the draft resolution, a statement was made by the representative of the United States. </s>
	</p>
	<p n="365">
	  <s n="388"> The Committee adopted draft resolution A/C.2/57/L.84. </s>
	</p>
	<p n="366">
	  <s n="389"> In light of the adoption of draft resolution A/C.2/57/L.84, draft resolution A/C.2/57/L.29 was withdrawn by its sponsors. </s>
	</p>
	<p n="367">
	  <s n="390"> A statement was made by the repesentative of Venezuela. </s>
	</p>
	<p n="368">
	  <s n="391"> The Committee thus concluded its consideration of the item. </s>
	</p>
	<p n="369">
	  <s n="392"> Report of the Economic and Social Council </s>
	</p>
	<p n="370">
	  <s n="393"> Draft biennial programme of work for the Second Committee for 2003 and 2004 </s>
	</p>
	<p n="371">
	  <s n="394"> The Chief of the Documentation Programming and Monitoring Unit introduced and orally revised document A/C.2/57/L.55. </s>
	</p>
	<p n="372">
	  <s n="395"> The Committee then adopted the draft biennial programme of work for the Second Committee for 2003-2004, as orally revised. </s>
	</p>
	<p n="373">
	  <s n="396"> Documentation submitted under item 12 </s>
	</p>
	<p n="374">
	  <s n="397"> Upon the proposal of the Chairman of the Committee, the Committee took note of document A/56/3 (Part I and II), namely chapters chapters I to V, VII (sections A to H), and chapter IX. </s>
	</p>
	<p n="375">
	  <s n="398"> Documentation submitted under item report of the Economic and Social Council </s>
	</p>
	<p n="376">
	  <s n="399"> On the proposal of the Chairman, the Committee took note of the note by the Secretary-General transmitting the report of the Executive Director of the United Nations Population Fund on the United Nations Population Award (A/57/354). </s>
	</p>
	<p n="377">
	  <s n="400"> The Committee thus concluded its consideration of item 12. </s>
	</p>
	<p n="378">
	  <s n="401"> 1 To be issued. </s>
	</p>
	<p n="379">
	  <s n="402"> Conclusion of the work of the Second Committee. </s>
	</p>
	<p n="380">
	  <s n="403"> The Under-Secretary-General of the Department of Economic and Social Affairs made a statement. </s>
	</p>
	<p n="381">
	  <s n="404"> The Chairman made a statement. </s>
	</p>
	<p n="382">
	  <s n="405"> Statements were made by the representatives of Armenia (on behalf of the Eastern European States), Venezuela (on behalf of the Group of 77 and China), Denmark (on behalf of the European Union), Chile and the United States. </s>
	</p>
	<p n="383">
	  <s n="406"> The Chairman declared closed the work of the Second Committee for the main part of the fifty-seventh session of the General Assembly. </s>
	</p>
	<p n="384">
	  <s n="407"> Fifth Committee </s>
	</p>
	<p n="385">
	  <s n="408"> 33rd and 34th meetings The summary of the 33rd and 34th meetings of the Fifth Committee will appear in the next issue of the Journal (No 2002/242). </s>
	</p>
	<p n="386">
	  <s n="409"> Signatures, Ratifications, etc. </s>
	</p>
	<p n="387">
	  <s n="410"> [Multilateral Treaties Deposited with the Secretary-General] </s>
	</p>
	<p n="388">
	  <s n="411"> Convention for the Suppression of the Traffic in Persons and of the Exploitation of the Prostitution of Others. </s>
	  <s n="412"> Lake Success, New York, 21 March 1950 </s>
	</p>
	<p n="389">
	  <s n="413"> Accession: Nepal (10 December 2002)1 </s>
	</p>
	<p n="390">
	  <s n="414"> Protocol to Prevent, Suppress and Punish Trafficking in Persons, Especially Women and Children, supplementing the United Nations Convention against Transnational Organized Crime. </s>
	  <s n="415"> New York, 15 November 2000 </s>
	</p>
	<p n="391">
	  <s n="416"> Signature: Australia (11 December 2002) </s>
	</p>
	<p n="392">
	  <s n="417"> Protocol against the Illicit Manufacturing of and Trafficking in Firearms, Their Parts and Components and Ammunition, supplementing the United Nations Convention against Transnational Organized Crime. </s>
	  <s n="418"> New York, 31 May 2001 </s>
	</p>
	<p n="393">
	  <s n="419"> Signature: Luxembourg (11 December 2002) </s>
	</p>
	<p n="394">
	  <s n="420"> 1 Date of receipt of the relevant documents. </s>
	</p>
	<p n="395">
	  <s n="421"> Other announcements </s>
	</p>
	<p n="396">
	  <s n="422"> Launch of the International Year of Freshwater, 2003 </s>
	</p>
	<p n="397">
	  <s n="423"> Today, 12 December 2002, the United Nations will mark the launch of the International Year of Freshwater, 2003, with a panel event entitled “The Challenges of Freshwater: A Dialogue” in Conference Room 4. </s>
	  <s n="424"> The event will start at 9.45 a.m. with a video related to freshwater. </s>
	  <s n="425"> Ms. Louise Fréchette, Deputy Secretary-General, will make opening remarks at 10 a.m. H.E. Mr. Talbak Nazarov, Foreign Minister of Tajikistan, will then make a statement, followed by the panel dialogue on meeting the freshwater challenges. </s>
	  <s n="426"> The panel will feature Mr. Nitin Desai, Under-Secretary-General for Economic and Social Affairs, H.E. Ms. June Clarke (Barbados), Vice-President of the General Assembly, H.E. Mr. Milos Alcalay (Venezuela), Chairman of the Group of 77 (and China), and Mr. Gourisankar Ghosh, Executive Director, Water Supply and Sanitation Collaborative Council. </s>
	  <s n="427"> Mr. Shashi Tharoor, Under-Secretary-General for Communications and Public Information, will moderate the dialogue. </s>
	  <s n="428"> A performance of water songs by Pete Seeger and Bob Reid, and the Children&apos;s Choir of the United Nations International School will conclude the programme. </s>
	  <s n="429"> The entire programme will be Webcast live at www.un.org/webcast. </s>
	  <s n="430"> Members of permanent missions, Secretariat staff, representatives of associated non-governmental organizations and the media are invited to attend. </s>
	  <s n="431"> The event is organized by the Department of Public Information, in cooperation with the Department for Economic and Social Affairs. </s>
	  <s n="432"> For further information, please contact Ms. Marcia Brewster, Division for Sustainable Development, Department of Economic and Social Affairs (tel. </s>
	  <s n="433"> 1 (212) 963-8590); Ms. Isolda Oca, NGO Section, DPI (tel. </s>
	  <s n="434"> 1 (212) 963-8305); or Mr. Thomas Lillge, NGO Section, DPI (tel. </s>
	</p>
	<p n="398">
	  <s n="435"> Web sites President of the General Assembly: www.un.org/ga/president </s>
	</p>
	<p n="399">
	  <s n="436"> General Assembly: </s>
	</p>
	<p n="400">
	  <s n="437"> www.un.org/arabic/ga/57 www.un.org/chinese/ga/57 www.un.org/ga/57 www.un.org/french/ga/57 www.un.org/russian/documen/gadocs/57sess www.un.org/spanish/aboutun/organs/ga/57 </s>
	</p>
	<p n="401">
	  <s n="438"> Presidency of the Security Council: www.un.org/Docs/sc/presidency </s>
	</p>
	<p n="402">
	  <s n="439"> www.colombiaun.org </s>
	</p>
	<p n="403">
	  <s n="440"> Security Council Committee established pursuant to resolution 1373 (2001) concerning counter-terrorism: www.un.org/arabic/documents/SCCommittees/1373 www.un.org/chinese/aboutun/prinorgs/sc/committees/1373/1373.htm www.un.org/docs/sc/committees/1373 www.un.org/french/docs/sc/committees/1373 www.un.org/russian/documen/scdocs/committees/1373 www.un.org/spanish/docs/comites/1373/index.html </s>
	</p>
	<p n="404">
	  <s n="441"> Economic and Social Council: www.un.org/esa/coordination/ecosoc </s>
	</p>
	<p n="405">
	  <s n="442"> Danish Presidency of the European Union: www.un.int/denmark http://europa-eu-un.org </s>
	</p>
	<p n="406">
	  <s n="443"> Journal of the United Nations: www.un.org/Docs/journal/Ar/latesta.pdf www.un.org/Docs/journal/Ch/latestc.pdf www.un.org/Docs/journal/En/lateste.pdf www.un.org/Docs/journal/Fr/latestf.pdf www.un.org/Docs/journal/Ru/latestr.pdf www.un.org/Docs/journal/Sp/latests.pdf </s>
	</p>
	<p n="407">
	  <s n="444"> Daily list of documents issued at Headquarters </s>
	</p>
	<p n="408">
	  <s n="445"> With the exception of sales publications and public information material, hyperlinked official documents listed hereunder may be accessed through the Official Document System of the United Nations in the electronic version of the present Journal. </s>
	  <s n="446"> The list contains documents issued by 2 p.m. on 11 December 2002. </s>
	</p>
	<p n="409">
	  <s n="447"> Symbol Main title </s>
	</p>
	<p n="410">
	  <s n="448"> General Assembly Official Records </s>
	</p>
	<p n="411">
	  <s n="449"> Fifty-seventh session </s>
	</p>
	<p n="412">
	  <s n="450"> A/57/PV.15 Meeting held on 18 September 2002, 3 p.m. [Arabic] </s>
	</p>
	<p n="413">
	  <s n="451"> A/57/PV.32 Meeting held on 16 October 2002, 3 p.m. [English] </s>
	</p>
	<p n="414">
	  <s n="452"> A/57/PV.45 Meeting held on 8 November 2002, 3 p.m. [English] </s>
	</p>
	<p n="415">
	  <s n="453"> A/57/PV.49 Meeting held on 13 November 2002, 3 p.m. [English] </s>
	</p>
	<p n="416">
	  <s n="454"> First Committee </s>
	</p>
	<p n="417">
	  <s n="455"> A/C.1/57/PV.2 Meeting held on 30 September 2002, 10 a.m. [English] </s>
	</p>
	<p n="418">
	  <s n="456"> A/C.1/57/PV.3 Meeting held on 1 October 2002, 10 a.m. [English] </s>
	</p>
	<p n="419">
	  <s n="457"> General Assembly Documents </s>
	</p>
	<p n="420">
	  <s n="458"> Fifty-seventh session </s>
	</p>
	<p n="421">
	  <s n="459"> A/57/152/Add.1/Corr.2 Item 112 - Programme budget for the biennium 2002-2003 - Strengthening the Terrorism Prevention Branch of the Secretariat - Report of the Secretary-General [A C E F R S] </s>
	</p>
	<p n="422">
	  <s n="460"> A/57/556/Add.5 Item 109 (e) - Human rights questions: report of the United Nations High Commissioner for Human Rights - Report of the Third Committee [A C E F R S] </s>
	</p>
	<p n="423">
	  <s n="461"> A/57/558 Item 12 - Report of the Economic and Social Council - Report of the Third Committee [A C E F R S] </s>
	</p>
	<p n="424">
	  <s n="462"> A/57/611 Item 22 - Cooperation between the United Nations and regional and other organizations - Letter dated 11 November 2002 from the representatives of Armenia, Belarus, Kazakhstan, Kyrgyzstan, the Russian Federation and Tajikistan to the United Nations addressed to the Secretary-General [A C E F R S] </s>
	</p>
	<p n="425">
	  <s n="463"> A/57/641 Item 25 - Oceans and Law of the sea - Letter dated 3 December 2002 from the Permanent Representative of Turkey to the United Nations addressed to the Secretary-General [A C E F R S] </s>
	</p>
	<p n="426">
	  <s n="464"> A/57/L.48/Rev.1 Item 25 (a) - Oceans and Law of the sea - 52-Power revised draft resolution [A C E F R S] </s>
	</p>
	<p n="427">
	  <s n="465"> A/57/L.59 Item 23 - United Nations Year for Cultural Heritage, 2002 - 19-Power draft resolution [A C E F R S] </s>
	</p>
	<p n="428">
	  <s n="466"> A/RES/57/6 Item 24 - International Decade for a Culture of Peace and Non-Violence for the Children of the World, 2001-2010 [A C E F R S] </s>
	</p>
	<p n="429">
	  <s n="467"> A/RES/57/7 Item 41 (a) - Final Review and appraisal of the United Nations New Agenda for the Development of Africa in the 1990s and support for the New Partnership for Africa&apos;s Development [A C E F R S] </s>
	</p>
	<p n="430">
	  <s n="468"> Second Committee </s>
	</p>
	<p n="431">
	  <s n="469"> A/C.2/57/9 Item 87 - Environment and sustainable development - Letter dated 5 December 2002 from the Chargé d&apos;affaires a.i. of the Permanent Mission of Hungary to the United Nations addressed to the Secretary-General [A C E F R S] </s>
	</p>
	<p n="432">
	  <s n="470"> A/C.2/57/L.74 Item 93 - High-level international intergovernmental consideration of financing for development - Ensuring effective secretariat support for sustained follow-up to the outcome of the International Conference on Financing for Development - Programme budget implications of draft resolution A/C.2/57/L.62 - Statement submitted by the Secretary-General in accordance with rule 153 of the rules of procedure of the General Assembly [A C E F R S] </s>
	</p>
	<p n="433">
	  <s n="471"> A/C.2/57/L.75 Item 87 (b) - Environment and sustainable development: International Strategy for Disaster Reduction - Draft decision submitted by the Vice-Chairman of the Committee, following informal consultations held on draft resolution A/C.2/57/L.22 [A C E F R S] </s>
	</p>
	<p n="434">
	  <s n="472"> A/C.2/57/L.78 Items 84 (b) and 112 - Macroeconomic policy questions: commodities - Programme budget for the biennium 2002-2003 - Programme budget implications of draft resolution A/C.2/57/L.73 - Statement submitted by the Secretary-General in accordance with rule 153 of the rules of procedures of the General Assembly [A C E F R S] </s>
	</p>
	<p n="435">
	  <s n="473"> A/C.2/57/L.85 Item 88 - Operational activities for development - Draft resolution submitted by the Vice-Chairman of the Committee, on the basis of informal consultations held on draft resolution A/C.2/57/L.27 - Human Development Report [A C E F R S] </s>
	</p>
	<p n="436">
	  <s n="474"> A/C.2/57/L.86 Item 87 - Environment and sustainable development - Draft resolution submitted by the Vice-Chairman of the Committee, on the basis of informal consultations held on draft resolution A/C.2/57/L.41 - Activities undertaken in preparation for the International Year of Freshwater, 2003 [A C E F R S] </s>
	</p>
	<p n="437">
	  <s n="475"> A/C.2/57/L.88 Item 88 - Operational activities for development - Draft decision submitted by the Vice-Chairman of the Committee, on the basis of informal consultations held on draft resolution A/C.2/57/L.25 - Pledging mechanisms and resource mobilization for operational activities for development of the United Nations system [A C E F R S] </s>
	</p>
	<p n="438">
	  <s n="476"> Fifth Committee </s>
	</p>
	<p n="439">
	  <s n="477"> A/C.5/57/31 Item 112 - Programme budget for the biennium 2002-2003 - United Nations Institute for Training and Research - Programme budget implications of draft resolution A/C.5/57/L.38 - Statement submitted by the Secretary-General in accordance with rule 153 of the rules of procedure of the General Assembly [A C E F R S] </s>
	</p>
	<p n="440">
	  <s n="478"> A/C.5/57/INF/1/Corr.1 Membership of the Fifth Committee [E/F (bilingual)] </s>
	</p>
	<p n="441">
	  <s n="479"> A/C.5/57/INF/1/Add.1 Addendum [E/F (bilingual)] </s>
	</p>
	<p n="442">
	  <s n="480"> Security Council Documents </s>
	</p>
	<p n="443">
	  <s n="481"> S/2002/1326 Letter dated 6 December 2002 from the Secretary-General addressed to the President of the Security Council [A C E F R S] </s>
	</p>
	<p n="444">
	  <s n="482"> S/2002/1341 Report of the Secretary-General on the United Nations Mission of Observers in Prevlaka [A C E F R S] </s>
	</p>
	<p n="445">
	  <s n="483"> S/2002/1342 Identical letters dated 7 December 2002 from the Permanent Representative of Iraq to the United Nations addressed to the Secretary-General and to the President of the Security Council [A C E F R S] </s>
	</p>
	<p n="446">
	  <s n="484"> S/2002/1346 Letter dated 10 December 2002 from the Permanent Observer of Palestine to the United Nations addressed to the President of the Security Council [A C E F R S] </s>
	</p>
	<p n="447">
	  <s n="485"> S/Agenda/4660 Provisional agenda [A C E F R S] </s>
	</p>
	<p n="448">
	  <s n="486"> Secretariat </s>
	</p>
	<p n="449">
	  <s n="487"> ST/SGB/2002/15 Secretary-General&apos;s bulletin - Staff-Management Coordination Committee [E/F] </s>
	</p>
	<p n="450">
	  <s n="488"> Sales Publications </s>
	</p>
	<p n="451">
	  <s n="489"> A/CONF.199/20* Report of the World Summit on Sustainable Development - Johannesburg, South Africa, 26 August-4 September 2002 - Sales No. </s>
	  <s n="490"> 03.II.A.1 - * Reissued for technical reasons [A C E F R S] </s>
	</p>
	<p n="452">
	  <s n="491"> Communications to the Editor </s>
	</p>
	<p n="453">
	  <s n="492"> Material for inclusion in the Journal may be sent to room S-2370 (tel. </s>
	  <s n="493"> 1 (212) 963-3888, 963-6771 and 963-6776; fax 1 (212) 963-4790; e-mail journal@un.org). </s>
	</p>
	<p n="454">
	  <s n="494"> Office opens at 4.30 p.m. </s>
	</p>
	<p n="455">
	  <s n="495"> Published at Headquarters, New York, by the Department for General Assembly and Conference Management. </s>
	</p>
	</body>
</text>
</DOC>