<?xml version="1.0" encoding="UTF-8"?>
<DOC lang="English" n="N0456985" id="JOURNAL NO. 2004/208" date="2004/10/27">
<text>
	<body>
	<p n="1">
	  <s n="1"> Official meetings </s>
	</p>
	<p n="2">
	  <s n="2"> Wednesday, 27 October 2004 </s>
	</p>
	<p n="3">
	  <s n="3"> Security Council </s>
	</p>
	<p n="4">
	  <s n="4"> 10 a.m. 5065th meeting Security Council Chamber </s>
	</p>
	<p n="5">
	  <s n="5"> Adoption of the agenda </s>
	</p>
	<p n="6">
	  <s n="6"> The situation in the Great Lakes region </s>
	</p>
	<p n="7">
	  <s n="7"> Morning1 Consultations of the whole (closed) Consultations Room </s>
	</p>
	<p n="8">
	  <s n="8"> Great Lakes region </s>
	</p>
	<p n="9">
	  <s n="9"> Other matters </s>
	</p>
	<p n="10">
	  <s n="10"> 1 To be held following the adjournment of the 5065th meeting. </s>
	</p>
	<p n="11">
	  <s n="11"> Security Council </s>
	</p>
	<p n="12">
	  <s n="12"> There will be a meeting today, 27 October 2004, at 3.15 p.m. in the Trusteeship Council Chamber, chaired jointly by the Presidents of the General Assembly, the Security Council and the Economic and Social Council, to mark the publication of the final report of the Sierra Leone Truth and Reconciliation Commission. </s>
	  <s n="13"> Representatives of all Permanent and Observer Missions, non-governmental organizations and the media are invited to attend. </s>
	</p>
	<p n="13">
	  <s n="14"> The Security Council will hold an open debate on Thursday, 28 October 2004, in the Security Council Chamber, in connection with the agenda item “Women and peace and security”. </s>
	  <s n="15"> Member States wishing to inscribe their names on the list of speakers should contact the Secretariat (room S-3520; or tel. </s>
	  <s n="16"> 1 (212) 963-5263), as from Monday, 25 October 2004, from 9.30 a.m. to 6 p.m. Speakers are kindly requested to limit their statements to no more than five minutes. </s>
	</p>
	<p n="14">
	  <s n="17"> General Assembly </s>
	</p>
	<p n="15">
	  <s n="18"> Fifty-ninth session </s>
	</p>
	<p n="16">
	  <s n="19"> General Committee </s>
	</p>
	<p n="17">
	  <s n="20"> 9.15 a.m. 5th meeting Economic and Social Council Chamber </s>
	</p>
	<p n="18">
	  <s n="21"> Organization of work, adoption of the agenda and allocation of items </s>
	</p>
	<p n="19">
	  <s n="22"> (a) Request for the inclusion of an additional item submitted by several Member States (A/59/235) </s>
	</p>
	<p n="20">
	  <s n="23"> (b) Request for the inclusion of an additional item submitted by several Member States (A/59/234) </s>
	</p>
	<p n="21">
	  <s n="24"> (c) Request for the inclusion of an additional sub-item: note by the Secretary-General (A/59/237) </s>
	</p>
	<p n="22">
	  <s n="25"> (d) Request for the inclusion of an additional item submitted by Azerbaijan and Turkey (A/59/236 and A/59/236/Add.1) </s>
	</p>
	<p n="23">
	  <s n="26"> 10 a.m. 42nd plenary meeting General Assembly Hall </s>
	</p>
	<p n="24">
	  <s n="27"> 3 p.m. 43rd plenary meeting General Assembly Hall </s>
	</p>
	<p n="25">
	  <s n="28"> Culture of peace ; sport for peace and development: International Year of Sport and Physical Education : joint debate </s>
	</p>
	<p n="26">
	  <s n="29"> (a) Culture of peace </s>
	</p>
	<p n="27">
	  <s n="30"> (i) Notes by the Secretary-General (A/59/201 and A/59/223) </s>
	</p>
	<p n="28">
	  <s n="31"> (ii) Draft resolution (A/59/L.15) </s>
	</p>
	<p n="29">
	  <s n="32"> (b) Sport for peace and development: International Year of Sport and Physical Education </s>
	</p>
	<p n="30">
	  <s n="33"> (i) Report of the Secretary-General (A/59/268) </s>
	</p>
	<p n="31">
	  <s n="34"> (ii) Draft resolution (A/59/L.9) </s>
	</p>
	<p n="32">
	  <s n="35"> Follow-up to the outcome of the special session on children: report of the Secretary-General (A/59/274) </s>
	</p>
	<p n="33">
	  <s n="36"> Main Committees </s>
	</p>
	<p n="34">
	  <s n="37"> First Committee </s>
	</p>
	<p n="35">
	  <s n="38"> 3-6 p.m. 18th meeting Conference Room 2 </s>
	</p>
	<p n="36">
	  <s n="39"> Action on all draft resolutions submitted under all disarmament and international security agenda items (items 57-72): item 57 (A/59/192 and A/C.1/59/L.8); item 58 (A/C.1/59/L.55/Rev.1); item 59 (A/C.1/59/L.33); item 60 (A/59/116, A/59/116/Add.1 and A/C.1/59/L.2/Rev.1); item 61 (A/C.1/59/L.32); item 62 (A/59/165 (Part I), A/59/165 (Part I)/Corr.1 and A/C.1/59/L.8); item 63 (A/C.1/59/L.44); item 64 (A/C.1/59/L.36); item 65 (A/59/117, A/59/117/Add.1, A/59/118, A/59/119, A/59/127, A/59/127/Add.1, A/59/127/Corr.1, A/59/128, A/59/128/Add.1, A/59/129, A/59/132, A/59/132/Add.1, A/59/132/Add.2, A/59/132/Add.2/Corr.1, A/59/132/Add.3, A/59/132/Add.4, A/59/132/Add.5, A/59/136, A/59/137, A/59/137/Add.1, A/59/156, A/59/156/Add.1, A/59/178, A/59/178/Add.1, A/59/179, A/59/181, A/59/193, A/59/278, A/59/278/Corr.1, A/59/364, A/C.1/59/L.1, A/C.1/59/L.5, A/C.1/59/L.6/Rev.1, A/C.1/59/L.7, A/C.1/59/L.10, A/C.1/59/L.11, A/C.1/59/L.12*, A/C.1/59/L.13, A/C.1/59/L.14, A/C.1/59/L.15, A/C.1/59/L.16, A/C.1/59/L.19/Rev.1, A/C.1/59/L.21/Rev.1, A/C.1/59/L.23, A/C.1/59/L.26/Rev.1, A/C.1/59/L.28, A/C.1/59/L.30, A/C.1/59/L.31, A/C.1/59/L.34, A/C.1/59/L.38*, A/C.1/59/L.39, A/C.1/59/L.40/Rev.1, A/C.1/59/L.41, A/C.1/59/L.43, A/C.1/59/L.45/Rev.1, A/C.1/59/L.46, A/C.1/59/L.47, A/C.1/59/L.48, A/C.1/59/L.49/Rev.1, A/C.1/59/L.50, A/C.1/59/L.52, A/C.1/59/L.53, A/C.1/59/L.56, A/C.1/59/L.57, A/C.1/59/L.58 and A/C.1/59/L.59); item 66 (A/59/157, A/59/169, A/59/171, A/59/177, A/59/182, A/59/209, A/59/364, A/C.1/59/L.3, A/C.1/59/L.4/Rev.1, A/C.1/59/L.9, A/C.1/59/L.18, A/C.1/59/L.20, A/C.1/59/L.24, A/C.1/59/L.29 and A/C.1/59/L.51); item 67 (A/59/27 (Suppl. </s>
	  <s n="40"> 27), A/59/42 (Suppl. </s>
	  <s n="41"> 42), A/59/168, A/59/361, A/C.1/59/L.27/Rev.1 and A/C.1/59/L.42*); item 68 (A/59/165 (Part II) and A/C.1/59/L.37); item 69 (A/C.1/59/L.54); item 70 (A/59/130, A/59/130/Add.1 and A/C.1/59/L.35); item 71 (A/C.1/59/L.25); and item72 (A/C.1/59/L.17) </s>
	</p>
	<p n="37">
	  <s n="42"> Other documents (A/C.1/59/1, A/C.1/59/2, A/C.1/59/3*, A/C.1/59/4, A/C.1/59/INF/1, A/C.1/59/INF/2, A/C.1/59/INF/2/Add.1 and A/C.1/59/INF/2/Add.2) </s>
	</p>
	<p n="38">
	  <s n="43"> Special Political and Decolonization Committee (Fourth Committee) </s>
	</p>
	<p n="39">
	  <s n="44"> 10 a.m.-1 p.m. 17th meeting Conference Room 2 </s>
	</p>
	<p n="40">
	  <s n="45"> Comprehensive review of the whole question of peacekeeping operations in all their aspects </s>
	</p>
	<p n="41">
	  <s n="46"> General debate </s>
	</p>
	<p n="42">
	  <s n="47"> 3-6 p.m. Informal consultations (closed) Conference Room 4 </s>
	</p>
	<p n="43">
	  <s n="48"> Open-ended informal consultations on Programme 23 (Public Information) under agenda item 109 </s>
	</p>
	<p n="44">
	  <s n="49"> Second Committee </s>
	</p>
	<p n="45">
	  <s n="50"> 10 a.m.-12 noon Conference Room 4 </s>
	</p>
	<p n="46">
	  <s n="51"> Keynote address on the theme “Trade and development” by Mr. Thomas Friedman, Foreign Affairs Columnist of The New York Times </s>
	</p>
	<p n="47">
	  <s n="52"> [The event, organized by the Office for Economic and Social Council Support and Coordination, Department of Economic and Social Affairs, will be presided over by Mr. Marco Balarezo (Peru), Chairman of the Second Committee. </s>
	  <s n="53"> Members of permanent missions, Secretariat staff, representatives of intergovernmental and non-governmental organizations and the media are invited to attend. </s>
	  <s n="54"> ] </s>
	</p>
	<p n="48">
	  <s n="55"> 12 noon-1 p.m. 18th meeting Conference Room 4 </s>
	</p>
	<p n="49">
	  <s n="56"> Sustainable development </s>
	</p>
	<p n="50">
	  <s n="57"> Introduction of draft resolutions A/C.2/59/L.16 </s>
	</p>
	<p n="51">
	  <s n="58"> (a) Implementation of Agenda 21, the Programme for the Further Implementation of Agenda 21 and the outcomes of the World Summit on Sustainable Development </s>
	</p>
	<p n="52">
	  <s n="59"> Introduction of draft resolutions A/C.2/59/L.6 and A/C.2/59/L.15 </s>
	</p>
	<p n="53">
	  <s n="60"> (b) Further implementation of the Programme of Action for the Sustainable Development of Small Island Developing States </s>
	</p>
	<p n="54">
	  <s n="61"> Introduction of draft resolutions A/C.2/59/L.10 and A/C.2/59/L.171 </s>
	</p>
	<p n="55">
	  <s n="62"> (c) International Strategy for Disaster Reduction </s>
	</p>
	<p n="56">
	  <s n="63"> Introduction of draft resolutions A/C.2/59/L.7, A/C.2/59/L.8 and A/C.2/59/L.11 </s>
	</p>
	<p n="57">
	  <s n="64"> (d) Protection of global climate for present and future generations of mankind </s>
	</p>
	<p n="58">
	  <s n="65"> Introduction of draft resolution A/C.2/59/L.13 </s>
	</p>
	<p n="59">
	  <s n="66"> (e) Implementation of the United Nations Convention to Combat Desertification in Those Countries Experiencing Serious Drought and/or Desertification, Particularly in Africa </s>
	</p>
	<p n="60">
	  <s n="67"> Introduction of draft resolution A/C.2/59/L.14 </s>
	</p>
	<p n="61">
	  <s n="68"> (f) Convention on Biological Diversity </s>
	</p>
	<p n="62">
	  <s n="69"> Introduction of draft resolution A/C.2/59/L.12 </s>
	</p>
	<p n="63">
	  <s n="70"> (g) United Nations Decade of Education for Sustainable Development </s>
	</p>
	<p n="64">
	  <s n="71"> Introduction of draft resolution A/C.2/59/L.9 </s>
	</p>
	<p n="65">
	  <s n="72"> Macroeconomic policy questions </s>
	</p>
	<p n="66">
	  <s n="73"> (b) International financial system and development </s>
	</p>
	<p n="67">
	  <s n="74"> Draft draft resolution A/C.2/59/L.2 </s>
	</p>
	<p n="68">
	  <s n="75"> (c) External debt crisis and development </s>
	</p>
	<p n="69">
	  <s n="76"> Draft resolution A/C.2/59/L.3 </s>
	</p>
	<p n="70">
	  <s n="77"> Follow-up to and implementation of the outcome of the International Conference on Financing for Development </s>
	</p>
	<p n="71">
	  <s n="78"> Draft resolution A/C.2/59/L.4 </s>
	</p>
	<p n="72">
	  <s n="79"> 1 To be issued. </s>
	</p>
	<p n="73">
	  <s n="80"> Third Committee </s>
	</p>
	<p n="74">
	  <s n="81"> 10 a.m.-1 p.m. 26th meeting Conference Room 1 </s>
	</p>
	<p n="75">
	  <s n="82"> 3-6 p.m. 27th meeting Conference Room 1 </s>
	</p>
	<p n="76">
	  <s n="83"> Human rights questions (A/59/225, A/59/371 and A/59/4251) </s>
	</p>
	<p n="77">
	  <s n="84"> (b) Human rights questions, including alternative approaches for improving the effective enjoyment of human rights and fundamental freedoms (A/59/255, A/59/319, A/59/320, A/59/323, A/59/327, A/59/328, A/59/341, A/59/360, A/59/366, A/59/377, A/59/385, A/59/401, A/59/402, A/59/403, A/59/4221, A/59/4281, A/59/4321, A/59/436 and A/59/5251) </s>
	</p>
	<p n="78">
	  <s n="85"> 1 To be issued. </s>
	</p>
	<p n="79">
	  <s n="86"> (c) Human rights situations and reports of special rapporteurs and representatives (A/59/256, A/59/269, A/59/311, A/59/316, A/59/340, A/59/352, A/59/367, A/59/370, A/59/378, A/59/389 and A/59/413) </s>
	</p>
	<p n="80">
	  <s n="87"> (e) Report of the United Nations High Commissioner for Human Rights (A/59/36) </s>
	</p>
	<p n="81">
	  <s n="88"> Introductory statements by, and dialogue with: </s>
	</p>
	<p n="82">
	  <s n="89"> Special Rapporteur on torture and other cruel, inhuman or degrading treatment or punishment </s>
	</p>
	<p n="83">
	  <s n="90"> Special Rapporteur on extrajudicial, summary or arbitrary executions </s>
	</p>
	<p n="84">
	  <s n="91"> Special Rapporteur on freedom of religion or belief </s>
	</p>
	<p n="85">
	  <s n="92"> Special Rapporteur on the right to food </s>
	</p>
	<p n="86">
	  <s n="93"> Special Rapporteur on the human rights of migrants </s>
	</p>
	<p n="87">
	  <s n="94"> Independent Expert on the protection of human rights and fundamental freedoms while countering terrorism </s>
	</p>
	<p n="88">
	  <s n="95"> Fifth Committee </s>
	</p>
	<p n="89">
	  <s n="96"> 10 a.m.-1 p.m. 14th meeting Conference Room 3 </s>
	</p>
	<p n="90">
	  <s n="97"> Human resources management (A/59/263, A/59/263/Add.1, A/59/263/Add.2, A/59/357, A/59/211, A/59/264, A/59/291, A/59/446, A/59/217, A/59/222, A/58/666, A/59/299, A/C.5/58/L.13, A/58/283, A/59/213, A/59/213/Add.1, A/C.5/59/4, A/59/388, A/59/253, A/59/152, A/59/65 and A/59/65/Add.1) </s>
	</p>
	<p n="91">
	  <s n="98"> Introduction and general discussion </s>
	</p>
	<p n="92">
	  <s n="99"> United Nations common system (A/59/16 (Vols. I and II), A/59/153, A/59/399, A/59/429 and A/59/522) </s>
	</p>
	<p n="93">
	  <s n="100"> Introduction and general discussion </s>
	</p>
	<p n="94">
	  <s n="101"> General Assembly </s>
	</p>
	<p n="95">
	  <s n="102"> Advisory Committee on Administrative and Budgetary Questions </s>
	</p>
	<p n="96">
	  <s n="103"> 11 a.m.−1 p.m. Closed meeting Conference Room 10 </s>
	</p>
	<p n="97">
	  <s n="104"> 3−6 p.m. Closed meeting Conference Room 10 </s>
	</p>
	<p n="98">
	  <s n="105"> Draft report </s>
	</p>
	<p n="99">
	  <s n="106"> Information and Communications Technology Strategy </s>
	</p>
	<p n="100">
	  <s n="107"> Strengthening the Department of Public Information, within the existing capacity, in order to support and enhance the United Nations Web site in all official languages of the Organization: status of implementation </s>
	</p>
	<p n="101">
	  <s n="108"> General Assembly </s>
	</p>
	<p n="102">
	  <s n="109"> Fifty-ninth session </s>
	</p>
	<p n="103">
	  <s n="110"> Informal consultations on agenda item 49 (b) (Oceans and the law of the sea) </s>
	</p>
	<p n="104">
	  <s n="111"> Open-ended informal consultations on the draft resolution on agenda item 49 (b) (Sustainable fisheries, including through the 1995 Agreement for the Implementation of the Provisions of the United Nations Convention on the Law of the Sea of 10 December 1982 relating to the Conservation and Management of Straddling Fish Stocks and Highly Migratory Fish Stocks, and related instruments) will be held today, 27 October 2004, from 1.15 to 2.45 p.m. and from 3 to 6 p.m. in Conference Room 8. </s>
	</p>
	<p n="105">
	  <s n="112"> First Committee </s>
	</p>
	<p n="106">
	  <s n="113"> Informal consultations </s>
	</p>
	<p n="107">
	  <s n="114"> Informal consultations on agenda item 109 (Programme planning (Prog. </s>
	  <s n="115"> 3), Disarmament (A/59/6 (Prog. </s>
	  <s n="116"> 3) and A/59/16, chap. </s>
	  <s n="117"> II, sect. </s>
	  <s n="118"> C, prog. </s>
	  <s n="119"> 3)) will be held today, 27 October 2004, from 1.15 to 2.30 p.m. in the Trusteeship Council Chamber. </s>
	</p>
	<p n="108">
	  <s n="120"> Second Committee </s>
	</p>
	<p n="109">
	  <s n="121"> Informal “informals” </s>
	</p>
	<p n="110">
	  <s n="122"> A meeting, organized by the Permanent Mission of Angola, to discuss the introduction of a draft resolution entitled “International assistance for the economic rehabilitation of Angola”, under agenda item 39 (b), will be held today, 27 October 2004, from 9.30 to 11 a.m. in Conference Room C. </s>
	</p>
	<p n="111">
	  <s n="123"> Informal “informals”, convened by the Facilitator, Mr. Gustavo Ainchil (Argentina), on the draft resolution on agenda item 85 (d) (Protection of global climate for present and future generations of mankind), will be held today, 27 October 2004, from 11.30 a.m. to 1 p.m. in Conference Room C. </s>
	</p>
	<p n="112">
	  <s n="124"> Informal “informals”, convened by the Facilitator, Mr. George Talbot (Guyana), on the draft resolution on agenda item 83 (b) (International financial system and development), will be held today, 27 October 2004, from 1.15 to 2.45 p.m. in Conference Room 2. </s>
	</p>
	<p n="113">
	  <s n="125"> Informal “informals”, convened by the Facilitator, Ms. Eva Tomić (Slovenia), on the draft resolution on agenda item 85 (g) (United Nations Decade of Education for Sustainable Development), will be held today, 27 October 2004, from 2 to 3 p.m. in Conference Room S-2963D. </s>
	</p>
	<p n="114">
	  <s n="126"> Informal “informals”, convened by the Facilitator, Mr. Stefano Toscano (Switzerland), on the draft resolutions on agenda item 85 (c) (International Strategy for Disaster Reduction) and on international cooperation to reduce the impact of the El Niño phenomenon, will be held today, 27 October 2004, from 3 to 4.30 p.m. in Conference Room C. </s>
	</p>
	<p n="115">
	  <s n="127"> Informal “informals”, convened by the Facilitator, Mr. José Briz Gutiérrez (Guatemala), on the draft resolution on agenda item 83 (c) (External debt crisis and development), will be held today, 27 October 2004, from 4 to 6 p.m. in Conference Room C-209. </s>
	</p>
	<p n="116">
	  <s n="128"> Informal “informals”, convened by the Facilitator, Mr. Juraj Koudelka (Czech Republic), on the draft resolution on natural disasters and vulnerability, under agenda item 85 (c), will be held today, 27 October 2004, from 4.30 to 6 p.m. in Conference Room C. </s>
	</p>
	<p n="117">
	  <s n="129"> Third Committee </s>
	</p>
	<p n="118">
	  <s n="130"> Informal consultations </s>
	</p>
	<p n="119">
	  <s n="131"> There will be informal consultations, convened by Ms. Astanah Banu Shri Abdul Aziz (Malaysia), to negotiate the Chairman&apos;s text relating to the issue of revitalization of the work of the Committee, today, 27 October 2004, from 1.15 to 2.45 p.m. in Conference Room 5. </s>
	</p>
	<p n="120">
	  <s n="132"> Other meetings </s>
	</p>
	<p n="121">
	  <s n="133"> The information below is reproduced as received and does not imply any opinion or endorsement by the Secretariat of the United Nations. </s>
	</p>
	<p n="122">
	  <s n="134"> Wednesday, 27 October 2004 </s>
	</p>
	<p n="123">
	  <s n="135"> JUSCANZ Group (Third Committee) </s>
	</p>
	<p n="124">
	  <s n="136"> 9-9.45 a.m. Closed meeting Conference Room D </s>
	</p>
	<p n="125">
	  <s n="137"> 2004 United Nations Programme of Fellowships on Disarmament </s>
	</p>
	<p n="126">
	  <s n="138"> 9 a.m.-1 p.m. Closed meeting Conference Room E </s>
	</p>
	<p n="127">
	  <s n="139"> 2-6 p.m. Closed meeting Conference Room E </s>
	</p>
	<p n="128">
	  <s n="140"> Group of 77 (core group on the groups of countries in special situations: specific actions related to the particular needs and problems of landlocked developing countries: outcome of the International Ministerial Conference of Landlocked and Transit Developing Countries and Donor Countries and International Financial and Development Institutions on Transit Transport Cooperation) </s>
	</p>
	<p n="129">
	  <s n="141"> 10-11.30 a.m. Closed meeting Conference Room B </s>
	</p>
	<p n="130">
	  <s n="142"> Group of 77 (external debt crisis and development) </s>
	</p>
	<p n="131">
	  <s n="143"> 11.30 a.m.-1 p.m. Closed meeting Conference Room B </s>
	</p>
	<p n="132">
	  <s n="144"> Group of 77 (coordinating meeting on sustainable development) </s>
	</p>
	<p n="133">
	  <s n="145"> 1.15-2.45 p.m. Closed meeting Conference Room B </s>
	</p>
	<p n="134">
	  <s n="146"> Group of 77 (Fourth Committee matters) </s>
	</p>
	<p n="135">
	  <s n="147"> 1.15-2.45 p.m. Closed meeting Conference Room 9 </s>
	</p>
	<p n="136">
	  <s n="148"> Group of 77 (briefing by the United Nations University; followed by meeting on draft resolution on the follow-up and implementation of the outcome of the International Conference on Financing for Development) </s>
	</p>
	<p n="137">
	  <s n="149"> 3-6 p.m. Closed meeting Economic and Social Council Chamber </s>
	</p>
	<p n="138">
	  <s n="150"> Group of 77 (Fifth Committee matters) </s>
	</p>
	<p n="139">
	  <s n="151"> 3-6 p.m. Closed meeting Conference Room 5 </s>
	</p>
	<p n="140">
	  <s n="152"> Arab Group </s>
	</p>
	<p n="141">
	  <s n="153"> 10.30 a.m.-1 p.m. Closed meeting Conference Room 7 </s>
	</p>
	<p n="142">
	  <s n="154"> Informal consultations on a Third Committee draft resolution on extrajudicial, summary or arbitrary executions (organized by the Permanent Mission of Finland) </s>
	</p>
	<p n="143">
	  <s n="155"> 1.15-2.45 p.m. Closed meeting Conference Room D </s>
	</p>
	<p n="144">
	  <s n="156"> Informal consultations on a draft resolution on combating the criminal misuse of information technologies (cyber crime) (organized by the United States Mission) </s>
	</p>
	<p n="145">
	  <s n="157"> 1.15-2.45 p.m. Closed meeting Economic and Social Council Chamber </s>
	</p>
	<p n="146">
	  <s n="158"> Informal consultations on the outcome of the ten-year review of the World Summit for Social Development and of the twenty-fourth special session of the General Assembly (organized by the Permanent Mission of Morocco) </s>
	</p>
	<p n="147">
	  <s n="159"> 3-6 p.m. Closed meeting Conference Room D </s>
	</p>
	<p n="148">
	  <s n="160"> Group of Latin American and Caribbean States (GRULAC) </s>
	</p>
	<p n="149">
	  <s n="161"> 4-6 p.m. Closed meeting Conference Room 3 </s>
	</p>
	<p n="150">
	  <s n="162"> Third United Nations Coordination Meeting on International Migration </s>
	</p>
	<p n="151">
	  <s n="163"> The third Coordination Meeting on International Migration, organized the Population Division, Department of Economic and Social Affairs, will take place today and tomorrow, 17 and 28 October 2004, from 10 a.m. to 1 p.m. and from 3 to 6 p.m. in Conference Room 6. </s>
	  <s n="164"> Members of Permanent Missions, Secretariat staff and representatives of the media are invited to attend. </s>
	  <s n="165"> For further information, please contact Mr. Joseph Chamie, Director, Population Division (tel. </s>
	</p>
	<p n="152">
	  <s n="166"> United Nations Development Programme </s>
	</p>
	<p n="153">
	  <s n="167"> The first meeting in the process of consultation with UNDP Member States on the Human Development Report 2005 will be held today, 27 October 2004, from 10.30 a.m. to 12 noon in the Economic and Social Council Chamber. </s>
	  <s n="168"> Interested delegations are invited to attend. </s>
	</p>
	<p n="154">
	  <s n="169"> United Nations Administrative Tribunal </s>
	</p>
	<p n="155">
	  <s n="170"> The United Nations Administrative Tribunal will hold closed meetings today, 27 October 2004, from 10 a.m. to 1 p.m. and from 3 to 6 p.m. in room DC2-0461. </s>
	</p>
	<p n="156">
	  <s n="171"> Press conferences </s>
	</p>
	<p n="157">
	  <s n="172"> The schedule below is tentative; up-to-date information can be obtained at www.un.org/News/ossg/conf.htm. </s>
	</p>
	<p n="158">
	  <s n="173"> Wednesday, 27 October 2004 </s>
	</p>
	<p n="159">
	  <s n="174"> Room S-226 </s>
	</p>
	<p n="160">
	  <s n="175"> 10 a.m. H.E. Mr. Philippe D. Djangoné-Bi, Permanent Representative of Côte d&apos;Ivoire (on the current situation in his country) </s>
	</p>
	<p n="161">
	  <s n="176"> 12 noon Press briefing by the Spokesman </s>
	</p>
	<p n="162">
	  <s n="177"> 2.25 p.m. Ms. Louise Arbour, United Nations High Commissioner for Human Rights; Ms. Carol Bellamy, Executive Director of the United Nations Children&apos;s Fund; Mr. Jan Egeland, Under-Secretary-General for Humanitarian Affairs and Emergency Relief Coordinator; and Mr. Mark Malloch Brown, Administrator of the United Nations Development Programme (on Action 2 of the Secretary-General&apos;s reform program on strengthening United Nations human rights-related actions at the country level) </s>
	</p>
	<p n="163">
	  <s n="178"> 3.30 p.m. Mr. Theo C. van Boven, Special Rapporteur on torture and other cruel, inhuman or degrading treatment or punishment </s>
	</p>
	<p n="164">
	  <s n="179"> Announcements </s>
	</p>
	<p n="165">
	  <s n="180"> Special panel discussion on “The role of the Ombudsman as facilitator of informal conflict resolution and as agent for change” (organized by the Office of the United Nations Ombudsman) </s>
	</p>
	<p n="166">
	  <s n="181"> There will be a special panel discussion on “The Role of the Ombudsman as Facilitator of Informal Conflict Resolution and as Agent for Change”, organized by the Office of the United Nations Ombudsman today, 27 October 2004, from 2.15 to 4 p.m. in Conference Room 3. </s>
	  <s n="182"> Opening remarks will be delivered by Deputy Secretary-General, Ms. Louise Fréchette. </s>
	  <s n="183"> The panellists will include Ms. Mary Murphy, Ombudsman, International Monetary Fund (IMF); Prof. Mary Rowe, Ombudsman, Massachusetts Institute of Technology (MIT); and Dr. Thomas Zgambo, Ombudsman, Coca-Cola Enterprises, Inc. and President of The Ombudsman Association (TOA). </s>
	  <s n="184"> Members of Permanent Missions, Secretariat staff, and representatives of agencies and organizations of the United Nations System are invited to attend. </s>
	  <s n="185"> For further information on the Office of the United Nations Ombudsman, please visit the Ombudsman&apos;s Web site at www.un.org/ombudsman. </s>
	</p>
	<p n="167">
	  <s n="186"> Forthcoming official meetings </s>
	</p>
	<p n="168">
	  <s n="187"> Thursday, 28 October 2004 </s>
	</p>
	<p n="169">
	  <s n="188"> General Assembly </s>
	</p>
	<p n="170">
	  <s n="189"> Fifty-ninth session </s>
	</p>
	<p n="171">
	  <s n="190"> 10 a.m. 44th plenary meeting General Assembly Hall </s>
	</p>
	<p n="172">
	  <s n="191"> Necessity of ending the economic, commercial and financial embargo imposed by the United States of America against Cuba </s>
	</p>
	<p n="173">
	  <s n="192"> (a) Report of the Secretary-General (A/59/302, Part I, and A/59/302, Part II1) </s>
	</p>
	<p n="174">
	  <s n="193"> (b) Draft resolution (A/59/L.2) </s>
	</p>
	<p n="175">
	  <s n="194"> 3 p.m. 45th plenary meeting General Assembly Hall </s>
	</p>
	<p n="176">
	  <s n="195"> Election of eighteen members of the Economic and Social Council [15 (b)] </s>
	</p>
	<p n="177">
	  <s n="196"> 1 To be issued. </s>
	</p>
	<p n="178">
	  <s n="197"> Main Committees </s>
	</p>
	<p n="179">
	  <s n="198"> Second Committee Informal “informals” </s>
	</p>
	<p n="180">
	  <s n="199"> Informal “informals”, convened by the Facilitator, Mr. José Briz Gutiérrez (Guatemala), on the draft resolution on agenda item 83 (c) (External debt crisis and development), will be held on Thursday, 28 October 2004, from 10 a.m. to 1 p.m. in Conference Room C-209. </s>
	</p>
	<p n="181">
	  <s n="200"> Informal “informals”, convened by the Facilitator, Mr. Xolisa Mabhongo (South Africa), on the draft resolution on agenda item 85 (f) (Convention on Biological Diversity), will be held on Thursday, 28 October 2004, from 10 to 11.30 a.m. in Conference Room C. </s>
	</p>
	<p n="182">
	  <s n="201"> Informal “informals”, convened by the Facilitator, Ms. Irena Zubčević (Croatia), on the draft resolution on agenda item 85 (a) (Implementation of Agenda 21, the Programme for the Further Implementation of Agenda 21 and the outcomes of the World Summit on Sustainable Development), will be held on Thursday, 28 October 2004, from 11.30 a.m. to 1 p.m. in Conference Room C. </s>
	</p>
	<p n="183">
	  <s n="202"> Informal “informals”, convened by the Facilitator, Mr. Kumar Gupta (Canada), on the draft resolution on agenda item 86 (Implementation of the outcome of the United Nations Conference on Human Settlements (Habitat II) and of the twenty-fifth special session of the General Assembly), will be held on Thursday, 28 October 2004, from 2 to 3 p.m. in Conference Room C. </s>
	</p>
	<p n="184">
	  <s n="203"> Informal “informals”, convened by the Facilitator, Mr. Paul Lolo (Nigeria), on the draft resolution on agenda item 85 (e) (Implementation of the United Nations Convention to Combat Desertification in Those Countries Experiencing Serious Drought and/or Desertification, Particularly in Africa), will be held on Thursday, 28 October 2004, from 3 to 4.30 p.m. in Conference Room C. </s>
	</p>
	<p n="185">
	  <s n="204"> Informal “informals”, convened by the Facilitator, Mr. Félix Mbayu (Cameroon), on the draft resolution on agenda item 84 (Follow-up to and implementation of the outcome of the International Conference on Financing for Development), will be held on Thursday, 28 October 2004, from 3 to 6 p.m., in a conference room to be announced in the Journal. </s>
	</p>
	<p n="186">
	  <s n="205"> Informal “informals”, convened by the Facilitator, Mr. Mark Ramsden (New Zealand), on the draft resolution on agenda item 85 (b) (Further implementation of the Programme of Action for the Sustainable Development of Small Island Developing States), will be held on Thursday, 28 October 2004, from 4.30 to 6 p.m. in Conference Room C. </s>
	</p>
	<p n="187">
	  <s n="206"> Keynote address </s>
	</p>
	<p n="188">
	  <s n="207"> A keynote address on the theme “Forging coherence to achieve the Millennium Development Goals in the context of globalization” will be delivered by Mr. Amartya Sen, Lamont University Professor at Harvard University and 1998 Nobel Laureate in Economics, on Friday, 29 October 2004, from 10 a.m. to 12 noon in Conference Room 4. </s>
	  <s n="208"> The address will be followed by remarks by Mr. Martin Wolf, Associate Editor and Chief Financial Commentator of The Financial Times. </s>
	  <s n="209"> The event, organized by the Office for Economic and Social Council Support and Coordination, Department of Economic and Social Affairs, will be presided over by Mr. Marco Balarezo (Peru), Chairman of the Second Committee. </s>
	  <s n="210"> Members of Permanent Missions, Secretariat staff, representatives of non-governmental organizations and the media are invited to attend. </s>
	</p>
	<p n="189">
	  <s n="211"> List of speakers </s>
	</p>
	<p n="190">
	  <s n="212"> The list of speakers for all items allocated to the Second Committee is open. </s>
	  <s n="213"> Delegations wishing to be inscribed are requested to contact the secretariat of the Committee (Ms. Maria Theresa Olvida (tel. </s>
	  <s n="214"> 1 (212) 963-8429; fax 1 (212) 963-5935; e-mail olvida@un.org)). </s>
	  <s n="215"> Delegations are reminded that the names of representatives, alternate representatives and advisers should be submitted to Mr. Nikhil Seth, Secretary of the Second Committee (room S-2950C; fax 1 (212) 963-5935). </s>
	</p>
	<p n="191">
	  <s n="216"> Third Committee Listed below is the schedule for introductory statements by Special Rapporteurs, Special Representatives, Independent Experts and Chairpersons of working groups of the special procedures of the Commission on Human Rights, who will be addressing the Third Committee. </s>
	  <s n="217"> The schedule will be adjusted as required. </s>
	</p>
	<p n="192">
	  <s n="218"> Thursday 28 October (agenda item 105) </s>
	</p>
	<p n="193">
	  <s n="219"> 10 a.m. Mr. John Dugard (Special Rapporteur on the situation of human rights in the Palestinian territories occupied since 1967); Mr. Cherif Bassiouni (Independent Expert on the situation of human rights in Afghanistan); and Mr. Paolo Sérgio Pinheiro (Special Rapporteur on the situation of human rights in Myanmar) </s>
	</p>
	<p n="194">
	  <s n="220"> 3 p.m. Mr. Vitit Muntarbhorn (Special Rapporteur on the situation of human rights in the Democratic People&apos;s Republic of Korea); Mr. Titinga Frédéric Pacéré (Independent Expert on the situation of human rights in the Democratic Republic of the Congo); and Mr. Emmanuel Akwei Addo (Independent Expert on the situation of human rights in the Sudan) </s>
	</p>
	<p n="195">
	  <s n="221"> Friday, 29 October (agenda item 105) </s>
	</p>
	<p n="196">
	  <s n="222"> 10 a.m. Mr. Akich Okola (Independent Expert on the situation of human rights in Burundi); Mr. Paul Hunt (Special Rapporteur on the right of everyone to the enjoyment of the highest attainable standard of physical and mental health); and Ms. Yakin Erturk (Special Rapporteur on violence against women, including its causes and consequences) </s>
	</p>
	<p n="197">
	  <s n="223"> 3 p.m. Mr. Ibrahim Salama (Chairperson-Rapporteur, Working Group on the right to development, Commission on Human Rights; and Ms. Sigma Huda (Special Rapporteur on trafficking in persons, particularly women and children) </s>
	</p>
	<p n="198">
	  <s n="224"> Wednesday 3 November </s>
	</p>
	<p n="199">
	  <s n="225"> 9.30 a.m. Mr. Doudou Diène (Special Rapporteur on contemporary forms of racism, racial discrimination, xenophobia and related intolerance) (agenda item 103); and Ms. Shaista Shameem (Special Rapporteur on the question of the use of mercenaries as a means of violating human rights and impeding the exercise of the right of peoples to self-determination) (agenda item 104). </s>
	</p>
	<p n="200">
	  <s n="226"> Informal consultations </s>
	</p>
	<p n="201">
	  <s n="227"> There will be informal consultations, convened by Ms. Astanah Banu Shri Abdul Aziz (Malaysia), to negotiate the Chairman&apos;s text relating to the issue of revitalization of the work of the Committee, on Friday, 29 October 2004, from 3 to 6 p.m. in the Economic and Social Council Chamber. </s>
	</p>
	<p n="202">
	  <s n="228"> List of speakers </s>
	</p>
	<p n="203">
	  <s n="229"> The list of speakers for the general discussion on all items allocated to the Third Committee is open (A/C.3/59/L.1/Rev.1). </s>
	  <s n="230"> Delegations wishing to be inscribed are kindly requested to contact the Third Committee secretariat (Ms. Vivian Bonano (tel. </s>
	  <s n="231"> 1 (212) 963-5973; fax 1 (212) 963-5935)). </s>
	  <s n="232"> Delegations are also requested to submit the names of representatives, alternate representatives and advisers to the Secretary of the Third Committee, Mr. Moncef Khane (room S-2950; fax 1 (212) 963-5935). </s>
	</p>
	<p n="204">
	  <s n="233"> Fifth Committee The Fifth Committee will hold its 15th meeting on Thursday, 28 October 2004, at 10 a.m. in Conference Room 3. </s>
	  <s n="234"> Informal consultations (closed) will be held at 3 p.m. in Conference Room 5. </s>
	</p>
	<p n="205">
	  <s n="235"> Sixth Committee The Sixth Committee will hold its 15th meeting on Thursday, 28 October 2004, at 10 a.m. in the Trusteeship Council Chamber. </s>
	</p>
	<p n="206">
	  <s n="236"> List of speakers </s>
	</p>
	<p n="207">
	  <s n="237"> The list of speakers for all remaining items allocated to the Sixth Committee is open (A/C.6/59/L.1). </s>
	  <s n="238"> Delegations wishing to be inscribed are kindly requested to contact the secretariat of the Sixth Committee (Ms. Nena Villena-Tanedo (tel. </s>
	  <s n="239"> 1 (212) 963-5375; fax 1 (212) 963-1963; e-mail villena-tanedo@un.org)). </s>
	</p>
	<p n="208">
	  <s n="240"> General Assembly </s>
	</p>
	<p n="209">
	  <s n="241"> 2004 United Nations Pledging Conference for Development Activities and 2004 United Nations/Food and Agriculture Organization of the United Nations Pledging Conference for the World Food Programme </s>
	</p>
	<p n="210">
	  <s n="242"> The 2004 United Nations Pledging Conference for Development Activities and the 2004 United Nations/Food and Agriculture Organization of the United Nations Pledging Conference for the World Food Programme, will be held on Thursday, 11 November 2004, from 9.30 a.m. to 12.30 p.m. and from 2.30 to 5.30 p.m. in Conference Room 2. </s>
	  <s n="243"> It would be appreciated if delegations could submit the names of their representatives to the Pledging Conferences, in writing, to Ms. Sangeeta Sharma (fax 1 (212) 963-5935). </s>
	</p>
	<p n="211">
	  <s n="244"> The list of speakers will be open from Wednesday, 3 November 2004. </s>
	  <s n="245"> Delegations wishing to be inscribed are requested to contact the secretariat of the Conference (Ms. Terri Olvida (fax 1 (212) 963-5935; or e-mail olvida@un.org). </s>
	</p>
	<p n="212">
	  <s n="246"> Other forthcoming meetings </s>
	</p>
	<p n="213">
	  <s n="247"> The information below is reproduced as received and does not imply any opinion or endorsement by the Secretariat of the United Nations. </s>
	</p>
	<p n="214">
	  <s n="248"> Group of 77 (core group on globalization and interdependence: international migration and development) </s>
	</p>
	<p n="215">
	  <s n="249"> There will be a closed meeting of the Group of 77 (core group on globalization and interdependence: international migration and development), on Thursday, 28 October 2004, from 10 a.m. to 1 p.m. in Conference Room 9. </s>
	</p>
	<p n="216">
	  <s n="250"> Group of 77 (draft resolution on the follow-up and implementation of the outcome of the International Conference on Financing for Development) </s>
	</p>
	<p n="217">
	  <s n="251"> There will be a closed meeting of the Group of 77 (draft resolution on the follow-up and implementation of the outcome of the International Conference on Financing for Development), on Thursday, 28 October 2004, from 1.15 to 2.45 p.m. in Conference Room 9. </s>
	</p>
	<p n="218">
	  <s n="252"> Group of 77 (core group on globalization and interdependence: preventing and combating corrupt practices and transfer of funds of illicit origin and returning such assets to the countries of origin) </s>
	</p>
	<p n="219">
	  <s n="253"> There will be a closed meeting of the Group of 77 (core group on globalization and interdependence: preventing and combating corrupt practices and transfer of funds of illicit origin and returning such assets to the countries of origin), on Thursday, 28 October 2004, from 3 to 6 p.m. in Conference Room 9. </s>
	</p>
	<p n="220">
	  <s n="254"> Meeting of co-sponsors of a Third Committee draft resolution on strengthening the promotion and protection of human rights and fundamental freedoms while countering terrorism (organized by the Permanent Mission of Mexico) </s>
	</p>
	<p n="221">
	  <s n="255"> There will be a meeting of co-sponsors of a Third Committee draft resolution on strengthening the promotion and protection of human rights and fundamental freedoms while countering terrorism, organized by the Permanent Mission of Mexico, on Thursday, 28 October 2004, from 10 a.m. to 1 p.m. in Conference Room D. </s>
	</p>
	<p n="222">
	  <s n="256"> Meeting of co-sponsors of a Third Committee draft resolution on the protection and promotion of the rights and dignity of persons with disabilities (organized by the Permanent Mission of Mexico) </s>
	</p>
	<p n="223">
	  <s n="257"> There will be a meeting of co-sponsors of a Third Committee draft resolution on the protection and promotion of the rights and dignity of persons with disabilities, organized by the Permanent Mission of Mexico, on Thursday, 28 October 2004, from 1.15 to 2.45 p.m. in Conference Room D. </s>
	</p>
	<p n="224">
	  <s n="258"> Informal consultations on a Third Committee draft decision on the outcome of the ten-year review of the World Summit for Social Development and of the twenty-fourth special session of the General Assembly (organized by the Permanent Mission of South Africa) </s>
	</p>
	<p n="225">
	  <s n="259"> Informal consultations on a Third Committee draft decision on the outcome of the ten-year review of the World Summit for Social Development and of the twenty-fourth special session of the General Assembly, organized by the Permanent Mission of South Africa, will be held on Thursday, 28 October 2004, in Conference Room 4, at a time to be announced. </s>
	</p>
	<p n="226">
	  <s n="260"> Open-ended informal consultations on a Third Committee draft resolution on the “Rights of the child” (organized by the Permanent Missions of Argentina and Brazil) </s>
	</p>
	<p n="227">
	  <s n="261"> The open-ended informal consultations on a Third Committee draft resolution on the “Rights of the child”, organized by the Permanent Missions of Argentina and Brazil, will continue on Friday, 29 October 2004, at 3 p.m. in the Trusteeship Council Chamber. </s>
	</p>
	<p n="228">
	  <s n="262"> African Group (Third Committee experts) </s>
	</p>
	<p n="229">
	  <s n="263"> There will be a meeting of the African Group (Third Committee experts) on Thursday, 28 October 2004, from 1.15 to 2.45 p.m. in Conference Room 1. </s>
	</p>
	<p n="230">
	  <s n="264"> Briefing by the Special Rapporteur on the right of everyone to the highest attainable standard of physical and mental health (organized by the Office of the High Commissioner for Human Rights, in cooperation with the NGO Committee for Human Rights) </s>
	</p>
	<p n="231">
	  <s n="265"> There will be a briefing by Prof. Paul Hunt, Special Rapporteur on the right of everyone to the highest attainable standard of physical and mental health, organized by the Office of the High Commissioner for Human Rights, in cooperation with the NGO Committee for Human Rights, on Thursday, 28 October 2004, from 1.30 to 2.45 p.m. in Conference Room 7. </s>
	  <s n="266"> Members of Permanent Missions, Secretariat staff and representatives of intergovernmental and non-governmental organizations are invited to attend. </s>
	</p>
	<p n="232">
	  <s n="267"> Asian Group There will be a meeting of the Asian Group on Friday, 29 October 2004, from 10 a.m. to 1 p.m. in the Economic and Social Council Chamber. </s>
	</p>
	<p n="233">
	  <s n="268"> Informal consultations on a draft resolution entitled “Enhancing capacity-building in global public health” (under agenda item 55) (organized by the Permanent Mission of the People&apos;s Republic of China) </s>
	</p>
	<p n="234">
	  <s n="269"> There will be informal consultations on a draft resolution entitled “Enhancing capacity-building in global public health” (under agenda item 55), organized by the Permanent Mission of the People&apos;s Republic of China, on Friday, 29 October 2004, from 10 a.m. to 1 p.m. in Conference Room 7. </s>
	</p>
	<p n="235">
	  <s n="270"> Informal consultations on a draft resolution entitled “The use of micro-algae as food to restore the victims of humanitarian emergencies” (under agenda item 39) (organized by the Permanent Mission of Somalia) </s>
	</p>
	<p n="236">
	  <s n="271"> Informal consultations on a draft resolution entitled “The use of micro-algae as food to restore the victims of humanitarian emergencies” (under agenda item 39), organized by the Permanent Mission of Somalia, will be held in Conference Room D, on Friday, 29 October 2004, from 11.30 a.m. to 12.30 p.m., and on Monday, 1 November, from 3 to 3.45 p.m. </s>
	</p>
	<p n="237">
	  <s n="272"> Panel discussion on the “International prohibition of torture: Challenges and responses” (organized by the Office of the High Commissioner for Human Rights, in cooperation with the NGO Committee on Human Rights) </s>
	</p>
	<p n="238">
	  <s n="273"> Mr. Theo C. van Boven, Special Rapporteur on torture and other cruel, inhuman or degrading treatment or punishment, will chair a panel discussion on “International prohibition of torture: Challenges and responses”, organized by the Office of the High Commissioner for Human Rights, in cooperation with the NGO Committee on Human Rights, to be held on Friday, 29 October 2004, from 1.15 to 2.45 p.m. in Conference Room 1. </s>
	  <s n="274"> Members of Permanent Missions, Secretariat staff and representatives of intergovernmental and non-governmental organizations are invited to attend. </s>
	</p>
	<p n="239">
	  <s n="275"> Briefing on governance and development (organized by the United Sates Mission, in cooperation with the Financing for Development Office, DESA, and the Office of the Special Representative of the World Bank) </s>
	</p>
	<p n="240">
	  <s n="276"> There will be a briefing on governance and development, organized by the United States Mission, in cooperation with the Financing for Development Office, Department of Economic and Social Affairs, and the Office of the Special Representative of the World Bank, on Friday, 29 October 2004, from 1.30 to 2.45 p.m. in Conference Room 6. </s>
	  <s n="277"> Dr. Daniel Kaufmann, Director of Global Programs, World Bank Institute, will make a presentation on “Good governance and anti-corruption worldwide: Myths and realities emerging from data”. </s>
	  <s n="278"> Members of Permanent Missions, Secretariat staff, representatives of intergovernmental and non-governmental organizations and the media are invited to attend. </s>
	  <s n="279"> For further information, please contact the Financing for Development Office (tel. </s>
	  <s n="280"> 1 (212) 963-5900; or e-mail fahmyh@un.org). </s>
	</p>
	<p n="241">
	  <s n="281"> United Nations Development Programme </s>
	</p>
	<p n="242">
	  <s n="282"> The second informal consultation on the third global cooperation framework (GCF-III) will be held on Friday, 29 October 2004, from 3 to 4.30 p.m. in Conference Room 8. </s>
	  <s n="283"> All interested Member States are invited to attend. </s>
	</p>
	<p n="243">
	  <s n="284"> An informal consultation on the implications of simplification and harmonization on execution modalities will be held on Tuesday, 2 November 2004, from 3 to 4.30 p.m. in Conference Room 8. </s>
	  <s n="285"> All interested Member States are invited to attend. </s>
	</p>
	<p n="244">
	  <s n="286"> UNITAR French-language workshop on the structure, drafting and adoption of United Nations resolutions </s>
	</p>
	<p n="245">
	  <s n="287"> The United Nations Institute for Training and Research (UNITAR) is organizing a French-language workshop on the structure, drafting and adoption of United Nations resolutions for members of Permanent Missions in New York. </s>
	  <s n="288"> The workshop will be held on Monday, 1 November 2004, from 10 a.m. to 1 p.m. and from 3 to 6 p.m.; on Tuesday, 2 November, from 3 to 6 p.m.; and on Wednesday, 3 November, from 3 to 6 p.m. </s>
	  <s n="289"> A letter on this subject, including an information note and a nomination form, was addressed to all the Permanent Missions. </s>
	  <s n="290"> The registration deadline is Thursday, 28 October 2004. </s>
	  <s n="291"> For further information, please contact Ms. Maud Graham (room DC1-603; tel. </s>
	</p>
	<p n="246">
	  <s n="292"> Meeting of Legal Advisers </s>
	</p>
	<p n="247">
	  <s n="293"> There will be a meeting of Legal Advisers on Monday and Tuesday, 1 and 2 November 2004, at 3 p.m. in Conference Room 6. </s>
	</p>
	<p n="248">
	  <s n="294"> Briefing on the International Meeting to Review the Implementation of the Barbados Programme of Action for the Sustainable Development of Small Island Developing States (Mauritius, 10-14 January 2005) (organized by the Permanent Mission of Mauritius) </s>
	</p>
	<p n="249">
	  <s n="295"> There will be a briefing on the International Meeting to Review the Implementation of the Barbados Programme of Action for the Sustainable Development of Small Island Developing States (Mauritius, 10-14 January 2005), organized by the Permanent Mission of Mauritius, on Thursday, 4 November 2004, from 3 to 6 p.m. in the Economic and Social Council Chamber. </s>
	  <s n="296"> Members of Permanent Missions are invited to attend. </s>
	</p>
	<p n="250">
	  <s n="297"> UNITAR/OLA seminar on the deposit of treaty actions with the Secretary-General and registration of treaties </s>
	</p>
	<p n="251">
	  <s n="298"> The United Nations Institute for Training and Research (UNITAR) and the Treaty Section of the Office of Legal Affairs (OLA) are jointly conducting a seminar on the deposit of treaty actions with the Secretary-General and registration of treaties. </s>
	  <s n="299"> The seminar will be held on Tuesday and Wednesday, 9 and 10 November 2004, from 10 a.m. to 1 p.m. and from 3 to 6 p.m. </s>
	  <s n="300"> The programme of the seminar will be sent to registered participants. </s>
	  <s n="301"> Delegates who wish to attend the seminar are requested to return the nomination form that has been faxed to their Permanent Mission by Thursday, 4 November. </s>
	  <s n="302"> For further information, please contact the UNITAR Office (room DC1-603; tel. </s>
	  <s n="303"> 1 (212) 963-9196 or 963-9683). </s>
	</p>
	<p n="252">
	  <s n="304"> UNITAR workshop series on policy awareness and training in information technology </s>
	</p>
	<p n="253">
	  <s n="305"> As part of the series on policy awareness and training in information technology, the third high-level seminar of this year on “Policy awareness and security issues in information technology”, organized by the United Nations Institute for Training and Research (UNITAR), will be held on Friday, 19 November 2004, from 9.30 a.m. to 1 p.m. in the Economic and Social Council Chamber. </s>
	  <s n="306"> The seminar is part of the third annual series, presented under the auspices of the Working Group on Informatics and implemented with the active participation and sponsorship of the ICT Task Force and Intel Corporation. </s>
	  <s n="307"> For further information please contact the UNITAR Office (room DC1-603; tel. </s>
	  <s n="308"> 1 (212) 963-3021 or 963-9196). </s>
	</p>
	<p n="254">
	  <s n="309"> UNITAR workshops on information technology </s>
	</p>
	<p n="255">
	  <s n="310"> The United Nations Institute for Training and Research (UNITAR), the ICT Task Force and Intel Corporation jointly organize the 2004 Series entitled “Policy awareness and training in information technology” under the auspices of the Working Group on Informatics. </s>
	  <s n="311"> The programme consists of a set of four progressive modules and one seminar presented as a cycle, which will be repeated four times throughout the year. </s>
	  <s n="312"> The first four modules of each cycle focus on: (a) Introduction to computers and Windows 2000; (b) E-mail and Internet search basics; (c) Introduction to Microsoft Word 2000; and (d) Web-page design basics and usability techniques. </s>
	  <s n="313"> The fifth module, conceived as an interactive seminar, covers policy and security issues in information technology. </s>
	  <s n="314"> Cycle IV of the 2004 Series, to be conducted in English, will be held until Friday, 19 November 2004. </s>
	  <s n="315"> For further information, please contact the UNITAR Office (room DC1-603; tel. </s>
	  <s n="316"> 1 (212) 963-3021 or 963-9196). </s>
	</p>
	<p n="256">
	  <s n="317"> Announcements </s>
	</p>
	<p n="257">
	  <s n="318"> Security Council Daily informal briefings </s>
	</p>
	<p n="258">
	  <s n="319"> As from Monday, 4 October 2004, and for the rest of the month, the Presidency of the Security Council will conduct informal briefings daily on the current work of the Council for Member States of the United Nations, which are non-members of the Council, except on days on which no informal consultations are scheduled. </s>
	  <s n="320"> The briefings will take place immediately following the adjournment of the informal consultations in the Press Briefing Room (S-226). </s>
	</p>
	<p n="259">
	  <s n="321"> Recorded information </s>
	</p>
	<p n="260">
	  <s n="322"> Recorded information about previously unscheduled meetings and consultations of the whole of the Security Council may be obtained by calling 1 (212) 963-8530. </s>
	</p>
	<p n="261">
	  <s n="323"> Preparations for the forty-ninth session of the Commission on the Status of Women </s>
	</p>
	<p n="262">
	  <s n="324"> In preparation for the forty-ninth session of the Commission on the Status of Women (28 February-11 March 2005), delegations are kindly invited to propose names of expert panellists to participate in two panel discussions on the following themes: (a) Addressing the linkages between the implementation of the Beijing Platform for Action and the outcome document of the twenty-third special session of the General Assembly and the internationally agreed development goals, including those contained in the Millennium Declaration: progress, gaps and challenges; and (b) Future perspectives on the promotion of gender equality: through the eyes of young women and men. </s>
	  <s n="325"> Delegations are kindly requested to submit names and curricula vitae to the Division for the Advancement of Women (e-mail taylors@un.org and/or proppe@un.org; fax 1 (212) 963-3463; room DC2-1268 or room DC2-1262), no later than 5 November 2004, indicating the panel for which the expert(s) is (are) being nominated. </s>
	</p>
	<p n="263">
	  <s n="326"> 2004 Nairobi Summit on a Mine-Free World </s>
	</p>
	<p n="264">
	  <s n="327"> Delegations are kindly informed that the list of speakers at the high-level segment on Thursday and Friday, 2 and 3 December 2004, at the First Review Conference of States Parties to the Convention on the Prohibition of the Use, Stockpiling, Production and Transfer of Anti-personnel Mines and on Their Destruction is now open. </s>
	  <s n="328"> Delegations wishing to inscribe on the list of speakers are kindly requested to contact the Executive Secretariat at the Geneva Branch of the Department for Disarmament Affairs (tel. </s>
	  <s n="329"> +41 (0) 22-917-5281 or 22-917-2281). </s>
	  <s n="330"> Delegations are kindly asked to indicate the level of the representative as well as the preferred time-block for delivering their statement (i.e. 2 December, morning session, 2 December, afternoon session, or 3 December, morning session). </s>
	  <s n="331"> Delegations are reminded that the allotted time for statements is 6 minutes. </s>
	</p>
	<p n="265">
	  <s n="332"> Electronic notice boards for meetings </s>
	</p>
	<p n="266">
	  <s n="333"> Electronic notice boards for meetings were recently installed in the General Assembly Lobby and at the garden level adjacent to the Cafe Austria to display updated information on scheduled meetings taking place at Headquarters. </s>
	  <s n="334"> The Department for General Assembly and Conference Management would welcome feedback comments on the screens, which can be sent by logging on to http://emeets.un.org and using the feedback form, so that further adjustments can be made as necessary. </s>
	  <s n="335"> The Department would also welcome comments sent to the same e-mail address on the terminology used, the quality of language services and improvement of other services provided to Member States. </s>
	</p>
	<p n="267">
	  <s n="336"> International Meeting to Review the Implementation of the Barbados Programme of Action for the Sustainable Development of Small Island Developing States </s>
	</p>
	<p n="268">
	  <s n="337"> The High Representative for the Least Developed Countries, Landlocked Developing Countries and Small Island Developing States, in his capacity as the Secretary-General of the Mauritius International Meeting, announces that as per General Assembly resolution 58/213B (A/RES/58/213B), the International Meeting to Review the Implementation of the Barbados Programme of Action for the Sustainable Development of Small Island Developing States (Barbados+10) will take place from 10 to 14 January 2005 in Mauritius. </s>
	  <s n="338"> The high-level segment will be held on 13 and 14 January 2005. </s>
	  <s n="339"> If necessary, it was also decided that two days of informal consultations be held in Mauritius, on 8 and 9 January 2005, to facilitate preparations for the Meeting. </s>
	</p>
	<p n="269">
	  <s n="340"> Summary of meetings </s>
	</p>
	<p n="270">
	  <s n="341"> Tuesday, 26 October 2004 </s>
	</p>
	<p n="271">
	  <s n="342"> Security Council </s>
	</p>
	<p n="272">
	  <s n="343"> 5063rd meeting Security Council meetings in Nairobi (18-19 November 2004) </s>
	</p>
	<p n="273">
	  <s n="344"> The agenda was adopted without objection. </s>
	</p>
	<p n="274">
	  <s n="345"> The President drew attention to the text of a draft resolution contained in document S/2004/857, which had been prepared in the course of the Council&apos;s prior consultations. </s>
	</p>
	<p n="275">
	  <s n="346"> The Council proceeded to the vote on the draft resolution (S/2004/857) before it. </s>
	</p>
	<p n="276">
	  <s n="347"> Decision: The draft resolution (S/2004/857) received 15 votes in favour, none against and no abstentions, and was adopted unanimously as resolution 1569 (2004). </s>
	</p>
	<p n="277">
	  <s n="348"> 5064th meeting The situation in Somalia </s>
	</p>
	<p n="278">
	  <s n="349"> Report of the Secretary-General pursuant to Security Council resolution 1558 (2004) (S/2004/804) </s>
	</p>
	<p n="279">
	  <s n="350"> The agenda was adopted without objection. </s>
	</p>
	<p n="280">
	  <s n="351"> The President made a statement on behalf of the Council (S/PRST/2004/38). </s>
	</p>
	<p n="281">
	  <s n="352"> General Assembly </s>
	</p>
	<p n="282">
	  <s n="353"> Fifty-ninth session </s>
	</p>
	<p n="283">
	  <s n="354"> 41st plenary meeting Report of the Economic and Social Council (A/59/3, A/59/3/Add.1, A/59/160 and A/59/346) ; the role of the United Nations in promoting a new global human order : joint debate </s>
	</p>
	<p n="284">
	  <s n="355"> The President of the Economic and Social Council made a statement, in the course of which she introduced the report of the Council. </s>
	</p>
	<p n="285">
	  <s n="356"> Statements were made by the representatives of Barbados (on behalf of the Caribbean Community), Guyana, Jamaica, Belarus, Pakistan, Iceland, Haiti, Thailand, Azerbaijan and Honduras. </s>
	</p>
	<p n="286">
	  <s n="357"> The General Assembly thus concluded this stage of its consideration of agenda items 12 and 41. </s>
	</p>
	<p n="287">
	  <s n="358"> Culture of peace ; sport for peace and development: International Year of Sport and Physical Education : joint debate </s>
	</p>
	<p n="288">
	  <s n="359"> (a) Culture of peace </s>
	</p>
	<p n="289">
	  <s n="360"> (i) Notes by the Secretary-General (A/59/201 and A/59/223) </s>
	</p>
	<p n="290">
	  <s n="361"> (ii) Draft resolution (A/59/L.15) </s>
	</p>
	<p n="291">
	  <s n="362"> (b) Sport for peace and development: International Year of Sport and Physical Education </s>
	</p>
	<p n="292">
	  <s n="363"> (i) Report of the Secretary-General (A/59/268) </s>
	</p>
	<p n="293">
	  <s n="364"> (ii) Draft resolution (A/59/L.9) </s>
	</p>
	<p n="294">
	  <s n="365"> The representative of Tunisia made a statement, in the course of which he introduced draft resolution A/59/L.9. </s>
	</p>
	<p n="295">
	  <s n="366"> The representative of the Philippines made a statement, in the course of which he introduced draft resolution A/59/L.15. </s>
	</p>
	<p n="296">
	  <s n="367"> Statements were made by the representatives of Barbados (on behalf of the Caribbean Community), China, Switzerland, the United States, the United Arab Emirates, Thailand, Pakistan, Kazakhstan and El Salvador. </s>
	</p>
	<p n="297">
	  <s n="368"> Main Committees </s>
	</p>
	<p n="298">
	  <s n="369"> First Committee </s>
	</p>
	<p n="299">
	  <s n="370"> 17th meeting Action on all draft resolutions submitted under all disarmament and international security agenda items (items 57-72) </s>
	</p>
	<p n="300">
	  <s n="371"> The Committee began its third and last stage of work (Action on all draft resolutions submitted under all disarmament and international security agenda items (items 57-72)). </s>
	</p>
	<p n="301">
	  <s n="372"> The Under-Secretary-General for Disarmament Affairs made a statement. </s>
	</p>
	<p n="302">
	  <s n="373"> The representative of Cuba, France and the United Arab Emirates made statements. </s>
	</p>
	<p n="303">
	  <s n="374"> In explanation of vote before the vote, statements were made by the representatives of Israel and Germany. </s>
	</p>
	<p n="304">
	  <s n="375"> Draft decision A/C.1/59/L.7 was adopted without a vote. </s>
	</p>
	<p n="305">
	  <s n="376"> Draft resolution A/C.1/59/L.8 was adopted without a vote. </s>
	</p>
	<p n="306">
	  <s n="377"> Draft decision A/C.1/59/L.15 was adopted by a recorded vote of 119 to 6, with 41 abstentions. </s>
	</p>
	<p n="307">
	  <s n="378"> Draft resolution A/C.1/59/L.29 was adopted by a recorded vote of 111 to 46, with 12 abstentions. </s>
	</p>
	<p n="308">
	  <s n="379"> Draft resolution A/C.1/59/L.30 was adopted by a recorded vote of 106 to 46, with 16 abstentions. </s>
	</p>
	<p n="309">
	  <s n="380"> Statements were made by the representatives of Egypt, the Islamic Republic of Iran, Chile and Austria. </s>
	</p>
	<p n="310">
	  <s n="381"> The representative of the Islamic Republic of Iran introduced separate oral amendments to preambular paragraph 7 and operative paragraphs 1 and 4 of draft resolution A/C.1/59/L.50. </s>
	</p>
	<p n="311">
	  <s n="382"> Preambular paragraph 7 of draft resolution A/C.1/59/L.50 was rejected by a recorded vote of 103 to 21, with 8 abstentions. </s>
	</p>
	<p n="312">
	  <s n="383"> Operative paragraph 1 of draft resolution A/C.1/59/L.50 was rejected by a recorded vote of 104 to 17, with 10 abstentions. </s>
	</p>
	<p n="313">
	  <s n="384"> Operative paragraph 4 of draft resolution A/C.1/59/L.50 was rejected by a recorded vote of 103 to 23, with 6 abstentions. </s>
	</p>
	<p n="314">
	  <s n="385"> In explanation of vote before the vote, statements were made by the representatives of Brazil, Cuba, Oman, India, Indonesia, Mexico and Pakistan. </s>
	</p>
	<p n="315">
	  <s n="386"> Draft resolution A/C.1/59/L.50 was adopted by a recorded vote of 137 to 2, with 16 abstentions. </s>
	</p>
	<p n="316">
	  <s n="387"> The Secretary of the Committee made a statement. </s>
	</p>
	<p n="317">
	  <s n="388"> Draft resolution A/C.1/59/L.6/Rev.1 was adopted by a recorded vote of 98 to 2, with 60 abstentions. </s>
	</p>
	<p n="318">
	  <s n="389"> The representative of the United States raised a point of order. </s>
	</p>
	<p n="319">
	  <s n="390"> In explanations of vote after the vote, statements were made by the representatives of Egypt, Cuba, the Netherlands (on behalf of the European Union), China, the Syrian Arab Republic, Algeria, the Sudan and the Islamic Republic of Iran. </s>
	</p>
	<p n="320">
	  <s n="391"> Special Political and Decolonization Committee (Fourth Committee) </s>
	</p>
	<p n="321">
	  <s n="392"> 16th meeting Comprehensive review of the whole question of peace-keeping operations in all their aspects </s>
	</p>
	<p n="322">
	  <s n="393"> The Committee began its general debate and heard statements by the representatives of Morocco (on behalf of the Non-Aligned Movement), the Syrian Arab Republic, Singapore, Japan, Nigeria, South Africa, the Republic of Korea, Thailand, Mongolia, Pakistan, Canada (also on behalf of Australia and New Zealand), the Netherlands (on behalf of the European Union), Kazakhstan, Norway, Cameroon, Venezuela, Jordan and Switzerland. </s>
	</p>
	<p n="323">
	  <s n="394"> Third Committee </s>
	</p>
	<p n="324">
	  <s n="395"> 24th meeting Human rights questions </s>
	</p>
	<p n="325">
	  <s n="396"> (a) Implementation of human rights instruments </s>
	</p>
	<p n="326">
	  <s n="397"> (d) Comprehensive implementation of and follow-up to the Vienna Declaration and Programme of Action </s>
	</p>
	<p n="327">
	  <s n="398"> The Committee continued its general discussion of the sub-items and heard statements by the representatives of Iraq, Mozambique, Jordan and Indonesia. </s>
	</p>
	<p n="328">
	  <s n="399"> The Committee thus concluded its general discussion of sub-items 105 (a) and (d). </s>
	</p>
	<p n="329">
	  <s n="400"> Human rights questions </s>
	</p>
	<p n="330">
	  <s n="401"> (b) Human rights questions, including alternative approaches for the effective enjoyment of human rights and fundamental freedoms </s>
	</p>
	<p n="331">
	  <s n="402"> (c) Human rights situations and reports of special rapporteurs and representatives </s>
	</p>
	<p n="332">
	  <s n="403"> (e) Report of the United Nations High Commissioner for Human Rights </s>
	</p>
	<p n="333">
	  <s n="404"> The Committee began its consideration of the sub-items and heard an address by the High Commissioner for Human Rights. </s>
	</p>
	<p n="334">
	  <s n="405"> The Committee then engaged in a question-time dialogue in which the representatives of Switzerland, the Netherlands, Norway, Canada, Guinea, Cuba, Peru, New Zealand, Indonesia, India, China, Algeria, the Libyan Arab Jamahiriya, Argentina and Burkina Faso took part. </s>
	</p>
	<p n="335">
	  <s n="406"> The Committee began its general discussion of the sub-items and heard statements by the representatives of the Netherlands (on behalf of the European Union), Morocco, Suriname (on behalf of the Caribbean Community), Norway and the United States. </s>
	</p>
	<p n="336">
	  <s n="407"> Organization of work </s>
	</p>
	<p n="337">
	  <s n="408"> The Chairman made a statement regarding the programme of work. </s>
	</p>
	<p n="338">
	  <s n="409"> 25th meeting Human rights questions </s>
	</p>
	<p n="339">
	  <s n="410"> (b) Human rights questions, including alternative approaches for the effective enjoyment of human rights and fundamental freedoms </s>
	</p>
	<p n="340">
	  <s n="411"> (c) Human rights situations and reports of special rapporteurs and representatives </s>
	</p>
	<p n="341">
	  <s n="412"> (e) Report of the United Nations High Commissioner for Human Rights </s>
	</p>
	<p n="342">
	  <s n="413"> The Committee continued its consideration of the sub-items and heard statements by the Director of the New York Office of the United Nations High Commissioner for Human Rights and the Director of the Division for Social Policy and Development of the Department of Economic and Social Affairs. </s>
	</p>
	<p n="343">
	  <s n="414"> The Committee then continued its general discussion of the sub-items and heard statements by the representatives of Myanmar, Japan, New Zealand, Sri Lanka, Cuba, Kenya, China, India, the Democratic People&apos;s Republic of Korea, Turkey, Burkina Faso, Fiji, Jordan and Eritrea, as well as by the observer for the Holy See. </s>
	</p>
	<p n="344">
	  <s n="415"> A statement was also made by the representative of the Food and Agriculture Organization of the United Nations. </s>
	</p>
	<p n="345">
	  <s n="416"> Right of reply </s>
	</p>
	<p n="346">
	  <s n="417"> The representatives of China, Belarus, Japan and the United States made statements in the exercise of the right of reply. </s>
	</p>
	<p n="347">
	  <s n="418"> Fifth Committee </s>
	</p>
	<p n="348">
	  <s n="419"> 13th meeting Financing of the United Nations Mission in Sierra Leone </s>
	</p>
	<p n="349">
	  <s n="420"> The Committee resumed its consideration of this agenda item and had before it draft resolution A/C.5/59/L.4, which had been coordinated by the representative of Guatemala, Vice-Chairman of the Committee. </s>
	</p>
	<p n="350">
	  <s n="421"> The Committee adopted, without a vote, the draft resolution. </s>
	</p>
	<p n="351">
	  <s n="422"> After the adoption of the draft resolution, the representative of Sierra Leone made a statement. </s>
	</p>
	<p n="352">
	  <s n="423"> The Committee thus concluded its consideration of this item at this stage. </s>
	</p>
	<p n="353">
	  <s n="424"> Financing of the United Nations Operation in Burundi </s>
	</p>
	<p n="354">
	  <s n="425"> The Committee resumed its consideration of this agenda item and had before it draft resolution A/C.5/59/L.6, which had been coordinated by the representative of Slovakia, Rapporteur of the Committee. </s>
	</p>
	<p n="355">
	  <s n="426"> The Committee adopted, without a vote, the draft resolution. </s>
	</p>
	<p n="356">
	  <s n="427"> After the adoption of the draft resolution, the representative of South Africa (on behalf of the African Group) made a statement in explanation of position. </s>
	</p>
	<p n="357">
	  <s n="428"> The Committee thus concluded its consideration of this item at this stage. </s>
	</p>
	<p n="358">
	  <s n="429"> Financing of the United Nations Operation in Côte d&apos;Ivoire </s>
	</p>
	<p n="359">
	  <s n="430"> The Committee resumed its consideration of this agenda item and had before it draft resolution A/C.5/59/L.7, which had been coordinated by the representative of Guatemala, Vice-Chairman of the Committee. </s>
	</p>
	<p n="360">
	  <s n="431"> The Committee adopted, without a vote, the draft resolution. </s>
	</p>
	<p n="361">
	  <s n="432"> After the adoption of the draft resolution, the representative of South Africa (on behalf of the African Group) made a statement in explanation of position. </s>
	</p>
	<p n="362">
	  <s n="433"> The Committee thus concluded its consideration of this item at this stage. </s>
	</p>
	<p n="363">
	  <s n="434"> Financing of the United Nations Stabilization Mission in Haiti </s>
	</p>
	<p n="364">
	  <s n="435"> The Committee resumed its consideration of this agenda item and had before it draft resolution A/C.5/59/L.5, which had been coordinated by the representative of Slovakia, Rapporteur of the Committee. </s>
	</p>
	<p n="365">
	  <s n="436"> Before the adoption of the draft resolution and following a statement by the Controller, the representative of Cuba made a statement. </s>
	</p>
	<p n="366">
	  <s n="437"> The Committee adopted, without a vote, the draft resolution. </s>
	</p>
	<p n="367">
	  <s n="438"> After the adoption of the draft resolution, the representative of Haiti made a statement. </s>
	</p>
	<p n="368">
	  <s n="439"> After the adoption of the draft resolution, statements in explanation of position were made by the representatives of Costa Rica, China, South Africa (on behalf of the African Group), the Netherlands (on behalf of the European Union; the candidate countries Bulgaria, Romania, Turkey and Croatia; the countries of the Stabilization and Association Process and potential candidates Albania, Bosnia and Herzegovina, The former Yugoslav Republic of Macedonia and Serbia and Montenegro; and the EFTA countries Iceland, Liechtenstein and Norway, members of the European Economic Area, which aligned themselves with the statement) and Japan. </s>
	</p>
	<p n="369">
	  <s n="440"> The Committee thus concluded its consideration of this item at this stage. </s>
	</p>
	<p n="370">
	  <s n="441"> Financing of the United Nations Mission of Support in East Timor </s>
	</p>
	<p n="371">
	  <s n="442"> The Committee resumed its consideration of this agenda item and had before it draft resolution A/C.5/59/L.8, which had been coordinated by the representative of Slovakia, Rapporteur of the Committee. </s>
	</p>
	<p n="372">
	  <s n="443"> Before the adoption of the draft resolution and following a statement by the Controller, statements in explanation of position were made by the representatives of Indonesia, New Zealand and Australia. </s>
	</p>
	<p n="373">
	  <s n="444"> The Committee adopted, without a vote, the draft resolution. </s>
	</p>
	<p n="374">
	  <s n="445"> After the adoption of the draft resolution, the representative of Timor-Leste made a statement. </s>
	</p>
	<p n="375">
	  <s n="446"> The Committee thus concluded its consideration of this item at this stage. </s>
	</p>
	<p n="376">
	  <s n="447"> Administrative and budgetary aspects of the financing of United Nations peacekeeping operations </s>
	</p>
	<p n="377">
	  <s n="448"> The Committee resumed its consideration of this agenda item and had before it draft decision A/C.5/59/L.9, which had been coordinated by the representative of Slovakia, Rapporteur of the Committee. </s>
	</p>
	<p n="378">
	  <s n="449"> Before the adoption of the draft resolution and following a statement by the Controller, statements were made by the representatives of the Netherlands (on behalf of the European Union; the candidate countries Bulgaria, Romania, Turkey and Croatia; the countries of the Stabilization and Association Process and potential candidates Albania, Bosnia and Herzegovina, The former Yugoslav Republic of Macedonia and Serbia and Montenegro; and the EFTA countries Iceland and Norway, members of the European Economic Area, which aligned themselves with the statement), the United States, Canada (on behalf of Australia and Canada) and Japan. </s>
	</p>
	<p n="379">
	  <s n="450"> The Committee adopted, without a vote, the draft decision. </s>
	</p>
	<p n="380">
	  <s n="451"> After the adoption of the draft decision, the representative of South Africa (on behalf of the African Group) made a statement in explanation of position. </s>
	</p>
	<p n="381">
	  <s n="452"> The representative of Brazil (on behalf of Argentina, Bolivia, Chile, Paraguay and Peru) aligned itself with the statement by the representative South Africa. </s>
	</p>
	<p n="382">
	  <s n="453"> The Committee thus concluded its consideration of this item at this stage. </s>
	</p>
	<p n="383">
	  <s n="454"> Other matters </s>
	</p>
	<p n="384">
	  <s n="455"> In accordance with General Assembly resolution 35/213, the Fifth Committee decided to hear statements by the President of the United Nations Staff Union under agenda items 114 (Human resources management) and 116 (United Nations common system) and by the President of the Federation of International Civil Servants&apos; Association under agenda item 116 (United Nations common system). </s>
	</p>
	<p n="385">
	  <s n="456"> Sixth Committee </s>
	</p>
	<p n="386">
	  <s n="457"> 14th meeting Convention on the Jurisdictional Immunities of States and Their Property </s>
	</p>
	<p n="387">
	  <s n="458"> The Committee resumed its consideration of agenda item 142. </s>
	</p>
	<p n="388">
	  <s n="459"> Statements were made by the representatives of Ukraine, Switzerland, Nepal, the Russian Federation, Sierra Leone, Morocco, the Islamic Republic of Iran, Viet Nam and Malaysia. </s>
	</p>
	<p n="389">
	  <s n="460"> The Committee thus concluded its debate of agenda item 142. </s>
	</p>
	<p n="390">
	  <s n="461"> Consideration of effective measures to enhance the protection, security and safety of diplomatic and consular missions and representatives </s>
	</p>
	<p n="391">
	  <s n="462"> The Committee continued its consideration of agenda item 141. </s>
	</p>
	<p n="392">
	  <s n="463"> The representative of Finland introduced draft resolution A/C.6/59/L.14. </s>
	</p>
	<p n="393">
	  <s n="464"> It was announced that Uganda had joined as sponsor of the draft resolution. </s>
	</p>
	<p n="394">
	  <s n="465"> Report of the United Nations Commission on International Trade Law on the work of its thirty-seventh session </s>
	</p>
	<p n="395">
	  <s n="466"> The Committee continued its consideration of agenda item 143. </s>
	</p>
	<p n="396">
	  <s n="467"> The representative of Austria introduced draft resolution A/C.6/59/L.11. </s>
	  <s n="468"> It was announced that Malaysia and Ukraine had joined as sponsors of the draft resolution. </s>
	</p>
	<p n="397">
	  <s n="469"> The Chairman of the Committee, on behalf of the Bureau, introduced draft resolution A/C.6/59/L.12. </s>
	</p>
	<p n="398">
	  <s n="470"> Summary of meetings held away from Headquarters </s>
	</p>
	<p n="399">
	  <s n="471"> Tuesday, 26 October 2004 </s>
	</p>
	<p n="400">
	  <s n="472"> International Covenant on Civil and Political Rights </s>
	</p>
	<p n="401">
	  <s n="473"> Human Rights Committee </s>
	</p>
	<p n="402">
	  <s n="474"> Eighty-second session </s>
	</p>
	<p n="403">
	  <s n="475"> United Nations Office at Geneva </s>
	</p>
	<p n="404">
	  <s n="476"> 2237th-2238th meetings (closed) </s>
	</p>
	<p n="405">
	  <s n="477"> Consideration of communications under the Optional Protocol to the Covenant </s>
	</p>
	<p n="406">
	  <s n="478"> The Committee considered the item. </s>
	</p>
	<p n="407">
	  <s n="479"> Signatures, Ratifications, etc. </s>
	</p>
	<p n="408">
	  <s n="480"> [Multilateral Treaties Deposited with the Secretary-General] </s>
	</p>
	<p n="409">
	  <s n="481"> International Convention Against the Taking of Hostages, New York, 17 December 1979 </s>
	</p>
	<p n="410">
	  <s n="482"> Accession: Niger (26 October 2004)1 </s>
	</p>
	<p n="411">
	  <s n="483"> International Convention for the Suppression of Terrorist Bombings. </s>
	  <s n="484"> New York, 15 December 1997 </s>
	</p>
	<p n="412">
	  <s n="485"> Accession: Niger (26 October 2004)1 </s>
	</p>
	<p n="413">
	  <s n="486"> Optional Protocol to the Convention on the Rights of the Child on the sale of children, child prostitution and child pornography. </s>
	  <s n="487"> New York, 25 May 2000 </s>
	</p>
	<p n="414">
	  <s n="488"> Ratification: Niger (26 October 2004)1 </s>
	</p>
	<p n="415">
	  <s n="489"> OLA/UNITAR Seminar on the Deposit of Treaty Actions with the Secretary-General and the Registration of Treaties </s>
	</p>
	<p n="416">
	  <s n="490"> United Nations Headquarters, 9 and 10 November 2004 </s>
	</p>
	<p n="417">
	  <s n="491"> The above seminar, sponsored by the Office of Legal Affairs of the Secretariat (OLA) and the United Nations Institute for Training and Research (UNITAR), will take place on 9 and 10 November 2004 at United Nations Headquarters in New York. </s>
	</p>
	<p n="418">
	  <s n="492"> 1 Date of receipt of the relevant documents. </s>
	</p>
	<p n="419">
	  <s n="493"> The objective of the two-day seminar is to provide an overview of the deposit of treaty actions with the Secretary-General and the registration of treaties. </s>
	  <s n="494"> The seminar is designed essentially to meet the needs of members of the permanent missions and representatives from capitals, and other personnel, in particular, legal counsellors and advisors, dealing with matters of treaty law, or specifically involved with the preparation of treaty actions with regard to multilateral treaties and with the registration of treaties pursuant to Article 102 of the United Nations Charter. </s>
	  <s n="495"> Assistance and guidance will also be provided on the domestic aspects of participation in multilateral treaties. </s>
	</p>
	<p n="420">
	  <s n="496"> The seminar is based on the Treaty Handbook, which was developed and published by the Treaty Section of OLA. </s>
	  <s n="497"> The Treaty Handbook is a practical guide to the depositary practice of the Secretary-General and the registration requirements of the Secretariat. </s>
	  <s n="498"> It is designated to serve as a tool for Member States, secretariats of international organizations and legal practitioners. </s>
	</p>
	<p n="421">
	  <s n="499"> For more information about the seminar, please contact the Treaty Section of the Office of Legal Affairs (tel. </s>
	  <s n="500"> 1 (212) 963-5047; fax 1 (212) 963-3693; e-mail treaty@un.org). </s>
	  <s n="501"> Information Notes and Nomination Forms will be transmitted to the Permanent Missions accredited to the United Nations in New York by UNITAR shortly. </s>
	</p>
	<p n="422">
	  <s n="502"> Other announcements </s>
	</p>
	<p n="423">
	  <s n="503"> Official launch of Action 2 of the Secretary-General&apos;s reform program on strengthening United Nations human rights-related actions at the country level </s>
	</p>
	<p n="424">
	  <s n="504"> The official launch of Action 2 of the Secretary-General&apos;s reform program on strengthening United Nations human rights-related actions at the country level will take place today, 27 October 2004, from 1.15 to 2.20 p.m. in Conference Room 4. </s>
	  <s n="505"> The United Nations High Commissioner for Human Rights, Ms. Louise Arbour, will chair the event. </s>
	  <s n="506"> Members of Permanent Missions, Secretariat staff, representatives of intergovernmental and non-governmental organizations and the media are invited to attend. </s>
	  <s n="507"> For further information, please contact the Office of the High Commissioner for Human Rights (tel. </s>
	</p>
	<p n="425">
	  <s n="508"> DPI/NGO briefing This week, the topic of the DPI/NGO briefing will be “United Nations-Civil Society relationships: The debate in the General Assembly”. </s>
	  <s n="509"> The briefing will be held on Thursday, 28 October 2004, from 10 to 11.30 a.m. in the Dag Hammarskjöld Library Auditorium. </s>
	  <s n="510"> Members of Permanent Missions, Secretariat staff and representatives of the media are invited to attend. </s>
	  <s n="511"> For further information, please contact Ms. Susanne Tinkl, NGO Section, Department of Public Information (tel. </s>
	  <s n="512"> 1 (212) 963-7949; e-mail tinkl@un.org). </s>
	</p>
	<p n="426">
	  <s n="513"> Launch of the DPKO Gender Resource Package for Peacekeeping Operations </s>
	</p>
	<p n="427">
	  <s n="514"> The Department of Peacekeeping Operations will launch its Gender Resource Package for Peacekeeping Operations on Friday, 29 October 2004, from 1.15 to 2.45 p.m. in Conference Room 5. </s>
	</p>
	<p n="428">
	  <s n="515"> General information </s>
	</p>
	<p n="429">
	  <s n="516"> Web sites Presidency of the General Assembly: www.un.org/arabic/ga/president </s>
	</p>
	<p n="430">
	  <s n="517"> www.un.org/chinese/ga/president </s>
	</p>
	<p n="431">
	  <s n="518"> www.un.org/ga/president </s>
	</p>
	<p n="432">
	  <s n="519"> www.un.org/french/ga/president </s>
	</p>
	<p n="433">
	  <s n="520"> www.un.org/russian/ga/president </s>
	</p>
	<p n="434">
	  <s n="521"> www.un.org/spanish/ga/president </s>
	</p>
	<p n="435">
	  <s n="522"> General Assembly: www.un.org/arabic/ga </s>
	</p>
	<p n="436">
	  <s n="523"> www.un.org/chinese/ga </s>
	</p>
	<p n="437">
	  <s n="524"> www.un.org/ga </s>
	</p>
	<p n="438">
	  <s n="525"> www.un.org/french/ga </s>
	</p>
	<p n="439">
	  <s n="526"> www.un.org/russian/ga </s>
	</p>
	<p n="440">
	  <s n="527"> www.un.org/spanish/ga </s>
	</p>
	<p n="441">
	  <s n="528"> Department for General Assembly and Conference Management: www.un.org/Depts/DGACM/index_arabic.htm www.un.org/Depts/DGACM/index_chinese.htm www.un.org/Depts/DGACM/index_eng.htm www.un.org/Depts/DGACM/index_french.htm www.un.org/Depts/DGACM/index_russian.htm www.un.org/Depts/DGACM/index_spanish.htm </s>
	</p>
	<p n="442">
	  <s n="529"> United Nations Webcast: www.un.org/webcast </s>
	</p>
	<p n="443">
	  <s n="530"> Presidency of the Security Council: www.un.org/Docs/sc/presidency/ www.un.org/french/docs/sc/presidency/ www.un.org/spanish/docs/presidency/ </s>
	</p>
	<p n="444">
	  <s n="531"> Security Council: www.un.org/arabic/sc/ www.un.org/chinese/aboutun/prinorgs/sc/ www.un.org/french/docs/cs/ www.un.org/sc/ www.un.org/russian/sc/ www.un.org/spanish/docs/sc/ </s>
	</p>
	<p n="445">
	  <s n="532"> Security Council Committee established pursuant to resolution 1373 (2001) concerning counter-terrorism: www.un.org/arabic/documents/SCCommittees/1373 www.un.org/chinese/aboutun/prinorgs/sc/committees/1373/1373.htm www.un.org/docs/sc/committees/1373 www.un.org/french/docs/sc/committees/1373 www.un.org/russian/documen/scdocs/committees/1373 www.un.org/spanish/docs/comites/1373/index.html </s>
	</p>
	<p n="446">
	  <s n="533"> Economic and Social Council: www.un.org/arabic/ecosoc/ www.un.org/esa/coordination/ecosoc/ www.un.org/french/ecosoc/2004/ www.un.org/russian/ecosoc www.un.org/spanish/documents/esc/index.htm www.un.org/chinese/ecosoc/2004/index.html </s>
	</p>
	<p n="447">
	  <s n="534"> Department of Economic and Social Affairs: www.un.org/esa </s>
	</p>
	<p n="448">
	  <s n="535"> Dutch presidency of the European Union: http://europa-eu-un.org </s>
	</p>
	<p n="449">
	  <s n="536"> Journal of the United Nations: www.un.org/Docs/journal/Ar/latesta.pdf www.un.org/Docs/journal/Ch/latestc.pdf www.un.org/Docs/journal/En/lateste.pdf www.un.org/Docs/journal/Fr/latestf.pdf www.un.org/Docs/journal/Ru/latestr.pdf www.un.org/Docs/journal/Sp/latests.pdf </s>
	</p>
	<p n="450">
	  <s n="537"> Daily list of documents issued at Headquarters </s>
	</p>
	<p n="451">
	  <s n="538"> With the exception of sales publications and public information material, hyperlinked official documents listed hereunder may be accessed through the Official Document System of the United Nations in the electronic version of the present Journal. </s>
	  <s n="539"> The list contains documents issued by 2 p.m. on 26 October 2004. </s>
	</p>
	<p n="452">
	  <s n="540"> Symbol Main title </s>
	</p>
	<p n="453">
	  <s n="541"> General Assembly Official Documents </s>
	</p>
	<p n="454">
	  <s n="542"> Fifty-ninth session </s>
	</p>
	<p n="455">
	  <s n="543"> A/59/12 Report of the United Nations High Commissioner for Refugees, 2003 -- Supplement No. 12 [A C E F R S] </s>
	</p>
	<p n="456">
	  <s n="544"> A/59/PV.1 Meeting held on 14 September 2004, 3 p.m. [F] </s>
	</p>
	<p n="457">
	  <s n="545"> A/59/PV.2 Meeting held on 17 September 2004, 10.30 a.m. [A C E F R S] </s>
	</p>
	<p n="458">
	  <s n="546"> A/59/PV.5 Meeting held on 22 September 2004, 10 a.m. [F] </s>
	</p>
	<p n="459">
	  <s n="547"> First Committee </s>
	</p>
	<p n="460">
	  <s n="548"> A/C.1/59/PV.1 Meeting held on 30 September 2004, 3 p.m. [E] </s>
	</p>
	<p n="461">
	  <s n="549"> Disarmament Commission </s>
	</p>
	<p n="462">
	  <s n="550"> A/CN.10/PV.257 Meeting held on 5 April 2004, 10 a.m. [R F] </s>
	</p>
	<p n="463">
	  <s n="551"> General Assembly Documents </s>
	</p>
	<p n="464">
	  <s n="552"> Fifty-ninth session </s>
	</p>
	<p n="465">
	  <s n="553"> A/59/65-E/2004/48 Item 118 of the preliminary list -- Joint Inspection Unit -- Report of the Joint Inspection Unit on the management review of the Office of the United Nations High Commissioner for Human Rights -- Note by the Secretary-General [A C E F R S] </s>
	</p>
	<p n="466">
	  <s n="554"> A/59/274 Items 41 and 103 of the provisional agenda -- Follow-up to the outcome of the special session on children -- Promotion and protection of the rights of the child -- Report of the Secretary-General [A C E F R S] </s>
	</p>
	<p n="467">
	  <s n="555"> A/59/377 Item 105 (b) -- Human rights questions: human rights questions, including alternative approaches for improving the effective enjoyment of human rights and fundamental freedoms -- Report on the human rights of migrants submitted by the Special Rapporteur of the Commission on Human Rights -- Note by the Secretary-General [A C E F R S] </s>
	</p>
	<p n="468">
	  <s n="556"> A/59/399 Item 116 -- United Nations common system -- Report of the Panel on the Strengthening of the International Civil Service -- Note by the Secretary-General [A C E F R S] </s>
	</p>
	<p n="469">
	  <s n="557"> A/59/448 Item 108 -- Programme budget for the biennium 2004-2005 -- Report of the Fifth Committee [A C E F R S] </s>
	</p>
	<p n="470">
	  <s n="558"> A/59/L.4/Add.1 Item 23 -- Review of the implementation of the recommendations of the Third United Nations Conference on the Exploration and Peaceful Uses of Outer Space -- 6-Power draft resolution [A C E F R S] </s>
	</p>
	<p n="471">
	  <s n="559"> First Committee </s>
	</p>
	<p n="472">
	  <s n="560"> A/C.1/59/L.19/Rev.1 Item 65 (f) -- General and complete disarmament: Mongolia&apos;s international security and nuclear-weapon-free status -- One-Power revised draft resolution [A C E F R S] </s>
	</p>
	<p n="473">
	  <s n="561"> A/C.1/59/L.57 Item 66 (f) -- Review and implementation of the Concluding Document of the Twelfth Special Session of the General Assembly: United Nations regional centres for peace and disarmament -- Programme budget implications of draft resolution A/C.1/59/L.9 -- Statement submitted by the Secretary-General in accordance with rule 153 of the rules of procedure of the General Assembly [A C E F R S] </s>
	</p>
	<p n="474">
	  <s n="562"> A/C.1/59/L.59 Item 66 (c) -- Review and implementation of the Concluding Document of the Twelfth Special Session of the General Assembly: United Nations Regional Centre for Peace, Disarmament and Development in Latin America and the Caribbean -- Programme budget implications of draft resolution A/C.1/59/L.18 -- Statement submitted by the Secretary-General in accordance with rule 153 of the rules of procedure of the General Assembly [A C E F R S] </s>
	</p>
	<p n="475">
	  <s n="563"> A/C.1/59/INF/2/Add.2 Information note by the Secretariat -- Additional co-sponsors of draft resolutions/decisions [E (only)] </s>
	</p>
	<p n="476">
	  <s n="564"> Second Committee </s>
	</p>
	<p n="477">
	  <s n="565"> A/C.2/59/L.10 Item 85 (b) -- Sustainable development: further implementation of the Programme of Action for the Sustainable Development of Small Island Developing States -- One-power draft resolution [A C E F R S] </s>
	</p>
	<p n="478">
	  <s n="566"> A/C.2/59/L.11 Item 85 (c) -- Sustainable development : International Strategy for Disaster Reduction -- One-Power draft resolution -- Natural disasters and vulnerability [A C E F R S] </s>
	</p>
	<p n="479">
	  <s n="567"> A/C.2/59/L.12 Item 85 (f) -- Sustainable development: Convention on Biological Diversity -- One-Power draft resolution [A C E F R S] </s>
	</p>
	<p n="480">
	  <s n="568"> A/C.2/59/L.13 Item 85 (d) -- Sustainable development: protection of global climate for present and future generations of mankind -- One-power draft resolution [A C E F R S] </s>
	</p>
	<p n="481">
	  <s n="569"> A/C.2/59/L.14 Item 85 (e) -- Sustainable development: implementation of the United Nations Convention to Combat Desertification in Those Countries Experiencing Serious Drought and/or Desertification, Particularly in Africa -- One-Power draft resolution [A C E F R S] </s>
	</p>
	<p n="482">
	  <s n="570"> A/C.2/59/L.15 Item 85 (a) -- Sustainable development: implementation of Agenda 21, the Programme for the Further Implementation of Agenda 21 and the outcomes of the World Summit on Sustainable Development -- 13-Power draft resolution -- Activities undertaken during the International Year of Freshwater, 2003, and further efforts to achieve the sustainable development of water resources [A C E F R S] </s>
	</p>
	<p n="483">
	  <s n="571"> Third Committee </s>
	</p>
	<p n="484">
	  <s n="572"> A/C.3/59/L.29 Item 101 -- Promotion and protection of the rights of children -- 45-Power draft resolution -- Rights of the child [A C E F R S] </s>
	</p>
	<p n="485">
	  <s n="573"> Fifth Committee </s>
	</p>
	<p n="486">
	  <s n="574"> A/C.5/59/2 Item 108 -- Programme budget for the biennium 2004-2005 -- Conditions of service and compensation for officials other than Secretariat officials -- Members of the International Court of Justice -- Judges of the International Criminal Tribunal for the Former Yugoslavia -- Judges of the International Criminal Tribunal for Rwanda -- Ad litem judges of the International Criminal Tribunal for the Former Yugoslavia -- Ad litem judges of the International Criminal Tribunal for Rwanda -- Report of the Secretary-General [A C E F R S] </s>
	</p>
	<p n="487">
	  <s n="575"> A/C.5/59/4 Item 114 -- Human resources management -- Views of the staff representatives of the United Nations Secretariat -- Note by the Secretary-General [A C E F R S] </s>
	</p>
	<p n="488">
	  <s n="576"> A/C.5/59/L.5 Item 155 -- Financing of the United Nations Stabilization Mission in Haiti -- Draft resolution submitted by the Rapporteur following informal consultations [A C E F R S] </s>
	</p>
	<p n="489">
	  <s n="577"> A/C.5/59/L.6 Item 153 -- Financing of the United Nations Operation in Burundi -- Draft resolution submitted by the Rapporteur following informal consultations [A C E F R S] </s>
	</p>
	<p n="490">
	  <s n="578"> A/C.5/59/L.7 Item 154 -- Financing of the United Nations Operation in Côte d&apos;Ivoire -- Draft resolution submitted by the Vice-Chairman following informal consultations [A C E F R S] </s>
	</p>
	<p n="491">
	  <s n="579"> A/C.5/59/L.8 Item 129 -- Financing of the United Nations Mission of Support in East Timor -- Draft resolution submitted by the Rapporteur following informal consultations [A C E F R S] </s>
	</p>
	<p n="492">
	  <s n="580"> A/C.5/59/L.9 Item 123 -- Administrative and budgetary aspects of the financing of the United Nations peacekeeping operations -- Draft decision submitted by the Rapporteur following informal consultations [A C E F R S] </s>
	</p>
	<p n="493">
	  <s n="581"> Sixth Committee </s>
	</p>
	<p n="494">
	  <s n="582"> A/C.6/59/L.11 Item 143 -- Report of the United Nations Commission on International Trade Law on the work of its thirty-seventh session -- 68-Power draft resolution [A C E F R S] </s>
	</p>
	<p n="495">
	  <s n="583"> A/C.6/59/L.12 Item 143 -- Report of the United Nations Commission on International Trade Law on the work of its thirty-seventh session -- Draft resolution -- Legislative Guide on Insolvency Law of the United Nations Commission on International Trade Law [A C E F R S] </s>
	</p>
	<p n="496">
	  <s n="584"> Security Council Documents </s>
	</p>
	<p n="497">
	  <s n="585"> S/2004/831 Letter dated 25 October 2004 from the Secretary-General addressed to the President of the Security Council [A C E F R S] </s>
	</p>
	<p n="498">
	  <s n="586"> S/2004/858 Letter dated 25 October 2004 from the President of the Security Council addressed to the Secretary-General [A C E F R S] </s>
	</p>
	<p n="499">
	  <s n="587"> S/Agenda/5062 Provisional agenda [A C E F R S] </s>
	</p>
	<p n="500">
	  <s n="588"> Economic and Social Council </s>
	</p>
	<p n="501">
	  <s n="589"> Documents </s>
	</p>
	<p n="502">
	  <s n="590"> Substantive session of 2004 </s>
	</p>
	<p n="503">
	  <s n="591"> A/59/65-E/2004/48 Item 14 (g) of the provisional agenda -- Social and human rights questions: human rights -- Report of the Joint Inspection Unit on the management review of the Office of the United Nations High Commissioner for Human Rights -- Note by the Secretary-General [A C E F R S] </s>
	</p>
	<p n="504">
	  <s n="592"> Communications to the Editor </s>
	</p>
	<p n="505">
	  <s n="593"> Material for inclusion in the Journal may be sent to room S-2370 (tel. </s>
	  <s n="594"> 1 (212) 963-3888 and 963-6776; fax 1 (212) 963-4790; e-mail journal@un.org). </s>
	</p>
	<p n="506">
	  <s n="595"> Office opens at 3 p.m. </s>
	</p>
	<p n="507">
	  <s n="596"> Published at Headquarters, New York, by the Department for General Assembly and Conference Management. </s>
	</p>
	</body>
</text>
</DOC>