<?xml version="1.0" encoding="UTF-8"?>
<DOC lang="English" n="N0355192" id="JOURNAL NO. 2003/204" date="2003/10/23">
<text>
	<body>
	<p n="1">
	  <s n="1"> Official meetings </s>
	</p>
	<p n="2">
	  <s n="2"> Thursday, 23 October 2003 </s>
	</p>
	<p n="3">
	  <s n="3"> Security Council </s>
	</p>
	<p n="4">
	  <s n="4"> 3 p.m. 4847th meeting (closed) Economic and Social Council Chamber </s>
	</p>
	<p n="5">
	  <s n="5"> Adoption of the agenda </s>
	</p>
	<p n="6">
	  <s n="6"> Meeting of the Security Council with the troop-contributing countries to the United Nations Mission for the Referendum in Western Sahara pursuant to resolution 1353 (2001), annex II, sections A and B </s>
	</p>
	<p n="7">
	  <s n="7"> Security Council Committee established by resolution 661 (1990) concerning the situation between Iraq and Kuwait </s>
	</p>
	<p n="8">
	  <s n="8"> 10.30 a.m.1 246th meeting (closed) Conference Room 7 </s>
	</p>
	<p n="9">
	  <s n="9"> 1 Immediately following the meeting, the Chairman will give an oral briefing to interested Member States of the United Nations in the same conference room. </s>
	  <s n="10"> Following the oral briefing, the Chairman will give a briefing to the press. </s>
	</p>
	<p n="10">
	  <s n="11"> General Assembly </s>
	</p>
	<p n="11">
	  <s n="12"> Fifty-eighth session </s>
	</p>
	<p n="12">
	  <s n="13"> 10 a.m. 42nd plenary meeting Conference Room 4 </s>
	</p>
	<p n="13">
	  <s n="14"> Elections to fill vacancies in principal organs: election of five non-permanent members of the Security Council [15 (a)] </s>
	</p>
	<p n="14">
	  <s n="15"> Global road safety crisis </s>
	</p>
	<p n="15">
	  <s n="16"> (a) Report of the Secretary-General (A/58/228) </s>
	</p>
	<p n="16">
	  <s n="17"> (b) Draft resolution (A/58/L.3) </s>
	</p>
	<p n="17">
	  <s n="18"> Integrated and coordinated implementation of and follow-up to the outcomes of the major United Nations conferences and summits in the economic, social and related fields: report of the Secretary-General (A/58/359) </s>
	</p>
	<p n="18">
	  <s n="19"> Main Committees </s>
	</p>
	<p n="19">
	  <s n="20"> First Committee </s>
	</p>
	<p n="20">
	  <s n="21"> 10 a.m.-1 p.m. 14th meeting Conference Room 1 </s>
	</p>
	<p n="21">
	  <s n="22"> Thematic discussion on item subjects, introduction and consideration of all draft resolutions submitted under agenda items 62 to 80: </s>
	</p>
	<p n="22">
	  <s n="23"> Documents of the First Committee: item 62 (A/58/202, A/C.1/58/L.32); item 63 (A/58/128, A/C.1/58/L.48); item 64 (A/58/29, A/C.1/58/L.24); item 65 (A/C.1/58/L.11); item 66 (A/C.1/58/L.6); item 67 (A/C.1/58/L.30); item 68 (A/C.1/58/L.3); item 69 (A/58/373, A/C.1/58/L.33); item 70 (A/58/137, A/58/137 (Part I), A/58/137 (Part I)/Add.1, A/58/137 (Part II), A/C.1/58/L.22); item 71 (A/C.1/58/L.8); item 72 (A/C.1/58/L.44); item 73 (A/58/117 and A/58/117/Add.1, A/58/117/Add.2, A/58/129, A/58/129/Add.1, A/58/130, A/58/138, A/58/162, A/58/162/Add.1, A/58/176 and A/58/176/Add.1, A/58/207, A/58/208, A/58/208/Add.1, A/58/406, A/58/848, A/C.1/58/4, A/C.1/58/L.1, A/C.1/58/L.2, A/C.1/58/L.4, A/C.1/58/L.9, A/C.1/58/L.10, A/C.1/58/L.12, A/C.1/58/L.14, A/C.1/58/L.15, A/C.1/58/L.16, A/C.1/58/L.17, A/C.1/58/L.18, A/C.1/58/L.19, A/C.1/58/L.25, A/C.1/58/L.26, A/C.1/58/L.27, A/C.1/58/L.29, A/C.1/58/L.31, A/C.1/58/L.34, A/C.1/58/L.35, A/C.1/58/L.38, A/C.1/58/L.39, A/C.1/58/L.40, A/C.1/58/L.41, A/C.1/58/L.43, A/C.1/58/L.45, A/C.1/58/L.46, A/C.1/58/L.47, A/C.1/58/L.49, A/C.1/58/L.51, A/C.1/58/L.53); item 74 (A/58/122, A/58/139, A/58/177, A/58/190, A/58/203, A/58/274, A/C.1/58/L.7, A/C.1/58/L.13, A/C.1/58/L.21, A/C.1/58/L.28, A/C.1/58/L.36, A/C.1/58/L.54); item 75 (A/58/27, A/58/42, A/58/259; A/58/316, A/C.1/58/L.5, A/C.1/58/L.20); item 76 (A/58/259, A/58/137, A/58/137 (Part I), A/58/137 (Part I)/Add.1, A/58/137 (Part II), A/C.1/58/L.23); item 77 (A/58/163, A/C.1/58/L.50); item 78 (A/58/132, A/58/132/Add.1, A/58/132/Add.2, A/C.1/58/L.42); item 79 (A/58/385, A/C.1/58/L.52); and item 80 (A/C.1/58/L.37) (other documents: A/C.1/58/1, A/ C.1/58/2, A/ C.1/58/3 and A/C.1/58/INF.1) </s>
	</p>
	<p n="23">
	  <s n="24"> Special Political and Decolonization Committee (Fourth Committee) </s>
	</p>
	<p n="24">
	  <s n="25"> 3 p.m. 13th meeting Conference Room 2 </s>
	</p>
	<p n="25">
	  <s n="26"> International cooperation in the peaceful uses of outer space (A/58/20, A/58/174, A/C.4/58/L.7 and A/C.4/58/L.8) </s>
	</p>
	<p n="26">
	  <s n="27"> Afternoon1-6 p.m Informal consultations (closed) Conference Room 2 </s>
	</p>
	<p n="27">
	  <s n="28"> Informal consultations on issues related to revitalization </s>
	</p>
	<p n="28">
	  <s n="29"> 1 Following the adjournment of the 13th meeting of the Fourth Committee. </s>
	</p>
	<p n="29">
	  <s n="30"> Second Committee </s>
	</p>
	<p n="30">
	  <s n="31"> 10 a.m.-1 p.m. 20th meeting Conference Room 2 </s>
	</p>
	<p n="31">
	  <s n="32"> Macroeconomic policy questions (A/58/131-S/2003/703 and A/58/413) </s>
	</p>
	<p n="32">
	  <s n="33"> (b) Science and Technology for development (A/58/3 (Suppl. </s>
	  <s n="34"> ), A/58/74-E/2003/58, A/58/76, A/58/201 and A/58/204) </s>
	</p>
	<p n="33">
	  <s n="35"> (c) Specific actions related to the particular needs and problems of landlocked developing countries (A/58/209, A/C.2/58/3 and A/CONF.202/31) </s>
	</p>
	<p n="34">
	  <s n="36"> (d) International financial system and development (A/58/369 and A/58/204) </s>
	</p>
	<p n="35">
	  <s n="37"> (e) External debt crisis and development (A/58/290, A/58/204 and A/58/4371) </s>
	</p>
	<p n="36">
	  <s n="38"> (f) Outcome of the International Ministerial Conference of Landlocked and Transit Developing Countries and Donor Countries and International Financial and Development Institutions on Transit Transport Cooperation (A/58/388 and A/C.2/58/3) </s>
	</p>
	<p n="37">
	  <s n="39"> Statement by the Under-Secretary-General for Communications and Public Information </s>
	</p>
	<p n="38">
	  <s n="40"> Continuation of general discussion </s>
	</p>
	<p n="39">
	  <s n="41"> 1 To be issued. </s>
	</p>
	<p n="40">
	  <s n="42"> Third Committee </s>
	</p>
	<p n="41">
	  <s n="43"> 3-6 p.m. 23rd meeting Conference Room 1 </s>
	</p>
	<p n="42">
	  <s n="44"> Social development, including questions relating to the world social situation and to youth, ageing, disabled persons and the family </s>
	</p>
	<p n="43">
	  <s n="45"> Action on draft resolutions A/C.3/58/L.7 and A/C.3/58/L.11 </s>
	</p>
	<p n="44">
	  <s n="46"> Crime prevention and criminal justice </s>
	</p>
	<p n="45">
	  <s n="47"> Action on draft resolutions A /C.3/58/L.3, A /C.3/58/L.4, A /C.3/58/L.5, A/C.3/58/L.6 and A /C.3/58/L.14 </s>
	</p>
	<p n="46">
	  <s n="48"> International drug control </s>
	</p>
	<p n="47">
	  <s n="49"> Action on draft resolution A/C.3/58/L.15 </s>
	</p>
	<p n="48">
	  <s n="50"> Programme of activities of the International Decade of the World&apos;s Indigenous People (A/58/289 and A/C.3/58/2) </s>
	</p>
	<p n="49">
	  <s n="51"> Conclusion of general discussion </s>
	</p>
	<p n="50">
	  <s n="52"> Fifth Committee </s>
	</p>
	<p n="51">
	  <s n="53"> 10 a.m. 8th meeting Conference Room 3 </s>
	</p>
	<p n="52">
	  <s n="54"> Report of the Secretary-General on the activities of the Office of Internal Oversight Services </s>
	</p>
	<p n="53">
	  <s n="55"> Annual report of the Office of Internal Oversight Services (A/58/364) </s>
	</p>
	<p n="54">
	  <s n="56"> Audit of the Headquarters Committee on Contracts (A/58/294) </s>
	</p>
	<p n="55">
	  <s n="57"> Review of the structure and operations of the United Nations information centers (A/57/747) </s>
	</p>
	<p n="56">
	  <s n="58"> Introduction and general discussion </s>
	</p>
	<p n="57">
	  <s n="59"> Review of the efficiency of the administrative and financial functioning of the United Nations </s>
	</p>
	<p n="58">
	  <s n="60"> Reports of the Office of Internal Oversight Services on: </s>
	</p>
	<p n="59">
	  <s n="61"> Review of duplication, complexity and bureaucracy in United Nations administrative processes and procedures (A/58/211) </s>
	</p>
	<p n="60">
	  <s n="62"> Audit of the Investment Management Service of the United Nations Joint Staff Pension Fund (A/58/81) </s>
	</p>
	<p n="61">
	  <s n="63"> Introduction and general discussion </s>
	</p>
	<p n="62">
	  <s n="64"> Scale of assessments for the apportionment of the expenses of United Nations peacekeeping operations (A/58/157) </s>
	</p>
	<p n="63">
	  <s n="65"> Introduction and conclusion of general discussion </s>
	</p>
	<p n="64">
	  <s n="66"> Programme budget for the biennium 2002-2003 </s>
	</p>
	<p n="65">
	  <s n="67"> Construction of additional office facilities at the Economic Commission for Africa, Addis Ababa (A/58/154 and A/58/7 and A/58/7/Corr.1) </s>
	</p>
	<p n="66">
	  <s n="68"> Strengthening the United Nations Web site (A/58/217 and A/58/7/Add.1) </s>
	</p>
	<p n="67">
	  <s n="69"> Introduction and general discussion </s>
	</p>
	<p n="68">
	  <s n="70"> Morning1-1 p.m Informal consultations (closed) Conference Room 5 </s>
	</p>
	<p n="69">
	  <s n="71"> Informal consultations on agenda item 134 (Administrative and budgetary aspects of the financing of the United Nations peacekeeping operations: use of United Nations volunteers (A/55/697, A/55/874 and A/56/7)) </s>
	</p>
	<p n="70">
	  <s n="72"> 3-6 p.m Informal consultations (closed) Conference Room 5 </s>
	</p>
	<p n="71">
	  <s n="73"> Informal consultations on agenda item 124 (Scale of assessments for the apportionment of the expenses of the United Nations (A/58/11, A/58/63, A/56/767 and A/58/189)) </s>
	</p>
	<p n="72">
	  <s n="74"> 1 Following the adjournment of the 8th meeting of the Fifth Committee. </s>
	</p>
	<p n="73">
	  <s n="75"> Sixth Committee </s>
	</p>
	<p n="74">
	  <s n="76"> 10 a.m-1 p.m13th meeting Trusteeship Council Chamber </s>
	</p>
	<p n="75">
	  <s n="77"> Convention on Jurisdictional Immunities of States and their Property (A/58/22) </s>
	</p>
	<p n="76">
	  <s n="78"> International Criminal Court </s>
	</p>
	<p n="77">
	  <s n="79"> Action on draft resolution A/C.6/58/L.14 </s>
	</p>
	<p n="78">
	  <s n="80"> Special Committee on the Charter of the United Nations and on the Strengthening of the Role of the Organization </s>
	</p>
	<p n="79">
	  <s n="81"> Scope of legal protection under the Convention on the Safety of United Nations and Associated Personnel (A/58/52, A/58/187, A/58/302 and A/C.6/58/L.16) </s>
	</p>
	<p n="80">
	  <s n="82"> Advisory Committee on Administrative and Budgetary Questions </s>
	</p>
	<p n="81">
	  <s n="83"> 10.30 a.m.-1 p.m. Closed meeting Conference Room 10 </s>
	</p>
	<p n="82">
	  <s n="84"> 3-6 p.m. Closed meeting Conference Room 10 </s>
	</p>
	<p n="83">
	  <s n="85"> Briefing on investments </s>
	</p>
	<p n="84">
	  <s n="86"> Membership of the Investments Committee </s>
	</p>
	<p n="85">
	  <s n="87"> Executive session on the administrative expenses of the United Nations Joint Staff Pension Fund (UNJSPF) </s>
	</p>
	<p n="86">
	  <s n="88"> Draft reports </s>
	</p>
	<p n="87">
	  <s n="89"> General Assembly </s>
	</p>
	<p n="88">
	  <s n="90"> Informal consultations on agenda item 52 (a) (Oceans and the law of the sea) </s>
	</p>
	<p n="89">
	  <s n="91"> 3-6 p.m. Closed meeting Conference Room 8 </s>
	</p>
	<p n="90">
	  <s n="92"> Second Committee </s>
	</p>
	<p n="91">
	  <s n="93"> Panel discussion on “Microcredit, Poverty </s>
	</p>
	<p n="92">
	  <s n="94"> Eradication and the Empowerment of Women” </s>
	</p>
	<p n="93">
	  <s n="95"> A panel discussion on “Microcredit, Poverty Eradication and the Empowerment of Women”, organized by the Department for Economic and Social Affairs, will be held today, 23 October 2003, from 3 to 6 p.m. in the Trusteeship Council. </s>
	  <s n="96"> The meeting will be chaired by H.E. Mr. Iftekhar Chowdhury (Bangladesh), Chairman of the Second Committee. </s>
	  <s n="97"> The panellists will include H.E. Mrs. María Eugenia Brizuela de Ávila, Minister for Foreign Affairs of El Salvador; Mr. Anwarul K. Chowdhury, Under-Secretary-General and High Representative for the Least Developed Countries, Landlocked Developing Countries and Small Island Developing States; Mr. Rupert Scofield, Executive Director of the Foundation for International Community Assistance (FINCA); Mr. Normand Lauzon, Executive Director of the United Nations Capital Development Fund (UNCDF); and Mr. René Azokli, Managing Director of PADME. </s>
	</p>
	<p n="94">
	  <s n="98"> Members of permanent missions, agencies and organizations of the United Nations system, Secretariat staff, representatives of non-governmental organizations and the media are invited to attend. </s>
	</p>
	<p n="95">
	  <s n="99"> Other meetings </s>
	</p>
	<p n="96">
	  <s n="100"> The information below is reproduced as received and does not imply any opinion or endorsement by the Secretariat of the United Nations. </s>
	</p>
	<p n="97">
	  <s n="101"> Thursday, 23 October 2003 </s>
	</p>
	<p n="98">
	  <s n="102"> Mason Group (First Committee) </s>
	</p>
	<p n="99">
	  <s n="103"> 9-10.30 a.m. Closed meeting Conference Room 6 </s>
	</p>
	<p n="100">
	  <s n="104"> Group of 77 (on environment and sustainable development issues) </s>
	</p>
	<p n="101">
	  <s n="105"> 10 a.m.-1 p.m. Closed meeting Economic and Social Council Chamber </s>
	</p>
	<p n="102">
	  <s n="106"> Group of 77 (on Fifth Committee matters) </s>
	</p>
	<p n="103">
	  <s n="107"> 1.15-2.45 p.m. Closed meeting Conference Room 7 </s>
	</p>
	<p n="104">
	  <s n="108"> Group of 77 (on macroeconomic policy issues) </s>
	</p>
	<p n="105">
	  <s n="109"> 3-6 p.m. Closed meeting Conference Room 3 </s>
	</p>
	<p n="106">
	  <s n="110"> Group of 77 (Third Committee: follow-up to Beijing and Beijing+5; follow-up to Madrid; and INSTRAW) </s>
	</p>
	<p n="107">
	  <s n="111"> 4-6 p.m. Closed meeting Conference Room B </s>
	</p>
	<p n="108">
	  <s n="112"> Open-ended informal consultations on the draft resolution entitled “Violence against women” (Third Committee) (organized by the Permanent Mission of Netherlands) </s>
	</p>
	<p n="109">
	  <s n="113"> 10 a.m.-1 p.m. Closed meeting Conference Room 8 </s>
	</p>
	<p n="110">
	  <s n="114"> Informal consultations on the draft resolution entitled “Towards global partnership” (agenda item 46) (organized by the Permanent Mission of Italy) </s>
	</p>
	<p n="111">
	  <s n="115"> 11 a.m.-12 noon Closed meeting Conference Room 6 </s>
	</p>
	<p n="112">
	  <s n="116"> Open-ended informal consultations on the draft resolution entitled “Strengthening of international cooperation and coordination of efforts to study, mitigate and minimize the consequences of the Chernobyl disaster” (agenda item 40 (c)) (organized by the Permanent Mission of the Russian Federation) </s>
	</p>
	<p n="113">
	  <s n="117"> 3-6 p.m. Closed meeting Conference Room 9 </s>
	</p>
	<p n="114">
	  <s n="118"> Arab Group (at the ambassadorial level) </s>
	</p>
	<p n="115">
	  <s n="119"> 3.30-6 p.m. Closed meeting Conference Room 7 </s>
	</p>
	<p n="116">
	  <s n="120"> Panel discussion on “Reducing the Risks Posed by Biological Weapons” </s>
	</p>
	<p n="117">
	  <s n="121"> A panel discussion on “Reducing the Risks Posed by Biological Weapons”, sponsored by the NGO Committee on Disarmament, Peace and Security, in cooperation with the Department for Disarmament Affairs, will take place today, 23 October 2003, from 1.15 to 2.45 p.m. in Conference Room 5. </s>
	  <s n="122"> Members of permanent missions, agencies and organizations of the United Nations system, Secretariat staff, representatives of non-governmental organizations and the media are invited to attend. </s>
	</p>
	<p n="118">
	  <s n="123"> Press conferences </s>
	</p>
	<p n="119">
	  <s n="124"> The schedule below is tentative; up-to-date information can be obtained at www.un.org/News/ossg/conf.htm. </s>
	</p>
	<p n="120">
	  <s n="125"> Thursday, 23 October 2003 </s>
	</p>
	<p n="121">
	  <s n="126"> Room S-226 </s>
	</p>
	<p n="122">
	  <s n="127"> 11 a.m. H.E. Mr. Enrique Loedel (Uruguay), Chairman of the Special Political and Decolonization Committee (Fourth Committee) (on the work of the Committee) </s>
	</p>
	<p n="123">
	  <s n="128"> 12.30 p.m. H.E. Mr. Jeno C.A. Staehelin (Switzerland); Mr. Metin Arditi, Director of the Orchestre de la Suisse Romande; Maestro Pinchas Steinberg, Conductor of the Orchestre; and Mr. Shashi Tharoor, Under-Secretary-General for Communications and Public Information </s>
	</p>
	<p n="124">
	  <s n="129"> Forthcoming official meetings </s>
	</p>
	<p n="125">
	  <s n="130"> Friday, 24 October 2003 </s>
	</p>
	<p n="126">
	  <s n="131"> General Assembly </s>
	</p>
	<p n="127">
	  <s n="132"> Fifty-eighth session </s>
	</p>
	<p n="128">
	  <s n="133"> Fifth Committee The Fifth Committee will hold its 9th meeting on Friday, 24 October 2003, at 10 a.m. in Conference Room 3, immediately followed by informal consultations (closed) in Conference Room 5. </s>
	  <s n="134"> Informal consultations (closed) will also be held at 3 p.m. in Conference Room 5. </s>
	</p>
	<p n="129">
	  <s n="135"> Second Committee Informal consultations </s>
	</p>
	<p n="130">
	  <s n="136"> Informal consultations will be held on Friday, 24 October 2003, in the morning, in Conference Room 2, under the chairmanship of Ms. Ulrika Cronenberg-Mossberg (Sweden), on agenda items 92 (Sectoral policy questions: preventing and combating corrupt practices and transfer of funds of illicit origin and returning such assets to the countries of origin (A/C.2/58/L.2)) and 98 (Implementation of the first United Nations Decade for the Eradication of Poverty (1997-2006) (A/C.2/58/L.3 and A/C.2/58/L.4)). </s>
	</p>
	<p n="131">
	  <s n="137"> Panel discussion on “Partnerships” </s>
	</p>
	<p n="132">
	  <s n="138"> There will be a panel discussion on “Partnerships”, organized by the Department of Economic and Social Affairs, on Monday, 27 October 2003, from 11.30 a.m. to 1 p.m. in Conference Room 4. </s>
	  <s n="139"> The meeting will be chaired by H.E. Mr. Iftekhar Chowdhury (Bangladesh), Chairman of the Second Committee. </s>
	  <s n="140"> The panellists will include Mr. Talal Abu-Ghazaleh, Vice-Chairman of the United Nations Information and communication Technologies (ICT) Task Force and Chairman and CEO of TAGO; Mr. Robert Coultas, Representative of Rotary International to the United Nations; Mr. Georg Kell, Executive Head, Global Compact Office; and Mr. Amir Dossal, Executive Director, United Nations Fund for International Partnerships (UNFIP). </s>
	</p>
	<p n="133">
	  <s n="141"> Members of permanent missions, agencies and organizations of the United Nations system, Secretariat staff, representatives of non-governmental organizations and the media are invited to attend. </s>
	  <s n="142"> For further information please contact the Division for ECOSOC Support and Coordination, DESA (tel. </s>
	  <s n="143"> 1 (212) 963-4201; or e-mail ecosocinfo@un.org). </s>
	</p>
	<p n="134">
	  <s n="144"> Second and Third Committees </s>
	</p>
	<p n="135">
	  <s n="145"> Briefing </s>
	</p>
	<p n="136">
	  <s n="146"> A keynote address to the Second and Third Committees delegates will be made by Mr. Juan Somavía, Director-General of the International Labour Organization, on the social dimensions of globalization, on Monday, 27 October 2003, from 5 to 6 p.m. in the Trusteeship Council Chamber. </s>
	  <s n="147"> The meeting will be co-chaired by H.E. Mr. Iftekhar Chowdhury (Bangladesh), Chairman of the Second Committee, and a representative of the Chairman of the Third Committee. </s>
	</p>
	<p n="137">
	  <s n="148"> Members of permanent missions, United Nations staff, representatives of non-governmental organizations and the media are invited to attend. </s>
	</p>
	<p n="138">
	  <s n="149"> United Nations Pledging Conference for Development Activities </s>
	</p>
	<p n="139">
	  <s n="150"> The 2003 United Nations Pledging Conference for Development Activities will be held on Tuesday, 4 November 2003, at 3 p.m. in Conference Room 4. </s>
	  <s n="151"> It would be appreciated if delegations could submit the names of their representatives to the pledging conference, in writing, to Ms. Lorna Fidler (tel. </s>
	  <s n="152"> 1 (212) 963-2319; fax 1 (212) 963-5935). </s>
	  <s n="153"> The list of speakers will be open as of Friday, 24 October 2003. </s>
	  <s n="154"> Delegations wishing to be inscribed are requested to contact Ms. Lorna Fidler. </s>
	</p>
	<p n="140">
	  <s n="155"> Economic and Social Council </s>
	</p>
	<p n="141">
	  <s n="156"> Resumed substantive session 2003 </s>
	</p>
	<p n="142">
	  <s n="157"> There will be a meeting of the resumed substantive session 2003, on Friday, 31 October 2003, at 3 p.m. in the Economic and Social Council, on the following outstanding matters before the resumed substantive session 2003: </s>
	</p>
	<p n="143">
	  <s n="158"> Adoption of the agenda and other organizational matters (E/2003/104 and E/2003/1051) </s>
	</p>
	<p n="144">
	  <s n="159"> Elections2: </s>
	</p>
	<p n="145">
	  <s n="160"> Commission on Science and Technology for Development </s>
	</p>
	<p n="146">
	  <s n="161"> Intergovernmental Working Group of Experts on International Standards of Accounting and Reporting </s>
	</p>
	<p n="147">
	  <s n="162"> United Nations International Research and Training Institute for the Advancement of Women (E/2003/L.3/Add.13) </s>
	</p>
	<p n="148">
	  <s n="163"> Committee for the United Nations Population Award </s>
	</p>
	<p n="149">
	  <s n="164"> Governing Council of the United Nations Human Settlements Programme </s>
	</p>
	<p n="150">
	  <s n="165"> Joint United Nations Programme on HIV/AIDS (UNAIDS) </s>
	</p>
	<p n="151">
	  <s n="166"> International Narcotics Control Board (E/2003/L.3/Add.12) </s>
	</p>
	<p n="152">
	  <s n="167"> Regional cooperation (E/2003/15/Add.2)1 </s>
	</p>
	<p n="153">
	  <s n="168"> Economic and environmental questions </s>
	</p>
	<p n="154">
	  <s n="169"> (h) International cooperation in tax matters </s>
	</p>
	<p n="155">
	  <s n="170"> (i) United Nations Forum on Forests (E/2003/42) </s>
	</p>
	<p n="156">
	  <s n="171"> 1 To be issued. </s>
	</p>
	<p n="157">
	  <s n="172"> 2 For additional information on elections, please contact Ms. Nancy Beteta (tel. </s>
	</p>
	<p n="158">
	  <s n="173"> Other forthcoming meetings </s>
	</p>
	<p n="159">
	  <s n="174"> The information below is reproduced as received and does not imply any opinion or endorsement by the Secretariat of the United Nations. </s>
	</p>
	<p n="160">
	  <s n="175"> Asian Group There will be a meeting of the Asian Group on Friday, 24 October 2003, from 10 a.m. to 1 p.m. in the Economic and Social Council Chamber. </s>
	</p>
	<p n="161">
	  <s n="176"> Group of 77 (on agenda items 93 (a) and (c) and 97 (b)) </s>
	</p>
	<p n="162">
	  <s n="177"> There will be a meeting of the Group of 77 (on agenda items 93 (a) and (c) and 97 (b)) on Friday, 24 October 2003, from 10 a.m. to 1 p.m. in Conference Room 8. </s>
	</p>
	<p n="163">
	  <s n="178"> Meeting of co-sponsors on the draft resolution on human rights and terrorism (agenda item 117 (b)) (organized by the Permanent Mission of Algeria) </s>
	</p>
	<p n="164">
	  <s n="179"> There will be a meeting of co-sponsors on the draft resolution on human rights and terrorism (agenda item 117 (b)), organized by the Permanent Mission of Algeria, on Friday, 24 October 2003, from 10 a.m. to 1 p.m. in Conference Room 7. </s>
	</p>
	<p n="165">
	  <s n="180"> Open-ended informal consultations on the draft resolution entitled “Violence against women” (Third Committee) (organized by the Permanent Mission of Netherlands) </s>
	</p>
	<p n="166">
	  <s n="181"> There will be open-ended informal consultations on the draft resolution entitled “Violence against women” (Third Committee), organized by the Permanent Mission of Netherlands, on Friday, 24 October 2003, from 10 a.m. to 1 p.m. in Conference Room 6. </s>
	</p>
	<p n="167">
	  <s n="182"> Open-ended informal consultations on draft resolution on the implementation of the world programme of action concerning disabled persons: towards a society for all in the twenty-first century (agenda item 106) (Third Committee) (organized by the Permanent Mission of Philippines) </s>
	</p>
	<p n="168">
	  <s n="183"> There will be open-ended informal consultations on draft resolution on the implementa-tion of the world programme of action concerning disabled persons: towards a society for all in the twenty-first century (agenda item 106) (Third Committee), organized by the Permanent Mission of Philippines, on Friday, 24 October 2003, from 10 a.m. to 12 noon in Conference Room A. </s>
	</p>
	<p n="169">
	  <s n="184"> Open-ended informal consultations on the follow-up to the Fourth World Conference on Women and of the twenty-third special session of the General Assembly, entitled “Women 2000: gender equality, development and peace for the twenty-first century” (Third Committee) (agenda item 111) (organized by the Permanent Mission of Colombia) </s>
	</p>
	<p n="170">
	  <s n="185"> There will be open-ended informal consultations on the follow-up to the Fourth World Conference on Women and of the twenty-third special session of the General Assembly, entitled “Women 2000: gender equality, development and peace for the twenty-first century” (Third Committee) (agenda item 111), organized by the Permanent Mission of Colombia, on Friday, 24 October 2003, from 1.15 to 2.45 p.m. in Conference Room 5. </s>
	</p>
	<p n="171">
	  <s n="186"> Meeting of interested co-sponsors of a draft resolution on sustainable mountain development (agenda item 94 (g)) (organized by the Permanent Mission of Switzerland) </s>
	</p>
	<p n="172">
	  <s n="187"> There will be a meeting of interested co-sponsors of a draft resolution on sustainable mountain development (agenda item 94 (g)), organized by the Permanent Mission of Switzerland, on Friday, 24 October 2003, from 2 to 3 p.m. in the Economic and Social Council Chamber. </s>
	</p>
	<p n="173">
	  <s n="188"> Briefing on the organization of the High-level Dialogue on Financing for Development and related events </s>
	</p>
	<p n="174">
	  <s n="189"> There will be a briefing on the organization of the High-level Dialogue on Financing for Development (29-30 October 2003) and related events, on Friday, 24 October 2003, from 3 to 4.30 p.m. in the Trusteeship Council Chamber. </s>
	  <s n="190"> The briefing is organized by the Financing for Development Office, Department of Economic and Social Affairs. </s>
	  <s n="191"> Members of permanent missions, agencies and organizations of the United Nations system, Secretariat staff and representatives of intergovernmental and non-governmental organizations are invited to attend. </s>
	  <s n="192"> Background information is available on the Financing for Development Web site www.un.org/esa/ffd. </s>
	  <s n="193"> For further information, please contact Mr. Alexandre Trepelkov (room DC2-1758; tel. </s>
	</p>
	<p n="175">
	  <s n="194"> Open-ended informal consultations on the draft resolution on torture and other cruel, inhuman or degrading treatment or punishment (agenda item 117 (a)) (organized by the Permanent Mission of Denmark) </s>
	</p>
	<p n="176">
	  <s n="195"> There will be open-ended informal consultations on the draft resolution on torture and other cruel, inhuman or degrading treatment or punishment (agenda item 117 (a)), organized by the Permanent Mission of Denmark, on Friday, 24 October 2003, from 3 to 5 p.m. in Conference Room A. </s>
	</p>
	<p n="177">
	  <s n="196"> OIC Group (on Sixth Committee matters) (at the experts level) </s>
	</p>
	<p n="178">
	  <s n="197"> There will be a meeting of the OIC Group (on Sixth Committee matters) (at the experts level) on Friday, 24 October 2003, from 3 to 4.30 p.m. in Conference Room E. </s>
	</p>
	<p n="179">
	  <s n="198"> Annual Parliamentary Hearing at the United Nations </s>
	</p>
	<p n="180">
	  <s n="199"> The Annual Parliamentary Hearing at the United Nations, organized by the Inter-Parliamentary Union, in cooperation with the United Nations, will take place on Monday, 27 October 2003, from 10 a.m. to 1 p.m. and from 3 to 6 p.m. in the Economic and Social Council Chamber. </s>
	  <s n="200"> The Secretary-General of the United Nations will open the meeting with the President of the Inter-Parliamentary Union. </s>
	  <s n="201"> All members of the United Nations community are invited to attend as observers. </s>
	  <s n="202"> For further information, including the complete programme and list of speakers, please contact Mr. Alessandro Motter, Permanent Observer Office of the Inter-Parliamentary Union (tel. </s>
	  <s n="203"> 1 (212) 557-5880; e-mail am@mail.ipu.org). </s>
	</p>
	<p n="181">
	  <s n="204"> JUSCANZ Group (on Third Committee matters) </s>
	</p>
	<p n="182">
	  <s n="205"> There will be meetings of the JUSCANZ Group (on Third Committee matters) on Tuesday, 28 October 2003, from 9 to 9.45 a.m. in Conference Room A. </s>
	</p>
	<p n="183">
	  <s n="206"> Fourth Meeting of the Open Forum for Partnership </s>
	</p>
	<p n="184">
	  <s n="207"> The Fourth Meeting of the Open Forum for Partnership, organized by the United Nations Office of the High Representative of the Least Developed Countries, Landlocked Developing Countries and Small Island Developing Countries, will be held on Tuesday, 28 October 2003, from 10 a.m. to 12 noon in Conference Room 6. </s>
	  <s n="208"> Mr. Rubens Ricupero, Secretary-General, United Nations Conference on Trade and Development (UNCTAD), will make a presentation on the theme “UNCTAD XI: The Way Forward After Cancún for the Least Developed Countries”. </s>
	  <s n="209"> Members of permanent missions, agencies and organizations of the United Nations system, Secretariat staff, representatives of non-governmental organizations and the media are invited to attend. </s>
	  <s n="210"> For further information please contact Mr. Eder García (tel. </s>
	  <s n="211"> 1 (212) 963-5051; or e-mail ohrlls-unhq@un.org). </s>
	</p>
	<p n="185">
	  <s n="212"> Briefing on “The International Financial Structure” (organized by the Permanent Mission of Sweden) </s>
	</p>
	<p n="186">
	  <s n="213"> There will be a briefing on “The International Financial Structure”, organized by the Permanent Mission of Sweden, on Wednesday, 29 October 2003, from 1.15 to 2.45 p.m. in Conference Room 8. </s>
	  <s n="214"> A new study on the international financial structure will be presented by its authors. </s>
	  <s n="215"> The meeting will be chaired by Ms. Ruth Jacoby, Director-General for Development Cooperation, Ministry for Foreign Affairs of Sweden. </s>
	  <s n="216"> Members of permanent missions, agencies and organizations of the United Nations system, Secretariat staff and representatives of non-governmental organizations are invited to attend. </s>
	</p>
	<p n="187">
	  <s n="217"> Southern African Development Committee (SADC) (at the Third Committee experts level) (agenda item 112) </s>
	</p>
	<p n="188">
	  <s n="218"> There will be a meeting of the Southern African Development Committee (SADC) (at the Third Committee experts level) (agenda item 112) on Wednesday, 29 October 2003, from 1.15 to 2.45 p.m. in Conference Room C. </s>
	</p>
	<p n="189">
	  <s n="219"> Asian-African Legal Consultative Organization (AALCO) </s>
	</p>
	<p n="190">
	  <s n="220"> There will be meetings of the Asian-African Legal Consultative Organization (AALCO) on Thursday, 30 October 2003, from 3 to 6 p.m. in Conference Room 8; and on Monday, 3 November, from 3 to 6 p.m. in Conference Room 6. </s>
	</p>
	<p n="191">
	  <s n="221"> Briefing on the World Summit on the Information Society (WSIS) (organized by the United Nations Information and Communication Technologies Task Force) </s>
	</p>
	<p n="192">
	  <s n="222"> There will be a briefing by Mr. Mark Furrer, State Secretary, Director of the Federal Office of Communications, Switzerland; Mr. Daniel Stauffacher, Delegate of the Swiss Federal Council for the World Summit; and Mr. Nitin Desai, Special Advisor to the Secretary-General on the World Summit on the Information Society, on the first phase of the World Summit, to be held in Geneva from 10 to 12 December 2003. </s>
	  <s n="223"> The briefing, organized by the United Nations Information and Communication Technologies (ICT) Task Force, will be held on Monday, 3 November 2003, at 10 a.m. in the Economic and Social Council Chamber. </s>
	  <s n="224"> Background material on the World Summit can be obtained at the following Web site: www.itu.int/wsis/. </s>
	  <s n="225"> For further information, please contact Ms. Maria Lehtinen, ICT Task Force secretariat (e-mail lehtinen@un.org). </s>
	</p>
	<p n="193">
	  <s n="226"> UNITAR French-language workshop on the structure, drafting and adoption of United Nations resolutions </s>
	</p>
	<p n="194">
	  <s n="227"> The United Nations Institute for Training and Research (UNITAR) is organizing a French-language workshop on the structure, drafting and adoption of United Nations resolutions for members of permanent missions in New York. </s>
	  <s n="228"> The workshop will be held on Monday, 3 November 2003, from 10 a.m. to 1 p.m. and from 3 to 6 p.m.; on Tuesday, 4 November, from 3 to 6 p.m.; and on Wednesday, 5 November, from 3 to 6 p.m. </s>
	</p>
	<p n="195">
	  <s n="229"> A letter on this subject, including an information note and a nomination form, was addressed to all the permanent missions. </s>
	  <s n="230"> The registration deadline is Wednesday, 29 October. </s>
	  <s n="231"> For further information, please contact Ms. Maud Graham (room DC1-603; tel. </s>
	</p>
	<p n="196">
	  <s n="232"> Panel discussion on microcredit </s>
	</p>
	<p n="197">
	  <s n="233"> There will be a panel discussion on microcredit, co-organized by the Office of the High Representative for the Least Developed Countries, Landlocked Developing Countries and Small Island Developing States and the Microcredit Summit Campaign, on the occasion of the release of the State of the Microcredit Summit Campaign Report, on Monday, 3 November 2003, from 1 to 2.15 p.m. in the Dag Hammarskjöld Library Auditorium. </s>
	</p>
	<p n="198">
	  <s n="234"> Members of the permanent missions, Secretariat staff, representatives of intergovernmental and non-governmental organizations and the media are invited to attend. </s>
	  <s n="235"> For further information, please contact Ms. Carol Sakubita (tel. </s>
	</p>
	<p n="199">
	  <s n="236"> Symposia on population and development </s>
	</p>
	<p n="200">
	  <s n="237"> The symposia on population and development, organized by the Office of the High Representative for the Least Developed Countries, Landlocked Developing Countries and Small Island Developing States and the Office of the Permanent Observer of Partners in Population and Development to the United Nations, will continue at Headquarters, as follows: </s>
	</p>
	<p n="201">
	  <s n="238"> Symposium II on “Family Planning, Reproductive Health and Development”: Monday, 3 November, from 3 to 5.30 p.m., in the Dag Hammarskjöld Library Auditorium; </s>
	</p>
	<p n="202">
	  <s n="239"> Symposium III on “Empowerment of Women”: Monday, 10 November, from 3 to 5.30 p.m., in the Dag Hammarskjöld Library Auditorium; and </s>
	</p>
	<p n="203">
	  <s n="240"> Symposium IV on “Population and HIV/AIDS”: Wednesday, 19 November, from 4 to 6 p.m., in the Dag Hammarskjöld Library Auditorium. </s>
	</p>
	<p n="204">
	  <s n="241"> Members of permanent missions, Secretariat staff, representatives of non-governmental organizations and the media are invited to attend [For further information: tel. </s>
	  <s n="242"> 1 (212) 457-1828; e-mail rgarvey@ppdsec.org]. </s>
	</p>
	<p n="205">
	  <s n="243"> UNITAR briefing on “Developments in Ocean Affairs and the Law of the Sea” </s>
	</p>
	<p n="206">
	  <s n="244"> The United Nations Institute for Training and Research (UNITAR) and the Division for Ocean Affairs and the Law of the Sea of the Office of Legal Affairs are jointly organizing a briefing on “Developments in Ocean Affairs and the Law of the Sea”. </s>
	  <s n="245"> The briefing, to be conducted in English, will be held on Wednesday and Thursday, 5 and 6 November 2003, from 10 a.m. to 1 p.m. and from 3 to 6 p.m. in Conference Room 8. </s>
	</p>
	<p n="207">
	  <s n="246"> A letter on this subject, including a detailed information note, the tentative programme and a nomination form, was addressed to all permanent missions in New York. </s>
	  <s n="247"> The registration dealine is Friday, 31 October 2003. </s>
	  <s n="248"> For further information, please contact Ms. Nicole Valenta at UNITAR (room DC1-603; tel. </s>
	  <s n="249"> 1 (212) 963-9684 or 963-9196). </s>
	</p>
	<p n="208">
	  <s n="250"> Announcements </s>
	</p>
	<p n="209">
	  <s n="251"> Security Council Daily informal briefings </s>
	</p>
	<p n="210">
	  <s n="252"> As from Friday, 3 October 2003, and for the rest of the month, the Presidency of the Security Council will conduct informal briefings daily on the current work of the Council for Member States of the United Nations, which are non-members of the Council, except on days on which no informal consultations are scheduled. </s>
	  <s n="253"> The briefings will take place immediately following the adjournment of the informal consultations in the NAM Caucus Room. </s>
	</p>
	<p n="211">
	  <s n="254"> Recorded information </s>
	</p>
	<p n="212">
	  <s n="255"> Recorded information about previously unscheduled meetings and consultations of the whole of the Security Council may be obtained by calling 1 (212) 963-8530. </s>
	</p>
	<p n="213">
	  <s n="256"> Summary of meetings </s>
	</p>
	<p n="214">
	  <s n="257"> Tuesday, 21 October 2003 </s>
	</p>
	<p n="215">
	  <s n="258"> General Assembly </s>
	</p>
	<p n="216">
	  <s n="259"> Fifty-eighth session </s>
	</p>
	<p n="217">
	  <s n="260"> 39th plenary meeting Strengthening of the coordination of humanitarian and disaster relief assistance of the United Nations, including special economic assistance: report of the Secretary General (A/58/344) [40 (a) to (e)]: joint debate </s>
	</p>
	<p n="218">
	  <s n="261"> (a) Strengthening of the coordination of emergency humanitarian assistance of the United Nations: reports of the Secretary-General (A/58/89, A/58/434) </s>
	</p>
	<p n="219">
	  <s n="262"> (b) Special economic assistance to individual countries or regions: reports of the Secretary-General (A/58/133, A/58/224, A/58/225, A/58/273, A/58/280, A/58/285/, A/58/286, A/58/358) </s>
	</p>
	<p n="220">
	  <s n="263"> (c) Strengthening of international cooperation and coordination of efforts to study, mitigate and minimize the consequences of the Chernobyl disaster: report of the Secretary-General (A58/332) </s>
	</p>
	<p n="221">
	  <s n="264"> (d) Participation of volunteers, “White Helmets”, in the activities of the United Nations in the Field of humanitarian relief, rehabilitation and technical cooperation for development: report of the Secretary-General (A/58/320) </s>
	</p>
	<p n="222">
	  <s n="265"> (e) Assistance to the Palestinian people: report of the Secretary-General (A/58/88 and A/58/88/Corr.1) </s>
	</p>
	<p n="223">
	  <s n="266"> The General assembly continued its consideration of agenda item 40 and its sub-items (a) to (e). </s>
	</p>
	<p n="224">
	  <s n="267"> In accordance with General Assembly resolution 45/6 of 16 October 1990, the observer for the International Committee of the Red Cross made a statement. </s>
	</p>
	<p n="225">
	  <s n="268"> In accordance with General Assembly resolution 48/265 of 24 August 1994, the observer for the Sovereign Military Order of Malta made a statement. </s>
	</p>
	<p n="226">
	  <s n="269"> In accordance with General Assembly resolution 49/2 of 19 October 1994, the observer for the International Federation of the Red Cross and Red Crescent Societies made a statement. </s>
	</p>
	<p n="227">
	  <s n="270"> In accordance with the decision taken by the General Assembly at its 32nd plenary meeting, on 15 October 2003, the observer of the Holy See made a statement. </s>
	</p>
	<p n="228">
	  <s n="271"> Statements in the exercise of the right of reply were made by the representatives of Armenia, Azerbaijan and Israel. </s>
	</p>
	<p n="229">
	  <s n="272"> The observer for Palestine made a statement in the exercise of the right of reply. </s>
	</p>
	<p n="230">
	  <s n="273"> The General Assembly thus concluded this stage of its consideration of agenda item 40 and sub-items (a) to (e). </s>
	</p>
	<p n="231">
	  <s n="274"> Follow-up to the outcome of the special session on children: report of the Secretary-General (A/58/333) </s>
	</p>
	<p n="232">
	  <s n="275"> Statements were made by the representatives of Peru (on behalf of the Rio Group), Italy (on behalf of the European Union and Bulgaria, Cyprus, the Czech Republic, Estonia, Hungary, Latvia, Lithuania, Malta, Norway, Poland, Romania, Slovakia, Slovenia, and Turkey), Namibia and Switzerland, as well as by H.E. Ms. Kashmala Tariq, Member of Parliament of Pakistan, and the representatives of Malaysia, Uruguay, China, Indonesia, Viet Nam, Bangladesh, Slovenia, the Bahamas, Croatia, the Syrian Arab Republic, Cuba and Myanmar. </s>
	</p>
	<p n="233">
	  <s n="276"> Programme of work </s>
	</p>
	<p n="234">
	  <s n="277"> The General Assembly was informed of the following changes to the programme of work of the plenary contained in A/INF/58/4/Rev.1: </s>
	</p>
	<p n="235">
	  <s n="278"> Friday, 31 October 2003, morning </s>
	</p>
	<p n="236">
	  <s n="279"> The General Assembly will consider agenda item 108 (Crime prevention and criminal justice) as the second item, to take action on the draft “United Nations Convention against Corruption” contained in document A/58/422. </s>
	</p>
	<p n="237">
	  <s n="280"> Monday, 3 November 2003, morning </s>
	</p>
	<p n="238">
	  <s n="281"> The General Assembly will consider as the first item, agenda item 23 (Sport for peace and development) and its sub-items (a) and (b), instead of in the afternoon. </s>
	  <s n="282"> After the adjournment of the morning meeting, the President of International Olympic Committee will make a statement, at an informal segment. </s>
	</p>
	<p n="239">
	  <s n="283"> Monday, 17 November 2003, morning </s>
	</p>
	<p n="240">
	  <s n="284"> The General Assembly will take up agenda item 16 (a) (Election of forty-three members of the United Nations Commission on International Trade Law). </s>
	</p>
	<p n="241">
	  <s n="285"> Tuesday, 4 November 2003, afternoon (Conference Room 4) </s>
	</p>
	<p n="242">
	  <s n="286"> 2003 United Nations Pledging Conference for Development Activities. </s>
	</p>
	<p n="243">
	  <s n="287"> Wednesday, 3 December 2003 </s>
	</p>
	<p n="244">
	  <s n="288"> Announcement of voluntary contributions to the 2003 programmes of the United Nations Relief and Works Agency for Palestine refugees in the Near East. </s>
	</p>
	<p n="245">
	  <s n="289"> Tenth emergency special session </s>
	</p>
	<p n="246">
	  <s n="290"> 22nd plenary meeting Illegal Israeli actions in Occupied East Jerusalem and the rest of the Occupied Palestinian Territory: draft resolutions (A/ES-10/L.13, A/ES-10/L.14 and A/ES-10/L.15) </s>
	</p>
	<p n="247">
	  <s n="291"> The representative of Italy (on behalf of the European Union and of Bulgaria, Cyprus, the Czech Republic, Estonia, Hungary, Iceland, Liechtenstein, Latvia, Lithuania, Malta, Poland, Romania, Slovakia, Slovenia and Turkey) made a statement, in the course of which he introduced and orally corrected draft resolution A/ES-10/L.15. </s>
	</p>
	<p n="248">
	  <s n="292"> The President informed the Assembly that the co-sponsors of draft resolutions A/ES-10/L.13 and A/ES-10/L.14 did not insist on the General Assembly taking action on the draft resolutions. </s>
	</p>
	<p n="249">
	  <s n="293"> The representative of Chile made a statement on a point of order. </s>
	</p>
	<p n="250">
	  <s n="294"> The General Assembly decided to waive the relevant provision of rule 78 of the rules of procedure and decided to consider draft resolution A/ES-10/L.15, as orally corrected. </s>
	</p>
	<p n="251">
	  <s n="295"> The representative of Israel made a statement in explanation of vote before the vote. </s>
	</p>
	<p n="252">
	  <s n="296"> By 144 votes to 4, with 12 abstentions (recorded vote), the General Assembly adopted draft resolution A/ES-10/L.15, as orally corrected (resolution ES-10/13). </s>
	</p>
	<p n="253">
	  <s n="297"> Statements in explanation of vote after the vote were made by the representatives of Canada, Australia and Peru. </s>
	</p>
	<p n="254">
	  <s n="298"> The observer for Palestine made a statement. </s>
	</p>
	<p n="255">
	  <s n="299"> The tenth emergency special session of the General Assembly was adjourned in accordance with the terms of paragraph 4 of resolution A/ES-10/L.13. </s>
	</p>
	<p n="256">
	  <s n="300"> Wednesday, 22 October 2003 </s>
	</p>
	<p n="257">
	  <s n="301"> General Assembly </s>
	</p>
	<p n="258">
	  <s n="302"> Fifty-eighth session </s>
	</p>
	<p n="259">
	  <s n="303"> 40th plenary meeting Follow-up to the outcome of the special session on children: report of the Secretary-General (A/58/333) </s>
	</p>
	<p n="260">
	  <s n="304"> The General Assembly continued its consideration of agenda item 41. </s>
	</p>
	<p n="261">
	  <s n="305"> Statements were made by the representatives of the Republic of Korea, Paraguay, Thailand, Nepal, the Sudan, India and Trinidad and Tobago. </s>
	</p>
	<p n="262">
	  <s n="306"> The General Assembly thus concluded this stage of its consideration of agenda item 41. </s>
	</p>
	<p n="263">
	  <s n="307"> Towards global partnerships: report of the Secretary-General (A/58/227) </s>
	</p>
	<p n="264">
	  <s n="308"> Statements were made by the representatives of Switzerland, the Russian Federation, the Islamic Republic of Iran, Italy (on behalf of the European Union and of Bulgaria, the Czech Republic, Cyprus, Estonia, Hungary, Liechtenstein, Latvia, Lithuania, Malta, Norway, Poland, Romania, Slovakia, Slovenia and Turkey), Pakistan, China and Uganda. </s>
	</p>
	<p n="265">
	  <s n="309"> The General Assembly thus concluded this stage of its consideration of agenda item 46. </s>
	</p>
	<p n="266">
	  <s n="310"> Integrated and coordinated implementation of and follow-up to the outcomes of the major United Nations conferences and summits in the economic, social and related fields: report of the Secretary-General (A/58/359) </s>
	</p>
	<p n="267">
	  <s n="311"> Statements were made by the representatives of Morocco (on behalf of the Group 77), Peru (on behalf of the Rio Group), Italy (on behalf of the European Union and of Bulgaria, the Czech Republic, Cyprus, Estonia, Hungary, Liechtenstein, Latvia, Lithuania, Malta, Norway, Poland, Romania, Slovakia, Slovenia and Turkey), Pakistan, China, Malaysia, Switzerland and Tunisia. </s>
	</p>
	<p n="268">
	  <s n="312"> 41st plenary meeting Integrated and coordinated implementation of and follow-up to the outcome of the major United Nations conferences and summits in the economic, social and related fields: report of the Secretary-General (A/58/359) </s>
	</p>
	<p n="269">
	  <s n="313"> The General Assembly continued its consideration of agenda item 50. </s>
	</p>
	<p n="270">
	  <s n="314"> Statements were made by the representatives of South Africa, Kazakhstan, Indonesia, Jamaica, India and the United States. </s>
	</p>
	<p n="271">
	  <s n="315"> 2001-2010: Decade to Roll Back Malaria in Developing Countries, Particularly in Africa: note by the Secretary-General (A/58/136, A/58/136/Corr.1) </s>
	</p>
	<p n="272">
	  <s n="316"> Statements were made by the representative of Italy (on behalf of the European Union and of Bulgaria, Cyprus, the Czech Republic, Estonia, Hungary, Latvia, Lithuania, Malta, Norway, Poland, Romania, Slovakia, Slovenia and Turkey), Namibia, Egypt, Kenya, Togo, Eritrea, Fiji, Djibouti and Ethiopia. </s>
	</p>
	<p n="273">
	  <s n="317"> The General Assembly thus concluded this stage of its consideration of agenda item 51. </s>
	</p>
	<p n="274">
	  <s n="318"> Global road safety crisis: draft resolution (A/58/L.3) </s>
	</p>
	<p n="275">
	  <s n="319"> The representative of Oman made a statement, in the course of which he introduced draft resolution A/58/L.3. </s>
	</p>
	<p n="276">
	  <s n="320"> Statements were made by the representatives of Malaysia, China and Italy (on behalf of the European Union and of Bulgaria, Cyprus, the Czech Republic, Estonia, Hungary, Iceland, Latvia, Liechtenstein, Lithuania, Malta, Poland, Romania, Slovakia, Slovenia and Turkey). </s>
	</p>
	<p n="277">
	  <s n="321"> Main Committees </s>
	</p>
	<p n="278">
	  <s n="322"> First Committee </s>
	</p>
	<p n="279">
	  <s n="323"> 13h meeting The Committee continued its second phase of work, namely, the thematic discussion on item subjects as well as the introduction and consideration of all draft resolutions submitted under agenda items 62 to 80. </s>
	</p>
	<p n="280">
	  <s n="324"> Statements were made by the representatives of New Zealand (on behalf of Pacific Island Forum Group), South Africa (who introduced draft resolution A/C.1/58/L.1), Japan, Colombia, Mali (who introduced draft resolution A/C.1/58/L.51), Nigeria (on behalf of the African Group (who introduced draft resolution A/C.1/58/L.13)), Sierra Leone, Canada, France (who introduced draft resolution A/C.1/58/L.46), the Netherlands, Sweden, Switzerland, Turkey, the Democratic Republic of the Congo, the Republic of Korea, Rwanda, the Central African Republic (who introduced draft resolution A/C.1/58/L.54), Australia, Uruguay (on behalf of MERCOSUR), Norway, Argentina, Israel, Pakistan (who introduced draft resolutions A/C.1/58/L.9 and A/C.1/58/L.10), Lithuania and India. </s>
	</p>
	<p n="281">
	  <s n="325"> The Chairman of the Committee made a statement. </s>
	</p>
	<p n="282">
	  <s n="326"> It was announced that the following countries had joined the sponsors of the following draft resolutions: A/C.1/58/L.1: Austria, Bolivia, Grenada, Latvia, Mongolia, Republic of Moldova; A/C.1/58/L.9: Turkey; A/C.1/58/L.10: Italy; A/C.1/58/L.11: Republic of the Congo; A/C.1/58/L.12: Republic of the Congo; A/C.1/58/L.13: Republic of the Congo; A/C.1/58/L.16: Ukraine; A/C.1/58/L.17: Republic of Moldova; A/C.1/58/L.19: Republic of the Congo; A/C.1/58/L.21: Fiji, Pakistan, Papua New Guinea; A/C.1/58/L.26: Republic of the Congo; A/C.1/58/L.27: Republic of the Congo; A/C.1/58/L.32: Republic of Moldova; A/C.1/58/L.35: Armenia, Myanmar; A/C.1/58/L.36: Myanmar; A/C.1/58/L.38: Thailand; A/C.1/58/L.39: Paraguay; A/C.1/58/L.40: Austria, Costa Rica, Paraguay; A/C.1/58/L.42: Austria; A/C.1/58/L.43: Albania, Belize, Cape Verde, Chad, Gambia, Ghana, Guinea-Bissau, Saint Kitts and Nevis, Saint Vincent and the Grenadines; A/C.1/58/L.45: Ghana, Thailand, Republic of Moldova; A/C.1/58/L.46: Norway, , Republic of Moldova , Russian Federation, San Marino, Ukraine; A/C.1/58/L.50: Republic of Moldova; A/C.1/58/L.51: Spain; A/C.1/58/L.52: Burkina Faso, Costa Rica, Tuvalu, Vanuatu; and A/C.1/58/L.53 Tuvalu. </s>
	</p>
	<p n="283">
	  <s n="327"> Second Committee </s>
	</p>
	<p n="284">
	  <s n="328"> 18th meeting Implementation of Agenda 21, the Programme for the Further Implementation of Agenda 21 and the outcomes of the World Summit on Sustainable Development </s>
	</p>
	<p n="285">
	  <s n="329"> United Nations Decade of Education for Sustainable Development </s>
	</p>
	<p n="286">
	  <s n="330"> Environment and sustainable development </s>
	</p>
	<p n="287">
	  <s n="331"> (d) Further implementation of the Programme of Action for the Sustainable Develop-ment of Small Island Developing States </s>
	</p>
	<p n="288">
	  <s n="332"> The Committee continued its consideration of the agenda items 95, 96 and 94 (d). </s>
	</p>
	<p n="289">
	  <s n="333"> The representative of Azerbaijan (on behalf of Georgia, the Republic of Moldova, Ukraine and Uzbekistan) made a statement. </s>
	</p>
	<p n="290">
	  <s n="334"> Operational activities for development </s>
	</p>
	<p n="291">
	  <s n="335"> (b) Economic and technical cooperation among developing countries </s>
	</p>
	<p n="292">
	  <s n="336"> The Committee continued its consideration of the sub-item and heard statements by the representatives of Indonesia, Malaysia, Lebanon, Chile, the Islamic Republic of Iran and Guyana (on behalf of the Caribbean Community (CARICOM)). </s>
	</p>
	<p n="293">
	  <s n="337"> A statement was also made by the representative of the Organization of Islamic Conference. </s>
	</p>
	<p n="294">
	  <s n="338"> Report of the Economic and Social Council </s>
	</p>
	<p n="295">
	  <s n="339"> Macroeconomic policy questions </s>
	</p>
	<p n="296">
	  <s n="340"> Report of the Committee for Programme and Coordination (chap. </s>
	  <s n="341"> III, sect. </s>
	  <s n="342"> B): proposed revisions to the medium-term plan for the period 2002-2005 (A/58/16) </s>
	</p>
	<p n="297">
	  <s n="343"> The Director for the Division for Sustainable Development, Department of Economic and Social Affairs (DESA), and the Acting Head of the Financing for Development Office, DESA, made presentations. </s>
	</p>
	<p n="298">
	  <s n="344"> The representative of Morocco (on behalf of the Group of 77 and China) made a statement and made comments on the recommendations contained in the report. </s>
	</p>
	<p n="299">
	  <s n="345"> Report of the Committee for Programme and Coordination (chap. </s>
	  <s n="346"> III, sect. </s>
	  <s n="347"> C.3): Evaluation:Triennial review of the implementation of the recommendations made by the CPC on the in-depth evaluation of global development trends, issues and policies, global approaches to social and microeconomic issues and policies, and the corresponding sub-programmes in the regional commissions (A/58/16) </s>
	</p>
	<p n="300">
	  <s n="348"> The Director of Development Policy and Planning Office, Department of Economic and Social Affairs, made a presentation. </s>
	</p>
	<p n="301">
	  <s n="349"> The Committee then agreed to send to the Fifth Committee the relevant comments as orally summarized by the Secretary of the Committee. </s>
	</p>
	<p n="302">
	  <s n="350"> Deadline for submission of draft proposals </s>
	</p>
	<p n="303">
	  <s n="351"> The Committee was informed that the deadline for submission of draft proposals under item 97 (b) was Friday, 24 October at 6 p.m. </s>
	</p>
	<p n="304">
	  <s n="352"> 19th meeting Macroeconomic policy questions (A/58/131-S/2003/703, A/58/413) </s>
	</p>
	<p n="305">
	  <s n="353"> (b) Science and Technology for development </s>
	</p>
	<p n="306">
	  <s n="354"> (c) Specific actions related to the particular needs and problems of landlocked developing countries </s>
	</p>
	<p n="307">
	  <s n="355"> (d) International financial system and development </s>
	</p>
	<p n="308">
	  <s n="356"> (e) External debt crisis and development </s>
	</p>
	<p n="309">
	  <s n="357"> (f) Outcome of the International Ministerial Conference of Landlocked and Transit Developing Countries and Donor Countries and International Financial and Development Institutions on Transit Transport Cooperation </s>
	</p>
	<p n="310">
	  <s n="358"> The Committee began its consideration of the sub-items. </s>
	</p>
	<p n="311">
	  <s n="359"> Introductory statements were made by the Chief, New York Liaison Office, United Nations Conference of Trade and Development, and the Chief, Policy Analysis and Development Branch, Financing for Development Office, Department for Economic and Social Affairs. </s>
	</p>
	<p n="312">
	  <s n="360"> A statement was made by the Under-Secretary-General and High Representative for the Least Developed Countries, Landlocked Developing Countries and Small Island Developing States. </s>
	</p>
	<p n="313">
	  <s n="361"> Statements were made by the representatives of Morocco (on behalf of the Group of 77 and China), Italy (on behalf of the European Union, as well as of Bulgaria, Cyprus, the Czech Republic, Estonia, Hungary, Latvia, Lithuania, Malta, Poland, Romania, Slovakia, Slovenia and Turkey), Norway, China, the Russian Federation, Lesotho (on behalf of the Southern African Development Community), Venezuela, Jamaica (on behalf of the Caribbean Community(CARICOM)), Pakistan, Yemen, Kenya, Belarus and Zambia. </s>
	</p>
	<p n="314">
	  <s n="362"> A statement was also made by the representative of the International Labour Organization. </s>
	</p>
	<p n="315">
	  <s n="363"> Deadlines for the submission of draft proposals </s>
	</p>
	<p n="316">
	  <s n="364"> The Committee was informed that the deadlines for the submission of draft proposals under items 94 (e) to (f) was extended to Monday, 27 October, at 6 p.m.; and under 94 (g) was Wednesday, 29 October, at 6 p.m. </s>
	</p>
	<p n="317">
	  <s n="365"> Third Committee </s>
	</p>
	<p n="318">
	  <s n="366"> 21st meeting Programme of activities of the International Decade of the World&apos;s Indigenous People (A/58/289, A/C.3/58/2) </s>
	</p>
	<p n="319">
	  <s n="367"> The Committee began its consideration of the item and heard introductory statements by the Director, New York Office, Office of the United Nations High Commissioner for Human Rights, and by the Director for Social Policy and Development, Department of Social and Economic Affairs. </s>
	</p>
	<p n="320">
	  <s n="368"> Following the introductory statements, a dialogue ensued in which the representatives of Mexico and Canada intervened. </s>
	</p>
	<p n="321">
	  <s n="369"> Statements were made by the representatives of Finland (on behalf of the Nordic countries: Denmark, Finland, Iceland, Norway and Sweden), Peru (on behalf of the Rio Group), Belize (on behalf of the Caribbean Community (CARICOM)) and Brazil. </s>
	</p>
	<p n="322">
	  <s n="370"> The observer of the Holy See also made a statement. </s>
	</p>
	<p n="323">
	  <s n="371"> 22nd meeting Programme of activities of the International Decade of the World&apos;s Indigenous People (A/58/289, A/C.3/58/2) </s>
	</p>
	<p n="324">
	  <s n="372"> The Committee continued its consideration of the item and heard statements by the representatives of Ecuador, Venezuela, Guatemala, New Zealand, the Democratic Republic of the Congo, Cuba and Chile. </s>
	</p>
	<p n="325">
	  <s n="373"> Statements were also made by the representatives of the World Bank and the World Intellectual Property Organization (WIPO). </s>
	</p>
	<p n="326">
	  <s n="374"> The Chairman announced that the Committee would take action on Thursday, 23 October, on draft resolutions A/C.3/58/L.7, A/C.3/58/L.11, A/C.3/58/L.3, A/C.3/58/L.4, A/C.3/58/L.5, A/C.3/58/L.6, A/C.3/58/L.14 and A/C.3/58/L.15. </s>
	</p>
	<p n="327">
	  <s n="375"> International Covenant on Civil and Political Rights </s>
	</p>
	<p n="328">
	  <s n="376"> Human Rights Committee </s>
	</p>
	<p n="329">
	  <s n="377"> Seventy-ninth session </s>
	</p>
	<p n="330">
	  <s n="378"> United Nations Office at Geneva </s>
	</p>
	<p n="331">
	  <s n="379"> Wednesday, 22 October 2003 </s>
	</p>
	<p n="332">
	  <s n="380"> 2141st-2142nd meetings (closed) </s>
	</p>
	<p n="333">
	  <s n="381"> Consideration of communications under the Optional Protocol to the Covenant </s>
	</p>
	<p n="334">
	  <s n="382"> The Committee continued its consideration of the item. </s>
	</p>
	<p n="335">
	  <s n="383"> Signatures, Ratifications, etc. </s>
	</p>
	<p n="336">
	  <s n="384"> [Multilateral Treaties Deposited with the Secretary-General] </s>
	</p>
	<p n="337">
	  <s n="385"> Optional Protocol to the Convention on the Elimination of All Forms of Discrimination against Women. </s>
	  <s n="386"> New York, 6 October 1999 </s>
	</p>
	<p n="338">
	  <s n="387"> Ratification: The Former Yugoslav Republic of Macedonia (17 October 2003)1 </s>
	</p>
	<p n="339">
	  <s n="388"> Optional Protocol to the Convention on the Rights of the Child on the sale of children, child prostitution and child pornography. </s>
	  <s n="389"> New York, 25 May 2000 </s>
	</p>
	<p n="340">
	  <s n="390"> Ratification: The Former Yugoslav Republic of Macedonia (17 October 2003)1 </s>
	</p>
	<p n="341">
	  <s n="391"> Convention on the Prohibition of the Use, Stockpiling, Production and Transfer of Anti-personnel Mines and on their Destruction. </s>
	  <s n="392"> Oslo, 18 September 1997 </s>
	</p>
	<p n="342">
	  <s n="393"> Ratification: Burundi (22 October 2003)1 </s>
	</p>
	<p n="343">
	  <s n="394"> 1 Date of receipt of the relevant documents. </s>
	</p>
	<p n="344">
	  <s n="395"> Other announcements </s>
	</p>
	<p n="345">
	  <s n="396"> DPI/NGO briefing </s>
	</p>
	<p n="346">
	  <s n="397"> This week, the topic of the DPI/NGO briefing will be “The Future of Disarmament and Arms Control: Civil Society&apos;s Role”. </s>
	  <s n="398"> The briefing will be held today, 23 October 2003, from 10.30 to 11.30 a.m. in the Dag Hammarskjöld Library Auditorium. </s>
	  <s n="399"> Members of permanent missions, Secretariat staff and the media are invited to attend. </s>
	  <s n="400"> For further information, please contact Ms. Tala Dowlatshahi, NGO Section, Department of Public Information (tel. </s>
	</p>
	<p n="347">
	  <s n="401"> Signing of the Memorandum of Understanding on United Nations Stand-by Arrangements with the Minister for Foreign Affairs of El Salvador </s>
	</p>
	<p n="348">
	  <s n="402"> The Under-Secretary-General for Peacekeeping Operations, Mr. Jean-Marie Guéhenno, will sign the Memorandum of Understanding on United Nations Stand-by Arrangements with the Minister for Foreign Affairs of El Salvador, today, 23 October 2003, at 12 noon in Room S-3727A. </s>
	</p>
	<p n="349">
	  <s n="403"> Unveiling ceremony of Memorial </s>
	</p>
	<p n="350">
	  <s n="404"> All United Nations staff and members of delegations are invited to attend the unveiling ceremony of a Memorial on Friday, 24 October 2003, at 12.30 p.m. in the North Garden. </s>
	  <s n="405"> The Memorial is dedicated to the United Nations staff that gave their lives in the service of peace in peacekeeping, humanitarian, and development missions. </s>
	  <s n="406"> The Secretary-General will make a brief statement on the occasion. </s>
	  <s n="407"> All participants in the event are expected to be at the site of the Memorial at designated areas no later than 12.15 p.m. </s>
	  <s n="408"> The duration of the ceremony will be approximately 10 to 15 minutes. </s>
	</p>
	<p n="351">
	  <s n="409"> Web sites President of the General Assembly: www.un.org/ga/president </s>
	</p>
	<p n="352">
	  <s n="410"> General Assembly: www.un.org/ga </s>
	</p>
	<p n="353">
	  <s n="411"> Presidency of the Security Council: www.un.org/Docs/sc/presidency www.un.org/french/docs/sc/presidency/ </s>
	</p>
	<p n="354">
	  <s n="412"> Security Council: www.un.org/sc </s>
	</p>
	<p n="355">
	  <s n="413"> Security Council Committee established pursuant to resolution 1373 (2001) concerning counter-terrorism: </s>
	</p>
	<p n="356">
	  <s n="414"> www.un.org/arabic/documents/SCCommittees/1373 www.un.org/chinese/aboutun/prinorgs/sc/committees/1373/1373.htm www.un.org/docs/sc/committees/1373 www.un.org/french/docs/sc/committees/1373 www.un.org/russian/documen/scdocs/committees/1373 www.un.org/spanish/docs/comites/1373/index.html </s>
	</p>
	<p n="357">
	  <s n="415"> Economic and Social Council: www.un.org/esa/coordination/ecosoc </s>
	</p>
	<p n="358">
	  <s n="416"> Italian presidency of the European Union: www.italyun.org http://europa-eu-un.org </s>
	</p>
	<p n="359">
	  <s n="417"> Journal of the United Nations: www.un.org/Docs/journal/Ar/latesta.pdf www.un.org/Docs/journal/Ch/latestc.pdf www.un.org/Docs/journal/En/lateste.pdf www.un.org/Docs/journal/Fr/latestf.pdf www.un.org/Docs/journal/Ru/latestr.pdf www.un.org/Docs/journal/Sp/latests.pdf </s>
	</p>
	<p n="360">
	  <s n="418"> Daily list of documents issued at Headquarters </s>
	</p>
	<p n="361">
	  <s n="419"> With the exception of sales publications and public information material, hyperlinked official documents listed hereunder may be accessed through the Official Document System of the United Nations in the electronic version of the present Journal. </s>
	  <s n="420"> The list contains documents issued by 2 p.m. on 22 October 2003. </s>
	</p>
	<p n="362">
	  <s n="421"> Symbol Main title </s>
	</p>
	<p n="363">
	  <s n="422"> General Assembly Official Records </s>
	</p>
	<p n="364">
	  <s n="423"> Fifty-eighth session </s>
	</p>
	<p n="365">
	  <s n="424"> A/58/PV.1 Meeting held on 18 September 2003, 3 p.m. [F] </s>
	</p>
	<p n="366">
	  <s n="425"> A/58/PV.19 Meeting held on 1 October 2003, 10 a.m. [E] </s>
	</p>
	<p n="367">
	  <s n="426"> General Assembly Documents </s>
	</p>
	<p n="368">
	  <s n="427"> Fifty-eighth session </s>
	</p>
	<p n="369">
	  <s n="428"> A/58/6 (Sect. </s>
	  <s n="429"> 14)/Rev.1 Proposed programme budget for the biennium 2004-2005 -- Part IV -- International cooperation for development -- Section 14 -- Environment -- (Programme 10 of the medium-term plan for the period 2002-2005) [A C E F R S] </s>
	</p>
	<p n="370">
	  <s n="430"> S/2003/1022 Item 10 -- Report of the Secretary-General on the work of the Organization -- Identical letters dated 10 October 2003 from the Secretary-General addressed to the President of the General Assembly and the President of the Security Council [A C E F R S] </s>
	</p>
	<p n="371">
	  <s n="431"> A/58/L.2 Item 23 (b) -- Sport for peace and development: International Year of Sport and Physical Education -- 39-Power draft resolution -- Sport as a means to promote, education, health, development and peace [A C E F R S] </s>
	</p>
	<p n="372">
	  <s n="432"> A/58/L.3 Item 160 -- Global road safety crisis -- 25-Power draft resolution [A C E F R S] </s>
	</p>
	<p n="373">
	  <s n="433"> A/RES/58/2 Item 12 -- Open-ended panel of the General Assembly on commodities [A C E F R S] </s>
	</p>
	<p n="374">
	  <s n="434"> First Committee </s>
	</p>
	<p n="375">
	  <s n="435"> A/C.1/58/L.42* Reissued for technical reasons [A C E F R S] </s>
	</p>
	<p n="376">
	  <s n="436"> A/C.1/58/L.43* Reissued for technical reasons [A C E F R S] </s>
	</p>
	<p n="377">
	  <s n="437"> A/C.1/58/L.45* Reissued for technical reasons [A C E F R S] </s>
	</p>
	<p n="378">
	  <s n="438"> A/C.1/58/L.54 Item 74 (b) -- Review and implementation of the Concluding Document of the Twelfth Special Session of the General Assembly -- 6-Power draft resolution -- Regional confidence-building measures: activities of the United Nations Standing Advisory Committee on Security Questions in Central Africa [A C E F R S] </s>
	</p>
	<p n="379">
	  <s n="439"> Third Committee </s>
	</p>
	<p n="380">
	  <s n="440"> A/C.3/58/L.17 Item 110 -- Advancement of women -- United States of America: draft resolution -- Women and political participation [A C E F R S] </s>
	</p>
	<p n="381">
	  <s n="441"> A/C.3/58/L.18 Item 110 -- Advancement of women -- 9-Power draft resolution -- Violence against women migrant workers [A C E F R S] </s>
	</p>
	<p n="382">
	  <s n="442"> A/C.3/58/L.19 Item 110 -- Advancement of women -- 33-Power draft resolution -- Improvement of the status of women in the United Nations system [A C E F R S] </s>
	</p>
	<p n="383">
	  <s n="443"> Fifth Committee </s>
	</p>
	<p n="384">
	  <s n="444"> A/C.5/58/L.6 Item 119 -- Review of the efficiency of the administrative and financial functioning of the United Nations -- Draft resolution submitted by the Chairman following informal consultations -- Report of the Joint Inspection Unit on common and joint services of United Nations system organizations at Vienna [A C E F R S] </s>
	</p>
	<p n="385">
	  <s n="445"> A/C.5/58/L.7 Item 118 -- Financial reports and audited financial statements, and reports of the Board of Auditors -- Draft resolution submitted by the Chairman following informal consultations [A C E F R S] </s>
	</p>
	<p n="386">
	  <s n="446"> A/C.5/58/L.8 Item 120 -- Programme budget for the biennium 2002-2003 -- Draft resolution submitted by the Chairman following informal consultations -- Report of the Joint Inspection Unit on the revenue-producing activities of the United Nations system [A C E F R S] </s>
	</p>
	<p n="387">
	  <s n="447"> A/C.5/58/L.9 Item 134 -- Administrative and budgetary aspects of the financing of the United Nations peacekeeping operations -- Draft resolution submitted by the Chairman following informal consultations -- Report of the Joint Inspection Unit on reforming the Field Service category of personnel in United Nations peace operations [A C E F R S] </s>
	</p>
	<p n="388">
	  <s n="448"> A/C.5/58/L.10 Item 134 -- Administrative and budgetary aspects of the financing of the United Nations peacekeeping operations -- Draft resolution submitted by the Chairman following informal consultations -- Report of the Office of Internal Oversight Services on the audit of the establishment and management of mission subsistence allowance rates [A C E F R S] </s>
	</p>
	<p n="389">
	  <s n="449"> Sixth Committee </s>
	</p>
	<p n="390">
	  <s n="450"> A/C.6/58/L.15 Item 158 -- International convention against the reproductive cloning of human beings -- Note verbale dated 17 October 2003 from the Permanent Mission of Cuba to the United Nations addressed to the Office of Legal Affairs of the United Nations Secretariat [A C E F R S] </s>
	</p>
	<p n="391">
	  <s n="451"> Security Council Documents </s>
	</p>
	<p n="392">
	  <s n="452"> S/2003/1022 Identical letters dated 10 October 2003 from the Secretary-General addressed to the President of the General Assembly and the President of the Security Council [A C E F R S] </s>
	</p>
	<p n="393">
	  <s n="453"> S/Agenda/4846 Provisional agenda [A C E F R S] </s>
	</p>
	<p n="394">
	  <s n="454"> Economic and Social Council </s>
	</p>
	<p n="395">
	  <s n="455"> Documents </s>
	</p>
	<p n="396">
	  <s n="456"> Resumed substantive session of 2003 </s>
	</p>
	<p n="397">
	  <s n="457"> E/2003/15/Add.2 Item 10 -- Regional cooperation -- Regional cooperation in the economic, social and related fields -- Report of the Secretary-General [A C E F R S] </s>
	</p>
	<p n="398">
	  <s n="458"> Communications to the Editor </s>
	</p>
	<p n="399">
	  <s n="459"> Material for inclusion in the Journal may be sent to room S-2370 (tel. </s>
	  <s n="460"> 1 (212) 963-6776 and 963-3888; fax 1 (212) 963-4790; e-mail journal@un.org). </s>
	</p>
	<p n="400">
	  <s n="461"> Office opens at 3 p.m. </s>
	</p>
	<p n="401">
	  <s n="462"> Published at Headquarters, New York, by the Department for General Assembly and Conference Management. </s>
	</p>
	</body>
</text>
</DOC>