<?xml version="1.0" encoding="UTF-8"?>
<DOC lang="English" n="N0655981" id="JOURNAL NO.2006/202" date="2006/10/19">
<text>
	<body>
	<p n="1">
	  <s n="1"> Official meetings </s>
	</p>
	<p n="2">
	  <s n="2"> Thursday, 19 October 2006 </s>
	</p>
	<p n="3">
	  <s n="3"> Announcement </s>
	</p>
	<p n="4">
	  <s n="4"> The rearrangement of the front page of the Journal of the United Nations is in accordance with paragaph 15 of General Assembly resolution 60/286 of 8 September 2006 (A/RES/60/286). </s>
	</p>
	<p n="5">
	  <s n="5"> Main Committees </s>
	</p>
	<p n="6">
	  <s n="6"> First Committee </s>
	</p>
	<p n="7">
	  <s n="7"> 10 a.m.-1 p.m. 17th meeting Conference Room 4 </s>
	</p>
	<p n="8">
	  <s n="8"> Thematic discussion on item subjects, as well as introduction and consideration of all draft resolutions submitted under agenda items (items 82 to 97): item 82 (A/61/133 and A/61/133/Add.1); item 83 (A/61/183, A/61/190 and A/C.1/61/L.46); item 84 (A/C.1/61/L.22); item 85 (A/61/161 and A/C.1/61/L.35); item 86 (A/C.1/61/L.50); item 87 (A/61/140 (Part I), A/61/140 (Part II) and A/C.1/61/L.1); item 88 (A/C.1/61/L.45); item 89 (A/C.1/61/L.10); item 90 (A/61/98, A/61/112, A/61/113, A/61/114, A/61/116, A/61/118, A/61/118/Add.1, A/61/124, A/61/127, A/61/127/Add.1, A/61/159, A/61/159/Corr.1, A/61/159/Add.1, A/61/159/Add.1/Corr.1, A/61/164, A/61/168, A/C.1/61/5, A/C.1/61/L.3, A/C.1/61/L.4, A/C.1/61/L.5, A/C.1/61/L.6, A/C.1/61/L.7, A/C.1/61/L.8, A/C.1/61/L.13, A/C.1/61/L.15, A/C.1/61/L.16, A/C.1/61/L.17, A/C.1/61/L.19, A/C.1/61/L.20, A/C.1/61/L.21*, A/C.1/61/L.23, A/C.1/61/L.25, A/C.1/61/L.26, A/C.1/61/L.30, A/C.1/61/L.32*, A/C.1/61/L.34, A/C.1/61/L.36, A/C.1/61/L.37, A/C.1/61/L.38, A/C.1/61/L.39, A/C.1/61/L.40, A/C.1/61/L.41, A/C.1/61/L.42, A/C.1/61/L.43, A/C.1/61/L.44, A/C.1/61/L.47, A/C.1/61/L.49, A/C.1/61/L.52, A/C.1/61/L.54, A/C.1/61/L.55, A/61/169, A/61/169/Add.1, A/61/171, A/61/171/Add.1, A/61/261, A/61/288, A/61/293, A/61/344-S/2006/741 and A/61/520); item 91 (A/61/130, A/61/130/Corr.1, A/61/137, A/61/157, A/61/163, A/61/215, A/61/365, A/C.1/61/L.9, A/C.1/61/L.12, A/C.1/61/L.14, A/C.1/61/L.24, A/C.1/61/L.28, A/C.1/61/L.31, A/C.1/61/L.33 and A/C.1/61/L.51); item 92 (A/61/180, A/61/297, A/C.1/61/L.11, A/C.1/61/L.27 and A/C.1/61/L.29); item 93 (A/61/160 (Part II), A/C.1/61/L.2 and A/61/140 (Part II)); item 94 (A/C.1/61/L.18); item 95 (A/61/123 and A/C.1/61/L.34); item 96 (A/61/134, A/61/184 and A/C.1/61/L.48); and item 97 (A/C.1/61/L.27) </s>
	</p>
	<p n="9">
	  <s n="9"> [Other documents: A/C.1/61/1, A/C.1/61/2, A/C.1/61/4 and A/C.1/61/INF/1] </s>
	</p>
	<p n="10">
	  <s n="10"> [Note: The secretariat of the First Committee will hold informal consultations with interested delegations regarding the content of the Web site of the Committee, today, 19 October 2006, from 4 to 5 p.m. in Conference Room A. </s>
	  <s n="11"> ] </s>
	</p>
	<p n="11">
	  <s n="12"> Special Political and Decolonization Committee (Fourth Committee) </s>
	</p>
	<p n="12">
	  <s n="13"> 3-6 p.m. 13th meeting Conference Room 4 </s>
	</p>
	<p n="13">
	  <s n="14"> Comprehensive review of the whole question of peacekeeping operations in all their aspects </s>
	</p>
	<p n="14">
	  <s n="15"> Introductory statement by the Under-Secretary-General for Peacekeeping Operations </s>
	</p>
	<p n="15">
	  <s n="16"> Interactive dialogue </s>
	</p>
	<p n="16">
	  <s n="17"> Second Committee </s>
	</p>
	<p n="17">
	  <s n="18"> 10 a.m.-1 p.m. 15th meeting Conference Room 2 </s>
	</p>
	<p n="18">
	  <s n="19"> Globalization and interdependence (A/61/486) </s>
	</p>
	<p n="19">
	  <s n="20"> (a) Globalization and interdependence (A/61/286) </s>
	</p>
	<p n="20">
	  <s n="21"> (b) International migration and development (A/60/871, A/61/187, A/61/73, A/61/91, A/61/170, A/61/230, A/61/315, A/61/316, A/61/321, A/61/343, A/61/345, A/61/346, A/61/506, A/61/515 and A/C.2/61/2) </s>
	</p>
	<p n="21">
	  <s n="22"> (c) Culture and development (A/61/86, A/61/321 and A/61/378-S/2006/761) </s>
	</p>
	<p n="22">
	  <s n="23"> (d) Preventing and combating corrupt practices and transfer of assets of illicit origin and returning such assets, in particular to the countries of origin, consistent with the United Nations Convention against Corruption (A/61/177) </s>
	</p>
	<p n="23">
	  <s n="24"> (e) Integration of the economies in transition into the world economy (A/61/269, A/61/93, A/61/126 and A/61/181) </s>
	</p>
	<p n="24">
	  <s n="25"> Introduction and general discussion </s>
	</p>
	<p n="25">
	  <s n="26"> 3-6 p.m. 16th meeting Conference Room 2 </s>
	</p>
	<p n="26">
	  <s n="27"> Globalization and interdependence (A/61/486) </s>
	</p>
	<p n="27">
	  <s n="28"> (a) Globalization and interdependence (A/61/286) </s>
	</p>
	<p n="28">
	  <s n="29"> (b) International migration and development (A/60/871, A/61/187, A/61/73, A/61/91, A/61/170, A/61/230, A/61/315, A/61/316, A/61/321, A/61/343, A/61/345, A/61/346, A/61/506, A/61/515 and A/C.2/61/2) </s>
	</p>
	<p n="29">
	  <s n="30"> (c) Culture and development (A/61/86, A/61/321 and A/61/378-S/2006/761) </s>
	</p>
	<p n="30">
	  <s n="31"> (d) Preventing and combating corrupt practices and transfer of assets of illicit origin and returning such assets, in particular to the countries of origin, consistent with the United Nations Convention against Corruption (A/61/177) </s>
	</p>
	<p n="31">
	  <s n="32"> (e) Integration of the economies in transition into the world economy (A/61/269, A/61/93, A/61/126 and A/61/181) </s>
	</p>
	<p n="32">
	  <s n="33"> Continuation of general discussion </s>
	</p>
	<p n="33">
	  <s n="34"> [Note: The list of speakers for all items allocated to the Second Committee is open for inscription. </s>
	  <s n="35"> Delegations wishing to be inscribed are requested to contact the secretariat of the Committee (Ms. Dolores Lois (tel. </s>
	  <s n="36"> 1 (212) 963-2184; fax 1 (212) 963-5935)). </s>
	  <s n="37"> Delegations are reminded that the names of representatives, alternate representatives and advisers should be submitted to Vivian Pliner, Acting Secretary of the Second Committee (room S-2950E; fax 1 (212) 963-5935). </s>
	  <s n="38"> Delegations wishing to reserve rooms for informal consultations on Second Committee matters are requested to contact Ms. Danielle Maillard-Lejano (tel. </s>
	  <s n="39"> 1 (917) 367-5865; fax 1 (212) 963-5935; e-mail maillard-lejano@un.org). </s>
	  <s n="40"> ] </s>
	</p>
	<p n="34">
	  <s n="41"> Third Committee </s>
	</p>
	<p n="35">
	  <s n="42"> 10 a.m.-1 p.m. 23rd meeting Conference Room 1 </s>
	</p>
	<p n="36">
	  <s n="43"> Crime prevention and criminal justice </s>
	</p>
	<p n="37">
	  <s n="44"> Introduction of draft resolution A/C.3/61/L.14 </s>
	</p>
	<p n="38">
	  <s n="45"> Promotion and protection of human rights questions (A/61/36, A/61/97, A/61/220 and A/61/280) </s>
	</p>
	<p n="39">
	  <s n="46"> (b) Human rights questions, including alternative approaches for improving the effective enjoyment of human rights and fundamental freedoms (A/61/211, A/61/267, A/61/281, A/61/287, A/61/289, A/61/306, A/61/311, A/61/312, A/61/324, A/61/325, A/61/338, A/61/340, A/61/348, A/61/352, A/61/353, A/61/384, A/61/464, A/61/465, A/61/476, A/61/506 and A/61/5131) </s>
	</p>
	<p n="40">
	  <s n="47"> (c) Human rights situations and reports of special rapporteurs and representatives (A/61/276, A/61/3491, A/61/360, A/61/374, A/61/369, A/61/469, A/61/470, A/61/475, A/61/489, A/61/504 and A/61/5261) </s>
	</p>
	<p n="41">
	  <s n="48"> Introductory statements, followed by a dialogue with: </s>
	</p>
	<p n="42">
	  <s n="49"> Special Rapporteur on the right of everyone to the enjoyment of the highest attainable standard of physical and mental health </s>
	</p>
	<p n="43">
	  <s n="50"> Chairperson-Rapporteur, Working Group on the Right to Development </s>
	</p>
	<p n="44">
	  <s n="51"> Special Rapporteur on the human rights of migrants </s>
	</p>
	<p n="45">
	  <s n="52"> 3-6 p.m. 24th meeting Conference Room 1 </s>
	</p>
	<p n="46">
	  <s n="53"> United Nations Literacy Decade: education for all [60 (c)] </s>
	</p>
	<p n="47">
	  <s n="54"> Action on draft resolution A/C.3/61/L.4 </s>
	</p>
	<p n="48">
	  <s n="55"> Follow-up to the International Year of Older Persons: Second World Assembly on Ageing [60 (d)] </s>
	</p>
	<p n="49">
	  <s n="56"> Action on draft resolution A/C.3/61/L.6 </s>
	</p>
	<p n="50">
	  <s n="57"> Crime prevention and criminal justice </s>
	</p>
	<p n="51">
	  <s n="58"> Draft resolution A/C.3/61/L.2 </s>
	</p>
	<p n="52">
	  <s n="59"> Action on draft resolutions A/C.3/61/L.3, A/C.3/61/L.7/Rev.1 and A/C.3/61/L.14 </s>
	</p>
	<p n="53">
	  <s n="60"> Promotion and protection of human rights questions (A/61/36, A/61/97, A/61/220 and A/61/280) </s>
	</p>
	<p n="54">
	  <s n="61"> (b) Human rights questions, including alternative approaches for improving the effective enjoyment of human rights and fundamental freedoms (A/61/211, A/61/267, A/61/281, A/61/287, A/61/289, A/61/306, A/61/311, A/61/312, A/61/324, A/61/325, A/61/338, A/61/340, A/61/348, A/61/352, A/61/353, A/61/384, A/61/464, A/61/465, A/61/476, A/61/506 and A/61/5131) </s>
	</p>
	<p n="55">
	  <s n="62"> (c) Human rights situations and reports of special rapporteurs and representatives (A/61/276, A/61/3491, A/61/360, A/61/374, A/61/369, A/61/469, A/61/470, A/61/475, A/61/489, A/61/504 and A/61/5261) </s>
	</p>
	<p n="56">
	  <s n="63"> Introductory statements, followed by a dialogue with: </s>
	</p>
	<p n="57">
	  <s n="64"> Special Rapporteur on the situation of human rights in the Palestinian territories occupied since 1967 </s>
	</p>
	<p n="58">
	  <s n="65"> [Note: The list of speakers for the general discussion on all items allocated to the Third Committee is open. </s>
	  <s n="66"> Delegations are kindly requested to consult the draft programme of work of the Third Committee (A/C.3/61/L.1) prior to contacting the Secretariat with their request for inscription on the list (contact: Ms. Nancy Beteta (tel. </s>
	  <s n="67"> 1 (212) 963-5722; fax 1 (212) 963-5935)). </s>
	  <s n="68"> Delegations that have not submitted the names of their representatives, alternates and advisers are reminded to convey such information to the Secretary of the Third Committee, Mr. Moncef Khane (room S-2950D; fax 1 (212) 963-5935). </s>
	  <s n="69"> ] </s>
	</p>
	<p n="59">
	  <s n="70"> [Note: Delegations wishing to reserve rooms for informal consultations on Third Committee matters are requested to contact Ms. Danielle Maillard-Lejano (tel. </s>
	  <s n="71"> 1 (917) 367-5865; fax 1 (212) 963-5935; e-mail maillard-lejano@un.org). </s>
	  <s n="72"> ] </s>
	</p>
	<p n="60">
	  <s n="73"> 1 To be issued. </s>
	</p>
	<p n="61">
	  <s n="74"> Fifth Committee </s>
	</p>
	<p n="62">
	  <s n="75"> 10 a.m.-1 p.m. Informal consultations (closed) Conference Room 5 </s>
	</p>
	<p n="63">
	  <s n="76"> Informal consultations on agenda items 115 (Financial reports and audited financial statements, and reports of the Board of Auditors (A/61/5 (Vol. I), A/61/5 (Vol. III), A/61/5 (Vol. IV), A/61/5/Add.1, A/61/5/Add.2, A/61/5/Add.3, A/61/5/Add.4, A/61/5/Add.5, A/61/5/Add.6, A/61/5/Add.7, A/61/5/Add.8, A/61/5/Add.9, A/61/5/Add.11, A/61/5/Add.11/Corr.1, A/61/5/Add.12, A/61/5/Add.12/Corr.1, A/61/182, A/61/214, A/61/214/Add.1 and A/61/350)); and 127 (Report on the activities of the Office of Internal Oversight Services (A/61/214 (Part 1), A/61/214 (Part 1)/Add.1, A/61/214 (Part 1)/Add.2, A/61/61 and A/61/61/Add.1)) </s>
	</p>
	<p n="64">
	  <s n="77"> 3-6 p.m. Informal consultations (closed) Conference Room 5 </s>
	</p>
	<p n="65">
	  <s n="78"> Informal consultations on agenda item 118 (Programme planning (A/61/16, A/61/6 (Part one), A/61/6 (Prog.1), A/61/6 (Prog.2), A/61/6 (Prog.3), A/61/6 (Prog.4), A/61/6 (Prog.5), A/61/6 (Prog.6), A/61/6 (Prog.7), A/61/6 (Prog.8), A/61/6 (Prog.9), A/61/6 (Prog.10), A/61/6 (Prog.11), A/61/6 (Prog.12), A/61/6 (Prog.13), A/61/6 (Prog.14)/Rev.1, A/61/6 (Prog.15), A/61/6 (Prog.16), A/61/6 (Prog.17), A/61/6 (Prog.18), A/61/6 (Prog.19), A/61/6 (Prog.20), A/61/6 (Prog.21), A/61/6 (Prog.22), A/61/6 (Prog.23), A/61/6 (Prog.24), A/61/6 (Prog.25), A/61/6 (Prog.26), A/61/6 (Prog.27), A/61/125, A/61/64, A/61/83 and A/61/83/Corr.1)) </s>
	</p>
	<p n="66">
	  <s n="79"> Sixth Committee </s>
	</p>
	<p n="67">
	  <s n="80"> 11 a.m.-1 p.m. Trusteeship Council Chamber </s>
	</p>
	<p n="68">
	  <s n="81"> Informal briefing on agenda item 33 (Comprehensive review of the whole question of peacekeeping operations in all their aspects) </s>
	</p>
	<p n="69">
	  <s n="82"> 3-6 p.m. Informal consultations (closed) Conference Room 9 </s>
	</p>
	<p n="70">
	  <s n="83"> Informal consultations on the draft resolution under agenda item 100 (Measures to eliminate international terrorism) </s>
	</p>
	<p n="71">
	  <s n="84"> General Assembly </s>
	</p>
	<p n="72">
	  <s n="85"> Advisory Committee on Administrative and Budgetary Questions </s>
	</p>
	<p n="73">
	  <s n="86"> 10.30 a.m.-1 p.m. Closed meeting Conference Room 10 </s>
	</p>
	<p n="74">
	  <s n="87"> 3-6 p.m. Closed meeting Conference Room 10 </s>
	</p>
	<p n="75">
	  <s n="88"> United Nations Integrated Mission in Timor-Leste (UNMIT) </s>
	</p>
	<p n="76">
	  <s n="89"> United Nations Operation in Côte d&apos;Ivoire (UNOCI) </s>
	</p>
	<p n="77">
	  <s n="90"> General Assembly </s>
	</p>
	<p n="78">
	  <s n="91"> Sixty-first session </s>
	</p>
	<p n="79">
	  <s n="92"> Second Committee </s>
	</p>
	<p n="80">
	  <s n="93"> Informal “informal” consultations </s>
	</p>
	<p n="81">
	  <s n="94"> Facilitator, Mr. Selwin Hart (Barbados), under agenda item 52 (Follow-up to and implementation of the outcome of the International Conference on Financing for Development) </s>
	</p>
	<p n="82">
	  <s n="95"> From 11 a.m. to 1 p.m. in Conference Room 6. </s>
	</p>
	<p n="83">
	  <s n="96"> Facilitator, Ms. Sigrid Anna Oddsen (Norway), under agenda item 51 (d) (Commodities) </s>
	</p>
	<p n="84">
	  <s n="97"> From 3 to 4.30 p.m. in Conference Room 6. </s>
	</p>
	<p n="85">
	  <s n="98"> Facilitator, Mr. Marcelo Suárez Salvia (Argentina), under agenda item 51 (c) (External debt crisis and development) </s>
	</p>
	<p n="86">
	  <s n="99"> From 4.30 to 5.45 p.m. in Conference Room 6. </s>
	</p>
	<p n="87">
	  <s n="100"> Facilitator, Ms. Vanessa Gomes (Portugal), informal presentation of the draft resolution on trade, under agenda item 51 (a) (International trade and development) </s>
	</p>
	<p n="88">
	  <s n="101"> From 5.45 to 6 p.m. in Conference Room 6. </s>
	</p>
	<p n="89">
	  <s n="102"> Informal consultations convened by delegations </s>
	</p>
	<p n="90">
	  <s n="103"> Thursday, 19 October 2006 </s>
	</p>
	<p n="91">
	  <s n="104"> Informal consultations on the draft resolution on the effects of atomic radiation, under agenda item 29 (Fourth Committee) (convened by the delegation of Australia) </s>
	</p>
	<p n="92">
	  <s n="105"> 10-11.30 a.m. Closed meeting Conference Room A </s>
	</p>
	<p n="93">
	  <s n="106"> Informal consultations to present the draft resolution under agenda item 69 (a) (Streghtening of the coordination of emergency humanitarian assistance of the United Nations) (organized by the delegation of Sweden) </s>
	</p>
	<p n="94">
	  <s n="107"> 10 a.m.-1 p.m. Closed meeting Conference Room 7 </s>
	</p>
	<p n="95">
	  <s n="108"> Informal consultations on the draft resolution on trafficking in women and girls, under agenda item 61 (Third Committee) (convened by the delegation of the Philippines) </s>
	</p>
	<p n="96">
	  <s n="109"> 3-6 p.m. Closed meeting Conference Room C </s>
	</p>
	<p n="97">
	  <s n="110"> Other meetings </s>
	</p>
	<p n="98">
	  <s n="111"> The information below is reproduced as received and does not imply any opinion or endorsement by the Secretariat of theUnited Nations. </s>
	</p>
	<p n="99">
	  <s n="112"> Thursday, 19 October 2006 </s>
	</p>
	<p n="100">
	  <s n="113"> OIC Group (Third Committee experts) </s>
	</p>
	<p n="101">
	  <s n="114"> 9-9.45 a.m. Closed meeting Conference Room 7 </s>
	</p>
	<p n="102">
	  <s n="115"> OIC Group (at the ambassadorial level) </s>
	</p>
	<p n="103">
	  <s n="116"> 11.30 a.m.-1 p.m. Closed meeting Economic and Social Council Chamber </s>
	</p>
	<p n="104">
	  <s n="117"> 2006 United Nations Disarmament Fellowship Programme </s>
	</p>
	<p n="105">
	  <s n="118"> 9 a.m.-1 p.m. Closed meeting Conference Room E </s>
	</p>
	<p n="106">
	  <s n="119"> 2-6 p.m. Closed meeting Conference Room E </s>
	</p>
	<p n="107">
	  <s n="120"> Group of 77 (on international trade and development; globalization and interdependence; international financial system; debt; remittances; eradication of poverty; international strategy for disaster reduction; and microcredit finance) </s>
	</p>
	<p n="108">
	  <s n="121"> 9 a.m.-12 noon Closed meeting Conference Room 8 </s>
	</p>
	<p n="109">
	  <s n="122"> Group of 77 (on sustainable development) </s>
	</p>
	<p n="110">
	  <s n="123"> 12 noon-1 p.m. Closed meeting Conference Room 8 </s>
	</p>
	<p n="111">
	  <s n="124"> 1-3 p.m. Closed meeting Conference Room B </s>
	</p>
	<p n="112">
	  <s n="125"> Group of 77 (on the draft resolution on the Outcome of the World Summit on Social Development) </s>
	</p>
	<p n="113">
	  <s n="126"> 1.15-2.30 p.m. Closed meeting Trusteeship Council Chamber </s>
	</p>
	<p n="114">
	  <s n="127"> Group of 77 (on Fifth Committee matters) </s>
	</p>
	<p n="115">
	  <s n="128"> 1.30-2.45 p.m. Closed meeting Conference Room 5 </s>
	</p>
	<p n="116">
	  <s n="129"> Group of 77 (on the draft resolution on international migration and development) </s>
	</p>
	<p n="117">
	  <s n="130"> 3-6 p.m. Closed meeting Conference Room B </s>
	</p>
	<p n="118">
	  <s n="131"> Non-Aligned Movement (informal briefing by the Uzbek high-level delegation) </s>
	</p>
	<p n="119">
	  <s n="132"> 10-11.30 a.m. Closed meeting Economic and Social Council Chamber </s>
	</p>
	<p n="120">
	  <s n="133"> Non-Aligned Movement: informal consultations of the NAM Working Group on Disarmament </s>
	</p>
	<p n="121">
	  <s n="134"> 12 noon-1 p.m. Closed meeting Conference Room A </s>
	</p>
	<p n="122">
	  <s n="135"> Non-Aligned Movement: Working Group on Human Rights </s>
	</p>
	<p n="123">
	  <s n="136"> 1.15-2.45 p.m. Closed meeting Conference Room 8 </s>
	</p>
	<p n="124">
	  <s n="137"> African Group (Third Committee experts) </s>
	</p>
	<p n="125">
	  <s n="138"> 1.15-2.30 p.m. Closed meeting Conference Room 7 </s>
	</p>
	<p n="126">
	  <s n="139"> Arab Group (First Committee experts) </s>
	</p>
	<p n="127">
	  <s n="140"> 1.15-2.30 p.m. Closed meeting Conference Room 3 </s>
	</p>
	<p n="128">
	  <s n="141"> Arab Group (at the ambassadorial level) </s>
	</p>
	<p n="129">
	  <s n="142"> 2.30-4.30 p.m. Closed meeting Conference Room 3 </s>
	</p>
	<p n="130">
	  <s n="143"> Latin American and Caribbean Group (draft resolution on the Caribbean Sea) (Second Committee experts) </s>
	</p>
	<p n="131">
	  <s n="144"> 2-2.45 p.m. Closed meeting Conference Room 9 </s>
	</p>
	<p n="132">
	  <s n="145"> Western European and Other States Group (on agenda item 97 (Convention on the Prohibition of the Development, Production and Stockpiling of Bacteriological (Biological) and Toxin Weapons and on Their Destruction)) </s>
	</p>
	<p n="133">
	  <s n="146"> 3-4 p.m. Closed meeting Conference Room A </s>
	</p>
	<p n="134">
	  <s n="147"> Other activities </s>
	</p>
	<p n="135">
	  <s n="148"> The information below is reproduced as received and does not imply any opinion or endorsement by the Secretariat of the United Nations. </s>
	</p>
	<p n="136">
	  <s n="149"> Thursday, 19 October 2006 </s>
	</p>
	<p n="137">
	  <s n="150"> Enforced disappearance -- Information meeting on the draft international convention for the protection of all persons from enforced disappearance (organized by the Permanent Mission of France) </s>
	</p>
	<p n="138">
	  <s n="151"> From 3 to 6 p.m. in Conference Room 8. </s>
	</p>
	<p n="139">
	  <s n="152"> [The draft international convention will be presented to the General Assembly for approval at its sixty-first session. </s>
	  <s n="153"> For further information, please contact Mr. François Vandeville (tel. </s>
	  <s n="154"> 1 (212) 702-4963; e-mail francois.vandeville @diplomatie.gouv.fr); press contact: Mr. Axel Cruau (tel. </s>
	  <s n="155"> 1 (212) 702-4943; e-mail axel.cruau@diplomatie.gouv.fr). </s>
	  <s n="156"> ] </s>
	</p>
	<p n="140">
	  <s n="157"> Press conferences </s>
	</p>
	<p n="141">
	  <s n="158"> The schedule below is tentative; up-to-date information can be obtained at &lt;www.un.org/News/ossg/conf.htm&gt;. </s>
	</p>
	<p n="142">
	  <s n="159"> Thursday, 19 October 2006 </s>
	</p>
	<p n="143">
	  <s n="160"> Room S-226 </s>
	</p>
	<p n="144">
	  <s n="161"> Guest at 12 noon Major-General Alain Pellegrini, Force Commander of the United Nations Interim Force in Lebanon </s>
	</p>
	<p n="145">
	  <s n="162"> Forthcoming official meetings </s>
	</p>
	<p n="146">
	  <s n="163"> Friday, 20 October 2006 </s>
	</p>
	<p n="147">
	  <s n="164"> General Assembly </s>
	</p>
	<p n="148">
	  <s n="165"> Sixty-first session </s>
	</p>
	<p n="149">
	  <s n="166"> 10 a.m. 37th plenary meeting General Assembly Hall </s>
	</p>
	<p n="150">
	  <s n="167"> Organization of work, adoption of the agenda and allocation of items: second report of the General Committee (A/61/250/Add.1) </s>
	</p>
	<p n="151">
	  <s n="168"> Cooperation between the United Nations and regional and other organizations: report of the Secretary-General (A/61/204) </s>
	</p>
	<p n="152">
	  <s n="169"> Cooperation between the United Nations and regional and other organizations [108 and (a) to (t)]: joint debate </s>
	</p>
	<p n="153">
	  <s n="170"> (a) Cooperation between the United Nations and the African Union: report of the Secretary-General (A/61/256) </s>
	</p>
	<p n="154">
	  <s n="171"> (b) Cooperation between the United Nations and the Asian-African Legal Consultative Organization: draft resolution (A/61/L.5) </s>
	</p>
	<p n="155">
	  <s n="172"> (c) Cooperation between the United Nations and the Association of Southeast Asian Nations: report of the Secretary-General (A/61/256) </s>
	</p>
	<p n="156">
	  <s n="173"> (d) Cooperation between the United Nations and the Black Sea Economic Cooperation Organization: </s>
	</p>
	<p n="157">
	  <s n="174"> (i) Report of the Secretary-General (A/61/256) </s>
	</p>
	<p n="158">
	  <s n="175"> (ii) Draft resolution (A/61/L.4) </s>
	</p>
	<p n="159">
	  <s n="176"> (e) Cooperation between the United Nations and the Caribbean Community: report of the Secretary-General (A/61/256) </s>
	</p>
	<p n="160">
	  <s n="177"> (f) Cooperation between the United Nations and the Community of Portuguese-speaking Countries: report of the Secretary-General (A/61/256) </s>
	</p>
	<p n="161">
	  <s n="178"> (g) Cooperation between the United Nations and the Council of Europe: report of the Secretary-General (A/61/256) </s>
	</p>
	<p n="162">
	  <s n="179"> (h) Cooperation between the United Nations and the Economic Community of Central African States: report of the Secretary-General (A/61/256) </s>
	</p>
	<p n="163">
	  <s n="180"> (i) Cooperation between the United Nations and the Economic Cooperation Organization: report of the Secretary-General (A/61/256) </s>
	</p>
	<p n="164">
	  <s n="181"> (j) Cooperation between the United Nations and the International Organization of la Francophonie </s>
	</p>
	<p n="165">
	  <s n="182"> (i) Report of the Secretary-General (A/61/256) </s>
	</p>
	<p n="166">
	  <s n="183"> (ii) Draft resolution (A/61/L.7)1 </s>
	</p>
	<p n="167">
	  <s n="184"> (k) Cooperation between the United Nations and the Inter-Parliamentary Union: </s>
	</p>
	<p n="168">
	  <s n="185"> (i) Report of the Secretary-General (A/61/256) </s>
	</p>
	<p n="169">
	  <s n="186"> (ii) Draft resolution (A/61/L.6) </s>
	</p>
	<p n="170">
	  <s n="187"> (l) Cooperation between the United Nations and the Latin American Economic System </s>
	</p>
	<p n="171">
	  <s n="188"> (m) Cooperation between the United Nations and the League of Arab States: report of the Secretary-General (A/61/256) </s>
	</p>
	<p n="172">
	  <s n="189"> (n) Cooperation between the United Nations and the Organization for the Prohibition of Chemical Weapons </s>
	</p>
	<p n="173">
	  <s n="190"> (i) Report of the Secretary-General (A/61/256) </s>
	</p>
	<p n="174">
	  <s n="191"> (ii) Note by the Secretary-General (A/61/185) </s>
	</p>
	<p n="175">
	  <s n="192"> (o) Cooperation between the United Nations and the Organization for Security and Cooperation in Europe: report of the Secretary-General (A/61/256) </s>
	</p>
	<p n="176">
	  <s n="193"> (p) Cooperation between the United Nations and the Organization of American States: report of the Secretary-General (A/61/256) </s>
	</p>
	<p n="177">
	  <s n="194"> (q) Cooperation between the United Nations and the Organization of the Islamic Conference: report of the Secretary-General (A/61/256) </s>
	</p>
	<p n="178">
	  <s n="195"> (r) Cooperation between the United Nations and the Pacific Islands Forum: report of the Secretary-General (A/61/256) </s>
	</p>
	<p n="179">
	  <s n="196"> (s) Cooperation between the United Nations and the Preparatory Commission for the Comprehensive Nuclear-Test-Ban Treaty Organization </s>
	</p>
	<p n="180">
	  <s n="197"> (i) Report of the Secretary-General (A/61/256) </s>
	</p>
	<p n="181">
	  <s n="198"> (ii) Note by the Secretary-General (A/61/184) </s>
	</p>
	<p n="182">
	  <s n="199"> (t) Cooperation between the United Nations and the Southern African Development Community: report of the Secretary-General (A/61/256) </s>
	</p>
	<p n="183">
	  <s n="200"> 1 To be issued. </s>
	</p>
	<p n="184">
	  <s n="201"> Main Committees </s>
	</p>
	<p n="185">
	  <s n="202"> Special Political and Decolonization Committee (Fourth Committee) </s>
	</p>
	<p n="186">
	  <s n="203"> The Special Political and Decolonization Committee (Fourth Committee) will take action on draft resolutions A/C.4/61/L.2/Rev.1 and A/C.4/61/L.3/Rev.1 submitted under agenda item 30 (International cooperation in the peaceful uses of outer space) on Monday, 23 October at 10 a.m. in Conference Room 4. </s>
	</p>
	<p n="187">
	  <s n="204"> Second Committee </s>
	</p>
	<p n="188">
	  <s n="205"> Informal “informal” consultations </s>
	</p>
	<p n="189">
	  <s n="206"> Facilitator, Mr. Leslie B. Gatan (Philippines), under agenda item 69 (b) (Special economic assistance to individual countries or regions) </s>
	</p>
	<p n="190">
	  <s n="207"> Friday, 20 October 2006, from 1.15 to 2.45 p.m. in Conference Room D; and </s>
	</p>
	<p n="191">
	  <s n="208"> Friday, 27 October 2006, from 11 a.m. to 1 p.m. in Conference Room 6. </s>
	</p>
	<p n="192">
	  <s n="209"> Facilitator, Ms. Husniyya Mammadova (Azerbaijan), under agenda item 55 (e) (Integration of countries with economies in transition into the world economy) </s>
	</p>
	<p n="193">
	  <s n="210"> Friday, 20 October 2006, from 3 to 6 p.m. in Conference Room 6. </s>
	</p>
	<p n="194">
	  <s n="211"> Facilitator, Ms. Katarzyna Kukier (Poland), under agenda item 51 (b) (International Financial System and Development) </s>
	</p>
	<p n="195">
	  <s n="212"> Monday, 23 October 2006, from 10 a.m. to 1 p.m. in Conference Room 8. </s>
	</p>
	<p n="196">
	  <s n="213"> Facilitator, Mr. Andre Siregar (Indonesia) under agenda 55 (b) (International Migration and Development) </s>
	</p>
	<p n="197">
	  <s n="214"> Wednesday, 25 October 2006, from 3 to 6 p.m. in Conference Room 8; </s>
	</p>
	<p n="198">
	  <s n="215"> Friday, 27 October 2006, from 3 to 6 p.m. in Conference Room 6; </s>
	</p>
	<p n="199">
	  <s n="216"> Monday, 30 October 2006, from 3 to 6 p.m. in Conference Room 6; </s>
	</p>
	<p n="200">
	  <s n="217"> Wednesday, 1 November 2006, from 3 to 6 p.m. in Conference Room 6; and </s>
	</p>
	<p n="201">
	  <s n="218"> Friday, 3 November 2006, from 3 to 6 p.m. in Conference Room 6. </s>
	</p>
	<p n="202">
	  <s n="219"> Panel discussion </s>
	</p>
	<p n="203">
	  <s n="220"> There will be a panel discussion on the theme “Issues in scaling-up of development aid flows” on Friday, 20 October 2006, from 3 to 5 p.m. in Conference Room 2. </s>
	  <s n="221"> The lead discussant will be Ms. Benu Schneider, Chief of Debt, Finance and Systemic Issues Unit, Financing for Development Office, DESA; and panellists will include Mr. Louis Kasekende, Chief Economist, African Development Bank; Mr. Elliot Harris, Advisor, Policy Development and Review Department, International Monetary Fund; and Ms. Nora Lustig, Director, Poverty Group, Bureau of Development Policy, UNDP. </s>
	</p>
	<p n="204">
	  <s n="222"> The event, organized by the Financing for Development Office, DESA, will be presided over by H.E. Mrs. Tiina Intelmann (Estonia), Chairperson of the Second Committee, and moderated by Mr. José Antonio Ocampo, Under-Secretary-General for Economic and Social Affairs, DESA. </s>
	  <s n="223"> Members of Permanent Missions, Secretariat staff, representatives of intergovernmental and non-governmental organizations and the media are invited to attend. </s>
	</p>
	<p n="205">
	  <s n="224"> Panel discussion </s>
	</p>
	<p n="206">
	  <s n="225"> There will be a panel discussion on the theme, “Innovative finance to combat climate change” on Monday, 23 October 2006, from 3 to 5 p.m. in Conference Room 4. </s>
	  <s n="226"> Panellists include Prof. Robert N. Stavins, John F. </s>
	  <s n="227"> Kennedy School of Government, Harvard University; and Prof. Jagdish N. Bhagwati, Economics Department, Columbia University. </s>
	</p>
	<p n="207">
	  <s n="228"> The event, organized by the Division for Sustainable Development, DESA, will be presided over by H.E. Mrs. Tiina Intelmann (Estonia), Chairperson of the Committee. </s>
	  <s n="229"> Members of Permanent Missions, Secretariat staff, representatives of intergovernmental and non-governmental organizations and the media are invited to attend. </s>
	</p>
	<p n="208">
	  <s n="230"> Third Committee </s>
	</p>
	<p n="209">
	  <s n="231"> Listed below is the tentative schedule for introductory statements by Special Rapporteurs, Special Representatives, Independent Experts and other special mechanisms who will be presenting reports to the Third Committee: </s>
	</p>
	<p n="210">
	  <s n="232"> Friday, 20 October 2006 (agenda item 67): </s>
	</p>
	<p n="211">
	  <s n="233"> 10 a.m. </s>
	</p>
	<p n="212">
	  <s n="234"> Mr. Paolo Sérgio Pinheiro (Special Rapporteur on the situation of human rights in Myanmar); Mr. Vitit Muntarbhorn (Special Rapporteur on the situation of human rights in the Democratic People&apos;s Republic of Korea); Ms. Sima Samar (Special Rapporteur on the situation of human rights in the Sudan) </s>
	</p>
	<p n="213">
	  <s n="235"> 3 p.m. </s>
	</p>
	<p n="214">
	  <s n="236"> Mr. Titinga Frédéric Pacéré (Independent Expert on the situation of human rights in the Democratic Republic of the Congo); Mr. Akich Okola (Independent Expert on the situation of human rights in Burundi) </s>
	</p>
	<p n="215">
	  <s n="237"> Monday, 23 October 2006 (agenda item 67): </s>
	</p>
	<p n="216">
	  <s n="238"> 10 a.m. </s>
	</p>
	<p n="217">
	  <s n="239"> Mr. Philip Alston (Special Rapporteur on extrajudicial, summary or arbitrary executions); Ms. Hina Jilani (Special Representative of the Secretary-General on the situation of human rights defenders); Mr. Manfred Nowak (Special Rapporteur on torture and other cruel, inhuman or degrading treatment or punishment) </s>
	</p>
	<p n="218">
	  <s n="240"> 3 p.m. </s>
	</p>
	<p n="219">
	  <s n="241"> Mr. Walter Kälin (Representative of the Secretary-General on the human rights of internally displaced persons); Ms. Asma Jahangir (Special Rapporteur on freedom of religion or belief); Mr. Leandro Despouy (Special Rapporteur on the independence of judges and lawyers) </s>
	</p>
	<p n="220">
	  <s n="242"> Wednesday, 25 October 2006 (agenda item 67): </s>
	</p>
	<p n="221">
	  <s n="243"> 10 a.m. </s>
	</p>
	<p n="222">
	  <s n="244"> Mr. Martin Scheinin (Special Rapporteur on the promotion and protection of human rights and fundamental freedoms while countering terrorism); Ms. Yakin Ertürk (Special Rapporteur on violence against women, its causes and consequences) - Oral report; Mr. Bernards Andrew Nyamwaya Mudho (Independent Expert on the effects of economic reform policies and foreign debt on the full enjoyment of all human rights, particularly economic, social and cultural rights) </s>
	</p>
	<p n="223">
	  <s n="245"> 3 p.m. </s>
	</p>
	<p n="224">
	  <s n="246"> Mr. Jean Ziegler (Special Rapporteur on the right to food) </s>
	</p>
	<p n="225">
	  <s n="247"> Monday, 6 November (agenda items 65 and 66): </s>
	</p>
	<p n="226">
	  <s n="248"> 10 a.m. </s>
	</p>
	<p n="227">
	  <s n="249"> Mr. Doudou Diène (Special Rapporteur on contemporary forms of racism, racial discrimination, xenophobia and related intolerance); Ms. Amada Benavidez de Pérez (Chairperson of the Working Group on the use of mercenaries as a means of violating human rights and impeding the exercise of the right of peoples to self-determination) </s>
	</p>
	<p n="228">
	  <s n="250"> Fifth Committee </s>
	</p>
	<p n="229">
	  <s n="251"> The Fifth Committee will hold informal consultations (closed) on Friday, 20 October 2006, at 10 a.m. and 3 p.m. in Conference Room 5. </s>
	</p>
	<p n="230">
	  <s n="252"> Sixth Committee </s>
	</p>
	<p n="231">
	  <s n="253"> The 9th meeting of the Sixth Committee will be held on Monday, 23 October 2006, at 10 a.m. in the Trusteeship Council Chamber, to begin its consideration of agenda item 78 (Report of the International Law Commission on the work of its fifty-eighth session). </s>
	</p>
	<p n="232">
	  <s n="254"> List of speakers </s>
	</p>
	<p n="233">
	  <s n="255"> The list of speakers for agenda item 78 (Report of the International Law Commission on the work of its fifty-eighth session) is open. </s>
	  <s n="256"> Delegations wishing to be inscribed on the list are kindly requested to contact the secretariat of the Sixth Committee (Ms. Marissa Amores (tel. </s>
	  <s n="257"> 1 (212) 963-5332; fax 1 (212) 963-1963)). </s>
	</p>
	<p n="234">
	  <s n="258"> General Assembly </s>
	</p>
	<p n="235">
	  <s n="259"> Committee on Relations with the Host Country </s>
	</p>
	<p n="236">
	  <s n="260"> The 231st meeting of the Committee on Relations with the Host Country will be held on Monday, 30 October 2006, at 11 a.m. in the Economic and Social Council Chamber, with a view to considering and adopting the draft report. </s>
	</p>
	<p n="237">
	  <s n="261"> Economic and Social Council </s>
	</p>
	<p n="238">
	  <s n="262"> Committee of Experts on International Cooperation in Tax Matters </s>
	</p>
	<p n="239">
	  <s n="263"> Second session </s>
	</p>
	<p n="240">
	  <s n="264"> The second session of the Committee of Experts on International Cooperation in Tax Matters will take place from Monday, 30 October, to Friday, 3 November 2006, in Conference Room XX, at the Palais des Nations, Geneva. </s>
	</p>
	<p n="241">
	  <s n="265"> Delegations are kindly requested to submit the names of observers to the Financing for Development Office, DESA (fax 1 (212) 963-0443; e-mail ffdoffice@un.org). </s>
	  <s n="266"> For further information, please contact Mr. Masa Ohyama, Financing for Development Office (tel. </s>
	  <s n="267"> 1 (212) 963-4695; e-mail ohyama@un.org). </s>
	</p>
	<p n="242">
	  <s n="268"> Forthcoming informal consultations convened by delegations </s>
	</p>
	<p n="243">
	  <s n="269"> Meeting of co-sponsors of draft resolution on the arms trade treaty (First Committee) (convened by the delegation of the United Kingdom) </s>
	</p>
	<p n="244">
	  <s n="270"> Friday, 20 October 2006, from 12 noon to 1 p.m. in Conference Room A. </s>
	</p>
	<p n="245">
	  <s n="271"> Informal consultations on the draft resolution on the Declaration of the Fourth Disarmament Decade (2008-2018), under agenda item 90 (First Committee) (convened by the delegation of Sierra Leone) </s>
	</p>
	<p n="246">
	  <s n="272"> Friday, 20 October 2006, from 1.15 to 2 p.m. in Conference Room 4. </s>
	</p>
	<p n="247">
	  <s n="273"> Meeting of co-sponsors of draft resolution on extrajudicial, summary or arbitrary executions, under agenda item 67 (b) (Third Committee) (convened by the delegation of Sweden) </s>
	</p>
	<p n="248">
	  <s n="274"> Friday, 20 October 2006, from 1.15 to 2.45 p.m. in Conference Room B. </s>
	</p>
	<p n="249">
	  <s n="275"> Informal consultations on the draft resolution on the situation in Afghanistan, under agenda item 16 (convened by the delegation of Germany) </s>
	</p>
	<p n="250">
	  <s n="276"> Friday, 20 October 2006, from 3 to 6 p.m. in the Economic and Social Council Chamber; </s>
	</p>
	<p n="251">
	  <s n="277"> Wednesday, 25 October 2006, from 10 a.m. to 1 p.m. in Conference Room 6; and </s>
	</p>
	<p n="252">
	  <s n="278"> Tuesday, 31 October 2006, from 3 to 6 p.m. in the Economic and Social Council Chamber. </s>
	</p>
	<p n="253">
	  <s n="279"> Informal consultations of the subscribing States to the Hague Code of Conduct against Ballistic Missile Proliferation, under agenda item 90 (l) (First Committee) (convened by the delegation of Morocco) </s>
	</p>
	<p n="254">
	  <s n="280"> Friday, 20 October 2006, from 3 to 4.30 p.m. in Conference Room A. </s>
	</p>
	<p n="255">
	  <s n="281"> Informal consultations on the draft resolution on trafficking in women and girls, under agenda item 61 (Third Committee) (convened by the delegation of the Philippines) </s>
	</p>
	<p n="256">
	  <s n="282"> Monday, 23 October 2006, from 1.15 to 2.45 p.m. in Conference Room C; </s>
	</p>
	<p n="257">
	  <s n="283"> Thursday, 26 October 2006, from 10 a.m. to 1 p.m. in Conference Room C; and </s>
	</p>
	<p n="258">
	  <s n="284"> Tuesday, 31 October 2006, from 10 a.m. to 1 p.m. in Conference Room C. </s>
	</p>
	<p n="259">
	  <s n="285"> Meeting of co-sponsors of the draft resolution on the report of the International Atomic Energy Agency, under agenda item 81 (First Committee) (convened by the delegation of Slovenia) </s>
	</p>
	<p n="260">
	  <s n="286"> Wednesday, 25 October 2006, at 10.30 a.m. in Conference Room B. </s>
	</p>
	<p n="261">
	  <s n="287"> Other forthcoming meetings </s>
	</p>
	<p n="262">
	  <s n="288"> The information below is reproduced as received and does not imply any opinion or endorsement by the Secretariat of the United Nations. </s>
	</p>
	<p n="263">
	  <s n="289"> African Group: Group of Experts on Economic Matters </s>
	</p>
	<p n="264">
	  <s n="290"> Friday, 20 October 2006, from 10 a.m. to 1 p.m. in the Economic and Social Council Chamber. </s>
	</p>
	<p n="265">
	  <s n="291"> Non-Aligned Movement: Working Group on Human Rights </s>
	</p>
	<p n="266">
	  <s n="292"> Friday, 20 October 2006, from 1.15 to 2.30 p.m. in Conference Room 9. </s>
	</p>
	<p n="267">
	  <s n="293"> Briefing by the Executive Secretary of the Economic Commission for Europe to update Member States of the Commission on the work of ECE in the context of the changing needs and development priorities in the region </s>
	</p>
	<p n="268">
	  <s n="294"> Friday, 20 October 2006, from 3 to 4 p.m. in Conference Room 9. </s>
	</p>
	<p n="269">
	  <s n="295"> Meeting of Legal Advisers </s>
	</p>
	<p n="270">
	  <s n="296"> Monday, 23 October 2006, at 3 p.m. in Conference Room 6; and </s>
	</p>
	<p n="271">
	  <s n="297"> Wednesday, 25 October 2006, at 3 p.m. in Conference Room 6. </s>
	</p>
	<p n="272">
	  <s n="298"> UNITAR French-language workshop on the structure, drafting and adoption of United Nations resolutions </s>
	</p>
	<p n="273">
	  <s n="299"> Wednesday, 25 October 2006, from 10 a.m. to 1 p.m. and from 3 to 5.30 p.m. in Conference Room 9; </s>
	</p>
	<p n="274">
	  <s n="300"> Thursday, 26 October 2006, from 3 to 5.30 p.m. in Conference Room 8; and </s>
	</p>
	<p n="275">
	  <s n="301"> Friday, 27 October 2006, from 3 to 6 p.m. in Conference Room 9. </s>
	</p>
	<p n="276">
	  <s n="302"> [For more information, please contact Ms. Laura Fähndrich (tel. </s>
	  <s n="303"> 1 (212) 963-9196; e-mail faehndrich@un.org). </s>
	  <s n="304"> ] </s>
	</p>
	<p n="277">
	  <s n="305"> Asian Group (monthly meeting) </s>
	</p>
	<p n="278">
	  <s n="306"> Friday, 27 October 2006, from 3 to 6 p.m. in the Economic and Social Council Chamber. </s>
	</p>
	<p n="279">
	  <s n="307"> Friends of the International Criminal Court </s>
	</p>
	<p n="280">
	  <s n="308"> Meeting with the Registrar of the Court (in French) </s>
	</p>
	<p n="281">
	  <s n="309"> Tuesday, 31 October 2006, from 1.15 to 2.45 p.m. in Conference Room B; and </s>
	</p>
	<p n="282">
	  <s n="310"> Meeting with the Registrar of the Court (in English) </s>
	</p>
	<p n="283">
	  <s n="311"> Friday, 3 November 2006, from 1.15 to 2.45 p.m. in Conference Room B. </s>
	</p>
	<p n="284">
	  <s n="312"> UNITAR briefing on “Operationalizing the Peacebuilding Commission” </s>
	</p>
	<p n="285">
	  <s n="313"> Thursday, 2 November 2006, from 1.15 to 2.45 p.m. in Conference Room 9. </s>
	</p>
	<p n="286">
	  <s n="314"> [For further information, please contact Ms. </s>
	  <s n="315"> Sarah Rosengärtner (room DC1-603; tel. </s>
	  <s n="316"> 1 (212) 963-3021; rosengaertner@un.org). </s>
	  <s n="317"> ]. </s>
	</p>
	<p n="287">
	  <s n="318"> UNITAR/OLA Seminars on Deposit of Treaty Actions with the Secretary-General and the Registration of Treaties </s>
	</p>
	<p n="288">
	  <s n="319"> French Seminar </s>
	</p>
	<p n="289">
	  <s n="320"> Tuesday, 7 November 2006, from 10 a.m. to 1 p.m. and from 3 to 5.45 p.m. in Conference Room E; and </s>
	</p>
	<p n="290">
	  <s n="321"> English Seminar </s>
	</p>
	<p n="291">
	  <s n="322"> Wednesday, 8 November 2006, from 10 a.m. to 1 p.m. and from 3 to 4.30 p.m.; and Thursday, 9 November 2006, from 10 a.m. to 1 p.m. in Conference Room E. </s>
	</p>
	<p n="292">
	  <s n="323"> [For further information, please contact Ms. Catharina Goldschmidt (tel. </s>
	  <s n="324"> 1 (212) 963-9684; e-mail goldschmidt@un.org). </s>
	  <s n="325"> ] </s>
	</p>
	<p n="293">
	  <s n="326"> Other forthcoming activities </s>
	</p>
	<p n="294">
	  <s n="327"> The information below is reproduced as received and does not imply any opinion or endorsement by the Secretariat of the United Nations. </s>
	</p>
	<p n="295">
	  <s n="328"> Briefing by the President of the International Court of Justice to State members of the Asian-African Legal Consultative Organization (AALCO) </s>
	</p>
	<p n="296">
	  <s n="329"> Friday, 20 October 2006, at 3 p.m. in Conference Room D. </s>
	</p>
	<p n="297">
	  <s n="330"> Briefing by the United Nations Conference on Trade and Development on its World Investment Report 2006 </s>
	</p>
	<p n="298">
	  <s n="331"> Monday, 23 October 2006, from 1.15 to 2.30 p.m. in Conference Room 9. </s>
	</p>
	<p n="299">
	  <s n="332"> [All are invited to attend. </s>
	  <s n="333"> ] </s>
	</p>
	<p n="300">
	  <s n="334"> Panel discussion on “Women and peace consolidation: Ensuring gender justice when political determination meets socio-economic realities -- The case of Liberia” (sponsored by the Co-Chairs of the Partners for Gender Justice in Conflict Affected Countries (Sweden and South Africa), in cooperation with UNIFEM and the International Legal Assistance Consortium) </s>
	</p>
	<p n="301">
	  <s n="335"> Monday, 23 October 2006, from 1.15 to 2.45 p.m. in Conference Room 8. </s>
	</p>
	<p n="302">
	  <s n="336"> [For further information, please contact Ms. Vina Nadjibulla (tel. </s>
	  <s n="337"> 1 (212) 906-6177; e-mail vina.nadjibulla@unifem.org). </s>
	  <s n="338"> ] </s>
	</p>
	<p n="303">
	  <s n="339"> Special event on “Maximizing economic benefits and strengthening resilience in SIDS through sustainable tourism -- Implementing the Mauritius Strategy” (organized by UN-OHRLLS and UNWTO) </s>
	</p>
	<p n="304">
	  <s n="340"> Monday, 23 October 2006, from 1.15 to 2.30 p.m. in Conference Room 7. </s>
	</p>
	<p n="305">
	  <s n="341"> [All are invited to attend. </s>
	  <s n="342"> For further information, please contact Mr. Om Pradhan (tel. </s>
	  <s n="343"> 1 (917) 367-5387; e-mail pradhano@un.org); or Mr. Rafeeuddin Ahmed (tel. </s>
	  <s n="344"> 1 (212) 906-5375; e-mail rafeeuddin.ahmed@unifem.org). </s>
	  <s n="345"> ] </s>
	</p>
	<p n="306">
	  <s n="346"> Special event on “How can SIDS benefit from the Central Emergency Response Fund (CERF)? </s>
	  <s n="347"> : Resources to meet the objectives of the Mauritius Strategy” (organized by UN-OHRLLS) </s>
	</p>
	<p n="307">
	  <s n="348"> Friday, 27 October 2006, from 1.15 to 2.30 p.m. in Conference Room 7. </s>
	</p>
	<p n="308">
	  <s n="349"> [All are invited to attend. </s>
	  <s n="350"> For further information, please contact Mr. Om Pradhan (tel. </s>
	  <s n="351"> 1 (917) 367-5387; e-mail pradhano@un.org); or Mr. Robert Enholm (tel. </s>
	  <s n="352"> 1 (917) 367-4116; or e-mail enholm@un.org). </s>
	  <s n="353"> ] </s>
	</p>
	<p n="309">
	  <s n="354"> Asian-African Legal Consultative Organization (AALCO) </s>
	</p>
	<p n="310">
	  <s n="355"> Monday, 30 October 2006, at 3 p.m. in the Economic and Social Council Chamber. </s>
	</p>
	<p n="311">
	  <s n="356"> Announcements </s>
	</p>
	<p n="312">
	  <s n="357"> Informational meetings with Member States to discuss issues relating to language services </s>
	</p>
	<p n="313">
	  <s n="358"> In accordance with the established practice mandated by the General Assembly, the Department for General Assembly and Conference Management holds informational meetings with Member States twice a year to consult with them on the improvement of the language services and to provide a channel for communication on terminology issues and the quality of services rendered. </s>
	  <s n="359"> The second round of language-specific informational meetings for this year will be held in October and November, according to the following schedule: </s>
	</p>
	<p n="314">
	  <s n="360"> Monday, 30 October, from 3 to 6 p.m.: Arabic </s>
	</p>
	<p n="315">
	  <s n="361"> Tuesday, 31 October, from 3 to 6 p.m.: Chinese </s>
	</p>
	<p n="316">
	  <s n="362"> Wednesday, 1 November, from 3 to 6 p.m.: English </s>
	</p>
	<p n="317">
	  <s n="363"> Thursday, 2 November, from 3 to 6 p.m.: French </s>
	</p>
	<p n="318">
	  <s n="364"> Friday, 3 November, from 10 a.m. to 1 p.m.: Russian </s>
	</p>
	<p n="319">
	  <s n="365"> Friday, 3 November, from 3 to 6 p.m.: Spanish </s>
	</p>
	<p n="320">
	  <s n="366"> All meetings will take place in Conference Room 8. </s>
	</p>
	<p n="321">
	  <s n="367"> Security Council Daily informal briefings </s>
	</p>
	<p n="322">
	  <s n="368"> As from Wednesday, 4 October 2006, and for the rest of the month, the presidency of the Security Council will conduct informal briefings daily on the current work of the Council for Member States of the United Nations, which are non-members of the Council, except on days on which no informal consultations are scheduled. </s>
	  <s n="369"> The briefings will take place immediately following the adjournment of the informal consultations. </s>
	</p>
	<p n="323">
	  <s n="370"> Recorded information </s>
	</p>
	<p n="324">
	  <s n="371"> Recorded information about previously unscheduled meetings and consultations of the whole of the Security Council may be obtained by calling 1 (212) 963-8530, or by clicking on “Daily Programme” on the Web site of the Security Council (&lt;www.un.org/Docs/sc&gt;). </s>
	</p>
	<p n="325">
	  <s n="372"> Prepared statements </s>
	</p>
	<p n="326">
	  <s n="373"> Speakers in the Security Council are advised that providing in advance copies of prepared statements which they intend to read out in the Council greatly facilitates the work of the Secretariat by permitting a sufficient number of copies to be distributed to all meeting participants and by assisting interpreters, verbatim reporters and press officers in maintaining the quality of the product delivered. </s>
	  <s n="374"> Both interpretations and verbatim records rely upon the statement actually delivered, but copies of texts help interpreters to correctly render details and nuances and help verbatim reporters to produce the written record more quickly. </s>
	  <s n="375"> Speakers are therefore encouraged, whenever possible, to provide copies of their statements, as early as possible in advance of delivery, to the Conference Officer in the Chamber. </s>
	</p>
	<p n="327">
	  <s n="376"> Delegations are kindly requested to make 40 copies for minimum distribution to Council members and relevant services, and 200 additional copies for general distribution in the Security Council Chamber. </s>
	</p>
	<p n="328">
	  <s n="377"> Delegations wishing to make statements available for the media are kindly requested to deliver 50 copies to the Media Documents Centre (room S-394). </s>
	</p>
	<p n="329">
	  <s n="378"> UNITAR Fellowship Programme at Columbia University Law School and UNITAR Visitors Programme at New York University School of Law, for diplomats accredited o the United Nations </s>
	</p>
	<p n="330">
	  <s n="379"> The deadline for registration is Monday, 23 October 2006. </s>
	  <s n="380"> For further information, please contact the UNITAR office (room DC1-603; tel. </s>
	  <s n="381"> 1 (212) 963-9684 or 963-9196; e-mail goldschmidt@un.org; or info@unitarny.org). </s>
	</p>
	<p n="331">
	  <s n="382"> Summary of official meetings </s>
	</p>
	<p n="332">
	  <s n="383"> Wednesday, 18 October 2006 </s>
	</p>
	<p n="333">
	  <s n="384"> General Assembly </s>
	</p>
	<p n="334">
	  <s n="385"> Sixty-first session </s>
	</p>
	<p n="335">
	  <s n="386"> General Committee </s>
	</p>
	<p n="336">
	  <s n="387"> 3rd meeting Organization of work, adoption of the agenda and allocation of items </s>
	</p>
	<p n="337">
	  <s n="388"> (a) Request for the inclusion of an additional item submitted by Saint Lucia (A/61/233) </s>
	</p>
	<p n="338">
	  <s n="389"> In accordance with rule 43 of the rules of procedure, statements were made by the representatives of Saint Vincent and the Grenadines and Jamaica. </s>
	</p>
	<p n="339">
	  <s n="390"> Statements were made by the representatives of the Philippines, Nigeria, Uganda, China, Chile, Haiti, Indonesia, Zimbabwe, Guinea, Cameroon, the Libyan Arab Jamahiriya, the United Kingdom, Algeria, Bhutan and Kuwait. </s>
	</p>
	<p n="340">
	  <s n="391"> The General Committee decided to invite the representative of Benin, at his request, to take a seat at the Committee&apos;s table. </s>
	</p>
	<p n="341">
	  <s n="392"> The representative of Benin made a statement. </s>
	</p>
	<p n="342">
	  <s n="393"> The General Committee decided to recommend to the General Assembly that the item should be included in the agenda of the sixty-first session under Heading I (Organizational, administrative and other matters), and that it be considered directly in plenary meeting. </s>
	</p>
	<p n="343">
	  <s n="394"> (b) Request for the inclusion of an additional item: note by the Secretary-General (A/61/234) </s>
	</p>
	<p n="344">
	  <s n="395"> The General Committee decided to recommend to the General Assembly that the item should be included in the agenda of the sixty-first session under Heading I (Organizational, administrative and other matters), and that it be considered directly in plenary meeting. </s>
	</p>
	<p n="345">
	  <s n="396"> Main Committees </s>
	</p>
	<p n="346">
	  <s n="397"> First Committee </s>
	</p>
	<p n="347">
	  <s n="398"> 16th meeting Thematic discussion on item subjects, as well as the introduction and consideration of all draft resolutions submitted under all disarmament and international security agenda items (82 to 97) </s>
	</p>
	<p n="348">
	  <s n="399"> The Committee continued its second stage of work, namely the “Thematic discussion on item subjects, as well as the introduction and consideration of all draft resolutions submitted under items 82 to 97.” </s>
	</p>
	<p n="349">
	  <s n="400"> Statements were made by the representatives of the Congo, the Niger, Cuba and Nigeria. </s>
	</p>
	<p n="350">
	  <s n="401"> In the exercise of right of reply, statements were made by the Russian Federation, the Democratic People&apos;s Republic of Korea and Moldova. </s>
	</p>
	<p n="351">
	  <s n="402"> Statements were made by the representatives of South Africa (who introduced draft resolution A/C.1/61/L.15), Myanmar (who introduced draft resolution A/C.1/61/L.39), the United Kingdom (who introduced draft resolution A/C.1/61/L.55), Sweden (who introduced draft resolution A/C.1/61/L.18), Germany (who introduced draft resolutions A/C.1/61/L.26 and A/C.1/61/L.37), Mali (who, on behalf of the Economic Community of West African States, introduced draft resolution A/C.1/61/L.25) and Sierra Leone (who introduced draft resolution A/C.1/61/L.17). </s>
	</p>
	<p n="352">
	  <s n="403"> Special Political and Decolonization Committee (Fourth Committee) </s>
	</p>
	<p n="353">
	  <s n="404"> 12th meeting Question relating to information </s>
	</p>
	<p n="354">
	  <s n="405"> The Committee concluded its general debate with statements by the representatives of Algeria, Egypt, Kuwait, Thailand (on behalf of ASEAN), China, Singapore, Myanmar, Yemen, Côte d&apos;Ivoire, Bahrain, United Republic of Tanzania, Cameroon, Burkina Faso and Morocco. </s>
	</p>
	<p n="355">
	  <s n="406"> The Under-Secretary-General for Communications and Public Information made a statement. </s>
	</p>
	<p n="356">
	  <s n="407"> The representative of China made a statement. </s>
	</p>
	<p n="357">
	  <s n="408"> The Under-Secretary-General for Communications and Public Information made a concluding statement. </s>
	</p>
	<p n="358">
	  <s n="409"> Action on draft resolutions and a draft decision </s>
	</p>
	<p n="359">
	  <s n="410"> The Committee adopted draft resolutions A and B, as well as the draft decision, all contained in document A/61/21, without a vote. </s>
	</p>
	<p n="360">
	  <s n="411"> Organization of work </s>
	</p>
	<p n="361">
	  <s n="412"> The Chairman made a statement. </s>
	</p>
	<p n="362">
	  <s n="413"> The Committee decided to take action on draft resolutions A/C.4/61/L.2/Rev.1 and A/C.4/61/L.3/Rev.1 submitted under item 30, on Monday, 23 October at 10 a.m. </s>
	</p>
	<p n="363">
	  <s n="414"> Third Committee </s>
	</p>
	<p n="364">
	  <s n="415"> 21st meeting Implementation of human rights instruments [67 (a)] </s>
	</p>
	<p n="365">
	  <s n="416"> Comprehensive implementation of and follow-up to the Vienna Declaration and Programme of Action [67 (d)] </s>
	</p>
	<p n="366">
	  <s n="417"> The Committee began its general discussion under the sub-item and heard statements by the representatives of Cuba, the Sudan, Mongolia, Uzbekistan, India, Kenya, Ghana, Guyana (on behalf of the Rio Group), Saudi Arabia, Suriname (on behalf of the Caribbean Community) and Portugal. </s>
	</p>
	<p n="367">
	  <s n="418"> The Committee thus concluded its general discussion of sub-items 67 (a) and (d). </s>
	</p>
	<p n="368">
	  <s n="419"> 22nd meeting Promotion and protection of human rights (A/60/36, A/60/97, A/60/220 and A/60/280) </s>
	</p>
	<p n="369">
	  <s n="420"> (b) Human rights questions, including alternative approaches for improving the effective enjoyment of human rights and fundamental freedoms </s>
	</p>
	<p n="370">
	  <s n="421"> (c) Human rights situations and reports of special rapporteurs and representatives </s>
	</p>
	<p n="371">
	  <s n="422"> The Committee began its joint consideration of the sub-items and heard an address by the High Commissioner for Human Rights. </s>
	</p>
	<p n="372">
	  <s n="423"> Question time </s>
	</p>
	<p n="373">
	  <s n="424"> The Committee engaged in a dialogue with the High Commissioner for Human Rights, in which the representatives of the Sudan, Finland (on behalf of the European Union), India, Cuba, China, New Zealand, Japan, Benin, Kenya, Uzbekistan, Canada, the Libyan Arab Jamahiriya, Turkey, Georgia, Mexico, Burkina Faso, Guatemala, the United States and Togo took part. </s>
	</p>
	<p n="374">
	  <s n="425"> Introductory statements were also made by the Director of the Division for Social Policy and Development, Department of Economic and Social Affairs and the Officer-in-Charge of the New York Office of the High Commissioner of Human Rights. </s>
	  <s n="426"> A question was posed by the representative of Cuba, to which the Director of the Division for Social Policy and Development, responded. </s>
	</p>
	<p n="375">
	  <s n="427"> The Committee then began its general discussion of the sub-items and heard statements by the representatives of Finland (on behalf of the European Union), China and Egypt. </s>
	</p>
	<p n="376">
	  <s n="428"> Right of reply </s>
	</p>
	<p n="377">
	  <s n="429"> The representative of the Sudan made a statement in the exercise of the right of reply. </s>
	</p>
	<p n="378">
	  <s n="430"> Organization of work </s>
	</p>
	<p n="379">
	  <s n="431"> The Chairman reminded delegations that the deadline for submission of draft proposals under sub-item (b) and (c) was Thursday, 2 November, at 6 p.m. </s>
	</p>
	<p n="380">
	  <s n="432"> It was announced that the general discussion under agenda item 67, sub-items (b) and (c), would resume on Wednesday, 25 October. </s>
	</p>
	<p n="381">
	  <s n="433"> The Secretary made a statement. </s>
	</p>
	<p n="382">
	  <s n="434"> Fifth Committee </s>
	</p>
	<p n="383">
	  <s n="435"> 8th meeting Programme planning </s>
	</p>
	<p n="384">
	  <s n="436"> The Committee resumed its consideration of this agenda item. </s>
	</p>
	<p n="385">
	  <s n="437"> Statements were made by the representatives of Canada (on behalf of Australia, New Zealand and Canada), India, Japan, Belarus, Ghana, the United States, Kenya, Pakistan, Cuba, South Africa (on behalf of the Group of 77 and China), the Islamic Republic of Iran, Egypt, China and the Syrian Arab Republic. </s>
	</p>
	<p n="386">
	  <s n="438"> The Chairperson of the Committee for Programme and Coordination made a concluding statement. </s>
	</p>
	<p n="387">
	  <s n="439"> The Director of the Programme Planning and Budget Division replied to questions raised. </s>
	</p>
	<p n="388">
	  <s n="440"> The Committee thus concluded its general discussion of this item. </s>
	</p>
	<p n="389">
	  <s n="441"> The Chairman informed the Committee that informal consultations on this item would begin on Thursday, 19 October, in the afternoon, in Conference Room 5, under the chairmanship of Mr. Ahmed Farooq (Pakistan). </s>
	</p>
	<p n="390">
	  <s n="442"> Organization of work </s>
	</p>
	<p n="391">
	  <s n="443"> The representative of Mexico, Rapporteur of the Committee and coordinator of agenda item 133 (Financing of the United Nations Operation in Burundi), made a statement. </s>
	</p>
	<p n="392">
	  <s n="444"> Sixth Committee </s>
	</p>
	<p n="393">
	  <s n="445"> 8th meeting Consideration of effective measures to enhance the protection, security and safety of diplomatic and consular missions and representatives </s>
	</p>
	<p n="394">
	  <s n="446"> The Committee began its consideration of agenda item 76. </s>
	</p>
	<p n="395">
	  <s n="447"> Statements were made by the representatives of Norway (on behalf of the Nordic countries), Finland (on behalf of the European Union; the acceding countries Bulgaria and Romania; the candidate countries Turkey, Croatia and The former Yugoslav Republic of Macedonia; the countries of the Stabilization and Association Process and potential candidates Albania, Bosnia and Herzegovina, Montenegro and Serbia; as well as Ukraine and Moldova), Canada (on behalf of CANZ), Malaysia, Israel, Cuba, the Russian Federation and the Sudan. </s>
	</p>
	<p n="396">
	  <s n="448"> The Committee thus concluded its debate on this item. </s>
	</p>
	<p n="397">
	  <s n="449"> Status of the Protocols Additional to the Geneva Conventions of 1949 and relating to the protection of victims of armed conflicts </s>
	</p>
	<p n="398">
	  <s n="450"> The Committee began its consideration of agenda item 75. </s>
	</p>
	<p n="399">
	  <s n="451"> Statements were made by the representatives of Australia (on behalf of CANZ), Finland (on behalf of the European Union; the acceding countries Bulgaria and Romania; the candidate countries Turkey, Croatia and the Tormer Yugoslav Republic of Macedonia; the countries of the Stabilization and Association Process and potential candidates Albania, Bosnia and Herzegovina, Montenegro and Serbia; as well as Ukraine and Moldova), Sweden (on behalf of the Nordic countries), Guyana (on behalf of the Rio Group), the United Arab Emirates, the Sudan, Switzerland, Mexico, Qatar, Ghana, Malaysia, Japan, Kenya, the Syrian Arab Republic, Cuba, the United States, Israel and Lebanon. </s>
	  <s n="452"> A statement was also made by the observer of the International Committee of the Red Cross. </s>
	</p>
	<p n="400">
	  <s n="453"> The Committee thus concluded its debate on this item. </s>
	</p>
	<p n="401">
	  <s n="454"> Corrigendum </s>
	</p>
	<p n="402">
	  <s n="455"> General Assembly </s>
	</p>
	<p n="403">
	  <s n="456"> Sixty-first session </s>
	</p>
	<p n="404">
	  <s n="457"> First Committee </s>
	</p>
	<p n="405">
	  <s n="458"> Corrigendum to the summary of the First Committee (see Journal No. </s>
	  <s n="459"> 2006/201, p. 24: the number of the meeting should read 15th instead of 13th. </s>
	</p>
	<p n="406">
	  <s n="460"> Signatures, Ratifications, etc. </s>
	</p>
	<p n="407">
	  <s n="461"> [Multilateral Treaties Deposited with the Secretary-General] </s>
	</p>
	<p n="408">
	  <s n="462"> Agreement concerning the Adoption of Uniform Technical Prescriptions for Wheeled Vehicles, Equipment and Parts which can be fitted and/or be used on Wheeled Vehicles and the Conditions for Reciprocal Recognition of Approvals Granted on the Basis of These Prescriptions. </s>
	  <s n="463"> Geneva, 20 March 1958 </s>
	</p>
	<p n="409">
	  <s n="464"> Notification of disagreement under article 1 (2) of the Agreement with respect to Draft Regulation: “Uniform provisions concerning the approval of wheels for passenger cars”: Thailand (17 October 2006)1 </s>
	</p>
	<p n="410">
	  <s n="465"> Notification of disagreement under article 1 (2) of the Agreement with respect to Draft Regulation: “Uniform provisions concerning the approval of adaptive front-lighting systems (AFS) for motor vehicles”: Thailand (17 October 2006)1 </s>
	</p>
	<p n="411">
	  <s n="466"> Optional Protocol to the Convention on the Elimination of All Forms of Discrimination against Women. </s>
	  <s n="467"> New York, 6 October 1999 </s>
	</p>
	<p n="412">
	  <s n="468"> Accession: Republic of Korea (18 October 2006)1 </s>
	</p>
	<p n="413">
	  <s n="469"> Agreement on the Privileges and Immunities of the International Criminal Court. </s>
	  <s n="470"> New York, 9 September 2002 </s>
	</p>
	<p n="414">
	  <s n="471"> Ratification: Republic of Korea (18 October 2006)1 </s>
	</p>
	<p n="415">
	  <s n="472"> United Nations Convention against Transnational Organized Crime. </s>
	  <s n="473"> New York, 15 November 2000 </s>
	</p>
	<p n="416">
	  <s n="474"> Notification under article 16 (5), 18 (13), 18 (14) and 31 (6): Monaco (18 October 2006)1 </s>
	</p>
	<p n="417">
	  <s n="475"> Optional Protocol to the Convention against Torture and Other Cruel, Inhuman or Degrading Treatment or Punishment. </s>
	  <s n="476"> New York, 18 December 2002 </s>
	</p>
	<p n="418">
	  <s n="477"> Ratification: Senegal (18 October 2006)1 </s>
	</p>
	<p n="419">
	  <s n="478"> Intergovernmental Agreement on the Trans-Asian Railway Network. </s>
	  <s n="479"> Jakarta, 12 April 2006 </s>
	</p>
	<p n="420">
	  <s n="480"> Correction to the authentic Chinese, English and Russian texts of Annex 1 of the Agreement: (18 October 2006)1 </s>
	</p>
	<p n="421">
	  <s n="481"> Treaty event </s>
	</p>
	<p n="422">
	  <s n="482"> Intergovernmental Agreement on the Trans-Asian Railway Network Jakarta, 12 April 2006 </s>
	</p>
	<p n="423">
	  <s n="483"> Opening for signature </s>
	</p>
	<p n="424">
	  <s n="484"> The above Agreement was adopted by the Economic and Social Commission for Asia and the Pacific at its sixty-second session by resolution number 62/4 on the Intergovernmental Agreement on the Trans-Asian Railway Network, held in Jakarta, Indonesia, on 12 April 2006. </s>
	</p>
	<p n="425">
	  <s n="485"> 1 Date of receipt of the relevant documents. </s>
	</p>
	<p n="426">
	  <s n="486"> It shall be open for signature by States, which are members of the United Nations Economic and Social Commission for Asia and the Pacific, at Busan, Republic of Korea, on 10 and 11 November 2006, during the Ministerial Conference on Transport, and thereafter at United Nations Headquarters in New York from 16 November 2006 to 31 December 2008. </s>
	</p>
	<p n="427">
	  <s n="487"> Certified true copies of the Agreement, of which the Chinese, English and Russian texts are equally authentic, will be prepared and will be transmitted to all States as soon as feasible. </s>
	</p>
	<p n="428">
	  <s n="488"> The Secretary-General takes this opportunity to recall that, under the established international practice, only Heads of State, Heads of Government or Ministers for Foreign Affairs are empowered, by virtue of their functions, to sign a treaty on behalf of a State without having to produce full powers to that effect. </s>
	  <s n="489"> Other representatives wishing to sign a treaty must be in possession of appropriate full powers, which expressly authorize signature of a specified treaty by a named representative issued and signed by one of these authorities. </s>
	  <s n="490"> Full powers are distinct from credentials. </s>
	  <s n="491"> Credentials alone are not adequate for the purpose of signing a treaty. </s>
	</p>
	<p n="429">
	  <s n="492"> The Secretary-General would be obliged if States wishing to sign the Agreement could notify and, as necessary, provide copies of the required full powers in advance to the Treaty Section, Office of Legal Affairs, at United Nations Headquarters in New York (tel. </s>
	  <s n="493"> 1 (212) 963-5047; fax 1 (212) 963-3693; e-mail treaty@un.org). </s>
	</p>
	<p n="430">
	  <s n="494"> General information </s>
	</p>
	<p n="431">
	  <s n="495"> Chairmen of regional groups </s>
	</p>
	<p n="432">
	  <s n="496"> The following information regarding the chairmanship of the regional groups for the month of October 2006 has been communicated to the Secretariat: </s>
	</p>
	<p n="433">
	  <s n="497"> African States: Gambia H.E. Mr. Crispin Grey-Johnson </s>
	</p>
	<p n="434">
	  <s n="498"> Asian States: Japan H.E. Mr. Kenzo Oshima </s>
	</p>
	<p n="435">
	  <s n="499"> Eastern European States: Bosnia and Herzegovina H.E. Mr. Miloš Prica </s>
	</p>
	<p n="436">
	  <s n="500"> Latin American and Caribbean States: Ecuador H.E. Mr. Diego Cordovez </s>
	</p>
	<p n="437">
	  <s n="501"> Western European and other States: Liechtenstein H.E. Mr. Christian Wenaweser </s>
	</p>
	<p n="438">
	  <s n="502"> Daily list of documents issued at Headquarters </s>
	</p>
	<p n="439">
	  <s n="503"> With the exception of sales publications and public information material, hyperlinked official documents listed hereunder may be accessed through the Official Document System of the United Nations in the electronic version of the present Journal. </s>
	  <s n="504"> The list contains documents issued by 2 p.m. on Wednesday, 18 October 2006. </s>
	</p>
	<p n="440">
	  <s n="505"> Symbol Main title </s>
	</p>
	<p n="441">
	  <s n="506"> General Assembly Official Records </s>
	</p>
	<p n="442">
	  <s n="507"> Sixtieth session </s>
	</p>
	<p n="443">
	  <s n="508"> A/60/PV.101 Meeting held on 11 September 2006, 3 p.m. [F] </s>
	</p>
	<p n="444">
	  <s n="509"> Sixty-first session </s>
	</p>
	<p n="445">
	  <s n="510"> A/61/9 United Nations Joint Staff Pension Fund -- Report of the United Nations Joint Staff Pension Board -- Fifty-third session (13-21 July 2006) -- Supplement No. 9 [A C E F R S] </s>
	</p>
	<p n="446">
	  <s n="511"> A/61/11/Corr.1 Report on the Committee on Contributions -- Supplement No. 11 [A C E F R S] </s>
	</p>
	<p n="447">
	  <s n="512"> A/61/53 Report of the Human Rights Council -- First session (19-30 June 2006) -- First special session (5-6 July 2006) -- Second special session (11 August 2006) -- Supplement No. 53 [A C E F R S] </s>
	</p>
	<p n="448">
	  <s n="513"> Disarmament Commission </s>
	</p>
	<p n="449">
	  <s n="514"> A/CN.10/PV.275 Meeting held on 28 April 2006, 3 p.m. [F] </s>
	</p>
	<p n="450">
	  <s n="515"> General Assembly Documents </s>
	</p>
	<p n="451">
	  <s n="516"> Sixty-first session </s>
	</p>
	<p n="452">
	  <s n="517"> A/61/383 Item 113 -- Follow-up to the outcome of the Millennium Summit -- Enhancing capacity-building in global public health -- Note by the Secretary-General [A C E F R S] </s>
	</p>
	<p n="453">
	  <s n="518"> A/61/495 Item 30 -- International cooperation in the peaceful uses of outer space -- Inclusion of the issue of the use of space technology in the reports submitted by the Secretary-General to major United Nations conferences and summits for economic, social and cultural development, and its inclusion in the outcomes and commitments of those conferences and summits -- Report of the Secretary-General [A C E F R S] </s>
	</p>
	<p n="454">
	  <s n="519"> A/61/505 Item 27 -- Protracted conflicts in the GUAM area and their implications for international peace, security and development -- Letter dated 9 October 2006 from the Permanent Representative of Georgia to the United Nations addressed to the Secretary-General [A C E F R S] </s>
	</p>
	<p n="455">
	  <s n="520"> A/61/506 Items 55 (b) and 67 (b) -- Globalization and interdependence: international migration and development -- Promotional protection of human rights: human rights questions, including alternative approaches for improving the effective enjoyment of human rights and fundamental freedoms -- Letter dated 5 October 2006 from the Permanent Representative of Mexico to the United Nations addressed to the Secretary-General [A C E F R S] </s>
	</p>
	<p n="456">
	  <s n="521"> A/61/515 Item 55 (b) -- Globalization and interdependence: international migration and development -- Summary of the High-level Dialogue on International Migration and Development -- Note by the President of the General Assembly [A C E F R S] </s>
	</p>
	<p n="457">
	  <s n="522"> A/61/L.5 Item 108 (b) -- Cooperation between the United Nations and regional and other organizations -- 15-Power draft resolution -- Cooperation between the United Nations and the Asian-African Legal Consultative Organization [A C E F R S] </s>
	</p>
	<p n="458">
	  <s n="523"> First Committee </s>
	</p>
	<p n="459">
	  <s n="524"> A/C.1/61/L.21* Reissued for technical reasons [A C E F R S] </s>
	</p>
	<p n="460">
	  <s n="525"> A/C.1/61/L.24 Item 91 (f) -- Review and implementation of the Concluding Document of the Twelfth Special Session of the General Assembly -- United Nations Regional Centre for Peace and Disarmament in Africa -- One-Power draft resolution [A C E F R S] </s>
	</p>
	<p n="461">
	  <s n="526"> A/C.1/61/L.32* Reissued for technical reasons [A C E F R S] </s>
	</p>
	<p n="462">
	  <s n="527"> A/C.1/61/L.46 Item 83 -- One-Power draft resolution -- Maintenance of international security — good-neighbourliness, stability and development in South-Eastern Europe [A C E F R S] </s>
	</p>
	<p n="463">
	  <s n="528"> A/C.1/61/L.51 Item 91 (h) -- Review and implementation of the Concluding Document of the Twelfth Special Session of the General Assembly -- 26-Power draft resolution -- Convention on the Prohibition of the Use of Nuclear Weapons [A C E F R S] </s>
	</p>
	<p n="464">
	  <s n="529"> A/C.1/61/L.55 Item 90 -- General and complete disarmament -- 75-Power draft resolution -- Towards an arms trade treaty: establishing common international standards for the import, export and transfer of conventional arms [A C E F R S] </s>
	</p>
	<p n="465">
	  <s n="530"> Special Political and Decolonization Committee (Fourth Committee) </s>
	</p>
	<p n="466">
	  <s n="531"> A/C.4/61/L.2/Rev.1 Item 30 -- International cooperation in the peaceful uses of outer space -- One-Power revised draft resolution -- United Nations Platform for Space-based Information for Disaster Management and Emergency Response [A C E F R S] </s>
	</p>
	<p n="467">
	  <s n="532"> A/C.4/61/L.3/Rev.1 Item 30 -- One-Power revised draft resolution -- International cooperation in the peaceful uses of outer space [A C E F R S] </s>
	</p>
	<p n="468">
	  <s n="533"> Second Committee </s>
	</p>
	<p n="469">
	  <s n="534"> A/C.2/61/5 Item 118 -- Programme planning -- Letter dated 12 October 2006 from the President of the General Assembly to the Chairman of the Second Committee [A C E F R S] </s>
	</p>
	<p n="470">
	  <s n="535"> Third Committee </s>
	</p>
	<p n="471">
	  <s n="536"> A/C.3/61/L.13 Item 67 (b) -- Promotion and protection of human rights: human rights questions, including alternative approaches for improving the effective enjoyment of human rights and fundamental freedoms -- One-Power draft resolution -- Consequences of the Israeli invasion for the human rights situation in Lebanon [A C E F R S] </s>
	</p>
	<p n="472">
	  <s n="537"> Tenth emergency special session </s>
	</p>
	<p n="473">
	  <s n="538"> Item 5 -- Illegal Israeli actions in Occupied East Jerusalem and the rest of the Occupied Palestinian Territory -- Identical letters dated 16 October 2006 from the Permanent Observer of Palestine to the United Nations addressed to the Secretary-General and the President of the Security Council [A C E F R S] </s>
	</p>
	<p n="474">
	  <s n="539"> Security Council Documents </s>
	</p>
	<p n="475">
	  <s n="540"> S/2006/423 Letter dated 21 June 2006 from the Chairman of the Security Council Committee established pursuant to resolution 1373 (2001) concerning counter-terrorism addressed to the President of the Security Council [A C E F R S] </s>
	</p>
	<p n="476">
	  <s n="541"> S/2006/681 Letter dated 21 August 2006 from the Acting Chairman of the Security Council Committee established pursuant to resolution 1373 (2001) concerning counter-terrorism addressed to the President of the Security Council [A C E F R S] </s>
	</p>
	<p n="477">
	  <s n="542"> S/2006/735 Letter dated 13 September 2006 from the Chairman of the Security Council Committee established pursuant to resolution 1572 (2004) concerning Côte d&apos;Ivoire addressed to the President of the Security Council [A C E F R S] </s>
	</p>
	<p n="478">
	  <s n="543"> S/2006/809 Letter dated 12 October 2006 from the Secretary-General addressed to the President of the Security Council [A C E F R S] </s>
	</p>
	<p n="479">
	  <s n="544"> S/2006/817 Report of the Secretary-General on the situation concerning Western Sahara [A C E F R S] </s>
	</p>
	<p n="480">
	  <s n="545"> Identical letters dated 16 October 2006 from the Permanent Observer of Palestine to the United Nations addressed to the Secretary-General and the President of the Security Council [A C E F R S] </s>
	</p>
	<p n="481">
	  <s n="546"> S/2006/819 Letter dated 17 October 2006 from the President of the Security Council addressed to the Secretary-General [A C E F R S] </s>
	</p>
	<p n="482">
	  <s n="547"> S/2006/386 Letter dated 8 June 2006 from the Chairman of the Security Council Committee established pursuant to resolution 1373 (2001) concerning counter-terrorism addressed to the President of the Security Council [A C E F R S] </s>
	</p>
	<p n="483">
	  <s n="548"> Convention on the Elimination of All Forms of Discrimination against Women </s>
	</p>
	<p n="484">
	  <s n="549"> Official Records </s>
	</p>
	<p n="485">
	  <s n="550"> Committee on the Elimination of Discrimination against Women Thirty-fifth session </s>
	</p>
	<p n="486">
	  <s n="551"> CEDAW/C/SR.732 Meeting held on 24 May 2006, 3 p.m. [A C E F R S] </s>
	</p>
	<p n="487">
	  <s n="552"> Communications to the Editor </s>
	</p>
	<p n="488">
	  <s n="553"> Material for inclusion in the Journal may be sent to Ms. Sylvie Deschênes (e-mail journal@un.org; fax 1 (212) 963-4790; room S-2370; tel. </s>
	  <s n="554"> 1 (212) 963-6776 and 963-3888). </s>
	</p>
	<p n="489">
	  <s n="555"> Office opens at 3 p.m. </s>
	</p>
	<p n="490">
	  <s n="556"> Published at Headquarters, New York, by the Department for General Assembly and Conference Management. </s>
	</p>
	</body>
</text>
</DOC>