<?xml version="1.0" encoding="UTF-8"?>
<DOC lang="English" n="N0363884" id="JOURNAL NO. 2003/240" date="2003/12/16">
<text>
	<body>
	<p n="1">
	  <s n="1"> Official meetings </s>
	</p>
	<p n="2">
	  <s n="2"> Tuesday, 16 December 2003 </s>
	</p>
	<p n="3">
	  <s n="3"> Security Council </s>
	</p>
	<p n="4">
	  <s n="4"> 10.15 a.m. 4883rd meeting Security Council Chamber </s>
	</p>
	<p n="5">
	  <s n="5"> Adoption of the agenda </s>
	</p>
	<p n="6">
	  <s n="6"> The situation between Iraq and Kuwait </s>
	</p>
	<p n="7">
	  <s n="7"> Report of the Secretary-General pursuant to paragraph 24 of resolution 1483 (2003) and paragraph 12 of resolution 1511 (2003) (S/2003/1149) </s>
	</p>
	<p n="8">
	  <s n="8"> Morning1 4884th meeting (closed) Security Council Chamber </s>
	</p>
	<p n="9">
	  <s n="9"> Adoption of the agenda </s>
	</p>
	<p n="10">
	  <s n="10"> The situation between Iraq and Kuwait </s>
	</p>
	<p n="11">
	  <s n="11"> Report of the Secretary-General pursuant to paragraph 24 of resolution 1483 (2003) and paragraph 12 of resolution 1511 (2003) (S/2003/1149) </s>
	</p>
	<p n="12">
	  <s n="12"> 1 To be held following the adjournment of the 4883rd meeting. </s>
	</p>
	<p n="13">
	  <s n="13"> (continued overleaf) </s>
	</p>
	<p n="14">
	  <s n="14"> General Assembly </s>
	</p>
	<p n="15">
	  <s n="15"> Fifty-eighth session </s>
	</p>
	<p n="16">
	  <s n="16"> The 75th plenary meeting of the General Assembly will be held on Wednesday, 17 December 2003, at 3 p.m. in the General Assembly Hall (see p. 6). </s>
	</p>
	<p n="17">
	  <s n="17"> Morning1 4885th meeting Security Council Chamber </s>
	</p>
	<p n="18">
	  <s n="18"> Adoption of the agenda </s>
	</p>
	<p n="19">
	  <s n="19"> The situation in Somalia </s>
	</p>
	<p n="20">
	  <s n="20"> Letter dated 4 November 2003 from the Chairman of the Security Council Committee established pursuant to resolution 751 (1992) concerning Somalia addressed to the President of the Security Council (S/2003/1035) </s>
	</p>
	<p n="21">
	  <s n="21"> Security Council Informal Working Group on General Issues of Sanctions </s>
	</p>
	<p n="22">
	  <s n="22"> 3.30 p.m. Closed meeting Conference Room 7 </s>
	</p>
	<p n="23">
	  <s n="23"> 1 To be held following the adjournment of the 4884th meeting (closed). </s>
	</p>
	<p n="24">
	  <s n="24"> General Assembly </s>
	</p>
	<p n="25">
	  <s n="25"> Fifty-eighth session </s>
	</p>
	<p n="26">
	  <s n="26"> Main Committees </s>
	</p>
	<p n="27">
	  <s n="27"> Second Committee </s>
	</p>
	<p n="28">
	  <s n="28"> 11 a.m.-1 p.m. 40th meeting Conference Room 2 </s>
	</p>
	<p n="29">
	  <s n="29"> Macroeconomic policy questions </s>
	</p>
	<p n="30">
	  <s n="30"> (a) International trade and development </s>
	</p>
	<p n="31">
	  <s n="31"> Action on draft resolutions A/C.2/58/L.32 and A/C.2/58/L.80 </s>
	</p>
	<p n="32">
	  <s n="32"> (d) International financial system and development </s>
	</p>
	<p n="33">
	  <s n="33"> Action on draft resolutions A/C.2/58/L.17 and A/C.2/58/L.81 </s>
	</p>
	<p n="34">
	  <s n="34"> (e) External debt crisis and development </s>
	</p>
	<p n="35">
	  <s n="35"> Action on draft resolutions A/C.2/58/L.18 and A/C.2/58/L.82 </s>
	</p>
	<p n="36">
	  <s n="36"> Environment and sustainable development </s>
	</p>
	<p n="37">
	  <s n="37"> (c) Convention on Biological Diversity </s>
	</p>
	<p n="38">
	  <s n="38"> Action on draft resolutions A/C.2/58/L.11 and A/C.2/58/L.61** </s>
	</p>
	<p n="39">
	  <s n="39"> (d) Further implementation of the Programme of Action for the Sustainable Development of Small Island Developing States (A/58/567 and A/58/567/Corr.1) </s>
	</p>
	<p n="40">
	  <s n="40"> Action on draft resolutions A/C.2/58/L.30 and A/C.2/58/L.79 (programme budget implications: A/C.2/58/L.50) </s>
	</p>
	<p n="41">
	  <s n="41"> Implementation of the outcome of the United Nations Conference on Human Settlements (Habitat II) and of the twenty-fifth special session of the General Assembly </s>
	</p>
	<p n="42">
	  <s n="42"> Action on draft resolutions A/C.2/58/L.31 and A/C.2/58/L.64* </s>
	</p>
	<p n="43">
	  <s n="43"> Follow-up to the International Conference on Financing for Development </s>
	</p>
	<p n="44">
	  <s n="44"> Action on draft resolutions A/C.2/58/L.39, A/C.2/58/L.40 and A/C.2/58/L.83 </s>
	</p>
	<p n="45">
	  <s n="45"> Report of the Economic and Social Council </s>
	</p>
	<p n="46">
	  <s n="46"> Action on the draft provisional programme of work for the Second Committee 2004 </s>
	</p>
	<p n="47">
	  <s n="47"> Action on draft decision A/C.2/58/L.54/Rev.1 </s>
	</p>
	<p n="48">
	  <s n="48"> Conclusion of the main part of the work of the Second Committee for the fifty-eighth session </s>
	</p>
	<p n="49">
	  <s n="49"> Fifth Committee </s>
	</p>
	<p n="50">
	  <s n="50"> 10 a.m. 28th meeting Conference Room 3 </s>
	</p>
	<p n="51">
	  <s n="51"> Proposed programme budget for the biennium 2004-2005 </s>
	</p>
	<p n="52">
	  <s n="52"> Programme budget implications of draft resolution A/C.1/58/1/L.1/Rev.1: Illicit trade in small arms and light weapons in all its aspects (A/C.5/58/17 and A/58/7/Add.14) </s>
	</p>
	<p n="53">
	  <s n="53"> Programme budget implications of draft resolution A/C.6/58/L.18: Committee on the Charter of the United Nations and on the strengthening of the Role of the Organization (A/C.5/58/18 and A/58/7/Add.13) </s>
	</p>
	<p n="54">
	  <s n="54"> Programme budget implications of draft resolution A/58/L.19: Oceans and the Law of the Sea (A/C.5/58/22 and A/58/7/Add.16) </s>
	</p>
	<p n="55">
	  <s n="55"> Programme budget implications of draft resolution A/C.5/58/24: Future operations of the International Research and Training Institute for the Advancement of Women (A/C.5/58/24 and A/58/7/Add.20) </s>
	</p>
	<p n="56">
	  <s n="56"> Programme budget implications of draft resolution A/C.3/58/L.78: Ad Hoc Committee on a Comprehensive and Integral International Convention on the Protection and Promotion of the Rights and Dignity of persons with Disabilities (A/C.5/58/25 and A/58/7/Add.21) </s>
	</p>
	<p n="57">
	  <s n="57"> Programme budget implications of draft resolution A/C.3/58/L.68/Rev.1: Situation of human rights in Myanmar (A/C.5/58/26 and A/58/7/Add.22) </s>
	</p>
	<p n="58">
	  <s n="58"> Programme budget implications of draft resolution A/C.3/58/L.28: Office of the Special Representative for Children in Armed Conflict (A/C.5/58/28 and A/58/7/Add.23) </s>
	</p>
	<p n="59">
	  <s n="59"> Programme budget implications of draft resolution A/58/L.30: United Nations Verification Mission in Guatemala (A/C.5/58/30 and A/58/7/Add.24) </s>
	</p>
	<p n="60">
	  <s n="60"> Programme budget implications of draft resolution A/58/L.38: The situation in Central America: progress in fashioning a region of peace, freedom, democracy and development (A/C.5/58/30 and A/58/7/Add.25) </s>
	</p>
	<p n="61">
	  <s n="61"> Programme budget implications of draft resolution A/C.2/58/L.7/Rev.1: Implementation of the United Nations Convention to Combat Desertification in Those Countries Experiencing Serious Drought and/or Desertification, particularly in Africa (A/C.5/58/31 and A/58/7/Add.26) </s>
	</p>
	<p n="62">
	  <s n="62"> Programme budget implications of draft resolution A/C.2/58/L.14/Rev.1: Protection of global climate for present and future generations of mankind (A/C.5/58/32 and A/58/7/Add.27) </s>
	</p>
	<p n="63">
	  <s n="63"> Revised estimates under sections 2 and 29D: conference and support services extended to the Counter-Terrorism Committee in the implementation of Security Council resolution 1373 (2001) (A/C.5/58/23 and A/58/7/Add.17) </s>
	</p>
	<p n="64">
	  <s n="64"> Introduction and general discussion </s>
	</p>
	<p n="65">
	  <s n="65"> Morning1-1 p.m. Informal consultations (closed) Conference Room 5 </s>
	</p>
	<p n="66">
	  <s n="66"> Informal consultations on agenda item 121 (Proposed programme budget for the biennium 2004-2005: statements on programme budget implications (A/C.5/58/17, A/58/7/Add.14, A/C.5/58/18, A/58/7/Add.13, A/C.5/58/22, A/58/7/Add.16, A/C.5/58/24, A/58/7/Add.20, A/C.5/58/25, A/58/7/Add.21, A/C.5/58/26, A/58/7/Add.22, A/C.5/58/28, A/58/7/Add.23, A/C.5/58/29, A/58/7/Add.24, A/C.5/58/30, A/58/7/Add.25, A/C.5/58/31, A/58/7/Add.26, A/C.5/58/32 and A/58/7/Add.27); Financial viability of the United Nations Institute for Training and Research and status of all voluntary contributions (A/58/544 and A/58/7/Add.10); Revised estimates arising out of resolutions and decisions adopted by the Economic and Social Council at its substantive and resumed substantive sessions of 2003 (A/C.5/58/10 and A/58/7/Add.8); Administrative expenses arising from the report of the Standing Committee of the United Nations Joint Staff Board (A/C.5/58/27 and A/58/7/Add.19); Cost implications of providing more predictable and adequate conference services to the meetings of regional and other major groupings of Member States (A/58/397 and A/58/7/Add.5); Capital master plan (A/58/599, A/58/342, A/58/321 and A/58/7/Add.15); Revised estimates: effects of changes in rates of exchange and inflation (A58/528 and A/58/7/Add.11); and Revised estimates under sections 2 and 29D: conference and support services extended to the Counter-Terrorism Committee in the implementation of Security Council resolution 1373 (2001) (A/C.5/58/23 and A/58/7/Add.17)) </s>
	</p>
	<p n="67">
	  <s n="67"> 3-6 p.m. Informal consultations (closed) Conference Room 5 </s>
	</p>
	<p n="68">
	  <s n="68"> Informal consultations on agenda item 121 (Proposed programme budget for the biennium 2004-2005: consideration of a draft resolution) </s>
	</p>
	<p n="69">
	  <s n="69"> 1 To be held following the adjournment of the 28th meeting of the Fifth Committee. </s>
	</p>
	<p n="70">
	  <s n="70"> Economic and Social Council </s>
	</p>
	<p n="71">
	  <s n="71"> Committee on Non-Governmental Organizations </s>
	</p>
	<p n="72">
	  <s n="72"> Resumed 2003 session </s>
	</p>
	<p n="73">
	  <s n="73"> 10 a.m.-1 p.m. 30th meeting Conference Room 1 </s>
	</p>
	<p n="74">
	  <s n="74"> Applications for consultative status and requests for reclassification received from non-governmental organizations </s>
	</p>
	<p n="75">
	  <s n="75"> (b) New applications for consultative status and new requests for reclassification (E/C.2/2003/R.2/Add.6-14 and E/C.2/2003/R.3/Add.1) </s>
	</p>
	<p n="76">
	  <s n="76"> 3-6 p.m. 31st meeting Conference Room 1 </s>
	</p>
	<p n="77">
	  <s n="77"> Applications for consultative status and requests for reclassification received from non-governmental organizations </s>
	</p>
	<p n="78">
	  <s n="78"> (a) Applications for consultative status and requests for reclassification deferred from the previous session of the Committee (E/C.2/2003/CRP.12) </s>
	</p>
	<p n="79">
	  <s n="79"> Implementation of Council decision 2001/295 (E/C.2/2003/CRP.10) </s>
	</p>
	<p n="80">
	  <s n="80"> Other meetings </s>
	</p>
	<p n="81">
	  <s n="81"> The information below is reproduced as received and does not imply any opinion or endorsement by the Secretariat of the United Nations. </s>
	</p>
	<p n="82">
	  <s n="82"> Tuesday, 16 December 2003 </s>
	</p>
	<p n="83">
	  <s n="83"> JUSCANZ Group (on Second Committee matters) </s>
	</p>
	<p n="84">
	  <s n="84"> 9-9.45 a.m. Closed meeting Conference Room B </s>
	</p>
	<p n="85">
	  <s n="85"> Group of 77 </s>
	</p>
	<p n="86">
	  <s n="86"> 10.15-11 a.m. Closed meeting Conference Room 4 </s>
	</p>
	<p n="87">
	  <s n="87"> Group of 77 (on Fifth Committee matters) </s>
	</p>
	<p n="88">
	  <s n="88"> 1.15-2.45 p.m. Closed meeting Conference Room 5 </s>
	</p>
	<p n="89">
	  <s n="89"> Informal consultations on the draft resolution entitled &quot;Safety and security of humanitarian personnel and protection of United Nations personnel&quot; (agenda item 40) (organized by the Permanent Mission of Italy (on behalf of the European Union)) </s>
	</p>
	<p n="90">
	  <s n="90"> 11.30 a.m.-1 p.m. Closed meeting Conference Room B </s>
	</p>
	<p n="91">
	  <s n="91"> Open-ended informal consultations on the draft resolution entitled “New Partnership for Africa&apos;s Development: progress in implementation and international support” (agenda item 39 (a)) (organized by the Permanent Mission of Ethiopia) </s>
	</p>
	<p n="92">
	  <s n="92"> 1.30-6 p.m. Closed meeting Conference Room B </s>
	</p>
	<p n="93">
	  <s n="93"> Press conferences </s>
	</p>
	<p n="94">
	  <s n="94"> The schedule below is tentative; up-to-date information can be obtained at www.un.org/News/ossg/conf.htm. </s>
	</p>
	<p n="95">
	  <s n="95"> Tuesday, 16 December 2003 </s>
	</p>
	<p n="96">
	  <s n="96"> Room S-226 </s>
	</p>
	<p n="97">
	  <s n="97"> 12 noon Press briefing by the Spokesman </s>
	</p>
	<p n="98">
	  <s n="98"> Forthcoming official meetings </s>
	</p>
	<p n="99">
	  <s n="99"> Wednesday, 17 December 2003 </s>
	</p>
	<p n="100">
	  <s n="100"> General Assembly </s>
	</p>
	<p n="101">
	  <s n="101"> Fifty-eighth session </s>
	</p>
	<p n="102">
	  <s n="102"> 3 p.m. 75th plenary meeting General Assembly Hall </s>
	</p>
	<p n="103">
	  <s n="103"> Report of the Economic and Social Council: draft resolution (A/58/L.36) </s>
	</p>
	<p n="104">
	  <s n="104"> Appointments to fill vacancies in subsidiary organs and other appointments </s>
	</p>
	<p n="105">
	  <s n="105"> (a) Appointment of members of the Advisory Committee on Administrative and Budgetary Questions: report of the Fifth Committee (A/58/561/Add.1) </s>
	</p>
	<p n="106">
	  <s n="106"> (b) Appointment of members of the Committee on Contributions: report of the Fifth Committee (A/58/562) </s>
	</p>
	<p n="107">
	  <s n="107"> (c) Appointment of a member of the Board of Auditors: report of the Fifth Committee (A/58/563) </s>
	</p>
	<p n="108">
	  <s n="108"> (d) Confirmation of the appointment of members of the Investments Committee: report of the Fifth Committee (A/58/564) </s>
	</p>
	<p n="109">
	  <s n="109"> (e) Appointment of members of the United Nations Administrative Tribunal: report of the Fifth Committee (A/58/565) </s>
	</p>
	<p n="110">
	  <s n="110"> (f) Appointment of the members of the Consultative Committee of the United Nations Development Fund for Women </s>
	</p>
	<p n="111">
	  <s n="111"> Armed Israeli aggression against the Iraqi nuclear installations and its grave consequences for the established international system concerning the peaceful uses of nuclear energy, the non-proliferation of nuclear weapons and international peace and security </s>
	</p>
	<p n="112">
	  <s n="112"> Strengthening of the coordination of humanitarian and disaster relief assistance of the United Nations, including special economic assistance: draft resolution (A/58/L.47)1 </s>
	</p>
	<p n="113">
	  <s n="113"> (a) Strengthening of the coordination of emergency humanitarian assistance of the United Nations: draft resolution (A/58/L.39) </s>
	</p>
	<p n="114">
	  <s n="114"> (b) Special economic assistance to individual countries or regions: draft resolutions (A/58/L.31/Rev.1, A/58/L.40, A/58/L.41, A/58/L.42, A/58/L.45 and A/58/L.46) </s>
	</p>
	<p n="115">
	  <s n="115"> (c) Strengthening of international cooperation and coordination of efforts to study, mitigate and minimize the consequences of the Chernobyl disaster: draft resolution (A/58/L.44) </s>
	</p>
	<p n="116">
	  <s n="116"> (d) Participation of volunteers, &quot;White Helmets&quot;, in the activities of the United Nations in the field of humanitarian relief, rehabilitation and technical cooperation for development: draft resolution (A/58/L.43) </s>
	</p>
	<p n="117">
	  <s n="117"> (e) Assistance to the Palestinian people: draft resolution (A/58/L.33/Rev.1) </s>
	</p>
	<p n="118">
	  <s n="118"> 1 To be issued. </s>
	</p>
	<p n="119">
	  <s n="119"> Follow-up to the United Nations Year for Cultural Heritage: draft resolution (A/58/L.11/Rev.2) </s>
	</p>
	<p n="120">
	  <s n="120"> Launching of global negotiations on international economic cooperation for development </s>
	</p>
	<p n="121">
	  <s n="121"> Integrated and coordinated implementation of and follow-up to the outcomes of the major United Nations conferences and summits in the economic, social and related fields: draft decision (A/58/L.29) </s>
	</p>
	<p n="122">
	  <s n="122"> Report of the Credentials Committee [3 (b)] </s>
	</p>
	<p n="123">
	  <s n="123"> (a) Report of the Credentials Committee (A/58/625)1 </s>
	</p>
	<p n="124">
	  <s n="124"> (b) Draft resolution (A/58/L.48) </s>
	</p>
	<p n="125">
	  <s n="125"> 1 To be issued. </s>
	</p>
	<p n="126">
	  <s n="126"> Fifth Committee The Fifth Committee will hold its 29th meeting on Wednesday, 17 December 2003, at 10 a.m. in Conference Room 3, immediately followed by informal consultations (closed) in Conference Room 5. </s>
	  <s n="127"> Informal consultations (closed) will also be held at 3 p.m. in Conference Room 5. </s>
	</p>
	<p n="127">
	  <s n="128"> Economic and Social Council </s>
	</p>
	<p n="128">
	  <s n="129"> Resumed substantive session 2003 </s>
	</p>
	<p n="129">
	  <s n="130"> Informal consultations </s>
	</p>
	<p n="130">
	  <s n="131"> The President of the Economic and Social Council, Mr. Gert Rosenthal (Guatemala), will convene informal consultations on Friday, 19 December 2003, at 10 a.m. in the Economic and Social Council Chamber, on the Ad Hoc Advisory Group on Burundi and on the following outstanding issues: </s>
	</p>
	<p n="131">
	  <s n="132"> Implementation of General Assembly resolutions 50/228 and 52/12 B (E/2003/90 and E/2003/90/Add.1) </s>
	</p>
	<p n="132">
	  <s n="133"> Economic and environmental questions </s>
	</p>
	<p n="133">
	  <s n="134"> (a) Sustainable development (E/2002/29, E/2003/33 and E/2003/L.43) </s>
	</p>
	<p n="134">
	  <s n="135"> Report for the Committee for Development Policy (chapter IV) </s>
	</p>
	<p n="135">
	  <s n="136"> Status of NGO&apos;s and other major groups accredited to the World Summit on Sustainable Development </s>
	</p>
	<p n="136">
	  <s n="137"> Bureau of the Commission on Sustainable Development </s>
	</p>
	<p n="137">
	  <s n="138"> (c) Statistics (E/2003/24) </s>
	</p>
	<p n="138">
	  <s n="139"> (i) United Nations Forum on Forests (E/2003/42) </s>
	</p>
	<p n="139">
	  <s n="140"> Resumed organizational session </s>
	</p>
	<p n="140">
	  <s n="141"> The Economic and Social Council will hold its 52nd meeting on Friday, 19 December 2003, in the morning1, in the Economic and Social Council Chamber, to hear a briefing on the Ad Hoc Advisory Group on Burundi and to take action on all outstanding matters. </s>
	</p>
	<p n="141">
	  <s n="142"> 1 To be held following the adjournment of the informal consultations of the Council. </s>
	</p>
	<p n="142">
	  <s n="143"> Commission for Social Development </s>
	</p>
	<p n="143">
	  <s n="144"> Forty-second session </s>
	</p>
	<p n="144">
	  <s n="145"> The forty-second session of the Commission for Social Development will be held from 4 to 13 February 2004 in Conference Room 2. </s>
	  <s n="146"> The first meeting will take place on Wednesday, 4 February, at 10 a.m. </s>
	  <s n="147"> The provisional annotated agenda and the organization of work are contained in documents E/CN.5/2004/1 and E/CN.5/2004/L.1, respectively. </s>
	</p>
	<p n="145">
	  <s n="148"> Background information for the forty-second session of the Commission for Social Development is available for pick-up outside room DC2-1320. </s>
	  <s n="149"> Further information: www.un.org/esa/socdev/csd/csocd2004.htm. </s>
	</p>
	<p n="146">
	  <s n="150"> Other forthcoming meetings </s>
	</p>
	<p n="147">
	  <s n="151"> The information below is reproduced as received and does not imply any opinion or endorsement by the Secretariat of the United Nations. </s>
	</p>
	<p n="148">
	  <s n="152"> Informal consultations on the draft resolution entitled “International Day of Reflection on the 1994 Genocide in Rwanda” (agenda item 39 (b)) (organized by the Permanent Mission of Mozambique) </s>
	</p>
	<p n="149">
	  <s n="153"> Informal consultations on the draft resolution entitled “International Day of Reflection on the 1994 Genocide in Rwanda” (agenda item 39 (b)), organized by the Permanent Mission of Mozambique, will be held on Wednesday, 17 December 2003, from 10.30 a.m. to 1 p.m. in Conference Room 9. </s>
	</p>
	<p n="150">
	  <s n="154"> Announcements </s>
	</p>
	<p n="151">
	  <s n="155"> Security Council Daily informal briefings </s>
	</p>
	<p n="152">
	  <s n="156"> As from Wednesday, 3 December 2003, and for the rest of the month, the Presidency of the Security Council will conduct informal briefings daily on the current work of the Council for Member States of the United Nations, which are non-members of the Council, except on days on which no informal consultations are scheduled. </s>
	  <s n="157"> The briefings will take place immediately following the adjournment of the informal consultations in the Press Briefing Room (S-226). </s>
	</p>
	<p n="153">
	  <s n="158"> Recorded information </s>
	</p>
	<p n="154">
	  <s n="159"> Recorded information about previously unscheduled meetings and consultations of the whole of the Security Council may be obtained by calling 1 (212) 963-8530. </s>
	</p>
	<p n="155">
	  <s n="160"> Preparations for the forty-eighth session of the Commission on the Status of Women </s>
	</p>
	<p n="156">
	  <s n="161"> In preparation for the forty-eighth session of the Commission on the Status of Women (1-12 March 2004), delegations are kindly invited to propose names of expert panellists to participate in two panel discussions on the following thematic issues that will be taken up by the Commission: (a) Women&apos;s equal participation in conflict prevention, management and conflict resolution and in post-conflict peace building; and (b) The role of men and boys in achieving gender equality. </s>
	  <s n="162"> Delegations are kindly requested to submit names and curricula vitae to the Division for the Advancement of Women (room DC2-1246; and/or email zakharova@un.org), no later than 9 January 2004, indicating the panel for which the experts(s) is (are) being nominated. </s>
	</p>
	<p n="157">
	  <s n="163"> Summary of meetings </s>
	</p>
	<p n="158">
	  <s n="164"> Thursday, 11 December 2003 </s>
	</p>
	<p n="159">
	  <s n="165"> General Assembly </s>
	</p>
	<p n="160">
	  <s n="166"> Fifty-eighth session </s>
	</p>
	<p n="161">
	  <s n="167"> Main Committees </s>
	</p>
	<p n="162">
	  <s n="168"> Second Committee </s>
	</p>
	<p n="163">
	  <s n="169"> 37th meeting Macroeconomic policy questions </s>
	</p>
	<p n="164">
	  <s n="170"> (b) Science and technology for development (A/58/74-E/2003/58) </s>
	</p>
	<p n="165">
	  <s n="171"> The Committee resumed its consideration of the sub-item. </s>
	</p>
	<p n="166">
	  <s n="172"> Action on draft resolutions A/C.2/58/L.19 and A/C.2/58/L.74 </s>
	</p>
	<p n="167">
	  <s n="173"> The Vice-Chairperson of the Committee, Mr. Henri Raubenheimer (South Africa), introduced draft resolution A/C.2/58/L.74. </s>
	</p>
	<p n="168">
	  <s n="174"> The Committee was informed that the draft resolution contained no programme budget implications. </s>
	</p>
	<p n="169">
	  <s n="175"> The Committee was also informed that in addition to the sponsors listed in A/C.2/58/L.19, the following countries had joined in sponsoring this draft resolution: Albania, Algeria, Andorra, Australia, Austria, Belgium, Burkina Faso, Chile, China, Colombia, Costa Rica, Croatia, Denmark, Dominican Republic, Ecuador, El Salvador, Estonia, Finland, Gabon, Greece, Guatemala, Haiti, Iceland, India, Ireland, Italy (on behalf of the European Union and the acceding countries - Cyprus, Czech Republic, Estonia, Hungary, Latvia, Lithuania, Malta, Poland, Slovakia and Slovenia), Japan, Kazakhstan, Kenya, Kyrgyzstan, Luxembourg, Malaysia, Mali, Marshall Islands, Mongolia, New Zealand, Nicaragua, Palau, Republic of Korea, Senegal, Serbia and Montenegro, Singapore, South Africa, Sweden, Thailand, The former Yugoslav Republic of Macedonia, Tuvalu, Tunisia, Turkey, Uganda, Ukraine, Uruguay and Viet Nam. </s>
	</p>
	<p n="170">
	  <s n="176"> The representative of Cuba made a statement. </s>
	</p>
	<p n="171">
	  <s n="177"> The Committee adopted draft resolution A/C.2/58/L.74. </s>
	</p>
	<p n="172">
	  <s n="178"> In light of the adoption of draft resolution A/C.2/58/L.74, draft resolution A/C.2/58/L.19 was withdrawn by its sponsors. </s>
	</p>
	<p n="173">
	  <s n="179"> Action on draft resolutions A/C.2/58/L.20 and A/C.2/58/L.69 </s>
	</p>
	<p n="174">
	  <s n="180"> The Vice-Chairperson of the Committee, Mr. Henri Raubenheimer (South Africa), introduced draft resolution A/C.2/58/L.69. </s>
	</p>
	<p n="175">
	  <s n="181"> The Committee was informed that the draft resolution contained no programme budget implications. </s>
	</p>
	<p n="176">
	  <s n="182"> The representative of the United States made a statement. </s>
	</p>
	<p n="177">
	  <s n="183"> The Committee adopted draft resolution A/C.2/58/L.69. </s>
	</p>
	<p n="178">
	  <s n="184"> In light of the adoption of draft resolution A/C.2/58/L.69, draft resolution A/C.2/58/L.20 was withdrawn by its sponsors. </s>
	</p>
	<p n="179">
	  <s n="185"> Oral decision </s>
	</p>
	<p n="180">
	  <s n="186"> On the proposals of the Chairman, the Committee took note of document A/58/74-E/2003/58. </s>
	</p>
	<p n="181">
	  <s n="187"> The Committee thus concluded its consideration of item 91, sub-item (b). </s>
	</p>
	<p n="182">
	  <s n="188"> (c) Specific actions related to the particular needs and problems of landlocked developing countries and </s>
	</p>
	<p n="183">
	  <s n="189"> (f) Outcome of the International Ministerial Conference of Landlocked and Transit Developing Countries and Donor Countries and International Financial and Development Institutions on Transit Transport Cooperation </s>
	</p>
	<p n="184">
	  <s n="190"> The Committee resumed its consideration of the sub-items. </s>
	</p>
	<p n="185">
	  <s n="191"> Action on draft resolutions A/C.2/58/L.16 and A/C.2/58/L.73 </s>
	</p>
	<p n="186">
	  <s n="192"> The Vice-Chairperson of the Committee, Mr. Henri Raubenheimer (South Africa), introduced draft resolution A/C.2/58/L.73. </s>
	</p>
	<p n="187">
	  <s n="193"> The Director of the Division of General Assembly and Economic and Social Affairs, read out an oral statement of programme budget implications on draft resolution A/C.2/58/L.73. </s>
	</p>
	<p n="188">
	  <s n="194"> The Committee adopted draft resolution A/C.2/58/L.73. </s>
	</p>
	<p n="189">
	  <s n="195"> In light of the adoption of draft resolution A/C.2/58/L.73, draft resolution A/C.2/58/L.16 was withdrawn by its sponsors. </s>
	</p>
	<p n="190">
	  <s n="196"> Third United Nations Conference on Least Developed Countries </s>
	</p>
	<p n="191">
	  <s n="197"> The Committee resumed its consideration of the item. </s>
	</p>
	<p n="192">
	  <s n="198"> Action on draft resolutions A/C.2/58/L.34 and A/C.2/58/L.68 (programme budget implications: A/C.2/58/L.45) </s>
	</p>
	<p n="193">
	  <s n="199"> The Vice-Chairperson of the Committee, Ms Ulrika Cronenberg-Mossberg (Sweden), introduced draft resolution A/C.2/58/L.68. </s>
	</p>
	<p n="194">
	  <s n="200"> The Director of the Division of General Assembly and Economic and Social Affairs, read out an oral statement of programme budget implications on draft resolution A/C.2/58/L.68. </s>
	</p>
	<p n="195">
	  <s n="201"> The Committee was then informed that the programme budget implications contained in document A/C.2/58/L.45 no longer applied. </s>
	</p>
	<p n="196">
	  <s n="202"> The Committee adopted draft resolution A/C.2/58/L.68. </s>
	</p>
	<p n="197">
	  <s n="203"> In light of the adoption of draft resolution A/C.2/58/L.68, draft resolution A/C.2/58/L.34 was withdrawn by its sponsors. </s>
	</p>
	<p n="198">
	  <s n="204"> The Committee thus concluded its consideration of the agenda item 102. </s>
	</p>
	<p n="199">
	  <s n="205"> Sectoral policy questions: preventing and combating corrupt practices and transfer of funds of illicit origin and returning such assets to the countries of origin </s>
	</p>
	<p n="200">
	  <s n="206"> The Committee resumed its consideration of the item. </s>
	</p>
	<p n="201">
	  <s n="207"> Action on draft resolutions A/C.2/58/L.2 and A/C.2/58/L.52 </s>
	</p>
	<p n="202">
	  <s n="208"> The Vice-Chairperson of the Committee, Ms. Ulrika Cronenberg-Mossberg (Sweden), introduced draft resolution A/C.2/58/L.52. </s>
	</p>
	<p n="203">
	  <s n="209"> The Committee was informed that the draft resolution contained no programme budget implications. </s>
	</p>
	<p n="204">
	  <s n="210"> The Committee adopted draft resolution A/C.2/58/L.52. </s>
	</p>
	<p n="205">
	  <s n="211"> In light of the adoption of draft resolution A/C.2/58/L.52, draft resolution A/C.2/58/L.2 was withdrawn by its sponsors. </s>
	</p>
	<p n="206">
	  <s n="212"> The Committee thus concluded its consideration of the agenda item 92. </s>
	</p>
	<p n="207">
	  <s n="213"> Sustainable development and international economic cooperation </s>
	</p>
	<p n="208">
	  <s n="214"> The Committee resumed its consideration of the sub-item. </s>
	</p>
	<p n="209">
	  <s n="215"> (a) Women in development </s>
	</p>
	<p n="210">
	  <s n="216"> Action on draft resolutions A/C.2/58/L.27 and A/C.2/58/L.65 </s>
	</p>
	<p n="211">
	  <s n="217"> The Vice-Chairperson of the Committee, Ms. Ulrika Cronenberg-Mossberg (Sweden), introduced draft resolution A/C.2/58/L.65. </s>
	</p>
	<p n="212">
	  <s n="218"> The Committee was informed that the draft resolution contained no programme budget implications. </s>
	</p>
	<p n="213">
	  <s n="219"> The Committee adopted draft resolution A/C.2/58/L.65. </s>
	</p>
	<p n="214">
	  <s n="220"> The representative of the United States made a statement. </s>
	</p>
	<p n="215">
	  <s n="221"> In light of the adoption of draft resolution A/C.2/58/L.65, draft resolution A/C.2/58/L.27 was withdrawn by its sponsors. </s>
	</p>
	<p n="216">
	  <s n="222"> The Committee thus concluded its consideration of item 93, sub-item (a). </s>
	</p>
	<p n="217">
	  <s n="223"> (b) Human resources development </s>
	</p>
	<p n="218">
	  <s n="224"> The Committee resumed its consideration of the sub-item. </s>
	</p>
	<p n="219">
	  <s n="225"> Action on draft resolutions A/C.2/58/L.5 and A/C.2/58/L.56 </s>
	</p>
	<p n="220">
	  <s n="226"> The Vice-Chairperson of the Committee, Ms Ulrika Cronenberg-Mossberg (Sweden), introduced draft resolution A/C.2/58/L.56. </s>
	</p>
	<p n="221">
	  <s n="227"> The Committee was informed that the draft resolution contained no programme budget implications. </s>
	</p>
	<p n="222">
	  <s n="228"> The Committee adopted draft resolution A/C.2/58/L.56. </s>
	</p>
	<p n="223">
	  <s n="229"> The representative of the United States made a statement. </s>
	</p>
	<p n="224">
	  <s n="230"> In light of the adoption of draft resolution A/C.2/58/L.56, draft resolution A/C.2/58/L.5 was withdrawn by its sponsors. </s>
	</p>
	<p n="225">
	  <s n="231"> The Committee thus concluded its consideration of agenda item 93, sub item (b). </s>
	</p>
	<p n="226">
	  <s n="232"> Environment and sustainable development </s>
	</p>
	<p n="227">
	  <s n="233"> The Committee resumed its consideration of the item. </s>
	</p>
	<p n="228">
	  <s n="234"> (a) Promotion of new and renewable sources of energy, including the implementation of the World Solar Programme 1996-2005 </s>
	</p>
	<p n="229">
	  <s n="235"> Action on draft resolutions A/C.2/58/L.26 and A/C.2/58/L.59 </s>
	</p>
	<p n="230">
	  <s n="236"> The Committee was informed that the draft resolution contained no programme budget implications. </s>
	</p>
	<p n="231">
	  <s n="237"> The Vice-Chairperson of the Committee, Ms. Irena Zubčević (Croatia), introduced draft resolution A/C.2/58/L.59. </s>
	</p>
	<p n="232">
	  <s n="238"> The Committee was informed that in addition to the sponsors listed in A/C.2/58/L.26, the following countries had joined in sponsoring this draft resolution: Bulgaria, Cyprus, Fiji, Italy (on behalf of the European Union and the acceding countries - Cyprus, Czech Republic, Estonia, Hungary, Latvia, Lithuania, Malta, Poland, Slovakia and Slovenia), Mexico, Monaco, Nauru, Papua New Guinea, Romania, Turkey, Uganda and Ukraine. </s>
	</p>
	<p n="233">
	  <s n="239"> The Committee adopted draft resolution A/C.2/58/L.59. </s>
	</p>
	<p n="234">
	  <s n="240"> The representative of the Russian Federation made a statement. </s>
	</p>
	<p n="235">
	  <s n="241"> In light of the adoption of draft resolution A/C.2/58/L.59, draft resolution A/C.2/58/L.26 was withdrawn by its sponsors. </s>
	</p>
	<p n="236">
	  <s n="242"> The Committee thus concluded its consideration of agenda item 94, sub-item (a). </s>
	</p>
	<p n="237">
	  <s n="243"> (b) Implementation of the United Nations Convention to Combat Desertification in Those Countries Experiencing Serious Drought and/or Desertification, particularly in Africa </s>
	</p>
	<p n="238">
	  <s n="244"> Action on draft resolutions A/C.2/58/L.7/Rev.1 (programme budget implications: A/C.2/58/L.43) </s>
	</p>
	<p n="239">
	  <s n="245"> The Committee was informed that the draft resolution had programme budget implications as contained in document A/C.2/58/L.43. </s>
	</p>
	<p n="240">
	  <s n="246"> The Director of the Division of General Assembly and Economic and Social Council Affairs read out an oral correction to document A/C.2/58/L.43. </s>
	</p>
	<p n="241">
	  <s n="247"> The representative of Morocco (on behalf of the Group of 77 and China) introduced the draft resolution. </s>
	</p>
	<p n="242">
	  <s n="248"> The representative of the United States made a statement. </s>
	</p>
	<p n="243">
	  <s n="249"> The Committee adopted operative paragraph 14 of revised draft resolution A/C.2/58/L.7/Rev.1, by a recorded vote of 153 to 1, with 0 abstentions. </s>
	</p>
	<p n="244">
	  <s n="250"> The representative of Pakistan stated that had he been present in the room, he would have voted in favour of the draft resolution. </s>
	</p>
	<p n="245">
	  <s n="251"> The representatives of Italy (on behalf of the European Union) and Japan made statements in explanation of vote after the vote. </s>
	</p>
	<p n="246">
	  <s n="252"> The Committee then adopted the draft resolution as a whole. </s>
	</p>
	<p n="247">
	  <s n="253"> Action on draft resolutions A/C.2/58/L.15 and A/C.2/58/L.60 </s>
	</p>
	<p n="248">
	  <s n="254"> The Vice-Chairperson of the Committee, Ms. Irena Zubčević (Croatia), introduced draft resolution A/C.2/58/L.60. </s>
	</p>
	<p n="249">
	  <s n="255"> The Committee was informed that the draft resolution contained no programme budget implications. </s>
	</p>
	<p n="250">
	  <s n="256"> The Committee adopted draft resolution A/C.2/58/L.60. </s>
	</p>
	<p n="251">
	  <s n="257"> In light of the adoption of draft resolution A/C.2/58/L.60, draft resolution A/C.2/58/L.15 was withdrawn by its sponsors. </s>
	</p>
	<p n="252">
	  <s n="258"> The Committee thus concluded its consideration of agenda item 94, sub-item (b). </s>
	</p>
	<p n="253">
	  <s n="259"> (c) Convention on Biological Diversity </s>
	</p>
	<p n="254">
	  <s n="260"> The Committee resumed its consideration of item 94, sub-item (c). </s>
	</p>
	<p n="255">
	  <s n="261"> Action on draft resolutions A/C.2/58/L.11 and A/C.2/58/L.61 </s>
	</p>
	<p n="256">
	  <s n="262"> The Vice-Chairperson, Ms. Irena Zubčević (Croatia), introduced and orally corrected the draft resolution. </s>
	</p>
	<p n="257">
	  <s n="263"> The representative of Morocco (on behalf of the Group of 77 and China) made a statement. </s>
	</p>
	<p n="258">
	  <s n="264"> The Committee deferred its consideration of draft resolutions A/C.2/58/L.11 and A/C.2/58/L.61 to a later date. </s>
	</p>
	<p n="259">
	  <s n="265"> (e) International Strategy for Disaster Reduction </s>
	</p>
	<p n="260">
	  <s n="266"> Action on draft resolutions A/C.2/58/L.10 and A/C.2/58/L.72 </s>
	</p>
	<p n="261">
	  <s n="267"> The Vice-Chairperson of the Committee, Ms. Irena Zubčević (Croatia), introduced and orally corrected draft resolution A/C.2/58/L.72. </s>
	</p>
	<p n="262">
	  <s n="268"> The Committee was informed that Australia, Japan, Switzerland, Tajikistan and the United States of America joined in sponsoring draft resolution A/C.2/58/L.10. </s>
	</p>
	<p n="263">
	  <s n="269"> The Director, Division of General Assembly and Economic and Social Council Affairs, read out a statement of programme budget implications prepared on the basis of draft resolution A/C.2/58/L.72. </s>
	</p>
	<p n="264">
	  <s n="270"> The Committee adopted draft resolution A/C.2/58/L.72, as orally corrected. </s>
	</p>
	<p n="265">
	  <s n="271"> The representative of Japan made a statement. </s>
	</p>
	<p n="266">
	  <s n="272"> In light of the adoption of draft resolution A/C.2/58/L.72, draft resolution A/C.2/58/L.10 was withdrawn by its sponsors. </s>
	</p>
	<p n="267">
	  <s n="273"> Action on draft resolutions A/C.2/58/L.25 and A/C.2/58/L.67 </s>
	</p>
	<p n="268">
	  <s n="274"> The Vice-Chairperson of the Committee, Ms. Irena Zubčević (Croatia), introduced and orally corrected draft resolution A/C.2/58/L.67. </s>
	</p>
	<p n="269">
	  <s n="275"> The Committee was informed that the draft resolution contained no programme budget implications. </s>
	</p>
	<p n="270">
	  <s n="276"> The Committee adopted draft resolution A/C.2/58/L.67, as orally corrected. </s>
	</p>
	<p n="271">
	  <s n="277"> In light of the adoption of draft resolution A/C.2/58/L.67, draft resolution A/C.2/58/L.25 was withdrawn by its sponsors. </s>
	</p>
	<p n="272">
	  <s n="278"> The Committee thus concluded its consideration of agenda item 94, sub-item (e). </s>
	</p>
	<p n="273">
	  <s n="279"> (f) Protection of global climate for present and future generations of mankind </s>
	</p>
	<p n="274">
	  <s n="280"> Action on draft resolution A/C.2/58/L.14/Rev.1 (programme budget implications: A/C.2/58/L.44) </s>
	</p>
	<p n="275">
	  <s n="281"> The Committee was informed that the draft resolution had programme budget implications as contained in document A/C.2/58/L.44. </s>
	</p>
	<p n="276">
	  <s n="282"> The representative of Morocco (on behalf of the Group of 77 and China) introduced the revised draft resolution. </s>
	</p>
	<p n="277">
	  <s n="283"> The representative of the United States made a statement in explanation of vote before the vote. </s>
	</p>
	<p n="278">
	  <s n="284"> The Committee adopted operative paragraph 5 of the revised draft resolution A/C.2/L.14/Rev.1, by a recorded vote of 153 to 1, with 0 abstentions. </s>
	</p>
	<p n="279">
	  <s n="285"> The representatives of Italy (on behalf of the European Union) and Japan made statements in explanation of vote after the vote. </s>
	</p>
	<p n="280">
	  <s n="286"> The representative of Morocco (on behalf of the Group of 77 and China) made a statement. </s>
	</p>
	<p n="281">
	  <s n="287"> The Committee then adopted the revised draft resolution as a whole. </s>
	</p>
	<p n="282">
	  <s n="288"> The Committee thus concluded its consideration of agenda item 94, sub-item (f) </s>
	</p>
	<p n="283">
	  <s n="289"> (g) Sustainable mountain development </s>
	</p>
	<p n="284">
	  <s n="290"> Action on draft resolutions A/C.2/58/L.22 and A/C.2/58/L.58 </s>
	</p>
	<p n="285">
	  <s n="291"> The Vice-Chairperson of the Committee, Ms. Irena Zubčević (Croatia), introduced draft resolution A/C.2/58/L.58. </s>
	</p>
	<p n="286">
	  <s n="292"> The Committee was informed that the Australia, Cameroon, Chile, France, Germany, Greece, Indonesia, Italy, Kenya, Lebanon, Lesotho, Luxembourg, Mexico, Nepal, Pakistan, Romania, Serbia and Montenegro, Slovakia, Slovenia, Timor-Leste and Ukraine joined in sponsoring draft resolution A/C.2/58/L.22. </s>
	</p>
	<p n="287">
	  <s n="293"> The Committee was informed that the draft resolution contained no programme budget implications. </s>
	</p>
	<p n="288">
	  <s n="294"> The Committee adopted draft resolution A/C.2/58/L.58. </s>
	</p>
	<p n="289">
	  <s n="295"> In light of the adoption of draft resolution A/C.2/58/L.58, draft resolution A/C.2/58/L.22 was withdrawn by its sponsors. </s>
	</p>
	<p n="290">
	  <s n="296"> The Committee thus concluded its consideration of agenda item 94, sub-item (g). </s>
	</p>
	<p n="291">
	  <s n="297"> Implementation of Agenda 21, the Programme for the Further Implementation of Agenda 21 and the outcomes of the World Summit on Sustainable Development </s>
	</p>
	<p n="292">
	  <s n="298"> Action on draft resolutions A/C.2/58/L.9 and A/C.2/58/L.63 (programme budget implications: A/C.2/58/L.51) </s>
	</p>
	<p n="293">
	  <s n="299"> The Vice-Chairperson of the Committee, Ms. Irena Zubčević (Croatia), introduced draft resolution A/C.2/58/L.63. </s>
	</p>
	<p n="294">
	  <s n="300"> The Committee was informed that document A/C.2/58/L.51 contained programme budget implications prepared on the basis of the draft resolution. </s>
	</p>
	<p n="295">
	  <s n="301"> The Committee adopted draft resolution A/C.2/58/L.63. </s>
	</p>
	<p n="296">
	  <s n="302"> The representatives of the United States and Norway made statements. </s>
	</p>
	<p n="297">
	  <s n="303"> In light of the adoption of draft resolution A/C.2/58/L.63, draft resolution A/C.2/58/L.9 was withdrawn by its sponsors. </s>
	</p>
	<p n="298">
	  <s n="304"> The Committee thus concluded its consideration of agenda item 95. </s>
	</p>
	<p n="299">
	  <s n="305"> United Nations Decade of Education for Sustainable Development </s>
	</p>
	<p n="300">
	  <s n="306"> Action on draft resolutions A/C.2/58/L.13 and A/C.2/58/L.70 </s>
	</p>
	<p n="301">
	  <s n="307"> The Vice-Chairperson of the Committee, Ms. Irena Zubčević (Croatia), introduced and orally corrected draft resolution A/C.2/58/L.70. </s>
	</p>
	<p n="302">
	  <s n="308"> The Committee was informed that Algeria, Fiji, Jamaica, Kenya, Lebanon, Malawi, Papua New Guinea and Suriname, joined in sponsoring draft resolution A/C.2/58/L.13. </s>
	</p>
	<p n="303">
	  <s n="309"> The Committee was informed that the draft resolution contained no programme budget implications. </s>
	</p>
	<p n="304">
	  <s n="310"> The representative of Japan made a statement. </s>
	</p>
	<p n="305">
	  <s n="311"> The Committee adopted draft resolution A/C.2/58/L.70, as orally corrected. </s>
	</p>
	<p n="306">
	  <s n="312"> In light of the adoption of draft resolution A/C.2/58/L.70, draft resolution A/C.2/58/L.13 was withdrawn by its sponsors. </s>
	</p>
	<p n="307">
	  <s n="313"> The Committee thus concluded its consideration of agenda item 96. </s>
	</p>
	<p n="308">
	  <s n="314"> Operational activities for development </s>
	</p>
	<p n="309">
	  <s n="315"> The Committee resumed its consideration of the item. </s>
	</p>
	<p n="310">
	  <s n="316"> (a) Operational activities for development (A/C.2/58/11 and A/58/168) </s>
	</p>
	<p n="311">
	  <s n="317"> Oral decision </s>
	</p>
	<p n="312">
	  <s n="318"> On the proposal of the Vice-Chairman, the Committee took note of document A/58/168. </s>
	</p>
	<p n="313">
	  <s n="319"> (b) Economic and technical cooperation among developing countries </s>
	</p>
	<p n="314">
	  <s n="320"> Action on draft resolutions A/C.2/58/L.24 and A/C.2/58/L.71 </s>
	</p>
	<p n="315">
	  <s n="321"> The Vice-Chairperson of the Committee, Ms. Ulrika Cronenberg-Mossberg (Sweden), introduced and orally corrected draft resolution A/C.2/58/L.71. </s>
	</p>
	<p n="316">
	  <s n="322"> The Committee was informed that the draft resolution contained no programme budget implications. </s>
	</p>
	<p n="317">
	  <s n="323"> The Committee adopted draft resolution A/C.2/58/L.71, as orally corrected. </s>
	</p>
	<p n="318">
	  <s n="324"> In light of the adoption of draft resolution A/C.2/58/L.71, draft resolution A/C.2/58/L.24 was withdrawn by its sponsors. </s>
	</p>
	<p n="319">
	  <s n="325"> The Committee thus concluded its consideration of agenda item 97 as a whole. </s>
	</p>
	<p n="320">
	  <s n="326"> Implementation of the first United Nations Decade for the Eradication of Poverty (1997-2006) </s>
	</p>
	<p n="321">
	  <s n="327"> The Committee resumed its consideration of the item. </s>
	</p>
	<p n="322">
	  <s n="328"> Action on draft resolutions A/C.2/58/L.3 and A/C.2/58/L.57 </s>
	</p>
	<p n="323">
	  <s n="329"> The Vice-Chairperson of the Committee, Ms. Ulrika Cronenberg-Mossberg (Sweden), introduced and orally corrected draft resolution A/C.2/58/L.57. </s>
	</p>
	<p n="324">
	  <s n="330"> The Committee was informed that the draft resolution contained no programme budget implications. </s>
	</p>
	<p n="325">
	  <s n="331"> The Committee adopted draft resolution A/C.2/58/L.57, as orally corrected. </s>
	</p>
	<p n="326">
	  <s n="332"> In light of the adoption of draft resolution A/C.2/58/L.57, draft resolution A/C.2/58/L.3 was withdrawn by its sponsors. </s>
	</p>
	<p n="327">
	  <s n="333"> Action on draft resolutions A/C.2/58/L.4 and A/C.2/58/L.66 </s>
	</p>
	<p n="328">
	  <s n="334"> The Vice-Chairperson of the Committee, Ms. Ulrika Cronenberg-Mossberg (Sweden), introduced draft resolution A/C.2/58/L.66. </s>
	</p>
	<p n="329">
	  <s n="335"> The representative of Brazil made a correction to the draft resolution. </s>
	</p>
	<p n="330">
	  <s n="336"> The Committee was informed that the draft resolution contained no programme budget implications. </s>
	</p>
	<p n="331">
	  <s n="337"> The Committee adopted draft resolution A/C.2/58/L.66, as orally corrected. </s>
	</p>
	<p n="332">
	  <s n="338"> In light of the adoption of draft resolution A/C.2/58/L.66, draft resolution A/C.2/58/L.4 was withdrawn by its sponsors. </s>
	</p>
	<p n="333">
	  <s n="339"> The Committee thus concluded its consideration of agenda item 98. </s>
	</p>
	<p n="334">
	  <s n="340"> Training and research </s>
	</p>
	<p n="335">
	  <s n="341"> (a) United Nations Institute for Training and Research </s>
	</p>
	<p n="336">
	  <s n="342"> The Committee resumed its consideration of the item. </s>
	</p>
	<p n="337">
	  <s n="343"> Action on draft resolutions A/C.2/58/L.28 and A/C.2/58/L.53 </s>
	</p>
	<p n="338">
	  <s n="344"> The Vice-Chairperson of the Committee, Ms. Ulrika Cronenberg-Mossberg (Sweden), introduced draft resolution A/C.2/58/L.53. </s>
	</p>
	<p n="339">
	  <s n="345"> The Committee was informed that the draft resolution contained no programme budget implications. </s>
	</p>
	<p n="340">
	  <s n="346"> The Committee adopted draft resolution A/C.2/58/L.53. </s>
	</p>
	<p n="341">
	  <s n="347"> In light of the adoption of draft resolution A/C.2/58/L.53, draft resolution A/C.2/58/L.28 was withdrawn by its sponsors. </s>
	</p>
	<p n="342">
	  <s n="348"> The Committee thus concluded its consideration of agenda item 99 as a whole. </s>
	</p>
	<p n="343">
	  <s n="349"> Report of the Economic and Social Council </s>
	</p>
	<p n="344">
	  <s n="350"> The Committee resumed its consideration of the item. </s>
	</p>
	<p n="345">
	  <s n="351"> Action on draft resolutions A/C.2/58/L.23 and A/C.2/58/L.62 </s>
	</p>
	<p n="346">
	  <s n="352"> The Vice-Chairperson of the Committee, Ms. Ulrika Cronenberg-Mossberg (Sweden), introduced draft resolution A/C.2/58/L.62. </s>
	</p>
	<p n="347">
	  <s n="353"> The Committee was informed that the draft resolution contained no programme budget implications. </s>
	</p>
	<p n="348">
	  <s n="354"> The Committee adopted draft resolution A/C.2/58/L.62. </s>
	</p>
	<p n="349">
	  <s n="355"> In light of the adoption of draft resolution A/C.2/58/L.62, draft resolution A/C.2/58/L.23 was withdrawn by its sponsors. </s>
	</p>
	<p n="350">
	  <s n="356"> Friday, 12 December 2003 </s>
	</p>
	<p n="351">
	  <s n="357"> General Assembly </s>
	</p>
	<p n="352">
	  <s n="358"> Fifty-eighth session </s>
	</p>
	<p n="353">
	  <s n="359"> Main Committees </s>
	</p>
	<p n="354">
	  <s n="360"> Second Committee </s>
	</p>
	<p n="355">
	  <s n="361"> 38th meeting Macroeconomic policy questions </s>
	</p>
	<p n="356">
	  <s n="362"> The Committee resumed its consideration of the item. </s>
	</p>
	<p n="357">
	  <s n="363"> (c) Specific actions related to the particular needs and problems of landlocked developing countries (A/58/209) </s>
	</p>
	<p n="358">
	  <s n="364"> Oral decision </s>
	</p>
	<p n="359">
	  <s n="365"> On the proposal of the Chairman, the Committee took note of document A/58/209. </s>
	</p>
	<p n="360">
	  <s n="366"> The Committee thus concluded its consideration of sub-item (c). </s>
	</p>
	<p n="361">
	  <s n="367"> (g) Commodities </s>
	</p>
	<p n="362">
	  <s n="368"> Action on draft resolutions A/C.2/58/L.38 and A/C.2/58/L.76 </s>
	</p>
	<p n="363">
	  <s n="369"> The Vice-Chairperson of the Committee, Mr. Henri Raubenheimer (South Africa), introduced draft resolution A/C.2/58/L.76. </s>
	</p>
	<p n="364">
	  <s n="370"> The Committee was informed that the draft resolution contained no programme budget implications. </s>
	</p>
	<p n="365">
	  <s n="371"> The representative of Italy made a correction to the draft resolution. </s>
	</p>
	<p n="366">
	  <s n="372"> The Committee adopted draft resolution A/C.2/58/L.76, as orally corrected. </s>
	</p>
	<p n="367">
	  <s n="373"> The representative of the United States made a statement. </s>
	</p>
	<p n="368">
	  <s n="374"> In light of the adoption of draft resolution A/C.2/58/L.76, draft resolution A/C.2/58/L.38 was withdrawn by its sponsors. </s>
	</p>
	<p n="369">
	  <s n="375"> The Committee thus concluded its consideration of sub-item (g). </s>
	</p>
	<p n="370">
	  <s n="376"> Sustainable development and international economic cooperation </s>
	</p>
	<p n="371">
	  <s n="377"> (c) International migration and development </s>
	</p>
	<p n="372">
	  <s n="378"> Action on draft resolutions A/C.2/58/L.37 and A/C.2/58/L.77 </s>
	</p>
	<p n="373">
	  <s n="379"> The Vice-Chairperson of the Committee, Ms. Ulrika Cronenberg-Mossberg (Sweden), introduced draft resolution A/C.2/58/L.77. </s>
	</p>
	<p n="374">
	  <s n="380"> The Director, Division of General Assembly and Economic and Social Council Affairs, read out a statement of programme budget implications prepared on the basis of draft resolution A/C.2/58/L.77. </s>
	</p>
	<p n="375">
	  <s n="381"> The representative of the United States made a statement. </s>
	</p>
	<p n="376">
	  <s n="382"> The Committee adopted draft resolution A/C.2/58/L.77. </s>
	</p>
	<p n="377">
	  <s n="383"> The representative of the United States made a statement. </s>
	</p>
	<p n="378">
	  <s n="384"> In light of the adoption of draft resolution A/C.2/58/L.77, draft resolution A/C.2/58/L.37 was withdrawn by its sponsors. </s>
	</p>
	<p n="379">
	  <s n="385"> (d) Implementation of the Declaration on International Economic Cooperation, in particular the Revitalization of Economic Growth and Development of the Developing Countries, and implementation of the International Development Strategy for the Fourth United Nations Development Decade (A/58/327) </s>
	</p>
	<p n="380">
	  <s n="386"> The Committee resumed its consideration of the item. </s>
	</p>
	<p n="381">
	  <s n="387"> Oral decision </s>
	</p>
	<p n="382">
	  <s n="388"> On the proposal by the Chairman, the Committee took note of document A/58/327. </s>
	</p>
	<p n="383">
	  <s n="389"> The Committee thus concluded its consideration of agenda item 93, sub items (c) and (d) and the agenda item as a whole. </s>
	</p>
	<p n="384">
	  <s n="390"> Globalization and interdependence </s>
	</p>
	<p n="385">
	  <s n="391"> The Committee resumed its consideration of agenda item 100. </s>
	</p>
	<p n="386">
	  <s n="392"> Action on draft resolutions A/C.2/58/L.41 and A/C.2/58/L.78 </s>
	</p>
	<p n="387">
	  <s n="393"> The Vice-Chairperson of the Committee, Mr. Henri Raubenheimer (South Africa), introduced draft resolution A/C.2/58/L.78 submitted by him on the basis of informal consultations held on draft resolution A/C.2/58/L.41. </s>
	</p>
	<p n="388">
	  <s n="394"> The Committee was informed that the draft resolution contained no programme budget implications. </s>
	</p>
	<p n="389">
	  <s n="395"> The Committee adopted draft resolution A/C.2/58/L.78. </s>
	</p>
	<p n="390">
	  <s n="396"> The representative of the United States made a statement. </s>
	</p>
	<p n="391">
	  <s n="397"> In light of the adoption of draft resolution A/C.2/58/L.78, draft resolution A/C.2/58/L.41 was withdrawn by its sponsors. </s>
	</p>
	<p n="392">
	  <s n="398"> Action on draft resolution A/C.2/58/L.42 </s>
	</p>
	<p n="393">
	  <s n="399"> The Committee was informed that the main sponsor had withdrawn the draft resolution and had submitted it to the plenary of the General Assembly. </s>
	</p>
	<p n="394">
	  <s n="400"> The Committee then withdrew the draft resolution. </s>
	</p>
	<p n="395">
	  <s n="401"> The Committee thus concluded its consideration of the agenda item 100. </s>
	</p>
	<p n="396">
	  <s n="402"> Report of the Economic and Social Council (A/58/3 (Part I), A/58/3 (Part II) and A/58/3 (Part II)/Corr.1, A/58/96 and A/58/151) </s>
	</p>
	<p n="397">
	  <s n="403"> The Committee resumed its consideration of the item. </s>
	</p>
	<p n="398">
	  <s n="404"> Oral decision </s>
	</p>
	<p n="399">
	  <s n="405"> Trust Fund for the United Nations Forum on Forests </s>
	</p>
	<p n="400">
	  <s n="406"> On the proposal of the Chairman, the Committee adopted the draft decision entitled “Trust Fund for the United Nations Forum on Forests” contained in chapter I of document (A/58/3 (Part I)) and as circulated in document A/C.2/58/6. </s>
	</p>
	<p n="401">
	  <s n="407"> Documents submitted under the item </s>
	</p>
	<p n="402">
	  <s n="408"> On the proposal by the Chairman, the Committee took note of documents A/58/3 (Parts I-II and Part II/Corr.1, namely chapters I-V, chapter VII, sects. </s>
	  <s n="409"> B-H, and chapter IX), A/58/151 and A/58/96. </s>
	</p>
	<p n="403">
	  <s n="410"> Monday, 15 December 2003 </s>
	</p>
	<p n="404">
	  <s n="411"> Security Council </s>
	</p>
	<p n="405">
	  <s n="412"> 4881st meeting Letter dated 31 March 1998 from the Chargé d&apos;affaires a.i. of the Permanent Mission of Papua New Guinea to the United Nations addressed to the President of the Security Council (S/1998/287) </s>
	</p>
	<p n="406">
	  <s n="413"> The agenda was adopted without objection. </s>
	</p>
	<p n="407">
	  <s n="414"> The President, with the consent of the Council, invited the representatives of Australia, Japan, New Zealand and Papua New Guinea, at their request, to participate in the discussion of the item without the right to vote, in accordance with the relevant provisions of the Charter and rule 37 of the Council&apos;s provisional rules of procedure. </s>
	</p>
	<p n="408">
	  <s n="415"> In accordance with the understanding reached in the Council&apos;s prior consultations, the President, with the consent of the Council, extended an invitation under rule 39 of the Council&apos;s provisional rules of procedure to Mr. Danilo Türk, Assistant Secretary-General for Political Affairs. </s>
	</p>
	<p n="409">
	  <s n="416"> The Council began its consideration of the item. </s>
	</p>
	<p n="410">
	  <s n="417"> The Council heard a briefing under rule 39 of its provisional rules of procedure by Mr. Danilo Türk. </s>
	</p>
	<p n="411">
	  <s n="418"> Statements were made by the representatives of Angola, the United States, Germany, France, Mexico, the Syrian Arab Republic, Guinea, Spain, Pakistan, Cameroon, China, Chile, the Russian Federation and the United Kingdom, and by the President, in his capacity as the representative of Bulgaria. </s>
	</p>
	<p n="412">
	  <s n="419"> The Council heard a statement by the representative of Papua New Guinea. </s>
	</p>
	<p n="413">
	  <s n="420"> Statements were also made by the representatives of New Zealand, Australia and Japan. </s>
	</p>
	<p n="414">
	  <s n="421"> Mr. Türk responded to comments and questions raised. </s>
	</p>
	<p n="415">
	  <s n="422"> 4882nd meeting Protection of civilians in armed conflict </s>
	</p>
	<p n="416">
	  <s n="423"> The agenda was adopted without objection. </s>
	</p>
	<p n="417">
	  <s n="424"> The President made a statement on behalf of the Council (S/PRST/2003/27). </s>
	</p>
	<p n="418">
	  <s n="425"> General Assembly </s>
	</p>
	<p n="419">
	  <s n="426"> Fifty-eighth session </s>
	</p>
	<p n="420">
	  <s n="427"> Main Committees </s>
	</p>
	<p n="421">
	  <s n="428"> Second Committee </s>
	</p>
	<p n="422">
	  <s n="429"> 39th meeting Organization of work </s>
	</p>
	<p n="423">
	  <s n="430"> The Secretary of the Committee made an explanatory statement. </s>
	</p>
	<p n="424">
	  <s n="431"> The representatives of France and the Russian Federation made statements. </s>
	</p>
	<p n="425">
	  <s n="432"> Economic and Social Council </s>
	</p>
	<p n="426">
	  <s n="433"> Committee on Non-Governmental Organizations </s>
	</p>
	<p n="427">
	  <s n="434"> Resumed 2003 session </s>
	</p>
	<p n="428">
	  <s n="435"> 28th meeting Opening of the resumed 2003 session </s>
	</p>
	<p n="429">
	  <s n="436"> The Chairperson, Ms. Mihaela Blajan (Romania), opened the 2003 resumed session and made a statement. </s>
	</p>
	<p n="430">
	  <s n="437"> The Chief of the Non-Governmental Organization Section of the Department of Economic and Social Affairs made a statement. </s>
	</p>
	<p n="431">
	  <s n="438"> Adoption of the agenda and other organizational matters </s>
	</p>
	<p n="432">
	  <s n="439"> Organization of work </s>
	</p>
	<p n="433">
	  <s n="440"> The Committee had before it a programme of work (as contained in Working Paper No. 1) and the daily organization of work, as set out in a chart. </s>
	</p>
	<p n="434">
	  <s n="441"> The Committee approved the programme of work and the daily organization of work, as set out in the chart. </s>
	</p>
	<p n="435">
	  <s n="442"> New applications for consultative status and new requests for reclassification [3 (b)] </s>
	</p>
	<p n="436">
	  <s n="443"> The Committee began its consideration of the item and heard statements by the representatives of the United States, the Sudan, China, Cuba, Turkey, Chile, the Russian Federation, France, India, Pakistan, Germany, the Islamic Republic of Iran, Cameroon, Zimbabwe and Colombia, as well as by the observer for Algeria. </s>
	</p>
	<p n="437">
	  <s n="444"> 29th meeting New applications for consultative status and new requests for reclassification [3 (b)] </s>
	</p>
	<p n="438">
	  <s n="445"> The Committee continued its consideration of the item and heard statements by the representatives of Germany, Cuba, Turkey, the United States, Colombia, Senegal, India, France, Pakistan, the Islamic Republic of Iran and Cameroon. </s>
	</p>
	<p n="439">
	  <s n="446"> The representatives of the Turkish Foundation for Combating Soil Erosion; South Asia Partnership International and Agricultural Missions, Inc., non-governmental organizations, responded to questions raised by members of the Committee. </s>
	</p>
	<p n="440">
	  <s n="447"> Corrigendum </s>
	</p>
	<p n="441">
	  <s n="448"> General Assembly </s>
	</p>
	<p n="442">
	  <s n="449"> Fifty-eighth session </s>
	</p>
	<p n="443">
	  <s n="450"> Corrigendum to the summary of the 71st plenary meeting (see Journal No. </s>
	  <s n="451"> 2003/236, p. 9): </s>
	</p>
	<p n="444">
	  <s n="452"> Reports of the First Committee </s>
	</p>
	<p n="445">
	  <s n="453"> (a) The text under agenda item 66 should read as follows: </s>
	</p>
	<p n="446">
	  <s n="454"> Consolidation of the regime established by the Treaty for the Prohibition of Nuclear Weapons in Latin America and the Caribbean (Treaty of Tlatelolco): report of the First Committee (A/58/455) </s>
	</p>
	<p n="447">
	  <s n="455"> The representative of Cuba proposed an oral amendment to operative paragraph 1 of the draft resolution. </s>
	</p>
	<p n="448">
	  <s n="456"> The General Assembly decided to adopt the oral amendment to operative paragraph 1 proposed by the representative of Cuba. </s>
	</p>
	<p n="449">
	  <s n="457"> The General Assembly adopted the draft resolution recommended by the First Committee in paragraph 7 of its report, as orally amended (A/58/455) (resolution 58/31). </s>
	</p>
	<p n="450">
	  <s n="458"> The General Assembly decided to conclude its consideration of agenda item 66. </s>
	</p>
	<p n="451">
	  <s n="459"> The representative of France made a statement in explanation of vote. </s>
	</p>
	<p n="452">
	  <s n="460"> (b) The text under agenda items 73 and 74 should read as follows: </s>
	</p>
	<p n="453">
	  <s n="461"> General and complete disarmament: report of the First Committee (A/58/462) </s>
	</p>
	<p n="454">
	  <s n="462"> The President informed the General Assembly that action on draft resolution I was postponed to a later date to allow time for the review of its programme budget implications by the Fifth Committee. </s>
	</p>
	<p n="455">
	  <s n="463"> The General Assembly proceeded to take action on draft resolutions II to XXIV recommended by the First Committee in paragraph 82 of its report and on draft decisions I to V, recommended in paragraph 83 of the same report (A/58/462). </s>
	</p>
	<p n="456">
	  <s n="464"> Yes Against Abstentions </s>
	</p>
	<p n="457">
	  <s n="465"> Draft resolution II (recorded vote) (resolution 58/37) 113 3 57 </s>
	</p>
	<p n="458">
	  <s n="466"> Draft resolution III (resolution 58/38) Adopted </s>
	</p>
	<p n="459">
	  <s n="467"> Draft resolution IV (recorded vote) (resolution 58/39) 172 1 1 </s>
	</p>
	<p n="460">
	  <s n="468"> Draft resolution V (resolution 58/40) Adopted </s>
	</p>
	<p n="461">
	  <s n="469"> Draft resolution VI (resolution 58/41) Adopted </s>
	</p>
	<p n="462">
	  <s n="470"> Draft resolution VII (resolution 58/42) Adopted </s>
	</p>
	<p n="463">
	  <s n="471"> Draft resolution VIII (recorded vote) (resolution 58/43) 73 48 46 </s>
	</p>
	<p n="464">
	  <s n="472"> Draft resolution IX (recorded vote) (resolution 58/44) 118 12 46 </s>
	</p>
	<p n="465">
	  <s n="473"> Draft resolution X (recorded vote) (resolution 58/45) 173 1 4 </s>
	</p>
	<p n="466">
	  <s n="474"> Draft resolution XI (recorded vote) Operative paragraph 1 165 4 3 </s>
	</p>
	<p n="467">
	  <s n="475"> Draft resolution XI (recorded vote) Draft resolution as a whole (resolution 58/46) 124 29 22 </s>
	</p>
	<p n="468">
	  <s n="476"> Draft resolution XII (recorded vote) (resolution 58/47) 114 47 17 </s>
	</p>
	<p n="469">
	  <s n="477"> Draft resolution XIII (resolution 58/48) Adopted </s>
	</p>
	<p n="470">
	  <s n="478"> Draft resolution XIV (recorded vote) Last three words of the operative paragraph 5 159 3 9 </s>
	</p>
	<p n="471">
	  <s n="479"> Draft resolution XIV (recorded vote) Operative paragraph 5 as a whole 163 2 9 </s>
	</p>
	<p n="472">
	  <s n="480"> Draft resolution XIV (recorded vote) Draft resolution as a whole (resolution 58/49) 168 3 8 </s>
	</p>
	<p n="473">
	  <s n="481"> Draft resolution XV (recorded vote) (resolution 58/50) 128 4 43 </s>
	</p>
	<p n="474">
	  <s n="482"> Draft resolution XVI (recorded vote) Twentieth preambular paragraph 128 6 41 </s>
	</p>
	<p n="475">
	  <s n="483"> Draft resolution XVI (recorded vote) Draft resolution as a whole (resolution 58/51) 133 6 38 </s>
	</p>
	<p n="476">
	  <s n="484"> Draft resolution XVII (resolution 58/52) Adopted </s>
	</p>
	<p n="477">
	  <s n="485"> Draft resolution XVIII (recorded vote) (resolution 58/53) 153 0 23 </s>
	</p>
	<p n="478">
	  <s n="486"> Draft resolution XIX (recorded vote) Operative paragraph 2 153 0 23 </s>
	</p>
	<p n="479">
	  <s n="487"> Draft resolution XIX (recorded vote) Operative paragraph 3, last words of operative paragraph 4 and operative paragraph 8 152 0 22 </s>
	</p>
	<p n="480">
	  <s n="488"> Draft resolution XIX (recorded vote) Operative paragraph 4 152 0 22 </s>
	</p>
	<p n="481">
	  <s n="489"> Draft resolution XIX (recorded vote) Draft resolution as a whole (resolution 58/54) 150 0 27 </s>
	</p>
	<p n="482">
	  <s n="490"> Draft resolution XX (resolution 58/55) Adopted </s>
	</p>
	<p n="483">
	  <s n="491"> Draft resolution XXI (recorded vote) (resolution 58/56) 112 45 20 </s>
	</p>
	<p n="484">
	  <s n="492"> Draft resolution XXII (resolution 58/57) Adopted </s>
	</p>
	<p n="485">
	  <s n="493"> Draft resolution XXIII (resolution 58/58) Adopted </s>
	</p>
	<p n="486">
	  <s n="494"> Draft resolution XXIV (recorded vote) (resolution 58/59) 164 2 14 </s>
	</p>
	<p n="487">
	  <s n="495"> Draft decision I (recorded vote) 133 6 38 </s>
	</p>
	<p n="488">
	  <s n="496"> Draft decision II Adopted </s>
	</p>
	<p n="489">
	  <s n="497"> Draft decision III Adopted </s>
	</p>
	<p n="490">
	  <s n="498"> Draft decision IV (recorded vote) 177 1 2 </s>
	</p>
	<p n="491">
	  <s n="499"> Draft decision V Adopted </s>
	</p>
	<p n="492">
	  <s n="500"> The representatives of Japan, Cuba, Brazil, Singapore and Lithuania made statements in explanation of vote after the vote. </s>
	</p>
	<p n="493">
	  <s n="501"> The Assembly thus concluded this stage of its consideration of agenda item 73. </s>
	</p>
	<p n="494">
	  <s n="502"> Review and implementation of Concluding Document of the Twelfth Special Session of the General Assembly: report of the First Committee (A/58/463) </s>
	</p>
	<p n="495">
	  <s n="503"> The representative of Costa Rica proposed an oral amendment to the eighth preambular paragraph of draft resolution I. </s>
	</p>
	<p n="496">
	  <s n="504"> The General Assembly decided to adopt the oral amendment to the eighth preambular paragraph of draft resolution I proposed by the representative of Costa Rica. </s>
	</p>
	<p n="497">
	  <s n="505"> The General Assembly adopted draft resolution I, as orally amended, recommended by the First Committee in paragraph 23 of its report (A/58/463) (resolution 58/60). </s>
	</p>
	<p n="498">
	  <s n="506"> The General Assembly adopted draft resolutions II to IV recommended by the First Committee in paragraph 23 of its report (A/58/463) (resolutions 58/61, 58/62 and 58/63). </s>
	</p>
	<p n="499">
	  <s n="507"> By 118 votes to 46, with 13 abstentions (recorded vote), the General Assembly adopted draft resolution V recommended by the First Committee in paragraph 23 of its report (A/58/463) (resolution 58/64). </s>
	</p>
	<p n="500">
	  <s n="508"> The General Assembly adopted draft resolution VI recommended by the First Committee in paragraph 23 of its report (A/58/463) (resolution 58/65). </s>
	</p>
	<p n="501">
	  <s n="509"> The General Assembly decided to conclude its consideration of agenda item 74. </s>
	</p>
	<p n="502">
	  <s n="510"> Corrigendum to the summary of the 72nd plenary meeting (continued) (see Journal No. </s>
	  <s n="511"> 2003/237, p. 11): the summary should read as follows: </s>
	</p>
	<p n="503">
	  <s n="512"> Reports of the Special and Decolonization Committee (Fourth Committee) </s>
	</p>
	<p n="504">
	  <s n="513"> Implementation of the Declaration on the Granting of Independence to Colonial Countries and People </s>
	</p>
	<p n="505">
	  <s n="514"> (a) Report of the Special Committee on the Situation with regard to the Implementation of the Declaration on the Granting of Independence to Colonial Countries and People on its work during 2003 (A/58/2 (Parts I-III)) </s>
	</p>
	<p n="506">
	  <s n="515"> (b) Report of the Secretary-General (A/58/66 and A/58/171) </s>
	</p>
	<p n="507">
	  <s n="516"> (c) Draft resolutions (A/58/23 (Part III), chapter XII, section G, para.7, and A/58/L.21) </s>
	</p>
	<p n="508">
	  <s n="517"> The Rapporteur of the Special Committee on the Situation with regard to the Implementation of the Declaration on the Granting of Independence to Colonial Countries and Peoples made a statement, in the course of which he introduced the report of the Special Committee, as well as the draft resolution contained in Part III, chapter XII, section G, para. </s>
	  <s n="518"> 7 of the report. </s>
	</p>
	<p n="509">
	  <s n="519"> The Vice-Chairman of the Special Committee made a statement, in the course of which he introduced draft resolution A/58/L.21. </s>
	</p>
	<p n="510">
	  <s n="520"> The President informed the General Assembly that action on the two draft resolutions under agenda item 19 would be taken after the General Assembly had considered the reports of the Special Political and Decolonization Committee (Fourth Committee). </s>
	</p>
	<p n="511">
	  <s n="521"> Reports of the Special Political and Decolonozation Committee (Fourth Committee) </s>
	</p>
	<p n="512">
	  <s n="522"> The Rapporteur of the Special and Decolonization Committee (Fourth Committee) introduced the reports of the Committee on agenda items 81 to 88, 89 and 12, 90, as well as 19. </s>
	</p>
	<p n="513">
	  <s n="523"> Effects of atomic radiation: report of the Special and Decolonization Committee (Fourth Committee) (A/58/470) </s>
	</p>
	<p n="514">
	  <s n="524"> The General Assembly adopted the draft resolution recommended by the Special Political and Decolonization Committee (Fourth Committee) in paragraph 7 of its report (A/58/470) (resolution 58/88). </s>
	</p>
	<p n="515">
	  <s n="525"> The General Assembly decided to conclude its consideration of agenda item 81. </s>
	</p>
	<p n="516">
	  <s n="526"> International cooperation in the peaceful uses of outer space: report of the Special and Decolonization Committee (Fourth Committee) (A/58/471) </s>
	</p>
	<p n="517">
	  <s n="527"> The General Assembly adopted draft resolutions I and II recommended by the Special Political and Decolonization Committee (Fourth Committee) in paragraph 14 of its report (A/58/470) (resolutions 58/89 and 58/90). </s>
	</p>
	<p n="518">
	  <s n="528"> The General Assembly decided to conclude its consideration of agenda item 82. </s>
	</p>
	<p n="519">
	  <s n="529"> United Nations Relief and Works Agency for Palestine Refugees in the Near East: report of the Special Political and Decolonization Committee (Fourth Committee) (A/58/472) </s>
	</p>
	<p n="520">
	  <s n="530"> The General Assembly adopted draft resolutions I to V recommended by the Special Political and Decolonization Committee (Fourth Committee) in paragraph 32 of its report (A/58/472), as follows: </s>
	</p>
	<p n="521">
	  <s n="531"> Yes Against Abstentions </s>
	</p>
	<p n="522">
	  <s n="532"> Draft resolution I (recorded vote) (resolution 58/91) 167 1 8 </s>
	</p>
	<p n="523">
	  <s n="533"> Draft resolution II (recorded vote) (resolution 58/92) 168 5 3 </s>
	</p>
	<p n="524">
	  <s n="534"> Draft resolution III (recorded vote) (resolution 58/93) 162 5 8 </s>
	</p>
	<p n="525">
	  <s n="535"> Draft resolution IV (recorded vote) (resolution 58/94) 164 5 4 </s>
	</p>
	<p n="526">
	  <s n="536"> Draft resolution V (recorded vote) (resolution 58/95) 133 0 35 </s>
	</p>
	<p n="527">
	  <s n="537"> The General Assembly thus concluded this stage of its consideration of agenda item 83. </s>
	</p>
	<p n="528">
	  <s n="538"> Report of the Special Committee to Investigate Israeli Practices Affecting the Human Rights of the Palestinian People and Other Arabs of the Occupied Territories: report of the Special and Decolonization Committee (Fourth Committee) (A/58/473) </s>
	</p>
	<p n="529">
	  <s n="539"> The General Assembly adopted draft resolutions I to V recommended by the Special Political and Decolonization Committee (Fourth Committee) in paragraph 25 of its report (A/58/473), as follows: </s>
	</p>
	<p n="530">
	  <s n="540"> Yes Against Abstentions </s>
	</p>
	<p n="531">
	  <s n="541"> Draft resolution I (recorded vote) (resolution 58/96) 87 7 78 </s>
	</p>
	<p n="532">
	  <s n="542"> Draft resolution II (recorded vote) (resolution 58/97) 164 6 4 </s>
	</p>
	<p n="533">
	  <s n="543"> Draft resolution III (recorded vote) (resolution 58/98) 156 6 13 </s>
	</p>
	<p n="534">
	  <s n="544"> Draft resolution IV (recorded vote) (resolution 58/99) 150 6 19 </s>
	</p>
	<p n="535">
	  <s n="545"> Draft resolution V (recorded vote) (resolution 58/100) 163 1 11 </s>
	</p>
	<p n="536">
	  <s n="546"> The General Assembly decided to conclude its consideration of agenda item 84. </s>
	</p>
	<p n="537">
	  <s n="547"> Comprehensive review of the whole question of peacekeeping operations in all their aspects: report of the Special and Decolonization Committee (Fourth Committee) (A/58/474) </s>
	</p>
	<p n="538">
	  <s n="548"> The General Assembly took note of the report of the Special Political and Decolonization Committee (Fourth Committee) contained in document A/58/474. </s>
	</p>
	<p n="539">
	  <s n="549"> The General Assembly thus concluded this stage of its consideration of agenda item 85. </s>
	</p>
	<p n="540">
	  <s n="550"> Questions relating to information: report of the Special and Decolonization Committee (Fourth Committee) (A/58/475) </s>
	</p>
	<p n="541">
	  <s n="551"> The General Assembly adopted the draft resolution (Part A and B) recommended by the Special Political and Decolonization Committee (Fourth Committee) in paragraph 10 of its report, as orally revised by the Rapporteur (Part B only) (resolution 58/101 A and B). </s>
	</p>
	<p n="542">
	  <s n="552"> The General Assembly adopted the draft decision recommended by the Committee in paragraph 11 of its report (A/58/475). </s>
	</p>
	<p n="543">
	  <s n="553"> The General Assembly decided to conclude its consideration of agenda item 86. </s>
	</p>
	<p n="544">
	  <s n="554"> Information from Non-Self-Governing Territories transmitted under Article 73 e of the Charter of the United Nations: report of the Special and Decolonization Committee (Fourth Committee) (A/58/476) </s>
	</p>
	<p n="545">
	  <s n="555"> By 163 votes to 0, with 6 abstentions (recorded vote), the General Assembly adopted the draft resolution recommended by the Special Political and Decolonization Committee (Fourth Committee) in paragraph 7 of its report (A/58/476) (resolution 58/102). </s>
	</p>
	<p n="546">
	  <s n="556"> The General Assembly decided to conclude its consideration of agenda item 87. </s>
	</p>
	<p n="547">
	  <s n="557"> Economic and other activities which affect the interests of the peoples of the Non-Self-Governing Territories: report of the Special and Decolonization Committee (Fourth Committee) (A/58/477) </s>
	</p>
	<p n="548">
	  <s n="558"> By 164 votes to 2, with 3 abstentions (recorded vote), the General Assembly adopted the draft resolution recommended by the Special Political and Decolonization Committee (Fourth Committee) in paragraph 7 of its report (A/58/477) (resolution 58/103). </s>
	</p>
	<p n="549">
	  <s n="559"> The General Assembly decided to conclude its consideration of agenda item 88. </s>
	</p>
	<p n="550">
	  <s n="560"> Implementation of the Declaration on the Granting of Independence to Colonial Countries and Peoples by the specialized agencies and international institutions associated with the United Nations; report of the Economic and Social Council: report of the Special and Decolonization Committee (Fourth Committee) (A/58/478) [89 and 12] </s>
	</p>
	<p n="551">
	  <s n="561"> By 116 votes to 0, with 55 abstentions (recorded vote), the General Assembly adopted the draft resolution recommended by the Special Political and Decolonization Committee (Fourth Committee) in paragraph 7 of its report (A/58/478) (resolution 58/104). </s>
	</p>
	<p n="552">
	  <s n="562"> The representative of Antigua and Barbuda made a statement in explanation of vote after the vote. </s>
	</p>
	<p n="553">
	  <s n="563"> The General Assembly decided to conclude its consideration of agenda item 89. </s>
	</p>
	<p n="554">
	  <s n="564"> The General Assembly thus concluded this stage of its consideration of agenda item 12. </s>
	</p>
	<p n="555">
	  <s n="565"> Offers by Member States of study and training facilities for inhabitants of Non-Self-Governing Territories: report of the Special and Decolonization Committee (Fourth Committee) (A/58/479) </s>
	</p>
	<p n="556">
	  <s n="566"> The General Assembly adopted the draft resolution recommended by the Special Political and Decolonization Committee (Fourth Committee) in paragraph 6 of its report (A/58/479) (resolution 58/105). </s>
	</p>
	<p n="557">
	  <s n="567"> The General Assembly decided to conclude its consideration of agenda item 90. </s>
	</p>
	<p n="558">
	  <s n="568"> Implementation of the Declaration on the Granting of Independence to Colonial Countries and Peoples </s>
	</p>
	<p n="559">
	  <s n="569"> (a) Report of the Special Political and Decolonization Committee (Fourth Committee) (A/58/480) </s>
	</p>
	<p n="560">
	  <s n="570"> The General Assembly adopted draft resolutions I to IV recommended by the Special Political and Decolonization Committee (Fourth Committee) in paragraph 26 of its report (A/58/480) (resolutions 58/106, 58/107, 58/108 A and B and 58/109). </s>
	</p>
	<p n="561">
	  <s n="571"> The General Assembly adopted the draft decision recommended by the Special Political and Decolonization Committee (Fourth Committee) in paragraph 27 of the same report. </s>
	</p>
	<p n="562">
	  <s n="572"> (b) Note verbale from Saint Kitts and Nevis (A/58/601) </s>
	</p>
	<p n="563">
	  <s n="573"> The General Assembly took note of the nomination, by its President, of Saint Kitts and Nevis as a member of the Special Committee on the Situation with regard to the Implementation of the Declaration on the Granting of Independence to Colonial Countries and Peoples. </s>
	</p>
	<p n="564">
	  <s n="574"> The General Assembly thus concluded this stage of its consideration of agenda item 19. </s>
	</p>
	<p n="565">
	  <s n="575"> Statements on points of order were made by the representatives of Algeria, the Democratic People&apos;s Republic of Korea, the Niger, Honduras, Guinea, Indonesia, Bangladesh Egypt, Lesotho, the Islamic Republic of Iran and Somalia. </s>
	</p>
	<p n="566">
	  <s n="576"> Implementation of the Declaration on the Granting of Independence to Colonial Countries and Peoples: draft resolutions (A/58/23 (Part III), chapter XII, section G, para. </s>
	  <s n="577"> 7, and A/58/L.21) </s>
	</p>
	<p n="567">
	  <s n="578"> The General Assembly continued its consideration of agenda item 19. </s>
	</p>
	<p n="568">
	  <s n="579"> The representative of the United States made a statement in explanation of vote before the vote. </s>
	</p>
	<p n="569">
	  <s n="580"> By 162 votes to 3, with 0 abstentions (recorded vote), the General Assembly adopted the draft resolution contained in Part III, chapter XII, section G, para. </s>
	  <s n="581"> 7, of the report of the Special Committee (A/58/23) (resolution 58/110). </s>
	</p>
	<p n="570">
	  <s n="582"> By 154 votes to 2, with 8 abstentions (recorded vote), the General Assembly adopted draft resolution A/58/L.21 (resolution 58/111). </s>
	</p>
	<p n="571">
	  <s n="583"> Statements in explanation of vote after the vote were made by the representatives of the United Kingdom and Antigua and Barbuda. </s>
	</p>
	<p n="572">
	  <s n="584"> The representative of France made a statement on a point of order. </s>
	</p>
	<p n="573">
	  <s n="585"> The General Assembly decided to conclude its consideration of agenda item 19. </s>
	</p>
	<p n="574">
	  <s n="586"> Signatures, Ratifications, etc. </s>
	</p>
	<p n="575">
	  <s n="587"> [Multilateral Treaties Deposited with the Secretary-General] </s>
	</p>
	<p n="576">
	  <s n="588"> United Nations Convention against Transnational Organized Crime. </s>
	  <s n="589"> New York, 15 November 2000 </s>
	</p>
	<p n="577">
	  <s n="590"> Notifications in respect of articles 16 (5) (a), 18 (13) and 18 (14): Malta (11 December 2003)1 </s>
	</p>
	<p n="578">
	  <s n="591"> Amendment to article 43 (2) of the Convention on the Rights of the Child. </s>
	  <s n="592"> New York, 12 December 1995 </s>
	</p>
	<p n="579">
	  <s n="593"> Acceptance: Paraguay (12 December 2003)1 </s>
	</p>
	<p n="580">
	  <s n="594"> Annex XV - World Intellectual Property Organization (WIPO) - to the Convention on the Privileges and Immunities of the Specialized Agencies. </s>
	  <s n="595"> Geneva, 4 October 1977 </s>
	</p>
	<p n="581">
	  <s n="596"> Application: Spain (12 December 2003)1 </s>
	</p>
	<p n="582">
	  <s n="597"> Annex XVI - International Fund for Agricultural Development (IFAD) - to the Convention on the Privileges and Immunities of the Specialized Agencies. </s>
	  <s n="598"> Rome, 16 December 1977 </s>
	</p>
	<p n="583">
	  <s n="599"> Application: Spain (12 December 2003)1 </s>
	</p>
	<p n="584">
	  <s n="600"> Annex XVII - United Nations Industrial Development Organization (UNIDO) - to the Convention on the Privileges and Immunities of the Specialized Agencies. </s>
	  <s n="601"> Vienna, 3 July 1987 </s>
	</p>
	<p n="585">
	  <s n="602"> Application: Spain (12 December 2003)1 </s>
	</p>
	<p n="586">
	  <s n="603"> 1 Date of receipt of the relevant documents. </s>
	</p>
	<p n="587">
	  <s n="604"> Other announcements </s>
	</p>
	<p n="588">
	  <s n="605"> Web sites President of the General Assembly: www.un.org/ga/president </s>
	</p>
	<p n="589">
	  <s n="606"> General Assembly: www.un.org/Depts/DGACM/ </s>
	</p>
	<p n="590">
	  <s n="607"> www.un.org/ga </s>
	</p>
	<p n="591">
	  <s n="608"> Presidency of the Security Council: www.un.org/Docs/sc/presidency www.un.org/french/docs/sc/presidency/ </s>
	</p>
	<p n="592">
	  <s n="609"> Security Council: www.un.org/sc </s>
	</p>
	<p n="593">
	  <s n="610"> Security Council Committee established pursuant to resolution 1373 (2001) concerning counter-terrorism: </s>
	</p>
	<p n="594">
	  <s n="611"> www.un.org/arabic/documents/SCCommittees/1373 www.un.org/chinese/aboutun/prinorgs/sc/committees/1373/1373.htm www.un.org/docs/sc/committees/1373 www.un.org/french/docs/sc/committees/1373 www.un.org/russian/documen/scdocs/committees/1373 www.un.org/spanish/docs/comites/1373/index.html </s>
	</p>
	<p n="595">
	  <s n="612"> Economic and Social Council: www.un.org/esa/coordination/ecosoc </s>
	</p>
	<p n="596">
	  <s n="613"> Italian presidency of the European Union: www.italyun.org http://europa-eu-un.org </s>
	</p>
	<p n="597">
	  <s n="614"> Department of Economic and Social Affairs: www.un.org/esa </s>
	</p>
	<p n="598">
	  <s n="615"> Journal of the United Nations: www.un.org/Docs/journal/Ar/latesta.pdf www.un.org/Docs/journal/Ch/latestc.pdf www.un.org/Docs/journal/En/lateste.pdf www.un.org/Docs/journal/Fr/latestf.pdf www.un.org/Docs/journal/Ru/latestr.pdf www.un.org/Docs/journal/Sp/latests.pdf </s>
	</p>
	<p n="599">
	  <s n="616"> Daily list of documents issued at Headquarters </s>
	</p>
	<p n="600">
	  <s n="617"> With the exception of sales publications and public information material, hyperlinked official documents listed hereunder may be accessed through the Official Document System of the United Nations in the electronic version of the present Journal. </s>
	  <s n="618"> The list contains documents issued by 2 p.m. on 15 December 2003. </s>
	</p>
	<p n="601">
	  <s n="619"> Symbol Main title </s>
	</p>
	<p n="602">
	  <s n="620"> General Assembly Documents </s>
	</p>
	<p n="603">
	  <s n="621"> Fifty-eighth session </s>
	</p>
	<p n="604">
	  <s n="622"> A/58/PV.16 Meeting held on 29 September 2003, 3 p.m. [R] </s>
	</p>
	<p n="605">
	  <s n="623"> A/58/PV.48 Meeting held on 30 October 2003, 9.30 a.m. [C] </s>
	</p>
	<p n="606">
	  <s n="624"> Emergency special session </s>
	</p>
	<p n="607">
	  <s n="625"> A/ES-10/PV.21 Meeting held on 20 October 2003, 3 p.m. [E] </s>
	</p>
	<p n="608">
	  <s n="626"> General Assembly Documents </s>
	</p>
	<p n="609">
	  <s n="627"> Fifty-eighth session </s>
	</p>
	<p n="610">
	  <s n="628"> A/58/7/Add.25 Items 26 and 121 -- The situation in Central America: progress in fashioning a region of peace, freedom, democracy and development -- Proposed programme budget for the biennium 2004-2005 -- Programme budget implications on draft resolution A/58/L.38 -- Twenty-sixth report of the Advisory Committee on Administrative and Budgetary Questions [A C E F R S] </s>
	</p>
	<p n="611">
	  <s n="629"> A/58/7/Add.26 Items 94 (b) and 121 -- Environment and sustainable development: implementation of the United Nations Convention to combat Desertification in Those Countries Experiencing Serious Drought and/or Desertification, Particularly in Africa -- Proposed programme budget for the biennium 2004-2005 -- Programme budget implications of draft resolution A/C.2/58/L.7 -- Twenty-seventh report of the Advisory Committee on Administrative and Budgetary Questions [A C E F R S] </s>
	</p>
	<p n="612">
	  <s n="630"> A/58/7/Add.27 Items 94 (f) and 121 -- Environment and sustainable development: protection of global climate for present and future generations of mankind -- Proposed programme budget for the biennium 2004-2005 -- Programme budget implications of draft resolution A/C.2/58/L.14 -- Twenty-eighth report of the Advisory Committee on Administrative and Budgetary Questions [A C E F R S] </s>
	</p>
	<p n="613">
	  <s n="631"> A/58/507 Item 116 -- Right of peoples to self-determination -- Report of the Third Committee [A C E F R S] </s>
	</p>
	<p n="614">
	  <s n="632"> A/58/508 Item 117 -- Human rights questions -- Report of the Third Committee [A C E F R S] </s>
	</p>
	<p n="615">
	  <s n="633"> S/2003/1134 Items 28, 37, 59, 60, 109 and 156 -- The situation in Afghanistan and its implications for international peace and security -- The situation in the Middle East -- Strengthening of the United Nations system -- Follow-up to the outcome of the Millennium Summit -- International drug control -- Measures to eliminate international terrorism -- Letter dated 21 November 2003 from the Permanent Representatives of India and the Russian Federation to the United Nations addressed to the Secretary-General [A C E F R S] </s>
	</p>
	<p n="616">
	  <s n="634"> S/2003/1163 Item 30 -- Question of Cyprus -- Letter dated 8 December 2003 from the Permanent Representative of Cyprus to the United Nations addressed to the Secretary-General [A C E F R S] </s>
	</p>
	<p n="617">
	  <s n="635"> A/58/L.39 Item 40 (a) -- Strengthening of the coordination of humanitarian and disaster relief assistance of the United Nations, including special economic assistance: strengthening of the coordination of emergency humanitarian assistance of the United Nations -- 47-Power draft resolution [A C E F R S] </s>
	</p>
	<p n="618">
	  <s n="636"> A/58/L.40 Item 40 (b) -- Strengthening of the coordination of humanitarian and disaster relief assistance of the United Nations, including special economic assistance: special economic assistance to individual countries or regions -- 82-Power draft resolution -- Assistance for humanitarian relief and the economic and social rehabilitation of Somalia [A C E F R S] </s>
	</p>
	<p n="619">
	  <s n="637"> A/58/L.41 Item 40 (b) -- Strengthening of the coordination of humanitarian and disaster relief assistance of the United Nations, including special economic assistance: special economic assistance to individual countries or regions -- 40-Power draft resolution -- Economic assistance for the reconstruction and development of Djibouti [A C E F R S] </s>
	</p>
	<p n="620">
	  <s n="638"> First Committee </s>
	</p>
	<p n="621">
	  <s n="639"> A/C.1/58/INF/3/Rev.1 Situation reports of the First Committee on agenda items 62 to 80 -- Note by the Secretariat [E (only)] </s>
	</p>
	<p n="622">
	  <s n="640"> Second Committee </s>
	</p>
	<p n="623">
	  <s n="641"> A/C.2/58/L.61** Second reissue for technical reasons [A C E F R S] </s>
	</p>
	<p n="624">
	  <s n="642"> A/C.2/58/L.64* Reissued for technical reasons [A C E F R S] </s>
	</p>
	<p n="625">
	  <s n="643"> A/C.2/58/L.75 Items 102 and 121 -- Third United Nations Conference on the Least Developed Countries -- Proposed programme budget for the biennium 2004-2005 -- Programme budget implications of draft resolution A/C.2/58/L.68 -- Statement submitted by the Secretary-General in accordance with rule 153 of the rules of procedure of the General Assembly [A C E F R S] </s>
	</p>
	<p n="626">
	  <s n="644"> A/C.2/58/L.79 Item 94 (d) -- Environment and sustainable development: further implementation of the Programme of Action for the Sustainable Development of Small Island Developing States -- Draft resolution submitted by the Vice-Chairman of the Committee on the basis of informal consultations held on draft resolution A/C.2/58/L.30 [A C E F R S] </s>
	</p>
	<p n="627">
	  <s n="645"> Fifth Committee </s>
	</p>
	<p n="628">
	  <s n="646"> A/C.5/58/30 Items 26 and 121 -- The situation in Central America: progress in fashioning a region of peace, freedom, democracy and development -- Proposed programme budget for the biennium 2004-2005 -- Programme budget implications of draft resolution A/58/L.38 -- Statement submitted by the Secretary-General in accordance with rule 153 of the rules of procedure of the General Assembly [A C E F R S] </s>
	</p>
	<p n="629">
	  <s n="647"> A/C.5/58/31 Items 94 (b) and 121 -- Environment and sustainable development: implementation of the United Nations Convention to Combat Desertification in Those Countries Experiencing Serious Drought and/or Desertification, Particularly in Africa -- Proposed programme budget for the biennium 2004-2005 -- Programme budget implications of draft resolution A/C.2/58/L.7/Rev.1 -- Statement submitted by the Secretary-General in accordance with rule 153 of the rules of procedure of the General Assembly [A C E F R S] </s>
	</p>
	<p n="630">
	  <s n="648"> A/C.5/58/32 Items 94 (f) and 121 -- Environment and sustainable development: protection of global climate for present and future generations of mankind -- Proposed programme budget for the biennium 2004-2005 -- Programme budget implications of draft resolution A/C.2/58/L.14/Rev.1 -- Statement submitted by the Secretary-General in accordance with rule 153 of the rules of procedure of the General Assembly [A C E F R S] </s>
	</p>
	<p n="631">
	  <s n="649"> Tenth emergency special session </s>
	</p>
	<p n="632">
	  <s n="650"> S/2003/1168 Item 5 -- Illegal Israeli actions in Occupied East Jerusalem and the rest of the Occupied Palestinian Territory -- Identical letters dated 11 December 2003 from the Permanent Observer of Palestine to the United Nations addressed to the Secretary-General and the President of the Security Council [A C E F R S] </s>
	</p>
	<p n="633">
	  <s n="651"> Security Council Documents </s>
	</p>
	<p n="634">
	  <s n="652"> S/2003/1070 Letter dated 1 December 2003 from the Chairman of the Security Council Committee established pursuant to resolution 1267 (1999) concerning Al-Qaida and the Taliban and associated individuals and entities addressed to the President of the Security Council [A C E F R S] </s>
	</p>
	<p n="635">
	  <s n="653"> S/2003/1134 Letter dated 21 November 2003 from the Permanent Representatives of India and the Russian Federation to the United Nations addressed to the Secretary-General [A C E F R S] </s>
	</p>
	<p n="636">
	  <s n="654"> S/2003/1146 Report of the Secretary-General to the Security Council on the situation in Burundi [A C E F R S] </s>
	</p>
	<p n="637">
	  <s n="655"> S/2003/1150 Letter dated 2 December 2003 from the Chairman of the Security Council Committee established pursuant to resolution 1373 (2001) concerning counter-terrorism addressed to the President of the Security Council [A C E F R S] </s>
	</p>
	<p n="638">
	  <s n="656"> S/2003/1151 Letter dated 2 December 2003 from the Chairman of the Security Council Committee established pursuant to resolution 1373 (2001) concerning counter-terrorism addressed to the President of the Security Council [A C E F R S] </s>
	</p>
	<p n="639">
	  <s n="657"> S/2003/1156 Letter dated 2 December 2003 from the Chairman of the Security Council Committee established pursuant to resolution 1373 (2001) concerning counter-terrorism addressed to the President of the Security Council [A C E F R S] </s>
	</p>
	<p n="640">
	  <s n="658"> S/2003/1161 Fourteenth report of the Secretary-General pursuant to paragraph 14 of resolution 1284 (1999) [A C E F R S] </s>
	</p>
	<p n="641">
	  <s n="659"> S/2003/1163 Letter dated 8 December 2003 from the Permanent Representative of Cyprus to the United Nations addressed to the Secretary-General [A C E F R S] </s>
	</p>
	<p n="642">
	  <s n="660"> S/2003/1168 Identical letters dated 11 December 2003 from the Permanent Observer of Palestine to the United Nations addressed to the Secretary-General and the President of the Security Council [A C E F R S] </s>
	</p>
	<p n="643">
	  <s n="661"> S/2003/1169 Letter dated 2 December 2003 from the President of the Security Council addressed to the Chargé d&apos;affaires a.i. of the Permanent Mission of Iraq to the United Nations [A C E F R S] </s>
	</p>
	<p n="644">
	  <s n="662"> S/2003/1170 Letter dated 11 December 2003 from the Chargé d&apos;affaires a.i. of the Permanent Mission of Iraq to the United Nations addressed to the President of the Security Council [A C E F R S] </s>
	</p>
	<p n="645">
	  <s n="663"> S/PRST/2003/26 Statement by the President of the Security Council [A C E F R S] </s>
	</p>
	<p n="646">
	  <s n="664"> S/Agenda/4879 Provisional agenda [A C E F R S] </s>
	</p>
	<p n="647">
	  <s n="665"> S/Agenda/4880 Provisional agenda [A C E F R S] </s>
	</p>
	<p n="648">
	  <s n="666"> Economic and Social Council </s>
	</p>
	<p n="649">
	  <s n="667"> Documents </s>
	</p>
	<p n="650">
	  <s n="668"> United Nations Children&apos;s Fund </s>
	</p>
	<p n="651">
	  <s n="669"> Executive Board </s>
	</p>
	<p n="652">
	  <s n="670"> First regular session 2004 </s>
	</p>
	<p n="653">
	  <s n="671"> E/ICEF/2004/6 Item 9 of the provisional agenda -- Review of the WHO/UNICEF/UNFPA Coordinating Committee on Health -- Report of the Evaluation Units of WHO, UNICEF and UNFPA -- Note by the secretariat [A C E F R S] </s>
	</p>
	<p n="654">
	  <s n="672"> Executive Board of the United Nations Development Programme and of the United Nations Population Fund </s>
	</p>
	<p n="655">
	  <s n="673"> Documents </s>
	</p>
	<p n="656">
	  <s n="674"> First regular session 2004 </s>
	</p>
	<p n="657">
	  <s n="675"> Item 5 of the provisional agenda -- Country programmes and related matters -- Extension of the second cooperation framework for technical cooperation among developing countries (2001-2003) -- Note by the Administrator [E F S (only)] </s>
	</p>
	<p n="658">
	  <s n="676"> Secretariat </s>
	</p>
	<p n="659">
	  <s n="677"> ST/IC/2003/64 Information circular -- Personal emergency contact information [E F (only)] </s>
	</p>
	<p n="660">
	  <s n="678"> Published at Headquarters, New York, by the Department for General Assembly and Conference Management. </s>
	</p>
	</body>
</text>
</DOC>