<?xml version="1.0" encoding="UTF-8"?>
<DOC lang="English" n="N0857057" id="JOURNAL NO.2008/210" date="2008/10/28">
<text>
	<body>
	<p n="1">
	  <s n="1"> Official meetings </s>
	</p>
	<p n="2">
	  <s n="2"> Tuesday, 28 October 2008 </s>
	</p>
	<p n="3">
	  <s n="3"> Security Council </s>
	</p>
	<p n="4">
	  <s n="4"> 10 a.m. 6002nd meeting Security Council Chamber </s>
	</p>
	<p n="5">
	  <s n="5"> Adoption of the agenda </s>
	</p>
	<p n="6">
	  <s n="6"> Briefing by the President of the International Court of Justice </s>
	</p>
	<p n="7">
	  <s n="7"> Morning1 Consultations of the whole (closed) Consultations Room </s>
	</p>
	<p n="8">
	  <s n="8"> Draft report of the Security Council to the General Assembly </s>
	</p>
	<p n="9">
	  <s n="9"> Other matters </s>
	</p>
	<p n="10">
	  <s n="10"> 3 p.m. 6003rd meeting Security Council Chamber </s>
	</p>
	<p n="11">
	  <s n="11"> Adoption of the agenda </s>
	</p>
	<p n="12">
	  <s n="12"> Reports of the Secretary-General on the Sudan </s>
	</p>
	<p n="13">
	  <s n="13"> Report of the Secretary-General on the deployment of the African Union-United Nations Hybrid Operation in Darfur (S/2008/659) </s>
	</p>
	<p n="14">
	  <s n="14"> Afternoon2 Consultations of the whole (closed) Consultations Room </s>
	</p>
	<p n="15">
	  <s n="15"> Other matters </s>
	</p>
	<p n="16">
	  <s n="16"> 1To be held following the adjournment of the 6002nd meeting. </s>
	</p>
	<p n="17">
	  <s n="17"> 2To be held following the adjournment of the 6003rd meeting. </s>
	</p>
	<p n="18">
	  <s n="18"> Security Council Committee established pursuant to resolution 1540 (2004) </s>
	</p>
	<p n="19">
	  <s n="19"> 10.30 a.m. Informal meeting (closed) Conference Room 6 </s>
	</p>
	<p n="20">
	  <s n="20"> General Assembly </s>
	</p>
	<p n="21">
	  <s n="21"> Sixty-third session </s>
	</p>
	<p n="22">
	  <s n="22"> Drafting sessions on the draft outcome document for the Follow-up International Conference on Financing for Development to Review the Implementation of the Monterrey Consensus (Doha, Qatar, 29 November-2 December 2008) </s>
	</p>
	<p n="23">
	  <s n="23"> Drafting sessions on the draft outcome document (A/CONF.212/CRP.1) of the Follow-up International Conference on Financing for Development to Review the Implementation of the Monterrey Consensus will be held today and tomorrow, 28 and 29 October, and on Friday, 31 October 2008, from 3 to 6 p.m. in the Economic and Social Council Chamber. </s>
	  <s n="24"> The sessions will be co-chaired by the Co-Facilitators, H.E. Mr. Maged A. Abdelaziz (Egypt) and H.E. Mr. Johan L. Løvald (Norway). </s>
	  <s n="25"> Part 1 of the revised draft outcome document has been issued and is available on the Web site of the Financing for Development Office &lt;www.un.org/esa/ffd/&gt;. </s>
	  <s n="26"> For further information, including background materials, please consult that Web site. </s>
	</p>
	<p n="24">
	  <s n="27"> Security Council </s>
	</p>
	<p n="25">
	  <s n="28"> The Security Council will hold an open debate on Wednesday, 29 October 2008, in the Security Council Chamber, in connection with the agenda item “Women and peace and security”. </s>
	  <s n="29"> Member States wishing to inscribe their names on the list of speakers should contact the Secretariat (room S-3520; fax 1 (212) 963-7878; or tel. </s>
	  <s n="30"> 1 (212) 963-5263), from 9.30 a.m. to 5.30 p.m. Delegations are also kindly requested to limit their statements to no more than five minutes. </s>
	</p>
	<p n="26">
	  <s n="31"> General Assembly </s>
	</p>
	<p n="27">
	  <s n="32"> Sixty-third session </s>
	</p>
	<p n="28">
	  <s n="33"> Interactive Panel on the Global Financial Crisis </s>
	</p>
	<p n="29">
	  <s n="34"> An Interactive Panel on the Global Financial Crisis will be held on Thursday, 30 October 2008, beginning at 9 a.m. in the Trusteeship Council Chamber. </s>
	  <s n="35"> The panellists invited are Prof. Joseph Stiglitz (United States), Dr. François Houtart (Belgium), Prof. Prabhat Patnaik (India) and Dr. Pedro Páez (Ecuador). </s>
	  <s n="36"> A letter from the President of the General Assembly, dated 16 October 2008, was sent by facsimile to all Permanent Representatives and Observers. </s>
	</p>
	<p n="30">
	  <s n="37"> General Assembly </s>
	</p>
	<p n="31">
	  <s n="38"> Sixty-third session </s>
	</p>
	<p n="32">
	  <s n="39"> Informal consultations of the process on strengthening international environmental governance will be held on Thursday, 30 October 2008 at 10 a.m. in the Economic and Social Council Chamber. </s>
	</p>
	<p n="33">
	  <s n="40"> General Assembly </s>
	</p>
	<p n="34">
	  <s n="41"> Sixty-third session </s>
	</p>
	<p n="35">
	  <s n="42"> Main Committees </s>
	</p>
	<p n="36">
	  <s n="43"> First Committee </s>
	</p>
	<p n="37">
	  <s n="44"> 3-6 p.m. 19th meeting Conference Room 2 </s>
	</p>
	<p n="38">
	  <s n="45"> Action on all draft resolutions submitted under disarmament and international security agenda items (items 81 to 96): item 81 (A/63/97 and A/63/97/Add.1); item 82 (A/C.1/63/L.12*); item 83 (A/63/62-S/2008/123 and A/C.1/63/L.3); item 84; item 85 (A/63/139 and A/C.1/63/L.45); item 86 (A/63/115 (Part I), A/63/115 (Part I)/Add.1 and A/C.1/63/L.1); item 87 (A/C.1/63/L.7*); item 88 (A/C.1/63/L.4); item 89 (A/63/73-S/2008/297, A/63/91, A/63/114, A/63/114/Add.1, A/63/116, A/63/117, A/63/117/Add.1, A/63/120, A/63/120/Add.1, A/63/122, A/63/126, A/63/134, A/63/135, A/63/136, A/63/136/Add.1, A/63/153, A/63/158, A/63/158/Add.1, A/63/170, A/63/170/Add.1, A/63/171, A/63/171/Add.1, A/63/176, A/63/182, A/63/261, A/63/334, A/C.1/63/3, A/C.1/63/4, A/C.1/63/L.5, A/C.1/63/L.6, A/C.1/63/L.8, A/C.1/63/L.9, A/C.1/63/L.10, A/C.1/63/L.14, A/C.1/63/L.16*, A/C.1/63/L.17, A/C.1/63/L.19, A/C.1/63/L.20, A/C.1/63/L.21, A/C.1/63/L.22, A/C.1/63/L.23, A/C.1/63/L.25, A/C.1/63/L.26, A/C.1/63/L.27, A/C.1/63/L.28, A/C.1/63/L.29, A/C.1/63/L.30, A/C.1/63/L.31*, A/C.1/63/L.32/Rev.1, A/C.1/63/L.33, A/C.1/63/L.34, A/C.1/63/L.35, A/C.1/63/L.36, A/C.1/63/L.37, A/C.1/63/L.38, A/C.1/63/L.39*, A/C.1/63/L.40, A/C.1/63/L.41, A/C.1/63/L.43*, A/C.1/63/L.44, A/C.1/63/L.51, A/C.1/63/L.52, item 90 (A/63/129, A/63/157, A/63/162, A/63/163, A/63/164, A/63/178, A/C.1/63/L.13, A/C.1/63/L.15, A/C.1/63/L.24, A/C.1/63/L.42, A/C.1/63/L.46, A/C.1/63/L.49, A/C.1/63/L.50/Rev.1, A/C.1/63/L.53); item 91 (A/63/27* (Supp. 27), A/63/42 (Supp. 42)*, A/63/177, A/63/279, A/C.1/63/L.47, A/C.1/63/L.48); item 92 (A/63/115 (Part II) and A/C.1/63/L.2); item 93 (A/C.1/63/L.31); item 94 (A/63/138 and A/C.1/63/L.18); item 95 (A/63/124 and A/C.1/63/L.55); and item 96 (A/C.1/63/L.11) </s>
	</p>
	<p n="39">
	  <s n="46"> [Other documents: A/C.1/63/1, A/C.1/63/2, A/C.1/63/CRP.1, A/C.1/63/CRP.2/Rev.1, A/C.1/63/INF/1, A/C.1/63/CRP.3*, A/C.1/63/CRP.3/Add.1*, A/C.1/63/CRP.3/Add.2, A/C.1/63/CRP.3/Add.3, A/C.1/63/CRP.3/Add.4 and A/C.1/63/CRP.4] </s>
	</p>
	<p n="40">
	  <s n="47"> [Note: The list of side events during the session of the First Committee can be consulted at &lt;www.un.org/disarmament/HomePage/docs/2008/63_session_side_events.pdf&gt;. </s>
	  <s n="48"> ] </s>
	</p>
	<p n="41">
	  <s n="49"> Special Political and Decolonization Committee (Fourth Committee) </s>
	</p>
	<p n="42">
	  <s n="50"> 10 a.m.-1 p.m. 18th meeting Conference Room 2 </s>
	</p>
	<p n="43">
	  <s n="51"> Comprehensive review of the whole question of peacekeeping operations in all their aspects </s>
	</p>
	<p n="44">
	  <s n="52"> General debate </s>
	</p>
	<p n="45">
	  <s n="53"> [Note: The Web site of the Special Political and Decolonization Committee (Fourth Committee) is now accessible for delegations at &lt;https://4thcommittee.unlb.org&gt;. </s>
	  <s n="54"> The username is the same as that for e-Meets and passwords are also the same but with the addition of a zero at the end. </s>
	  <s n="55"> For queries and comments regarding the Web site, please contact Mr. Dino Del-Vasto (tel. </s>
	  <s n="56"> 1 (212) 963-0388; e-mail del-vasto@un.org); or Mr. John Pabon (tel. </s>
	  <s n="57"> 1 (917) 367-3449; e-mail pabon@un.org). </s>
	  <s n="58"> ] </s>
	</p>
	<p n="46">
	  <s n="59"> Second Committee </s>
	</p>
	<p n="47">
	  <s n="60"> 10 a.m.-1 p.m. 19th meeting Conference Room 4 </s>
	</p>
	<p n="48">
	  <s n="61"> Permanent sovereignty of the Palestinian people in the Occupied Palestinian territory, including East Jerusalem and of the Arab population in the occupied Syrian Golan over their natural resources </s>
	</p>
	<p n="49">
	  <s n="62"> Introduction of draft resolution A/C.2/63/L.5 </s>
	</p>
	<p n="50">
	  <s n="63"> Sustainable development </s>
	</p>
	<p n="51">
	  <s n="64"> Introduction of draft resolutions A/C.2/63/L.2/Rev.1 and A/C.2/63/L.3/Rev.1 </s>
	</p>
	<p n="52">
	  <s n="65"> Eradication of poverty and other development issues: Industrial development cooperation [53 (b)] </s>
	</p>
	<p n="53">
	  <s n="66"> Introduction of draft resolution A/C.2/63/L.6 </s>
	</p>
	<p n="54">
	  <s n="67"> Operational activities for development </s>
	</p>
	<p n="55">
	  <s n="68"> Introduction of draft resolution A/C.2/63/L.4 </s>
	</p>
	<p n="56">
	  <s n="69"> Sustainable development (A/63/66, A/63/76-E/2008/54 and A/63/225) </s>
	</p>
	<p n="57">
	  <s n="70"> (a) Implementation of Agenda 21, the Programme for the Further Implementation of Agenda 21 and the outcomes of the World Summit on Sustainable Development (A/63/304 and A/C.2/63/3) </s>
	</p>
	<p n="58">
	  <s n="71"> (b) Follow-up to and implementation of the Mauritius Strategy for the Further Implementation of the Programme of Action for the Sustainable Development of Small Island Developing States (A/63/296 and A/63/297) </s>
	</p>
	<p n="59">
	  <s n="72"> (c) International Strategy for Disaster Reduction (A/63/347 and A/63/351) </s>
	</p>
	<p n="60">
	  <s n="73"> (d) Protection of global climate for present and future generations of mankind (A/63/294 and A/C.2/63/3) </s>
	</p>
	<p n="61">
	  <s n="74"> (e) Implementation of the United Nations Convention to Combat Desertification in Those Countries Experiencing Serious Drought and/or Desertification, Particularly in Africa (A/63/294 and A/C.2/63/3) </s>
	</p>
	<p n="62">
	  <s n="75"> (f) Convention on Biological Diversity (A/63/294 and A/C.2/63/3) </s>
	</p>
	<p n="63">
	  <s n="76"> (g) Report of the Governing Council of the United Nations Environment Programme on its tenth special session (A/63/25, Supplement No. 25) </s>
	</p>
	<p n="64">
	  <s n="77"> Conclusion of general discussion </s>
	</p>
	<p n="65">
	  <s n="78"> 3-6 p.m. 20th meeting Conference Room 4 </s>
	</p>
	<p n="66">
	  <s n="79"> Implementation of the outcome of the United Nations Conference on Human Settlements (Habitat II) and strengthening of the United Nations Human Settlements Programme (UN-Habitat) (A/63/291 and A/63/353) </s>
	</p>
	<p n="67">
	  <s n="80"> Introductory statement, followed by “question time” </s>
	</p>
	<p n="68">
	  <s n="81"> General discussion </s>
	</p>
	<p n="69">
	  <s n="82"> [Note: The list of speakers for all items allocated to the Second Committee is open. </s>
	  <s n="83"> Delegations wishing to be inscribed are requested to contact, in writing, the secretariat of the Committee (Ms. Dolores Lois (fax 1 (212) 963-5935; or e-mail lois@un.org)). </s>
	</p>
	<p n="70">
	  <s n="84"> Delegations are reminded that the names of representatives, alternate representatives and advisers, should be submitted as soon as possible, to Ms. Jennifer de Laurentis, Secretary of the Second Committee (room S-2950E; fax 1 (212) 963-5935). </s>
	</p>
	<p n="71">
	  <s n="85"> Delegations wishing to reserve rooms and schedule informal “informal” consultations are requested to contact, no later than 6 p.m. of the day before the meeting, the secretariat of the Committee (Ms. Maria Thompson (tel. </s>
	  <s n="86"> 1 (917) 367-2603; or e-mail thompsonm@un.org)). </s>
	</p>
	<p n="72">
	  <s n="87"> Information on the work of the Second Committee is available at &lt;www.un.org/ga/second/&gt;. </s>
	  <s n="88"> ] </s>
	</p>
	<p n="73">
	  <s n="89"> Third Committee </s>
	</p>
	<p n="74">
	  <s n="90"> 10 a.m.-1 p.m. 28th meeting Conference Room 1 </s>
	</p>
	<p n="75">
	  <s n="91"> Promotion and protection of human rights (A/63/123, A/63/370-S/2008/614 A/63/281-S/2008/431 and A/C.3/63/5) 64] </s>
	</p>
	<p n="76">
	  <s n="92"> (b) Human rights questions, including alternative approaches for improving the effective enjoyment of human rights and fundamental freedoms (A/63/259, A/63/272, A/63/287, A/63/293, A/63/293/Corr.1, A/63/299, A/63/365, A/63/340, A/63/337, A/63/367, A/63/486, A/63/161, A/63/223, A/63/263, A/63/270, A/63/271, A/63/274, A/63/275, A/63/278, A/63/286, A/63/288, A/63/289, A/63/290*, A/63/292, A/63/313 and A/63/318) </s>
	</p>
	<p n="77">
	  <s n="93"> (c) Human rights situations and reports of special rapporteurs and representatives (A/63/332, A/63/459, A/63/356, A/63/322, A/63/341, A/63/326 and A/C.3/63/41) </s>
	</p>
	<p n="78">
	  <s n="94"> (e) Convention on the Rights of Persons with Disabilities (A/63/264 and A/63/264/Corr.1) </s>
	</p>
	<p n="79">
	  <s n="95"> Introductory statements, followed by question time </s>
	</p>
	<p n="80">
	  <s n="96"> General discussion </s>
	</p>
	<p n="81">
	  <s n="97"> 3-6 p.m. 29th meeting Conference Room 1 </s>
	</p>
	<p n="82">
	  <s n="98"> Indigenous issues </s>
	</p>
	<p n="83">
	  <s n="99"> Introduction of draft resolution A/C.3/63/L.17 </s>
	</p>
	<p n="84">
	  <s n="100"> Implementation of human rights instruments [64 (a)] </s>
	</p>
	<p n="85">
	  <s n="101"> Introduction of draft resolution A/C.3/63/L.18 </s>
	</p>
	<p n="86">
	  <s n="102"> Promotion and protection of human rights (A/63/123, A/63/370-S/2008/614 and A/63/281-S/2008/431) </s>
	</p>
	<p n="87">
	  <s n="103"> (b) Human rights questions, including alternative approaches for improving the effective enjoyment of human rights and fundamental freedoms (A/63/259, A/63/272, A/63/287, A/63/293, A/63/293/Corr.1, A/63/299, A/63/365, A/63/340, A/63/337, A/63/367, A/63/486, A/63/161, A/63/223, A/63/263, A/63/270, A/63/271, A/63/274, A/63/275, A/63/278, A/63/286, A/63/288, A/63/289, A/63/290*, A/63/292, A/63/313 and A/63/318) </s>
	</p>
	<p n="88">
	  <s n="104"> 1To be issued. </s>
	</p>
	<p n="89">
	  <s n="105"> (c) Human rights situations and reports of special rapporteurs and representatives (A/63/332, A/63/459, A/63/356, A/63/322, A/63/341, A/63/326 and A/C.3/63/41) </s>
	</p>
	<p n="90">
	  <s n="106"> (e) Convention on the Rights of Persons with Disabilities (A/63/264 and A/63/264/Corr.1) </s>
	</p>
	<p n="91">
	  <s n="107"> Continuation of general discussion </s>
	</p>
	<p n="92">
	  <s n="108"> 1To be issued. </s>
	</p>
	<p n="93">
	  <s n="109"> Fifth Committee </s>
	</p>
	<p n="94">
	  <s n="110"> 10 a.m. 13th meeting Conference Room 3 </s>
	</p>
	<p n="95">
	  <s n="111"> Improving the financial situation of the United Nations </s>
	</p>
	<p n="96">
	  <s n="112"> Statement by the Under-Secretary-General for Management </s>
	</p>
	<p n="97">
	  <s n="113"> Programme budget for the biennium 2008-2009 </s>
	</p>
	<p n="98">
	  <s n="114"> First progress report on the adoption of International Public Sector Accounting Standards by the United Nations (A/62/806 and A/63/496) </s>
	</p>
	<p n="99">
	  <s n="115"> Introduction and general discussion </s>
	</p>
	<p n="100">
	  <s n="116"> Morning1-1 p.m. Informal consultations (closed) Conference Room 5 </s>
	</p>
	<p n="101">
	  <s n="117"> Informal consultations on agenda item 125 (United Nations common system (A/63/30, A/63/360 and A/63/501)) </s>
	</p>
	<p n="102">
	  <s n="118"> 3-6 p.m. Informal consultations (closed) Conference Room 5 </s>
	</p>
	<p n="103">
	  <s n="119"> Informal consultations on agenda item 118 (Programme budget for the biennium 2008-2009: Development related activities (A/62/708, A/62/7/Add.40, A/63/335 and A/63/479)) </s>
	</p>
	<p n="104">
	  <s n="120"> 1To be held following the adjournment of the 13th meeting of the Committee. </s>
	</p>
	<p n="105">
	  <s n="121"> Sixth Committee </s>
	</p>
	<p n="106">
	  <s n="122"> 10 a.m.-12 noon1 17th meeting Trusteeship Council Chamber </s>
	</p>
	<p n="107">
	  <s n="123"> Report of the International Law Commission on the work of its sixtieth session (A/63/10) </s>
	</p>
	<p n="108">
	  <s n="124"> [Note: The list of speakers for all items on the agenda of the Sixth Committee is open. </s>
	  <s n="125"> Delegations are urged to contact the secretariat of the Sixth Committee (Ms. Marianne Sooksatan (tel. </s>
	  <s n="126"> 1 (212) 963-5378; fax 1 (212) 963-1963)) if they wish to be inscribed on the list. </s>
	  <s n="127"> Delegations that have not yet submitted the names of their representatives, alternates and advisers are invited to inform the Codification Division, Office of Legal Affairs, secretariat of the Sixth Committee (room S-3460; fax 1 (212) 963-1963). </s>
	  <s n="128"> ] </s>
	</p>
	<p n="109">
	  <s n="129"> 1The launch ceremony of the United Nations Audiovisual Library of International Law will take place from 12 noon to 1 p.m. in the Trusteeship Council Chamber. </s>
	</p>
	<p n="110">
	  <s n="130"> General Assembly </s>
	</p>
	<p n="111">
	  <s n="131"> Advisory Committee on Administrative and Budgetary Questions </s>
	</p>
	<p n="112">
	  <s n="132"> 10 a.m.-1 p.m. Closed meeting Conference Room 10 </s>
	</p>
	<p n="113">
	  <s n="133"> 3-6 p.m. Closed meeting Conference Room 10 </s>
	</p>
	<p n="114">
	  <s n="134"> Executive session </s>
	</p>
	<p n="115">
	  <s n="135"> Informal meetings on draft proposals convened by delegations </s>
	</p>
	<p n="116">
	  <s n="136"> Tuesday, 28 October 2008 </s>
	</p>
	<p n="117">
	  <s n="137"> General Assembly </s>
	</p>
	<p n="118">
	  <s n="138"> Informal consultations on the draft resolution on the situation in Afghanistan (agenda item 17) (convened by the delegation of Germany) </s>
	</p>
	<p n="119">
	  <s n="139"> 10 a.m.-1 p.m. Closed meeting Conference Room E </s>
	</p>
	<p n="120">
	  <s n="140"> Informal consultations on the draft resolution on smoke-free United Nations premises (under agenda item 40) (convened by the delegation of Uruguay) </s>
	</p>
	<p n="121">
	  <s n="141"> 1.15-2.30 p.m. Closed meeting Conference Room 7 </s>
	</p>
	<p n="122">
	  <s n="142"> Informal consultations on the draft resolution entitled “Cooperation between the United Nations and the Council of Europe” (under agenda item 114 (g)) (convened by the delegation of Sweden) </s>
	</p>
	<p n="123">
	  <s n="143"> 3-6 p.m. Closed meeting Conference Room E </s>
	</p>
	<p n="124">
	  <s n="144"> Second Committee </s>
	</p>
	<p n="125">
	  <s n="145"> Informal consultations on the draft resolution on operational activities for development (under agenda item 54) (convened by the delegation of Switzerland) </s>
	</p>
	<p n="126">
	  <s n="146"> 3-6 p.m. Closed meeting Conference Room B </s>
	</p>
	<p n="127">
	  <s n="147"> Third Committee </s>
	</p>
	<p n="128">
	  <s n="148"> Informal consultations on the draft resolution entitled “Missing persons” (under agenda item 64 (b)) (convened by the delegation of Azerbaijan) </s>
	</p>
	<p n="129">
	  <s n="149"> 9.45-11.45 a.m. Closed meeting Conference Room B </s>
	</p>
	<p n="130">
	  <s n="150"> Informal consultations on the draft resolution entitled “National institutions for the promotion and protection of human rights” (under agenda item 64 (b)) (convened by the delegation of Germany) </s>
	</p>
	<p n="131">
	  <s n="151"> 10 a.m.-1 p.m. Closed meeting Conference Room C </s>
	</p>
	<p n="132">
	  <s n="152"> Meeting of co-sponsors on the draft resolution on the situation of human rights in the Democratic People&apos;s Republic of Korea (under agenda item 64 (c)) (convened by the delegation of France) </s>
	</p>
	<p n="133">
	  <s n="153"> 10 a.m.-1 p.m. Closed meeting Conference Room C-209B </s>
	</p>
	<p n="134">
	  <s n="154"> Informal consultations on the draft resolution A/C.3/63/L.10, entitled “Strengthening the United Nations Crime Prevention and Criminal Justice Programme, in particular its technical cooperation capacity” (under agenda item 97) (Third Committee) (convened by the delegation of Italy) </s>
	</p>
	<p n="135">
	  <s n="155"> 11.45 a.m.-1 p.m. Closed meeting Conference Room B </s>
	</p>
	<p n="136">
	  <s n="156"> Informal consultations on draft resolution A/C.3/63/L.8, entitled “International cooperation against the world drug problem” (under agenda item 98) (convened by the delegation of Mexico) </s>
	</p>
	<p n="137">
	  <s n="157"> 1-3 p.m. Closed meeting Conference Room C-209B </s>
	</p>
	<p n="138">
	  <s n="158"> Informal consultations on draft resolution entitled “Rights of the child” (under agenda item 60 (a)) (convened by the delegations of France and Uruguay) </s>
	</p>
	<p n="139">
	  <s n="159"> 1.15-2.45 p.m. Closed meeting Conference Room C </s>
	</p>
	<p n="140">
	  <s n="160"> Informal consultations on the draft resolution entitled “Protection of migrants” (under agenda item 64 (b)) (convened by the delegation of Mexico) </s>
	</p>
	<p n="141">
	  <s n="161"> 3-4.30 p.m. Closed meeting Conference Room C </s>
	</p>
	<p n="142">
	  <s n="162"> Informal consultations on the draft resolution on effective promotion of the Declaration on the Rights of Persons Belonging to National or Ethnic, Religious and Linguistic Minorities (under agenda item 64 (b)) (convened by the delegation of Austria) </s>
	</p>
	<p n="143">
	  <s n="163"> 3-6 p.m. Closed meeting Conference Room C-209B </s>
	</p>
	<p n="144">
	  <s n="164"> Meeting of co-sponsors on the draft resolution on “Elimination of all forms of intolerance and of discrimination based on religion and belief” (under agenda item 64 (b)) (convened by the delegation of France) </s>
	</p>
	<p n="145">
	  <s n="165"> 4.30-6 p.m. Closed meeting Conference Room C </s>
	</p>
	<p n="146">
	  <s n="166"> Other meetings </s>
	</p>
	<p n="147">
	  <s n="167"> The information below is reproduced as received and does not imply any opinion or endorsement by the Secretariat of the United Nations. </s>
	</p>
	<p n="148">
	  <s n="168"> Tuesday, 28 October 2008 </s>
	</p>
	<p n="149">
	  <s n="169"> Western European and Other States Group (on the composition of the ICC Bureau) </s>
	</p>
	<p n="150">
	  <s n="170"> 8.45-9.45 a.m. Closed meeting Conference Room E </s>
	</p>
	<p n="151">
	  <s n="171"> African Group (Fifth Committee experts) </s>
	</p>
	<p n="152">
	  <s n="172"> 9-9.45 a.m Closed meeting Conference Room 8 </s>
	</p>
	<p n="153">
	  <s n="173"> African Group (Third Committee experts) </s>
	</p>
	<p n="154">
	  <s n="174"> 1.15-2.30 p.m Closed meeting Conference Room 8 </s>
	</p>
	<p n="155">
	  <s n="175"> JUSCANZ Group </s>
	</p>
	<p n="156">
	  <s n="176"> 9-9.45 a.m Closed meeting Conference Room 7 </s>
	</p>
	<p n="157">
	  <s n="177"> Mason Group </s>
	</p>
	<p n="158">
	  <s n="178"> 9-9.45 a.m. Closed meeting Conference Room 6 </s>
	</p>
	<p n="159">
	  <s n="179"> Eastern European Group (at the expert level) </s>
	</p>
	<p n="160">
	  <s n="180"> 10-10.45 a.m. Closed meeting Conference Room 9 </s>
	</p>
	<p n="161">
	  <s n="181"> Group of 77 (at the ambassadorial level) </s>
	</p>
	<p n="162">
	  <s n="182"> 10 a.m.-1 p.m. Closed meeting Economic and Social Council Chamber </s>
	</p>
	<p n="163">
	  <s n="183"> Group of 77 (on the draft outcome document for the Follow-up International Conference on Financing for Development to Review the Implementation of the Monterrey Consensus) </s>
	</p>
	<p n="164">
	  <s n="184"> 10 a.m.-1 p.m. Closed meeting Conference Room 8 </s>
	</p>
	<p n="165">
	  <s n="185"> Group of 77 (on the draft resolution on international environmental governance) </s>
	</p>
	<p n="166">
	  <s n="186"> 1.15-2.30 p.m. Closed meeting Conference Room D </s>
	</p>
	<p n="167">
	  <s n="187"> Group of 77 (on Fifth Committee matters) </s>
	</p>
	<p n="168">
	  <s n="188"> 2-2.45 p.m. Closed meeting Conference Room 5 </s>
	</p>
	<p n="169">
	  <s n="189"> Group of 77 (on Second Committee matters) </s>
	</p>
	<p n="170">
	  <s n="190"> 3-6 p.m. Closed meeting Conference Room 7 </s>
	</p>
	<p n="171">
	  <s n="191"> Group of the Landlocked Developing Countries (at the expert level) </s>
	</p>
	<p n="172">
	  <s n="192"> 1.15-2.30 p.m. Closed meeting Conference Room 9 </s>
	</p>
	<p n="173">
	  <s n="193"> Informal meeting for delegations on the draft omnibus resolution under agenda item 39 (Report of the United Nations High Commissioner for Refugees, questions relating to refugees, returnees and displaced persons and humanitarian questions) (Third Committee) (organized by the Permanent Mission of Norway) </s>
	</p>
	<p n="174">
	  <s n="194"> 1.15-2.30 p.m. Closed meeting Conference Room 6 </s>
	</p>
	<p n="175">
	  <s n="195"> Non-Aligned Movement: Working Group on Legal Matters (on draft resolutions on the rule of law and terrorism) </s>
	</p>
	<p n="176">
	  <s n="196"> 1.15-2.30 p.m. Closed meeting Conference Room 3 </s>
	</p>
	<p n="177">
	  <s n="197"> Arab Group (at the ambassadorial level) </s>
	</p>
	<p n="178">
	  <s n="198"> 3-6 p.m. Closed meeting Conference Room 9 </s>
	</p>
	<p n="179">
	  <s n="199"> Other activities </s>
	</p>
	<p n="180">
	  <s n="200"> The information below is reproduced as received and does not imply any opinion or endorsement by the Secretariat of the United Nations. </s>
	</p>
	<p n="181">
	  <s n="201"> Tuesday, 28 October 2008 </s>
	</p>
	<p n="182">
	  <s n="202"> Open-ended consultations on a regional meetings series in follow-up to the Third Biennial Meeting of States to Consider the Implementation of the Programme of Action to Prevent, Combat and Eradicate the Illicit Trade in Small Arms and Light Weapons (organized by the United Nations Office for Disarmament Affairs) </s>
	</p>
	<p n="183">
	  <s n="203"> From 1.15 to 2.30 p.m. in Conference Room 4. </s>
	</p>
	<p n="184">
	  <s n="204"> [For further information, please contact Ms. Vera Hanus, Conventional Arms Branch (tel. </s>
	  <s n="205"> 1 (917) 367-9254; e-mail hanus@un.org). </s>
	  <s n="206"> ] </s>
	</p>
	<p n="185">
	  <s n="207"> Press conferences </s>
	</p>
	<p n="186">
	  <s n="208"> The schedule below is tentative; up-to-date information can be obtained at &lt;www.un.org/News/ossg/conf.htm&gt;. </s>
	</p>
	<p n="187">
	  <s n="209"> Tuesday, 28 October 2008 </s>
	</p>
	<p n="188">
	  <s n="210"> Room S-226 </s>
	</p>
	<p n="189">
	  <s n="211"> 11 a.m. H.E. Mr. Vitaly I. Churkin, Permanent Representative of the Russian Federation (on the current issues of the sixty-third session of the General Assembly) </s>
	</p>
	<p n="190">
	  <s n="212"> 12 noon Press briefing by the Spokesperson </s>
	</p>
	<p n="191">
	  <s n="213"> Security Council stakeout </s>
	</p>
	<p n="192">
	  <s n="214"> Afternoon1 Mr. Alain Le Roy, Under-Secretary-General for Peacekeeping Operations (to hold a press encounter) </s>
	</p>
	<p n="193">
	  <s n="215"> 1To be held following the adjournment of the consultations of the whole of the Security Council on UNAMID. </s>
	</p>
	<p n="194">
	  <s n="216"> General Assembly </s>
	</p>
	<p n="195">
	  <s n="217"> Sixty-third session </s>
	</p>
	<p n="196">
	  <s n="218"> Drafting sessions on the draft outcome document for the Follow-up International Conference on Financing for Development to Review the Implementation of the Monterrey Consensus (Doha, Qatar, 29 November- 2 December 2008) </s>
	</p>
	<p n="197">
	  <s n="219"> In accordance with General Assembly resolution 62/187 (A/RES/62/187), drafting sessions on the draft outcome document for the Doha Review Conference (A/CONF.212/CRP.1) will be held in October and November 2008. </s>
	  <s n="220"> The schedule of meetings and the draft outcome document are posted on the Web site of the Financing for Development Office &lt;www.un.org/esa/ffd&gt;. </s>
	</p>
	<p n="198">
	  <s n="221"> All accredited stakeholders are invited to attend the drafting sessions; although only representatives of Governments and of the three major institutional stakeholders will be permitted to participate in the discussion, following the practice used in the preparatory phase for the Monterrey Conference. </s>
	</p>
	<p n="199">
	  <s n="222"> In keeping with previous practice, stakeholders are welcome to make available in writing any contributions they deem appropriate, which should be addressed to the Co-Facilitators, with a copy to the Financing for Development Office, indicating their wish to have them posted on the Financing for Development Web site. </s>
	</p>
	<p n="200">
	  <s n="223"> Forthcoming official meetings </s>
	</p>
	<p n="201">
	  <s n="224"> Wednesday, 29 October 2008 </s>
	</p>
	<p n="202">
	  <s n="225"> General Assembly </s>
	</p>
	<p n="203">
	  <s n="226"> Sixty-third session </s>
	</p>
	<p n="204">
	  <s n="227"> 10 a.m. 33rd plenary meeting General Assembly Hall </s>
	</p>
	<p n="205">
	  <s n="228"> Necessity of ending the economic, commercial and financial embargo imposed by the United States of America against Cuba </s>
	</p>
	<p n="206">
	  <s n="229"> (a) Report of the Secretary-General (A/63/93) </s>
	</p>
	<p n="207">
	  <s n="230"> (b) Draft resolution (A/63/L.4) </s>
	</p>
	<p n="208">
	  <s n="231"> Main Committees </s>
	</p>
	<p n="209">
	  <s n="232"> First Committee </s>
	</p>
	<p n="210">
	  <s n="233"> Delegations are reminded that the names of representatives, alternate representatives and advisers should be forwarded to the secretariat of the First Committee (c/o Ms. Francine Leong (room S-2977; tel. </s>
	  <s n="234"> 1 (212) 963-4389; fax 1 (212) 963-5305; e-mail leong@un.org)). </s>
	</p>
	<p n="211">
	  <s n="235"> Delegations wishing to reserve conference rooms for consultations during the session should contact Ms. Lidija Komatina (tel. </s>
	</p>
	<p n="212">
	  <s n="236"> Second Committee </s>
	</p>
	<p n="213">
	  <s n="237"> List of speakers </s>
	</p>
	<p n="214">
	  <s n="238"> The list of speakers for all items allocated to the Second Committee is open. </s>
	  <s n="239"> Delegations wishing to be inscribed are requested to contact, in writing, the secretariat of the Committee (Ms. Dolores Lois (fax 1 (212) 963-5935; or e-mail lois@un.org)). </s>
	</p>
	<p n="215">
	  <s n="240"> Composition of delegations </s>
	</p>
	<p n="216">
	  <s n="241"> Delegations are reminded that the names of representatives, alternate representatives and advisers should be submitted as soon as possible to Ms. Jennifer De Laurentis, Secretary of the Second Committee (room S-2950C; fax 1 (212) 963-5935). </s>
	</p>
	<p n="217">
	  <s n="242"> Reservation of rooms for informal “informal” consultations </s>
	</p>
	<p n="218">
	  <s n="243"> Delegations wishing to reserve rooms and schedule informal “informal” consultations are requested to contact, no later than 6 p.m. of the day before the meeting, the secretariat of the Committee (Ms. Maria Thompson (tel. </s>
	  <s n="244"> 1 (917) 367-2603; or e-mail thompsonm@un.org)). </s>
	</p>
	<p n="219">
	  <s n="245"> Information on the work of the Second Committee is available at &lt;www.un.org/ga/second/&gt;. </s>
	</p>
	<p n="220">
	  <s n="246"> Third Committee </s>
	</p>
	<p n="221">
	  <s n="247"> Listed below is the tentative schedule (subject to change) for introductory statements by Special Rapporteurs, Special Representatives, Independent Experts and Chairpersons of Working Groups who will be presenting reports to the Third Committee: </s>
	</p>
	<p n="222">
	  <s n="248"> Monday, 3 November 2008 </s>
	</p>
	<p n="223">
	  <s n="249"> 10 a.m. </s>
	</p>
	<p n="224">
	  <s n="250"> H.E. Ms. Najat Al-Hajjaji, Chairperson of the Durban Review Conference Preparatory Committee; Ms. Fatimata-Binta Victoire Dah, Chairperson of the Committee on the Elimination of Racial Discrimination (oral report); and Mr. Githu Muigai, Special Rapporteur on contemporary forms of racism, racial discrimination, xenophobia and related intolerance </s>
	</p>
	<p n="225">
	  <s n="251"> 3 p.m. </s>
	</p>
	<p n="226">
	  <s n="252"> Mr. Alexander Ivanovich Nikitin, Chairperson of the Working Group on the use of mercenaries as a means of impeding the exercise of the right of peoples to self-determination </s>
	</p>
	<p n="227">
	  <s n="253"> List of speakers </s>
	</p>
	<p n="228">
	  <s n="254"> The list of speakers on all agenda items allocated to the Third Committee is open. </s>
	  <s n="255"> Requests for inscription should be sent to Ms. Nancy Beteta (fax 1 (212) 963-5935; e-mail beteta@un.org). </s>
	</p>
	<p n="229">
	  <s n="256"> Composition of delegations </s>
	</p>
	<p n="230">
	  <s n="257"> Delegations are reminded that the names of representatives, alternate representatives and advisers, should be submitted as soon as possible to Mr. Moncef Khane, Secretary of the Third Committee (room S-2950D; fax 1 (212) 963-5935). </s>
	</p>
	<p n="231">
	  <s n="258"> Delegations wishing to reserve rooms for informal consultations on Third Committee matters are requested to contact Ms. Maria Thompson (fax 1 (212) 963-5935; tel. </s>
	</p>
	<p n="232">
	  <s n="259"> Fifth Committee </s>
	</p>
	<p n="233">
	  <s n="260"> The Fifth Committee will hold informal consultations (closed) on Wednesday, 29 October 2008, at 10 a.m. in Conference Room 5. </s>
	</p>
	<p n="234">
	  <s n="261"> General Assembly </s>
	</p>
	<p n="235">
	  <s n="262"> Committee on Relations with the Host Country </s>
	</p>
	<p n="236">
	  <s n="263"> The 240th meeting of the Committee on Relations with the Host Country will be convened on Friday, 31 October 2008, at 3 p.m. in Conference Room 8. </s>
	  <s n="264"> Delegations of Member States that wish to attend as observers should indicate their desire to do so in advance to the Secretary of the Committee (room S-3425C; fax 1 (212) 963-6430; e-mail sinha1@un.org). </s>
	  <s n="265"> The meeting will not be open to members of the press or the public. </s>
	  <s n="266"> Delegations are reminded that while any matter pertinent to the work of the Committee may be raised from the floor, they are encouraged, in accordance with the decision of the Committee adopted at its 164th meeting in March 1994, to request the formal inscription, at least 48 hours prior to the meeting, of specific items they would like to raise, keeping in mind the detailed list of topics adopted by the Committee in 1982 (see document A/50/26, paragraph 5). </s>
	  <s n="267"> Delegations are further encouraged to submit to the Secretary of the Committee (room S-3425C; fax 1 (212) 963-6430; e-mail sinha1@un.org) any relevant documentation or written statements in advance of the meeting. </s>
	</p>
	<p n="237">
	  <s n="268"> General Assembly </s>
	</p>
	<p n="238">
	  <s n="269"> Security Council </s>
	</p>
	<p n="239">
	  <s n="270"> Peacebuilding Commission </s>
	</p>
	<p n="240">
	  <s n="271"> Third session </s>
	</p>
	<p n="241">
	  <s n="272"> There will be a country-specific meeting (open) on Burundi on Wednesday, 29 October 2008, at 10 a.m. in the Economic and Social Council Chamber, to be followed by an informal meeting (closed) of the Organizational Committee. </s>
	</p>
	<p n="242">
	  <s n="273"> Convention on the Rights of Persons with Disabilities </s>
	</p>
	<p n="243">
	  <s n="274"> Conference of States Parties </s>
	</p>
	<p n="244">
	  <s n="275"> First session </s>
	</p>
	<p n="245">
	  <s n="276"> The first session of the Conference of States Parties to the Convention on the Rights of Persons with Disabilities will be held on Friday, 31 October 2008, from 10 a.m. to 1p.m., and on Monday, 3 November, from 3 to 6 p.m. in Conference Room 4. </s>
	  <s n="277"> The election of twelve members of the Committee on the Rights of Persons with Disabilities will take place on Monday, 3 November. </s>
	  <s n="278"> The provisional agenda for the Conference is contained in document CRPD/CSP/2008/2. </s>
	  <s n="279"> The draft provisional rules of procedure of the Conference of States parties to the Convention will be issued as document CRPD/CSP/2008/3. </s>
	  <s n="280"> The credentials of representatives and the names of members of a delegation issued by the Head of State or Government or by the Minister for Foreign Affairs should be submitted to the Secretary-General prior to the meeting. </s>
	  <s n="281"> The credentials may be brought or sent to the New York Office of the High Commissioner for Human Rights (room S-2914). </s>
	  <s n="282"> Further information may be found at &lt;http://www2.ohchr.org/english/bodies/crpd/crpds1.htm&gt;. </s>
	</p>
	<p n="246">
	  <s n="283"> Economic and Social Council </s>
	</p>
	<p n="247">
	  <s n="284"> United Nations Children&apos;s Fund </s>
	</p>
	<p n="248">
	  <s n="285"> Executive Board </s>
	</p>
	<p n="249">
	  <s n="286"> The Executive Board of UNICEF will hold an informal briefing on the strategic framework for collaborative relationships and partnerships, on Friday, 31 October 2008, from 9 to 10.30 a.m., at the Labouisse Hall, UNICEF House. </s>
	  <s n="287"> All interested delegations are invited to attend. </s>
	</p>
	<p n="250">
	  <s n="288"> Forthcoming informal meetings on draft proposals convened by delegations </s>
	</p>
	<p n="251">
	  <s n="289"> General Assembly </s>
	</p>
	<p n="252">
	  <s n="290"> Informal consultation on the draft resolution entitled “Safety and security of humanitarian personnel and protection of United Nations personnel” (under agenda item 65) (convened by the delegation of France) </s>
	</p>
	<p n="253">
	  <s n="291"> Wednesday, 29 October 2008, from 10 a.m. to 1 p.m. in Conference Room E. </s>
	</p>
	<p n="254">
	  <s n="292"> Informal consultations on the draft resolution entitled “Security and climate change” (under agenda item 107) (convened by the delegation of Tonga) </s>
	</p>
	<p n="255">
	  <s n="293"> Thursday, 30 October 2008, from 3 to 6 p.m. in Conference Room 9. </s>
	</p>
	<p n="256">
	  <s n="294"> Second Committee </s>
	</p>
	<p n="257">
	  <s n="295"> Informal consultations on the draft resolution on the protection of global climate for present and future generations of mankind (under agenda item 49 (d)) (convened by the delegation of Sweden) </s>
	</p>
	<p n="258">
	  <s n="296"> Thursday, 30 October 2008, from 9 to 10 a.m. in Conference Room B; </s>
	</p>
	<p n="259">
	  <s n="297"> Tuesday, 4 November 2008, from 3 to 6 p.m. in Conference Room B; and </s>
	</p>
	<p n="260">
	  <s n="298"> Thursday, 6 November 2008, from 3 to 4.30 p.m. in Conference Room B. </s>
	</p>
	<p n="261">
	  <s n="299"> Informal consultations on the draft resolution the follow-up to and implementation of the Mauritius Strategy for the Further Implementation of the Programme of Action for the Sustainable Development of Small Island Developing States (under agenda item 49 (g)) (convened by the delegation of Guatemala) </s>
	</p>
	<p n="262">
	  <s n="300"> Thursday, 30 October 2008, from 10 a.m. to 1 p.m. in Conference Room B; and </s>
	</p>
	<p n="263">
	  <s n="301"> Monday, 3 November 2008, from 4.30 to 6 p.m. in Conference Room B. </s>
	</p>
	<p n="264">
	  <s n="302"> Informal consultations on the draft resolution on the implementation of the United Nations Convention to Combat Desertification in Those Countries Experiencing Serious Drought and/or Desertification, Particularly in Africa (under agenda item 49 (e)) (convened by the delegation of Lebanon) </s>
	</p>
	<p n="265">
	  <s n="303"> Thursday, 30 October 2008, from 1.30 to 2.45 p.m. in Conference Room B; </s>
	</p>
	<p n="266">
	  <s n="304"> Monday, 3 November 2008, from 10 to 11.30 a.m. in Conference Room B; </s>
	</p>
	<p n="267">
	  <s n="305"> Wednesday, 5 November 2008, from 10 to 11.30 a.m. in Conference Room B; and </s>
	</p>
	<p n="268">
	  <s n="306"> Friday, 7 November 2008, from 10 to 11.30 a.m. in Conference Room B. </s>
	</p>
	<p n="269">
	  <s n="307"> Informal consultations on the draft resolution on operational activities for development (under agenda item 54) (convened by the delegation of Switzerland) </s>
	</p>
	<p n="270">
	  <s n="308"> Thursday, 30 October 2008, from 3 to 6 p.m. in Conference Room B; and </s>
	</p>
	<p n="271">
	  <s n="309"> Thursday, 6 November 2008, from 4.30 to 6 p.m. in Conference Room B. </s>
	</p>
	<p n="272">
	  <s n="310"> Informal consultations on the draft resolution on the report of the Governing council of the United Nations Environment Programme on its twenty-fourth session (under agenda item 49 (g)) (convened by the delegation of Germany) </s>
	</p>
	<p n="273">
	  <s n="311"> Friday, 31 October 2008, from 11.30 a.m. to 1 p.m. in Conference Room B. </s>
	</p>
	<p n="274">
	  <s n="312"> Informal consultations on the draft resolution on the Convention on Biological Diversity (CDB) (under agenda item 49 (f)) (convened by the delegation of Portugal) </s>
	</p>
	<p n="275">
	  <s n="313"> Friday, 31 October 2008, from 3 to 4.30 p.m. in Conference Room B. </s>
	</p>
	<p n="276">
	  <s n="314"> Informal consultations on the draft resolution on reliable transit of energy and its role in ensuring sustainable economic development and international cooperation (under agenda item 49) (convened by the delegation of Turkmenistan) </s>
	</p>
	<p n="277">
	  <s n="315"> Friday, 31 October 2008, from 4.30 to 6 p.m. in Conference Room B. </s>
	</p>
	<p n="278">
	  <s n="316"> Third Committee </s>
	</p>
	<p n="279">
	  <s n="317"> Informal consultations on the draft resolution entitled “Combating defamation of religions” (under agenda item 64 (b)) (convened by the delegation of Uganda in its capacity as Chair of the OIC Group) </s>
	</p>
	<p n="280">
	  <s n="318"> Wednesday, 29 October 2008, from 10 a.m. to 1 p.m. in Conference Room 9. </s>
	</p>
	<p n="281">
	  <s n="319"> Informal consultations on the draft resolution entitled “Protection of migrants” (under agenda item 64 (b)) (convened by the delegation of Mexico) </s>
	</p>
	<p n="282">
	  <s n="320"> Wednesday, 29 October 2008, from 10 a.m. to 1 p.m. in Conference Room C-209B; and </s>
	</p>
	<p n="283">
	  <s n="321"> Friday, 7 November 2008, from 1.15 to 2.45 p.m. in Conference Room C. </s>
	</p>
	<p n="284">
	  <s n="322"> Informal consultations on the draft resolution entitled “Trafficking in women and girls” (under agenda item 56 (a)) (convened by the delegation of the Philippines) </s>
	</p>
	<p n="285">
	  <s n="323"> Wednesday, 29 October 2008, from 10 a.m. to 1 p.m. in Conference Room C; and </s>
	</p>
	<p n="286">
	  <s n="324"> Tuesday, 4 November 2008, from 10 a.m. to 1 p.m. in Conference Room C-209B. </s>
	</p>
	<p n="287">
	  <s n="325"> Meeting of co-sponsors of the draft resolution entitled “Protection of human rights and fundamental freedoms while countering terrorism” (under agenda item 64 (b)) (convened by the delegation of Mexico) </s>
	</p>
	<p n="288">
	  <s n="326"> Wednesday, 29 October 2008, from 10 to 11.30 a.m. in Conference Room B. </s>
	</p>
	<p n="289">
	  <s n="327"> Informal consultations on the draft resolution entitled “Human rights and extreme poverty” (under item 64 (b)) (convened by the delegation of Peru) </s>
	</p>
	<p n="290">
	  <s n="328"> Wednesday 29 October 2008, from 1.15 to 3 p.m. in Conference Room B. </s>
	</p>
	<p n="291">
	  <s n="329"> Informal consultations on the draft resolution entitled “International Convention for the Protection of All Persons from Enforced Disappearance” (under agenda item 64 (b)) (convened by the delegation of Argentina) </s>
	</p>
	<p n="292">
	  <s n="330"> Wednesday, 29 October 2008, from 1.15 to 2.45 p.m. in the back of Conference Room C-209B. </s>
	</p>
	<p n="293">
	  <s n="331"> Informal consultations on the draft resolution on the role of the Ombudsman and mediation institutions in the promotion and protection of human rights (under agenda item 64 (b)) (convened by the delegation of Morocco) </s>
	</p>
	<p n="294">
	  <s n="332"> Wednesday 29 October 2008, from 1.15 to 3 p.m. in Conference Room C. </s>
	</p>
	<p n="295">
	  <s n="333"> Informal consultations on draft resolution A/C.3/63/L.5, entitled “Implementation of the outcome of the World Summit for Social Development and of the twenty-fourth special session of the General Assembly” (under agenda item 55 (a)) (convened by the delegation of Antigua and Barbuda) </s>
	</p>
	<p n="296">
	  <s n="334"> Wednesday, 29 October 2008, from 3 to 6 p.m. in Conference Room 9; and </s>
	</p>
	<p n="297">
	  <s n="335"> Thursday, 30 October 2008, from 1.15 to 2.45 p.m. in Conference Room 6. </s>
	</p>
	<p n="298">
	  <s n="336"> Informal consultations on draft resolution A/C.3/63/L.9, entitled “Improving the coordination of efforts against trafficking in persons” (under agenda item 97) (convened by the delegation of Belarus) </s>
	</p>
	<p n="299">
	  <s n="337"> Wednesday, 29 October 2008, from 3 to 6 p.m. in Conference Room C-209B; and </s>
	</p>
	<p n="300">
	  <s n="338"> Friday, 31 October 2008, from 10 to 1 p.m. in Conference Room C-209B. </s>
	</p>
	<p n="301">
	  <s n="339"> Informal consultations on the draft resolution entitled “International Research and Training Institute for the Advancement of Women (INSTRAW)” (under agenda item 56 (a)) (Third Committee) (convened by the delegation of the Bolivarian Republic of Venezuela) </s>
	</p>
	<p n="302">
	  <s n="340"> Wednesday, 29 October 2008, from 3 to 5 p.m. in the back of Conference Room 1. </s>
	</p>
	<p n="303">
	  <s n="341"> Informal consultations on the draft resolution entitled “International Year for Human Rights Learning” (under agenda item 64 (b) (convened by the delegation of Benin) </s>
	</p>
	<p n="304">
	  <s n="342"> Wednesday, 29 October 2008, from 3 to 6 p.m. in Conference Room 7. </s>
	</p>
	<p n="305">
	  <s n="343"> Informal consultations on the draft resolution entitled “Moratorium on the use of the death penalty” (under item 64 (b)) (Third committee) (convened by the delegation of Chile) </s>
	</p>
	<p n="306">
	  <s n="344"> Wednesday, 29 October 2008, from 3 to 4.30 p.m. in Conference Room D. </s>
	</p>
	<p n="307">
	  <s n="345"> Informal consultations on draft resolution entitled “Rights of the child” (under agenda item 60 (a)) (convened by the delegation of Uruguay) </s>
	</p>
	<p n="308">
	  <s n="346"> Wednesday, 29 October 2008, from 3 to 6 p.m. in Conference Room C; and </s>
	</p>
	<p n="309">
	  <s n="347"> Friday, 31 October 2008, from 10 a.m. to 1 p.m. in Conference Room C. </s>
	</p>
	<p n="310">
	  <s n="348"> Informal consultations on the draft resolution on Programme 19 (under agenda item 119) (convened by the delegations of Morocco and Switzerland) </s>
	</p>
	<p n="311">
	  <s n="349"> Wednesday, 29 October 2008, from 4.30 to 6 p.m. in Conference Room D; and </s>
	</p>
	<p n="312">
	  <s n="350"> Friday, 31 October 2008, from 3 to 6 p.m. in Conference Room C-209B. </s>
	</p>
	<p n="313">
	  <s n="351"> Informal consultations on draft resolution A/C.3/63/L.3, entitled “Implementation of the World Programme of Action concerning Disabled Persons: realizing the Millennium Development Goals for persons with disabilities” (under agenda item 55 (e)) (convened by the delegation of the Philippines) </s>
	</p>
	<p n="314">
	  <s n="352"> Thursday, 30 October 2008, from 10 a.m. to 1 p.m. in Conference Room C. </s>
	</p>
	<p n="315">
	  <s n="353"> Informal consultations on draft resolution A/C.3/63/L.8, entitled “International cooperation against the world drug problem” (under agenda item 98) (convened by the delegation of Mexico) </s>
	</p>
	<p n="316">
	  <s n="354"> Thursday, 30 October 2008, from 10 a.m. to 1 p.m. in Conference Room C-209B. </s>
	</p>
	<p n="317">
	  <s n="355"> Meeting of co-sponsors on the draft resolution on globalization and its impact on the full enjoyment of all human rights (under agenda item 64 (b)) (convened by the delegation of Egypt) </s>
	</p>
	<p n="318">
	  <s n="356"> Thursday, 30 October 2008, from 1 to 3 p.m. in Conference Room C-209B. </s>
	</p>
	<p n="319">
	  <s n="357"> Informal consultations on draft resolution A/C.3/63/L.10, entitled “Strengthening the United Nations Crime Prevention and Criminal Justice Programme, in particular its technical cooperation capacity” (under agenda item 97) (Third Committee) (convened by the delegation of Italy) </s>
	</p>
	<p n="320">
	  <s n="358"> Thursday, 30 October 2008, from 3 to 6 p.m. in Conference Room C-209B; and </s>
	</p>
	<p n="321">
	  <s n="359"> Friday, 31 October 2008, from 3 to 4.30 p.m. in Conference Room E. </s>
	</p>
	<p n="322">
	  <s n="360"> Meeting of co-sponsors on the draft resolution on the elimination of all forms of intolerance and of discrimination based on religion and belief (under agenda item 64 (b)) (convened by the delegation of France) </s>
	</p>
	<p n="323">
	  <s n="361"> Thursday, 30 October 2008, from 3 to 6 p.m. in Conference Room C; and </s>
	</p>
	<p n="324">
	  <s n="362"> Friday, 31 October 2008, from 1.15 to 3 p.m. in Conference Room C. </s>
	</p>
	<p n="325">
	  <s n="363"> Informal consultations on the draft resolution entitled “Follow-up to the Fourth World Conference on Women and full implementation of the Beijing Declaration and Platform for Action and the outcome of the twenty-third special session of the General Assembly” (under agenda item 56 (b)) (convened by the delegation of Armenia) </s>
	</p>
	<p n="326">
	  <s n="364"> Friday, 31 October 2008, from 3 to 6 p.m. in Conference Room C. </s>
	</p>
	<p n="327">
	  <s n="365"> Informal consultations on the draft resolution entitled “Inadmissibility of certain practices that contribute to fuelling contemporary forms of racism, racial discrimination, xenophobia and related intolerance” (under agenda item 62 (a) (convened by the delegation of the Russian Federation) </s>
	</p>
	<p n="328">
	  <s n="366"> Friday, 31 October 2008, from 4.30 to 6 p.m. in Conference Room E. </s>
	</p>
	<p n="329">
	  <s n="367"> Other forthcoming meetings </s>
	</p>
	<p n="330">
	  <s n="368"> The information below is reproduced as received and does not imply any opinion or endorsement by the Secretariat of the United Nations. </s>
	</p>
	<p n="331">
	  <s n="369"> OIC Group (Third Committee experts) </s>
	</p>
	<p n="332">
	  <s n="370"> Wednesday, 29 October 2008, from 1.15 to 2.30 p.m. in Conference Room 9. </s>
	</p>
	<p n="333">
	  <s n="371"> Western European and Other States Group (monthly meeting) </s>
	</p>
	<p n="334">
	  <s n="372"> Wednesday, 29 October 2008, from 3 to 6 p.m. in Conference Room 8. </s>
	</p>
	<p n="335">
	  <s n="373"> African Group (Third Committee experts) </s>
	</p>
	<p n="336">
	  <s n="374"> Thursday, 30 October 2008, from 1.15 to 2.45 p.m. in Conference Room 3. </s>
	</p>
	<p n="337">
	  <s n="375"> United Nations Development Programme (meeting in the process of consultation with Member States on the Human Development Reports 2008 and 2009) (open to all interested delegations) </s>
	</p>
	<p n="338">
	  <s n="376"> Monday, 17 November 2008, from 11 a.m. to 12.30 p.m. in the Economic and Social Council Chamber. </s>
	</p>
	<p n="339">
	  <s n="377"> Forthcoming other activities </s>
	</p>
	<p n="340">
	  <s n="378"> The information below is reproduced as received and does not imply any opinion or endorsement by the Secretariat of the United Nations. </s>
	</p>
	<p n="341">
	  <s n="379"> Discussion on “Changing nature of conflict: Are children well protected under international humanitarian law?” (organized by the Office of the Special Representative of the Secretary-General for Children and Armed Conflict and the International Committee of the Red Cross (ICRC)) </s>
	</p>
	<p n="342">
	  <s n="380"> Thursday, 30 October 2008, from 1.15 to 2.45 p.m. in Conference Room 7. </s>
	</p>
	<p n="343">
	  <s n="381"> [All Member States and non-governmental organizations are invited to attend. </s>
	  <s n="382"> For more information, please contact Mr. Fernando Falcon (tel. </s>
	  <s n="383"> 1 (917) 367-8234; e-mail falcon@un.org; or Mr. Luca Solimeo (tel. </s>
	  <s n="384"> 1 (917) 367-3563; e-mail solimeo@un.org. </s>
	  <s n="385"> )] </s>
	</p>
	<p n="344">
	  <s n="386"> UNU briefing on “An interactive dialogue on UNU New York programs: Present and future” (organized by the United Nations University Office at the United Nations, New York) </s>
	</p>
	<p n="345">
	  <s n="387"> Thursday, 30 October 2008, from 1.30 to 2.30 p.m. in Conference Room 9. </s>
	</p>
	<p n="346">
	  <s n="388"> [All are invited to attend. </s>
	  <s n="389"> For further information and to register, please visit &lt;www.ony.unu.edu&gt;; or contact Ms. Díni Silveira, UNU-ONY (tel. </s>
	  <s n="390"> 1 (212) 963-6387; e-mail dini@ony.unu.edu). </s>
	  <s n="391"> ] </s>
	</p>
	<p n="347">
	  <s n="392"> Special event on “Enhancing Pacific connectivity” (organized by UN-OHRLLS, in partnership with the United Nations Economic and Social Commission for Asia and the Pacific and the Special Unit for South-South Cooperation, United Nations Development Programme) </s>
	</p>
	<p n="348">
	  <s n="393"> Wednesday, 5 November 2008, from 10 a.m. to 1 p.m. and from 3 to 6 p.m. in Conference Room 9. </s>
	</p>
	<p n="349">
	  <s n="394"> [All are invited to attend. </s>
	  <s n="395"> For further information, please contact Ms. Nelly Ahouilihoua, UN-OHRLLS (tel. </s>
	  <s n="396"> 1 (917) 367-4283; e-mail ahouilihoua@un.org). </s>
	  <s n="397"> ] </s>
	</p>
	<p n="350">
	  <s n="398"> Forthcoming meetings held away from Headquarters </s>
	</p>
	<p n="351">
	  <s n="399"> Economic and Social Council </s>
	</p>
	<p n="352">
	  <s n="400"> United Nations Forum on Forests </s>
	</p>
	<p n="353">
	  <s n="401"> Open-Ended Ad Hoc Expert Group to Develop Proposals for the Development of a Voluntary Global Financial Mechanism/Portfolio Approach/Forest Financing Framework </s>
	</p>
	<p n="354">
	  <s n="402"> United Nations Office at Vienna </s>
	</p>
	<p n="355">
	  <s n="403"> The Open-Ended Ad Hoc Expert Group of the United Nations Forum on Forests to Develop Proposals for the Development of a Voluntary Global Financial Mechanism/Portfolio Approach/Forest Financing Framework will meet in Vienna from Monday, 10, to Friday, 14 November 2008. </s>
	  <s n="404"> In order to facilitate the issuance of identification badges by the United Nations Office at Vienna, Member States are requested to communicate the composition of their Delegations to the secretariat of the Forum (fax 1 (917) 367-3186; room DC1-1245; tel. </s>
	  <s n="405"> 1 (212) 963-3401 and 1 (212) 963-3160). </s>
	  <s n="406"> For further information, please visit the UNFF Web site at &lt;www.un.org/esa/forests/&gt;. </s>
	</p>
	<p n="356">
	  <s n="407"> Announcements </s>
	</p>
	<p n="357">
	  <s n="408"> United Nations Administrative Tribunal (27 October-26 November 2008) </s>
	</p>
	<p n="358">
	  <s n="409"> The United Nations Administrative Tribunal will hold closed meetings every day until Wednesday, 26 November 2008, from 10 a.m. to 1 p.m. and from 3 to 6 p.m., in Suite 625 (DC2 Building). </s>
	</p>
	<p n="359">
	  <s n="410"> Preparations for the fifty-third session of the Commission on the Status of Women </s>
	</p>
	<p n="360">
	  <s n="411"> In preparation for the fifty-third session of the Commission on the Status of Women (2-13 March 2009), delegations are invited to propose names of expert panellists to participate in two panel discussions on the following themes: (a) Key policy initiatives and innovative approaches to promote the equal sharing of responsibilities between women and men, including care-giving in the context of HIV/AIDS; and (b) Capacity building for mainstreaming a gender perspective into national policies and programmes to support the equal sharing of responsibilities between women and men, including care-giving in the context of HIV/AIDS. </s>
	  <s n="412"> Delegations are requested to submit names indicating the panel for which the expert(s) is (are) being nominated and to provide curricula vitae outlining the specific expertise and experience of the proposed candidate in relation to the theme of the panel. </s>
	  <s n="413"> Information should be sent to the Division for the Advancement of Women (e-mail jagwanth@un.org or williams-carter@un.org; fax 1 (212) 963-3463), no later than Friday, 28 November 2008. </s>
	  <s n="414"> Further details on the panel discussions will be made available at &lt;www.un.org/womenwatch/daw/csw/53sess.htm#interactive&gt;. </s>
	</p>
	<p n="361">
	  <s n="415"> Launch of the new Web site of the United Nations Office for Disarmament Affairs (UNODA) </s>
	</p>
	<p n="362">
	  <s n="416"> The United Nations Office for Disarmament Affairs is pleased to announce the launch of its newly revamped and improved Web site &lt;www.un.org/disarmament&gt;. </s>
	  <s n="417"> For further information, please e-mail UNODA-web@un.org. </s>
	</p>
	<p n="363">
	  <s n="418"> General Assembly Credentials of representatives to the sixty-third session of the General Assembly </s>
	</p>
	<p n="364">
	  <s n="419"> Delegations are reminded that credentials should be issued for all representatives to the sixty-third regular session of the General Assembly, in accordance with rule 27 of the rules of procedure of the General Assembly. </s>
	  <s n="420"> Credentials should be sent to the secretariat of the Credentials Committee (room S-3420B or S-3420D; tel. </s>
	  <s n="421"> 1 (212) 963-5352 or 963-1107). </s>
	</p>
	<p n="365">
	  <s n="422"> Launch of the new Web site of the United Nations Treaty Collection </s>
	</p>
	<p n="366">
	  <s n="423"> The Treaty Section of the Office of Legal Affairs is pleased to announce its new and substantially enhanced Web site in English and French at &lt;treaties.un.org&gt;. </s>
	  <s n="424"> The Web site, known as the United Nations Treaty Collection (UNTC), is the authoritative source of information on multilateral treaties deposited with the Secretary-General and treaties registered with the Secretariat. </s>
	  <s n="425"> A user name and password are no longer needed to access the collection. </s>
	  <s n="426"> For further information, please contact the Treaty Section (tel. </s>
	  <s n="427"> 1 (212) 963-5047). </s>
	</p>
	<p n="367">
	  <s n="428"> Trust Fund for the Follow-up to the International Conference on Financing for Development </s>
	</p>
	<p n="368">
	  <s n="429"> The Trust Fund for the Follow-up to the International Conference on Financing for Development seeks voluntary contributions in order to support the activities involved in the preparations for the Doha Review Conference in 2008, and to support the travel and participation of representatives of developing countries, in particular least developed countries (para. </s>
	  <s n="430"> 12 of General Assembly resolution 62/187 (A/RES/62/187)). </s>
	  <s n="431"> The Secretary-General issued, on 6 June 2008, a note verbale to all Governments through their Permanent Missions, appealing for voluntary contributions to the Trust Fund. </s>
	  <s n="432"> In accordance with the terms of reference of the Trust Fund, voluntary contributions may be received from Governments, intergovernmental and non-governmental organizations, private institutions and individuals. </s>
	</p>
	<p n="369">
	  <s n="433"> For further information on the Trust Fund, please contact Ms. Dominika Halka, Financing for Development Office, DESA (tel. </s>
	  <s n="434"> 1 (212) 963-6653; e-mail halka@un.org); or visit &lt;www.un.org/esa/ffd/trustfund/&gt;. </s>
	</p>
	<p n="370">
	  <s n="435"> Security Council Web site of the presidency </s>
	</p>
	<p n="371">
	  <s n="436"> The Web site of the presidency of the Security Council can be visited at &lt;www.un.org/sc/presidency.asp&gt;. </s>
	</p>
	<p n="372">
	  <s n="437"> Recorded information </s>
	</p>
	<p n="373">
	  <s n="438"> Recorded information about previously unscheduled meetings and consultations of the whole of the Security Council may be obtained by calling 1 (212) 963-8530, or by clicking on “Daily Programme” on the Web site of the Security Council &lt;www.un.org/Docs/sc&gt;. </s>
	</p>
	<p n="374">
	  <s n="439"> Prepared statements </s>
	</p>
	<p n="375">
	  <s n="440"> Speakers in the Security Council are advised that providing in advance copies of prepared statements which they intend to read out in the Council greatly facilitates the work of the Secretariat by permitting a sufficient number of copies to be distributed to all meeting participants and by assisting interpreters, verbatim reporters and press officers in maintaining the quality of the product delivered. </s>
	  <s n="441"> Both interpretations and verbatim records rely upon the statement actually delivered, but copies of texts help interpreters to correctly render details and nuances and help verbatim reporters to produce the written record more quickly. </s>
	  <s n="442"> Speakers are therefore encouraged, whenever possible, to provide copies of their statements, as early as possible in advance of delivery, to the Conference Officer in the Chamber. </s>
	</p>
	<p n="376">
	  <s n="443"> Delegations are kindly requested to make 40 copies for minimum distribution to Council members and relevant services, and 200 additional copies for general distribution in the Security Council Chamber. </s>
	</p>
	<p n="377">
	  <s n="444"> Delegations wishing to make statements available for the media are kindly requested to deliver 50 copies to the Media Documents Centre (room S-394). </s>
	</p>
	<p n="378">
	  <s n="445"> Access to back issues of the Journal of the United Nations </s>
	</p>
	<p n="379">
	  <s n="446"> Back issues of the Journal of the United Nations, in English and French, can be accessed at the following addresses: &lt;www.un.org/ga/search/journal.asp&gt; and &lt;www.un.org/french/ga/search/journal.asp&gt;. </s>
	</p>
	<p n="380">
	  <s n="447"> [All comments and suggestions about the daily Journal are welcomed. </s>
	  <s n="448"> Kindly contact the Journal Unit at journal@un.org. </s>
	  <s n="449"> ] </s>
	</p>
	<p n="381">
	  <s n="450"> Summary of official meetings </s>
	</p>
	<p n="382">
	  <s n="451"> Friday, 24 October 2008 </s>
	</p>
	<p n="383">
	  <s n="452"> General Assembly </s>
	</p>
	<p n="384">
	  <s n="453"> Sixty-third session </s>
	</p>
	<p n="385">
	  <s n="454"> Main Committees </s>
	</p>
	<p n="386">
	  <s n="455"> First Committee </s>
	</p>
	<p n="387">
	  <s n="456"> 17th meeting The Committee continued its second stage of work, namely the “Thematic discussion on item subjects and introduction and consideration of all draft resolutions submitted under items 81 to 96”. </s>
	</p>
	<p n="388">
	  <s n="457"> The Secretary of the Committee made a statement. </s>
	</p>
	<p n="389">
	  <s n="458"> The meeting was suspended in order to hear statements by the Chief of the Regional Disarmament Branch, the Director of the United Nations Centre for Peace and Disarmament in Africa, the Director of the United Nations Centre for Peace and Disarmament in Asia and the Pacific and the Director of the United Nations Centre for Peace, Disarmament and Development in Latin America and the Caribbean, in an informal setting. </s>
	</p>
	<p n="390">
	  <s n="459"> The meeting was resumed. </s>
	</p>
	<p n="391">
	  <s n="460"> The Chairman opened the thematic discussion on regional disarmament and security. </s>
	</p>
	<p n="392">
	  <s n="461"> Statements were made by the representatives of Brazil (on behalf of the MERCOSUR and associated States), Angola (on behalf of the United Nations Standing Advisory Committee on the Security Questions in Central Africa), Myanmar, Pakistan, Azerbaijan, Colombia, Algeria, Malta, Peru and Nepal. </s>
	</p>
	<p n="393">
	  <s n="462"> Draft resolutions were introduced by the representatives of Angola (Regional confidence-building measures: activities of the United Nations Standing Advisory Committee on Security Questions in Central Africa); Pakistan (Conclusion of effective international arrangements to assure non-nuclear-weapon States against the use or threat of use of nuclear weapons) (Regional disarmament) (Conventional arms control at the regional and subregional levels) (Confidence-building measures in the regional and subregional context); Algeria (Strengthening of security and cooperation in the Mediterranean region); Peru (United Nations Regional Centre for Peace, Disarmament and Development in Latin America and the Caribbean); and Nepal (United Nations Regional Centre for Peace and Disarmament in Asia and the Pacific). </s>
	</p>
	<p n="394">
	  <s n="463"> The Committee thus concluded the thematic discussion on regional disarmament and security and continued the thematic discussion on disarmament machinery. </s>
	</p>
	<p n="395">
	  <s n="464"> Statements were made by the representatives of the Netherlands, the Bolivarian Republic of Venezuela, Turkey, Norway and Saudi Arabia. </s>
	</p>
	<p n="396">
	  <s n="465"> Draft resolutions were introduced by the representatives of the Netherlands (Report of the Disarmament Commission); and the Bolivarian Republic of Venezuela (Report of the Conference on Disarmament). </s>
	</p>
	<p n="397">
	  <s n="466"> The Chairman made a statement. </s>
	</p>
	<p n="398">
	  <s n="467"> Monday, 27 October 2008 </s>
	</p>
	<p n="399">
	  <s n="468"> Security Council </s>
	</p>
	<p n="400">
	  <s n="469"> 6001st meeting The situation in Côte d&apos;Ivoire </s>
	</p>
	<p n="401">
	  <s n="470"> Eighteenth progress report of the Secretary-General on the United Nations Operation in Côte d&apos;Ivoire (S/2008/645) </s>
	</p>
	<p n="402">
	  <s n="471"> The agenda was adopted without objection. </s>
	</p>
	<p n="403">
	  <s n="472"> The President, with the consent of the Council, extended an invitation under rule 37 of the Council&apos;s provisional rules of procedure to the representative of Côte d&apos;Ivoire, at his request, to participate in the consideration of the item without the right to vote, in accordance with the relevant rule of procedure. </s>
	</p>
	<p n="404">
	  <s n="473"> In accordance with the understanding reached in the Council&apos;s prior consultations, the President extended an invitation under rule 39 of the Council&apos;s provisional rules of procedure to Mr. Young-Jin Choi, Special Representative of the Secretary-General for Côte d&apos;Ivoire and Head of the United Nations Operation in Côte d&apos;Ivoire. </s>
	</p>
	<p n="405">
	  <s n="474"> The Council heard a briefing by Mr. Choi. </s>
	</p>
	<p n="406">
	  <s n="475"> General Assembly </s>
	</p>
	<p n="407">
	  <s n="476"> Sixty-third session </s>
	</p>
	<p n="408">
	  <s n="477"> 31st plenary meeting Report of the International Atomic Energy Agency (A/63/276) </s>
	</p>
	<p n="409">
	  <s n="478"> (a) Note by the Secretary-General (A/63/276) </s>
	</p>
	<p n="410">
	  <s n="479"> (b) Draft resolution (A/63/L.6) </s>
	</p>
	<p n="411">
	  <s n="480"> H.E. Mr. Mohamed ElBaradei, Director-General of the International Atomic Agency, made a statement, in the course of which he presented the report of the Agency for the year 2007. </s>
	</p>
	<p n="412">
	  <s n="481"> The representative of Algeria made a statement, in the course of which he introduced draft resolution A/63/L.6. </s>
	</p>
	<p n="413">
	  <s n="482"> Statements were made by the representatives of France (on behalf of the European Union and those countries that aligned themselves with the statement), Brazil (on behalf of the Southern Common Market (MERCOSUR) and the associated States), Cuba, the Islamic Republic of Iran, Switzerland, Belarus, South Africa, the Sudan, Kuwait, China, the Russian Federation, Egypt, Singapore, Indonesia, Pakistan and Kazakhstan. </s>
	</p>
	<p n="414">
	  <s n="483"> Programme of work </s>
	</p>
	<p n="415">
	  <s n="484"> The General Assembly was informed that consideration of sub-item (a) of agenda item 104 (Election of twenty members of the Committee for Programme and Coordination), scheduled for Monday, 27 October 2008, had been postponed to a later date to be announced. </s>
	</p>
	<p n="416">
	  <s n="485"> 32nd plenary meeting Report of the International Atomic Energy Agency (A/63/276) </s>
	</p>
	<p n="417">
	  <s n="486"> (a) Note by the Secretary-General (A/63/276) </s>
	</p>
	<p n="418">
	  <s n="487"> (b) Draft resolution (A/63/L.6) </s>
	</p>
	<p n="419">
	  <s n="488"> The General Assembly continued its consideration of agenda item 80. </s>
	</p>
	<p n="420">
	  <s n="489"> Statements were made by the representatives of Malaysia, Japan, the Philippines, Angola, Thailand, Ukraine, the Republic of Korea and Benin. </s>
	</p>
	<p n="421">
	  <s n="490"> The representative of the Democratic People&apos;s Republic of Korea made a statement in explanation of vote before the vote. </s>
	</p>
	<p n="422">
	  <s n="491"> The General Assembly adopted draft resolution A/63/L.6 (resolution 63/6). </s>
	</p>
	<p n="423">
	  <s n="492"> Statements in the exercise of the right of reply were made by the representatives of Japan and the Democratic People&apos;s Republic of Korea. </s>
	</p>
	<p n="424">
	  <s n="493"> The General Assembly thus concluded its consideration of agenda item 80. </s>
	</p>
	<p n="425">
	  <s n="494"> Appointment of members of the Committee on Conferences: Note by the Secretary-General (A/63/107) [105 (g)] </s>
	</p>
	<p n="426">
	  <s n="495"> The General Assembly took note of the appointment by the President of the Assembly of the Congo, France, Malaysia, Mozambique, the Philippines and the Russian Federation as members of the Committee on Conferences for a three-year term of office, beginning on 1 January 2009. </s>
	</p>
	<p n="427">
	  <s n="496"> The President informed the Assembly that consultations would continue to be held regarding the remaining vacant seat from among the Latin American and Caribbean States. </s>
	</p>
	<p n="428">
	  <s n="497"> The General Assembly thus concluded this stage of its consideration of sub-item (g) agenda item 105. </s>
	</p>
	<p n="429">
	  <s n="498"> Implementation of the resolutions of the United Nations </s>
	</p>
	<p n="430">
	  <s n="499"> The General Assembly decided to defer consideration of agenda item 109 to its sixty-fourth session and to include it in the provisional agenda of the sixty-fourth session. </s>
	</p>
	<p n="431">
	  <s n="500"> The General Assembly thus concluded its consideration of agenda item 109. </s>
	</p>
	<p n="432">
	  <s n="501"> Main Committees </s>
	</p>
	<p n="433">
	  <s n="502"> First Committee </s>
	</p>
	<p n="434">
	  <s n="503"> 18th meeting The Committee continued its second stage of work, namely the “Thematic discussion on item subjects and introduction and consideration of all draft resolutions submitted under items 81 to 96”. </s>
	</p>
	<p n="435">
	  <s n="504"> The thematic discussion on disarmament machinery was continued. </s>
	</p>
	<p n="436">
	  <s n="505"> Statements were made by the representatives of Cuba, Malaysia, Canada, India, Chile, and Nigeria. </s>
	</p>
	<p n="437">
	  <s n="506"> Draft resolutions were introduced by the representatives of Malaysia (“Follow-up to the advisory opinion of the International Court of Justice on the Legality of the Threat or Use of Nuclear Weapons”); and Nigeria (“United Nations disarmament fellowship, training and advisory services”) (“United Nations Regional Centre for Peace and Disarmament in Africa”). </s>
	</p>
	<p n="438">
	  <s n="507"> The Committee thus concluded the thematic discussion on disarmament machinery. </s>
	</p>
	<p n="439">
	  <s n="508"> The meeting was suspended for an informal panel discussion with representatives of non-governmental organizations, followed by a question-and-answer period. </s>
	</p>
	<p n="440">
	  <s n="509"> On the issue of nuclear weapons and outer space, statements were made by Ms. Setsuko Thurlow (Hibakusha); Mr. John Loretz (International Physicians for the Prevention of Nuclear War (IPPNW)); and Mr. Ben Baseley Walker (Secure World Foundation). </s>
	  <s n="510"> On the issue of conventional weapons, statements were made by Mr. Raza Shah Khan (Cluster Munition Coalition (CMC)); Ms. Rebecca Peters (International Action Network on Small Arms (IANSA)); Ms. Widad Akrawi (International Action Network on Small Arms (IANSA)); and Mr. C. Edward Rowe (World Forum for the Future of Sport Shooting Activities (WFSA)). </s>
	</p>
	<p n="441">
	  <s n="511"> The meeting was resumed. </s>
	</p>
	<p n="442">
	  <s n="512"> The Committee thus concluded its second stage of work, namely the “Thematic discussion on item subjects and introduction and consideration of all draft resolutions submitted under items 81 to 96”. </s>
	</p>
	<p n="443">
	  <s n="513"> The Chairman made a statement. </s>
	</p>
	<p n="444">
	  <s n="514"> The Secretary of the Committee made a statement. </s>
	</p>
	<p n="445">
	  <s n="515"> A statement was made by the representative of Indonesia on the organization of work. </s>
	</p>
	<p n="446">
	  <s n="516"> Special Political and Decolonization Committee (Fourth Committee) </s>
	</p>
	<p n="447">
	  <s n="517"> 17th meeting Comprehensive review of the whole question of peacekeeping operations in all their aspects </s>
	</p>
	<p n="448">
	  <s n="518"> General debate </s>
	</p>
	<p n="449">
	  <s n="519"> The Committee continued its general debate on this agenda item with statements by the representatives of Thailand, Jamaica, Kenya, Jordan, Bangladesh, China, Sri Lanka, the Philippines, Ukraine, the Democratic People&apos;s Republic of Korea, Norway, Viet Nam, Kazakhstan, Uruguay, the Bolivarian Republic of Venezuela, the United States, Lebanon, Pakistan, Nigeria and Mongolia, as well as by the observer of the International Committee of the Red Cross. </s>
	</p>
	<p n="450">
	  <s n="520"> Second Committee </s>
	</p>
	<p n="451">
	  <s n="521"> 17th meeting Sustainable development </s>
	</p>
	<p n="452">
	  <s n="522"> (a) Implementation of Agenda 21, the Programme for the Further Implementation of Agenda 21 and the outcomes of the World Summit on Sustainable Development </s>
	</p>
	<p n="453">
	  <s n="523"> (b) Follow-up to and implementation of the Mauritius Strategy for the Further Implementation of the Programme of Action for the Sustainable Development of Small Island Developing States </s>
	</p>
	<p n="454">
	  <s n="524"> (c) International Strategy for Disaster Reduction </s>
	</p>
	<p n="455">
	  <s n="525"> (d) Protection of global climate for present and future generations of mankind </s>
	</p>
	<p n="456">
	  <s n="526"> (e) Implementation of the United Nations Convention to Combat Desertification in Those Countries Experiencing Serious Drought and/or Desertification, Particularly in Africa </s>
	</p>
	<p n="457">
	  <s n="527"> (f) Convention on Biological Diversity </s>
	</p>
	<p n="458">
	  <s n="528"> (g) Report of the Governing Council of the United Nations Environment Programme on its tenth special session </s>
	</p>
	<p n="459">
	  <s n="529"> The Committee began its consideration of the item as a whole and heard introductory statements by the Under-Secretary-General for Economic and Social Affairs (under sub-items (a) and (b)), the Under-Secretary-General for Humanitarian Affairs and Emergency Relief Coordinator (under sub-item (c)), the Executive Secretary of the United Nations Framework Convention on Climate Change (under sub-item (d)), the Executive Secretary of the United Nations Convention on Biological Diversity (under sub-item (f)), the Executive Secretary of the United Nations Convention to Combat Desertification (under sub-item (e)), the Director of the UNEP Regional Office for West Asia (under item 49) and the Chief of the UNEP New York Liaison Office (under sub-item 49 (g)). </s>
	</p>
	<p n="460">
	  <s n="530"> The Committee began its general discussion of the item as a whole and heard statements by the representatives of Antigua and Barbuda (on behalf of the Group of 77 and China), France (on behalf of the European Union; the candidate countries Turkey, Croatia and The former Yugoslav Republic of Macedonia; the countries of the Stabilization and Association Process and potential candidates Albania, Bosnia and Herzegovina and Montenegro; as well as the Republic of Moldova and Armenia), Bangladesh (on behalf of the Group of the Least Developed Countries), Indonesia (on behalf of the Association of Southeast Asian Nations), Kenya (on behalf of the African Group), Mexico (on behalf of the Rio Group), the United States and China. </s>
	</p>
	<p n="461">
	  <s n="531"> 18th meeting Sustainable development </s>
	</p>
	<p n="462">
	  <s n="532"> (a) Implementation of Agenda 21, the Programme for the Further Implementation of Agenda 21 and the outcomes of the World Summit on Sustainable Development </s>
	</p>
	<p n="463">
	  <s n="533"> (b) Follow-up to and implementation of the Mauritius Strategy for the Further Implementation of the Programme of Action for the Sustainable Development of Small Island Developing States </s>
	</p>
	<p n="464">
	  <s n="534"> (c) International Strategy for Disaster Reduction </s>
	</p>
	<p n="465">
	  <s n="535"> (d) Protection of global climate for present and future generations of mankind </s>
	</p>
	<p n="466">
	  <s n="536"> (e) Implementation of the United Nations Convention to Combat Desertification in Those Countries Experiencing Serious Drought and/or Desertification, Particularly in Africa </s>
	</p>
	<p n="467">
	  <s n="537"> (f) Convention on Biological Diversity </s>
	</p>
	<p n="468">
	  <s n="538"> (g) Report of the Governing Council of the United Nations Environment Programme on its tenth special session </s>
	</p>
	<p n="469">
	  <s n="539"> The Committee continued its general discussion of the item as a whole and heard statements by the representatives of Belize (on behalf of the Caribbean Community), the Sudan, Colombia, the Russian Federation, Morocco, Myanmar, Israel, the Philippines, Namibia, Kazakhstan, Singapore, Algeria, Japan, Ethiopia, Norway, Malawi, the Libyan Arab Jamahiriya, Maldives, Benin, Thailand, Belarus and Switzerland. </s>
	</p>
	<p n="470">
	  <s n="540"> A statement was also made by the representative of the International Federation of Red Cross and Red Crescent Societies. </s>
	</p>
	<p n="471">
	  <s n="541"> Organization of work </s>
	</p>
	<p n="472">
	  <s n="542"> A statement was made by the Vice-Chairman (Belarus). </s>
	</p>
	<p n="473">
	  <s n="543"> Third Committee </s>
	</p>
	<p n="474">
	  <s n="544"> 26th meeting Promotion and protection of human rights </s>
	</p>
	<p n="475">
	  <s n="545"> (b) Human rights questions, including alternative approaches for improving the effective enjoyment of human rights and fundamental freedoms </s>
	</p>
	<p n="476">
	  <s n="546"> The Committee continued its consideration of the sub-item. </s>
	</p>
	<p n="477">
	  <s n="547"> The Chairperson and Rapporteur of the Working Group on the Right to Development made a presentation and engaged in a dialogue with the representatives of Cuba, the Sudan, the United States and Brazil. </s>
	</p>
	<p n="478">
	  <s n="548"> The Special Rapporteur on the right to food made a presentation and engaged in a dialogue with the representatives of Malaysia, France (on behalf of the European Union), Cuba, China, the Bolivarian Republic of Venezuela, the United States, Switzerland, Brazil, the United Kingdom, Ireland and Belgium, as well as with the observer for Palestine. </s>
	</p>
	<p n="479">
	  <s n="549"> The Independent Expert on the effects of foreign debt and other related international financial obligations of States on the full enjoyment of human rights, particularly economic, social and cultural rights made a presentation and engaged in a dialogue with the representatives of Cuba, the United States, China and Kuwait. </s>
	</p>
	<p n="480">
	  <s n="550"> 27th meeting Promotion and protection of human rights </s>
	</p>
	<p n="481">
	  <s n="551"> (b) Human rights questions, including alternative approaches for improving the effective enjoyment of human rights and fundamental freedoms </s>
	</p>
	<p n="482">
	  <s n="552"> The Committee continued its consideration of the sub-item. </s>
	</p>
	<p n="483">
	  <s n="553"> The representative of the Secretary-General on the human rights of internally displaced persons made a presentation and engaged in a dialogue with the representatives of Switzerland, Canada, France, Burundi, Azerbaijan, Kenya and Sri Lanka. </s>
	</p>
	<p n="484">
	  <s n="554"> The Special Rapporteur on the right of everyone to the enjoyment of the highest attainable standard of physical and mental health made a presentation and engaged in a dialogue with the representatives of Canada, the United States, Brazil, France and New Zealand. </s>
	</p>
	<p n="485">
	  <s n="555"> The Special Representative of the Secretary-General on human rights and transnational corporations and other business enterprises made a presentation and engaged in a dialogue with the representatives of Norway, the United States, France and Canada. </s>
	</p>
	<p n="486">
	  <s n="556"> Fifth Committee </s>
	</p>
	<p n="487">
	  <s n="557"> 12th meeting United Nations common system </s>
	</p>
	<p n="488">
	  <s n="558"> The Committee began its consideration of this agenda item. </s>
	</p>
	<p n="489">
	  <s n="559"> The Chairman of the International Civil Service Commission introduced the report of that Commission (A/63/30). </s>
	</p>
	<p n="490">
	  <s n="560"> The Officer-in-Charge, Chief of Service III, Programme Planning and Budget Division, introduced the report of the Secretary-General (A/63/360). </s>
	</p>
	<p n="491">
	  <s n="561"> The Chairman of the Advisory Committee on Administrative and Budgetary Questions introduced the related report of that Committee (A/63/501). </s>
	</p>
	<p n="492">
	  <s n="562"> The representatives of the Federation of International Civil Servants Association and the United Nations International Civil Servants Federation made statements. </s>
	</p>
	<p n="493">
	  <s n="563"> Statements were made by the representatives of Antigua and Barbuda (on behalf of the Group of 77 and China), France (on behalf of the European Union), Angola (on behalf of the African Group), Mexico (on behalf of the Rio Group), Canada (Australia, New Zealand and Canada), the Russian Federation, the United States, Japan, Algeria and China. </s>
	</p>
	<p n="494">
	  <s n="564"> The representative of Morocco spoke on a point of order. </s>
	</p>
	<p n="495">
	  <s n="565"> The Committee thus concluded its general discussion of this item. </s>
	</p>
	<p n="496">
	  <s n="566"> The Chairman informed the Committee that informal consultations on this item would begin on that day Monday, 27 October, following the adjournment of the formal meeting, in Conference Room 5, under the chairmanship of Mr. Klaus de Rijk (Netherlands). </s>
	</p>
	<p n="497">
	  <s n="567"> Other matters </s>
	</p>
	<p n="498">
	  <s n="568"> The representative of the Russian Federation made a statement. </s>
	</p>
	<p n="499">
	  <s n="569"> Sixth Committee </s>
	</p>
	<p n="500">
	  <s n="570"> 16th meeting Report of the International Law Commission on the work of its sixtieth session </s>
	</p>
	<p n="501">
	  <s n="571"> The Committee began its consideration of agenda item 75. </s>
	</p>
	<p n="502">
	  <s n="572"> The Chairman of the International Law Commission made a statement introducing Chapters I to III, IV, V and XII of the report of the International Law Commission on the work of its sixtieth session (A/63/10). </s>
	</p>
	<p n="503">
	  <s n="573"> Statements were made by the representatives of Norway (on behalf of the Nordic countries), Finland (also on behalf of the Nordic countries), Austria, Belarus, the Philippines, the Republic of Korea, Brazil, the United Kingdom, Germany, Switzerland, Italy, Saudi Arabia and the Czech Republic. </s>
	</p>
	<p n="504">
	  <s n="574"> Signatures, Ratifications, etc. </s>
	</p>
	<p n="505">
	  <s n="575"> [Multilateral Treaties Deposited with the Secretary-General] </s>
	</p>
	<p n="506">
	  <s n="576"> Optional Protocol to the Convention against Torture and Other Cruel, Inhuman or Degrading Treatment or Punishment. </s>
	  <s n="577"> New York, 18 December 2002 </s>
	</p>
	<p n="507">
	  <s n="578"> Ratification: Bosnia and Herzegovina (24 October 2008)1 </s>
	</p>
	<p n="508">
	  <s n="579"> International Covenant on Civil and Political Rights. </s>
	  <s n="580"> New York, 16 December 1966 </s>
	</p>
	<p n="509">
	  <s n="581"> Notification under article 4 (3): Colombia (16 October 2008)1 </s>
	</p>
	<p n="510">
	  <s n="582"> Basel Convention on the Control of Transboundary Movements of Hazardous Wastes and their Disposal. </s>
	  <s n="583"> Basel, 22 March 1989 </s>
	</p>
	<p n="511">
	  <s n="584"> Correction to Annex IX of the Convention </s>
	</p>
	<p n="512">
	  <s n="585"> 1Date of receipt of the relevant documents. </s>
	</p>
	<p n="513">
	  <s n="586"> Convention on Cluster Munitions </s>
	</p>
	<p n="514">
	  <s n="587"> Dublin, 30 May 2008 </s>
	</p>
	<p n="515">
	  <s n="588"> Opening for signature </s>
	</p>
	<p n="516">
	  <s n="589"> In accordance with its article 15, the Convention on Cluster Munitions will be open for signature in Oslo by all States on 3 December 2008 and thereafter at United Nations Headquarters in New York until its entry into force. </s>
	</p>
	<p n="517">
	  <s n="590"> Certified true copies of the Convention, of which the Arabic, Chinese, English, French, Russian and Spanish texts are equally authentic, will be prepared and will be transmitted to all States as soon as possible. </s>
	</p>
	<p n="518">
	  <s n="591"> The Secretary-General takes this opportunity to recall that, under established international practice, only Heads of State, Heads of Government or Ministers for Foreign Affairs are empowered by virtue of their functions, to sign a treaty on behalf of a State without having to produce full powers to that effect. </s>
	  <s n="592"> Other representatives wishing to sign a treaty must be in possession of appropriate full powers, which expressly authorize signature of a specific treaty by a named representative issued and signed by one of these authorities. </s>
	  <s n="593"> Full powers are distinct from credentials. </s>
	  <s n="594"> Credentials alone are not adequate for the purpose of signing a treaty. </s>
	</p>
	<p n="519">
	  <s n="595"> The Secretary-General would be obliged if States wishing to sign the Convention could notify, and provide copies of the required full powers in advance to the Treaty Section, Office of Legal Affairs, United Nations Headquarters, New York (tel. </s>
	  <s n="596"> 1 (212) 963-5047; fax 1 (212) 963-3693; e-mail holbrook@un.org). </s>
	</p>
	<p n="520">
	  <s n="597"> For more information on full powers and a model instrument of full powers, please refer to the Treaty Handbook on the United Nations Treaty Collection Web site, which can be accessed at &lt;http://treaties.un.org&gt;. </s>
	</p>
	<p n="521">
	  <s n="598"> For general information on the signing conference, including registration, financial support, travel and visa arrangements, please consult the following Web site: &lt;www.osloccm.no&gt;. </s>
	</p>
	<p n="522">
	  <s n="599"> General information </s>
	</p>
	<p n="523">
	  <s n="600"> Chairmen of regional groups </s>
	</p>
	<p n="524">
	  <s n="601"> The following information regarding the chairmanship of the regional groups for the month of October 2008 has been communicated to the Secretariat: </s>
	</p>
	<p n="525">
	  <s n="602"> African States: Kenya H.E. Mr. Zachary Muburi-Muita </s>
	</p>
	<p n="526">
	  <s n="603"> Asian States: Indonesia H.E. R.M. Marty Natalegawa </s>
	</p>
	<p n="527">
	  <s n="604"> Eastern European States: Romania H.E. Mrs. Simona Mirela Miculescu </s>
	</p>
	<p n="528">
	  <s n="605"> Latin American and Caribbean States: Brazil H.E. Mrs. Maria Luiza Ribeiro Viotti </s>
	</p>
	<p n="529">
	  <s n="606"> Western European and other States: Ireland H.E. Mr. John Paul Kavanagh </s>
	</p>
	<p n="530">
	  <s n="607"> Daily list of documents issued at Headquarters </s>
	</p>
	<p n="531">
	  <s n="608"> With the exception of sales publications and public information material, hyperlinked official documents listed hereunder may be accessed through the Official Document System of the United Nations in the electronic version of the present Journal. </s>
	  <s n="609"> The list contains documents issued by 2 p.m. on Monday, 27 October 2008. </s>
	</p>
	<p n="532">
	  <s n="610"> Symbol Main title </s>
	</p>
	<p n="533">
	  <s n="611"> General Assembly Official Records </s>
	</p>
	<p n="534">
	  <s n="612"> Sixty-second session </s>
	</p>
	<p n="535">
	  <s n="613"> A/62/PV.105 Meeting held on 11 June 2008, 10 a.m. [A C E F R S] </s>
	</p>
	<p n="536">
	  <s n="614"> General Assembly Documents </s>
	</p>
	<p n="537">
	  <s n="615"> Sixty-third session </s>
	</p>
	<p n="538">
	  <s n="616"> A/63/487/Corr.1 Items 118 and 132 -- Programme budget for the biennium 2008-2009 -- Administrative and budgetary aspects of the financing of the United Nations peacekeeping operations -- Information and communications technology -- Report of the Advisory Committee on Administrative and Budgetary Questions [A C E F R S] </s>
	</p>
	<p n="539">
	  <s n="617"> A/63/495 Item 12 -- Prevention of armed conflict -- Letter dated 17 October 2008 from the Permanent Representative of Cambodia to the United Nations addressed to the President of the General Assembly [A C E F R S] </s>
	</p>
	<p n="540">
	  <s n="618"> A/63/497-S/2008/668 Items 13, 18, 47, 53, 64 and 79 -- Protracted conflicts in the GUAM area and their implications for international peace, security and development -- The situation in the occupied territories of Azerbaijan -- Macroeconomic policy questions -- Eradication of poverty and other development issues -- Promotion and protection of human rights -- The rule of law at the national and international levels -- Letter dated 20 October 2008 from the Permanent Representative of Azerbaijan to the United Nations addressed to the Secretary-General [A C E F R S] </s>
	</p>
	<p n="541">
	  <s n="619"> A/63/501 Items 118 and 125 -- Programme budget for the biennium 2008-2009 -- United Nations common system -- Administrative and financial implications of the decisions and recommendations contained in the report of the International Civil Service Commission for 2008 -- Report of the Advisory Committee on Administrative and Budgetary Questions [A C E F R S] </s>
	</p>
	<p n="542">
	  <s n="620"> First Committee </s>
	</p>
	<p n="543">
	  <s n="621"> A/C.1/63/L.32/Rev.1 Item 89 -- General and complete disarmament -- Afghanistan, Albania, Australia, Austria, Belgium, Bosnia and Herzegovina, Bulgaria, Canada, Chile, Colombia, Croatia, Cyprus, Czech Republic, Denmark, Estonia, Finland, France, Georgia, Germany, Greece, Haiti, Hungary, Ireland, Israel, Italy, Japan, Latvia, Liechtenstein, Lithuania, Luxembourg, Madagascar, Malta, Monaco, Netherlands, Norway, Palau, Poland, Portugal, Romania, San Marino, Slovakia, Slovenia, Spain, Sweden, Switzerland, the former Yugoslav Republic of Macedonia, Timor-Leste, Turkey, United Kingdom of Great Britain and Northern Ireland and United States of America: revised draft resolution -- Compliance with non-proliferation, arms limitation and disarmament agreements and commitments [A C E F R S] </s>
	</p>
	<p n="544">
	  <s n="622"> A/C.1/63/L.43* Reissued for technical reasons [A C E F R S] </s>
	</p>
	<p n="545">
	  <s n="623"> A/C.1/63/L.50/Rev.1 Item 90 (h) -- Review and implementation of the Concluding Document of the Twelfth Special Session of the General Assembly: United Nations Regional Centre for Peace and Disarmament in Africa -- Nigeria: revised draft resolution [A C E F R S] </s>
	</p>
	<p n="546">
	  <s n="624"> A/C.1/63/L.57* Reissued for technical reasons [A C E F R S] </s>
	</p>
	<p n="547">
	  <s n="625"> A/C.1/63/L.58* Reissued for technical reasons [A C E F R S] </s>
	</p>
	<p n="548">
	  <s n="626"> Third Committee </s>
	</p>
	<p n="549">
	  <s n="627"> A/C.3/63/L.18 Item 64 (a) -- Promotion and protection of human rights: implementation of human rights instruments -- Argentina, Austria, Azerbaijan, Belgium, Benin, Brazil, Canada, Chile, Croatia, Cyprus, Czech Republic, Denmark, El Salvador, Estonia, Finland, France, Germany, Greece, Guatemala, Hungary, Iceland, Ireland, Italy, Latvia, Liechtenstein, Lithuania, Luxembourg, Mexico, Mongolia, Montenegro, Netherlands, New Zealand, Norway, Panama, Paraguay, Peru, Poland, Portugal, Romania, Serbia, Slovenia, Spain, Sweden, Switzerland, the former Yugoslav Republic of Macedonia, United States of America and Venezuela (Bolivarian Republic of): draft resolution -- Torture and other cruel, inhuman or degrading treatment or punishment [A C E F R S] </s>
	</p>
	<p n="550">
	  <s n="628"> Fifth Committee </s>
	</p>
	<p n="551">
	  <s n="629"> A/C.5/63/6 Item 105 (c) -- Appointments to fill vacancies in subsidiary organs and other appointments -- Confirmation of the appointment of members of the Investments Committee -- Note by the Secretary-General [A C E F R S] </s>
	</p>
	<p n="552">
	  <s n="630"> Security Council Documents </s>
	</p>
	<p n="553">
	  <s n="631"> S/2008/581 Letter dated 17 September 2008 from the Permanent Representative of Viet Nam to the United Nations addressed to the President of the Security Council [A C E F R S] </s>
	</p>
	<p n="554">
	  <s n="632"> S/2008/644 Letter dated 10 October 2008 from the Permanent Mission of the Democratic Republic of the Congo to the United Nations addressed to the President of the Security Council [A C E F R S] </s>
	</p>
	<p n="555">
	  <s n="633"> S/2008/662 Report of the Secretary-General on the Sudan [A C E F R S] </s>
	</p>
	<p n="556">
	  <s n="634"> A/63/497-S/2008/668 Letter dated 20 October 2008 from the Permanent Representative of Azerbaijan to the United Nations addressed to the Secretary-General [A C E F R S] </s>
	</p>
	<p n="557">
	  <s n="635"> S/2008/671 Report by the Secretary-General concerning the credentials of the alternate representative of the United States of America on the Security Council [A C E F R S] </s>
	</p>
	<p n="558">
	  <s n="636"> Communications to the Editor </s>
	</p>
	<p n="559">
	  <s n="637"> Material for inclusion in the Journal may be sent to Ms. Sylvie Deschênes (e-mail journal@un.org (cc: deschenes@un.org); fax 1 (212) 963-4790; room S-2370; tel. </s>
	  <s n="638"> 1 (212) 963-6776 and 963-3888). </s>
	</p>
	<p n="560">
	  <s n="639"> Office opens at 3 p.m. </s>
	</p>
	<p n="561">
	  <s n="640"> Published at Headquarters, New York, by the Department for General Assembly and Conference Management. </s>
	</p>
	</body>
</text>
</DOC>