<?xml version="1.0" encoding="UTF-8"?>
<DOC lang="English" n="N0334879" id="S/2003/529" date="2003/05/07">
<text>
	<body>
	<p n="1">
	  <s n="1"> Letter dated 7 May 2003 from the Secretary-General addressed to the President of the Security Council </s>
	</p>
	<p n="2">
	  <s n="2"> I have the honour to transmit to you herewith the text of a road map to realize the vision of two States, Israel and Palestine, living side by side in peace and security, as affirmed in Security Council resolution 1397 (2002) (see annex). </s>
	</p>
	<p n="3">
	  <s n="3"> The text has been prepared by the Quartet — consisting of representatives of the United States of America, the European Union, the Russian Federation and the United Nations — and was presented to the Government of Israel and the Palestinian Authority on 30 April 2003. </s>
	</p>
	<p n="4">
	  <s n="4"> I should be grateful if you would bring this text to the attention of the members of the Security Council. </s>
	</p>
	<p n="5">
	  <s n="5"> (Signed) Kofi A. </s>
	  <s n="6"> Annan </s>
	</p>
	<p n="6">
	  <s n="7"> pp. 2-8 prepared for offset </s>
	</p>
	</body>
</text>
</DOC>