<?xml version="1.0" encoding="UTF-8"?>
<DOC lang="English" n="N0643544" id="S/2006/507" date="2006/07/19">
<text>
	<body>
	<p n="1">
	  <s n="1"> Note by the President of the Security Council </s>
	</p>
	<p n="2">
	  <s n="2"> In efforts to enhance the efficiency and transparency of the Council&apos;s work, as well as interaction and dialogue with non-Council members, the members of the Security Council are committed to implementing the measures described in the annex to the present note. </s>
	</p>
	<p n="3">
	  <s n="3"> The annex is intended to be a concise and user-friendly list of the recent practices and newly agreed measures, which will serve as guidance for the Council&apos;s work. </s>
	  <s n="4"> In this regard, some existing measures are recollected herein for the convenience of users, which are so indicated throughout the annex. </s>
	</p>
	<p n="4">
	  <s n="5"> The present note enriches and further develops notes and statements by the President of the Security Council relating to documentation and procedure listed in the note by the President of the Security Council of 7 February 2006 (S/2006/78), by supplementing and in some cases superseding them. </s>
	  <s n="6"> Working methods regarding sanctions committees and troop-contributing countries will continue to be governed by the notes and statements by the President of the Security Council listed in the above-mentioned note unless otherwise addressed in the present note. </s>
	</p>
	<p n="5">
	  <s n="7"> The members of the Council will continue their consideration of the Council&apos;s documentation and other procedural questions in the Informal Working Group on Documentation and Other Procedural Questions and other subsidiary bodies of the Council. </s>
	  <s n="8"> The present note covers only the work done by the above-mentioned Working Group. </s>
	</p>
	<p n="6">
	  <s n="9"> Annex </s>
	</p>
	<p n="7">
	  <s n="10"> Contents </s>
	</p>
	<p n="8">
	  <s n="11"> * Recollected from previous note(s) by the President of the Security Council. </s>
	  <s n="12"> Most of the provisions under the other headings are newly agreed by the Security Council. </s>
	</p>
	<p n="9">
	  <s n="13"> Agenda* </s>
	</p>
	<p n="10">
	  <s n="14"> * Recollected from previous note(s) by the President of the Security Council. </s>
	</p>
	<p n="11">
	  <s n="15"> The provisional agenda for formal meetings of the Council should be included in the Journal of the United Nations provided that it has been approved in informal consultations. </s>
	</p>
	<p n="12">
	  <s n="16"> The members of the Council recall the desirability, whenever possible, of using descriptive formulations of agenda items at the time of their initial adoption to avoid having a number of separate agenda items on the same subject. </s>
	  <s n="17"> When such a descriptive formulation exists, consideration may be given to subsuming earlier agenda items on the same subject under the descriptive formulation. </s>
	</p>
	<p n="13">
	  <s n="18"> Briefings </s>
	</p>
	<p n="14">
	  <s n="19"> The members of the Security Council agree that the President of the Council or his or her designate should provide substantive and detailed briefings to Member States in a timely manner. </s>
	  <s n="20"> Such briefings should take place shortly after informal consultations of the whole. </s>
	  <s n="21"> The members of the Security Council encourage the President of the Council to provide the attending Member States with copies of statements that he or she makes to the media following the informal consultations, if appropriate. </s>
	</p>
	<p n="15">
	  <s n="22"> The members of the Security Council encourage the President of the Council to hold an informal briefing on the programme of work open to all Member States, after its adoption by the Council. </s>
	</p>
	<p n="16">
	  <s n="23"> The members of the Security Council invite Chairs of the subsidiary bodies of the Security Council or their designates to give, on a regular basis, informal briefings, when appropriate, on their activities to interested Member States. </s>
	  <s n="24"> The members of the Security Council agree that the time and place of such briefings should be published in the Journal of the United Nations. </s>
	</p>
	<p n="17">
	  <s n="25"> The members of the Security Council intend to continue to consider requesting the Secretariat to give an ad hoc briefing at Security Council meetings in cases in which an emergent situation which justifies a briefing arises. </s>
	</p>
	<p n="18">
	  <s n="26"> The members of the Security Council intend to request the Secretariat to give ad hoc briefings at informal consultations on a daily basis, if necessary, when a situation justifies such briefings. </s>
	</p>
	<p n="19">
	  <s n="27"> The members of the Security Council invite the Secretariat to continue its practice of circulating the briefing texts at “Briefings”. </s>
	</p>
	<p n="20">
	  <s n="28"> The members of the Security Council invite the Secretariat, as a general rule, to provide a printed fact sheet, presentation materials and/or any other relevant reference materials, whenever possible, to Council members on the day prior to the consultations, when briefings in the Security Council consultations room are not given on the basis of a written report. </s>
	</p>
	<p n="21">
	  <s n="29"> Documentation </s>
	</p>
	<p n="22">
	  <s n="30"> The members of the Security Council intend to intensify their efforts to publicize decisions and other relevant information of the Council and its subsidiary bodies to the Member States and other organizations through correspondence, websites, outreach activities and other means, when appropriate. </s>
	  <s n="31"> The members of the Security Council intend to continue to examine ways to enhance its activities in this regard. </s>
	  <s n="32"> The members of the Security Council encourage subsidiary bodies of the Council to continue to review periodically policies concerning access to their documents, as appropriate. </s>
	</p>
	<p n="23">
	  <s n="33"> The members of the Security Council agree that reports of the Secretary-General should be circulated to Council members and made available in all official languages of the United Nations at least four working days before the Council is scheduled to consider them. </s>
	  <s n="34"> The members of the Security Council also agree that the same rule should apply to making such reports available to relevant participants in Council meetings in which those reports are discussed, including the distribution of the reports on peacekeeping missions to all participants in meetings of troop-contributing countries. </s>
	</p>
	<p n="24">
	  <s n="35"> The members of the Security Council agree to consider setting a six-month interval as the standard reporting period, unless the situation provides reason for shorter or longer intervals. </s>
	  <s n="36"> The members of the Security Council also agree to define reporting intervals as clearly as possible when adopting resolutions. </s>
	  <s n="37"> The members of the Security Council further agree to request oral reporting, which does not require submission of a written report, if the members of the Council consider that it would serve the purpose satisfactorily, and to indicate that request as clearly as possible. </s>
	</p>
	<p n="25">
	  <s n="38"> The members of the Security Council encourage the Secretary-General to include a section in his reports where all recommendations are listed, when presenting recommendations to the Council regarding the mandate of a United Nations mission. </s>
	</p>
	<p n="26">
	  <s n="39"> The members of the Security Council encourage the Secretary-General to make reports as concise as possible, particularly for shorter reporting periods. </s>
	</p>
	<p n="27">
	  <s n="40"> The members of the Security Council intend to request the Secretary-General to include policy recommendations on long-term strategy in his reports, if appropriate. </s>
	</p>
	<p n="28">
	  <s n="41"> * Recollected from previous note(s) by the President of the Security Council. </s>
	</p>
	<p n="29">
	  <s n="42"> Reports of the Secretary-General will specify the date on which the document is physically and electronically distributed in addition to the date of signature by the Secretary-General. </s>
	</p>
	<p n="30">
	  <s n="43"> The Security Council agrees to cooperate with other organs of the United Nations in synchronizing reporting obligations of the Secretariat on the same subject, if appropriate, while putting priority on the effective work of the Council. </s>
	</p>
	<p n="31">
	  <s n="44"> The members of the Security Council request the Secretariat to update the Council towards the end of each month on the progress in the preparation of the reports of the Secretary-General to be issued the following month. </s>
	  <s n="45"> The members of the Security Council also request the Secretariat to communicate with the Council immediately if it expects reports to be delayed beyond their deadlines or if reports that have not been requested by the Council are expected to be issued. </s>
	</p>
	<p n="32">
	  <s n="46"> The members of the Security Council invite the Secretariat to send all information currently sent to Council members by fax also by e-mail. </s>
	</p>
	<p n="33">
	  <s n="47"> Informal consultations </s>
	</p>
	<p n="34">
	  <s n="48"> The members of the Security Council encourage the President of the Council to suggest, through consultations with interested members and/or the Secretariat, as appropriate, a few areas for Council members and the Secretariat to focus on at the Council&apos;s next informal consultations, without the intention of prescribing the scope of discussion, at least one day before the consultations are to be held. </s>
	</p>
	<p n="35">
	  <s n="49"> The members of the Security Council intend, where they agree with a previous speaker, in part or in whole, to express that agreement without repeating the same content. </s>
	</p>
	<p n="36">
	  <s n="50"> The members of the Security Council agree that, as a general rule, the President of the Council should adhere to the prescribed speakers&apos; list. </s>
	  <s n="51"> The members of the Security Council encourage the President to facilitate interaction by inviting any participant in the consultations to speak at any time, irrespective of the order of the prescribed speakers&apos; list, when the discussion requires it. </s>
	</p>
	<p n="37">
	  <s n="52"> The members of the Security Council encourage speakers to direct their questions not only to the Secretariat, but also to other members. </s>
	</p>
	<p n="38">
	  <s n="53"> The members of the Security Council do not discourage each other from taking the floor more than once, in the interest of making consultations more interactive. </s>
	</p>
	<p n="39">
	  <s n="54"> The members of the Security Council invite the Secretariat to continue its practice of circulating all press statements issued by the Secretary-General or by the Secretary-General&apos;s spokesperson in connection with matters of concern to the Security Council, both in informal consultations and by e-mail. </s>
	</p>
	<p n="40">
	  <s n="55"> Meetings </s>
	</p>
	<p n="41">
	  <s n="56"> Conduct of meetings </s>
	</p>
	<p n="42">
	  <s n="57"> In order to increase the transparency of its work, the Security Council reaffirms its commitment to increase recourse to open meetings, particularly at the early stage in its consideration of a matter. </s>
	</p>
	<p n="43">
	  <s n="58"> The Security Council encourages, as a general rule, all participants, both members and non-members of the Council, in Council meetings to deliver their statements in five minutes or less. </s>
	  <s n="59"> The Security Council also encourages each briefer to limit initial remarks to 15 minutes, unless otherwise decided by the Council. </s>
	</p>
	<p n="44">
	  <s n="60"> The Security Council encourages participants in Council meetings to express agreement without repeating the same content, if they agree, in part or in whole, with the content of a previous statement. </s>
	</p>
	<p n="45">
	  <s n="61"> The Security Council agrees that, when non-members are invited to speak to the Council, those who have a direct interest in the outcome of the matter under consideration may speak prior to Council members, if appropriate. </s>
	</p>
	<p n="46">
	  <s n="62"> In line with paragraph 170 (a) of the 2005 World Summit Outcome (General Assembly resolution 60/1) and Security Council resolution 1631 (2005), the members of the Security Council agree to continue to expand consultation and cooperation with regional and subregional organizations, including by inviting relevant organizations to participate in the Council&apos;s public and private meetings, when appropriate. </s>
	</p>
	<p n="47">
	  <s n="63"> In order to further encourage substantive discussions with troop-contributing countries, in accordance with Security Council resolution 1353 (2001), the members of the Security Council encourage the attendance of appropriate military and political officers from each participating mission. </s>
	  <s n="64"> The members of the Security Council emphasize the importance of meeting with troop-contributing countries at the early stages of consideration of a matter. </s>
	  <s n="65"> The members of the Security Council encourage the President of the Council to provide sufficient time for the meetings. </s>
	</p>
	<p n="48">
	  <s n="66"> * Recollected from previous note(s) by the President of the Security Council. </s>
	</p>
	<p n="49">
	  <s n="67"> The President of the Security Council will in public meetings introduce agenda items by specifying the agenda item/issue for consideration, unless otherwise agreed in the Council&apos;s prior consultations, and refer to all speakers at political and ambassadorial level by name and title. </s>
	  <s n="68"> These names will, however, not have to be included in the official records or in advance in the briefing notes prepared by the Secretariat for the Presidency. </s>
	</p>
	<p n="50">
	  <s n="69"> When non-members of the Security Council are invited to speak at its meetings, they will be seated at the Council table on alternate sides of the President, with the first speaker seated on the President&apos;s right. </s>
	</p>
	<p n="51">
	  <s n="70"> Notification </s>
	</p>
	<p n="52">
	  <s n="71"> The members of the Security Council invite the Secretariat to notify Member States of unscheduled or emergency meetings not only by the telephone recorded message service but also through the Council website. </s>
	</p>
	<p n="53">
	  <s n="72"> Format </s>
	</p>
	<p n="54">
	  <s n="73"> In an effort further to advance the resolution of a matter under consideration, the members of the Security Council agree to use a range of meeting options from which they can select the one best suited to facilitate specific discussions. </s>
	  <s n="74"> Recognizing that the provisional rules of procedure of the Security Council and their own practice provide them with considerable flexibility in choosing how best to structure their meetings, members of the Council agree that meetings of the Council could be structured according to, but not limited to, the following formats: </s>
	</p>
	<p n="55">
	  <s n="75"> (a) Public meetings </s>
	</p>
	<p n="56">
	  <s n="76"> (i) Functions </s>
	</p>
	<p n="57">
	  <s n="77"> To take action and/or hold, inter alia, briefings and debates. </s>
	</p>
	<p n="58">
	  <s n="78"> (ii) Presence and participation </s>
	</p>
	<p n="59">
	  <s n="79"> The presence and participation of non-Council members in public meetings should take place in accordance with the provisional rules of procedure. </s>
	  <s n="80"> The Council&apos;s practice, as described below, is understood as being in accordance with the provisional rules of procedure, although it should not under any circumstances be understood as replacing or substituting for the provisional rules of procedure: </s>
	</p>
	<p n="60">
	  <s n="81"> Any Member of the United Nations that is not a member of the Security Council may be present at its delegation&apos;s designated seats in the Council Chamber; </s>
	</p>
	<p n="61">
	  <s n="82"> b. </s>
	  <s n="83"> On a case-by-case basis, any Member of the United Nations that is not a member of the Security Council, members of the Secretariat and other persons may be invited to participate in the discussion, including for the purpose of giving briefings to the Council, in accordance with rule 37 or 39 of the provisional rules of procedure. </s>
	</p>
	<p n="62">
	  <s n="84"> (iii) Descriptions in the provisional monthly programme of work </s>
	</p>
	<p n="63">
	  <s n="85"> The members of the Security Council intend to continue to include the following formats for public meetings in the provisional monthly programme of work (calendar) when they plan to adopt, in general, the corresponding procedures: </s>
	</p>
	<p n="64">
	  <s n="86"> “Open debate”: briefings may or may not be conducted, and Council members may deliver statements; non-Council members may also be invited to participate in the discussion upon their request; </s>
	</p>
	<p n="65">
	  <s n="87"> b. </s>
	  <s n="88"> “Debate”: briefings may be conducted, and Council members may deliver statements; non-Council members that are directly concerned or affected or have special interest in the matter under consideration may be invited to participate in the discussion upon their request; </s>
	</p>
	<p n="66">
	  <s n="89"> c. “Briefing”: briefings are conducted, and only Council members may deliver statements following briefings; </s>
	</p>
	<p n="67">
	  <s n="90"> d. </s>
	  <s n="91"> “Adoption”: Council members may or may not deliver statements before and/or after adopting, inter alia, resolutions and presidential statements; non-Council members may or may not be invited to participate in the discussion upon their request. </s>
	</p>
	<p n="68">
	  <s n="92"> (b) Private meetings </s>
	</p>
	<p n="69">
	  <s n="93"> (i) Functions </s>
	</p>
	<p n="70">
	  <s n="94"> To conduct discussion and/or take actions, e.g., recommendation regarding the appointment of the Secretary-General, without the attendance of the public or the press. </s>
	</p>
	<p n="71">
	  <s n="95"> (ii) Presence and participation </s>
	</p>
	<p n="72">
	  <s n="96"> The presence and participation of non-Council members in private meetings should take place in accordance with the provisional rules of procedure. </s>
	  <s n="97"> The Council&apos;s practice, as described below, is understood as being in accordance with the provisional rules of procedure, although it should not under any circumstances be understood as replacing or substituting for the provisional rules of procedure: </s>
	</p>
	<p n="73">
	  <s n="98"> On a case-by-case basis, any Member of the United Nations which is not a member of the Security Council, members of the Secretariat and other persons may be invited to be present or to participate in the discussion, including for the purpose of giving briefings to the Council, in accordance with rule 37 or 39 of the provisional rules of procedure. </s>
	</p>
	<p n="74">
	  <s n="99"> (iii) Descriptions in the provisional monthly programme of work </s>
	</p>
	<p n="75">
	  <s n="100"> The members of the Security Council intend to continue to include the following formats for private meetings in the provisional monthly programme of work (calendar) when they plan to adopt, in general, the corresponding procedures: </s>
	</p>
	<p n="76">
	  <s n="101"> “Private debate”: briefings may be conducted, and Council members may deliver statements; any Member of the United Nations which is not a member of the Security Council, members of the Secretariat and other persons may be invited to be present or to participate in the discussion, upon their request, in accordance with rule 37 or 39 of the provisional rules of procedure; </s>
	</p>
	<p n="77">
	  <s n="102"> b. </s>
	  <s n="103"> “TCC meeting”: briefings may be conducted, and Council members may deliver statements; parties prescribed in resolution 1353 (2001) are invited to participate in the discussion, in accordance with the resolution. </s>
	</p>
	<p n="78">
	  <s n="104"> Distribution of statements </s>
	</p>
	<p n="79">
	  <s n="105"> Texts of statements made in the meetings of the Security Council will, at the request of the delegation making the statement, be distributed by the Secretariat inside the Council Chamber to Council members and other Member States and permanent observers to the United Nations present at the meeting. </s>
	  <s n="106"> A delegation requesting the distribution of its statement is encouraged to provide a sufficient number (200) of copies to the Secretariat in advance of the statement. </s>
	  <s n="107"> Where a delegation does not provide to the Secretariat a sufficient number of copies of its statement, those copies will be placed outside the Council Chamber at the end of the meeting. </s>
	  <s n="108"> Delegations are requested not to make statements otherwise available during the meeting. </s>
	</p>
	<p n="80">
	  <s n="109"> Programme of work </s>
	</p>
	<p n="81">
	  <s n="110"> The members of the Security Council encourage the President of the Council to publish a streamlined tentative monthly forecast of the programme of work on the Council website as soon as it has been distributed to Council members. </s>
	</p>
	<p n="82">
	  <s n="111"> The forecast should be made available in all official languages “for information only/not an official document”, and there should be a footnote which reads: </s>
	</p>
	<p n="83">
	  <s n="112"> “This tentative forecast of the programme of work of the Security Council has been prepared by the Secretariat for the President of the Council. </s>
	  <s n="113"> The forecast covers in particular those matters that may be taken up during the month pursuant to earlier decisions of the Council. </s>
	  <s n="114"> The fact that a matter is or is not included in the forecast carries no implication that it will or will not be taken up during the month: the actual programme of work will be determined by developments and the views of members of the Council.”* </s>
	</p>
	<p n="84">
	  <s n="115"> * Recollected from previous note(s) by the President of the Security Council. </s>
	</p>
	<p n="85">
	  <s n="116"> The members of the Council have agreed that the following reminder should be placed in the Journal of the United Nations each month: </s>
	</p>
	<p n="86">
	  <s n="117"> “The monthly tentative forecast has been made available at the website of the Security Council, in accordance with the note by the President of the Security Council dated 19 July 2006 (S/2006/507). </s>
	  <s n="118"> Copies of the tentative forecast have also been placed in the delegations&apos; boxes and may be collected at the delegations&apos; pick-up areas as of [date].” </s>
	</p>
	<p n="87">
	  <s n="119"> The members of the Security Council agree that the President of the Council should update the provisional monthly programme of work (calendar) and make it available to the public through the Council website each time it is revised and distributed to Council members, with appropriate indication of the revised items. </s>
	</p>
	<p n="88">
	  <s n="120"> Resolutions and presidential statements </s>
	</p>
	<p n="89">
	  <s n="121"> The members of the Security Council reaffirm that all members of the Security Council should be allowed to participate fully in the preparation of, inter alia, the resolutions, presidential statements and press statements of the Council. </s>
	  <s n="122"> The members of the Security Council also reaffirm that the drafting of all documents such as resolutions and presidential statements as well as press statements should be carried out in a manner that will allow adequate participation of all members of the Council. </s>
	</p>
	<p n="90">
	  <s n="123"> The members of the Security Council intend to continue to informally consult with the broader United Nations membership, in particular interested Member States, including countries directly involved or specifically affected, neighbouring States and countries with particular contributions to make, as well as with regional organizations and Groups of Friends, when drafting, inter alia, resolutions, presidential statements and press statements, as appropriate. </s>
	</p>
	<p n="91">
	  <s n="124"> The members of the Security Council agree to consider making draft resolutions and presidential statements as well as other draft documents available as appropriate to non-members of the Council as soon as such documents are introduced within informal consultations of the whole, or earlier, if so authorized by the authors of the draft document. </s>
	</p>
	<p n="92">
	  <s n="125"> The President of the Security Council should, when so requested by the Council members, and without prejudice to his/her responsibilities as President, draw the attention of representative(s) of the Member State(s), regional organizations and arrangements concerned to relevant statements to the press made by the President on behalf of Council members or decisions of the Council. </s>
	  <s n="126"> The Secretariat should also continue to bring to the knowledge of those concerned, including non-State actors, through the relevant Special Representatives, Representatives and Envoys of the Secretary-General and United Nations Resident Coordinators, resolutions and presidential statements of the Security Council as well as statements to the press made by the President of the Council on behalf of the Council members, and ensure their promptest communication and widest possible dissemination. </s>
	  <s n="127"> The Secretariat should further issue, as United Nations press releases, all statements to the press made by the President of the Security Council on behalf of Council members, upon clearance by the President. </s>
	</p>
	<p n="93">
	  <s n="128"> Subsidiary bodies </s>
	</p>
	<p n="94">
	  <s n="129"> * Recollected from previous note(s) by the President of the Security Council. </s>
	</p>
	<p n="95">
	  <s n="130"> The members of the Security Council encourage the Chairs of all subsidiary bodies to continue to report to the Council on any outstanding issues, when necessary and in any event on a regular basis, in order to receive strategic guidance from the Council. </s>
	</p>
	<p n="96">
	  <s n="131"> The members of the Security Council encourage subsidiary bodies of the Council to seek the views of Member States with strong interest in their areas of work. </s>
	  <s n="132"> The members of the Security Council in particular encourage sanctions committees to seek the views of Member States that are particularly affected by the sanctions. </s>
	</p>
	<p n="97">
	  <s n="133"> The members of the Security Council encourage Chairs of the subsidiary bodies of the Council to make the schedules of meetings of subsidiary bodies available to the public, when appropriate, through their websites and the Journal of the United Nations. </s>
	</p>
	<p n="98">
	  <s n="134"> The members of the Security Council welcome the participation in the meetings of the Security Council Working Group on Peacekeeping Operations by the Secretariat, troop-contributing countries and other major stakeholders, and encourage this practice in order to foster closer cooperation between the Council and those actors. </s>
	</p>
	<p n="99">
	  <s n="135"> Matters of which the Council is seized* </s>
	</p>
	<p n="100">
	  <s n="136"> The Security Council agrees to continue to delete, with the prior consent of the Member States concerned, matters which have not been considered by the Council in the preceding five years from the list of matters of which the Council is seized, in accordance with the following procedure: </s>
	</p>
	<p n="101">
	  <s n="137"> (a) The annual summary statement issued in January of each year by the Secretary-General on matters of which the Council is seized will identify the items to be deleted from the list in the absence of any notification by a Member State by the end of February of the year in question; </s>
	</p>
	<p n="102">
	  <s n="138"> (b) If a Member State of the United Nations notifies the Secretary-General that it wishes an item to remain on the list, that item will be retained; </s>
	</p>
	<p n="103">
	  <s n="139"> (c) The notification will remain in effect for one year and can be renewed annually. </s>
	</p>
	<p n="104">
	  <s n="140"> Communication with the Secretariat and outside </s>
	</p>
	<p n="105">
	  <s n="141"> The members of the Security Council intend to seek the views of Member States that are parties to a conflict and/or other interested and affected parties. </s>
	  <s n="142"> For that purpose, the Security Council may, inter alia, utilize private meetings when public meetings are not appropriate, in which case invitations are also to be extended in accordance with rules 37 and 39 of the Council&apos;s provisional rules of procedure. </s>
	</p>
	<p n="106">
	  <s n="143"> The Security Council intends to continue to maintain regular communication with the General Assembly and the Economic and Social Council for better coordination among the principal organs of the United Nations. </s>
	  <s n="144"> To that end, the members of the Security Council encourage the President of the Council to continue holding meetings with the Presidents of the General Assembly and the Economic and Social Council on a regular basis. </s>
	</p>
	<p n="107">
	  <s n="145"> The members of the Security Council intend to make the best use of all mechanisms available, as appropriate, to convey policy guidance to the Secretary-General, including dialogue, letters from the President, adoption of resolutions or presidential statements, or any other means deemed appropriate. </s>
	</p>
	<p n="108">
	  <s n="146"> The members of the Security Council, through the Secretary-General, invite new Special Representatives of the Secretary-General to engage in dialogue with members of the Council before assuming their duties under new mandates, including in the field, in order to obtain Council members&apos; views on the objectives and the mandates, whenever possible. </s>
	</p>
	<p n="109">
	  <s n="147"> The members of the Security Council intend to utilize “Arria-formula” meetings as a flexible and informal forum for enhancing their deliberations. </s>
	  <s n="148"> To that end, members of the Security Council may invite on an informal basis any Member State, relevant organization or individual to participate in “Arria-formula” informal meetings. </s>
	  <s n="149"> The members of the Security Council agree to consider using such meetings to enhance their contact with civil society and non-governmental organizations, including local non-governmental organizations (NGOs) suggested by United Nations field offices. </s>
	  <s n="150"> The members of the Security Council encourage the introduction of such measures as lengthening lead times, defining topics that participants might address and permitting their participation by video teleconference. </s>
	</p>
	<p n="110">
	  <s n="151"> The members of the Security Council encourage Security Council missions to continue to avoid restricting their meetings to those with governmental interlocutors and interlocutors of conflict parties and to hold, as appropriate, meetings with local civil society leaders, NGOs and other interested parties. </s>
	</p>
	<p n="111">
	  <s n="152"> Annual report* </s>
	</p>
	<p n="112">
	  <s n="153"> * Recollected from previous note(s) by the President of the Security Council. </s>
	</p>
	<p n="113">
	  <s n="154"> The Security Council will take the necessary action to ensure the timely submission of its report to the General Assembly. </s>
	  <s n="155"> For that purpose: </s>
	</p>
	<p n="114">
	  <s n="156"> (a) The Security Council will continue with the existing practice whereby the annual report is submitted to the General Assembly in a single volume. </s>
	  <s n="157"> The period of coverage for the reports shall be from 1 August of one year to 31 July of the next; </s>
	</p>
	<p n="115">
	  <s n="158"> (b) The Secretariat should continue to submit the draft report to the members of the Council no later than 31 August, immediately following the period covered by the report, so that it may be discussed and thereafter adopted by the Council in time for consideration by the General Assembly during the main part of the regular session of the General Assembly. </s>
	</p>
	<p n="116">
	  <s n="159"> The report shall contain the following parts, as described below: </s>
	</p>
	<p n="117">
	  <s n="160"> (a) An introduction; </s>
	</p>
	<p n="118">
	  <s n="161"> (b) Part I shall contain a brief statistical description of the key activities of the Security Council in relation to all subjects dealt with by the Council during the period covered by the report, including a list of each of the following with symbol numbers, as appropriate: </s>
	</p>
	<p n="119">
	  <s n="162"> (i) All decisions, resolutions, presidential statements and assessment reports issued by the individual monthly Presidencies of the Council on its work, annual reports of all sanctions committees and other documents issued by the Council; </s>
	</p>
	<p n="120">
	  <s n="163"> (ii) Meetings of the Security Council, including key committees such as the Counter-Terrorism Committee, sanctions committees, working groups and meetings with troop-contributing countries; </s>
	</p>
	<p n="121">
	  <s n="164"> (iii) Panels and monitoring mechanisms and their relevant reports; </s>
	</p>
	<p n="122">
	  <s n="165"> (iv) Security Council missions undertaken and their reports; </s>
	</p>
	<p n="123">
	  <s n="166"> (v) Peacekeeping operations established, functioning or terminated; </s>
	</p>
	<p n="124">
	  <s n="167"> (vi) Reports of the Secretary-General prepared for the Security Council; </s>
	</p>
	<p n="125">
	  <s n="168"> (vii) All communications issued as official documents of the Security Council; </s>
	</p>
	<p n="126">
	  <s n="169"> (viii) Citations to relevant United Nations documents relating to financial expenditures in connection with Security Council activities during the period covered by the report, if available; </s>
	</p>
	<p n="127">
	  <s n="170"> (ix) References to the summary statements by the Secretary-General on matters of which the Security Council was seized for the period covered by the report; </s>
	</p>
	<p n="128">
	  <s n="171"> (x) Notes by the President of the Security Council and other documents issued by the Security Council for the further improvement of the work of the Council; </s>
	</p>
	<p n="129">
	  <s n="172"> (c) Pursuant to paragraph (b) (i) above, the Secretariat will take the necessary steps to ensure the timely issuance by the month of September each year, of the publication Resolutions and Decisions of the Security Council under the symbol S/INF/[year of the General Assembly], containing the full text of all decisions, resolutions and presidential statements of the Council for the period covered by the report; </s>
	</p>
	<p n="130">
	  <s n="173"> (d) Part II shall contain, in relation to each subject dealt with by the Security Council during the period covered by the report: </s>
	</p>
	<p n="131">
	  <s n="174"> (i) Factual data of the number of meetings and informal consultations; </s>
	</p>
	<p n="132">
	  <s n="175"> (ii) A list of the decisions, resolutions, presidential statements and all documents issued by the Council; </s>
	</p>
	<p n="133">
	  <s n="176"> (iii) A list of the relevant panels, monitoring mechanisms and their reports, as appropriate; </s>
	</p>
	<p n="134">
	  <s n="177"> (iv) A list of the Security Council missions undertaken and their reports, as appropriate; </s>
	</p>
	<p n="135">
	  <s n="178"> (v) A list of the peacekeeping operations established, functioning or terminated, as appropriate; </s>
	</p>
	<p n="136">
	  <s n="179"> (vi) A list of the reports of the Secretary-General prepared for the Security Council. </s>
	</p>
	<p n="137">
	  <s n="180"> The report will continue to include an account of the other matters considered by the Council, the work of the Military Staff Committee and of the subsidiary bodies of the Security Council. </s>
	  <s n="181"> The report shall also continue to include matters that were brought to the attention of the Council but not discussed during the period covered by the report. </s>
	</p>
	<p n="138">
	  <s n="182"> In addition, the Secretariat should post the current annual report of the Security Council on the United Nations website. </s>
	  <s n="183"> The relevant web page should be updated to provide the information as necessitated under future notes issued by the President of the Security Council with respect to the annual report. </s>
	</p>
	<p n="139">
	  <s n="184"> The report will continue to be adopted at a public meeting of the Security Council where members of the Council who wish to do so could comment on the work of the Council for the period covered by the report. </s>
	  <s n="185"> The President of the Council for the month in which the report is presented to the General Assembly will also make reference to the verbatim record of the Council&apos;s discussion prior to its adoption of the annual report. </s>
	</p>
	<p n="140">
	  <s n="186"> Newly elected members </s>
	</p>
	<p n="141">
	  <s n="187"> The Security Council invites the newly elected members of the Council to attend all meetings of the Council and its subsidiary bodies and the informal consultations of the whole, for a period of six weeks immediately preceding their term of membership or as soon as they have been elected, if the election takes place less than six weeks prior to the beginning of their terms. </s>
	  <s n="188"> The Security Council also invites the Secretariat to provide all relevant communications of the Council to the newly elected members during the above-mentioned period. </s>
	</p>
	<p n="142">
	  <s n="189"> * Recollected from previous note(s) by the President of the Security Council. </s>
	</p>
	<p n="143">
	  <s n="190"> The members of the Security Council also agree that, if an incoming member will be assuming the Presidency of the Council in the first two months of its term on the Council, it will be invited to attend the informal consultations of the whole for the period of two months immediately preceding its term of membership (that is, with effect from 1 November). </s>
	</p>
	<p n="144">
	  <s n="191"> The Security Council invites the Secretariat to continue to take appropriate measures to familiarize the newly elected members with the work of the Council and its subsidiary bodies, including by providing briefing materials and holding seminars before they begin to attend Council meetings. </s>
	</p>
	</body>
</text>
</DOC>