<?xml version="1.0" encoding="UTF-8"?>
<DOC lang="English" n="N0068994" id="A/55/494" date="2000/10/18">
<text>
	<body>
	<p n="1">
	  <s n="1"> Fifty-fifth session </s>
	</p>
	<p n="2">
	  <s n="2"> Agenda items 20 (a), 117 and 123 </s>
	</p>
	<p n="3">
	  <s n="3"> Strengthening of the coordination of humanitarian and </s>
	</p>
	<p n="4">
	  <s n="4"> disaster relief assistance of the United Nations, including </s>
	</p>
	<p n="5">
	  <s n="5"> special economic assistance: strengthening of the </s>
	</p>
	<p n="6">
	  <s n="6"> coordination of emergency humanitarian assistance </s>
	</p>
	<p n="7">
	  <s n="7"> of the United Nations </s>
	</p>
	<p n="8">
	  <s n="8"> Programme budget for the biennium 2000-2001 </s>
	</p>
	<p n="9">
	  <s n="9"> Human resources management </s>
	</p>
	<p n="10">
	  <s n="10"> Safety and security of United Nations personnel </s>
	</p>
	<p n="11">
	  <s n="11"> * The present report is being submitted after lengthy consultations with members of the Administrative Committee on Coordination. </s>
	</p>
	<p n="12">
	  <s n="12"> Report of the Secretary-General* </s>
	</p>
	<p n="13">
	  <s n="13"> Introduction </s>
	</p>
	<p n="14">
	  <s n="14"> The report is submitted pursuant to General Assembly resolutions 54/192 of 17 December 1999 and 54/249 of 23 December 1999 in which the Assembly recognized the need to review the existing safety and security arrangements for United Nations personnel and requested the Secretary-General to propose measures for their improvement. </s>
	  <s n="15"> It contains an outline of the threats against United Nations personnel, a comprehensive description of the existing security management structure and proposals to enhance the safety and security of United Nations personnel. </s>
	  <s n="16"> It was prepared in consultation with the members of the Administrative Committee on Coordination. </s>
	  <s n="17"> This report covers the period from 1 July 1999 to 30 June 2000. </s>
	  <s n="18"> However, as has been the practice in the past, information on deaths of staff members at the time of finalization of the report is also included. </s>
	</p>
	<p n="15">
	  <s n="19"> Overview </s>
	</p>
	<p n="16">
	  <s n="20"> The current security management system was designed to meet the operational requirements of the United Nations system which existed 20 years ago. </s>
	  <s n="21"> Over the past few years, in response to the mandates entrusted to them by Member States, staff members are increasingly being sent to provide assistance in situations of open warfare and hostility. </s>
	  <s n="22"> As a result, from 1 January 1992 to 18 September 2000, 198 civilian staff have lost their lives in the service of the United Nations. </s>
	  <s n="23"> During the reporting period, 21 staff members belonging to organizations of the United Nations system paid the ultimate price by sacrificing their lives; in the period from 1 July to 18 September 2000, four more staff members lost their lives (for details of each case see annex II). </s>
	  <s n="24"> Some 240 staff members have been taken hostage or kidnapped in 63 separate incidents since 1 January 1994. </s>
	  <s n="25"> Staff members of the United Nations have also experienced an unprecedented number of cases of rape and sexual assault, armed robbery, attacks on humanitarian convoys, car-jackings, harassment and arrest and detention. </s>
	</p>
	<p n="17">
	  <s n="26"> In order to provide assistance and protection to the world&apos;s neediest people, United Nations personnel have had to work in difficult and dangerous situations and have increasingly become victims of the environments in which they operate. </s>
	  <s n="27"> The purpose of the United Nations security system is to “protect the protectors”, and all organizations as a whole have a “duty of care” towards their personnel. </s>
	  <s n="28"> Regrettably, the system is currently not able to adequately fulfil its responsibilities despite the best efforts and dedication of all those involved in the present security management system. </s>
	</p>
	<p n="18">
	  <s n="29"> Over the past year, both the General Assembly and the Security Council have focused particular attention on the issue of the security of United Nations and associated personnel. </s>
	  <s n="30"> In resolution 54/192, the General Assembly noted the increasingly difficult context in which humanitarian assistance takes place and the continuous erosion of respect for the principles and rules of international humanitarian law. </s>
	  <s n="31"> It deplored the rise in casualties among national and international humanitarian personnel, as well as the acts of murder and other forms of violence, including abduction, hostage-taking, kidnapping, harassment and illegal arrest and detention, to which United Nations personnel in humanitarian operations and elsewhere are increasingly exposed. </s>
	  <s n="32"> The General Assembly reiterated that the primary responsibility under international law for the protection of United Nations personnel lies with host Governments, and urged all parties involved in armed conflict to ensure the security of humanitarian personnel. </s>
	  <s n="33"> The Assembly further urged all States to take the necessary measures to ensure the full and effective implementation of the principles and rules of international humanitarian law, as well as the relevant provisions related to the safety and security of humanitarian personnel. </s>
	</p>
	<p n="19">
	  <s n="34"> The Security Council held an open debate on the protection of United Nations and associated personnel on 9 February 2000. </s>
	  <s n="35"> In her opening statement at the meeting, the Deputy Secretary-General outlined the efforts being made by the United Nations to improve the security management system while at the same time calling on Member States to provide the necessary support. </s>
	  <s n="36"> In a statement made by the President at the end of the meeting (S/PRST/2000/4), the Security Council expressed its grave concern at the continued attacks against United Nations and associated personnel and humanitarian personnel. </s>
	  <s n="37"> The Security Council urged States and non-State parties to respect fully the status of United Nations and associated personnel and to ensure their safety and security, and underlined the importance of unhindered access to populations in need. </s>
	</p>
	<p n="20">
	  <s n="38"> I have been greatly encouraged by these clear expressions of concern by the General Assembly and the Security Council and the unanimous recognition by Member States that measures are urgently required to reverse this unacceptable trend of deteriorating conditions under which United Nations staff are required to work. </s>
	</p>
	<p n="21">
	  <s n="39"> Yet the dangers on the ground remain real and constant. </s>
	  <s n="40"> In part, this is due to the inability of Governments to maintain order in certain areas and in part due to deliberate and targeted aggression by paramilitary or other irregular groups. </s>
	  <s n="41"> On 6 September 2000, while world leaders were assembled in New York at the Millennium Summit, three staff members of the Office of the United Nations High Commissioner for Refugees (UNHCR) were savagely murdered in West Timor (Indonesia). </s>
	  <s n="42"> The Heads of State and Government present at the summit condemned that attack and stood in silent tribute when they heard the tragic news. </s>
	  <s n="43"> This concern must be translated into concrete action. </s>
	</p>
	<p n="22">
	  <s n="44"> It is universally recognized that the security of staff cannot be ensured if they do not receive specialized training, if they do not have communications equipment, and if they do not have access to expert advice and leadership from professional security officers in dangerous situations. </s>
	  <s n="45"> Currently, at the Headquarters level, there are only eight Professional staff responsible for coordinating and managing the security system covering 70,000 staff and dependants at over 150 duty stations. </s>
	  <s n="46"> There are only 60 cost-shared security officers in the field while there are some 80 high-risk duty stations where the presence of at least one field security officer would be warranted. </s>
	  <s n="47"> This is clearly an untenable situation and urgent remedial actions are called for. </s>
	</p>
	<p n="23">
	  <s n="48"> Current security management system and its limitations </s>
	</p>
	<p n="24">
	  <s n="49"> Threats against United Nations personnel </s>
	</p>
	<p n="25">
	  <s n="50"> Many of the situations where humanitarian personnel face security risks are also those where the international community has been unable to act to prevent or stop conflicts that give rise to the displacement of populations. </s>
	  <s n="51"> In these circumstances, Governments often look to the international humanitarian response to substitute for the very action that would at least help to ensure the safety of the affected civilian populations and humanitarian staff. </s>
	  <s n="52"> While all necessary measures may have been taken by the United Nations system to enhance the safety and security of its staff, no security arrangements can be effective without the full commitment of host Governments. </s>
	</p>
	<p n="26">
	  <s n="53"> Another problem which can increase the risks to United Nations personnel is insufficient awareness in countries hosting United Nations operations of responsibilities with regard to the security of staff. </s>
	  <s n="54"> In some countries, threats to United Nations system personnel can in part be fuelled by negative statements or campaigns by senior officials or others through the media. </s>
	  <s n="55"> Some of these statements have included incitement to violence against personnel of the United Nations system. </s>
	  <s n="56"> In other instances, staff members belonging to specific ethnic, linguistic or cultural affiliations have encountered threats from some members of the population. </s>
	  <s n="57"> Attacks on United Nations personnel can also be used as a means of gaining political visibility and recognition at the expense of individual United Nations staff members. </s>
	</p>
	<p n="27">
	  <s n="58"> Threats to United Nations system staff take many forms. </s>
	  <s n="59"> During the reporting period, 59 United Nations system personnel were abducted and held hostage in 12 separate incidents. </s>
	  <s n="60"> Of these incidents (all of which were resolved successfully in accordance with United Nations policy regarding this issue), three occurred in Sierra Leone, two in Somalia, two in the Sudan, three in Georgia and one each in Guatemala and Thailand. </s>
	</p>
	<p n="28">
	  <s n="61"> In addition to hostage-taking, United Nations system offices and premises are frequently occupied by individuals seeking to draw attention to their cause. </s>
	  <s n="62"> UNHCR reported four such incidents in the first quarter of 1999, including the occupation of UNHCR headquarters. </s>
	  <s n="63"> There have been incidents of asylum-seekers turning violent; one such incident resulted in the maiming of an office guard. </s>
	  <s n="64"> In Afghanistan, UNHCR offices were stormed by mobs eight times during a one-week period as a result of a protest against the United Nations. </s>
	  <s n="65"> Property belonging to the United Nations, especially vehicles, are regularly seized. </s>
	  <s n="66"> UNICEF reported seizure of its vehicles by the authorities and armed groups in Afghanistan and the Sudan. </s>
	</p>
	<p n="29">
	  <s n="67"> Criminality represents a growing threat to United Nations system staff at many locations worldwide, including some headquarters locations which are considered to be high-risk duty stations as a consequence of the high crime rate. </s>
	  <s n="68"> In those locations, armed vehicle hijackings, violent robberies, muggings and other street crimes continue to be a problem. </s>
	</p>
	<p n="30">
	  <s n="69"> Another threat to the security of United Nations system personnel is the presence of mines and unexploded ordnance in many locations throughout the world where United Nations staff operate. </s>
	</p>
	<p n="31">
	  <s n="70"> Very few of the cases in which United Nations system staff members have been killed or attacked have been brought to justice: to date only 3 of the 177 cases involving the violent death of United Nations system personnel have been brought to justice. </s>
	  <s n="71"> This lack of action may create the impression that United Nations system staff can be attacked with impunity. </s>
	  <s n="72"> In an effort to highlight these cases, beginning with the present report, all documents which provide information regarding the deaths of staff members will also provide information on actions the host Government involved is taking to apprehend and convict the perpetrators. </s>
	</p>
	<p n="32">
	  <s n="73"> In addition to the attacks and threats against United Nations personnel, non-governmental organization partners of United Nations humanitarian organizations that operate in the same environment are subjected to the same treatment in complex emergencies. </s>
	  <s n="74"> It is recognized that threats against non-governmental organization staff can also directly affect the United Nations humanitarian assistance programmes, especially since conflicting parties often do not distinguish between United Nations and non-governmental organization personnel. </s>
	  <s n="75"> In an effort to improve security cooperation and coordination between the United Nations and non-governmental organizations, the Inter-Agency Standing Committee has asked the World Food Programme (WFP) to chair a consultative process to address this issue. </s>
	</p>
	<p n="33">
	  <s n="76"> Arrests, detentions and other restrictions </s>
	</p>
	<p n="34">
	  <s n="77"> In accordance with prior practice, the present report provides information regarding cases of arrest and detention and cases of staff members who are missing or whose whereabouts remain unknown, some for almost 20 years. </s>
	  <s n="78"> A consolidated list of staff members under arrest and detention or missing and with respect to whom the United Nations and the specialized agencies and related organizations have been unable to exercise fully their right to protection is set out in annex III. </s>
	</p>
	<p n="35">
	  <s n="79"> According to information provided by the United Nations Relief and Works Agency for Palestine Refugees in the Near East (UNRWA), the total number of its staff arrested and detained decreased from 55 during the previous reporting period to 40 in the current reporting period. </s>
	  <s n="80"> Most staff members were released without charge or trial after relatively short periods of detention. </s>
	  <s n="81"> The number of staff members who remained in detention at the close of the reporting period was 11, two of whom have been detained without charge since 1996. </s>
	</p>
	<p n="36">
	  <s n="82"> The Agency reports that it was not always provided with adequate and timely information by the relevant authorities as to the reasons for the arrest and detention of its staff members and was therefore unable to fully exercise its right to functional protection of staff members arrested and detained. </s>
	</p>
	<p n="37">
	  <s n="83"> With regard to detainees in Rwanda, the designated official for security has continued to raise their cases with the highest officials in the Ministry of Justice. </s>
	  <s n="84"> The number of those detained has been reduced and the remaining detainees have been visited on a regular basis by the deputy field security officer, who reports that they are in good condition. </s>
	  <s n="85"> Some of them are working in prison administration while awaiting trial. </s>
	</p>
	<p n="38">
	  <s n="86"> On 15 May 2000, six UNHCR and non-governmental organization staff members on mission in the eastern part of the Republic of the Congo were arrested by forces of the Government of the Democratic Republic of the Congo inside the territory of the Republic of the Congo. </s>
	  <s n="87"> These individuals were severely mistreated during their detention and subjected to verbal abuse and beatings before they were expelled to the Republic of the Congo after having been moved from Mbandaka to Kinshasa. </s>
	  <s n="88"> On 16 June, the United Nations Security Coordinator transmitted a note verbale to the Government of the Democratic Republic of the Congo requesting an immediate investigation to identify and punish those responsible for this incident. </s>
	  <s n="89"> To date there has been no reply. </s>
	  <s n="90"> This incident is the most serious in a series involving United Nations personnel. </s>
	  <s n="91"> UNICEF reports at least six incidents where staff members were arrested for a variety of reasons, including being in possession of a satellite telephone and walking in proximity to a government office. </s>
	</p>
	<p n="39">
	  <s n="92"> Immediately prior to the reporting period, in April 1999, unidentified armed men abducted 17 aid workers on an assessment mission in northern Liberia for several days. </s>
	  <s n="93"> Some United Nations system staff were physically attacked and their vehicles and property stolen. </s>
	  <s n="94"> Another incident occurred in the same region in August 1999 where nine non-governmental organization staff were abducted and released within 28 hours. </s>
	  <s n="95"> During the latter incursion by dissident forces, 800 tons of WFP food were also looted. </s>
	</p>
	<p n="40">
	  <s n="96"> In Sierra Leone, beginning on 1 May 2000, more than 500 personnel of the United Nations Mission in Sierra Leone (UNAMSIL) were held at various locations within RUF-controlled territory. </s>
	  <s n="97"> During their detention, the peacekeepers were stripped of their uniforms, weapons and personal effects. </s>
	  <s n="98"> In some cases they were mistreated and suffered from lack of adequate food, shelter and medical treatment. </s>
	  <s n="99"> This most egregious example of illegal detention ended with the release of the last group of detainees on 29 June 2000. </s>
	  <s n="100"> It should be noted that there were also some 20 reported cases of arrest and detention of non-governmental organization humanitarian staff, who were held for various lengths of time by warring parties during this reporting period. </s>
	</p>
	<p n="41">
	  <s n="101"> A number of countries routinely deny visas to United Nations system staff members of particular nationalities while other Member States impose restrictions on the travel of staff members and their dependants. </s>
	  <s n="102"> With regard to the continued imposition of restrictions on the travel of staff members and their dependants who are nationals of particular countries, I would like to reiterate my well-known position of principle that such restrictions applied to United Nations system staff solely on the basis of nationality are discriminatory. </s>
	</p>
	<p n="42">
	  <s n="103"> C. United Nations security management system </s>
	</p>
	<p n="43">
	  <s n="104"> General </s>
	</p>
	<p n="44">
	  <s n="105"> The primary responsibility for the safety and security of United Nations personnel and their dependants rests with host Governments. </s>
	  <s n="106"> This responsibility flows from every Government&apos;s normal and inherent function of maintaining law and order and protecting persons and property within its jurisdiction. </s>
	  <s n="107"> Under Article 105, paragraph 1, of the Charter, the United Nations is entitled to enjoy in the territory of each of its members such privileges and immunities as are necessary for the fulfilment of its purposes. </s>
	  <s n="108"> Such privileges and immunities have been further elaborated in the Convention on the Privileges and Immunities of the United Nations adopted by the General Assembly at its first session, on 13 February 1946 (resolution 22 A (I)). </s>
	  <s n="109"> The Convention on the Privileges and Immunities of the Specialized Agencies, adopted by the Assembly in its resolution 179 (II) of 21 November 1947, covers similar matters with regard to the specialized agencies. </s>
	</p>
	<p n="45">
	  <s n="110"> In order to highlight the shortcomings of the present security management system, it is necessary to describe the existing security arrangement in some detail. </s>
	  <s n="111"> As the Chief Executive Officer of the Organization, I am responsible for ensuring that all steps have been taken to protect staff members and their dependants, particularly during times of crisis. </s>
	  <s n="112"> In order to meet this obligation, a set of rules and procedures was instituted in 1980 on an inter-agency basis (as codified in the Field Security Handbook) and revised in 1991 and 1994 to meet changing needs. </s>
	  <s n="113"> Security policies and practices are reviewed on an annual basis by an Ad Hoc Inter-Agency Meeting on Security. </s>
	  <s n="114"> The reports of this meeting are reviewed and approved by the Administrative Committee on Coordination, which has included security of staff as a standing issue on its agenda. </s>
	  <s n="115"> Between meetings, an informal working group is convened by the United Nations Security Coordinator whenever there is a need to discuss specific security issues. </s>
	  <s n="116"> The most recent Ad Hoc Meeting on Security was held at Bonn from 16 to 18 May 2000. </s>
	</p>
	<p n="46">
	  <s n="117"> Arrangements at Headquarters </s>
	</p>
	<p n="47">
	  <s n="118"> (a) Office of the United Nations Security Coordinator </s>
	</p>
	<p n="48">
	  <s n="119"> In order to assist me in the fulfilment of my obligations for the security of United Nations system personnel, I have appointed a United Nations Security Coordinator who, currently, is a senior official at the Under-Secretary-General level who also shoulders other responsibilities. </s>
	</p>
	<p n="49">
	  <s n="120"> The Office of the United Nations Security Coordinator is responsible, inter alia, for all policy and procedural matters related to security. </s>
	  <s n="121"> It is expected to ensure a coherent response by the United Nations to any emergency situation and formulate detailed recommendations to safeguard the security of staff and eligible dependants of the United Nations system. </s>
	  <s n="122"> The Office coordinates, plans and implements inter-agency security and safety programmes, including all training, and acts as the focal point for inter-agency cooperation concerning security matters. </s>
	  <s n="123"> The Office consults, as appropriate and time permitting, all organizations whose operations in any country would be affected by a security decision. </s>
	  <s n="124"> In addition, it assesses on a continuing basis the extent to which staff of the United Nations system and operations worldwide are exposed or vulnerable to security problems. </s>
	  <s n="125"> It reviews security plans formulated by United Nations staff in each country and ensures that each duty station has an adequate state of preparedness regarding contingency planning. </s>
	</p>
	<p n="50">
	  <s n="126"> On my behalf, the Office of the Security Coordinator takes all decisions relating to the relocation or evacuation of staff members and their eligible dependants from very insecure areas. </s>
	  <s n="127"> On behalf of the United Nations system, the Office manages the malicious acts insurance policy which at present covers 30,000 staff in 78 duty stations. </s>
	  <s n="128"> It manages and coordinates incidents involving hostage-taking, arrest and detention of United Nations system staff. </s>
	  <s n="129"> The Office develops and conducts security and stress management training for staff members of the United Nations system. </s>
	  <s n="130"> It also investigates, as appropriate, cases involving the death of a staff member under malicious or suspicious circumstances. </s>
	</p>
	<p n="51">
	  <s n="131"> The Office, which was created in 1988, consists of nine Professional and four General Service staff members, who are responsible for undertaking all the responsibilities outlined above as well as ensuring the coordination of security at 150 duty stations, covering 70,000 civilian staff members and their dependants. </s>
	  <s n="132"> The current level of staffing is clearly inadequate to meet the minimum requirements for the large number of staff assigned in all parts of the world. </s>
	</p>
	<p n="52">
	  <s n="133"> At present, funding for the Office comes from a multitude of sources. </s>
	  <s n="134"> Of the Professional posts, two are funded on a cost-shared basis by the organizations of the United Nations system, three are funded from the support account for peacekeeping operations, one by WFP, one jointly by UNICEF, WFP and UNHCR, one by the Office for the Coordination of Humanitarian Affairs and one by the United Nations Development Programme (UNDP). </s>
	  <s n="135"> Of the General Service staff, two are cost-shared on an inter-agency basis; one is funded by UNDP and one by WFP. </s>
	</p>
	<p n="53">
	  <s n="136"> The operating budget of the Office of the Security Coordinator is funded on a cost-shared basis by the organizations of the United Nations system. </s>
	  <s n="137"> For 1999, the United Nations regular budget bore approximately 18 per cent of the total costs of $650,880; the proportions borne by other organizations were as follows: United Nations Volunteers, 17.5 per cent, UNICEF, 10 per cent, UNHCR, 9 per cent, the World Health Organization, 8 per cent, UNDP, 7 per cent, the Food and Agriculture Organization of the United Nations, 5 per cent. </s>
	  <s n="138"> All other organizations each were billed less than 5 per cent of the total cost. </s>
	  <s n="139"> The Office&apos;s budget is included in the programme budget of the United Nations for the biennium 2000-2001 under section 30E, Inter-organizational security measures. </s>
	  <s n="140"> For the biennium 2000-2001, excluding funds required for payment of the premium for the malicious acts insurance policy, the Office&apos;s budget amounts to approximately $1 million for all security expenses, including the costs of the four inter-agency posts. </s>
	  <s n="141"> In addition to the provision made under section 30, Special expenses, the General Assembly authorizes the Secretary-General on a biannual basis to enter into financial commitments in the amount of up to $500,000 to meet unforeseen and extraordinary expenses that may be required for inter-organizational security measures, pursuant to section IV of its resolution 36/235 of 18 December 1981. </s>
	  <s n="142"> The provision covers such unforeseen expenses as costs of evacuation, movable equipment for security purposes, and emergency short-term security personnel in the field deemed necessary by the United Nations Security Coordinator. </s>
	</p>
	<p n="54">
	  <s n="143"> In 1998, a trust fund for the security of staff members of the United Nations system was established to supplement existing inter-agency funding mechanisms. </s>
	  <s n="144"> The purpose of the fund is to receive voluntary contributions to support the following activities undertaken by the Office: security and stress management training; stress counselling; provision of short-term security personnel; development of software to enhance security management; and security missions. </s>
	  <s n="145"> As at 1 August 2000, contributions to the trust fund had been received from the Governments of Finland ($102,000), Japan ($1 million), Monaco ($8,500) and Norway ($100,000). </s>
	  <s n="146"> Pledges or indications of intent had also been received from Argentina, Canada, the Netherlands and Senegal. </s>
	  <s n="147"> This disappointing response has limited the ability of the United Nations Security Coordinator to provide security training and to undertake other activities which would enhance the safety and security of the United Nations personnel. </s>
	  <s n="148"> An additional $5 million would be required to ensure that staff at all duty stations are adequately trained and new staff would need to be trained as they are recruited. </s>
	</p>
	<p n="55">
	  <s n="149"> (b) Arrangements at the headquarters of United Nations organizations, programmes and funds </s>
	</p>
	<p n="56">
	  <s n="150"> The Executive Head of each organization of the United Nations system has appointed an official who acts as the security focal point for the management of security within his/her respective organization and liaises with the Office of the United Nations Security Coordinator. </s>
	  <s n="151"> These focal points support their field offices through regular contacts and participate in joint inter-agency security assessment missions. </s>
	  <s n="152"> They also ensure that the staff of their organizations comply with system-wide security instructions. </s>
	</p>
	<p n="57">
	  <s n="153"> A number of programme headquarters (UNICEF, UNHCR and WFP) have established their own security sections which are guided by the policy set by the United Nations Security Coordinator. </s>
	  <s n="154"> The Office of the United Nations High Commissioner for Human Rights has established the position of Security Coordinator at Geneva from extrabudgetary resources. </s>
	  <s n="155"> It is planned to incorporate this position within an emergency response capability. </s>
	</p>
	<p n="58">
	  <s n="156"> UNICEF has one P-5 and one General Service staff member funded from the regular budget at its headquarters, as well as one L-3 funded from extrabudgetary sources. </s>
	  <s n="157"> UNICEF has also established a 24-hour operations centre staffed by one L-4 and two General Service staff from regular budget and seven Professionals funded from extrabudgetary sources. </s>
	</p>
	<p n="59">
	  <s n="158"> UNHCR has four Professional staff members at its headquarters (1 P-5, 3 P-4) and two General Service. </s>
	  <s n="159"> These posts are funded by the annual programme budget for programme support costs. </s>
	  <s n="160"> It does not have a 24-hour operations centre. </s>
	  <s n="161"> An operations centre is staffed by personnel from the UNHCR geographic bureaux whenever it is determined that there is an emergency. </s>
	</p>
	<p n="60">
	  <s n="162"> The World Food Programme established a field security task force in 1998 to review security and safety measures and to advise the Executive Director. </s>
	  <s n="163"> In addition, WFP has established a security cell at its headquarters which will soon consist of four staff members. </s>
	  <s n="164"> In 1999 and 2000 this cell has been able to deploy a security officer to crisis areas on short notice. </s>
	  <s n="165"> WFP has also provided 24-hour coverage to its field operations through its security desk which receives and passes messages to and from the field, the Office of the United Nations Security Coordinator and UNICEF operations centres during non-working hours. </s>
	</p>
	<p n="61">
	  <s n="166"> Arrangements in the field </s>
	</p>
	<p n="62">
	  <s n="167"> (a) Security plan </s>
	</p>
	<p n="63">
	  <s n="168"> The primary management tool for security preparedness at any duty station is the country-specific security plan. </s>
	  <s n="169"> Written in conformity with established procedures and subject to the approval of the United Nations Security Coordinator, it defines the various relevant responsibilities at the duty station, the actions to be taken and the sequence to be followed in response to a security crisis. </s>
	  <s n="170"> The plan is updated as necessary (but at least annually) to reflect changing security conditions and it may contain several options for various contingencies. </s>
	</p>
	<p n="64">
	  <s n="171"> Under the current arrangements, the response by the organizations of the United Nations system to threats to the safety of personnel has been divided into five phases, as follows: </s>
	</p>
	<p n="65">
	  <s n="172"> (a) In phase one, which is precautionary, travel to the area requires prior clearance by the designated official; </s>
	</p>
	<p n="66">
	  <s n="173"> (b) In phase two, all personnel and their dependants are restricted to their homes unless otherwise instructed. </s>
	  <s n="174"> All movement is severely restricted and has to be specifically authorized by the designated official; </s>
	</p>
	<p n="67">
	  <s n="175"> (c) In phase three, the following measures may be taken: concentration of personnel and their dependants at sites that are deemed safe; relocation to other parts of the country; relocation of dependants and non-essential personnel outside the country; </s>
	</p>
	<p n="68">
	  <s n="176"> (d) In phase four, programmes are suspended and personnel not directly concerned with emergency or humanitarian relief operations or security matters are relocated; </s>
	</p>
	<p n="69">
	  <s n="177"> (e) In phase five, all personnel are evacuated except those required for Security Council-mandated activities related to the maintenance of international peace and security. </s>
	</p>
	<p n="70">
	  <s n="178"> Phases one and two may be declared by the designated official. </s>
	  <s n="179"> The subsequent phases and measures will normally only be implemented after authorization has been obtained from the Secretary-General. </s>
	  <s n="180"> Security phases may be implemented in sequential order or as the situation dictates. </s>
	  <s n="181"> Situations may occur where one part of the country is under a different phase from the remainder of the country. </s>
	</p>
	<p n="71">
	  <s n="182"> Security arrangements are intended to cover all personnel, except that locally recruited personnel and their dependants are not normally evacuated unless their security is endangered as a direct consequence of their employment by a United Nations organization. </s>
	  <s n="183"> Each security plan must make provisions for the internal relocation of locally recruited staff and their dependants to a safe area and for the payment of three months&apos; salary advance. </s>
	</p>
	<p n="72">
	  <s n="184"> (b) Designated officials </s>
	</p>
	<p n="73">
	  <s n="185"> At each duty station, a senior United Nations official is appointed to serve as designated official for security with overall and special responsibility for the security and protection of personnel of the United Nations system. </s>
	  <s n="186"> In this regard, he/she is directly accountable and responsible to me through the United Nations Security Coordinator. </s>
	  <s n="187"> In many countries the United Nations Resident Coordinator is given this responsibility. </s>
	  <s n="188"> Depending on the composition of staff on the ground, other agency representatives may also be appointed designated official. </s>
	  <s n="189"> Where there are other, larger United Nations offices, such as regional commissions or peacekeeping operations, the official responsible for the office or operation may be appointed designated official. </s>
	</p>
	<p n="74">
	  <s n="190"> At present, there are 120 resident coordinators, 22 special representatives or executive secretaries and eight heads of other agencies serving as designated officials. </s>
	  <s n="191"> In some cases, where there is a peacekeeping mission, there may be two designated officials, one for the peacekeeping mission and one for United Nations organizations, programmes and funds. </s>
	  <s n="192"> In such instances, there is close coordination and cooperation between the military and civilian sides of the United Nations system. </s>
	  <s n="193"> In the absence of the designated official, his/her functions are assumed by an acting designated official, appointed by the Security Coordinator on the recommendation of the designated official. </s>
	  <s n="194"> The acting designated official is usually a head of another organization. </s>
	  <s n="195"> Unfortunately, owing to insufficient capacity for training, monitoring and evaluation, officials cannot always carry out their functions as effectively as would be desirable. </s>
	</p>
	<p n="75">
	  <s n="196"> Because of their special requirements, peacekeeping personnel remain under the exclusive jurisdiction of their chief of mission for relocation/ evacuation purposes. </s>
	  <s n="197"> However, as noted above, the chief of a peacekeeping operation may be appointed designated official responsible for the security of staff of United Nations agencies, programmes and funds at the duty station. </s>
	  <s n="198"> When this is not the case, peacekeeping operations maintain close coordination and cooperation with the designated official and will normally take all necessary action in the various phases listed above to the extent that it is compatible with their continued functioning. </s>
	</p>
	<p n="76">
	  <s n="199"> (c) Security management team </s>
	</p>
	<p n="77">
	  <s n="200"> The designated official is responsible for establishing a security management team, to assist and advise him/her on all security-related matters and to prepare a security plan for the country. </s>
	  <s n="201"> The team usually consists of the heads of United Nations agencies, programmes and funds at the duty station. </s>
	  <s n="202"> The members of the team have to ensure that the designated official is provided at all times with updated lists of all staff members and their eligible family members and their locations, especially in countries where insecurity is high. </s>
	  <s n="203"> A well-functioning, integrated security management team is critical to the sound implementation of inter-agency security coordination. </s>
	  <s n="204"> Security training for designated officials and members of the security management team is, therefore, a critical element in ensuring the security of staff and, by decision of the Administrative Committee on Coordination, this training is mandatory. </s>
	  <s n="205"> It is also important that the Office of the United Nations Security Coordinator be in a position to monitor and evaluate the manner in which the designated official and the team are carrying out their security-related functions. </s>
	</p>
	<p n="78">
	  <s n="206"> In some of the larger countries there are specific areas which are separate from the capital city both in terms of distance and exposure to emergencies. </s>
	  <s n="207"> In such areas the designated official is assisted by area coordinators who, on behalf of the designated official, will coordinate and manage security arrangements in their area of responsibility. </s>
	  <s n="208"> In order to facilitate coordination of the security arrangements, the designated official and security management team appoint wardens and deputy wardens to ensure the proper implementation of security in specific predetermined zones of a city. </s>
	  <s n="209"> The zones covered by a warden are to be no larger than that which would enable them to reach staff members on foot in case of an emergency. </s>
	</p>
	<p n="79">
	  <s n="210"> (d) Field security officers </s>
	</p>
	<p n="80">
	  <s n="211"> At many duty stations, a field security officer may be assigned to provide professional security advice to the designated official. </s>
	  <s n="212"> The field security officers are the principal security advisers and assist the designated official and the security management team in carrying out their responsibilities with regard to security of staff. </s>
	  <s n="213"> They ensure that all staff members and their dependants are kept fully informed of matters affecting their security and conduct security surveys of residential areas/premises. </s>
	  <s n="214"> They also identify and report on potential security hazards; maintain and manage the security and contingency plans; and coordinate the activities of other single-agency security officers. </s>
	</p>
	<p n="81">
	  <s n="215"> There are currently 60 field security officers who are funded on a cost-shared basis. </s>
	  <s n="216"> The actual cost per agency is determined at each duty station on a per capita basis taking into account the number of international and national staff in each organization. </s>
	  <s n="217"> The decision to recruit a field security officer is made by the security management team in consultation with the Office of the United Nations Security Coordinator, which requests the headquarters of the organizations concerned to provide the account codes for their share of the cost. </s>
	  <s n="218"> When all the account codes have been received, UNDP recruits the field security officer on a one-year contract on behalf of the system. </s>
	  <s n="219"> The officer reports to the designated official and the security management team who are collectively responsible for his/her performance appraisal. </s>
	  <s n="220"> However, the officer must also concurrently report to the Security Coordinator. </s>
	  <s n="221"> The current system is cumbersome and completely inadequate since it can take as long as one year to obtain the account codes from all the agencies present at a duty station. </s>
	  <s n="222"> Moreover, there is no flexibility to assign field security officers to a duty station where there may be an urgent need for professional security advice and there are limited opportunities for mobility. </s>
	</p>
	<p n="82">
	  <s n="223"> In addition to the cost-shared field security officers, there are 16 chief security officers assigned to assist the chief of mission in peacekeeping missions in his/her security responsibilities. </s>
	  <s n="224"> There are also a number of security officers hired by individual organizations. </s>
	  <s n="225"> While the function of these officers is limited to the security needs of their employing organization, the single-agency security officer is also required to provide assistance to the designated official and to support the security management team. </s>
	  <s n="226"> UNHCR has 46 professional security officers (half of which are funded by the annual programme budget for programme costs and the other half by the annual programme budget for programme support costs), the Office of the High Commissioner for Human Rights has six (funded from extrabudgetary resources), WFP has eight and UNICEF has four to cater to the particular needs of their operations in high-risk duty stations. </s>
	  <s n="227"> UNHCR has also deployed field security assistants as part of its emergency response teams to better manage staff safety issues in highly volatile emergency situations. </s>
	</p>
	<p n="83">
	  <s n="228"> Security training </s>
	</p>
	<p n="84">
	  <s n="229"> The Office of the United Nations Security Coordinator has developed a comprehensive security and stress management training programme for all United Nations system staff. </s>
	  <s n="230"> The programme consists of three major components, namely, security management training for all officials responsible for security, including the designated official, the members of the security management team, area coordinators, and wardens; specialized training for field security officers; and personal security awareness briefings for staff. </s>
	</p>
	<p n="85">
	  <s n="231"> To date, the security training programme has been funded from the trust fund for the security of United Nations personnel. </s>
	  <s n="232"> Training has so far been conducted in Afghanistan, Lebanon, Liberia, Pakistan, Sierra Leone and Tajikistan. </s>
	  <s n="233"> By the end of 2000, training will also have been provided to staff in Eritrea, Ethiopia, Indonesia, East Timor, Kenya, Somalia and Sri Lanka. </s>
	  <s n="234"> Over 8,000 staff will have benefited from this training. </s>
	  <s n="235"> Field security officers and those UNDP staff members who assume these functions at those duty stations where there is no full-time field security officer, as well as single-agency security officers and chiefs of security at peacekeeping missions, have been provided with updated training at regional security workshops conducted by the Office of the Security Coordinator. </s>
	  <s n="236"> During the course of 2000, four regional workshops were held, at Bangkok, Nairobi, Santiago and Vienna, for 160 security personnel. </s>
	</p>
	<p n="86">
	  <s n="237"> The funds available from the trust fund will only suffice to provide security training at an additional 22 duty stations, the bulk of which will be undertaken during 2001. </s>
	  <s n="238"> Thereafter, unless additional funds are forthcoming, it will not be possible to carry out security training of staff. </s>
	  <s n="239"> Given the threats outlined above, it is imperative that funds be found to implement security training for all staff at all duty stations on a continuing basis. </s>
	</p>
	<p n="87">
	  <s n="240"> A few organizations of the United Nations system complement the security training programme of the Office of the Security Coordinator by providing security awareness training for their staff and it will be necessary for those organizations to continue to include resources for security awareness training in their respective budgets. </s>
	  <s n="241"> Over 5,500 WFP personnel received 2 to 3 days of basic security awareness training between February 1999 and May 2000, with more than 10 per cent also receiving training in one or more specialized areas. </s>
	  <s n="242"> Over 200 WFP managers received training over the past 12 months in how to manage security matters and people working under prolonged periods of stress. </s>
	  <s n="243"> The first annual WFP security officers workshop was held to improve skills, introduce new equipment and exchange ideas. </s>
	  <s n="244"> Follow-up specialized safety and security training are also being planned. </s>
	</p>
	<p n="88">
	  <s n="245"> Stress counselling </s>
	</p>
	<p n="89">
	  <s n="246"> The conditions under which staff members of the United Nations system have carried out their mandates has changed dramatically. </s>
	  <s n="247"> Unlike military personnel, United Nations system staff members have not been trained to deal with the traumatic events which they are more and more frequently forced to experience. </s>
	  <s n="248"> In addition, they have not developed the psychological immunity that is sometimes found in those who are required to work in traumatic situations. </s>
	  <s n="249"> Untreated cumulative and critical incident stress has a negative impact on staff performance. </s>
	  <s n="250"> Those who experience this type of stress are generally not fully productive, have difficulty in being objective and do not work as a team. </s>
	  <s n="251"> A failure to properly manage cumulative and critical incident stress can lead to illness and sometimes to life-threatening situations. </s>
	  <s n="252"> In addition, prolonged exposure to dangerous environments can make the staff member blasé about basic security precautions. </s>
	</p>
	<p n="90">
	  <s n="253"> Within the limits of available funds, the Office of the United Nations Security Coordinator has assigned a stress counsellor to assist staff members who have undergone critical incidents. </s>
	  <s n="254"> For example, stress counsellors have been deployed to assist staff members and dependants evacuated from the Democratic Republic of the Congo, Guinea-Bissau and Sierra Leone. </s>
	  <s n="255"> A P-4 position for a stress counsellor in the Office is funded from the peacekeeping support account. </s>
	  <s n="256"> The incumbent is responsible for organizing and implementing a stress management programme for civilian staff members at peacekeeping operations and also to develop procedures to ensure a coordinated, inter-agency approach to stress management. </s>
	  <s n="257"> In order to ensure that all officials responsible for security are aware of the issues related to stress management of their staff, as well as to provide staff with an understanding of what stress is, the Office includes stress management as part of its comprehensive security training package. </s>
	</p>
	<p n="91">
	  <s n="258"> UNHCR has a full-time staff welfare officer based at Geneva. </s>
	  <s n="259"> The WFP staff counsellor programme has expanded from one part-time counsellor at headquarters to six part-time counsellors, including five assigned to regional offices (Abidjan, Islamabad, Kampala, Managua and Nairobi). </s>
	  <s n="260"> WFP has held two annual skills-upgrading workshops for staff in 1999 and 2000. </s>
	  <s n="261"> In addition, a peer support programme was established to extend WFP staff support activities to the country and sub-office levels. </s>
	  <s n="262"> The first 18 WFP peer support volunteers were trained in April 2000; an additional 60 to 80 WFP staff are to be trained by the end of 2001. </s>
	</p>
	<p n="92">
	  <s n="263"> Stress counselling has been recognized by most organizations as an area which needs close inter-agency coordination and action. </s>
	  <s n="264"> The current minimal response by the United Nations system to this problem is not sufficient and it is critical that funding be found to enhance the United Nations stress management programmes. </s>
	</p>
	<p n="93">
	  <s n="265"> Communications </s>
	</p>
	<p n="94">
	  <s n="266"> Adequate communication is critical to any security arrangement. </s>
	  <s n="267"> To be effective, the United Nations communications system at a duty station must include a capability to operate on a 24-hour basis. </s>
	  <s n="268"> According to a review undertaken by the Office of the Security Coordinator, only 34 duty stations have this 24-hour capability. </s>
	  <s n="269"> As a result, when a crisis occurs or a staff member is attacked or taken hostage outside normal working hours, significant delays may occur in bringing this matter to the attention of senior managers. </s>
	</p>
	<p n="95">
	  <s n="270"> A practical example of the critical role of communication is the need for mobile radios for vehicles moving in dangerous or isolated areas to assist in the delivery of relief supplies. </s>
	  <s n="271"> The denial of permission for the use of such equipment by some governmental or de facto authorities can prevent the delivery of assistance when it is deemed too dangerous for staff to travel without a radio. </s>
	  <s n="272"> Status-of-forces agreements for peacekeeping missions specifically mention the right of the United Nations peacekeeping operation concerned to unrestricted communication by radio, including satellite, mobile and hand-held radios. </s>
	  <s n="273"> Authorities in war-affected countries must reach appropriate agreements with humanitarian organizations in the area of communications. </s>
	  <s n="274"> The Tampere Convention, adopted in June 1998, will help to improve the regulatory environment for the use of telecommunications to support humanitarian assistance, provided that it is ratified by the required number of States. </s>
	  <s n="275"> However, it is essential that any country agreement or status-of-forces agreements include specific language to ensure that this critical function is available to the United Nations. </s>
	  <s n="276"> Member States are urged to render all possible assistance to facilitate the use of the required communications in order to enable the United Nations personnel to carry out their functions in all areas where their presence is deemed vital. </s>
	</p>
	<p n="96">
	  <s n="277"> Recent initiatives </s>
	</p>
	<p n="97">
	  <s n="278"> Within the United Nations, we have undertaken extensive reviews of our security management system. </s>
	  <s n="279"> Two task forces, which were convened under the overall leadership of the Deputy Secretary-General, have reviewed policy and legal issues and operational aspects. </s>
	  <s n="280"> In addition, I also had a strategic review of our security system conducted by a group of experts. </s>
	</p>
	<p n="98">
	  <s n="281"> On the basis of those reviews, I have decided that there are a number of internal measures which the United Nations system must take to improve the security management system. </s>
	  <s n="282"> It is no longer acceptable that staff members carrying out the mandates of United Nations organizations are expected to serve at high-risk duty stations without being trained and briefed regarding their basic security. </s>
	  <s n="283"> Efforts to promote security training which are already under way will be accelerated and intensified. </s>
	  <s n="284"> Staff members must receive security training before they are assigned for the first time or reassigned to a high-risk duty station. </s>
	  <s n="285"> To this end, adequate numbers of security and stress trainers will be required. </s>
	  <s n="286"> If the training capacity is increased, it would be my intention to require that all staff members be certified by their agencies as having received appropriate security awareness training before they are assigned to high-risk duty stations. </s>
	  <s n="287"> There is a need to develop a security culture among all staff members, including those in senior management positions. </s>
	</p>
	<p n="99">
	  <s n="288"> At the field level, resident coordinators who serve as designated officials will be selected with the involvement of the United Nations Security Coordinator. </s>
	  <s n="289"> Designated officials and members of security management teams will be held fully accountable and responsible for the implementation of day-to-day security management. </s>
	  <s n="290"> All designated officials and security management teams will be provided with specific security and stress management training. </s>
	  <s n="291"> Membership of the team will be contingent upon the head of agency having attended this mandatory training organized by the Office of the Security Coordinator. </s>
	  <s n="292"> To ensure that designated officials and security management teams are carrying out their functions in an appropriate manner, the Office of the Security Coordinator will establish and undertake security compliance inspection programmes. </s>
	</p>
	<p n="100">
	  <s n="293"> In order to determine the minimum security requirements at each duty station, the Office of the Security Coordinator has requested each designated official and security management team to develop minimum operational safety standards for their locations and to conduct a systematic assessment of threats facing United Nations staff for each location. </s>
	  <s n="294"> An inter-agency working group will be convened by the Office to propose criteria to be used for the suspension of operations and the withdrawal of United Nations staff and also to recommend under what conditions they may be allowed to return to areas from where they may have been withdrawn. </s>
	</p>
	<p n="101">
	  <s n="295"> Steps are also being taken to provide direct and immediate assistance to families of staff members who are killed in the service of the United Nations. </s>
	  <s n="296"> This will include the assignment of focal points to provide families a consistent, caring point of contact and to guide them, if requested, in dealing with administrative matters. </s>
	  <s n="297"> A handbook consolidating actions to be taken by all offices concerned and including advice on how to respond in a caring manner will be issued shortly. </s>
	  <s n="298"> The handbook will also contain recommendations on how to arrange appropriate memorial services. </s>
	</p>
	<p n="102">
	  <s n="299"> In view of the importance of following up on investigations of cases where United Nations staff have fallen victim to attack, a separate working group is being given the task of formulating appropriate recommendations on monitoring and reporting on developments to ensure that the necessary action is taken to bring the perpetrators of such attacks to justice. </s>
	</p>
	<p n="103">
	  <s n="300"> United Nations personnel have an obligation to observe and respect the national laws of the host State, in accordance with international law and the Charter of the United Nations; I shall continue to ensure that all staff comply with this requirement. </s>
	  <s n="301"> Organizations of the United Nations system also need to ensure that the purposes and mandates of the United Nations system are understood by all concerned. </s>
	  <s n="302"> At the field level, attempts to sensitize local authorities and parties to conflict by disseminating information about humanitarian principles through a series of workshops, intended to clarify humanitarian objectives and to obtain commitments from the parties, have proved to be beneficial and have resulted in the resumption of humanitarian activities in several areas. </s>
	  <s n="303"> Such approaches should be encouraged and should continue to be carried out in collaboration with non-governmental organizations and the Red Cross movement. </s>
	  <s n="304"> There may also be a role for United Nations Information Centres to develop programmes for public education and dissemination of information on humanitarian principles. </s>
	  <s n="305"> These programmes could highlight the provisions contained in the Charter and in international law, with particular emphasis on those articles relating to the safety and security of civilians caught up in armed conflict and of humanitarian staff providing help to the victims. </s>
	</p>
	<p n="104">
	  <s n="306"> In a number of countries, arrangements have been made between the Government, warring parties and international humanitarian organizations which lay down ground rules defining the arrangements for secure access by humanitarian organizations to the victims of the conflict. </s>
	  <s n="307"> These arrangements are based on a recognition by all parties of the importance of observing humanitarian principles. </s>
	  <s n="308"> Such operational arrangements have proved, in several countries, to be indispensable for the work of humanitarian organizations and have had a positive impact on the safety and security of humanitarian personnel. </s>
	</p>
	<p n="105">
	  <s n="309"> Observations </s>
	</p>
	<p n="106">
	  <s n="310"> The General Assembly and the Security Council have acknowledged the increasingly difficult context in which United Nations personnel are expected to serve in many parts of the world. </s>
	  <s n="311"> This trend is a direct reflection of the growing number of complex emergencies in the last few years in which the United Nations is required to provide assistance and protection in situations of armed conflict. </s>
	  <s n="312"> There has regrettably been a continuous erosion of respect for the principles and rules of international humanitarian law. </s>
	  <s n="313"> The deplorable rise in the toll of casualties among locally recruited personnel, who count for the great majority of casualties, and international personnel striving to deliver essential assistance has been condemned in many intergovernmental forums and elsewhere. </s>
	</p>
	<p n="107">
	  <s n="314"> In addition to the direct harm to the individuals concerned, attacks and threats against United Nations personnel and other humanitarian personnel also have an adverse effect on those who depend on their help, be they sick and hungry children, refugees and internally displaced persons or civilians threatened by armed conflicts. </s>
	  <s n="315"> Humanitarian personnel cannot be expected to provide assistance and protection to civilians, in fulfilment of the mandates given to them, if they are not protected from such attacks and threats. </s>
	  <s n="316"> Where there is a lack of respect for those carrying out the impartial work of the United Nations and the freedom of humanitarian organizations to reach vulnerable populations is impeded, the most likely and unfortunate result is that the vulnerability of those populations will increase. </s>
	  <s n="317"> In many situations, we do not have the option of simply walking away from dangerous situations, leaving millions of people at the mercy of natural or man-made disasters. </s>
	  <s n="318"> Very often the United Nations and other humanitarian organizations represent the last ray of hope for suffering populations. </s>
	</p>
	<p n="108">
	  <s n="319"> We have a collective responsibility towards those who deliver assistance in high-risk environments. </s>
	  <s n="320"> This responsibility is not limited to the United Nations and other humanitarian organizations but includes Member States. </s>
	  <s n="321"> The General Assembly, the Security Council and the Commission on Human Rights have all urged States to take the necessary measures to ensure the full and effective implementation of the principles and rules of international law as well as the relevant provisions related to the safety and security of humanitarian personnel. </s>
	  <s n="322"> It is equally essential that all parties involved in armed conflict take all the necessary measures to ensure the security of United Nations and humanitarian personnel. </s>
	</p>
	<p n="109">
	  <s n="323"> As already noted in this report, only 3 out of the 177 cases involving the violent death of personnel of the United Nations system have been brought to justice so far: this represents an unacceptably high level of impunity. </s>
	  <s n="324"> The most recent tragic killings in West Timor and in Guinea can only confirm our worst fears — that there are those who believe that no serious action will be taken to bring them to justice for committing such heinous crimes. </s>
	  <s n="325"> The staff who are killed are not simply victims of the risk inherent in many field operations: they are usually targeted deliberately precisely because they are there to protect and help vulnerable people. </s>
	  <s n="326"> I therefore reiterate my call for all States to ensure that any threat or act of violence committed against United Nations and other humanitarian personnel is fully investigated and that swift measures are taken to identify and prosecute the perpetrators of such crimes. </s>
	</p>
	<p n="110">
	  <s n="327"> It is my firm belief that the Convention on the Privileges and Immunities of the United Nations and the Convention on the Privileges and Immunities of the Specialized Agencies constitute critical elements in the protection of staff members and their dependants from arrest and detention. </s>
	  <s n="328"> I therefore invite States that have not become a parties to the Conventions to ratify or accede to them. </s>
	  <s n="329"> I also call on Member States that have not done so to become parties to the Convention on the Safety of United Nations and Associated Personnel, which was adopted by the General Assembly in its resolution 49/59 of 9 December 1994. </s>
	  <s n="330"> In response to the request in paragraph 17 of General Assembly resolution 54/192, a separate report is being prepared addressing issues relating to the scope of the legal protection afforded by that Convention. </s>
	</p>
	<p n="111">
	  <s n="331"> I welcome the adoption of the Rome Statute of the International Criminal Court, which represents a significant step towards enhancing the regime of protection of personnel involved in humanitarian assistance programmes or peacekeeping missions. </s>
	  <s n="332"> However, the Rome Statute is not yet in force and I call on Member States to ratify it. </s>
	</p>
	<p n="112">
	  <s n="333"> While the adoption of these legal instruments and the various initiatives launched by the United Nations constitute important elements in the overall effort to enhance the protection of United Nations personnel, we need to do more. </s>
	  <s n="334"> In recognizing the exceptional gravity of the present situation, the General Assembly requested me to take a number of steps to strengthen the protection of United Nations personnel. </s>
	  <s n="335"> These included taking the necessary measures to ensure full respect for the human rights, privileges and immunities of United Nations personnel and considering ways and means to strengthen the protection of United Nations personnel; and ensuring adequate training in security, human rights and humanitarian law as well as stress counselling. </s>
	  <s n="336"> The General Assembly also recognized the need to strengthen the Office of the United Nations Security Coordinator and for a full-time Security Coordinator to be appointed. </s>
	  <s n="337"> For its part, the Commission on Human Rights, at its fifty-sixth session, requested me to ensure that field missions are adequately staffed with security professionals and provided with essential equipment. </s>
	</p>
	<p n="113">
	  <s n="338"> I would like to pay tribute to all our colleagues in humanitarian endeavours and peacekeeping missions who have given their lives to uphold the ideals of solidarity and peace and to give life to the Charter of the United Nations. </s>
	  <s n="339"> We owe it to them and to the millions of people who need our assistance to ensure that their ultimate sacrifice has not been in vain, and collectively to do our utmost to protect and support those who continue the job they carried out with compassion and dedication. </s>
	</p>
	<p n="114">
	  <s n="340"> Proposals for strengthening the safety and security system for United Nations personnel </s>
	</p>
	<p n="115">
	  <s n="341"> The security of United Nations personnel is of paramount importance to me and to the heads of organizations in the United Nations system. </s>
	  <s n="342"> In order to effectively discharge my responsibilities for the safety and security of all United Nations personnel, I have to ensure that there is careful coordination to avoid the potential for conflict in policy, guidelines or activities that could, in turn, endanger their safety and security. </s>
	  <s n="343"> My proposal to appoint a Security Coordinator at the Assistant Secretary-General level, on a full-time basis, is intended to enable the Security Coordinator, acting on my behalf and reporting directly to me, to deal with heads of organizations of the United Nations system and Member States. </s>
	  <s n="344"> The appointment of such a high-level official will provide the essential focus and leadership in the United Nations efforts to strengthen security coordination and management. </s>
	  <s n="345"> As has been recognized by Member States, it will also be necessary to strengthen the Office of the Security Coordinator with additional staff if it is to be in a position to fulfil the coordination, management and training requirements for the vast number of United Nations personnel scattered throughout the world. </s>
	</p>
	<p n="116">
	  <s n="346"> United Nations personnel can no longer be required to carry out their functions in high-risk environments, at great personal risk, without the minimum level of training, stress counselling and equipment being provided to them in a timely and adequate manner. </s>
	  <s n="347"> The existing system, which relies on unpredictable and piecemeal funding and outdated, cumbersome and complex procedures is simply not suited for the difficult and dangerous situations in which United Nations personnel are obliged to work. </s>
	  <s n="348"> If we are to be in a position to deliver assistance to needy areas of the world, often under conditions of armed conflict and hostility, our field colleagues must benefit from adequate levels of professional security advice and support. </s>
	</p>
	<p n="117">
	  <s n="349"> It is, therefore, essential to replace the current unreliable mechanism for funding field security officers and to ensure that the required number are funded from the United Nations regular budget. </s>
	  <s n="350"> They would be recruited centrally and assigned where they are required most in an expeditious manner: this can make a difference between life and death for our colleagues. </s>
	  <s n="351"> In addition to an adequate number of security staff, it is also critical that sufficient and reliable funds be available for training programmes and for urgent communications and other critical equipment. </s>
	  <s n="352"> There can be no question that good security requires adequate and predictable funding. </s>
	  <s n="353"> There should be nothing discretionary about the financing of staff security: it is neither a luxury nor a perk. </s>
	  <s n="354"> It is something we owe those who are willing to serve humanity under the most challenging of circumstances. </s>
	  <s n="355"> The cost of providing adequate security is the price that we have to be prepared and committed to pay for the successful implementation of the mandated activities of the organizations of the United Nations system. </s>
	</p>
	<p n="118">
	  <s n="356"> I shall, therefore, be submitting proposals to strengthen the Office of the United Nations Security Coordinator at Headquarters, and more importantly at the field level, for the biennium 2002-2003 so that the United Nations is in a position to effectively and efficiently fulfil its mandates. </s>
	  <s n="357"> At Headquarters, the Office will consist of 18 Professional staff members and appropriate support staff. </s>
	  <s n="358"> I shall also include recommendations for funds to cover key operational expenses such as training, communications and equipment. </s>
	  <s n="359"> For the field, I shall be submitting recommendations to strengthen the existing capacity by establishing another 40 field security officer positions to supplement the existing 60 positions, all of which would be funded from the United Nations regular budget. </s>
	  <s n="360"> This number would include personnel to conduct security training in the field. </s>
	  <s n="361"> I expect that the total cost of these proposals will be in the order of approximately $30 million at full costing per year or $60 million for the biennium. </s>
	  <s n="362"> The detailed budget will be submitted to the General Assembly in the context of the proposed programme budget for the biennium 2002-2003. </s>
	</p>
	<p n="119">
	  <s n="363"> Recommendations </s>
	</p>
	<p n="120">
	  <s n="364"> As a transitional measure and in order to respond to the most immediate needs for strengthening the security and safety of United Nations system personnel, the General Assembly is requested to approve the following specific proposals within the biennium 2000-2001 (see annex I for details): </s>
	</p>
	<p n="121">
	  <s n="365"> (a) To establish a post at the Assistant Secretary-General level for the position of United Nations Security Coordinator, effective 1 January 2001, with responsibilities as detailed in the note by the Secretary-General of 3 May 2000 (A/C.5/54/56); </s>
	</p>
	<p n="122">
	  <s n="366"> (b) As an interim measure and pending the submission of proposals for the full requirements of the Office of the United Nations Security Coordinator, to establish additional posts under the regular budget — two at P-5 level and six at P-4 level — with appropriate support staff at Headquarters; and six posts at P-4 level, four at P-3 level and 20 local level posts for the field, effective 1 January 2001, with a view to strengthening the operations of the Office in 2001; </s>
	</p>
	<p n="123">
	  <s n="367"> (c) To approve an additional appropriation in the amount of $2,776,900 under section 30, Special expenses, of the programme budget for the biennium 2000-2001, to meet the additional costs associated with the strengthening of the Office in the current biennium. </s>
	  <s n="368"> Furthermore, an additional appropriation in the amount of $305,800 would be required under section 32, Staff assessment, to be offset by an equivalent amount under income section I, Income from staff assessment; </s>
	</p>
	<p n="124">
	  <s n="369"> (d) To note that funding of the activities of the Office and related costs, already approved by resolutions 54/249 and 54/250, would continue during 2001 through cost-sharing arrangements and that the proposals for full requirements for the strengthening of the Office would be submitted to the General Assembly in the context of the proposed programme budget for the biennium 2002-2003. </s>
	</p>
	<p n="125">
	  <s n="370"> Annex I </s>
	</p>
	<p n="126">
	  <s n="371"> Resource requirements for the biennium 2000-2001 </s>
	</p>
	<p n="127">
	  <s n="372"> The proposals of the Secretary-General for strengthening the Office of the United Nations Security Coordinator, at Headquarters and in the field, for the biennium 2000-2001 are outlined in detail below. </s>
	</p>
	<p n="128">
	  <s n="373"> The following urgent actions are required for the immediate strengthening of the Office of the United Nations Security Coordinator, effective 1 January 2001: </s>
	</p>
	<p n="129">
	  <s n="374"> (a) Establishment of a post at the Assistant Secretary-General level for a position of full-time United Nations Security Coordinator, with the responsibilities outlined in the Secretary-General&apos;s note of 3 May 2000 (A/C.5/54/56), and a corresponding General Service (other level) post for support staff. </s>
	</p>
	<p n="130">
	  <s n="375"> (b) A P-5 post for a senior security coordination officer for strengthening the coordination of the activities of field security officers. </s>
	  <s n="376"> The main responsibilities of the incumbent would include: </s>
	</p>
	<p n="131">
	  <s n="377"> - monitoring of and responding to all security incidents; </s>
	</p>
	<p n="132">
	  <s n="378"> - monitoring and assessing crisis situations in specific countries for possible early warning indications; </s>
	</p>
	<p n="133">
	  <s n="379"> - establishing and maintaining security compliance inspection programmes of the Office, including procedures to be followed during an inspection, the scheduling of inspections and the preparation of the final report; </s>
	</p>
	<p n="134">
	  <s n="380"> - providing advice and assistance to field offices in the management of hostage incidents; </s>
	</p>
	<p n="135">
	  <s n="381"> - supervising the activities of field security officers to ensure efficient, effective and standardized response to security crises. </s>
	</p>
	<p n="136">
	  <s n="382"> (c) One P-5 and three P-4 posts for trainers/instructors, to supplement the existing P-4 post, to strengthen training in safety and security for United Nations civilian and military personnel. </s>
	  <s n="383"> The specific responsibilities of the team in the training unit of the Office would include: </s>
	</p>
	<p n="137">
	  <s n="384"> - planning and conducting security training for designated officials, field security officers, security management teams, area coordinators and wardens; </s>
	</p>
	<p n="138">
	  <s n="385"> - providing security awareness training and briefings to the United Nations staff worldwide; </s>
	</p>
	<p n="139">
	  <s n="386"> - developing a capacity to conduct crisis management exercises to be used in the inspection and security management team training programmes of the Office; </s>
	</p>
	<p n="140">
	  <s n="387"> - providing training support to all organizations, as requested; </s>
	</p>
	<p n="141">
	  <s n="388"> - participating in the working groups on staff security training set up within the United Nations system. </s>
	</p>
	<p n="142">
	  <s n="389"> (d) A position at the P-4 level for a stress counsellor to supplement the existing position of stress counsellor in order to strengthen risk assessment, counselling and stress management programmes. </s>
	  <s n="390"> The main responsibilities of the incumbents would include: </s>
	</p>
	<p n="143">
	  <s n="391"> - developing the United Nations system policy regarding management of stress; </s>
	</p>
	<p n="144">
	  <s n="392"> - conducting duty station assessments, as required; </s>
	</p>
	<p n="145">
	  <s n="393"> - providing rapid response in all critical incidents, including death of staff under malicious circumstances, hostage-taking and evacuations; </s>
	</p>
	<p n="146">
	  <s n="394"> - providing stress management training to all staff worldwide in the context of the security/stress management training programme of the Office of the United Nations Security Coordinator; </s>
	</p>
	<p n="147">
	  <s n="395"> - providing support to families of United Nations system staff who have been taken hostage or who have died in the field; </s>
	</p>
	<p n="148">
	  <s n="396"> - participating in the working groups on stress management set up within the United Nations system. </s>
	</p>
	<p n="149">
	  <s n="397"> (e) A position at the P-4 level for a security coordination officer to conduct investigations in cases of death, injury or abduction of United Nations staff. </s>
	</p>
	<p n="150">
	  <s n="398"> (f) An Administrative Officer post at the P-4 level to enable the Office of the United Nations Security Coordinator to provide adequate and timely administrative support in view of the proposed substantial presence in the field. </s>
	  <s n="399"> The incumbent would be responsible for: </s>
	</p>
	<p n="151">
	  <s n="400"> - personnel administration, and all other personnel-related matters associated with field security officers and headquarters; </s>
	</p>
	<p n="152">
	  <s n="401"> - administration of the security budgets of the field security officers; </s>
	</p>
	<p n="153">
	  <s n="402"> - preparation and monitoring of biennial budget of the Office; </s>
	</p>
	<p n="154">
	  <s n="403"> - administration of the trust fund for the security of United Nations staff; </s>
	</p>
	<p n="155">
	  <s n="404"> - administration of the malicious acts insurance policy. </s>
	</p>
	<p n="156">
	  <s n="405"> (g) Ten posts for field security officers — six posts at the P-4 level and four at the P-3 level — to enable the United Nations Security Coordinator to respond expeditiously and with flexibility in crisis situations, particularly in high-risk areas. </s>
	  <s n="406"> The responsibilities of field security officers are outlined in paragraph 48 of this report. </s>
	  <s n="407"> Each field security officer will be supported by two local staff and they would also be provided with transportation, communication and other essential equipment to enable them to fulfil their functions. </s>
	</p>
	<p n="157">
	  <s n="408"> The resource requirements associated with the proposed additional staff and strengthening of the Office of the United Nations Security Coordinator are summarized below: </s>
	</p>
	<p n="158">
	  <s n="409"> Table 1 Post requirements </s>
	</p>
	<p n="159">
	  <s n="410"> * Already proposed in A/C.5/54/56 of 3 May 2000. </s>
	</p>
	<p n="160">
	  <s n="411"> Table 2 Summary of requirements by object of expenditure (Thousands of United States dollars) </s>
	</p>
	<p n="161">
	  <s n="412"> In addition to the cost shown in table 2 the staff assessment is estimated at $305,800. </s>
	  <s n="413"> These estimates, net of staff assessment, are explained below: </s>
	</p>
	<p n="162">
	  <s n="414"> Posts </s>
	</p>
	<p n="163">
	  <s n="415"> (a) The estimated requirements of $1,678,200 relate to the proposed staffing table shown above. </s>
	</p>
	<p n="164">
	  <s n="416"> Other staff costs </s>
	</p>
	<p n="165">
	  <s n="417"> (b) The estimate of $20,000 relates to overtime for security staff in the field who are required to work beyond normal working hours depending on the security situation. </s>
	</p>
	<p n="166">
	  <s n="418"> Travel </s>
	</p>
	<p n="167">
	  <s n="419"> (c) The estimate of $100,000 relates to travel of the 10 field security officers and Headquarters staff of the Office of the Security Coordinator as required. </s>
	</p>
	<p n="168">
	  <s n="420"> General operating expenses </s>
	</p>
	<p n="169">
	  <s n="421"> (d) The estimated requirements of $320,000 may be broken down as follows: </s>
	</p>
	<p n="170">
	  <s n="422"> (i) $70,000 for rental and maintenance of premises for field security officers; </s>
	</p>
	<p n="171">
	  <s n="423"> (ii) $20,000 for utilities at the field offices; </s>
	</p>
	<p n="172">
	  <s n="424"> (iii) $150,000 for communications, including postage, telephone (cellular, long distance and satellite), telex, cables and pouch services for the Office of the Security Coordinator at Headquarters ($50,000) and for its field security officers ($100,000); </s>
	</p>
	<p n="173">
	  <s n="425"> (iv) $30,000 for maintenance of data-processing equipment, facsimile machines and vehicles ($12,000 for Headquarters and $18,000 for field security officers); </s>
	</p>
	<p n="174">
	  <s n="426"> (v) $50,000 for miscellaneous services relating to freight and related costs, bank charges, cleaning of uniforms for drivers and other sundry expenses. </s>
	</p>
	<p n="175">
	  <s n="427"> Supplies </s>
	</p>
	<p n="176">
	  <s n="428"> (e) An estimated amount of $91,000 for office automation equipment, other general office supplies, uniforms for drivers and fuel for transportation equipment in the field. </s>
	</p>
	<p n="177">
	  <s n="429"> Furniture and equipment </s>
	</p>
	<p n="178">
	  <s n="430"> (f) An estimated amount of $567,700 for the acquisition of office furniture for Headquarters ($31,700) and for the field security officers ($25,000); the acquisition of data-processing equipment for Headquarters ($15,000) and field ($70,000); communications equipment including VHF radios, fax machines, cellular and satellite telephones ($126,000); and the acquisition of vehicles for field security officers ($300,000). </s>
	</p>
	<p n="179">
	  <s n="431"> Annex III </s>
	</p>
	<p n="180">
	  <s n="432"> * The consolidated list contains in chronological order the names of staff members who remained under detention or missing as at 30 June 2000. </s>
	  <s n="433"> The list, however, is not compiled to provide information on all cases of staff members who have been arrested, detained or missing in the past or on the cases where staff members have lost their lives in the performance of official duties. </s>
	</p>
	<p n="181">
	  <s n="434"> Consolidated list of staff members under arrest and detention or missing and with respect to whom the United Nations and the specialized agencies and related organizations have been unable to exercise fully their right to protection* </s>
	</p>
	<p n="182">
	  <s n="435"> Abdala Daker Hayat UNRWA Missing in the Syrian Arab Republic since 20 April 1980. </s>
	</p>
	<p n="183">
	  <s n="436"> Issedine Hussein UNRWA Detained in the Syrian Arab Republic since 11 September 1980. </s>
	</p>
	<p n="184">
	  <s n="437"> Mahmoud Hussein UNRWA Missing in Lebanon since 22 March </s>
	</p>
	<p n="185">
	  <s n="438"> Ahmad 1983. </s>
	  <s n="439"> Reportedly detained by militias or unknown elements. </s>
	</p>
	<p n="186">
	  <s n="440"> Mohammad Ali Sabbah UNRWA Missing in Lebanon since 22 March 1983. </s>
	  <s n="441"> Reportedly detained by militias or unknown elements. </s>
	</p>
	<p n="187">
	  <s n="442"> Alec Collet UNRWA Detained in Lebanon by militias or unknown elements since 25 March 1985. </s>
	</p>
	<p n="188">
	  <s n="443"> Mohammad Mustafa UNRWA Missing in Lebanon since 28 November El-Hajj Ali 1986. </s>
	  <s n="444"> Reportedly detained by militias or </s>
	</p>
	<p n="189">
	  <s n="445"> unknown elements. </s>
	</p>
	<p n="190">
	  <s n="446"> Andualem Zeleke ECA Detained in Ethiopia since 25 June 1993. </s>
	</p>
	<p n="191">
	  <s n="447"> Alfredo Afonso WFP Detained in Angola since July 1994. </s>
	</p>
	<p n="192">
	  <s n="448"> Alfred Rusigariye UNAMIR Detained in Kigali since 22 September 1994. </s>
	</p>
	<p n="193">
	  <s n="449"> Elizier Cyimanizanye UNICEF Detained in Kigali since 28 October 1994. </s>
	</p>
	<p n="194">
	  <s n="450"> Benoit Ndejeje UNDP Detained in Kigali since 11 November 1994. </s>
	</p>
	<p n="195">
	  <s n="451"> Jean-Marc Ulimubenshi UNHCR Detained in Butare, Rwanda, since 15 November 1994. </s>
	</p>
	<p n="196">
	  <s n="452"> Jean Chrisostome UNHCR Detained in Butar, Rwanda, since 9 Muvunyi January 1995. </s>
	</p>
	<p n="197">
	  <s n="453"> Alfred Nsinga UNAMIR Detained in Kigali since 8 February 1995. </s>
	</p>
	<p n="198">
	  <s n="454"> Mathieu Nsengiyaremye UNHCR Detained in Cyangugu, Rwanda, since 12 February 1995. </s>
	</p>
	<p n="199">
	  <s n="455"> Luc Birushya UNDP Detained in Kigali since 13 March 1995. </s>
	</p>
	<p n="200">
	  <s n="456"> Athanase Ngendahimana UNDP Detained in Kigali since 25 March 1995. </s>
	</p>
	<p n="201">
	  <s n="457"> Aloys Byugura UNICEF Detained in Kigali since 4 April 1995. </s>
	</p>
	<p n="202">
	  <s n="458"> Prosper Gahamanyi UNDP Detained in Kigali since 12 April 1995. </s>
	</p>
	<p n="203">
	  <s n="459"> Clotilde Ndagijimana UNICEF Detained in Butare, Rwanda, since 14 April 1995. </s>
	</p>
	<p n="204">
	  <s n="460"> Dismas Gahamanyi WFP Detained in Kigali since 2 June 1995. </s>
	</p>
	<p n="205">
	  <s n="461"> Theodore Niyitegeka WFP Detained in Kigali since 2 June 1995. </s>
	</p>
	<p n="206">
	  <s n="462"> Fulgence Rukindo Human rights Detained in Kibuye, Rwanda, since 17 field operation June 1995. in Rwanda </s>
	</p>
	<p n="207">
	  <s n="463"> Manasse Mugabo UNAMIR Missing in Rwanda since 19 August 1995. </s>
	</p>
	<p n="208">
	  <s n="464"> Joseph Munyambonera UNHCR Detained in Kigali since 19 October 1995. </s>
	</p>
	<p n="209">
	  <s n="465"> Andre Uwizeyimana UNHCR Detained in Butare, Rwanda, since 29 December 1995. </s>
	</p>
	<p n="210">
	  <s n="466"> Mahmoud Saqer UNRWA Detained in the Gaza Strip by the El Zatma Palestinian Authority since 3 February 1996. </s>
	</p>
	<p n="211">
	  <s n="467"> Boaz UNAMIR Detained in Kigali since 19 February Imanivuganamwisi 1996. </s>
	</p>
	<p n="212">
	  <s n="468"> Maher Mohamed Salem UNRWA Detained in the Gaza Strip by the Palestinian Authority since 14 March 1996. </s>
	</p>
	<p n="213">
	  <s n="469"> Bernard Nshinyumukiza UNAMIR Detained in Kigali since 19 March 1996. </s>
	</p>
	<p n="214">
	  <s n="470"> David Bukeyeneza UNICEF Detained in Kigali since 4 April 1996. </s>
	</p>
	<p n="215">
	  <s n="471"> Benoit WFP Detained in Gitarama, Rwanda, since Twagirumukiza 6 June 1996. </s>
	</p>
	<p n="216">
	  <s n="472"> Israel Nkulikiyimana UNICEF Detained in Kigali since 7 August 1996. </s>
	</p>
	<p n="217">
	  <s n="473"> Victor Niyomubyeyi UNHCR Detained in Rwanda since October 1996. </s>
	</p>
	<p n="218">
	  <s n="474"> J. Baptiste Sibomana Human rights Detained in Rwanda since March 1997. field operation in Rwanda </s>
	</p>
	<p n="219">
	  <s n="475"> Adnan Omar Mansi UNRWA Detained in Jordan since 28 May 1997. </s>
	</p>
	<p n="220">
	  <s n="476"> Felicien Murenzi UNHCR Detained in Gitarama, Rwanda, since 3 July 1997. </s>
	</p>
	<p n="221">
	  <s n="477"> Jean Bosco UNHCR Detained in Butare, Rwanda, since 12 Nazarubara October 1997. </s>
	</p>
	<p n="222">
	  <s n="478"> Bernard Nsabimana UNICEF Detained in Goma, Democratic Republic of the Congo, since 4 March 1998. </s>
	</p>
	<p n="223">
	  <s n="479"> Rabah El Bawab UNRWA Detained in the Gaza Strip by the Palestinian Authority since 19 June 2000 </s>
	</p>
	</body>
</text>
</DOC>