<?xml version="1.0" encoding="UTF-8"?>
<DOC lang="English" n="N0043360" id="A/55/74" date="2000/05/12">
<text>
	<body>
	<p n="1">
	  <s n="1"> General Assembly </s>
	</p>
	<p n="2">
	  <s n="2"> Fifty-fifth session </s>
	</p>
	<p n="3">
	  <s n="3"> Items 20 (a), 31, 32, 40, 41, 61 (b), 88, 94, 95, 96 (a), (c) and (d), </s>
	</p>
	<p n="4">
	  <s n="4"> 97 (a), (b), (d) and (e), 98, 101, 102, 103, 104, 105 and 110 </s>
	</p>
	<p n="5">
	  <s n="5"> of the preliminary list* </s>
	</p>
	<p n="6">
	  <s n="6"> Strengthening of the coordination of humanitarian and disaster </s>
	</p>
	<p n="7">
	  <s n="7"> relief assistance of the United Nations, including special economic </s>
	</p>
	<p n="8">
	  <s n="8"> assistance: strengthening of the coordination of emergency </s>
	</p>
	<p n="9">
	  <s n="9"> humanitarian assistance of the United Nations </s>
	</p>
	<p n="10">
	  <s n="10"> Elimination of coercive economic measures as a means of political </s>
	</p>
	<p n="11">
	  <s n="11"> and economic compulsion </s>
	</p>
	<p n="12">
	  <s n="12"> United Nations Year of Dialogue among Civilizations </s>
	</p>
	<p n="13">
	  <s n="13"> The situation in the Middle East </s>
	</p>
	<p n="14">
	  <s n="14"> Question of Palestine </s>
	</p>
	<p n="15">
	  <s n="15"> United Nations reform: measures and proposals: the Millennium </s>
	</p>
	<p n="16">
	  <s n="16"> Assembly of the United Nations </s>
	</p>
	<p n="17">
	  <s n="17"> Questions relating to information </s>
	</p>
	<p n="18">
	  <s n="18"> Macroeconomic policy questions </s>
	</p>
	<p n="19">
	  <s n="19"> Sectoral policy questions </s>
	</p>
	<p n="20">
	  <s n="20"> Sustainable development and international economic cooperation: </s>
	</p>
	<p n="21">
	  <s n="21"> implementation of the commitments and policies agreed upon in the </s>
	</p>
	<p n="22">
	  <s n="22"> Declaration on International Economic Cooperation, in particular the </s>
	</p>
	<p n="23">
	  <s n="23"> Revitalization of Economic Growth and Development of the Developing </s>
	</p>
	<p n="24">
	  <s n="24"> Countries, and implementation of the International Development </s>
	</p>
	<p n="25">
	  <s n="25"> Strategy for the Fourth United Nations Development Decade; cultural </s>
	</p>
	<p n="26">
	  <s n="26"> development; high-level dialogue on strengthening international </s>
	</p>
	<p n="27">
	  <s n="27"> economic cooperation for development through partnership </s>
	</p>
	<p n="28">
	  <s n="28"> Environment and sustainable development: implementation of agenda 21 </s>
	</p>
	<p n="29">
	  <s n="29"> and the Programme for the Further Implementation of Agenda 21; </s>
	</p>
	<p n="30">
	  <s n="30"> Convention on Biological Diversity; further implementation of the </s>
	</p>
	<p n="31">
	  <s n="31"> Programme of Action for the Sustainable Development of Small Island </s>
	</p>
	<p n="32">
	  <s n="32"> Developing States; implementation of the United Nations Convention to </s>
	</p>
	<p n="33">
	  <s n="33"> Combat Desertification in Those Countries Experiencing Serious Drought </s>
	</p>
	<p n="34">
	  <s n="34"> and/or Desertification, particularly in Africa </s>
	</p>
	<p n="35">
	  <s n="35"> Operational activities for development </s>
	</p>
	<p n="36">
	  <s n="36"> Implementation of the first United Nations Decade for the </s>
	</p>
	<p n="37">
	  <s n="37"> Eradication of Poverty </s>
	</p>
	<p n="38">
	  <s n="38"> Globalization and interdependence </s>
	</p>
	<p n="39">
	  <s n="39"> High-level international intergovernmental consideration of </s>
	</p>
	<p n="40">
	  <s n="40"> financing for development </s>
	</p>
	<p n="41">
	  <s n="41"> Third United Nations Conference on the Least Developed Countries </s>
	</p>
	<p n="42">
	  <s n="42"> Social development, including questions relating to the world social </s>
	</p>
	<p n="43">
	  <s n="43"> situation and to youth, ageing, disabled persons and the family </s>
	</p>
	<p n="44">
	  <s n="44"> Implementation of the outcome of the Fourth World Conference on </s>
	</p>
	<p n="45">
	  <s n="45"> Women and of the special session of the General Assembly entitled </s>
	</p>
	<p n="46">
	  <s n="46"> “Women 2000: gender equality, development and peace for the </s>
	</p>
	<p n="47">
	  <s n="47"> twenty-first century” </s>
	</p>
	<p n="48">
	  <s n="48"> Letter dated 5 May 2000 from the Permanent Representative of Nigeria to the United Nations addressed to the President of the General Assembly </s>
	</p>
	<p n="49">
	  <s n="49"> I have the honour to transmit herewith the Declaration and the Havana Programme of Action adopted by the South Summit of the Group of 77, held in Havana from 10 to 14 April 2000 (see annexes). </s>
	</p>
	<p n="50">
	  <s n="50"> On behalf of the Group of 77, I would appreciate it if the final documents of the Group of 77 South Summit could be circulated as documents of the forthcoming Millennium Summit and the Millennium Assembly, under items 20 (a), 31, 32, 40, 41, 61 (b), 88, 94, 95, 96 (a), (c) and (d), 97 (a), (b), (d) and (e), 98, 101, 102, 103, 104, 105 and 110. </s>
	</p>
	<p n="51">
	  <s n="51"> (Signed) Arthur C. I. Mbanefo, MFR Ambassador Permanent Representative of Nigeria to the United Nations Chairman of the Group of 77 </s>
	</p>
	<p n="52">
	  <s n="52"> Annex I to the letter dated 5 May 2000 from the Permanent Representative of Nigeria to the United Nations addressed to the President of the General Assembly </s>
	</p>
	<p n="53">
	  <s n="53"> Declaration of the South Summit </s>
	</p>
	<p n="54">
	  <s n="54"> Annex II to the letter dated 5 May 2000 from the Permanent Representative of Nigeria to the United Nations addressed to the President of the General Assembly </s>
	</p>
	<p n="55">
	  <s n="55"> Havana Programme of Action </s>
	</p>
	</body>
</text>
</DOC>