<?xml version="1.0" encoding="UTF-8"?>
<DOC lang="English" n="N0139597" id="A/56/83" date="2001/06/01">
<text>
	<body>
	<p n="1">
	  <s n="1"> Fifty-sixth session </s>
	</p>
	<p n="2">
	  <s n="2"> Agenda items 123, 124, 134 and 143 of the preliminary list* </s>
	</p>
	<p n="3">
	  <s n="3"> Crime prevention and criminal justice </s>
	</p>
	<p n="4">
	  <s n="4"> International drug control </s>
	</p>
	<p n="5">
	  <s n="5"> Review of the efficiency of the administrative and financial functioning of the United Nations </s>
	</p>
	<p n="6">
	  <s n="6"> Report of the Secretary-General on the activities of the Office of Internal Oversight Services </s>
	</p>
	<p n="7">
	  <s n="7"> Report on the inspection of programme management and administrative practices in the Office for Drug Control and Crime Prevention </s>
	</p>
	<p n="8">
	  <s n="8"> Note by the Secretary-General </s>
	</p>
	<p n="9">
	  <s n="9"> Pursuant to General Assembly resolutions 48/218 B of 29 July 1994 and 54/244 of 23 December 1999, the Secretary-General has the honour to transmit, for the attention of the General Assembly, the attached report, conveyed to him by the Under-Secretary-General for Internal Oversight Services, on the inspection of programme management and administrative practices in the Office for Drug Control and Crime Prevention. </s>
	</p>
	<p n="10">
	  <s n="10"> The Secretary-General takes note of its findings and concurs with its recommendations and notes that measures are being taken to correct the issues addressed in the review. </s>
	</p>
	<p n="11">
	  <s n="11"> Report of the Office of Internal Oversight Services on the inspection of programme management and administrative practices in the Office for Drug Control and Crime Prevention </s>
	</p>
	<p n="12">
	  <s n="12"> Contents </s>
	</p>
	<p n="13">
	  <s n="13"> Introduction </s>
	</p>
	<p n="14">
	  <s n="14"> The United Nations Office for Drug Control and Crime Prevention (ODCCP) is an umbrella entity that includes the United Nations International Drug Control Programme (UNDCP) and the United Nations Centre for International Crime Prevention (CICP). </s>
	  <s n="15"> ODCCP was conceived in 1997 as action 8 of the Secretary-General&apos;s programme for reform (see A/51/950, paras. </s>
	  <s n="16"> 143-145), which also reconstituted the former Division for Crime Prevention and Criminal Justice as CICP. </s>
	  <s n="17"> It was envisaged that synergies between the work of UNDCP and CICP would be enhanced, through, among other things, joint programmes on matters of common concern. </s>
	  <s n="18"> A common managerial structure was put in place under the Executive Director, and the functions and organization of ODCCP were defined a year later (see ST/SGB/1998/17). </s>
	</p>
	<p n="15">
	  <s n="19"> Around the time of the establishment of ODCCP, OIOS carried out in-depth evaluations of the United Nations drug control and crime prevention and criminal justice programmes (see E/AC.51/1998/2 and E/AC.51/1998/3), in addition to reviewing programme management in the Division for Crime Prevention and Criminal Justice (see A/52/777, annex). </s>
	  <s n="20"> The related reports contained 47 recommendations aimed, inter alia, at strengthening strategic management; making collection, analysis and dissemination of information more effective; enhancing analytical work in support of policy development and implementation; establishing an effective system of assessing results and providing feedback; fostering synergies between the crime and drug programmes; and making the technical cooperation activities more focused and effective. </s>
	</p>
	<p n="16">
	  <s n="21"> In January 2001, OIOS decided to conduct a review of programme management and administrative practices in ODCCP that would be the first following the creation of a common management structure. </s>
	  <s n="22"> The current inspection followed up on earlier recommendations and took into account observations and recommendations made by the Board of Auditors in their reports to the General Assembly on the financial statements of the Fund of the United Nations International Drug Control Programme for the bienniums 1996-19971 and 1998-1999.2 OIOS also gave due regard to information provided by ODCCP in the narrative of the proposed programme budget for 2000-2001 on actions taken to implement recommendations of OIOS and the Advisory Committee on Administrative and Budgetary Questions.3 Relevant resolutions and decisions of the intergovernmental bodies concerned were also taken into account. </s>
	</p>
	<p n="17">
	  <s n="23"> The OIOS team visited Vienna from 5 to 16 February 2001. </s>
	  <s n="24"> Prior to the visit, OIOS had sent to 124 UNDCP managers and staff a 39-point questionnaire on a wide range of programmatic, managerial and administrative issues. </s>
	  <s n="25"> Sixty-three written responses (51 per cent of the total) were received. </s>
	  <s n="26"> In Vienna, the OIOS team met with the Executive Director and his senior staff and conducted interviews with most of the Professional staff and management of ODCCP, as well as with representatives of Member States. </s>
	  <s n="27"> While in Vienna and upon its return to New York, the team also examined extensive documentation. </s>
	</p>
	<p n="18">
	  <s n="28"> The comments of management were sought on the draft report and are reflected, as appropriate, in the present final version. </s>
	  <s n="29"> OIOS greatly appreciates the cooperation extended to it by the staff at various levels during this review. </s>
	</p>
	<p n="19">
	  <s n="30"> Programme management </s>
	</p>
	<p n="20">
	  <s n="31"> ODCCP is an organization that relies almost entirely on voluntary funding for its operations. </s>
	  <s n="32"> It is therefore extremely important that it operate within an environment that facilitates efficiency and effectiveness in order to provide reasonable assurance that its resources are managed in the best possible way. </s>
	  <s n="33"> To determine whether that is the case, OIOS looked at the programme cycle in the two entities of ODCCP, from planning and organization to the delivery of services, the evaluation of results and the formulation of lessons learned. </s>
	  <s n="34"> The focus was on how resources were utilized in addressing the programme objectives. </s>
	</p>
	<p n="21">
	  <s n="35"> Planning </s>
	</p>
	<p n="22">
	  <s n="36"> OIOS was not provided with copies of written guidelines on preparing annual work plans, nor was there evidence of an established mechanism for the coordination and approval of the work plans of the ODCCP entities. </s>
	  <s n="37"> The large majority of plans remained in limbo without any executive indication as to whether they had been approved or not. </s>
	  <s n="38"> For example, at the time of the inspection, the work plan of CICP for 2000 had not been commented on or approved by the Executive Director. </s>
	  <s n="39"> Even when such plans were perceived as having been accepted, they were sometimes subject to sudden changes and reversals, and the rationale for such actions was rarely, if ever, explained. </s>
	  <s n="40"> OIOS found that consistency of the planning process was often disrupted by ad hoc and impulsive executive decisions. </s>
	  <s n="41"> New and substantial commitments were made without any prior in-house review or coordination with donors. </s>
	</p>
	<p n="23">
	  <s n="42"> In some instances, the legislative priorities were not translated into a consistent and robust programmatic follow-up. </s>
	  <s n="43"> For example, in response to the Political Declaration adopted by the General Assembly at its twentieth special session, in 1998 (resolution S-20/2, annex), which envisaged the elimination of or a significant reduction in the supply and demand for illicit drugs by 2008, UNDCP developed a global programme to monitor the cultivation of illicit crops and a global assessment programme on drug abuse. </s>
	  <s n="44"> UNDCP considers that regarding the programme on illicit crops, it has developed in a short period of time the capacity to produce annual data on the extent of cultivation. </s>
	  <s n="45"> However, the expert panel established to validate and ensure transparency of the monitoring methodologies proposed by the programme recommended, in June 2000, that a significant effort be undertaken to improve the operational character of the work. </s>
	  <s n="46"> At the end of 2000, this programme team was downsized and its chief technical adviser was reassigned to other functions. </s>
	  <s n="47"> The global assessment programme on drug abuse was just launched last year. </s>
	  <s n="48"> Initial delays in this area of work — identified as a priority area in the Political Declaration — were attributed by UNDCP to a staffing issue. </s>
	</p>
	<p n="24">
	  <s n="49"> OIOS noted that CICP had identified three priority areas for its work, namely, transnational organized crime, trafficking in human beings and corruption. </s>
	  <s n="50"> However, the organizational arrangements to address those priorities did not ensure the optimal use of limited resources. </s>
	  <s n="51"> The Centre&apos;s programme of work as a whole appeared to be fragmented and to not be coordinated into a comprehensive programme structure. </s>
	  <s n="52"> The fragmentation of the programme had been translated into an organizational structure and working arrangements that did not provide an adequate framework for effective implementation. </s>
	  <s n="53"> The problem was compounded by ineffective oversight and the absence of quality control. </s>
	  <s n="54"> With resources spread thinly and sometimes haphazardly, the ability of the Centre to deliver has suffered. </s>
	</p>
	<p n="25">
	  <s n="55"> OIOS noted that staff members who were recruited for their specific expertise were assigned line management duties for which they were ill-equipped and that absorbed a lot of their time. </s>
	  <s n="56"> This situation gave rise to overlap with and duplication of the work of the staff of the Operations Branch. </s>
	  <s n="57"> In fact, more than half the projects launched under the three priority areas in the context of the programme of work for the biennium 2000-2001 remain either totally unfunded or are only partially funded. </s>
	  <s n="58"> Despite the limitation of resources, management spread its work even more thinly by outposting new appointees to the regional offices of ODCCP. </s>
	  <s n="59"> Overall, OIOS was not able to identify synergies that were realized between UNDCP and CICP activities, either in Vienna or in the field. </s>
	</p>
	<p n="26">
	  <s n="60"> A number of donor State representatives interviewed by OIOS stated that the Executive Director had presented a number of new initiatives as equally urgent and important. </s>
	  <s n="61"> Relevant projects were launched without an adequate assessment of funding availability. </s>
	  <s n="62"> Comprehensive and systematic reporting allowing donors to keep track of progress made in implementing previous initiatives was not adequately developed. </s>
	  <s n="63"> OIOS is of the view that new demands made on donors have to be reconciled with the need to sustain previous initiatives through a realistic assessment of the availability of funds. </s>
	  <s n="64"> (This issue is addressed in greater detail in the triennial review by OIOS of recommendations made by the Committee for Programme and Coordination to UNDCP (E/AC.51/2001/5, para. </s>
	</p>
	<p n="27">
	  <s n="65"> Given that voluntary contributions form the resource base of ODCCP, it is important that any large-scale initiatives requiring long-term commitments of resources be made in concert with donors. </s>
	  <s n="66"> In this regard, OIOS noted that a Commission on Narcotic Drugs resolution adopted in March 2001 made provisions to further enhance UNDCP consultation with all stakeholders. </s>
	  <s n="67"> Experience shows that any unilateral executive initiatives of significant magnitude might result in an erosion of donors&apos; trust and support and could negatively affect the credibility of ODCCP. </s>
	  <s n="68"> Three particular instances were brought to the attention of OIOS when such executive commitments were made without adequate risk analysis and resource calculation and without sufficient advance discussion with major donors. </s>
	  <s n="69"> Those instances are described below. </s>
	</p>
	<p n="28">
	  <s n="70"> Afghanistan </s>
	</p>
	<p n="29">
	  <s n="71"> On 30 October 1997, the Executive Director announced a new $250 million alternative development programme in Afghanistan.4 He said that it was a part of his global programme to eliminate the cultivation of opium poppies and coca within 10 years and that the Afghan development project would cost $25 million a year for 10 years, stressing his confidence in being able to convince world governments to fund the programme. </s>
	  <s n="72"> The donors&apos; enthusiasm, however, was overestimated. </s>
	  <s n="73"> An appraisal by major donors recommended the preparation of a more coherent policy framework for drug control in Afghanistan, the setting of a realistic time frame for planning and implementation and the establishment of mechanisms to ensure that lessons learned on the ground were fed back into policy and strategy planning. </s>
	</p>
	<p n="30">
	  <s n="74"> Notwithstanding those recommendations, ODCCP commenced the project, albeit at a scaled-down cost of $2 million a year, drawn mostly from general-purpose funds. </s>
	  <s n="75"> By the beginning of 2000, funds for the project had all but dried up, and there were no potential donors in sight. </s>
	  <s n="76"> Of the four modules of the project, one was terminated, another was halved and a third was seriously downsized. </s>
	</p>
	<p n="31">
	  <s n="77"> On 17 September 2000, the media reported the statement of the Executive Director that UNDCP had decided to wrap up its anti-poppy cultivation programme in Afghanistan at the end of the year because of a lack of funds. </s>
	  <s n="78"> It is worth noting that UNDCP staff in Afghanistan only learned about that decision from the media and did not receive written instructions or communications prior to that announcement. </s>
	</p>
	<p n="32">
	  <s n="79"> Pakistan: Dir district development project </s>
	</p>
	<p n="33">
	  <s n="80"> During his official visit to Pakistan in July 1999, the Executive Director promised to extend the UNDCP-funded crop-substitution project in the Dir district for another 10 years to consolidate the gains made in alternative development. </s>
	  <s n="81"> Another promise was made to establish at least 20 treatment and rehabilitation centres at a cost of about $2 million. </s>
	</p>
	<p n="34">
	  <s n="82"> However, UNDCP did not have sufficient in-house expertise or funding to carry out the 10-year consolidation project without the involvement of other development agencies of the United Nations system. </s>
	  <s n="83"> While $500,000 was disbursed from July to December 1999 to support the Executive Director&apos;s promise, the future of the programme remains uncertain and will depend largely on evolving political factors. </s>
	  <s n="84"> A project document for the establishment of a network of treatment centres has been drafted and is currently in the final approval stage. </s>
	  <s n="85"> Project launch is envisaged in mid-2001, and funding has already been secured for UNDCP financial input of $547,000. </s>
	  <s n="86"> According to UNDCP, the Government of Pakistan will contribute 17 million rupees ($277,000). </s>
	  <s n="87"> Thus the overall scale of the treatment centre project shrank to about $800,000 from the promised $2 million. </s>
	</p>
	<p n="35">
	  <s n="88"> Tajikistan: drug control agency </s>
	</p>
	<p n="36">
	  <s n="89"> A bilateral protocol signed in April 1999 in Vienna established a national drug control agency in Tajikistan. </s>
	  <s n="90"> Through a bilateral agreement of November 1999, UNDCP committed to provide $11,481,000 within the next three years, and government inputs were to amount to $800,000. </s>
	  <s n="91"> The UNDCP commitment has since been revised downward to $6,100,000. </s>
	  <s n="92"> Also, according to UNDCP, only $4.7 million has been secured to date for the project from donors and from the general-purpose fund, leaving an additional $1.4 million to be raised over the coming year. </s>
	  <s n="93"> In this connection, OIOS noted from UNDCP records that management had attempted, at the inception of the project, to divert contributions earmarked for other purposes to finance the agency. </s>
	  <s n="94"> Only after protests from the donors were the funds withdrawn. </s>
	</p>
	<p n="37">
	  <s n="95"> Given that general-purpose funds used as “seed money” have to be reimbursed at some point, funding for the drug control agency remains less than sound. </s>
	  <s n="96"> This is of concern as UNDCP has created a well-trained, mobile and armed entity (whose staff is salaried at a level considerably higher than the national one) within a rather difficult environment. </s>
	  <s n="97"> The implications of this force being left without sufficient wherewithal after the termination of UNDCP support could be serious. </s>
	  <s n="98"> OIOS is of the view that a proper strategy, including organizational arrangements and follow-ups, should be designed without delay for the role of UNDCP vis-à-vis this agency. </s>
	</p>
	<p n="38">
	  <s n="99"> OIOS also shared the concern repeatedly expressed by the Board of Auditors over the reliability of UNDCP financial management information systems. </s>
	  <s n="100"> This is further exacerbated by the fact that a number of projects have been approved by UNDCP without adequate analysis of the feasibility of obtaining contributions. </s>
	  <s n="101"> In this regard, OIOS was gratified to note that a revised donor funding policy and a requirement to obtain at least 50 per cent of funding before launching projects had been introduced recently. </s>
	  <s n="102"> OIOS will keep implementation of these new provisions under review. </s>
	</p>
	<p n="39">
	  <s n="103"> Organization </s>
	</p>
	<p n="40">
	  <s n="104"> According to the Secretary-General&apos;s bulletin on the organization of the United Nations Office for Drug Control and Crime Prevention (ST/SGB/1998/17), the Executive Director is responsible for all the activities of the United Nations Office for Drug Control and Crime Prevention, as well as its administration; the functions of the Office of the Executive Director are combined with those of the Office of the Director-General of the United Nations Office at Vienna; the Executive Director of ODCCP is also the Executive Director of the United Nations International Drug Control Programme; and the Centre for International Crime Prevention is headed by a Director, who is accountable to the Executive Director. </s>
	</p>
	<p n="41">
	  <s n="105"> OIOS found that the organizational structure of UNDCP did not dovetail with actual reporting lines and responsibility centres. </s>
	  <s n="106"> Staff were often not familiar with the overall organizational picture. </s>
	  <s n="107"> The main divisions and three programmes were headed by officers-in-charge rather than full-fledged managers. </s>
	  <s n="108"> Furthermore, it was not uncommon for instructions to be given to working-level staff, circumventing heads of sections. </s>
	  <s n="109"> A prominent feature of the de facto organization was that the front office absorbed most of the decision-making responsibilities that should normally have resided with the programme managers. </s>
	</p>
	<p n="42">
	  <s n="110"> OIOS found that the Centre for International Crime Prevention was also operating under a set of informal working arrangements and post distribution pattern that differed from the organizational structure and post distribution approved for the biennium 2000-2001. </s>
	  <s n="111"> The improvised and informal structure clustered a number of posts under three global programmes, which became de facto responsibility centres. </s>
	  <s n="112"> The respective responsibility and authority of these new responsibility centres remained unclear. </s>
	  <s n="113"> Also unclear were their linkages with the functions of other responsibility centres, particularly the Operations Branch and the Analysis Branch. </s>
	  <s n="114"> In the view of OIOS, such clustering is more appropriate for a task force than for an established organization that needs clearly defined responsibilities and lines of authority. </s>
	  <s n="115"> OIOS believes that a proper organizational structure is essential for implementing programmes and priorities. </s>
	</p>
	<p n="43">
	  <s n="116"> A related issue is that of the ODCCP staffing table. </s>
	  <s n="117"> OIOS tried to reconcile the responsibilities of the various units, as per the Secretary-General&apos;s bulletin, with the staffing table on the one hand and the working arrangements on the other. </s>
	  <s n="118"> The attempt was unsuccessful. </s>
	  <s n="119"> For example, money-laundering and terrorism-prevention activities were under the direct supervision of the Executive Director rather than under CICP. </s>
	  <s n="120"> Because of the confusion arising from the situation described above, OIOS attempted to determine the responsibility centre for staffing table control. </s>
	  <s n="121"> That attempt was also unsuccessful. </s>
	  <s n="122"> Thus, the rationale for redistributing posts from one area to another remained unclear to OIOS. </s>
	</p>
	<p n="44">
	  <s n="123"> C. Programme delivery </s>
	</p>
	<p n="45">
	  <s n="124"> The overall review of substantive programmatic issues is provided in the report of OIOS on the triennial review of the implementation of the recommendations made by the Committee for Programme and Coordination at its thirty-eighth session on the in-depth evaluation of UNDCP (E/AC.51/2001/4). </s>
	  <s n="125"> This report focuses on management factors that have hampered the efficiency of programme implementation. </s>
	</p>
	<p n="46">
	  <s n="126"> OIOS came across many instances where missions, which were an essential part of programme implementation activities, were cancelled or postponed at the last minute by executive decision. </s>
	  <s n="127"> As a result, major partners had to put on hold their participation in joint activities. </s>
	  <s n="128"> A number of intergovernmental meetings and missions had been postponed indefinitely, sometimes just a few days before the event. </s>
	  <s n="129"> These included events for which the presence of ministers, senior government officials or members of parliament had been requested. </s>
	  <s n="130"> UNDCP also discontinued attending international meetings on drug abuse issues central to its mandate, although those meetings are still attended by organizations such as the International Labour Organization, the World Health Organization and regional organizations. </s>
	  <s n="131"> Ongoing work at those meetings continues without the perspective of UNDCP being heard, and its interest in those issues and its leadership role are being questioned. </s>
	</p>
	<p n="47">
	  <s n="132"> At least two United Nations organizations implementing pilot programmes jointly with UNDCP found that, after the successful conclusion of the programmes, UNDCP failed to explore the possibility of expanding the programmes in other countries of the region. </s>
	  <s n="133"> A highly publicized collaboration agreement with an international agency required further consultations at the top management level, but it was not followed up. </s>
	  <s n="134"> The agency had to proceed on its own with partial and preliminary implementation of the agreement. </s>
	  <s n="135"> A unit responsible for implementing a new demand-reduction initiative promoted by the Executive Director did not receive any executive guidance over a two-year period, despite multiple requests. </s>
	  <s n="136"> Based on the approved implementation plan, contributions had been made by donors but were not allocated to the unit for a full year. </s>
	</p>
	<p n="48">
	  <s n="137"> OIOS found that one of the main difficulties with the operational activities of ODCCP was the insufficient capacity to generate reliably funded projects combined with inadequate planning of technical cooperation. </s>
	  <s n="138"> Ad hoc commitments for mega-projects often starved projects in other regions of funds. </s>
	  <s n="139"> General-purpose funds used to be available for initiating projects, but they have been diminishing. </s>
	  <s n="140"> As there was no sufficiently transparent and fair system for using them, donors were hesitant to continue making such contributions. </s>
	  <s n="141"> OIOS noted with satisfaction that ODCCP had started, in March 2001, a process of structured consultations with Member States on the future use of general-purpose funds. </s>
	</p>
	<p n="49">
	  <s n="142"> Another concern with the operational performance of ODCCP was the absence of a consistent and well-structured procedure for project review and approval. </s>
	  <s n="143"> While project processing was functioning relatively well in some areas, in others it had degenerated into an excessively drawn-out process, sometimes taking months to get the Executive Director&apos;s approval for a project. </s>
	  <s n="144"> Every such delay negatively affected the credibility of ODCCP, both with counterparts in recipient countries and with donors. </s>
	</p>
	<p n="50">
	  <s n="145"> The existing practice also suffered from a lack of objective quality control and priority verification. </s>
	  <s n="146"> A viable and effective mechanism for these should be reintroduced. </s>
	  <s n="147"> In addition, an impartial and professional appraisal unit should be set up to provide staff support to an appropriate committee. </s>
	  <s n="148"> The appraisal unit&apos;s terms of reference would stipulate that it does not interfere with substantive issues. </s>
	  <s n="149"> Its function would be to ensure that every submission supported work programme priorities and adhered to established policies, guidelines and procedural requirements. </s>
	  <s n="150"> The committee would then make recommendations on projects for consideration by the Executive Director. </s>
	  <s n="151"> Such a system would remove the problem of pet projects with questionable rationale and uncertain funding, support the consistent quality of project document preparation and ensure the corporate ownership of the entire scope of operational activities. </s>
	  <s n="152"> OIOS noted that ODCCP management had taken steps in March 2001 to establish a Programme and Project Committee. </s>
	  <s n="153"> OIOS will assess the functioning of the Committee to ensure that it has met the concerns expressed above. </s>
	</p>
	<p n="51">
	  <s n="154"> The major concern of OIOS with CICP was its capability to deliver its programme in view of its low implementation capacity. </s>
	  <s n="155"> As at 31 December 2000, total expenditure, including unliquidated obligations under trust fund projects, did not exceed 58 per cent of the budgeted amounts. </s>
	  <s n="156"> Eighty per cent of the total was under the regular budget of CICP and the average was 67 per cent when all accounts were considered, including programme support. </s>
	</p>
	<p n="52">
	  <s n="157"> The current focus of CICP is on the three global programmes of transnational organized crime, trafficking in human beings and corruption. </s>
	  <s n="158"> OIOS found that a relatively large number of projects in those areas remained either unfunded or partially funded under the technical cooperation programme for the biennium 2000-2001. </s>
	  <s n="159"> During the same period, projects formulated under the non-priority areas of crime prevention were fully funded. </s>
	  <s n="160"> This would suggest that the Centre&apos;s capability to generate fundable projects under the latter areas of work are more advanced than under the former. </s>
	  <s n="161"> This situation was attributable mainly to the internal organizational arrangements whereby newly appointed staff members with little or no exposure to technical cooperation in international organizations were given primary responsibility for formulating projects as well as negotiating with donors and recipients. </s>
	  <s n="162"> ODCCP needs to strengthen the capability of the Centre in the priority areas by drawing on the accumulated knowledge and experience already available. </s>
	</p>
	<p n="53">
	  <s n="163"> The analytical component of ODCCP programme delivery consists mostly of outputs that are technical publications, such as those by the International Narcotics Control Board on narcotic drugs and psychotropic substances, as well as manuals to set standards and harmonize analytical methods (such as the revised Terminology and Information on Drugs5) and training guides (such as the Maritime Drug Law Enforcement Training Guide). </s>
	  <s n="164"> The UNDCP database on estimates and long-term trend analysis was used in the preparation of a statistical and analytical publication entitled Global Illicit Drug Trends.6 </s>
	</p>
	<p n="54">
	  <s n="165"> One of the UNDCP flagship publications — the World Drug Report — appeared for the first time in 1997 with the mission of presenting comprehensive and balanced information about the world drug problem. </s>
	  <s n="166"> In 1998, work started on the second edition of the report,7 scheduled for publication in 1999. </s>
	  <s n="167"> After three years in the making and several executive reorientations, the 2000 edition of the report was finally released in early 2001. </s>
	  <s n="168"> The substantive flaws in the thrust and coverage of that report are reviewed in the report of OIOS on the triennial review of the implementation of the recommendations made by the Committee for Programme and Coordination on the in-depth evaluation of UNDCP (E/AC.51/2001/4, paras. </s>
	  <s n="169"> The report addresses the issues of the organizational set-up. </s>
	</p>
	<p n="55">
	  <s n="170"> OIOS found that in the preparation of the 2000 edition of the report, standard United Nations system-wide mechanisms to mobilize collective expertise and policy advice were not utilized. </s>
	  <s n="171"> For example, no steering committee was convened to oversee the process and the quality of the product, no task forces were assigned to work on specific issues, and there was no transparent in-house peer review. </s>
	  <s n="172"> Decisions on the structure, substance and content of the report were taken directly by the Executive Director. </s>
	  <s n="173"> The result was, in the view of stakeholders and academic experts consulted by OIOS, a step back, quality-wise, compared with the 1997 edition. </s>
	</p>
	<p n="56">
	  <s n="174"> OIOS also reviewed the documentation submitted by CICP to the Tenth United Nations Congress on the Prevention of Crime and the Treatment of Offenders, held in Vienna in April 2000. </s>
	  <s n="175"> Of the 19 documents submitted, 10 reported mainly on workshops and preparatory meetings conducted at the regional level, and consisted basically of background material. </s>
	  <s n="176"> The working papers prepared by the secretariat were descriptive in nature, highlighting the issues involved in the matter under discussion. </s>
	  <s n="177"> In the view of OIOS, they served the purpose of sensitizing public opinion about the problems involved in crime prevention. </s>
	  <s n="178"> However, they did not reach the qualitative level of providing policy options or preparing concrete proposals for which guidance or endorsement by Member States was needed. </s>
	  <s n="179"> For instance, the Vienna Declaration on Crime and Justice: Meeting the Challenges of the Twenty-first Century, (General Assembly resolution 55/59, annex) was general in summing up those challenges and concluded that CICP would need additional resources to enable it to support Member States in their efforts to ratify the Convention and its protocols and to implement their provisions. </s>
	  <s n="180"> However, the order of magnitude of the resource requirements or the strategy and priorities envisaged were not spelled out. </s>
	</p>
	<p n="57">
	  <s n="181"> Waste of resources </s>
	</p>
	<p n="58">
	  <s n="182"> OIOS came across a number of cases in which poor decision-making resulted in a direct waste of resources. </s>
	  <s n="183"> The following are the most notable examples: </s>
	</p>
	<p n="59">
	  <s n="184"> (a) The distribution of a publication was ordered to be stopped without any reason or explanation given; </s>
	</p>
	<p n="60">
	  <s n="185"> (b) An elaborate longer-term business plan prepared by a section with considerable investment of staff time was never seriously discussed, considered, amended or approved; </s>
	</p>
	<p n="61">
	  <s n="186"> (c) In various entities, work plans had to be redrafted numerous times without any executive guidance or feedback; </s>
	</p>
	<p n="62">
	  <s n="187"> (d) A consultant was appointed and brought across the world to a field office, only to be told that his contract had been cancelled and that the project would be done with UNDCP resources. </s>
	  <s n="188"> However, owing to the shortage of in-house expertise, project implementation was delayed by many months, negatively affecting overall programme performance in the geographical areas concerned; </s>
	</p>
	<p n="63">
	  <s n="189"> (e) An abrupt curtailment of travel resulted in a number of joint projects of ODCCP with other important international partners being aborted because ODCCP representatives could not participate; </s>
	</p>
	<p n="64">
	  <s n="190"> (f) An international seminar was repeatedly put on hold on the eve of the participant&apos;s travel, which raised its costs; </s>
	</p>
	<p n="65">
	  <s n="191"> (g) Project proposals were developed by various operational entities (with months of staff time invested), cleared by substantive offices, found to be of good quality and assessed as having good funding prospects, but then were rejected without any explanation. </s>
	</p>
	<p n="66">
	  <s n="192"> E. The “Boat Project” </s>
	</p>
	<p n="67">
	  <s n="193"> OIOS had received several allegations of misconduct and mismanagement concerning a project at UNDCP known informally as the “Boat Project”. </s>
	  <s n="194"> The initial idea for the project was to have UNDCP sponsor a solo voyage around the world by a sailor on a 90-year old wooden boat in order to raise awareness of UNDCP activities. </s>
	  <s n="195"> Because of the seriousness of the allegations, OIOS conducted a thorough investigation into the matter. </s>
	  <s n="196"> A separate report on the investigation has been submitted to the Secretary-General. </s>
	</p>
	<p n="68">
	  <s n="197"> Monitoring and evaluation </s>
	</p>
	<p n="69">
	  <s n="198"> Examination and verification of results achieved is essential for effective programme management. </s>
	  <s n="199"> However, project monitoring and evaluation in ODCCP were both uneven — being done more consistently in some geographic regions than in others. </s>
	  <s n="200"> The evaluation function had been handicapped after the Planning and Evaluation Section and relevant peer review committees were dissolved. </s>
	  <s n="201"> At the time of the inspection, the evaluation function was performed by a single staff member. </s>
	  <s n="202"> Overall, the evaluation function had deteriorated significantly. </s>
	</p>
	<p n="70">
	  <s n="203"> Thematic evaluations were few and had not led to much-needed substantive discussions or changes in practice. </s>
	  <s n="204"> There was no mechanism to formulate lessons learned and to feed them back into programme formulation and delivery. </s>
	  <s n="205"> OIOS noted, however, that since the end of 2000, ODCCP had undertaken to formulate a new concept of thematic evaluation, with emphasis on the learning aspect and with the assistance of outside experts. </s>
	</p>
	<p n="71">
	  <s n="206"> OIOS found that the monitoring and evaluation activity at ODCCP was very much ad hoc. </s>
	  <s n="207"> Its intensity and quality varied from country to country and from region to region, depending on priority and the availability of funds. </s>
	  <s n="208"> For the projects evaluated, the reports until recently were not widely available. </s>
	  <s n="209"> This has improved with the recent appointment of a senior evaluation officer, who facilitated the posting of summaries of evaluation reports on the Intranet. </s>
	  <s n="210"> Another task that is required is the creation and maintenance of institutional memory, including an inventory of lessons learned in different subject areas and countries under a variety of circumstances and situations. </s>
	  <s n="211"> ODCCP management has acknowledged the importance of this issue and has committed to addressing it through practical measures. </s>
	</p>
	<p n="72">
	  <s n="212"> OIOS was not presented with satisfactory evidence that CICP had established a systematic monitoring and evaluation function as a management tool to effectively oversee the programme of work, identify weaknesses in implementation and assess results against established objectives. </s>
	  <s n="213"> The ad hoc approach that is in place neither provided management with an informed basis for allocating resources nor ensured feedback on their utilization. </s>
	</p>
	<p n="73">
	  <s n="214"> The outcome of consolidation </s>
	</p>
	<p n="74">
	  <s n="215"> The rationale behind the consolidation of the two ODCCP entities was to strengthen the crime programme by elevating its status and establishing a common managerial structure for the Centre and the United Nations International Drug Control Programme under the aegis of ODCCP. </s>
	  <s n="216"> As stated previously, the Centre is headed by a Director who is accountable to the Executive Director. </s>
	  <s n="217"> There was compelling evidence, however, that the intent behind the reform measures and their very purpose had been misread. </s>
	  <s n="218"> Instead of simply being provided with policy guidance and oversight, the Centre was being micromanaged and had been subsumed by rather than having its activities coordinated with UNDCP. </s>
	  <s n="219"> As a result, the Centre was losing its distinct identity and its management was being marginalized. </s>
	  <s n="220"> In the view of OIOS, the Centre today has much less operational independence to manage its resources and to organize its work than the Division for Crime Prevention and Criminal Justice had in 1997. </s>
	</p>
	<p n="75">
	  <s n="221"> At the time of the inspection, there was no documented delegation of authority from the Executive Director to the Director of CICP. </s>
	  <s n="222"> The latter had little or no authority over the Programme&apos;s human and financial resources. </s>
	  <s n="223"> Documented evidence showed that the Office of the Executive Director retained the authority to approve the recruitment of all staff, Professional and General Service, as well. </s>
	  <s n="224"> The same applied to the use of the financial appropriations of the Centre. </s>
	  <s n="225"> Matters relating to day-to-day management were also subject to the Executive Director&apos;s approval. </s>
	  <s n="226"> For instance, the internal reassignment of staff to address the priorities agreed upon needed the clearance of the Executive Director. </s>
	  <s n="227"> Similarly, operational projects formulated and agreed upon with donors and beneficiaries had to be cleared before proceeding. </s>
	  <s n="228"> The holding of seminars and workshops within the context of the work programme also needed clearance. </s>
	  <s n="229"> The Director of CICP was not permitted to communicate with governments or outside entities without executive approval. </s>
	  <s n="230"> In the opinion of OIOS, the function of the Director of the Centre had been reduced to simply processing work rather than managing a programme. </s>
	</p>
	<p n="76">
	  <s n="231"> The work of the Centre suffered from the absence of a work plan for CICP as a whole, as well as from delays (ranging from four to eight months) in seeking executive approval for projects that were finalized and for which Governments had pledged funding. </s>
	  <s n="232"> The unit and individual work plans were uneven in defining objectives, activities and outputs. </s>
	  <s n="233"> In the absence of an overall CICP plan, there was no mechanism to reflect the strategy and linkages within ODCCP. </s>
	  <s n="234"> Such a piecemeal approach to programming led to the fragmentation of efforts and resources. </s>
	</p>
	<p n="77">
	  <s n="235"> OIOS noted with concern the low morale of the Centre&apos;s staff, which was in sharp contrast with the situation in 1997. </s>
	  <s n="236"> The spirit and motivation that prevailed at that time had faded. </s>
	  <s n="237"> Overall, OIOS concluded that the consolidation, in its current shape and form, had had a negative impact on the Centre. </s>
	</p>
	<p n="78">
	  <s n="238"> Funding concerns </s>
	</p>
	<p n="79">
	  <s n="239"> The Executive Director reported in January that the financial situation of UNDCP had continued its upward trend since 1998, when income, which had been declining since 1992, increased by 35 per cent over that of 1997. </s>
	  <s n="240"> During the biennium 1998-1999, income had further increased by 37 per cent, to $142 million (E/CN.7/2001/7, para. </s>
	  <s n="241"> This trend, however, appears to have tempered currently, as the revised total income for 2000-2001 is estimated at $144.2 million, only 1.6 per cent higher than in the previous biennium, and reflects a reduction of $11.8 million compared to the initial estimate of $156 million (see E/CN.7/2001/9, para. </s>
	  <s n="242"> 6 and table 1). </s>
	  <s n="243"> The bulk of the reduction against initial estimates falls under general-purpose income, which, at the level of $30.3 million, is $9.9 million lower than the initial estimates and $3.3 million less than the actual level in 1998-1999. </s>
	  <s n="244"> The low level of general-purpose income, which currently stands at 21 per cent of total income (about 3 percentage points lower than in the previous biennium), remains a pressing concern. </s>
	  <s n="245"> In that regard, OIOS noted the observation of the Advisory Committee on Administrative and Budgetary Questions that the report of the Executive Director did not seem to suggest effective proposals that could address the continued low level of general-purpose income, and that one means of addressing the imbalance would be the introduction of greater precision in the formulation of the core programme (E/CN.7/2001/10 and Corr., para. </s>
	</p>
	<p n="80">
	  <s n="246"> The overall balance of the Fund of UNDCP currently stands at around $58 million and is expected to go down to $53.6 million by the end of the year. </s>
	  <s n="247"> As the expenditure of general-purpose funds was much higher than the new contributions, the general-purpose fund balance declined from $28.5 million in 1998 to $20.9 million in 1999 and was expected to fall to $3.8 million by 2003 (see E/CN.7/2001/8, table 3). </s>
	  <s n="248"> This is a matter of concern, as these unearmarked funds are used to support core staff as well as to have flexibility in conducting research and initiating the activities needed to support operational projects. </s>
	  <s n="249"> This flexibility is threatened, as at the end of 1999, 89 per cent of the general-purpose fund balance was committed to ongoing activities, with the balance of 11 per cent also being fully programmed in 2000-2001 (see E/CN.7/2001/9, para. </s>
	  <s n="250"> ODCCP needs to examine the implications of this limitation on its programme of work and to take expeditious and effective remedial measures. </s>
	  <s n="251"> ODCCP informed OIOS that as regards the position and management of the general-purpose funds, proposed guidelines aimed at providing a sound basis for the use of general-purpose funds and improving the accountability and transparency in their use were submitted in March to the Commission on Narcotic Drugs at its forty-fourth session, which welcomed the guidelines. </s>
	  <s n="252"> OIOS will keep this matter under review. </s>
	</p>
	<p n="81">
	  <s n="253"> UNDCP stated that it had increased the average size of its projects and reduced their number from 260 in 2000 to 150 in 2001. </s>
	  <s n="254"> All those projects were grouped into 25 national, regional and global programmes with clearly identified subprogrammes along four thematic areas (ibid., para. </s>
	  <s n="255"> UNDCP indicated that it had finalized a revised funding policy intended to avoid the risk of initiating projects that might be discontinued because of lack of funding. </s>
	  <s n="256"> The new policy foresees the circulation of project outlines to donors before a decision is made on the full development of projects. </s>
	  <s n="257"> Since past attempts to establish such procedures within the programme and between the programme and donors were not sustained, management needs to ensure the faithful implementation of this policy. </s>
	</p>
	<p n="82">
	  <s n="258"> Technical cooperation issues </s>
	</p>
	<p n="83">
	  <s n="259"> In the area of technical cooperation, the focus of OIOS was on the effectiveness and efficiency of modalities for project execution, especially in the light of recent measures to promote self-execution as a cost-saving device. </s>
	</p>
	<p n="84">
	  <s n="260"> Relations with the United Nations Development Programme </s>
	</p>
	<p n="85">
	  <s n="261"> For government- or self-executed projects in the field, UNDCP relies entirely on the United Nations Development Programme (UNDP) for all administrative and financial support. </s>
	  <s n="262"> The 1997 working agreement with UNDP was an update of the initial agreement of 1993. </s>
	  <s n="263"> After the 1997 agreement came into force, UNDCP began decentralizing activities to the field to strengthen operations. </s>
	  <s n="264"> At the same time, UNDP began to downsize its field operations even as its mandates increased. </s>
	  <s n="265"> Cost recovery became the priority of every UNDP field office as they struggled to continue to deliver their own programmes, as well as to administer all other operations under agreements with United Nations entities. </s>
	  <s n="266"> UNDP issued guidelines in November 1999 on cost recovery, but they have not been fully accepted by the other United Nations entities. </s>
	  <s n="267"> The ongoing dispute with UNDP on charges is hampering the efficiency of the work of the UNDCP field offices. </s>
	  <s n="268"> ODDCP management needs urgently to conclude the agreement with UNDP. </s>
	</p>
	<p n="86">
	  <s n="269"> Execution modalities </s>
	</p>
	<p n="87">
	  <s n="270"> UNDCP practices a variety of execution modalities, depending on the type of project, the location and other considerations. </s>
	  <s n="271"> Recently, as donor funding for new projects has become more restrictive, UNDCP has placed emphasis on self-execution in order to garner a larger share of project support costs. </s>
	  <s n="272"> OIOS believes that self-execution should be considered only when sufficient internal capacity exists or it is cost-effective to develop such a capacity. </s>
	  <s n="273"> In the case of ODCCP, the cost of building up a self-implementation capacity would include additional staff and financial and administrative outlays, including legal advice, contract administration, management of financial risks, insurance payments and the like. </s>
	  <s n="274"> Every project should, therefore, be judged individually and objectively to determine the correct execution modality. </s>
	  <s n="275"> Relevant guidelines should elaborate on considerations that should be factored into such decisions. </s>
	</p>
	<p n="88">
	  <s n="276"> Overall management </s>
	</p>
	<p n="89">
	  <s n="277"> Management style </s>
	</p>
	<p n="90">
	  <s n="278"> Secretary-General&apos;s bulletin ST/SGB/1997/5 identified nine functions of heads of departments. </s>
	  <s n="279"> Among these is “carrying out management activities or making managerial decisions to ensure the effective, efficient and economic operation of the programme concerned, including appropriate arrangements for programme performance monitoring and for evaluation”. </s>
	  <s n="280"> In the course of the inspection, the style and conditions of management and their impact on staff morale and productivity emerged as the major concern in ODCCP from managers, staff and Member States. </s>
	</p>
	<p n="91">
	  <s n="281"> On 1 April 1998, ODCCP promulgated a set of 10 management instructions to make the office less bureaucratic, more flexible and proactive. </s>
	  <s n="282"> The content was promising. </s>
	  <s n="283"> However, in the next three years, a number of the written instructions were superseded by executive decisions. </s>
	  <s n="284"> OIOS observed that the attempt to streamline responsibilities and procedures did not improve the situation and in some cases made it worse. </s>
	  <s n="285"> The delegation of authority to senior managers was rarely respected and observed; actions formally approved could be revised at the last moment; and consultative input into executive decision-making was brought to a minimum. </s>
	  <s n="286"> Administrative actions initiated to implement approved programmes — such as travel, organization of meetings and the hiring of experts — could be questioned and stopped at any moment by the Executive Director or his office. </s>
	</p>
	<p n="92">
	  <s n="287"> Although it was reported at the end of December 2000 that the Executive Director had delegated programme managerial responsibilities to ODCCP programme managers and that they would be held accountable for the implementation of programme activities and the efficient use of human and financial resources, at the time of the inspection OIOS found no documentary evidence specifying the parameters of such delegation and the mechanism of accountability. </s>
	  <s n="288"> Instead, the lines of authority and responsibility were not clear. </s>
	  <s n="289"> It was common for junior staff to receive assignments from senior management without their direct supervisors being informed. </s>
	</p>
	<p n="93">
	  <s n="290"> OIOS concluded that the concentration of decision-making and authority in the Executive Director and his expanded front office (staffed on an ad hoc basis by staff from different substantive sections), which acted as a proxy for him in most instances, led to a highly centralized management of the Organization from the policy level to minute details. </s>
	  <s n="291"> The management style was not transparent, and in many cases the rationale for executive decisions was not clear to line managers. </s>
	</p>
	<p n="94">
	  <s n="292"> Growing concerns and discontent led to the conduct of a management workshop during January 2000 with the theme of “creating a spirit of collegiality”. </s>
	  <s n="293"> The workshop arrived at a number of very positive and appropriate conclusions, but only one of the 10 changes envisaged had materialized a year later. </s>
	</p>
	<p n="95">
	  <s n="294"> Human resources management and staff-management relations </s>
	</p>
	<p n="96">
	  <s n="295"> By early 1999, top management&apos;s view of the health of ODCCP and that of the staff at large became widely divergent. </s>
	  <s n="296"> This was reflected in a Staff Council circular of December 1999 that stressed that staff concerns were of a recurring and widespread nature and that they amounted to a general climate of fear and intimidation affecting the productivity of staff. </s>
	  <s n="297"> It was also felt there was a lack of transparency in decision-making and in the application of the Staff Rules. </s>
	  <s n="298"> OIOS observed that the majority of ODCCP staff were well-qualified, hard-working and committed to the objectives of ODCCP, but that their productivity was hampered by prevailing management conditions. </s>
	  <s n="299"> The staff morale in ODCCP was described as being low to very low. </s>
	  <s n="300"> Many staff members appeared disillusioned and sceptical that positive change was possible. </s>
	</p>
	<p n="97">
	  <s n="301"> For an organization with a considerable field presence, a fair and transparent system of staff rotation between Vienna and the field is important. </s>
	  <s n="302"> Such a system, albeit not a perfect one, was set out in an information circular of March 1997. </s>
	  <s n="303"> However, OIOS found no system or policy in place for rotation between Vienna and field posts. </s>
	  <s n="304"> Rather, a practice of rotating staff on a case-by-case basis had evolved. </s>
	  <s n="305"> The lack of transparency gave rise to suspicions of preferential treatment of those staff who were placed in “favoured” duty stations, and that staff who were assigned to hardship areas were being sanctioned. </s>
	</p>
	<p n="98">
	  <s n="306"> In a number of cases, the rationale for placements and promotions and the related procedures in recent years were not transparent and were widely questioned by the staff. </s>
	  <s n="307"> A particular case was drawn to the attention of OIOS of a junior Professional who was recruited despite the absence of an academic or practical background in the substantive areas covered by ODCCP, and whose familiarization and training tour appeared excessive in terms of scope and entitlements. </s>
	  <s n="308"> OIOS was further informed that while there was a stated universal policy for the extension of contracts, it appeared to be applied inconsistently. </s>
	</p>
	<p n="99">
	  <s n="309"> OIOS was gratified to learn of the recent attempts by the Human Resources Management Section of the United Nations Office at Vienna to instil some degree of discipline in all programme managers regarding the selection and interview process, in particular through guidelines issued in January 2001. </s>
	  <s n="310"> This is one of the first and most important steps in addressing the problems, and OIOS encourages the Human Resources Management Section to do this work in close cooperation with ODCCP top management and the Staff Committee. </s>
	</p>
	<p n="100">
	  <s n="311"> C. Recent developments </s>
	</p>
	<p n="101">
	  <s n="312"> OIOS took note of the self-critical and forthcoming reaction of the Executive Director to the preliminary findings of this inspection as presented to him during the exit interview. </s>
	  <s n="313"> He expressed his commitment to undertake a thorough and resolute overhaul in his style and system of management. </s>
	  <s n="314"> OIOS regards these assurances very seriously. </s>
	</p>
	<p n="102">
	  <s n="315"> OIOS noted that at the time of the inspection, several reorganizational measures were taken. </s>
	  <s n="316"> An ODCCP Senior Management Group was established. </s>
	  <s n="317"> A deputy to the Executive Director was designated on 9 February, with full authority to assume the latter&apos;s duties and responsibilities in his absence; the deputy&apos;s responsibilities were spelled out on 16 March. </s>
	  <s n="318"> On 16 February, three working groups were established to review the organizational functions and structure, delegation of authority and communications. </s>
	  <s n="319"> By 28 February, those groups had submitted their reports, which were commented upon by middle managers. </s>
	  <s n="320"> The ODCCP Programme and Project Committee was established on 15 March. </s>
	  <s n="321"> The review of human resources management practices and procedures, with a view to clarifying delegated authority, responsibility and accountability, was launched on 23 February. </s>
	  <s n="322"> Organizational changes reducing the number of entities reporting directly to the Executive Director were also made. </s>
	</p>
	<p n="103">
	  <s n="323"> All those measures are steps in the right direction. </s>
	  <s n="324"> It remains to be seen, however, whether those changes will be implemented and prove to be sustainable. </s>
	  <s n="325"> OIOS will watch the situation closely and will review the results during the course of 2001. </s>
	</p>
	<p n="104">
	  <s n="326"> Conclusions </s>
	</p>
	<p n="105">
	  <s n="327"> OIOS believes that the major strengths of UNDCP and CICP are their clear mandates, their high priority on the intergovernmental policy agenda and their broad range of expertise in the mandated areas. </s>
	  <s n="328"> Their main assets are committed, resourceful and talented staff, a strong field presence and the combination of normative, analytical and technical cooperation functions under one roof. </s>
	  <s n="329"> ODCCP has the unique advantage of serving as a catalyst and coordinator in bringing together disparate views and positions to act in concert against common global threats of drugs and crime. </s>
	  <s n="330"> It is able to work multilaterally in very sensitive fields and to mobilize resources and support for activities that bilateral donors would not or could not undertake. </s>
	  <s n="331"> In several areas, the Office has set best practices and worldwide norms and standards. </s>
	</p>
	<p n="106">
	  <s n="332"> OIOS found that the major weaknesses of ODCCP stem from over-centralized and heavily personalized decision-making and the absence of institutional mechanisms to ensure that programmes are properly conceived and efficiently executed and that results are assessed. </s>
	  <s n="333"> This gave rise to inadequate planning, an insufficiently focused fund-raising strategy lacking a long-term perspective, lack of transparency in decision-making and a breakdown in communication between staff and management. </s>
	  <s n="334"> The overall team spirit was weak, and corporate mechanisms of consultation, advice and assessment were either fragmented or absent altogether. </s>
	  <s n="335"> External confidence in the management of ODCCP resources was low. </s>
	</p>
	<p n="107">
	  <s n="336"> OIOS noted that the thrust of the corrective measures currently under way in ODCCP was in line with the recommendations of the present report. </s>
	  <s n="337"> The effectiveness of those measures will be known only when their tangible results become verifiable. </s>
	  <s n="338"> OIOS believes that any corrective measures can be successful under one key condition — the competence, professionalism and integrity of top management, which is transparent and collegial and enjoys the trust of the staff. </s>
	</p>
	<p n="108">
	  <s n="339"> Recommendations </s>
	</p>
	<p n="109">
	  <s n="340"> Management should develop comprehensive annual plans for both UNDCP and CICP. </s>
	  <s n="341"> Based on those plans, areas of joint work should be identified and pursued (paras. </s>
	</p>
	<p n="110">
	  <s n="342"> ODCCP should not undertake any large-scale, long-term commitments without appropriate conceptual studies, feasibility research and reasonable assurances of donor support. </s>
	  <s n="343"> Furthermore, such projects should be prepared in collaboration with implementing partner organizations (paras. </s>
	</p>
	<p n="111">
	  <s n="344"> A comprehensive evaluation of the Tajikistan Drug Control Agency&apos;s operational efficiency and effectiveness should be conducted immediately and then repeated annually. </s>
	  <s n="345"> ODCCP should consider the possibility of assigning a group of international instructors to observe its work and to provide necessary training on-site. </s>
	  <s n="346"> ODCCP should work out jointly with the Government of Tajikistan and donors a plan for the longer-term financial sustainability of the Agency (paras. </s>
	</p>
	<p n="112">
	  <s n="347"> ODCCP should put in place an organizational structure that provides an adequate framework for its activities and reduces the lines of authority reporting directly to the top. </s>
	  <s n="348"> The organization chart should be documented and should delineate clearly the functions and responsibilities of each responsibility centre, namely, by branch, section and unit, and should ensure that those functions are mutually supportive. </s>
	  <s n="349"> The structure should correspond to the authorized staffing table (paras. </s>
	</p>
	<p n="113">
	  <s n="350"> ODCCP should expeditiously re-establish the corporate review mechanisms for projects and programmes drawing on proven system-wide best practices. </s>
	  <s n="351"> Such mechanisms should be provided with sufficient staff support to ensure their continuity and effectiveness (paras. </s>
	</p>
	<p n="114">
	  <s n="352"> A determined effort should be made to enhance the skills of those engaged in technical cooperation activities at CICP through training in project formulation, implementation and appraisal. </s>
	  <s n="353"> The CICP Operations Branch should develop a strategy for technical cooperation and ensure that the activities and projects developed are in line with this strategy. </s>
	  <s n="354"> The Branch should be involved in all stages of project development and should oversee the preparation and finalization of project documents, monitor implementation and assess the results achieved (paras. </s>
	</p>
	<p n="115">
	  <s n="355"> Quality control for research conducted and documents produced should be established through peer review and steering committees. </s>
	  <s n="356"> The research capacity of ODCCP should be enhanced by engaging external experts for analytical work, including conceptual, methodological and strategic thinking (paras. </s>
	</p>
	<p n="116">
	  <s n="357"> Immediate measures should be taken to strengthen financial oversight at ODCCP. </s>
	  <s n="358"> They should include providing programme managers with clear guidelines on budgetary, financial and personnel matters. </s>
	  <s n="359"> The authorities and responsibilities delegated to them should not be infringed upon. </s>
	  <s n="360"> Programme managers should be held fully accountable for exercising them properly (para. </s>
	</p>
	<p n="117">
	  <s n="361"> Adequate programme oversight in ODCCP should be established without delay. </s>
	  <s n="362"> Monitoring and evaluation of programmes and projects should be strengthened through effective peer reviews and involvement of donors and recipient countries. </s>
	  <s n="363"> Each manager should be kept abreast of all aspects of programme evolution, problems encountered, costs involved and results achieved. </s>
	  <s n="364"> The system should provide regular feedback to top management and donors (paras. </s>
	</p>
	<p n="118">
	  <s n="365"> The Executive Director should, as a matter of urgency, delegate authority empowering the Director of CICP to control and certify all the resources appropriated to the crime programme (paras. </s>
	</p>
	<p n="119">
	  <s n="366"> UNDCP should analyse the decline of the general-purpose fund margin available for future activities and make efforts to establish it at a level that would preclude a financial crisis in case unfavourable circumstances arise (paras. </s>
	</p>
	<p n="120">
	  <s n="367"> Management should give priority to concluding the UNDCP-UNDP working arrangement containing a new, comprehensive and transparent system of cost recovery by UNDP (para. </s>
	</p>
	<p n="121">
	  <s n="368"> ODCCP should establish guidelines on the modalities of project execution that would allow it to assess objectively and realistically the comparative advantages of various options and decide whether and when self-execution is cost-effective (para. </s>
	</p>
	<p n="122">
	  <s n="369"> ODCCP should ensure that its human resources management practices conform to United Nations regulations and rules for fairness, transparency and objectivity. </s>
	  <s n="370"> It should include a proper staff rotation system (paras. </s>
	</p>
	<p n="123">
	  <s n="371"> In its comments on the draft of the present report, ODCCP indicated its acceptance of all the recommendations and provided OIOS with a detailed description of measures either adopted or envisaged to be adopted to implement the recommendations. </s>
	  <s n="372"> OIOS appreciates this expeditious and positive reaction to its recommendations and will keep the viability and impact of those measures under review. </s>
	</p>
	<p n="124">
	  <s n="373"> (Signed) Dileep Nair Under-Secretary-General for Internal Oversight Services </s>
	</p>
	<p n="125">
	  <s n="374"> Notes </s>
	</p>
	<p n="126">
	  <s n="375"> 1 Official Records of the General Assembly, Fifty-third Session, Supplement No. 51 (A/53/5/Add.9). </s>
	</p>
	<p n="127">
	  <s n="376"> 2 Ibid., Fifty-fifth Session, Supplement No. 51 (A/55/5/Add.9). </s>
	</p>
	<p n="128">
	  <s n="377"> 3 Ibid., Fifty-fourth Session, Supplement No. 6 (A/54/6/Rev.1), vol. II, pp. 483-490 and 531-539. </s>
	</p>
	<p n="129">
	  <s n="378"> 4 New York Times, 14 November 1997, “Top UN Drug Aide Hopes to Rid Globe of Poppy and Coca Crops”. </s>
	</p>
	<p n="130">
	  <s n="379"> 5 United Nations publication, Sales No. </s>
	</p>
	<p n="131">
	  <s n="380"> 6 Ibid., Sales No. </s>
	</p>
	<p n="132">
	  <s n="381"> 7 Ibid., Sales No. </s>
	</p>
	</body>
</text>
</DOC>