<?xml version="1.0" encoding="UTF-8"?>
<DOC lang="English" n="N0151666" id="A/56/306" date="2001/08/20">
<text>
	<body>
	<p n="1">
	  <s n="1"> Fifty-sixth session </s>
	</p>
	<p n="2">
	  <s n="2"> Items 20, 20 (a), 37, 38, 40, 97, 107, 107 (c), 109, </s>
	</p>
	<p n="3">
	  <s n="3"> 109 (b), 109 (d), 110, 110 (a), 110 (b), 110 (c), </s>
	</p>
	<p n="4">
	  <s n="4"> 110 (e), 110 (f), 114, 115, 118, 118 (a), 118 (b), </s>
	</p>
	<p n="5">
	  <s n="5"> 119, 124 and 125 of the provisional agenda* </s>
	</p>
	<p n="6">
	  <s n="6"> Strengthening of the coordination of humanitarian and </s>
	</p>
	<p n="7">
	  <s n="7"> disaster relief assistance of the United Nations, including </s>
	</p>
	<p n="8">
	  <s n="8"> special economic assistance: strengthening of the </s>
	</p>
	<p n="9">
	  <s n="9"> coordination of emergency humanitarian assistance of the </s>
	</p>
	<p n="10">
	  <s n="10"> United Nations </s>
	</p>
	<p n="11">
	  <s n="11"> Follow-up to the outcome of the special session on children </s>
	</p>
	<p n="12">
	  <s n="12"> Implementation of the outcome of the World Summit for </s>
	</p>
	<p n="13">
	  <s n="13"> Social Development and of the twenty-fourth special </s>
	</p>
	<p n="14">
	  <s n="14"> session of the General Assembly </s>
	</p>
	<p n="15">
	  <s n="15"> Follow-up to the outcome of the Millennium Summit </s>
	</p>
	<p n="16">
	  <s n="16"> International cooperation in the peaceful uses of outer space </s>
	</p>
	<p n="17">
	  <s n="17"> Science and technology for development: science and </s>
	</p>
	<p n="18">
	  <s n="18"> technology for development </s>
	</p>
	<p n="19">
	  <s n="19"> Sustainable development and international economic </s>
	</p>
	<p n="20">
	  <s n="20"> cooperation: human resources development; implementation </s>
	</p>
	<p n="21">
	  <s n="21"> of the commitments and policies agreed upon in the </s>
	</p>
	<p n="22">
	  <s n="22"> Declaration on International Economic Cooperation, in </s>
	</p>
	<p n="23">
	  <s n="23"> particular the Revitalization of Economic Growth and </s>
	</p>
	<p n="24">
	  <s n="24"> Development of the Developing Countries, and implementation </s>
	</p>
	<p n="25">
	  <s n="25"> of the International Development Strategy for the Fourth </s>
	</p>
	<p n="26">
	  <s n="26"> United Nations Development Decade </s>
	</p>
	<p n="27">
	  <s n="27"> Environment and sustainable development: implementation of </s>
	</p>
	<p n="28">
	  <s n="28"> Agenda 21 and the Programme for the Further Implementation </s>
	</p>
	<p n="29">
	  <s n="29"> of Agenda 21; international strategy for disaster reduction; </s>
	</p>
	<p n="30">
	  <s n="30"> implementation of the United Nations Convention to Combat </s>
	</p>
	<p n="31">
	  <s n="31"> Desertification in Those Countries Experiencing Serious </s>
	</p>
	<p n="32">
	  <s n="32"> Drought and/or Desertification, particularly in Africa; </s>
	</p>
	<p n="33">
	  <s n="33"> Convention on Biological Diversity; further implementation of </s>
	</p>
	<p n="34">
	  <s n="34"> the Programme of Action for the Sustainable Development of </s>
	</p>
	<p n="35">
	  <s n="35"> Small Island Developing States; protection of global climate </s>
	</p>
	<p n="36">
	  <s n="36"> for present and future generations of mankind </s>
	</p>
	<p n="37">
	  <s n="37"> Implementation of the Habitat Agenda and outcome of the </s>
	</p>
	<p n="38">
	  <s n="38"> special session of the General Assembly on this topic </s>
	</p>
	<p n="39">
	  <s n="39"> Implementation of the first United Nations Decade for the </s>
	</p>
	<p n="40">
	  <s n="40"> Eradication of Poverty </s>
	</p>
	<p n="41">
	  <s n="41"> Third United Nations Conference on the Least Developed </s>
	</p>
	<p n="42">
	  <s n="42"> Countries: Third United Nations Conference on the Least </s>
	</p>
	<p n="43">
	  <s n="43"> Developed Countries; implementation of the Programme </s>
	</p>
	<p n="44">
	  <s n="44"> of Action for the Least Developed Countries for the </s>
	</p>
	<p n="45">
	  <s n="45"> Decade 2001-2010 </s>
	</p>
	<p n="46">
	  <s n="46"> High-level international intergovernmental consideration of </s>
	</p>
	<p n="47">
	  <s n="47"> financing for development </s>
	</p>
	<p n="48">
	  <s n="48"> Advancement of women </s>
	</p>
	<p n="49">
	  <s n="49"> Implementation of the outcome of the Fourth World </s>
	</p>
	<p n="50">
	  <s n="50"> Conference on Women and of the twenty-third special </s>
	</p>
	<p n="51">
	  <s n="51"> session of the General Assembly, entitled “Women 2000: </s>
	</p>
	<p n="52">
	  <s n="52"> gender equality, development and peace for the </s>
	</p>
	<p n="53">
	  <s n="53"> twenty-first century” </s>
	</p>
	<p n="54">
	  <s n="54"> Letter dated 19 July 2001 from the Chairman of the Committee on the Peaceful Uses of Outer Space to the Secretary-General </s>
	</p>
	<p n="55">
	  <s n="55"> In my capacity as Chairman of the Committee on the Peaceful Uses of Outer Space, I have the honour to bring to your attention, as requested by the Committee, its recommendation that major United Nations conferences should consider the contributions of space science and technology to a greater extent, taking into particular account the needs of developing countries. </s>
	</p>
	<p n="56">
	  <s n="56"> In the past decade, the United Nations has held a series of global conferences to identify priorities for the twenty-first century to promote human development and to enhance human security. </s>
	  <s n="57"> The United Nations Conference on Environment and Development, the World Food Summit and the World Conference on Natural Disaster Reduction are only a few examples of such conferences. </s>
	</p>
	<p n="57">
	  <s n="58"> As you are aware, benefits of space science and technology range from enhancing prediction of climate and weather forecast and disaster management to improving rural education. </s>
	  <s n="59"> Space science and technology could play an important role in implementing some of the recommendations of those global conferences. </s>
	  <s n="60"> However, as the Committee has noted, the final documents adopted by those conferences make little reference to the role of space science and technology. </s>
	</p>
	<p n="58">
	  <s n="61"> The General Assembly, in its resolution 55/122 of 8 December 2000, agreed that the benefits of space technology and its applications should be prominently brought to the attention of conferences organized by the United Nations system to address global issues relating to social, economic and cultural development. </s>
	  <s n="62"> The Assembly also agreed that the use of space technology should be promoted towards achieving the objectives of those conferences and implementing the United Nations Millennium Declaration. </s>
	  <s n="63"> The Committee on the Peaceful Uses of Outer Space is committed to taking action in response to that agreement of the Assembly. </s>
	</p>
	<p n="59">
	  <s n="64"> Indeed, in June this year, the Committee agreed on a mechanism to implement the recommendations of the Third United Nations Conference on the Exploration and Peaceful Uses of Outer Space (UNISPACE III), in particular those contained in the resolution entitled “The Space Millennium: Vienna Declaration on Space and Human Development”, adopted by UNISPACE III.1 With the assistance of the Office for Outer Space Affairs, 11 action teams, led by Governments, are being established to implement a number of recommendations of UNISPACE III. </s>
	  <s n="65"> The list of those open-ended action teams, which will commence their work this year, as agreed by the Committee, is attached for your information (see annex). </s>
	  <s n="66"> I anticipate the establishment of more action teams at a later stage to implement other recommendations. </s>
	</p>
	<p n="60">
	  <s n="67"> I trust that, through your office, the progress being made by the Committee on the Peaceful Uses of Outer Space could be brought to the attention of the intergovernmental bodies, in particular their bureaux and secretariat bodies, that are implementing recommendations of the past major conferences or are preparing for conferences to be convened on economic, social and cultural development issues. </s>
	  <s n="68"> The Office for Outer Space Affairs, which serves as the secretariat of the Committee, would continue to promote the use of space technology with other secretariat bodies through the existing inter-agency mechanism, such as the Inter-Agency Meeting on Outer Space Activities. </s>
	  <s n="69"> The members of the Committee would also make efforts to highlight the benefits of space technology and its applications as they participate in future conferences. </s>
	  <s n="70"> I believe that those efforts, if combined, would lead to creating the synergy between the benefits of space applications and the work of the United Nations on development issues that the General Assembly called for in its resolution 55/122. </s>
	</p>
	<p n="61">
	  <s n="71"> In this regard, I should be grateful if you would have the present letter distributed as a document of the General Assembly, together with the report of the Committee on the Peaceful Uses of Outer Space,2 under appropriate items of the preliminary list. </s>
	</p>
	<p n="62">
	  <s n="72"> (Signed) Raimundo González A. </s>
	  <s n="73"> Chairman Committee on the Peaceful Uses of Outer Space </s>
	</p>
	<p n="63">
	  <s n="74"> Notes </s>
	</p>
	<p n="64">
	  <s n="75"> 1 Report of the Third United Nations Conference on the Exploration and Peaceful Uses of Outer Space, Vienna, 19-30 July 1999 (United Nations publication, Sales No. </s>
	  <s n="76"> E.00.I.3), chap. </s>
	  <s n="77"> I, resolution 1. </s>
	</p>
	<p n="65">
	  <s n="78"> 2 Official Records of the General Assembly, Fifty-sixth Session, Supplement No. 20 (A/56/20). </s>
	</p>
	<p n="66">
	  <s n="79"> Annex to the letter dated 19 July 2001 from the Chairman of the Committee on the Peaceful Uses of Outer Space to the Secretary-General </s>
	</p>
	<p n="67">
	  <s n="80"> List of open-ended action teams that will commence their work in 2001 to implement recommendations of the Third United Nations Conference on the Exploration and Peaceful Uses of Outer Space (UNISPACE III) </s>
	</p>
	<p n="68">
	  <s n="81"> a The recommendations have been numbered in accordance with their order of appearance in the Vienna Declaration. </s>
	</p>
	</body>
</text>
</DOC>