<?xml version="1.0" encoding="UTF-8"?>
<DOC lang="English" n="N0239480" id="A/56/956" date="2002/05/22">
<text>
	<body>
	<p n="1">
	  <s n="1"> Fifty-sixth session </s>
	</p>
	<p n="2">
	  <s n="2"> Agenda items 126 and 130 </s>
	</p>
	<p n="3">
	  <s n="3"> Human resources management </s>
	</p>
	<p n="4">
	  <s n="4"> Report of the Secretary-General on the activities of the Office of Internal Oversight Services </s>
	</p>
	<p n="5">
	  <s n="5"> Possible discrimination due to nationality, race, sex, religion and language in recruitment, promotion and placement </s>
	</p>
	<p n="6">
	  <s n="6"> Note by the Secretary-General* </s>
	</p>
	<p n="7">
	  <s n="7"> * The present report was delayed due to the complex information-gathering and extensive consultations involved. </s>
	</p>
	<p n="8">
	  <s n="8"> Pursuant to General Assembly resolutions 48/218 B of 29 July 1994, 54/244 of 23 December 1999 and 55/258 of 27 June 2001, the Secretary-General has the honour to transmit, for the attention of the General Assembly, the attached report, conveyed to him by the Under-Secretary-General for Internal Oversight Services, on the inspection of possible discrimination due to nationality, race, sex, religion and language in recruitment, promotion and placement. </s>
	</p>
	<p n="9">
	  <s n="9"> The Secretary-General takes note of the findings of the Office of Internal Oversight Services and concurs with its recommendations. </s>
	  <s n="10"> The Secretary-General is committed to ensuring that discrimination is not tolerated in the Organization and that any such allegations will be promptly addressed. </s>
	  <s n="11"> The Secretary-General has appointed an Ombudsman who will work to facilitate conflict resolution, including allegations of discrimination. </s>
	</p>
	<p n="10">
	  <s n="12"> Report of the Office of Internal Oversight Services on possible discrimination due to nationality, race, sex, religion and language in recruitment, promotion and placement </s>
	</p>
	<p n="11">
	  <s n="13"> Contents </s>
	</p>
	<p n="12">
	  <s n="14"> Introduction </s>
	</p>
	<p n="13">
	  <s n="15"> In its resolution 55/258 of 27 June 2001, the General Assembly requested the Secretary-General to conduct an inspection through the Office of Internal Oversight Services on the issue of possible discrimination due to nationality, race, sex, religion and language in recruitment, promotion and placement and report thereon to the General Assembly at its fifty-sixth session. </s>
	</p>
	<p n="14">
	  <s n="16"> In July 1998, a Joint Advisory Committee working group was formed to look into the issue of racial discrimination as mandated by the General Assembly in its resolution 53/221 of 7 April 1999. </s>
	  <s n="17"> However, as indicated in the report of the Secretary-General on the composition of the Secretariat (A/55/427, para. </s>
	  <s n="18"> 65) the working group found it impossible to make any observations supported by evidence as the Secretariat does not record the “race” of individual staff members. </s>
	</p>
	<p n="15">
	  <s n="19"> Objectives </s>
	</p>
	<p n="16">
	  <s n="20"> The objectives of the inspection were to determine whether: </s>
	</p>
	<p n="17">
	  <s n="21"> (a) Trends and indicators point to the presence of systematic discrimination based on regional groupings, gender or language in the recruitment, placement or promotion process in the Organization; </s>
	</p>
	<p n="18">
	  <s n="22"> (b) The Organization&apos;s rules, regulations, policies and procedures are effective in preventing discrimination based on nationality, gender or language; </s>
	</p>
	<p n="19">
	  <s n="23"> (c) The Organization&apos;s mechanisms for handling complaints of alleged discrimination are effective and transparent. </s>
	</p>
	<p n="20">
	  <s n="24"> Scope </s>
	</p>
	<p n="21">
	  <s n="25"> The mandate given to the Office of Internal Oversight Services was to look at possible discrimination based on race, nationality, sex, religion and language. </s>
	  <s n="26"> Staff members are routinely asked in the application process to indicate their nationality, sex and mother tongue, for valid reasons. </s>
	  <s n="27"> However, they are not asked for information regarding race or religion, as it could be discriminatory to do so. </s>
	  <s n="28"> Moreover, the large number of nationalities represented in the United Nations makes it difficult to draw conclusions from disaggregated data on the basis of nationality alone. </s>
	  <s n="29"> Therefore, the inspection examined possible discrimination based on nationality under the umbrella of regional groupings, gender and language. </s>
	  <s n="30"> The regional groupings used were those applied by the Appointment and Promotion Board to the statistics it keeps on cases presented to it (see annex I). </s>
	</p>
	<p n="22">
	  <s n="31"> The inspection covered the staff of the United Nations Secretariat (New York, Geneva, Nairobi and Vienna), including entities serviced by their appointment and promotion bodies, the regional commissions, peacekeeping missions and the International Tribunals for Rwanda and the former Yugoslavia. </s>
	  <s n="32"> The aim of the inspection was to assess as wide a population as possible, since discrimination would not be limited to those staff occupying posts subject to geographical distribution or even to those staff holding appointments of one year or more, but could extend to the entire staff population at all levels. </s>
	</p>
	<p n="23">
	  <s n="33"> The inspection examined: </s>
	</p>
	<p n="24">
	  <s n="34"> (a) Reports of the Secretary-General on the Composition of the Secretariat1 and Improvement in the Status of Women;2 </s>
	</p>
	<p n="25">
	  <s n="35"> (b) Information supplied by the Office of the Special Adviser on Gender Issues and Advancement of Women; </s>
	</p>
	<p n="26">
	  <s n="36"> (c) The Organization&apos;s applicant database (TREX) from its inception in 2000 to October 2001; </s>
	</p>
	<p n="27">
	  <s n="37"> (d) The Integrated Management Information System (IMIS), from January 1996 to October 2001, on all appointments, promotions and reappointments and information on mother tongue for all current staff on appointments of one year or more; </s>
	</p>
	<p n="28">
	  <s n="38"> (e) Appointments and promotions from the Headquarters Appointment and Promotion Board and those bodies at offices away from Headquarters, including the regional commissions and the International Tribunals; </s>
	</p>
	<p n="29">
	  <s n="39"> (f) Appointments resulting from the national competitive examinations from January 2000 to October 2001 and recruitments from the “G to P” examinations from 1997 to 2000; </s>
	</p>
	<p n="30">
	  <s n="40"> (g) Current and proposed appointment, placement and promotion policies and procedures; </s>
	</p>
	<p n="31">
	  <s n="41"> (h) Appointment and promotion circulars on exceptions and waivers from 1998 to 2001; </s>
	</p>
	<p n="32">
	  <s n="42"> (i) Human resources departmental action plans from 1999 to 2001; </s>
	</p>
	<p n="33">
	  <s n="43"> (j) Terms of reference for and reports of the Panel on Discrimination and other Grievances since its inception to the present; </s>
	</p>
	<p n="34">
	  <s n="44"> (k) Selected cases submitted to the Joint Appeals Board, the United Nations Administrative Tribunal and the Office of Internal Oversight Services; </s>
	</p>
	<p n="35">
	  <s n="45"> (l) Complaint processes in national Governments, the United Nations Development Programme (UNDP) and the World Bank. </s>
	</p>
	<p n="36">
	  <s n="46"> Methodology </s>
	</p>
	<p n="37">
	  <s n="47"> The A definition of discrimination used is set out below and was based on the Universal Declaration of Human Rights, the Convention on the Elimination of All Forms of Racial Discrimination, the Convention on the Elimination of All Forms of Discrimination against Women and the Equality Conventions of the International Labour Organization (ILO). </s>
	</p>
	<p n="38">
	  <s n="48"> Discrimination is defined as any distinction, restriction, exclusion or preference based on race, sex, religion, nationality or language which has the effect of nullifying or impairing equality of opportunity or treatment in recruitment, placement or promotion. </s>
	</p>
	<p n="39">
	  <s n="49"> The Office of Internal Oversight Services interviewed senior management of the Office of Human Resources Management, members of the Staff Committee, those responsible for the mechanisms that are part of the administration of justice (Panel on Discrimination and other Grievances, Joint Appeals Board, United Nations Administrative Tribunal), Human Rights, the Special Adviser to the Secretary-General on Gender Issues, the Focal Point for Women, the Group on Equal Rights for Women, members of the Joint Advisory Committee Working Group and the appointment and promotion bodies. </s>
	  <s n="50"> Several delegates to the Fifth Committee representing various nationalities and regions were also interviewed to provide insight into the genesis of the request for the report and any specific concerns that needed to be addressed. </s>
	</p>
	<p n="40">
	  <s n="51"> Findings </s>
	</p>
	<p n="41">
	  <s n="52"> Analysis of data </s>
	</p>
	<p n="42">
	  <s n="53"> Trend analysis of the composition of the Secretariat </s>
	</p>
	<p n="43">
	  <s n="54"> Staff on posts subject to geographical distribution represents an average of 17 per cent of the total posts in the United Nations Secretariat3 in the period from 1997 to 2001. </s>
	</p>
	<p n="44">
	  <s n="55"> Figure 1 </s>
	</p>
	<p n="45">
	  <s n="56"> Over the five-year period, posts subject to geographical distribution dropped from 2,461 to 2,445 for a net decrease of 16 posts, although posts in the Secretariat as a whole showed a net increase of 738 posts (from 14,136 to 14,874). </s>
	  <s n="57"> Extrabudgetary posts have also shown increases in all categories, with the Professional category increasing by 1,065 posts and the General Service category by 600 posts in the last year. </s>
	</p>
	<p n="46">
	  <s n="58"> Table 1 </s>
	</p>
	<p n="47">
	  <s n="59"> On average, recruitment for posts subject to geographical distribution accounted for 4 per cent of the total annual recruitment. </s>
	  <s n="60"> Recruitment for both geographic and non-geographic posts shows an increasing trend. </s>
	  <s n="61"> Non-geographic recruitment, however, shows a greater increase between 1999 and 2001 than does geographic recruitment, owing to staffing increases in peacekeeping missions, as shown in table 2. </s>
	</p>
	<p n="48">
	  <s n="62"> Table 2 </s>
	</p>
	<p n="49">
	  <s n="63"> For staff on contracts of one year or more, the trend in the recruitment of women is increasing, from 42 per cent in 1998, to 47 per cent in 2001. </s>
	  <s n="64"> However, there has been an increase in the proportion of women separating from the Organization, from 42 per cent in 1998, to 48 per cent in 2001. </s>
	  <s n="65"> The recruitment trend for women does not even match the separation trend, which indicates that the Organization is unlikely to meet its gender parity target without concentrated efforts to recruit females and retain the female staff currently employed. </s>
	  <s n="66"> Efforts should be made to determine the reasons for the rising number of women separating from the Organization. </s>
	</p>
	<p n="50">
	  <s n="67"> The promotion index, which is the ratio between the number of promotions and the total number of staff, has shown an increasing trend over the past five years. </s>
	  <s n="68"> This suggests that the Organization is increasingly promoting staff from within, rather than recruiting from external sources. </s>
	  <s n="69"> While this trend is positive, the index will need to increase sharply to keep pace with the forecasted number of retirements over the next few years. </s>
	</p>
	<p n="51">
	  <s n="70"> After significant increases in the number of promotions between 1998 and 2000, the number has levelled off. </s>
	  <s n="71"> Figure 2 depicts this trend. </s>
	</p>
	<p n="52">
	  <s n="72"> Figure 2 </s>
	</p>
	<p n="53">
	  <s n="73"> Between 1987 and 2001, the percentage of women at the Professional level and above, in posts subject to geographical distribution, grew at an average rate of 1 per cent per year, rising to 40.4 per cent in 2001. </s>
	  <s n="74"> This trend is shown in figure 3. </s>
	</p>
	<p n="54">
	  <s n="75"> Figure 3 </s>
	</p>
	<p n="55">
	  <s n="76"> Data was available for a wider population, covering posts of one year or more, from 1998 to 2001. </s>
	  <s n="77"> This data showed small gains for women at the Professional levels and above from 1998 to 2000, but a subsequent decline of about 2 per cent in 2001, bringing the level slightly below that of 1998, as depicted in figure 4. </s>
	  <s n="78"> In the wider population, in 2001, staff on posts with duration of one year or more achieved gender parity in six programmes, although three have a small number of staff and six others have not yet achieved 30 per cent female representation. </s>
	</p>
	<p n="56">
	  <s n="79"> Figure 4 </s>
	</p>
	<p n="57">
	  <s n="80"> In the Secretariat, 10 departments selected 50 per cent or more women to fill their vacant posts in 2000. </s>
	  <s n="81"> This number grew to 14 departments that met the gender balance goal of selecting women in 2001. </s>
	  <s n="82"> The data for all departments in the Secretariat shows that there has been improvement between 2000 and 2001 in striving for gender parity in selection at the P-2 and P-3 levels and, to a lesser extent, at the P-4 level. </s>
	  <s n="83"> However at the P-5 and D-1 levels, more efforts are still required in all departments. </s>
	</p>
	<p n="58">
	  <s n="84"> Application, screening and selection </s>
	</p>
	<p n="59">
	  <s n="85"> Since 2000, all applications in response to vacancy announcements have been captured in an electronic database. </s>
	  <s n="86"> The Staffing Support Section then screens the applicants and determines which applications are eligible for forwarding to the Programme Manager, based on the criteria in the vacancy announcement, required seniority (for internal candidates) and geographic representation (for external candidates). </s>
	  <s n="87"> The Office of Internal Oversight Services selected a random sample of 50 vacancy announcements from the total of 655 in the database. </s>
	  <s n="88"> Since the database is not updated to include either the letters prepared by the Office of Human Resources Management indicating the applicants who were forwarded to the departments or offices, or the final selected candidates, this information was gathered manually for the vacancy announcements in the sample. </s>
	  <s n="89"> Owing to time constraints, only 44 letters indicating the applications that were forwarded to departments or offices were located. </s>
	  <s n="90"> Of those, only 29 resulted in a selected candidate; 12 were subject to recirculation, 2 were filled by lateral transfer and 1 was part of a general recruitment campaign. </s>
	  <s n="91"> For this reason, it was not possible to utilize the data on the final candidate selected for comparative purposes. </s>
	  <s n="92"> Table 3 below summarizes the number and percentage of applicants from each region and the number and percentage of applications that were forwarded to programme managers. </s>
	</p>
	<p n="60">
	  <s n="93"> Table 3 </s>
	</p>
	<p n="61">
	  <s n="94"> About 11 per cent of the applicants in the database had no indicated nationality. </s>
	  <s n="95"> This was particularly the case for internal candidates where nationality is not a criteria for selection. </s>
	  <s n="96"> The Office of Internal Oversight Services manually examined these cases to determine, where possible, the applicant&apos;s region, reducing the number of applicants with an unknown nationality to 9 per cent. </s>
	</p>
	<p n="62">
	  <s n="97"> For the sample selected, an average for all regions of 17 per cent of the applicants received were forwarded to programme managers. </s>
	  <s n="98"> Of these, 5 per cent were internal candidates and 12 per cent were external candidates. </s>
	  <s n="99"> Because of the large population under review, it was not feasible to determine the validity of the criteria used to forward the applications of candidates for further evaluation by programme managers. </s>
	  <s n="100"> A lower than average number of applications from candidates from Latin America and the Middle East were forwarded to programme managers. </s>
	  <s n="101"> The highest rate for forwarding internal candidates was for the Eastern European region (12 per cent), while the highest rates for forwarding external candidates were for the African (18 per cent), Western European (18 per cent), North American and Caribbean (17 per cent) and other (17 per cent) regions. </s>
	</p>
	<p n="63">
	  <s n="102"> As part of its reform programme, the Office of Human Resources Management is in the process of developing a web-based tool commonly referred to as “Galaxy” to support the new staff selection system in the Secretariat that will also incorporate the functionality of the TREX application system. </s>
	</p>
	<p n="64">
	  <s n="103"> Initial appointments, promotions and reappointments </s>
	</p>
	<p n="65">
	  <s n="104"> The IMIS database of all initial appointments, promotions and reappointments for the six-year time period (1996-2001) contained 32,164 records associated with 18,721 individuals.4 These actions covered all categories of posts and staff in the United Nations Secretariat. </s>
	  <s n="105"> A separate analysis was done for each of the three categories: initial appointment, promotion and reappointment.5 Table 4 illustrates the breakdown of initial appointments in this database by region and gender. </s>
	</p>
	<p n="66">
	  <s n="106"> Table 4 </s>
	</p>
	<p n="67">
	  <s n="107"> Further analysis was performed to illustrate initial appointment by grade and region. </s>
	  <s n="108"> Based on the data, the Office of Internal Oversight Services established the average proportion of initial appointments at each grade and the proportion for each region at each grade. </s>
	  <s n="109"> After taking into account a deviation of plus or minus 0.5 per cent, the data showed that the staff in the African, Latin American and Middle Eastern regions registered a higher proportion of initial appointments at the General Service level, while staff from the Asia and Pacific region showed a higher proportion of initial appointments at the Professional level. </s>
	  <s n="110"> The latter was also true for staff of the North American and Caribbean region (with the exception of P-1 and P-5). </s>
	  <s n="111"> Staff from the Western European region showed a higher proportion of initial appointments at the P-1, P-2, P-5 and D-1 levels. </s>
	  <s n="112"> A table showing the full range of initial appointments by grade within each region can be found in annex II. </s>
	</p>
	<p n="68">
	  <s n="113"> The Office of Internal Oversight Services selected the P-3, P-4 and P-5 levels for analysis by step at the time of initial recruitment. </s>
	  <s n="114"> Each grade was divided into three bands, step 1, steps 2 to 5 and steps 6 and above, and the percentage recruited in each band calculated. </s>
	  <s n="115"> After taking into account a deviation of plus or minus 5 per cent, the data showed the most pronounced differences at the P-5 level, with the staff from the African, Eastern European, Middle Eastern and North American and Caribbean regions being recruited at steps higher than step 1 within a particular grade. </s>
	  <s n="116"> This information is presented in annex III. </s>
	</p>
	<p n="69">
	  <s n="117"> The Office of Internal Oversight Services also analysed the proportion of grades at the Professional and Director levels within all initial appointments by gender, as shown in table 5. </s>
	  <s n="118"> For example, while 8.5 per cent of all initial appointments occurred at the P-4 level, 11.2 per cent of all male appointments were at the P-4 level and 4.6 per cent of all female appointments were at the P-4 level. </s>
	  <s n="119"> This analysis showed consistently lower than average proportions for initial appointments for females at the P-3 level and above. </s>
	  <s n="120"> This data is illustrated below in table 5. </s>
	</p>
	<p n="70">
	  <s n="121"> Table 5 Initial appointment to grades by gender, 1996-2001 </s>
	</p>
	<p n="71">
	  <s n="122"> A similar analysis was done for promotions of staff by breaking down the data by region and gender, as shown in table 6. </s>
	</p>
	<p n="72">
	  <s n="123"> Table 6 </s>
	</p>
	<p n="73">
	  <s n="124"> In the analysis of the promotion by grades and region, the predominant pattern indicates that staff from the North American and Caribbean region had below-average promotions in the P-3 to D-2 range. </s>
	  <s n="125"> Other notable patterns showed that staff from the African region showed a higher-than-average promotion rate at the D-2 and P-5 levels and staff from the Middle Eastern region showed a higher-than-average promotion rate at the D-1 and P-5 levels. </s>
	  <s n="126"> The deviation was again plus or minus 0.5 per cent. </s>
	  <s n="127"> A table showing the full range of promotions by grade within each region can be found in annex IV. </s>
	</p>
	<p n="74">
	  <s n="128"> The analysis of promotions at different steps by region indicated more consistent deviation from the average at all levels reviewed (P-3, P-4 and P-5) and for all regions, than that found for initial appointments. </s>
	  <s n="129"> The data indicates that most promotions occur to steps higher than step 1. </s>
	  <s n="130"> Promotions to higher steps could indicate that the staff receiving these promotions had been at their prior grade for extended periods. </s>
	  <s n="131"> The table illustrating the analysis of promotions at different steps by region can be found in annex V. </s>
	</p>
	<p n="75">
	  <s n="132"> The promotion by gender at the Professional and Director levels is found in table 7. </s>
	  <s n="133"> While proportions are again smaller for females at all levels, most notable is the significant difference between males promoted to the D-2 level versus females promoted to the same level. </s>
	</p>
	<p n="76">
	  <s n="134"> Table 7 Promotion to grades by gender, 1996-2001 (percentage) </s>
	</p>
	<p n="77">
	  <s n="135"> The breakdown of reappointments by region and gender is shown in table 8. </s>
	</p>
	<p n="78">
	  <s n="136"> Table 8 </s>
	</p>
	<p n="79">
	  <s n="137"> For the category of reappointments, taking into account the deviation of 0.5 per cent, the data indicates that staff from the Middle Eastern region were reappointed below the average rate in the P-4 to D-2 range. </s>
	  <s n="138"> A table showing the full range of reappointments by grade for each region can be found in annex VI. </s>
	</p>
	<p n="80">
	  <s n="139"> No analysis by step was done for the reappointment category. </s>
	</p>
	<p n="81">
	  <s n="140"> The proportion of reappointments of males and females is found in table 9. </s>
	  <s n="141"> Smaller proportions of reappointments are shown for females from the P-3 to D-2 levels. </s>
	  <s n="142"> The level that demonstrates the largest difference between male and female reappointments is P-4, where the proportion of females reappointed is 1.9 per cent and the proportion of males reappointed is 6.7 per cent. </s>
	</p>
	<p n="82">
	  <s n="143"> Table 9 Reappointments to grades by gender, 1996-2001 (percentage) </s>
	</p>
	<p n="83">
	  <s n="144"> In order to obtain a picture of how individual staff members progressed during the time period under review, all 718 individuals initially appointed in 1996 were selected. </s>
	</p>
	<p n="84">
	  <s n="145"> The rates of promotion and reappointment were established by using the number of appointments in each region as the base. </s>
	  <s n="146"> Promotion and reappointment rates were also established by gender within each region using the same procedure. </s>
	</p>
	<p n="85">
	  <s n="147"> As seen in table 10, rates range from 1.7 to 10.6 per cent for promotion and from 17 to 38.3 per cent for reappointment. </s>
	  <s n="148"> There are three regions above the overall rates and four regions below. </s>
	  <s n="149"> Overall, the promotion rate was lower for females than for males. </s>
	  <s n="150"> Regions that had overall promotion rates above the average tended to have promotion rates that were closer between males and females than those regions where the promotion rate was below the overall point. </s>
	  <s n="151"> Reappointment rates for males and females varied greatly among regions; however, female reappointment rates were consistently lower for all regions. </s>
	</p>
	<p n="86">
	  <s n="152"> Table 10 </s>
	</p>
	<p n="87">
	  <s n="153"> An analysis also done of initial appointments, promotions and reappointments by location indicated a greater mix of regions represented at Headquarters and among mission appointees. </s>
	  <s n="154"> At the duty stations away from Headquarters (Geneva, Vienna and Nairobi) and the regional commissions, there tends to be more representation from that geographic location. </s>
	  <s n="155"> This situation is particularly evident in the regional commissions. </s>
	  <s n="156"> A complete analysis of initial appointments, promotions and reappointments at different locations by region is found in annex VII. </s>
	</p>
	<p n="88">
	  <s n="157"> To analyse possible discrimination based on the language of staff members, the Office of Internal Oversight Services anticipated using data from IMIS on the mother tongue of staff, correlating it to data on region and gender already presented in the present report. </s>
	  <s n="158"> However, out of 14,905 staff in IMIS with appointments of one year or more, only 1,200 records indicated a staff members&apos; mother tongue, making any analysis or correlation based on such limited information impossible. </s>
	  <s n="159"> Executive offices should undertake a project to record in IMIS the mother tongue of their staff members. </s>
	</p>
	<p n="89">
	  <s n="160"> The Joint Inspection Unit is undertaking a study on multilingualism as part of its work programme. </s>
	  <s n="161"> The Office of Internal Oversight Services contacted the inspectors undertaking the study to ensure that there would be synergy and no duplication in the work of the two oversight units in this area. </s>
	  <s n="162"> The inspectors prepared a detailed questionnaire that was sent to all Joint Inspection Unit participating organizations, and which included a comprehensive section on human resources management, from which the Office of Internal Oversight Services planned to draw information. </s>
	  <s n="163"> However, at the time of the preparation of the report, responses to the questionnaire had not addressed the section on Human Resources Management in a comprehensive manner. </s>
	  <s n="164"> The Office of Internal Oversight Services informed the Joint Inspection Unit of the limitations on the work undertaken on possible discrimination based on language and it is anticipated that the report of the Unit will shed more light on the subject. </s>
	</p>
	<p n="90">
	  <s n="165"> As previously noted in paragraph 22, the Office of Human Resources Management is in the process of developing Galaxy, a web-based tool to support the new staff selection system in the Secretariat. </s>
	  <s n="166"> The system will extract key job requirements, including language proficiency requirements, from generic job profiles and vacancy announcements. </s>
	  <s n="167"> It is expected that Galaxy will ensure that recruitment and promotion criteria are consistently applied. </s>
	  <s n="168"> The Galaxy project will be discussed in more detail in the review of the control environment in place to support the recruitment, placement and promotion process. </s>
	</p>
	<p n="91">
	  <s n="169"> General Service to Professional and national competitive examinations </s>
	</p>
	<p n="92">
	  <s n="170"> The Office of Internal Oversight Services reviewed data supplied by the Examination and Tests Section of the Office of Human Resources Management for candidates who were convoked to the oral examination in the “G to P” examination process and compared it to data on those staff who were successful in passing the test. </s>
	  <s n="171"> An average success rate of 41.4 per cent was established for all regions varying from 20 to 58 per cent. </s>
	  <s n="172"> Three regions had success rates below average (North America and the Caribbean, 41 per cent, Latin America, 30 per cent and Middle East, 20 per cent). </s>
	  <s n="173"> Four regions had success rates above the average (Western Europe, 58 per cent, Eastern Europe, 50 per cent, Asia and the Pacific, 49 per cent and Africa, 42 per cent). </s>
	  <s n="174"> Men had a higher success rate than women (53.5 and 40.7 per cent, respectively). </s>
	</p>
	<p n="93">
	  <s n="175"> The Office of Internal Oversight Services reviewed the data for those staff members who were recruited through the national competitive examination process from January 2000 to October 2001. </s>
	  <s n="176"> Staff recruited through the process are subject to the system of desirable ranges. </s>
	  <s n="177"> During this time period, 130 staff members were recruited. </s>
	  <s n="178"> The largest percentage of staff recruited (53 per cent) were from the Western European region, this being consistent with the region&apos;s status as having no over-represented country within it. </s>
	  <s n="179"> Of the 130 staff recruited, none was from the Middle Eastern region. </s>
	  <s n="180"> According to the Office of Human Resources Management, the examination was offered in 1999 and 2000 in all unrepresented and underrepresented countries in the Middle East, but either the offer was not accepted by the Member State or no candidate applied to take the examination in that region. </s>
	  <s n="181"> In 2001, the examination was offered for one unrepresented country, but the sole applicant did not appear to take the test. </s>
	  <s n="182"> In the same year, the examination was offered for one underrepresented country. </s>
	  <s n="183"> In that instance, three applicants were convoked to the examination, but only one sat it. </s>
	  <s n="184"> That individual was successfully placed in November 2001, outside the period of analysis. </s>
	</p>
	<p n="94">
	  <s n="185"> The International Tribunals </s>
	</p>
	<p n="95">
	  <s n="186"> At the International Tribunal for Rwanda, from January 2000 to September 2001, approximately 107 staff members were recruited at or promoted to the Professional level and above through the appointment and promotion bodies. </s>
	  <s n="187"> During that period, individuals from the African region accounted for approximately 51 per cent of those recruited or promoted at all levels, with the exception of the D-1 level, where there were none. </s>
	  <s n="188"> There was also significant representation from the Western European and North American and Caribbean regions among recruitments and promotions. </s>
	  <s n="189"> In this same group, recruitments from the African region accounted for 47.7 per cent of all those recruited, while 62 per cent of those promoted were from the African region, although there were none at the P-5 or D-1 levels. </s>
	  <s n="190"> Females accounted for 26 per cent of the recruitments and promotions, while males accounted for 74 per cent. </s>
	</p>
	<p n="96">
	  <s n="191"> From 1997 to October 2001, there were approximately 699 recruitments and promotions at the International Tribunal for the former Yugoslavia for posts in the Professional and higher categories. </s>
	  <s n="192"> Of all the staff recruited or promoted at the Professional level and above, the largest number, 41 per cent were from the Western European region. </s>
	  <s n="193"> The highest per cent recruited or promoted at each level ranged from 34.7 to 50 per cent for the Western European region with significant representation from three other regions (Eastern Europe, Asia and the Pacific and North America and the Caribbean). </s>
	  <s n="194"> Females accounted for 36.6 per cent of all recruitments and promotions, while males accounted for 63.4 per cent. </s>
	</p>
	<p n="97">
	  <s n="195"> It should be noted that there was no attempt made to compare the representation by region or gender at the two Tribunals, particularly as the data furnished covered different time periods. </s>
	  <s n="196"> However, the pattern of the regional data presented for both Tribunals is similar to the data presented in the analysis by location found in paragraph 38 and annex VI. </s>
	  <s n="197"> The data indicates that the staff population to a large extent reflects the geographic location of the organizational entity. </s>
	  <s n="198"> The data on gender suggests that there is significant disparity at the Professional level and above between males and females recruited and promoted in the Tribunals, with men outnumbering women by almost three to one in the International Tribunal for Rwanda and two to one in the International Tribunal for the former Yugoslavia. </s>
	</p>
	<p n="98">
	  <s n="199"> Control environment </s>
	</p>
	<p n="99">
	  <s n="200"> An examination of the controls and procedures in place in the Organization is critical to determining whether recruitment, placement and promotion activities are likely to produce fair and objective selection of candidates, based on experience and qualifications and free of bias. </s>
	</p>
	<p n="100">
	  <s n="201"> Recruitment, placement and promotion process </s>
	</p>
	<p n="101">
	  <s n="202"> The Organization is currently moving forward with a process of reform that includes a new staffing system to integrate recruitment, placement, managed mobility and promotion. </s>
	  <s n="203"> The Office of Internal Oversight Services examined both the policies and procedures currently in place and those that are scheduled for implementation in mid-2002. </s>
	</p>
	<p n="102">
	  <s n="204"> With regard to the existing system, for recruitment, placement and promotion, the Office of Internal Oversight Services prepared a flow chart on the process and identified key control points. </s>
	  <s n="205"> Views were sought from staff associated with the recruitment, placement and promotion process on the effectiveness of the controls. </s>
	  <s n="206"> The majority of those responding indicated a loss of confidence with the first step in the process, the preparation of the job description and vacancy announcement. </s>
	  <s n="207"> The most frequent comments noted that, in many cases, job descriptions were tailor-made for a pre-selected candidate. </s>
	  <s n="208"> Comments also reflected an overwhelming loss of confidence in the vacancy announcement process for a number of reasons. First, even in cases where the job description has been prepared in an objective manner, it does not always form the basis for the vacancy announcement. </s>
	  <s n="209"> Second, external vacancy announcements sometimes require a candidate to have knowledge of the United Nations system. </s>
	  <s n="210"> Third, despite the involvement of the Office of Human Resources Management in the preparation and classification of the job description and the preparation of the vacancy announcement, several respondents expressed the view that in the end, the arguments presented by the department or office were generally accepted. </s>
	  <s n="211"> The next step in the process, circulation of the vacancy announcement, also led to the identification of some perceived problems. </s>
	  <s n="212"> These include waiving the issuance of vacancy announcements and having limited circulation (related to either time or location) of vacancy announcements. </s>
	</p>
	<p n="103">
	  <s n="213"> The Office of Internal Oversight Services analysed data from information circulars on promotion and placement for the period 1998-2001 on waivers of vacancy announcements. </s>
	  <s n="214"> The majority of these waivers (70 per cent) occurred at the General Service level, with 82 per cent of the waivers resulting in the placement or promotion of women. </s>
	  <s n="215"> Of the 30 per cent of waivers occurring at the Professional and Director levels, only 33 per cent resulted in the placement or promotion of women. </s>
	  <s n="216"> During the same period, over 72.5 per cent of all waivers issued to vacancy announcements at all levels resulted in the placement or promotion of staff from three regions, Asia and the Pacific, Western Europe and North America and the Caribbean. </s>
	</p>
	<p n="104">
	  <s n="217"> The next step in the process involves the selection of candidates&apos; applications forwarded to the departments or offices. </s>
	  <s n="218"> Applications are reviewed to determine whether the applicants meet some or all of the qualifications of the post. </s>
	  <s n="219"> This point in the process involves some subjectivity on the part of the person reviewing the application and some respondents expressed concern that the selection criteria might not be strictly in accordance with the stated qualifications of the post and, in most cases, are not subject to a second review. </s>
	  <s n="220"> There are occasions when the affected department or office requests the applications of all applicants for review. </s>
	</p>
	<p n="105">
	  <s n="221"> When the applicants are reviewed at the departmental or office level, there is also room for subjectivity. </s>
	  <s n="222"> Sometimes managers are faced with the daunting task of reducing hundreds of applicants to only a few. </s>
	  <s n="223"> The means for achieving this goal are not always transparent, well documented or consistent. </s>
	  <s n="224"> Respondents expressed most confidence in the review process by appointment and promotion bodies. </s>
	  <s n="225"> Several instances were pointed out when the competent appointment or promotion body overturned the recommendation of the manager. </s>
	</p>
	<p n="106">
	  <s n="226"> An area of concern identified by staff within the Organization, as well as by human resources experts, is the role that performance appraisal plays in the selection process. </s>
	  <s n="227"> The Office of Internal Oversight Services attempted to use information from the IMIS database on performance appraisal in conjunction with the analysis of promotion data. </s>
	  <s n="228"> Out of 14,905 staff on the database with appointments of one year or more, only 3,254 had corresponding data on performance evaluation. </s>
	  <s n="229"> The data found for these staff contained a mix of information from the old Performance Evaluation Report (PER) and the new Performance Appraisal System (PAS) and information on both was recorded inconsistently. </s>
	  <s n="230"> IMIS was designed to accommodate the PER system and does not provide a dedicated user session for PAS. </s>
	  <s n="231"> A workaround was developed using the PER user session. </s>
	  <s n="232"> In a memorandum to heads of departments and executive officers of 9 July 1997, the then Assistant Secretary-General for Human Resources advised them of their responsibility for recording PAS data in IMIS. </s>
	  <s n="233"> On 20 March 2002, in administrative instruction ST/AI/2002/3 on the PAS, it was noted that the relevant Executive or Personnel Office was responsible for ensuring that PAS records appear in IMIS. </s>
	  <s n="234"> Manual data maintained by departments or offices and sent to the Office of Human Resources Management is kept at the aggregate level and not categorized by gender, level or nationality and is therefore not useful for analytical purposes. </s>
	  <s n="235"> It is noted that enhancements are being implemented to the PAS in 2002 and the importance of keeping complete electronic data on the IMIS system for each individual for the purpose of future analysis is stressed. </s>
	</p>
	<p n="107">
	  <s n="236"> As mentioned previously, the Organization is in the process of implementing a new staff selection system. </s>
	  <s n="237"> The Office of Internal Oversight Services examined the planned systems and procedures and found that many of the aforementioned concerns with the existing process will be addressed. </s>
	  <s n="238"> The new staff selection system will be reinforced by Galaxy among other things. </s>
	  <s n="239"> Generic job profiles will be developed and stored in the system. </s>
	  <s n="240"> From these job profiles, vacancy announcements will be generated and posted worldwide, using web-based technology. </s>
	  <s n="241"> The software will provide the means to collect applications and do preliminary screening of applicants. </s>
	  <s n="242"> It will facilitate decision-making without cumbersome paper documentation. </s>
	  <s n="243"> Central review bodies will replace the appointment and promotion bodies. </s>
	  <s n="244"> It should be noted that reliance on any software system brings with it a requirement for proper control of that system including audit trails, access security, limited ability to override system controls and a tightly controlled maintenance operation. </s>
	  <s n="245"> These and other issues will be the subject of a review of the implementation of human resources reform being undertaken by the Office of Internal Oversight Services mandated by the General Assembly in resolution 56/253 of 24 December 2001. </s>
	</p>
	<p n="108">
	  <s n="246"> Accountability of managers </s>
	</p>
	<p n="109">
	  <s n="247"> One of the stated goals of the new staff selection system is to hold managers accountable for their selection, decisions and the manner in which they have applied the new system. </s>
	  <s n="248"> Since 1999, the Office of Human Resources Management, departments and offices have been jointly developing human resources action plans that lay out the proposed action to be taken to meet their staffing requirements with regard to gender, age and geographical representation, among other factors. </s>
	  <s n="249"> Plans for two periods have been developed thus far. </s>
	  <s n="250"> The Office of Internal Oversight Services reviewed Phase 1 plans, covering 1999 and 2000. </s>
	  <s n="251"> Out of 26 departments and offices, 20 plans had been signed. </s>
	  <s n="252"> For Phase 2, plans had been signed for 13 departments and offices as at 10 January 2002 (a further 12 were in the final stages of preparation, but not available to the Office of Internal Oversight Services). </s>
	  <s n="253"> The Office of Human Resources Management has advised that 19 have been signed as at 15 April 2002. </s>
	  <s n="254"> However, several other organizational entities are profiled in the reports of the Secretary-General on the composition of the Secretariat and on the improvement in the status of women. </s>
	  <s n="255"> Human resources action plans should be prepared to cover these entities as well. </s>
	  <s n="256"> The plans provide a management tool to draw attention to and address areas of possible discrimination by identifying the promotion and recruitment actions needed in the light of existing and foreseeable vacancies. </s>
	</p>
	<p n="110">
	  <s n="257"> As a management tool to prevent or redress discriminatory practices, the plans need to be strengthened to fulfil certain criteria. </s>
	  <s n="258"> The plans for each department need to be prepared at regular intervals. </s>
	  <s n="259"> Agreed actions need to be aggressive, relevant and, where possible, measurable (i.e. numerically). </s>
	  <s n="260"> Text should be customized for the situation in each department or office. </s>
	  <s n="261"> Linkage between the various categories should be observed, for example, gender targets or filling of posts from unrepresented or underrepresented countries should be specifically linked to vacant posts or those becoming vacant through known retirements. </s>
	</p>
	<p n="111">
	  <s n="262"> While in the early stages of development, the human resources action plans could become a useful tool to hold managers accountable for their recruitment and promotion actions by showing progress towards and/or achievement of the targets set in prior plans. </s>
	  <s n="263"> To be comparable throughout the Secretariat, consistency of information is critical. </s>
	  <s n="264"> Close monitoring at the highest level of management should be undertaken by the Office of Human Resources Management to ensure accountability. </s>
	</p>
	<p n="112">
	  <s n="265"> C. Complaint mechanisms </s>
	</p>
	<p n="113">
	  <s n="266"> An important aspect of the control environment is the framework in place to handle complaints of alleged discrimination. </s>
	  <s n="267"> The Office of Internal Oversight Services reviewed the framework in place in the Organization, as well as those frameworks that exist in other selected international organizations and national Governments. </s>
	  <s n="268"> At the United Nations, the framework for handling complaints of discrimination comprises the Panel on Discrimination and other Grievances, the Joint Appeals Board and the United Nations Administrative Tribunal. </s>
	</p>
	<p n="114">
	  <s n="269"> Panel on Discrimination and other Grievances </s>
	</p>
	<p n="115">
	  <s n="270"> Within the United Nations, the General Assembly, in its resolution 31/26, established a panel to investigate allegations of discriminatory treatment and to recommend appropriate action. </s>
	  <s n="271"> Accordingly, pursuant to administrative instructions ST/AI/246 of 28 July 1977 and ST/AI/246/Add.1 of 19 June 1978 panels were established to investigate allegations of discriminatory treatment in the United Nations Secretariat at Headquarters and at major duty stations away from Headquarters. </s>
	  <s n="272"> By ST/AI/308/Rev.1 of 25 November 1983, the Secretary-General broadened the terms of reference of the panels to cover all types of staff grievances. </s>
	</p>
	<p n="116">
	  <s n="273"> A review of the terms of membership of the Panel indicated that there were several lengthy periods of up to three years when the terms of members had expired. </s>
	  <s n="274"> The terms were not extended nor were new members appointed. </s>
	  <s n="275"> The terms of reference for the Panel included the provision of an annual report summarizing the activities of the Panels at Headquarters and other duty stations. </s>
	  <s n="276"> The report was produced for several years at a time and there were a few gaps between reports. </s>
	  <s n="277"> Table 11 provides information on the terms of Panel members and reporting periods. </s>
	</p>
	<p n="117">
	  <s n="278"> Table 11 Terms of membership and reporting periods of the Panel on Discrimination and other Grievances </s>
	</p>
	<p n="118">
	  <s n="279"> a Documentation prior to these dates was not available. </s>
	</p>
	<p n="119">
	  <s n="280"> As a result of the interview process and our review of documentation, several weaknesses became apparent in the functioning of the Panel. </s>
	  <s n="281"> The purpose of the Panel is to provide a facility to resolve differences between staff and management without going through formal recourse procedures. </s>
	  <s n="282"> Over the years, staff have become disillusioned with the ability of the Panel to function due to the number of backlogged cases, lack of attention by management and weak follow-up on the recommendations of the Panel. </s>
	  <s n="283"> The Office of Internal Oversight Services also noted difficulties in the complaint resolution process at duty stations away from Headquarters when Panel members are not stationed there. </s>
	  <s n="284"> Every individual interviewed expressed the view that if cases were dealt with in the early stages, and serious attention given by management of both the department involved and the Office of Human Resources Management, many of these cases would not reach the point of formal recourse procedures. </s>
	</p>
	<p n="120">
	  <s n="285"> There has been no Panel in place since September 1999 and no report on the activities of the Panel since 31 December 1998. </s>
	  <s n="286"> Even though information circular ST/IC/2001/99 announced the appointment of a new Panel, there has been no mention of the Co-coordinator to be appointed by the Secretary-General. </s>
	  <s n="287"> The information circular also indicated that the Panel was to be replaced by the ombudsman mechanism that was subsequently approved by the General Assembly in its resolution 56/253. </s>
	  <s n="288"> Given the wide geographic area and the number of cases with which prior Panels have been seized, the Office of Internal Oversight Services is of the view that a similar support mechanism will be required by the Ombudsman. </s>
	  <s n="289"> With the introduction of a completely new recruitment, placement and promotion system for the Organization as described in section V.B above, many of the traditional checks and balances are being eliminated. </s>
	  <s n="290"> The Office of Internal Oversight Services is of the view that the Ombudsman&apos;s office should serve as the first stop for a staff member when problems are encountered that cannot be resolved at the departmental level. </s>
	  <s n="291"> The proposed terms of reference of the Ombudsman as presented in annex II of the report of the Secretary-General on the administration of justice in the Secretariat (A/56/800) should be revised to require all cases of alleged discrimination to be submitted for informal recourse procedures before going on to formal remedies. </s>
	  <s n="292"> Of paramount importance is that both the Ombudsman and the support system be viewed as having complete independence in the conduct of their work. </s>
	</p>
	<p n="121">
	  <s n="293"> The Office of Internal Oversight Services analysed the reports of the Panels at Headquarters and other duty stations and noted that the majority of cases (335) were captured under the category of “unfair treatment/personal relations”, with only 41 categorized as discrimination based on either nationality, race or sex. </s>
	</p>
	<p n="122">
	  <s n="294"> United Nations Administrative Tribunal </s>
	</p>
	<p n="123">
	  <s n="295"> The Office of Internal Oversight Services reviewed a sample of 20 judgements rendered by the United Nations Administrative Tribunal. </s>
	  <s n="296"> Over 1,000 judgements have been rendered to date by the Tribunal with more than 130 containing the word “discrimination” in the text. </s>
	  <s n="297"> For the sample, the Office of Internal Oversight Services selected those judgements where the word was used most frequently. </s>
	  <s n="298"> Some of those cases had also been reviewed by the Panel on Discrimination and other Grievances and the Joint Appeals Board. </s>
	</p>
	<p n="124">
	  <s n="299"> Of the twenty cases reviewed, 15 pertained to male appellants and five to female appellants. </s>
	  <s n="300"> Eight applicants alleged nationality-based discrimination while three alleged gender-based discrimination. </s>
	  <s n="301"> One applicant alleged that he had been discriminated against for his role in staff union activities. </s>
	  <s n="302"> Eight of the applicants did not specify the basis for the alleged discrimination (table 12). </s>
	</p>
	<p n="125">
	  <s n="303"> Table 12 Alleged discrimination by gender of appellants and basis, considered by the Panel on Discrimination and other Grievances, the Joint Appeals Board and the United Nations Administrative Tribunal </s>
	</p>
	<p n="126">
	  <s n="304"> Decisions of the Panel on Discrimination and other Grievances </s>
	</p>
	<p n="127">
	  <s n="305"> The Panel considered 14 of the 20 cases reviewed. </s>
	  <s n="306"> The Panel ruled in favour of the applicants in all 14 cases, finding evidence of discrimination in 3 cases (table 13). </s>
	  <s n="307"> The Panel was clear and precise in describing these cases as “discrimination cases”. </s>
	  <s n="308"> In commenting on one case, the Panel stated that the applicants had been subject to “prejudicial treatment on the part of the Administration”, “unequal treatment”, “harassment” and “discrimination”. </s>
	  <s n="309"> In another case, in calling upon the Administration for remedy, the Panel requested that the Administration investigate and properly deal with the “very subtle form of discrimination”, which seemed to have prevailed in the applicant&apos;s department. </s>
	</p>
	<p n="128">
	  <s n="310"> Table 13 Selected sample of cases submitted to the United Nations Administrative Tribunal: determination of cases by the Panel on Discrimination and other Grievances, the Joint Appeals Board and the United Nations Administrative Tribunal </s>
	</p>
	<p n="129">
	  <s n="311"> The Panel found evidence of irregularities including non-compliance with rules, regulations and procedures in eleven cases. </s>
	  <s n="312"> The Panel recommended remedial action in all 14 cases considered. </s>
	  <s n="313"> However, in 12 out of 14 cases the recommendations were not accepted by management. </s>
	  <s n="314"> All 14 cases went on to the Joint Appeals Board. </s>
	</p>
	<p n="130">
	  <s n="315"> b. </s>
	  <s n="316"> Decisions of the Joint Appeals Board </s>
	</p>
	<p n="131">
	  <s n="317"> The Joint Appeals Board considered 16 of the sampled cases. </s>
	  <s n="318"> The Board ruled in favour of the applicants in eight cases, including one in which it found evidence of gender-based discrimination. </s>
	  <s n="319"> In commenting on the case in which it found evidence of discrimination, the Board stated, “… the denial of her right to be considered for promotion objectively and fairly … in accordance with established procedures without interference and prejudice, and with due account being taken of the special guidelines relating to the equal treatment of women, amounts to discrimination”. </s>
	  <s n="320"> This case had not been taken up by the Panel on Discrimination and other Grievances. </s>
	</p>
	<p n="132">
	  <s n="321"> The Joint Appeals Board found evidence of other irregularities that violated the rights of applicants in seven cases. </s>
	  <s n="322"> The Board commented on one such case that, “… the procedure employed by the Administration, which led to the decision against renewal, constituted unequal treatment, since it differed from the procedure used in other cases”, but declined to make a determination of prejudice. </s>
	  <s n="323"> The words “unequal treatment” would appear to constitute discrimination as defined by the various conventions cited in paragraph 7 above. </s>
	  <s n="324"> In this case, the Panel on Discrimination and other Grievances had considered the case with a finding of discrimination. </s>
	</p>
	<p n="133">
	  <s n="325"> c. Decisions of the United Nations Administrative Tribunal </s>
	</p>
	<p n="134">
	  <s n="326"> The United Nations Administrative Tribunal considered all 20 sampled cases. </s>
	  <s n="327"> It ruled in favour of applicants fully or partially in 17 cases. </s>
	  <s n="328"> However, it found, no evidence of discrimination in any of the cases, but violations of rules and regulations or procedures, and recommended compensation for the applicants in 14 cases, as table 13 indicates. </s>
	  <s n="329"> From the cases reviewed in the sample, it appears that applicants refer cases to the Tribunal even when their case has been given favourable consideration by the Panel or Joint Appeals Board. </s>
	  <s n="330"> Lack of resolution of complaints before appeals are sent to the Tribunal results in additional costs to the Organization that could be avoided by requiring informal recourse procedures before proceeding to formal recourse procedures. </s>
	</p>
	<p n="135">
	  <s n="331"> As demonstrated above, there is an absence of unanimity in the rulings of the Panel, the Joint Appeals Board and the United Nations Administrative Tribunal regarding the presence of discrimination in a given case. </s>
	  <s n="332"> In some cases, the word discrimination is not used but the descriptive analysis is very similar to the definition of discrimination as found in various international norms and conventions. </s>
	  <s n="333"> The development of criteria for supporting a finding of discrimination would provide a basis for consistency among the complaint mechanisms. </s>
	</p>
	<p n="136">
	  <s n="334"> Additional oversight work is being done on both the Board and the Tribunal that will provide some recommendations on how these processes can be improved and thereby give more value added to the Organization. </s>
	</p>
	<p n="137">
	  <s n="335"> Staff Council survey </s>
	</p>
	<p n="138">
	  <s n="336"> On 6 September 2001, Staff Committee Bulletin No. 1487 was issued in New York. </s>
	  <s n="337"> It contained a questionnaire on discrimination and offered staff the opportunity to describe experiences that they considered discriminatory. </s>
	  <s n="338"> The bulletin was reissued on 2 November 2001, to ensure that all staff had ample time to respond. </s>
	</p>
	<p n="139">
	  <s n="339"> The Office of Internal Oversight Services was given permission to review the responses while maintaining strict confidentiality of the respondents. </s>
	  <s n="340"> In the 80 responses pertaining to the United Nations Secretariat, the most predominant type of discrimination reported by staff was based on nationality (45). </s>
	  <s n="341"> Most respondents indicated that they had experienced more than one type of discrimination. </s>
	  <s n="342"> Grade or level was the basis in 30 instances, followed by gender (27), race (25), religion (12), sexual preference (9) and age (9). </s>
	</p>
	<p n="140">
	  <s n="343"> It was the view of many respondents that the mechanisms to deal with complaints of discrimination in the Organization were inadequate and lacked independence. </s>
	  <s n="344"> Several expressed feelings of futility and fear of reprisal and retaliation if they chose to use the complaint mechanisms. </s>
	</p>
	<p n="141">
	  <s n="345"> The Office of Internal Oversight Services took note of the many concrete and constructive suggestions for curtailing discrimination in the Organization, some of which are in line with the recommendations that will be made later in the present report. </s>
	</p>
	<p n="142">
	  <s n="346"> During the course of the inspection, several staff members brought forward to the Office of Internal Oversight Services cases that they believed were discriminatory in nature. </s>
	  <s n="347"> Although it was not within the scope of the inspection to address individual cases, each case was carefully reviewed to determine whether the circumstances described pointed to procedural problems related to a specific system or location. </s>
	  <s n="348"> These problems will be addressed by other upcoming oversight work as appropriate. </s>
	</p>
	<p n="143">
	  <s n="349"> The Office of Internal Oversight Services also noted that not all the cases described in the staff survey or brought independently to its attention pertained to discrimination in recruitment, placement and promotion. </s>
	  <s n="350"> Instances were described of day-to-day experiences in which individuals were the subject of derogatory statements, lack of respect or other behaviour by their peers or supervisors that they considered discriminatory in nature. </s>
	  <s n="351"> The Office of Human Resources Management includes training in diversity in its management and supervisory training courses, however, the Office of Internal Oversight Services believes that all staff would benefit from specific training in diversity early in their careers in the Organization. </s>
	</p>
	<p n="144">
	  <s n="352"> Comparison with other entities </s>
	</p>
	<p n="145">
	  <s n="353"> In order to learn about best practices and provide a basis for comparison with the complaint mechanisms of the United Nations, the Office of Internal Oversight Services researched the complaint processes of several Member States. </s>
	  <s n="354"> The information cited below provides examples that can be found in the public domain on the Internet. </s>
	</p>
	<p n="146">
	  <s n="355"> In South Africa, the Commission for Conciliation, Mediation and Arbitration is the main statutory dispute resolution body. </s>
	  <s n="356"> If a dispute remains unresolved after conciliation efforts, it can be referred by any of the parties to the Labour Court for adjudication. </s>
	  <s n="357"> The Labour Court considers disputes under the Labour Relations Act 1995, including unfair dismissal and the application or interpretation of collective agreements and, like the Commission, also deals with disputes concerning unfair discrimination under the Employment Equity Act 1998. </s>
	  <s n="358"> The Act has six significant provisions: unfair discrimination, affirmative action, employment equity plans, training, reporting by employers and income differentials. </s>
	  <s n="359"> It applies to all employers (public and private sectors) and uses gender-neutral language. </s>
	</p>
	<p n="147">
	  <s n="360"> In India, Boards of Conciliation may be established by the central or state Government and promote the settlement of a particular industrial dispute. </s>
	  <s n="361"> In any industrial establishment with 50 or more employees, a Grievance Settlement Authority must be provided for the settlement of industrial disputes with individual employees. </s>
	</p>
	<p n="148">
	  <s n="362"> In Indonesia, when a dispute concerning employment relations, terms of employment and/or work conditions arises, the trade union and employer must seek to resolve the dispute by negotiation. </s>
	  <s n="363"> If this fails, dispute settlement can be channelled through the Board of Arbitration or an Officer of the Minister of Labour. </s>
	  <s n="364"> Upon failure to reconcile the differences, the Officer must refer the case to the Regional Committee for a decision. </s>
	  <s n="365"> It is possible to appeal a decision to the Central Committee. </s>
	</p>
	<p n="149">
	  <s n="366"> In the United States of America, the mission of the Equal Employment Opportunity Commission is to promote equal opportunity in employment through administrative and judicial enforcement of five federal civil rights laws and through education and technical assistance. </s>
	  <s n="367"> In the equal employment opportunity complaint process, the first and most important step is the use of alternative dispute resolution or mediation, which is now mandatory before proceeding to the investigative processes. </s>
	  <s n="368"> The complaint process consists of three parts: (a) the informal process — counselling; (b) the formal process — a legal procedure; and (c) the appeal process. </s>
	  <s n="369"> The statutes enforced by the Commission make it illegal to discriminate against employees or applicants for employment on the basis of race, colour, religion, sex, national origin, disability or age. </s>
	  <s n="370"> Further, a person who files a complaint or participates in an investigation of an equal employment opportunity complaint, or who opposes an employment practice made illegal under any of the statutes enforced by the Commission, is protected from retaliation. </s>
	</p>
	<p n="150">
	  <s n="371"> Time limitations are in place for required action to expedite the complaint process. </s>
	  <s n="372"> Employees or applicants who believe that they have been discriminated against by a federal agency have the right to file a complaint with that agency. </s>
	  <s n="373"> The first step is to contact an equal employment opportunity counsellor, or request alternative dispute resolution, if offered, at the agency within 45 days of the alleged discriminatory action. </s>
	  <s n="374"> Usually, counselling must be completed within 30 days and alternative dispute resolution within 90 days. </s>
	  <s n="375"> At the end of counselling, or if alternative dispute resolution is unsuccessful, the individual may then file a complaint with the agency. </s>
	  <s n="376"> The agency must conduct an investigation, unless the complaint is dismissed, and when completed, the complainant may request a hearing before an Equal Employment Opportunity Commission administrative judge or an immediate final decision from the agency. </s>
	  <s n="377"> In cases where a hearing is requested, the administrative judge issues a decision within 180 days. </s>
	  <s n="378"> An appeal process for both complainant and agency is available. </s>
	</p>
	<p n="151">
	  <s n="379"> The Complaints Resolution Process in New Zealand is part of the Human Rights Commission. </s>
	  <s n="380"> It also has a conciliation stage that comes into play after a complaint has been filed and is the preferred first step for quick resolution. </s>
	  <s n="381"> If the complaint is within jurisdiction and is accepted, a complaints resolution officer contacts the parties involved. </s>
	  <s n="382"> The subsequent investigation provides a report to the Commission, who forms an opinion. </s>
	  <s n="383"> This will lead to settlement or referral to the Complaints Review Tribunal and legislative appeal bodies, as appropriate. </s>
	  <s n="384"> All information, including the areas considered unlawful discrimination and an undertaking of treatment, and the necessary complaint forms and guidelines for completion are available on the Internet. </s>
	  <s n="385"> In order to promote human rights, the Commission publishes case studies in its newsletter, using completed investigations of specific interest, concealing all identifying details. </s>
	</p>
	<p n="152">
	  <s n="386"> The Office of Internal Oversight Services also reviewed the conflict resolution systems in two other international organizations, the United Nations Development Programme (UNDP) and the World Bank. </s>
	  <s n="387"> In UNDP, in cases requiring redress against action taken by the supervisor or by the organization or in cases of interpersonal conflict, staff members may consult the Ombudsman Panel, usually within one month of the incident. </s>
	  <s n="388"> Staff members may also request an administrative review. </s>
	  <s n="389"> If the staff member remains dissatisfied, he or she may refer the case to the Joint Appeals Board. </s>
	  <s n="390"> The Ombudsman Panel is composed of two staff members working part time on a voluntary basis. </s>
	  <s n="391"> It provides impartial advice and guidance to staff and management on personnel policies and practices. </s>
	  <s n="392"> The Panel also offers mediation services when appropriate. </s>
	  <s n="393"> In August 2001, a review of the internal justice system recommended that the Ombudsman function be institutionalized and professionalized, with reporting done directly to the Administrator. </s>
	</p>
	<p n="153">
	  <s n="394"> The Conflict Resolution System in place at the World Bank reflects the recognition by that organization of the reality and importance of managing conflict and that it is a shared responsibility of staff and managers alike. </s>
	  <s n="395"> The System is comprised of five neutral and independent offices that provide staff support with specialized services ranging from informal counselling to formal review of concerns. </s>
	  <s n="396"> The offices are the Office of the Ombudsman, the Mediation Office, the Business Ethics and Integrity Office, the Appeals Committee Office and the Office of the Administrative Tribunal. </s>
	  <s n="397"> All information on the complaints process at the World Bank is available to staff on the World Bank Intranet. </s>
	  <s n="398"> The Bank has worked comprehensively on diversity and on issues related to working with respect. </s>
	  <s n="399"> A network of anti-harassment advisers has been set up at World Bank headquarters and in country offices and training and information materials have been developed. </s>
	</p>
	<p n="154">
	  <s n="400"> The World Bank has been tackling the issue of discrimination since the 1970s. </s>
	  <s n="401"> In 1991, it organized a task force to study barriers to the advancement of women, which led to the creation of the position of Senior Adviser on Gender Equality and a comprehensive action plan. </s>
	  <s n="402"> The Bank also commissioned a further study on this issue in 1998, using external consultants to help ensure independence and expertise in workplace equality issues. </s>
	  <s n="403"> The study emphasized the importance of institutional goals, action plans and accountability of managers, regular reviews, showcasing successes and recording best practices. </s>
	</p>
	<p n="155">
	  <s n="404"> As part of its continuing effort to address concerns of racial discrimination, the President of the World Bank commissioned a study in 1997 to assess the situation and prepare recommendations. </s>
	  <s n="405"> As a result, in a public announcement in April 1998, the President stated that the Bank&apos;s policy would be one of “zero tolerance” and established the position of Senior Adviser for Racial Equality. </s>
	  <s n="406"> The Bank addressed issues such as accurate data, positive and negative incentives, regional constraints, gender, possible retaliation and reluctance to file grievances. </s>
	</p>
	<p n="156">
	  <s n="407"> The United Nations Secretariat has moved along similar lines in the past six years, as it has appointed a Special Adviser on Gender Issues, who reports directly to the Secretary-General, developed human resources action plans that include gender and geographic targets for each department and reviews and reports regularly on the status of gender equality and geographic distribution in the Secretariat. </s>
	  <s n="408"> Under-Secretaries-General have also been tasked with developing compacts that hold them accountable for achieving human resources targets. </s>
	  <s n="409"> A post at the level of Assistant Secretary-General level for an Ombudsman and one for a legal officer at the P-4 level were established by the General Assembly in its resolution 56/253. </s>
	  <s n="410"> However, additional steps need to be taken to ensure an organizational culture free from discrimination that respects the rights of all staff as outlined in the recommendations in this report. </s>
	</p>
	<p n="157">
	  <s n="411"> Conclusions </s>
	</p>
	<p n="158">
	  <s n="412"> Based on the variety of analyses performed during the inspection on data compiled from various systems and records, there does not appear to have been systematic and consistent preference or exclusion that impaired equal opportunity for any given region in initial appointments, promotions and reappointments over the past six years. </s>
	  <s n="413"> However, there are instances where regional differences do exist. </s>
	  <s n="414"> For certain grades, in particular locations, appointment, promotion and reappointment rates do vary among regions. </s>
	</p>
	<p n="159">
	  <s n="415"> While some strides have been made towards achieving gender parity, the process has been very slow, particularly at the higher grades. </s>
	  <s n="416"> Men are more likely than women to be hired, promoted and reappointed at the P-4 to D-2 levels. </s>
	  <s n="417"> More attention needs to be given to recruiting and promoting women at the higher levels and to counteract the rising separation rate of women from the Organization. </s>
	</p>
	<p n="160">
	  <s n="418"> The data that is kept by the Organization on individual staff members and the recruitment, placement and promotion process does not facilitate analytical work. </s>
	  <s n="419"> While the majority of departments and offices were very cooperative, there was difficulty in obtaining complete and consistent information on staff members in electronic form. </s>
	  <s n="420"> There were many instances when gaps in the required information needed to be bridged by cleansing data, creating databases, inserting information and manually looking up missing data. </s>
	  <s n="421"> The Office of Internal Oversight Services was not able to come to any conclusions on discrimination based on language because of the lack of data referred to above. </s>
	</p>
	<p n="161">
	  <s n="422"> The current control environment is perceived by some staff and managers as leaving room for discrimination at several points in the recruitment, placement and promotion process, especially the preparation of job descriptions and vacancy announcements. </s>
	  <s n="423"> In addition, the selection criteria used to identify short-listed candidates and final selections appeared to lack transparency. </s>
	  <s n="424"> The highest level of confidence was expressed for the work of the appointment and promotion bodies. </s>
	  <s n="425"> The new staff selection system to be implemented in mid-2002 addresses many of the problems identified in the current system that point to a less than fair and transparent process. </s>
	  <s n="426"> However, the success of the new system depends heavily on the accountability of managers supported by an automated tool that facilitates, but does not replace, the decision-making process. </s>
	</p>
	<p n="162">
	  <s n="427"> The complaint mechanisms for dealing with problems of discrimination in the Organization need to be strengthened. </s>
	  <s n="428"> The one mechanism specifically tasked with handling problems of this nature, the Panel on Discrimination and other Grievances, demonstrated a lack of effectiveness and was dormant for several periods, the most recent, for over two years. </s>
	  <s n="429"> While it has also been suggested that the Panel be replaced by the newly created Ombudsman function, the Office of Internal Oversight Services is of the opinion that there is room for the two mechanisms to operate within the Organization in a complementary manner. </s>
	  <s n="430"> From the sample of cases submitted to the United Nations Administrative Tribunal that the Office of Internal Oversight Services reviewed, there seemed to be no common ground on findings of discrimination among the complaint mechanisms. </s>
	  <s n="431"> The perception of ineffectiveness of the complaint mechanisms results in most cases being appealed to the Tribunal. </s>
	  <s n="432"> Based on the review of complaint mechanisms in selected national Governments and other international organizations, it would appear that the Organization would benefit from a comprehensive review of the purpose and structure of the complaint mechanisms, both in terms of staff perception and the cost of administering such mechanisms. </s>
	</p>
	<p n="163">
	  <s n="433"> Lessons learned from other international organizations indicate that facing the issue of discrimination, even if it is only one of perception, in an open manner, goes a long way towards making the staff feel confident that their problems are being taken seriously by the Administration. </s>
	  <s n="434"> A step in this direction would be the articulation of a policy on discrimination promulgated by the Secretary-General in a Secretary-General&apos;s bulletin. </s>
	  <s n="435"> Specific recommendations for addressing these issues are found in the section VII below. </s>
	</p>
	<p n="164">
	  <s n="436"> Recommendations </s>
	</p>
	<p n="165">
	  <s n="437"> On the basis of the findings and conclusions of this inspection, the Office of Internal Oversight Services makes the following recommendations: </s>
	</p>
	<p n="166">
	  <s n="438"> * The symbols in parentheses in the present section refer to an internal code used by the Office of Internal Oversight Services for recording recommendations. </s>
	</p>
	<p n="167">
	  <s n="439"> The Secretary-General should articulate a policy on discrimination for the Organization in a Secretary-General&apos;s Bulletin (SP-01-005-001). </s>
	</p>
	<p n="168">
	  <s n="440"> The Office of Human Resources Management should include information on staff in the International Tribunals in the report of the Secretary-General on the composition of the Secretariat (SP-01-005-002). </s>
	</p>
	<p n="169">
	  <s n="441"> In the light of the trends identified in the reports of the Secretary-General on the composition of the Secretariat and the improvement in the status of women, further concentrated efforts should be made to achieve gender parity, especially at the higher levels and to determine the cause(s) for the increasing trend of separation of female staff from the Organization. </s>
	  <s n="442"> Managers should be held accountable for meeting the gender targets set in their human resources action plans with assistance provided by the Office of Human Resources Management, the Special Adviser on Gender Issues and Advancement of Women and the Gender Focal Point in identifying female candidates (SP-01-005-003). </s>
	</p>
	<p n="170">
	  <s n="443"> The Office of Human Resources Management should ensure that the Galaxy system being developed to replace the current application database (TREX) and to support the new staffing system captures and maintains all data related to the recruitment, placement and promotion process, including: </s>
	</p>
	<p n="171">
	  <s n="444"> (a) The nationality and region of all applicants, both internal and external; </s>
	</p>
	<p n="172">
	  <s n="445"> (b) The subset of all applicants who are found to meet the requirements of the post and thus subject to consideration by the programme manager; </s>
	</p>
	<p n="173">
	  <s n="446"> (c) The final selected candidate for the post (SP-01-005-004). </s>
	</p>
	<p n="174">
	  <s n="447"> Executive offices should undertake a project to verify and input to IMIS data on the mother tongue of their staff (SP-01-005-005). </s>
	</p>
	<p n="175">
	  <s n="448"> The Office of Human Resources Management should ensure that the central review bodies that will replace appointment and promotion bodies, both at Headquarters and at offices away from Headquarters, maintain consistent records of their work, including the data elements and format used (SP-01-005-006). </s>
	</p>
	<p n="176">
	  <s n="449"> The Office of Human Resources Management should ensure that performance appraisal data for each staff member is available in the IMIS system by: (a) requesting an enhancement to the IMIS system to handle properly the performance appraisal data of the PAS system; and (b) reminding programme managers of their responsibility to input performance appraisal information for their staff and keep it current. </s>
	  <s n="450"> The Office of Human Resources Management should use this data for reporting purposes and eliminate the need for executive offices to collect manually produced summary data that may not be accurate or consistent (SP-01-005-007). </s>
	</p>
	<p n="177">
	  <s n="451"> The Office of Human Resources Management should ensure that adequate controls are built into the Galaxy system, including but not limited to: (a) audit trails; (b) security; (c) maintenance of the job descriptions that form the core of the system; and (d) maintenance of the application itself (SP-01-005-008). </s>
	</p>
	<p n="178">
	  <s n="452"> Heads of departments and offices and programme managers should be held strictly accountable for complying with the rules and procedures of the new staffing system. </s>
	  <s n="453"> The Office of Human Resources Management should be responsible for monitoring and reporting on the performance of programme managers in this regard (SP-01-005-009). </s>
	</p>
	<p n="179">
	  <s n="454"> Departmental human resources action plans should be strengthened to assist the Office of Human Resources Management in monitoring accountability of programme managers by: (a) tailoring the plan to the specific situation in the department or office; (b) setting aggressive and measurable targets; (c) using a format that facilitates comparison of actual results to the plan; and (d) ensuring that all organizational entities prepare human resources action plans (SP-01-005-010). </s>
	</p>
	<p n="180">
	  <s n="455"> An evaluation of the complaint mechanisms for addressing cases of alleged discrimination should be undertaken with a view to strengthening them by: </s>
	</p>
	<p n="181">
	  <s n="456"> (a) Providing an adequate support system to ensure that informal recourse procedures and access to the Ombudsman are available to staff at all duty stations; </s>
	</p>
	<p n="182">
	  <s n="457"> (b) Revising the proposed terms of reference of the Ombudsman to require all cases of alleged discrimination be subject to informal recourse procedures through the Ombudsman before they can proceed to the Joint Appeals Board; </s>
	</p>
	<p n="183">
	  <s n="458"> (c) Developing criteria for supporting a finding of discrimination by the various complaint mechanisms; </s>
	</p>
	<p n="184">
	  <s n="459"> (d) Ensuring the independence of the complaint mechanisms within the reporting structure of the Organization (SP-01-005-011). </s>
	</p>
	<p n="185">
	  <s n="460"> Specific diversity training courses should be included by the Office of Human Resources Management in its training programme and be required for all staff members when they enter the Organization (SP-01-005-012). </s>
	</p>
	<p n="186">
	  <s n="461"> Management has responded that this is a worthy recommendation but that it is not possible without additional resources. </s>
	</p>
	<p n="187">
	  <s n="462"> (Signed) Dileep Nair </s>
	</p>
	<p n="188">
	  <s n="463"> Under-Secretary-General for Internal Oversight Services </s>
	</p>
	<p n="189">
	  <s n="464"> Notes </s>
	</p>
	<p n="190">
	  <s n="465"> 1 Documents A/52/580, A/53/375, A/54/279 and Corr.1, A/55/427, A/56/512 and Corr.1. </s>
	</p>
	<p n="191">
	  <s n="466"> 2 Documents A/52/408, A/53/376, A/54/405, A/55/399 and Corr.1, A/56/472. </s>
	</p>
	<p n="192">
	  <s n="467"> 3 Staff of the International Criminal Tribunals are not included in the report of the Secretary-General on the composition of the Secretariat. </s>
	</p>
	<p n="193">
	  <s n="468"> 4 The data in IMIS was presumed to be accurate and complete for the purpose of analysis. </s>
	</p>
	<p n="194">
	  <s n="469"> 5 Reappointment is when a staff member who has formally separated from the Organization is brought back into it; it does not include regular extension of appointment. </s>
	</p>
	<p n="195">
	  <s n="470"> Annex I </s>
	</p>
	<p n="196">
	  <s n="471"> Countries within regions </s>
	</p>
	<p n="197">
	  <s n="472"> Africa </s>
	</p>
	<p n="198">
	  <s n="473"> Asia and the Pacific </s>
	</p>
	<p n="199">
	  <s n="474"> Europe (Eastern) </s>
	</p>
	<p n="200">
	  <s n="475"> Europe (Western) </s>
	</p>
	<p n="201">
	  <s n="476"> Latin America </s>
	</p>
	<p n="202">
	  <s n="477"> Middle East </s>
	</p>
	<p n="203">
	  <s n="478"> North America and the Caribbean </s>
	</p>
	<p n="204">
	  <s n="479"> Others </s>
	</p>
	<p n="205">
	  <s n="480"> Annex II </s>
	</p>
	<p n="206">
	  <s n="481"> Initial appointments by grade and region, 1996-2001 (in percentages) </s>
	</p>
	<p n="207">
	  <s n="482"> Source: Six-year database from the Office of Human Resources Management (all actions United Nations-wide). </s>
	</p>
	<p n="208">
	  <s n="483"> Annex III </s>
	</p>
	<p n="209">
	  <s n="484"> Initial appointments at different steps by region, 1996-2001 (in percentages) </s>
	</p>
	<p n="210">
	  <s n="485"> Source: Six-year database from the Office of Human Resources Management (all actions United Nations-wide). </s>
	</p>
	<p n="211">
	  <s n="486"> Annex IV </s>
	</p>
	<p n="212">
	  <s n="487"> Promotions by grade and regions, 1996-2001 (in percentages) </s>
	</p>
	<p n="213">
	  <s n="488"> Source: Six-year database from the Office of Human Resources Management (all actions United Nations-wide). </s>
	</p>
	<p n="214">
	  <s n="489"> * Raw number. </s>
	</p>
	<p n="215">
	  <s n="490"> Annex V </s>
	</p>
	<p n="216">
	  <s n="491"> Promotions at different steps by region, 1996-2001 (in percentages) </s>
	</p>
	<p n="217">
	  <s n="492"> Source: Six-year database from the Office of Human Resources Management (all actions United Nations-wide). </s>
	</p>
	<p n="218">
	  <s n="493"> Annex VI </s>
	</p>
	<p n="219">
	  <s n="494"> Reappointment by grade and region, 1996-2001 (in percentages) </s>
	</p>
	<p n="220">
	  <s n="495"> Source: Six-year database from the Office of Human Resources Management (all actions United Nations-wide). </s>
	</p>
	<p n="221">
	  <s n="496"> Note: FS-7, FS-6 and FS-1 reappointments were too few for analysis. </s>
	</p>
	<p n="222">
	  <s n="497"> * Raw number. </s>
	</p>
	<p n="223">
	  <s n="498"> Annex VII </s>
	</p>
	<p n="224">
	  <s n="499"> Initial appointments at locations buy region, 1996-2001 (in percentages) </s>
	</p>
	<p n="225">
	  <s n="500"> Promotions at locations by region, 1996-2001 (in percentages) </s>
	</p>
	<p n="226">
	  <s n="501"> C. Reappointments at locations by region, 1996-2001 (in percentages) </s>
	</p>
	<p n="227">
	  <s n="502"> a Percentages by location may not add up to 100 per cent, owing to discrepancies in the database for location. </s>
	</p>
	<p n="228">
	  <s n="503"> b United Nations Office at Vienna, Office for Drug Control and Crime Prevention. </s>
	</p>
	<p n="229">
	  <s n="504"> c United Nations Office at Geneva, Office of the United Nations High Commissioner for Human Rights, United Nations Conference on Trade and Development, United Nations Compensation Commission. </s>
	</p>
	<p n="230">
	  <s n="505"> d United Nations Office at Nairobi, United Nations Development Programme, UN-Habitat. </s>
	</p>
	</body>
</text>
</DOC>