<?xml version="1.0" encoding="UTF-8"?>
<DOC lang="English" n="N0324736" id="A/57/732" date="2003/02/13">
<text>
	<body>
	<p n="1">
	  <s n="1"> Fifty-seventh session </s>
	</p>
	<p n="2">
	  <s n="2"> Agenda item 126 </s>
	</p>
	<p n="3">
	  <s n="3"> Administrative and budgetary aspects of the financing of the United Nations peacekeeping operations </s>
	</p>
	<p n="4">
	  <s n="4"> Budget for the support account for peacekeeping operations for the period from 1 July 2003 to 30 June 2004 </s>
	</p>
	<p n="5">
	  <s n="5"> Report of the Secretary-General </s>
	</p>
	<p n="6">
	  <s n="6"> Contents </s>
	</p>
	<p n="7">
	  <s n="7"> Overview </s>
	</p>
	<p n="8">
	  <s n="8"> Background </s>
	</p>
	<p n="9">
	  <s n="9"> The measures taken by the Secretary-General since January 2001 to enhance the ability of the Organization to meet the challenges of its peacekeeping operations will achieve their full impact in the financial period 2003/04.1 </s>
	</p>
	<p n="10">
	  <s n="10"> Achievements anticipated in 2003/04 include accelerated processing and certification of claims from troop-contributing countries, proven capacity for rapid deployment, improved mission information technology, improved mission support processes and standardized procedures and changes to enhance effectiveness and efficiency. </s>
	  <s n="11"> These achievements are specified and attributed to the organizational units that form the support account structure at United Nations Headquarters in a series of “results-based frameworks” contained in section II. </s>
	</p>
	<p n="11">
	  <s n="12"> The anticipated achievements build on progress already made since January 2001 towards the overall conduct and management of peacekeeping operations. </s>
	  <s n="13"> The progress includes an intensified level of dialogue with Member States that has led to the establishment of on-call lists for military and police personnel, the development of standardized generic training modules for pre-deployment training of military personnel and enhanced rapid-deployment capability through the approval of the strategic deployment stocks. </s>
	  <s n="14"> Other initiatives that will ultimately improve management efficiency are increased budget management autonomy for peacekeeping missions, investment in information systems such as an Internet-based roster for the recruitment of staff, a supply chain management system for inventory and a tool for budget monitoring and fund management. </s>
	  <s n="15"> Mission subsistence allowance rates are now reviewed more systematically, and security training has been undertaken for all missions. </s>
	</p>
	<p n="12">
	  <s n="16"> The 2003/04 budget for the support account for peacekeeping operations largely maintains the 2002/03 resource level (see General Assembly resolution 56/293 of 27 June 2002), given that the 14.8 per cent increase ($14,966,900) is due mainly to changes in standard salary costs ($4.5 million) and the inclusion under the support account of posts for resident auditors that had previously been funded under the budgets of individual peacekeeping missions ($3.8 million). </s>
	</p>
	<p n="13">
	  <s n="17"> Other factors contributing to the increase in the proposed level of resources for the support account for 2003/04 include proposals for the establishment of a regional investigator capacity in Nairobi and Vienna ($1.9 million), a resident auditor office in Kuwait City (0.5 million), additional posts at Headquarters to augment the guidance and support provided to peacekeeping missions ($2.3 million), the upgrading of information and communication technology support ($1.6 million) and investment in managerial, technical and substantive skills training for staff at Headquarters to strengthen the support provided to peacekeeping missions ($0.4 million). </s>
	</p>
	<p n="14">
	  <s n="18"> B. Results-based budgeting: improvements </s>
	</p>
	<p n="15">
	  <s n="19"> The budget includes improvements in results-based budgeting, as requested by the General Assembly in its resolution 56/293, taking into account recommendations made by the Advisory Committee on Administrative and Budgetary Questions (A/56/941, paras. </s>
	  <s n="20"> 9 and 11). </s>
	  <s n="21"> In its report, the Advisory Committee requested that further progress be made in defining more clearly objectives and expected results, and that indicators be relevant and be able to be used as elements to measure the achievement of the expected results. </s>
	  <s n="22"> The Committee further requested that a distinction be made between what can be accomplished within the budget period and what are long-term expectations. </s>
	</p>
	<p n="16">
	  <s n="23"> In this connection, and given the common nature of backstopping support provided by Headquarters to peacekeeping operations, 1 overall objective is proposed for the support account for 2003/04, compared with 18 objectives in 2002/03. </s>
	  <s n="24"> Many of the indicators of achievement have been redefined to make them more relevant and measurable as clear benchmarks of what can be accomplished in the budget period. </s>
	  <s n="25"> Where possible, indicator baselines and targets show the time frame for the delivery of accomplishments. </s>
	  <s n="26"> To clearly demonstrate what contributions the organizational units will make to the expected accomplishments during the budget period, their outputs have been specified and quantified wherever possible. </s>
	</p>
	<p n="17">
	  <s n="27"> C. Results-based budgeting logical framework for peacekeeping operations </s>
	</p>
	<p n="18">
	  <s n="28"> Results-based budgeting in the United Nations uses a logical framework that defines and links inputs, outputs, accomplishments and objectives. </s>
	  <s n="29"> The chart below summarizes and links the results-based budgeting frameworks for the support account and peacekeeping missions. </s>
	</p>
	<p n="19">
	  <s n="30"> Abbreviations: DDR, disarmament, demobilization and reintegration; DPKO, Department of Peacekeeping Operations; DM, Department of Management. </s>
	</p>
	<p n="20">
	  <s n="31"> a Millions of US dollars. </s>
	</p>
	<p n="21">
	  <s n="32"> Objective </s>
	</p>
	<p n="22">
	  <s n="33"> The objective of the support account is to ensure efficient and effective peacekeeping. </s>
	</p>
	<p n="23">
	  <s n="34"> This objective, aligned with the objectives of the peacekeeping missions as derived from the relevant Security Council resolutions, is linked to the related purpose of the United Nations of maintaining international peace and security (see Charter of the United Nations, Chap. </s>
	  <s n="35"> I, Art. </s>
	</p>
	<p n="24">
	  <s n="36"> Expected accomplishments </s>
	</p>
	<p n="25">
	  <s n="37"> Within this objective, the offices concerned work towards the following four expected accomplishments: </s>
	</p>
	<p n="26">
	  <s n="38"> (a) Improved ability of the Secretary-General, the Security Council, the General Assembly, other intergovernmental bodies and troop- and police-contributing countries to make fully informed decisions on issues relating to peacekeeping; </s>
	</p>
	<p n="27">
	  <s n="39"> (b) Reduction of the time required to plan, rapidly deploy and establish peacekeeping operations in response to Security Council mandates; </s>
	</p>
	<p n="28">
	  <s n="40"> (c) Increased efficiency and effectiveness in conducting, managing, directing and supporting peacekeeping operations; </s>
	</p>
	<p n="29">
	  <s n="41"> (d) Reorientation of the management culture to enhance the ability to carry out core functions as mandated by intergovernmental bodies. </s>
	</p>
	<p n="30">
	  <s n="42"> Indicators of achievement </s>
	</p>
	<p n="31">
	  <s n="43"> Indicators of achievement demonstrate what progress is to be made against each of the expected accomplishments in the financial period from 1 July 2003 to 30 June 2004, as detailed in the results-based budgeting frameworks for the individual offices (see sect. </s>
	  <s n="44"> II below). </s>
	</p>
	<p n="32">
	  <s n="45"> Outputs </s>
	</p>
	<p n="33">
	  <s n="46"> Outputs represent the contributions of organizational units to the accomplishments expected in the financial period 2003/04. </s>
	  <s n="47"> To the extent possible, outputs have been defined as a service or product provided to an end-user outside the support account structure, rather than as a service or product delivered between organizational units of the support account. </s>
	  <s n="48"> End-users of the support account are mainly the General Assembly, the Security Council, Member States and troop-contributing countries, other intergovernmental bodies and the peacekeeping missions in the field. </s>
	  <s n="49"> The preceding chart lists the overall types of outputs that are produced by the peacekeeping missions and the support account. </s>
	</p>
	<p n="34">
	  <s n="50"> Inputs </s>
	</p>
	<p n="35">
	  <s n="51"> Inputs represent the resource requirements that enable the organizational units to carry out activities that produce the planned outputs. </s>
	  <s n="52"> The preceding chart illustrates the financial resource requirements by department in the financial period 2003/04. </s>
	</p>
	<p n="36">
	  <s n="53"> Presentation of resources and overall budget parameters </s>
	</p>
	<p n="37">
	  <s n="54"> General </s>
	</p>
	<p n="38">
	  <s n="55"> The Advisory Committee on Administrative and Budgetary Questions requested that information on resources approved and spent for the past two financial periods be included in the non-post resource tables to allow for better analysis of the resources proposed (A/56/941, para. </s>
	  <s n="56"> In response to the Committee&apos;s request, expenditures for 2001/02 and the apportionment for 2002/03 are shown in the respective budget proposals in the tables entitled “Financial resource requirements”. </s>
	  <s n="57"> Moreover, an indication of the proposed increase or decrease in financial resources, both in absolute and percentage terms, compared to amounts approved in the 2002/03 budget period is included under the respective budget proposals in the sections entitled “Analysis of resource requirements”. </s>
	</p>
	<p n="39">
	  <s n="58"> Posts </s>
	</p>
	<p n="40">
	  <s n="59"> In response to a request from the Advisory Committee (ibid., para. </s>
	  <s n="60"> 12), information is provided, where new posts are proposed, on what additional services or improvements in the delivery of existing services would result from the approval of new posts. </s>
	</p>
	<p n="41">
	  <s n="61"> Delayed recruitment and staff turnover factors of 6.5 per cent and 3.1 per cent have been applied to all continuing posts in the Professional and General Service staff categories respectively, and factors of 50 per cent and 35 per cent have been applied to all new posts in the Professional and General Service categories respectively. </s>
	</p>
	<p n="42">
	  <s n="62"> Provisions for post requirements for the Department of Peacekeeping Operations and the Department of Management are shown under the relevant offices and departments to facilitate the linkage of direct inputs to the respective results-based budget framework. </s>
	</p>
	<p n="43">
	  <s n="63"> Non-post </s>
	</p>
	<p n="44">
	  <s n="64"> Provisions for the maintenance of information technology equipment is based on the Information Technology Services Division&apos;s standard service-level agreements, which vary from level A (unit cost $1,200) to level C (unit cost $550). </s>
	  <s n="65"> A standard desktop computer and printer are provided for all new posts. </s>
	</p>
	<p n="45">
	  <s n="66"> Requirements for office supplies; rental of office equipment; furniture; communication services, supplies and equipment; and information technology services, supplies and equipment for the Department of Peacekeeping Operations and the Department of Management are shown at the overall departmental level. </s>
	</p>
	<p n="46">
	  <s n="67"> Results-based frameworks and analysis of resource requirements2 </s>
	</p>
	<p n="47">
	  <s n="68"> Department of Peacekeeping Operations </s>
	</p>
	<p n="48">
	  <s n="69"> Office of the Under-Secretary-General3 </s>
	</p>
	<p n="49">
	  <s n="70"> (a) Results-based framework </s>
	</p>
	<p n="50">
	  <s n="71"> (b) Human resource requirements </s>
	</p>
	<p n="51">
	  <s n="72"> (c) Financial resource requirements (Thousands of United States dollars) </s>
	</p>
	<p n="52">
	  <s n="73"> a Information on expenditures for 2001/02 is presented in sect. </s>
	  <s n="74"> 7 (b) at the overall Department of Peacekeeping Operations level. </s>
	</p>
	<p n="53">
	  <s n="75"> (d) Analysis of resource requirements4 </s>
	</p>
	<p n="54">
	  <s n="76"> The amount of $4,601,800 provides for salaries, common staff costs and staff assessment for 38 continuing and 2 new posts. </s>
	  <s n="77"> The increase of $24,500 over amounts approved for the 2002/03 financial period is due to a change in standard salary costs and the addition of two posts. </s>
	</p>
	<p n="55">
	  <s n="78"> Peacekeeping Best Practices Unit </s>
	</p>
	<p n="56">
	  <s n="79"> In his report on gender mainstreaming in peacekeeping activities (A/57/731), the Secretary-General indicated that the effectiveness of gender mainstreaming in such activities required a dedicated central capacity at Headquarters in the Department of Peacekeeping Operations. </s>
	  <s n="80"> The Secretary-General further indicated that two additional posts (1 P-5 and 1 General Service (Other level)) would therefore be sought for the Peacekeeping Best Practices Unit in the context of the budget for the support account for peacekeeping operations for the period from 1 July 2003 to 30 June 2004. </s>
	</p>
	<p n="57">
	  <s n="81"> A senior gender adviser (P-5) is required to provide a strategic vision for gender mainstreaming in the negotiation stages of peace agreements; the establishment of peacekeeping mandates; the formulation of mission plans, concepts of operation and budgets; the implementation of mission mandates, including backstopping, guidance and provision of support to field missions on the development and implementation of gender policies and programmes; and the closure of missions. </s>
	  <s n="82"> The establishment of this position in the Department of Peacekeeping Operations will ensure that best practices and lessons learned developed in one mission are captured and disseminated to others and are subsequently reflected in the policy and planning process. </s>
	</p>
	<p n="58">
	  <s n="83"> The General Service (Other level) post is required to collect and maintain relevant research materials, publications, articles and other data on peacekeeping and gender issues and to develop and maintain a database of gender-related statistics for field operations. </s>
	  <s n="84"> Furthermore, the post is required to set up and maintain a database of expertise (including staff resources, external consultants and institutional capacity) available on gender, peace and security issues and to assist with daily backstopping functions for gender units and focal points in the field. </s>
	</p>
	<p n="59">
	  <s n="85"> A provision of $146,400 is made for maternity and extended sick leave. </s>
	  <s n="86"> The reduction of $33,600 is based on past performance. </s>
	</p>
	<p n="60">
	  <s n="87"> The reduction of $370,000 from the amount approved for 2002/03 is due mainly to the planned completion of the manual on multidimensional peacekeeping operations and the establishment of an overall framework for the ongoing production and updating of technical manuals during 2002/03. </s>
	</p>
	<p n="61">
	  <s n="88"> The requirements for consultants are as follows: </s>
	</p>
	<p n="62">
	  <s n="89"> The requirements for official travel are as follows: </s>
	</p>
	<p n="63">
	  <s n="90"> The increase of $100,000 over the amount approved for the 2002/03 financial period is due mainly to training-related travel resulting from the focus on and investment in managerial, technical and substantive skills training for staff at Headquarters aimed at strengthening support of missions ($80,000) and travel for consultation and coordination with external parties to fully operationalize the Peacekeeping Best Practices Unit ($20,000). </s>
	</p>
	<p n="64">
	  <s n="91"> The amount of $155,000 provides for subscriptions ($75,000) and training materials and course fees ($80,000). </s>
	  <s n="92"> The increase of $105,000 over the amount approved for the 2002/03 financial period is due mainly to training-related requirements for staff at Headquarters to strengthen support of missions. </s>
	</p>
	<p n="65">
	  <s n="93"> Office of Operations5 </s>
	</p>
	<p n="66">
	  <s n="94"> (a) Results-based framework </s>
	</p>
	<p n="67">
	  <s n="95"> (b) Human resource requirements </s>
	</p>
	<p n="68">
	  <s n="96"> (c) Financial resource requirements (Thousands of United States dollars) </s>
	</p>
	<p n="69">
	  <s n="97"> a Information on expenditures for 2001/02 is presented in sect. </s>
	  <s n="98"> 7 (b) at the overall Department of Peacekeeping Operations level. </s>
	</p>
	<p n="70">
	  <s n="99"> (d) Analysis of resource requirements4 </s>
	</p>
	<p n="71">
	  <s n="100"> The amount of $7,953,400 provides for salaries, common staff costs and staff assessment for a total of 60 continuing posts. </s>
	  <s n="101"> The increase over the amount approved for the 2002/03 financial year is due to a change in standard salary costs. </s>
	</p>
	<p n="72">
	  <s n="102"> A provision in the amount of $50,000, at the maintenance level, is made for the following: </s>
	</p>
	<p n="73">
	  <s n="103"> Office of Mission Support6 </s>
	</p>
	<p n="74">
	  <s n="104"> (a) Results-based framework </s>
	</p>
	<p n="75">
	  <s n="105"> (b) Human resource requirements </s>
	</p>
	<p n="76">
	  <s n="106"> (c) Financial resource requirements (Thousands of United States dollars) </s>
	</p>
	<p n="77">
	  <s n="107"> a Information on expenditures for 2001/02 is presented in sect. </s>
	  <s n="108"> 7 (b) at the overall Department of Peacekeeping Operations level. </s>
	</p>
	<p n="78">
	  <s n="109"> (d) Analysis of resource requirements4 </s>
	</p>
	<p n="79">
	  <s n="110"> The amount of $38,462,800 provides for salaries, common staff costs and staff assessment for 331 continuing posts and 1 new post. </s>
	  <s n="111"> The increase over the amount approved for the 2002/03 financial period is due mainly to a change in standard salary costs. </s>
	</p>
	<p n="80">
	  <s n="112"> Communications and Information Technology Service </s>
	</p>
	<p n="81">
	  <s n="113"> A new D-1 post for the Chief, Communications and Information Technology Service, is required to provide direction and ensure coherence between the ongoing activities of the Logistics Support Division and the various elements of its new initiatives so as to effectively support communications and information technology services in field missions and at Headquarters, given the increasing demands and complexity of communications and information technology requirements. </s>
	</p>
	<p n="82">
	  <s n="114"> The Service provides communication services to more than 30,000 personnel involved in peacekeeping operations, secure infrastructure services, including over 20,000 servers and desktops, and secure operational maintenance for all databases, including e-mail. </s>
	  <s n="115"> The Service will implement new information technology projects during the budget period, such as Galaxy (the human resources recruitment system), Galileo (the supply chain management system), which will be used for managing the strategic deployment stocks at the United Nations Logistics Base at Brindisi and enhancements to the funds monitoring tool (budget management application). </s>
	  <s n="116"> It will also conduct a pilot implementation of the Integrated Management Information System in field missions and widely implement collaborative applications such as the electronic storage, tracking, archival and retrieval system (E-STARS), which includes the Department&apos;s planner, team agenda, situation report and mail action records system (MARS) database. </s>
	  <s n="117"> The new projects will be achieved by leveraging prior investment in IMIS, the Sun financial system and the Mercury procurement system and the continued development of applications based on updated technologies to support knowledge-sharing and managerial decision-making. </s>
	  <s n="118"> These information technology projects are reflected in the results-based budget framework. </s>
	</p>
	<p n="83">
	  <s n="119"> The requirements of $598,000 for consultants are set out in detail below. </s>
	  <s n="120"> The decrease of $247,500 from resources approved for the 2002/03 financial period is due mainly to the planned completion of the outputs from the work programme for 2002/03, primarily in the Personnel Management and Support Service. </s>
	</p>
	<p n="84">
	  <s n="121"> A provision in the amount of $750,500, at the maintenance level, is made as follows: </s>
	</p>
	<p n="85">
	  <s n="122"> A provision is made for travel of the Assistant Secretary-General and staff of the Office of Mission Support to attend seminars and conferences in all functional areas within the Office&apos;s area of responsibility. </s>
	  <s n="123"> This is required to ensure that the staff continue to develop best practices in the various technical areas. </s>
	  <s n="124"> It is also required to develop and strengthen partnerships with Member States, professional bodies, other United Nations agencies in such areas as the overall global staffing strategy and in respect of logistical requirements for rapid deployment. </s>
	  <s n="125"> Furthermore, for large procurement exercises, for example with regard to the vehicle fleet, it is planned that visits will be made to prospective vendors to determine the suitability of the product offered. </s>
	  <s n="126"> In the area of aviation safety, there is a need for continued visits to the civil aviation authorities of Members States that are major contributors to the United Nations air fleet. </s>
	  <s n="127"> This is to ensure familiarization with the Department&apos;s aviation safety requirements. </s>
	  <s n="128"> Travel resources are also proposed for the preparation and delivery of training courses for field mission staff by the Civilian Training Section of the Personnel Management and Support Service on communications and information technology (disaster recovery Internet/Intranet security, network administration), the introduction of IMIS and Galaxy to field missions, a workshop for information systems and logistics, a workshop for heads of mission, finance and budget training and a rapid redeployment exercise. </s>
	</p>
	<p n="86">
	  <s n="129"> A provision of $203,000 is made for targeted external advertising for key positions within the field missions ($100,000) and the production of training materials ($103,000). </s>
	</p>
	<p n="87">
	  <s n="130"> Military Division </s>
	</p>
	<p n="88">
	  <s n="131"> (a) Results-based framework </s>
	</p>
	<p n="89">
	  <s n="132"> (b) Human resource requirements </s>
	</p>
	<p n="90">
	  <s n="133"> (c) Financial resource requirements </s>
	</p>
	<p n="91">
	  <s n="134"> (Thousands of United States dollars) </s>
	</p>
	<p n="92">
	  <s n="135"> a Information on expenditures for 2001/02 is presented in sect. </s>
	  <s n="136"> 7 (b) at the overall Department of Peacekeeping Operations level. </s>
	</p>
	<p n="93">
	  <s n="137"> (d) Analysis of resource requirements4 </s>
	</p>
	<p n="94">
	  <s n="138"> The amount of $10,932,200 provides for salaries, common staff costs and staff assessment for a total of 79 continuing posts. </s>
	  <s n="139"> The increase over amounts approved for the 2002/03 financial period is due to a change in standard salary costs. </s>
	</p>
	<p n="95">
	  <s n="140"> A provision in the amount of $159,500 is made as follows: </s>
	</p>
	<p n="96">
	  <s n="141"> The decrease of $45,500 over resources approved for the 2002/03 financial period is due to the planned completion of the outputs from the work programme for 2002/03. </s>
	</p>
	<p n="97">
	  <s n="142"> An Inspector General capacity within the Department of Peacekeeping Operations will provide the Under-Secretary-General with an assessment and internal evaluation mechanism to assist him or her in the effective management of field missions. </s>
	  <s n="143"> The concept is in consonance with Brahimi reforms and will employ, on a part-time consultancy basis, retired senior military and police officers with the requisite experience and qualifications to provide impartial and objective reports on the ability of military and civilian police components in specific field missions to contribute to the implementation of Security Council resolutions. </s>
	  <s n="144"> Administrative support will be provided from within current resources, and as such, the initiative will be implemented at little cost while producing significant benefits to the Department and the Organization. </s>
	</p>
	<p n="98">
	  <s n="145"> A provision of $1,193,000 is made for the following travel requirements: </s>
	</p>
	<p n="99">
	  <s n="146"> The decrease is due to lower requirements for training-related travel. </s>
	</p>
	<p n="100">
	  <s n="147"> A provision of $650,000 is made for peacekeeping training materials ($400,000) and the cost of facilities for accommodation, seminar rooms and classrooms and the renting of office equipment at the site for training courses and seminars ($250,000). </s>
	  <s n="148"> The increase is due to the need to hold additional workshops and to produce training materials to meet the requests of troop-contributing countries for peacekeeping training guidance. </s>
	</p>
	<p n="101">
	  <s n="149"> Civilian Police Division </s>
	</p>
	<p n="102">
	  <s n="150"> (a) Results-based framework </s>
	</p>
	<p n="103">
	  <s n="151"> (b) Human resource requirements </s>
	</p>
	<p n="104">
	  <s n="152"> (c) Financial resource requirements </s>
	</p>
	<p n="105">
	  <s n="153"> (Thousands of United States dollars) </s>
	</p>
	<p n="106">
	  <s n="154"> a Information on expenditures for 2001/02 is presented in sect. </s>
	  <s n="155"> 7 (b) at the overall Department of Peacekeeping Operations level. </s>
	</p>
	<p n="107">
	  <s n="156"> (d) Analysis of resource requirements4 </s>
	</p>
	<p n="108">
	  <s n="157"> The amount of $3,429,600 provides for salaries, common staff costs and staff assessment for a total of 24 continuing posts. </s>
	  <s n="158"> The increase over amounts approved for the 2002/03 financial period is due mainly to a change in the standard salary costs. </s>
	</p>
	<p n="109">
	  <s n="159"> A provision of $40,000, at the maintenance level, provides for mission assessment reports, as follows: </s>
	</p>
	<p n="110">
	  <s n="160"> Mine Action Service </s>
	</p>
	<p n="111">
	  <s n="161"> (a) Results-based framework </s>
	</p>
	<p n="112">
	  <s n="162"> (b) Human resource requirements </s>
	</p>
	<p n="113">
	  <s n="163"> (c) Financial resource requirements </s>
	</p>
	<p n="114">
	  <s n="164"> (Thousands of United States dollars) </s>
	</p>
	<p n="115">
	  <s n="165"> a Information on expenditures for 2001/02 is presented in sect. </s>
	  <s n="166"> 7 (b) at the overall Department of Peacekeeping Operations level. </s>
	</p>
	<p n="116">
	  <s n="167"> (d) Analysis of resource requirements4 </s>
	</p>
	<p n="117">
	  <s n="168"> The amount of $625,300 provides for salaries, common staff costs and staff assessment for a total of five continuing posts. </s>
	  <s n="169"> The increase over the amount approved for the 2002/03 financial period is due to a change in standard salary costs. </s>
	</p>
	<p n="118">
	  <s n="170"> Overall resource requirements of the Department of Peacekeeping Operations </s>
	</p>
	<p n="119">
	  <s n="171"> (a) Human resource requirements </s>
	</p>
	<p n="120">
	  <s n="172"> (b) Financial resource requirements </s>
	</p>
	<p n="121">
	  <s n="173"> (Thousands of United States dollars) </s>
	</p>
	<p n="122">
	  <s n="174"> (c) Executive Office: centrally administered costs </s>
	</p>
	<p n="123">
	  <s n="175"> The amount of $214,200 provides for the rental of office equipment ($146,000), office supplies ($54,000) and furniture for new posts ($14,200). </s>
	  <s n="176"> Provision for the rental of premises is reflected under the Department of Management. </s>
	</p>
	<p n="124">
	  <s n="177"> The reduction of $55,300 from the amount approved for the 2002/03 financial period is due to a change in standard costs. </s>
	</p>
	<p n="125">
	  <s n="178"> A provision is made for commercial communications for 537 continuing and 3 new posts ($540,000) and communications equipment for the 3 new posts ($600). </s>
	</p>
	<p n="126">
	  <s n="179"> The amount of $6,163,100 provides for: electronic data-processing equipment ($2,400,000), information technology services ($2,800,000) and one desktop computer and printer ($7,500) for the three new posts, and maintenance of information technology equipment based on standard costs ($955,600). </s>
	</p>
	<p n="127">
	  <s n="180"> A provision for external ongoing information technology maintenance and support tasks in the amount of $2,800,000 falls into four main areas, as follows: </s>
	</p>
	<p n="128">
	  <s n="181"> (a) Application support for and ongoing maintenance of Galaxy, E-STARS, MARS, the call operations management and electronic tracking system (COMET), the funds monitoring tool, Venus and the field mission logistics system application suite: to provide testing, quality assurance and other preproduction activities and to provide implementation support and training to the user community ($950,000); </s>
	</p>
	<p n="129">
	  <s n="182"> (b) Network support: to install, configure and maintain Windows 2000 environment for all application servers in the Department of Peacekeeping Operations (approximately 80); to manage and administer the storage area network and all related backup and disaster recovery devices; to provide ongoing operational support of e-mail and wireless devices; and to provide after-hours and weekend coverage for all server-related problems and issues ($800,000); </s>
	</p>
	<p n="130">
	  <s n="183"> (c) Help desk: to provide technical customer service to all Department of Peacekeeping Operations and Galaxy users worldwide; to provide first-level support for desktop hardware and software problems to the Department&apos;s users at Headquarters; to provide how-to help for all departmental applications (Galaxy, E-STARS, Mercury and the field mission logistics system suite) and the e-mail system; and to inform users of planned service interruptions, emergencies and changes in the environment ($850,000); </s>
	</p>
	<p n="131">
	  <s n="184"> (d) Field IMIS: support of IMIS in the field, Releases 1 and 2 only ($200,000). </s>
	</p>
	<p n="132">
	  <s n="185"> The increase of $1,279,100 is due mainly to the new information technology equipment needed for the installation and maintenance of the Windows 2000 server environment, which is required to upgrade infrastructure and communication technology support to missions. </s>
	</p>
	<p n="133">
	  <s n="186"> Executive Office of the Secretary-General </s>
	</p>
	<p n="134">
	  <s n="187"> (a) Results-based framework </s>
	</p>
	<p n="135">
	  <s n="188"> (b) Human resource requirements </s>
	</p>
	<p n="136">
	  <s n="189"> (c) Financial resource requirements </s>
	</p>
	<p n="137">
	  <s n="190"> (Thousands of United States dollars) </s>
	</p>
	<p n="138">
	  <s n="191"> (d) Analysis of resource requirements4 </s>
	</p>
	<p n="139">
	  <s n="192"> The amount of $501,100 provides for salaries, common staff costs and staff assessment for a total of three continuing posts. </s>
	  <s n="193"> The increase of $48,700 over the amount approved for 2002/03 is due to a change in standard salary costs. </s>
	</p>
	<p n="140">
	  <s n="194"> C. Office of Internal Oversight Services </s>
	</p>
	<p n="141">
	  <s n="195"> (a) Results-based framework </s>
	</p>
	<p n="142">
	  <s n="196"> (b) Human resource requirements </s>
	</p>
	<p n="143">
	  <s n="197"> a Includes 3 P-5, 7 P-4, 6 P-3 and 11 General Service (Other level) posts for resident auditors and auditing assistants. </s>
	</p>
	<p n="144">
	  <s n="198"> (c) Financial resource requirements </s>
	</p>
	<p n="145">
	  <s n="199"> (Thousands of United States dollars) </s>
	</p>
	<p n="146">
	  <s n="200"> a Includes provision for 27 posts to be redeployed from peacekeeping missions. </s>
	</p>
	<p n="147">
	  <s n="201"> b Includes travel-related requirements for 27 posts to be redeployed from peacekeeping missions. </s>
	</p>
	<p n="148">
	  <s n="202"> (d) Analysis of resource requirements4 </s>
	</p>
	<p n="149">
	  <s n="203"> The resources for internal oversight had previously been budgeted partially under individual peacekeeping mission budgets. </s>
	  <s n="204"> In the interest of effective administration and transparency, the overall requirements for oversight services are now consolidated under the support account. </s>
	</p>
	<p n="150">
	  <s n="205"> The resources for posts relate to 43 continuing and 22 new posts. </s>
	  <s n="206"> The 43 continuing posts include 27 posts for resident auditors and auditing assistants currently approved under the relevant peacekeeping operation budgets that are now proposed to be consolidated and funded under the support account. </s>
	</p>
	<p n="151">
	  <s n="207"> The 27 resident auditor and assistant posts (4 P-5, 7 P-4, 6 P-3 and 10 General Service) are from MONUC, UNAMSIL, UNMEE, UNMIK and UNMISET. </s>
	  <s n="208"> Three posts, comprising one P-3 in UNMISET and one P-4 and one General Service (Other level) posts in UNMIBH are abolished as a result of the drawdown of UNMISET and the closing of UNMIBH. </s>
	  <s n="209"> A new P-5 post for the audit of UNMIK, one P-4 post for the audit of MONUC and one P-3 post for the audit of UNAMSIL are proposed. </s>
	  <s n="210"> The details are set out below: </s>
	</p>
	<p n="152">
	  <s n="211"> a Other level. </s>
	</p>
	<p n="153">
	  <s n="212"> The audit requirements for peacekeeping operations in the Middle East have been assessed, and it is proposed to establish an office in Kuwait to strengthen the audit coverage of UNIFIL, UNDOF, UNFICYP and UNIKOM. </s>
	  <s n="213"> The establishment of four posts (1 P-5, 1 P-4, 1 P-3 and 1 General Service (Other level)) is therefore proposed. </s>
	</p>
	<p n="154">
	  <s n="214"> Twelve posts (2 P-5, 4 P-4, 4 P-3 and 2 General Service (Other level)) are proposed to establish a regional investigative capacity of the Office of Internal Oversight Services in Nairobi and Vienna covering peacekeeping missions in Africa and South-East Asia on the one hand, and in Europe and the Middle East on the other. </s>
	  <s n="215"> The need to establish a regional investigative capacity has been explained in detail in the report of the Secretary-General (A/57/494). </s>
	</p>
	<p n="155">
	  <s n="216"> Three posts (1 P-5, 1 P-4 and 1 P-3) are proposed in the Monitoring, Evaluation and Consulting Division to enable the Office of Internal Oversight Services to undertake comprehensive oversight functions with regard to military aspects of peacekeeping operations. </s>
	  <s n="217"> With those posts, the Office will have the capacity to systematically assess efficiency and effectiveness, reduce waste and eliminate duplication in peacekeeping missions, which until now have not received adequate coverage of military and security-related activities. </s>
	  <s n="218"> The additional posts will provide expertise to assist in the conduct of audits, inspections and investigations with respect to the efficiency and appropriateness of military and security-related activities of United Nations peacekeeping missions, how missions are managed in the field and how missions comply with approved mandates and objectives. </s>
	</p>
	<p n="156">
	  <s n="219"> Three posts (1 P-3 and 2 General Service (Other level)) are proposed for the Executive Office to administer the human and financial resources funded through the support account for peacekeeping operations. </s>
	  <s n="220"> The Executive Office currently has no posts funded from the support account and this anomaly has to be rectified. </s>
	  <s n="221"> The number and level of resident auditors and auditing assistants in peacekeeping missions are set out below. </s>
	</p>
	<p n="157">
	  <s n="222"> (Monetary amounts are in thousands of United States dollars) </s>
	</p>
	<p n="158">
	  <s n="223"> Abbreviations: GS, General Service; LL, Local level. </s>
	</p>
	<p n="159">
	  <s n="224"> a Closed. </s>
	</p>
	<p n="160">
	  <s n="225"> b Audit coverage provided from Headquarters. </s>
	</p>
	<p n="161">
	  <s n="226"> c A total of four posts (1 P-5, 1 P-4, 1 P-3 and 1 General Service) are proposed to establish an Office of Internal Oversight Services resident office in Kuwait City. </s>
	  <s n="227"> The office would provide audit coverage of peacekeeping missions in the Middle East (UNIFIL, UNDOF, UNFICYP and UNIKOM). </s>
	</p>
	<p n="162">
	  <s n="228"> A provision of $54,000 is made for maternity and sick-leave requirements. </s>
	  <s n="229"> No such provision was included in the 2002/03 budget. </s>
	</p>
	<p n="163">
	  <s n="230"> Consultancy resources totalling $158,700 are requested for the Internal Audit Division ($110,700), the Monitoring, Evaluation and Consulting Division ($40,000) and the Investigation Division ($8,000), as follows: </s>
	</p>
	<p n="164">
	  <s n="231"> The resources requested for the Internal Audit Division will facilitate a more uniform and consistent work programme with respect to risk assessment, enhance quality and ensure adherence to international audit standards, thereby responding to observations of the Board of Auditors. </s>
	</p>
	<p n="165">
	  <s n="232"> Consultants are requested to provide specialized expertise to the Monitoring, Evaluation and Consulting Division in designing inspection exercises that will contribute to effective oversight of the military aspects of peacekeeping. </s>
	</p>
	<p n="166">
	  <s n="233"> The amount of $841,500 provides for the following: </s>
	</p>
	<p n="167">
	  <s n="234"> The increase of $751,500 over the resources approved for the 2002/03 financial period is due mainly to the establishment of new posts for resident auditors in Kuwait and regional investigators in Nairobi and Vienna, travel requirements for 27 resident auditors and assistants that were formerly budgeted under the individual peacekeeping missions and the establishment of an oversight function for military aspects of peacekeeping operations. </s>
	  <s n="235"> The regional investigators will be required to travel for periods ranging from 21 to 30 days to ensure effective case progression, the details of which have been set out in the report of the Secretary-General (A/57/494). </s>
	</p>
	<p n="168">
	  <s n="236"> The amount of $117,600 provides for office supplies ($3,900) and rental of office equipment ($3,900) and furniture ($109,800), based on standard costs. </s>
	</p>
	<p n="169">
	  <s n="237"> No provision for such costs was made in the support account budget for the 2002/03 financial period. </s>
	</p>
	<p n="170">
	  <s n="238"> A provision in the amount of $83,100 is made for commercial communications ($78,700) and purchase of communication equipment for new posts ($4,400). </s>
	</p>
	<p n="171">
	  <s n="239"> The increase of $56,100 over the resources approved for the 2002/03 financial period is due mainly to the establishment of new posts for resident auditors in Kuwait and regional investigators in Nairobi an Vienna. </s>
	</p>
	<p n="172">
	  <s n="240"> Commercial communications and communication equipment for resident auditors will continue to be provided by peacekeeping missions. </s>
	</p>
	<p n="173">
	  <s n="241"> The amount of $140,800 provides for the maintenance of information technology equipment ($85,800) and the purchase of 22 desktop computers and 22 printers ($55,000) relating to the new posts. </s>
	</p>
	<p n="174">
	  <s n="242"> The increase over resources approved for the 2002/03 financial period is due mainly to the establishment of new posts for resident auditors in Kuwait and regional investigators in Nairobi and Vienna. </s>
	</p>
	<p n="175">
	  <s n="243"> A provision in the amount of $88,000 is made for supplies, and equipment for training as set out below: </s>
	</p>
	<p n="176">
	  <s n="244"> Resources are requested for course fees to upgrade the substantive skills of resident auditors and staff at Headquarters. </s>
	  <s n="245"> The increase over resources approved for the 2002/03 financial period is due mainly to requirements for resident auditors, which were not fully addressed in previous budget submissions. </s>
	</p>
	<p n="177">
	  <s n="246"> Office of Legal Affairs </s>
	</p>
	<p n="178">
	  <s n="247"> (a) Results-based framework </s>
	</p>
	<p n="179">
	  <s n="248"> (b) Human resource requirements </s>
	</p>
	<p n="180">
	  <s n="249"> (c) Financial resource requirements </s>
	</p>
	<p n="181">
	  <s n="250"> (Thousands of United States dollars) </s>
	</p>
	<p n="182">
	  <s n="251"> (d) Analysis of resource requirements4 </s>
	</p>
	<p n="183">
	  <s n="252"> The amount of $805,000 provides for salaries, common staff costs and staff assessment for a total of five continuing posts. </s>
	  <s n="253"> The increase of $52,300 is due to a change in standard salary costs. </s>
	</p>
	<p n="184">
	  <s n="254"> In its report on in-depth evaluation of legal affairs (E/AC.51/2002/5), the Office of Internal Oversight Services recommended that legal officers from the Office of Legal Affairs conduct regular trips to field missions in order to gain more in-depth understanding of aspects of peacekeeping that affect their work and to provide guidance to the missions as required. </s>
	  <s n="255"> Provision for travel has therefore been increased to provide for five visits to field missions, as shown below: </s>
	</p>
	<p n="185">
	  <s n="256"> The amount of $1,000 provides for office supplies ($500) and rental of office equipment ($500). </s>
	  <s n="257"> No such provision was made in the 2002/03 budget. </s>
	</p>
	<p n="186">
	  <s n="258"> A provision of $3,500 is made for commercial communications on the basis of past performance. </s>
	  <s n="259"> No such provision was made in 2002/03. </s>
	</p>
	<p n="187">
	  <s n="260"> The amount of $17,000 provides for maintenance of information technology equipment ($9,000) and replacement of five desktop computers ($8,000). </s>
	</p>
	<p n="188">
	  <s n="261"> The increase over the amounts approved for 2002/03 financial period is due to the use of standard costs. </s>
	</p>
	<p n="189">
	  <s n="262"> A provision of $3,000 is made for the legal training in humanitarian law of five staff in New York, as shown below: </s>
	</p>
	<p n="190">
	  <s n="263"> E. Department of Public Information </s>
	</p>
	<p n="191">
	  <s n="264"> (a) Results-based framework </s>
	</p>
	<p n="192">
	  <s n="265"> (b) Human resource requirements </s>
	</p>
	<p n="193">
	  <s n="266"> (c) Financial resource requirements </s>
	</p>
	<p n="194">
	  <s n="267"> (Thousands of United States dollars) </s>
	</p>
	<p n="195">
	  <s n="268"> (d) Analysis of resource requirements4 </s>
	</p>
	<p n="196">
	  <s n="269"> The amount of $321,100 provides for salaries, common staff costs and staff assessment for a total of two continuing posts. </s>
	  <s n="270"> The increase over amounts approved for the 2002/03 financial period is due to a change in standard salary costs. </s>
	</p>
	<p n="197">
	  <s n="271"> The amount of $50,000 provides for visits to field missions, as indicated below: </s>
	</p>
	<p n="198">
	  <s n="272"> No such provision was made in the 2002/03 budget. </s>
	</p>
	<p n="199">
	  <s n="273"> A provision of $400 is made for office supplies ($200) and rental of office equipment ($200). </s>
	  <s n="274"> No such provision was included in the 2002/03 budget. </s>
	</p>
	<p n="200">
	  <s n="275"> The amount of $2,900 is included for commercial communications, based on past performance. </s>
	  <s n="276"> No such provision was included in the 2002/03 budget. </s>
	</p>
	<p n="201">
	  <s n="277"> The amount of $12,600 provides for the replacement of two desktop and two laptop computers and two printers, telephone, television and video equipment ($8,200) and maintenance of information technology equipment based on standard costs ($4,400). </s>
	  <s n="278"> No such provision was included in the 2002/03 budget. </s>
	</p>
	<p n="202">
	  <s n="279"> Department of Management </s>
	</p>
	<p n="203">
	  <s n="280"> Office of the Under-Secretary-General7 </s>
	</p>
	<p n="204">
	  <s n="281"> (a) Results-based framework </s>
	</p>
	<p n="205">
	  <s n="282"> (b) Human resource requirements </s>
	</p>
	<p n="206">
	  <s n="283"> (c) Financial resource requirements </s>
	</p>
	<p n="207">
	  <s n="284"> (Thousands of United States dollars) </s>
	</p>
	<p n="208">
	  <s n="285"> a Expenditures for facilities and infrastructure, communications and information technology are shown in sect. 5 (b) at the overall Department of Management level. </s>
	</p>
	<p n="209">
	  <s n="286"> (d) Analysis of resource requirements4 </s>
	</p>
	<p n="210">
	  <s n="287"> The amount of $1,265,500 provides for salaries, common staff costs and staff assessment for nine continuing and four new posts. </s>
	</p>
	<p n="211">
	  <s n="288"> The increase over amounts approved for the 2002/03 financial period is due to the inclusion of four new posts and a change in standard salary costs. </s>
	</p>
	<p n="212">
	  <s n="289"> Office of the Under-Secretary-General, Department of Management </s>
	</p>
	<p n="213">
	  <s n="290"> A legal adviser (P-4) and an assistant (General Service (Other level)) are proposed to advise the Under-Secretary-General, to ensure the clearance of continuing backlogs of decisions in respect of recommendations made by the Joint Appeals Board, the Joint Disciplinary Committee and the United Nations Administrative Tribunal in relation to mission staff, to ensure the implementation of the Secretary-General&apos;s decisions on appeals and disciplinary cases and to update the Electronic Case and Jurisprudence Digest of Judgements of the United Nations Administrative Tribunal. </s>
	  <s n="291"> The addition of these two posts will also prevent situations in which financial compensation is awarded by the United Nations Administrative Tribunal because of delays in the disposition of cases by the Organization. </s>
	</p>
	<p n="214">
	  <s n="292"> Treasury </s>
	</p>
	<p n="215">
	  <s n="293"> Two posts have been requested to support the core functions of investment, foreign exchange and processing of payments, monitoring of disbursements, accounting and reconciliation of peacekeeping special accounts. </s>
	</p>
	<p n="216">
	  <s n="294"> The number of transactions in the special accounts of peacekeeping operations has increased exponentially and can no longer be efficiently processed within a very short time frame. </s>
	  <s n="295"> The Treasury operates a number of banking software programs that will be interfaced with IMIS for seamless operation. </s>
	  <s n="296"> A database manager (P-4) is requested to manage the various software applications used by the Treasury and to also be responsible for the regular maintenance and periodic upgrading of interfaces between the Treasury investment database (the Operations Processing Information Control System) and IMIS and external financial institutions. </s>
	  <s n="297"> There is also a need to maintain and support other database software used by the Treasury to run its operations. </s>
	  <s n="298"> Without this additional support, the Treasury may experience operational failures that may ultimately result in financial losses. </s>
	</p>
	<p n="217">
	  <s n="299"> An investment accountant (P-3) is requested to monitor transactions and establish controls in the Treasury to ensure that accounting, investment and banking transactions of all peacekeeping special accounts are reconciled and errors are detected immediately. </s>
	</p>
	<p n="218">
	  <s n="300"> The addition of these two posts will strengthen control of cash, minimize exposure to financial losses and further increase the Treasury&apos;s performance in cash and investment management. </s>
	</p>
	<p n="219">
	  <s n="301"> The amount of $60,000, at the maintenance level, provides for temporary assistance in the administration of staff rules and regulations for 12 person-months (General Service (Other level)) for the Executive Office. </s>
	  <s n="302"> The Executive Office currently has no resources funded from the support account. </s>
	  <s n="303"> In view of the number of support account-funded posts in the Department of Management, temporary assistance is requested to manage peak workload and to provide for maternity and sick leave replacement. </s>
	</p>
	<p n="220">
	  <s n="304"> A provision of $30,000 is made for the following requirements: </s>
	</p>
	<p n="221">
	  <s n="305"> The amount of $130,000 comprises bank fees for peacekeeping-related operations ($120,000) and training requirements ($10,000). </s>
	  <s n="306"> Bank fees are based on past performance and were previously distributed among the budgets of individual peacekeeping operations. </s>
	  <s n="307"> Training requirements to maintain and update the substantive and technical skills of staff in investment and cash management are set out in detail below: </s>
	</p>
	<p n="222">
	  <s n="308"> The increase over the resources approved for the 2002/03 financial period is due mainly to the inclusion of peacekeeping-related bank fees in the support account budget. </s>
	</p>
	<p n="223">
	  <s n="309"> Office of Programme Planning, Budget and Accounts8 </s>
	</p>
	<p n="224">
	  <s n="310"> (a) Results-based framework </s>
	</p>
	<p n="225">
	  <s n="311"> (b) Human resource requirements </s>
	</p>
	<p n="226">
	  <s n="312"> (c) Financial resource requirements (Thousands of United States dollars) </s>
	</p>
	<p n="227">
	  <s n="313"> (d) Analysis of resource requirements4 </s>
	</p>
	<p n="228">
	  <s n="314"> The amount of $6,916,600 provides for salaries, common staff costs and staff assessment for 57 continuing posts and 1 reclassified post, for a total of 58 posts. </s>
	</p>
	<p n="229">
	  <s n="315"> The increase over amounts approved for the 2002/03 financial period is due mainly to a change in standard salary costs. </s>
	</p>
	<p n="230">
	  <s n="316"> Accounts Division </s>
	</p>
	<p n="231">
	  <s n="317"> The size and complexity of the peacekeeping missions in the Africa region necessitates extensive monitoring and support. </s>
	  <s n="318"> Consequently, it is proposed to reclassify the post of the Chief, Africa Unit, to the P-4 level to strengthen supervision and technical leadership in the Unit, which is required because three of the five current large peacekeeping operations are in the region. </s>
	  <s n="319"> This will provide parity with the heads of the Middle East/Asia and Europe/Americas Units, which are at the P-4 level. </s>
	</p>
	<p n="232">
	  <s n="320"> Temporary assistance is required to maintain smooth processing of accounting transactions and to prevent the creation of backlogs in the peacekeeping accounts sections and the travel and vendor processing areas. </s>
	  <s n="321"> Furthermore, the improvement of the liquidation of closed missions continues to generate additional efforts to close the books of accounts, complete administrative actions, collect outstanding receivables and settle accounts payable. </s>
	  <s n="322"> The requested resources will also cover periods of extended medical and maternity leave replacement ($300,000: Accounts Division) and assistance with the preparation of materials and the organization of two budget workshops in 2004 on objective-setting for peacekeeping missions ($10,000: Peacekeeping Financing Division). </s>
	</p>
	<p n="233">
	  <s n="323"> The increase of $160,000 is due mainly to improvement of the service levels in the Peacekeeping Accounts Section in order to prevent backlogs. </s>
	</p>
	<p n="234">
	  <s n="324"> The provision of $460,000 provides for the following: </s>
	</p>
	<p n="235">
	  <s n="325"> The increase of $240,000 over the resources approved for the 2002/03 financial period is due mainly to requirements for two workshops to improve the implementation by the Peacekeeping Financing Division of objective-setting in peacekeeping budgets for the financial period 2004/05. </s>
	</p>
	<p n="236">
	  <s n="326"> The amount of $95,000 provides for training-related fees in budgeting methodology and information technology for the Peacekeeping Financing Division ($55,000) and training-related fees in finance and information technology ($40,000) for the Accounts Division as shown below: </s>
	</p>
	<p n="237">
	  <s n="327"> The increase of $50,000 is due to the need to upgrade the level of substantive and information technology skills of staff in the Accounts Division and the Peacekeeping Financing Division respectively in order to improve the quality of information available to support management decision-making on the utilization of resources and services provided to peacekeeping missions. </s>
	</p>
	<p n="238">
	  <s n="328"> Office of Human Resources Management9 </s>
	</p>
	<p n="239">
	  <s n="329"> (a) Results-based framework </s>
	</p>
	<p n="240">
	  <s n="330"> (b) Human resource requirements </s>
	</p>
	<p n="241">
	  <s n="331"> (c) Financial resource requirements (Thousands of United States dollars) </s>
	</p>
	<p n="242">
	  <s n="332"> (d) Analysis of resource requirements4 </s>
	</p>
	<p n="243">
	  <s n="333"> The amount of $2,584,000 provides for salaries, common staff costs and staff assessment for 20 continuing and 3 new posts. </s>
	</p>
	<p n="244">
	  <s n="334"> The increase over amounts approved for the 2002/03 financial period is due mainly to a change in standard salary costs. </s>
	</p>
	<p n="245">
	  <s n="335"> Three additional posts (2 P-3 and 1 General Service (Other level)) are required for a psychologist and a secretary in the Medical Services Division and a staff counsellor in the Specialist Services Division. </s>
	</p>
	<p n="246">
	  <s n="336"> Medical Services Division </s>
	</p>
	<p n="247">
	  <s n="337"> Because of the increasing number of mental health issues reported by personnel returning from field missions, a psychologist (P-3) is required to assist medical officers at Headquarters in assessing the mental health status of staff members returning from mission assignment. </s>
	  <s n="338"> The psychologist is also required to provide therapy, facilitate referrals to outside specialists and monitor the overall progress of patients, thereby increasing the chances of rapid and full recovery. </s>
	  <s n="339"> This function is established, as a preventive measure, to conduct psychological evaluations of staff members as part of pre-deployment medical clearance. </s>
	</p>
	<p n="248">
	  <s n="340"> A secretary (General Service (Other level)) is needed to prepare correspondence pertaining to medical evacuations and repatriations, compensation claims, disability benefits and the verification of medical bills pertaining to staff on mission. </s>
	</p>
	<p n="249">
	  <s n="341"> With these resources the Organization will be able to offer mental health services to staff returning from mission assignment and reduce the risk of lower productivity, absence from work due to ill health and ultimately higher costs for prolonged treatment due to lack of early diagnosis. </s>
	</p>
	<p n="250">
	  <s n="342"> Specialist Services Division </s>
	</p>
	<p n="251">
	  <s n="343"> A counsellor post at the P-3 level is proposed for the Staff Counsellor&apos;s Office. </s>
	  <s n="344"> The main responsibilities of the post will include the provision of a full range of counselling to staff before and after mission assignments in the context of increased mobility and career support; counselling and assistance to families of staff on mission and advice to managers and staff counsellors in the field on complex personnel situations, such as substance abuse, depression, mental health, sexual harassment, domestic violence and HIV/AIDS; participation in response teams in situations of tragedy or trauma; preparation and updating of materials to support missions and for orientation programmes; mission readiness and reintegration; and provision of information on staff welfare policies and resources. </s>
	</p>
	<p n="252">
	  <s n="345"> The Staff Counsellor&apos;s Office currently has no resources to systematically address the needs of staff who rotate between the field and other localities, which contributes to problems of adjustment and reintegration, decreased productivity, increased medical expenses, higher absenteeism and low morale. </s>
	  <s n="346"> The proposed post would enable the Staff Counsellor&apos;s Office to increase its capacity to support staff with needs related to mission service and to meet the increased demand from staff members for such services. </s>
	</p>
	<p n="253">
	  <s n="347"> The duties described above are significantly different from, yet complement the work of the United Nations Security Coordinator and Department of Peacekeeping Operations staff welfare officers within the missions. </s>
	  <s n="348"> The United Nations Security Coordinator deals only with staff in the field, intervening at the time of critical incidents, focusing on stress and trauma counselling. </s>
	  <s n="349"> The Department&apos;s counsellors provide on-site services to mission staff in the field. </s>
	  <s n="350"> The proposed Staff Counsellor in the Office of Human Resources Management will ensure the continuity of services to staff rotating between peacekeeping assignments and Headquarters. </s>
	  <s n="351"> This support includes guidance on health and life insurance and preparation of wills, visa status, financial arrangements and schooling. </s>
	  <s n="352"> This individual assistance will be provided in addition to formal briefing and debriefing activities to maximize staff members&apos; resilience and adaptability during mission service. </s>
	  <s n="353"> Back home, spouses and children of Headquarters staff will also be assisted in case of family emergencies. </s>
	</p>
	<p n="254">
	  <s n="354"> Upon returning to Headquarters, debriefings and support will be provided to facilitate a prompt and efficient reintegration into the social and work environment. </s>
	</p>
	<p n="255">
	  <s n="355"> The amount of $272,000 is required for temporary assistance as follows: for assessment by the Specialist Services Division of the career development and learning needs of mission personnel ($132,000); for timely processing by the Medical Services Division of sick leave certificates of mission staff ($30,000); and for the provision by the Operational Services Division of administrative services for the timely recruitment, replacement or extension of military and civilian police personnel in the Department of Peacekeeping Operations, which is labour-intensive because of the frequency of their rotation ($110,000). </s>
	</p>
	<p n="256">
	  <s n="356"> The increase of $32,000 over the amount approved for 2002/03 is due to a change in standard salary costs used to estimate requirements equivalent to 12 P-4 person-months for the Specialist Services Division. </s>
	</p>
	<p n="257">
	  <s n="357"> Maintenance level requirements of $194,100 are shown below: </s>
	</p>
	<p n="258">
	  <s n="358"> The amount of $161,000 provides for the following travel requests: </s>
	</p>
	<p n="259">
	  <s n="359"> The reduction of $114,000 is due mainly to the planned completion of the outputs from the work programme for 2002/03. </s>
	</p>
	<p n="260">
	  <s n="360"> Maintenance level requirements of $100,000 are proposed for the Medical Services Division for the purchase of vaccines, medical kits and health education materials for all staff deployed to missions. </s>
	</p>
	<p n="261">
	  <s n="361"> Office of Central Support Services </s>
	</p>
	<p n="262">
	  <s n="362"> (a) Results-based framework </s>
	</p>
	<p n="263">
	  <s n="363"> (b) Human resource requirements </s>
	</p>
	<p n="264">
	  <s n="364"> (c) Financial resource requirements (Thousands of United States dollars) </s>
	</p>
	<p n="265">
	  <s n="365"> (d) Analysis of resource requirements4 </s>
	</p>
	<p n="266">
	  <s n="366"> The amount of $4,880,400 provides for salaries, common staff costs and staff assessment for a total of 44 continuing posts and the reclassification of the Chief of the Logistics and Transportation Section from P-4 to P-5, for a total of 45 posts. </s>
	</p>
	<p n="267">
	  <s n="367"> The increase over amounts approved for the 2002/03 financial period is due to a change in standard salary costs. </s>
	</p>
	<p n="268">
	  <s n="368"> Procurement Division </s>
	</p>
	<p n="269">
	  <s n="369"> The Logistics and Transportation Section is responsible for air transportation (including the contractual requirements for the management of airfield and related operations), surface transport and freight forwarding. </s>
	  <s n="370"> Until 2000 those functions were part of the section responsible for mission and project procurement. </s>
	  <s n="371"> However with the sharp increase in demand for procurement services resulting from the expansion of peacekeeping missions, the volume and complexity of requirements meant that it was no longer feasible to continue with this arrangement and still maintain a responsive and credible service while ensuring the necessary control. </s>
	  <s n="372"> To remedy this situation, the Procurement Division restructured and centralized the core logistical and transport needs of the Organization in a dedicated Procurement Section. </s>
	  <s n="373"> This change in structure has resulted in the Division&apos;s continuing ability to support these activities with the limited number of officers and support staff at its disposal. </s>
	</p>
	<p n="270">
	  <s n="374"> Bearing in mind the critical role performed by the Logistics and Transportation Section in the procurement of air transportation services and the significance of this responsibility, an adequate level of supervision and management for the delivery of procurement services is essential. </s>
	  <s n="375"> The current strains on workload and responsibility are becoming critical, as the need for the timely transportation of all the Organization&apos;s personnel, goods and equipment, in the context of a volatile international marketplace, is expected to continue throughout the foreseeable future. </s>
	</p>
	<p n="271">
	  <s n="376"> An amount of $8,000 is provided for the train-the-trainers course in VIP protection and crisis/emergency response for the Security and Safety Service. </s>
	  <s n="377"> No such provision was made in the 2002/03 budget. </s>
	</p>
	<p n="272">
	  <s n="378"> Travel requirements of $250,000 are requested for the following: </s>
	</p>
	<p n="273">
	  <s n="379"> The increase of $205,000 over the resources approved for the 2002/03 financial period is due mainly to the implementation of a field training programme and management review visits by the Procurement Division. </s>
	</p>
	<p n="274">
	  <s n="380"> The Procurement Division has assumed responsibility for the training of procurement staff in the field. </s>
	  <s n="381"> In addition, management reviews of procurement processes and practices in missions will be undertaken to determine the most efficient and cost-effective arrangements. </s>
	</p>
	<p n="275">
	  <s n="382"> The maintenance-level provision of $20,000 for the Archives and Records Management Section will enable it to make improvements in the file classification at UNAMSIL and UNMISET and add to similar undertakings at UNDOF and MONUC, which are planned to be completed during the 2002/03 financial period. </s>
	</p>
	<p n="276">
	  <s n="383"> A provision of $484,000 is made for the following: </s>
	</p>
	<p n="277">
	  <s n="384"> Improving the professionalism and skills of staff in procurement needs to be addressed. </s>
	  <s n="385"> A certified training programme in procurement is being developed for all organizations in the United Nations system and peacekeeping missions. </s>
	  <s n="386"> The programme will deliver training through workshops, web-based distance learning and CD-ROM and will certify participants as professional United Nations procurement officers. </s>
	  <s n="387"> By the end of the project, it is estimated that about 200 procurement staff will have completed the learning and training requirements for professional certification. </s>
	  <s n="388"> The project will create the potential and an incentive for certifying 90 per cent of all procurement personnel by 2006 system-wide. </s>
	  <s n="389"> The amount of $464,000 is the contribution to the development of the procurement training programme, in view of the number of peacekeeping staff in procurement and the significant volume and value of procurement activities for peacekeeping missions. </s>
	</p>
	<p n="278">
	  <s n="390"> The increase over amounts approved for the 2002/03 financial period is due to the inclusion of the provision for the development of the training programme in the Procurement Division. </s>
	</p>
	<p n="279">
	  <s n="391"> Overall resource requirements of the Department of Management </s>
	</p>
	<p n="280">
	  <s n="392"> (a) Human resource requirements </s>
	</p>
	<p n="281">
	  <s n="393"> (b) Financial resource requirements (Thousands of United States dollars) </s>
	</p>
	<p n="282">
	  <s n="394"> a Reflects accommodation costs for all offices. </s>
	</p>
	<p n="283">
	  <s n="395"> (c) Executive Office: centrally administered costs </s>
	</p>
	<p n="284">
	  <s n="396"> The amount of $6,973,500 provides for the rental of the premises and accommodations of all the departments under the support account ($6,547,000), the rental of office equipment ($13,900), office supplies ($13,900) and furniture ($33,700) for all the offices in the Department of Management, and a provision of $365,000 to improve the network connectivity between the United Nations Secretariat, the UNITAR Building and Nigeria House. </s>
	</p>
	<p n="285">
	  <s n="397"> The network connectivity between these buildings has repeatedly been deemed insufficient to meet network capacity requirements and not robust enough to ensure the continuance of business. </s>
	  <s n="398"> If the existing connection were to be further damaged and/or rendered unusable, staff in the two other buildings would not have direct connectivity to the Secretariat Building, and vice versa. </s>
	</p>
	<p n="286">
	  <s n="399"> The increase over the amounts approved for the 2002/03 financial period is due mainly to the upgrade of the connectivity in the UNITAR Building and Nigeria House and requirements for new posts. </s>
	</p>
	<p n="287">
	  <s n="400"> A provision is made for commercial communications ($218,200) based on past performance and communications equipment ($1,400) for new posts. </s>
	</p>
	<p n="288">
	  <s n="401"> The amount of $820,700 is required for the maintenance of information technology equipment, based on standard costs ($305,800), investment banking software and banking services for the Treasury ($288,800) and for equipment, as follows: </s>
	</p>
	<p n="289">
	  <s n="402"> (a) Replacement of three desktop computers and three printers in the Contributions Service and one computer and one printer for each of the new posts in the immediate office of the Under-Secretary-General and the Treasury ($17,500); </s>
	</p>
	<p n="290">
	  <s n="403"> (b) Replacement of 35 desktop computers and 35 printers and the upgrade of 1 network printer, which are beyond their useful life, and the replacement of 1 scanner and 1 fax in the Peacekeeping Financing Division ($90,300); </s>
	</p>
	<p n="291">
	  <s n="404"> (c) Purchase of three desktop computers and three printers for the three new posts in the Office of Human Resources Management ($7,500); </s>
	</p>
	<p n="292">
	  <s n="405"> (d) Enhancement of existing systems for data collection and for monitoring performance of peacekeeping missions for internal reporting and external reporting to legislative bodies in the Peacekeeping Financing Division ($20,000); </s>
	</p>
	<p n="293">
	  <s n="406"> (e) Replacement of 36 desktop printers, upgrade of hard-disk capacity of the server, acquisition of four digital senders to communicate with the Lotus Notes server utilized by the Department of Peacekeeping Operations; and purchase of a Lotus Notes server to communicate with the Mercury procurement programme used by the field missions and other Lotus Notes-based applications, an e-cabinet for electronic filing of purchase orders and contracts to facilitate data exchange with the field missions, four network printers and three laptop computers to be used by staff members for management missions and participation in field training activities for the Procurement Division ($90,800). </s>
	</p>
	<p n="294">
	  <s n="407"> The increase of $268,300 is due mainly to the replacement of information technology equipment in the Peacekeeping Financing Division and the Procurement Division and the use of standard costs for the maintenance of information technology equipment. </s>
	</p>
	<p n="295">
	  <s n="408"> Office of the United Nations Security Coordinator </s>
	</p>
	<p n="296">
	  <s n="409"> (a) Results-based framework </s>
	</p>
	<p n="297">
	  <s n="410"> (b) Human resource requirements </s>
	</p>
	<p n="298">
	  <s n="411"> (c) Financial resource requirements (Thousands of United States dollars) </s>
	</p>
	<p n="299">
	  <s n="412"> (d) Analysis of resource requirements4 </s>
	</p>
	<p n="300">
	  <s n="413"> The amount of $980,000 provides for salaries, common staff costs and staff assessment for a total of seven continuing posts. </s>
	  <s n="414"> The increase of $59,200 over amounts approved for the 2002/03 financial period is due to a change in standard salary costs. </s>
	</p>
	<p n="301">
	  <s n="415"> The amount of $168,000 provides for the following travel requirements: </s>
	</p>
	<p n="302">
	  <s n="416"> The increase of $93,000 over the resources approved for the 2002/03 financial period is due to the conduct of training workshops in five peacekeeping missions. </s>
	</p>
	<p n="303">
	  <s n="417"> The amount of $1,400 provides for office supplies ($700) and rental of office equipment ($700). </s>
	  <s n="418"> The reduction of $41,200 is due to the use of standard costs. </s>
	</p>
	<p n="304">
	  <s n="419"> Provision of $15,700 is made for commercial communications based on past performance. </s>
	</p>
	<p n="305">
	  <s n="420"> The amount of $15,400 provides for the maintenance of information technology equipment based on standard costs. </s>
	</p>
	<p n="306">
	  <s n="421"> Action to be taken by the General Assembly </s>
	</p>
	<p n="307">
	  <s n="422"> The action to be taken by the General Assembly is as follows: </s>
	</p>
	<p n="308">
	  <s n="423"> (a) Approval of the support account estimate amounting to $115,863,100 for the 12-month period from 1 July 2003 to 30 June 2004; </s>
	</p>
	<p n="309">
	  <s n="424"> (b) Application of miscellaneous income of $3,126,000 for the period from 1 July 2001 to 30 June 2002 to the resources required for the period from 1 July 2003 to 30 June 2004; </s>
	</p>
	<p n="310">
	  <s n="425"> (c) Proration of the amount of $112,737,100 among the individual active peacekeeping operation budgets to meet the requirements of the support account for the period from 1 July 2003 to 30 June 2004. </s>
	</p>
	<p n="311">
	  <s n="426"> Notes </s>
	</p>
	<p n="312">
	  <s n="427"> 1 The measures are described in the reports of the Secretary-General on the implementation of the report of the Panel on United Nations Peace Operations (A/55/502) and the related resource requirements (A/55/507 and Add.1) and on the implementation of the recommendations of the Special Committee on Peacekeeping Operations and the Panel on United Nations Peace Operations (A/55/977) and the related programme budget implications (A/C.5/55/46 and Corr.1 and Add.1). </s>
	  <s n="428"> The Secretary-General built his initiative on the recommendations of the Panel on United Nations Peace Operations (A/55/305-S/2000/809) and the report of the Special Committee on Peacekeeping Operations on the comprehensive review of the whole question of peacekeeping operations in all their aspects (A/55/1024 and Corr.1), as approved by the General Assembly in its resolutions 55/238 of 23 December 2000, 55/271 of 14 June 2001 and 56/241 of 24 December 2001. </s>
	</p>
	<p n="313">
	  <s n="429"> 2 At the request of the submitting office, the results-based budget frameworks are being issued without editing. </s>
	</p>
	<p n="314">
	  <s n="430"> 3 Includes the immediate office of the Under-Secretary-General, the Peacekeeping Best Practices Unit and the Executive Office. </s>
	</p>
	<p n="315">
	  <s n="431"> 4 Resource cost estimate and variance amounts are expressed in thousands of United States dollars. </s>
	</p>
	<p n="316">
	  <s n="432"> 5 Includes the Office of the Assistant Secretary-General, the Africa Division, the Asia and Middle East Division, the Europe and Latin America Division and the Situation Centre. </s>
	</p>
	<p n="317">
	  <s n="433"> 6 Includes the Office of the Assistant Secretary-General, the Administrative Support Division and the Logistics Support Division. </s>
	</p>
	<p n="318">
	  <s n="434"> 7 Includes the immediate office of the Under-Secretary-General, the Contributions Service and the Treasury. </s>
	</p>
	<p n="319">
	  <s n="435"> 8 Includes the Peacekeeping Financing Division and the Accounts Division. </s>
	</p>
	<p n="320">
	  <s n="436"> 9 Includes the Specialist Services Division, the Operational Services Division and the Medical Services Division. </s>
	</p>
	<p n="321">
	  <s n="437"> Annex II </s>
	</p>
	<p n="322">
	  <s n="438"> Abbreviations </s>
	</p>
	<p n="323">
	  <s n="439"> Summary </s>
	</p>
	<p n="324">
	  <s n="440"> The present report contains the budget for the support account for peacekeeping operations for the period from 1 July 2003 to 30 June 2004, which amounts to $115,863,100 and provides for 761 posts. </s>
	</p>
	<p n="325">
	  <s n="441"> Financial resources (Thousands of United States dollars. </s>
	  <s n="442"> Budget period is from 1 July to 30 June) </s>
	</p>
	<p n="326">
	  <s n="443"> Human resources </s>
	</p>
	<p n="327">
	  <s n="444"> a Includes 3 P-5, 7 P-4, 6 P-3 and 11 General Service staff posts (for a total of 27 posts) for resident auditors and auditing assistants that are not new to the Office of Internal Oversight Services but that were redeployed from the budgets of peacekeeping operations to the support account. </s>
	</p>
	<p n="328">
	  <s n="445"> The action to be taken by the General Assembly is set out in section III of the present report. </s>
	</p>
	<p n="329">
	  <s n="446"> Results-based budgeting logical framework for peacekeeping operations, 2003/04 </s>
	</p>
	<p n="330">
	  <s n="447"> Annex I </s>
	</p>
	<p n="331">
	  <s n="448"> Proposed staffing of the Department of Peacekeeping Operations for the period from 1 July 2003 to 30 June 2004 </s>
	</p>
	<p n="332">
	  <s n="449"> Mission Management Section </s>
	</p>
	</body>
</text>
</DOC>