<?xml version="1.0" encoding="UTF-8"?>
<DOC lang="English" n="N0263841" id="A/57/469" date="2002/10/14">
<text>
	<body>
	<p n="1">
	  <s n="1"> Fifty-seventh session </s>
	</p>
	<p n="2">
	  <s n="2"> Agenda item 118 </s>
	</p>
	<p n="3">
	  <s n="3"> Human resources management </s>
	</p>
	<p n="4">
	  <s n="4"> Human resources management reform, monitoring capacity in the Office of Human Resources Management, consultants and individual contractors, and employment of retired former staff </s>
	</p>
	<p n="5">
	  <s n="5"> Report of the Advisory Committee on Administrative and Budgetary Questions </s>
	</p>
	<p n="6">
	  <s n="6"> The Advisory Committee on Administrative and Budgetary Questions has considered the reports of the Secretary-General on consultants and individual contractors (A/57/310), on employment of retired former staff (A/57/413), on monitoring capacity in the Office of Human Resources Management (A/57/276) and on human resources management reform (A/57/293). </s>
	  <s n="7"> During its consideration of the reports, the Advisory Committee met with representatives of the Secretary-General, who provided additional information. </s>
	</p>
	<p n="7">
	  <s n="8"> Consultants and individual contractors </s>
	</p>
	<p n="8">
	  <s n="9"> The report of the Secretary-General on consultants and individual contractors for the year 2001 (A/57/310) is submitted pursuant to General Assembly resolution 53/221 of 7 April 1999. </s>
	  <s n="10"> The Advisory Committee welcomes the report and notes that the information and analysis contained therein would permit the Committee and the General Assembly to monitor this type of personnel services, which normally is not clearly explained in the United Nations proposed programme budgets. </s>
	  <s n="11"> The Committee notes that during the reporting period, the Integrated Management Information System (IMIS) was still being installed in certain offices away from Headquarters and it was not possible to present IMIS-based information on a worldwide basis. </s>
	  <s n="12"> The report therefore was issued with some delay and includes data from legacy systems for the earlier part of 2001 and from IMIS for the latter part of the reporting period (A/57/310, para. </s>
	  <s n="13"> The Committee trusts that for 2002, with the installation of IMIS in offices away from Headquarters, the problem will not recur and the report will be issued at a much earlier date. </s>
	  <s n="14"> The Committee intends to use the content of the report for 2002 during its examination of the proposed programme budget for the biennium 2004-2005. </s>
	  <s n="15"> In this connection, the Committee expects that programme managers will be informed and able to justify their own requirements for consultants and individual contractors. </s>
	</p>
	<p n="9">
	  <s n="16"> The Advisory Committee notes from paragraphs 5 to 7 and table 1 of the report that the number of consultants and individual contractors increased in 2001, as compared with recalibrated data for 2000. </s>
	  <s n="17"> The Committee was provided with data for 2000 on contracts with consultants and individual contractors, as compared with 2001, as follows (see also annexes I and II to the present report): </s>
	</p>
	<p n="10">
	  <s n="18"> The Advisory Committee notes from paragraph 9 and table 3 of the report that 48.5 per cent of the total number of contracts issued in 2001 were for administrative services (20.2 per cent for consultants and 28.3 per cent for individual contractors), while a very limited number of contracts were issued in 2001 for substantive programme activities in the budget (0.8 per cent for programme planning, 1.2 per cent for programme evaluation, 5.2 per cent for analytical studies and 9.2 per cent for programme implementation). </s>
	  <s n="19"> In the view of the Committee, the number of contracts issued for administrative services is excessive as compared with those issued for substantive programme areas. </s>
	  <s n="20"> There is a need to review this matter carefully. </s>
	</p>
	<p n="11">
	  <s n="21"> Table 2 of the annex to the report provides a breakdown of consultants and individual contractors by nationality in 2001. </s>
	  <s n="22"> Although consultants were engaged from 156 countries, 19 countries accounted for 51.8 per cent of all consultants; individual contractors came from 116 countries, although 11 countries accounted for 66.5 per cent of all individual contractors. </s>
	  <s n="23"> The Advisory Committee notes that more than 50 per cent of the persons engaged in 2001 were from developed countries. </s>
	  <s n="24"> The Committee requests that the matter be reviewed with a view to engaging more consultants and individual contractors from developing countries and from countries with economies in transition. </s>
	</p>
	<p n="12">
	  <s n="25"> The Advisory Committee notes from paragraph 10 and table 4 of the report that the largest occupational group for individual contractors in 2001 is translators and revisers (256 persons). </s>
	  <s n="26"> It further notes that a large number of contracts for consultants and individual contractors issued in 2001 under the occupational group “support related to professional, managerial and technical occupation” were for many clerical and administrative support services, including secretarial support (109 persons), typing (47 persons), text processing (7 persons), messenger services (26 persons) and filing (1 person). </s>
	  <s n="27"> The foregoing statistics point to a potential problem in the use of special service agreements. </s>
	  <s n="28"> The Committee intends to follow up on this in the context of its consideration of the proposed programme budget for the biennium 2004-2005. </s>
	</p>
	<p n="13">
	  <s n="29"> Employment of retired former staff </s>
	</p>
	<p n="14">
	  <s n="30"> The report of the Secretary-General is submitted pursuant to General Assembly decision 51/408 of 4 November 1996, requesting the Secretary-General to report every two years on all aspects of the use of retired former staff. </s>
	  <s n="31"> The report includes information for the biennium 2000-2001 on the possible revision of the ceiling on annual earnings of retirees and provides information concerning retired former staff recruited on a short-term basis. </s>
	  <s n="32"> As requested by the Committee (A/53/691, para. </s>
	  <s n="33"> 10), the report also includes statistics on persons who have retired after age 60 or 62 but have been re-employed for a period for six months or more. </s>
	</p>
	<p n="15">
	  <s n="34"> In its decision 51/408, the General Assembly decided to set a ceiling across the board of $22,000 per calendar year, representing an amount updated from the $12,000 limit set by the Assembly in 1982, for the employment of retired staff in receipt of a pension benefit from the United Nations Joint Staff Pension Fund, with the exception of language-services staff, for whom the ceiling will be $40,000 per calendar year, and to limit such employment to no more than six months per calendar year. </s>
	</p>
	<p n="16">
	  <s n="35"> As indicated in paragraph 9 of the Secretary-General&apos;s report, when the General Assembly adopted its decision 51/408, the daily rate for freelance interpreters in New York was $355, which made possible the employment of freelance interpreters for up to 112 days (or six months). </s>
	  <s n="36"> Because of cost-of-living adjustments, the current daily rate for interpreters is now $391.50, which makes possible the employment of freelance interpreters for only up to 102 days before reaching the ceiling of $40,000 per calendar year. </s>
	  <s n="37"> For the reasons explained in paragraphs 8 to 10 of the report, it is proposed that to meet the requirements of language staff of the Department of General Assembly Affairs and Conference Services (currently the Department for General Assembly and Conference Management), retired freelance language staff be allowed to work for up to 125 workdays per calendar year, which would be equivalent, at the current daily rate of $391.50, to the amount of $48,937.50 per calendar year. </s>
	  <s n="38"> The Advisory Committee was informed that the number of workdays proposed represents one half of the 250 workdays available in the calendar year. </s>
	</p>
	<p n="17">
	  <s n="39"> The Advisory Committee concurs in the proposal of the Secretary-General to set the maximum limit on the employment of retired language staff in terms of workdays rather than as a dollar amount. </s>
	  <s n="40"> The Advisory Committee therefore recommends that the maximum limit be set at 125 workdays per year. </s>
	  <s n="41"> In so doing, it will not be necessary in the future to consider frequent revisions to the limit in order to accommodate cost-of-living adjustments to the daily rate. </s>
	</p>
	<p n="18">
	  <s n="42"> The Advisory Committee welcomes the statistics and analysis provided in part III of the report for the biennium 2002-2001. </s>
	  <s n="43"> The Committee recommends that, in future, a trend analysis be included in the report, with corresponding statistical data shown in the tables of the annex to the report for the last biennium. </s>
	  <s n="44"> Moreover, the pay or grade of the retirees should be explained more clearly in the tables. </s>
	</p>
	<p n="19">
	  <s n="45"> The Advisory Committee notes that, within the breakdown of the use of retired former staff by department or office, language services in the Department of General Assembly Affairs and Conference Services accounted for 26.2 per cent of the engagement, making the Department the single largest user of retired staff (A/57/413, para. </s>
	  <s n="46"> The Committee understands that retired former language staff have been recruited from a limited number of countries. </s>
	  <s n="47"> The Committee requests that, in future, the breakdown by nationality and gender (see A/57/413, para. </s>
	  <s n="48"> 13, and annex, table 4) also show the language staff component separately. </s>
	  <s n="49"> The Committee believes that a greater effort should be made to recruit retired former language staff from a wider geographical area and, wherever feasible, to use them in a remote role, rather than run the additional expense of bringing them to a United Nations centre, bearing in mind the need for adequate resources for in-house revision. </s>
	</p>
	<p n="20">
	  <s n="50"> The Advisory Committee notes from paragraph 18 of the report that the use of retired former staff in language services decreased in the biennium 2000-2001 in the number of engagements, number of days worked and fees and salaries, as compared with the biennium 1998-1999, while in administrative services, the use of retired former staff increased in 2000-2001 in the number of engagements, number of days worked and total cost, as compared with the biennium 1998-1999. </s>
	  <s n="51"> The Committee requests that in future the reasons for these changes be explained. </s>
	</p>
	<p n="21">
	  <s n="52"> The Advisory Committee recalls that whenever a vacancy occurs, there is no dearth of new applicants. </s>
	  <s n="53"> For example, in table A.27C.10 of the proposed programme budget for the biennium 2002-2003, for the biennium 2000-2001, 50,000 applications were projected for 720 vacancies at the Professional level and higher and for the biennium 2002-2003, 70,000 applications were projected for 700 vacancies. </s>
	  <s n="54"> The Committee reiterates its view that programme managers should not use their inability to plan for vacancies and process applications in a timely manner as an excuse to engage retired personnel (see A/56/7, para. </s>
	</p>
	<p n="22">
	  <s n="55"> Monitoring capacity in the Office of Human Resources Management </s>
	</p>
	<p n="23">
	  <s n="56"> The report of the Secretary-General is submitted pursuant to General Assembly resolution 55/258 of 14 June 2001. </s>
	  <s n="57"> The report outlines a plan to build increased capacity in the Office of Human Resources Management to improve its effectiveness in monitoring all relevant activities in the Secretariat regardless of the source of funding. </s>
	  <s n="58"> The Advisory Committee notes from paragraph 20 of the report that it is the intention of the Secretary-General to continue current monitoring activities within the constraints of available resources and to adjust resources to new functions so as to develop organizational capacity to fully meet the goal of achieving the comprehensive approach for monitoring described in the report. </s>
	  <s n="59"> The Committee intends to revert to this matter in the context of its review of the Secretary-General&apos;s proposed programme budget for the biennium 2004-2005. </s>
	</p>
	<p n="24">
	  <s n="60"> Human resources management reform </s>
	</p>
	<p n="25">
	  <s n="61"> The report of the Secretary-General is submitted pursuant to General Assembly resolution 55/258 on human resources management and its decision 56/462 on young professionals. </s>
	  <s n="62"> The report outlines the progress achieved and planned future activities in each of the major initiatives for reform submitted by the Secretary-General in his report of 1 August 2000 on human resources management reform (A/55/253). </s>
	</p>
	<p n="26">
	  <s n="63"> The Advisory Committee notes that the information on achievements reported to date on the major initiatives of the human resources management reform (A/57/293, section III) and other specific issues which are cross-cutting in nature (A/57/293, section IV) cover the experience of the Secretariat for a rather short period. </s>
	  <s n="64"> In the Committee&apos;s opinion, the Secretary-General should report in a comprehensive manner on the achievements of the human resources management reform when sufficient information is available on the experiences of the Secretariat with the implementation of the reform initiatives as implemented within the prerogative of the Secretary-General or as approved by the General Assembly. </s>
	  <s n="65"> The report, which should cover relevant activities of the Secretariat regardless of the source of funding, should be submitted to the Assembly at its fifty-ninth session. </s>
	</p>
	<p n="27">
	  <s n="66"> The Advisory Committee was informed of the intention of the Secretariat to streamline further the reports of the Secretary-General on human resources management, including via publication of more data on the Intranet. </s>
	  <s n="67"> The Committee trusts that such streamlining will take into account the Committee&apos;s previously stressed concern for the need to report in an analytical manner, providing sufficient statistical data in support of the analyses and conclusions in the reports. </s>
	</p>
	<p n="28">
	  <s n="68"> Annex I Summary data (baseline) on contracts with consultants and individual contractors, 2001 and 2000 </s>
	</p>
	<p n="29">
	  <s n="69"> Annex II </s>
	</p>
	<p n="30">
	  <s n="70"> Expenditure on consultants and individual contractors by source of funding, 2000 and 2001 </s>
	</p>
	<p n="31">
	  <s n="71"> The following abbreviations are listed in the present annex: </s>
	</p>
	<p n="32">
	  <s n="72"> Note: Fees only. </s>
	  <s n="73"> Data on expenditures are derived from IMIS departments and offices at United Nations Headquarters in New York and from individual updates submitted by offices away from Headquarters to the Paradox database of the Office of Human Resources Management. </s>
	</p>
	</body>
</text>
</DOC>