<?xml version="1.0" encoding="UTF-8"?>
<DOC lang="English" n="N0265051" id="A/57/7" date="2002/10/18">
<text>
	<body>
	<p n="1">
	  <s n="1"> Fifty-seventh session </s>
	</p>
	<p n="2">
	  <s n="2"> Agenda items 111, 112 and 115 </s>
	</p>
	<p n="3">
	  <s n="3"> Review of the efficiency of the administrative and financial functioning of the United Nations </s>
	</p>
	<p n="4">
	  <s n="4"> Programme budget for the biennium 2002-2003 </s>
	</p>
	<p n="5">
	  <s n="5"> Administrative and budgetary coordination of the United Nations with the specialized agencies and the International Atomic Energy Agency </s>
	</p>
	<p n="6">
	  <s n="6"> Activities of the Advisory Committee during the fifty-sixth session of the General Assembly </s>
	</p>
	<p n="7">
	  <s n="7"> First report of the Advisory Committee on Administrative and Budgetary Questions </s>
	</p>
	<p n="8">
	  <s n="8"> Introduction </s>
	</p>
	<p n="9">
	  <s n="9"> The major functions of the Advisory Committee on Administrative and Budgetary Questions, as defined by the General Assembly in its resolution 14 (I) of 13 February 1946, are: </s>
	</p>
	<p n="10">
	  <s n="10"> (a) To examine and report on the budget submitted by the Secretary-General to the General Assembly; </s>
	</p>
	<p n="11">
	  <s n="11"> (b) To advise the General Assembly concerning any administrative and budgetary matters referred to it; </s>
	</p>
	<p n="12">
	  <s n="12"> (c) To examine on behalf of the General Assembly the administrative budgets of the specialized agencies and proposals for financial arrangements with such agencies; </s>
	</p>
	<p n="13">
	  <s n="13"> (d) To consider and report to the General Assembly on the auditors&apos; reports on the accounts of the United Nations and of the specialized agencies. </s>
	</p>
	<p n="14">
	  <s n="14"> In accordance with the provisions of General Assembly resolution 14 (I), examination of the budget by the Advisory Committee includes not only the regular assessed budget but also extrabudgetary expenditures, as well as the financing of the various peacekeeping operations, the International Tribunal for the Former Yugoslavia and the International Tribunal for Rwanda. </s>
	  <s n="15"> Pursuant to rule 157 of the rules of procedure of the General Assembly, the Committee shall perform such other duties as may be assigned to it under the Financial Regulations of the United Nations. </s>
	  <s n="16"> In addition, with regard to programmes financed by voluntary funds, the Committee reports on administrative budgets and other matters to the governing bodies of the United Nations Development Programme, the United Nations Children&apos;s Fund, the United Nations Population Fund, the Office of the United Nations High Commissioner for Refugees (voluntary funds), the United Nations Environment Programme (Environment Fund), the United Nations Habitat and Human Settlements Foundation, the United Nations Institute for Disarmament Research, the United Nations Institute for Training and Research, the United Nations University, the World Food Programme, the United Nations International Drug Control Programme and the United Nations Relief and Works Agency for Palestine Refugees in the Near East. </s>
	</p>
	<p n="15">
	  <s n="17"> Under rule 156 of the rules of procedure of the General Assembly, the members of the Advisory Committee, no two of whom shall be nationals of the same State, shall be selected on the basis of broad geographical representation, personal qualifications and experience. </s>
	</p>
	<p n="16">
	  <s n="18"> During the reporting period, the members of the Advisory Committee were: </s>
	</p>
	<p n="17">
	  <s n="19"> C. S. M. Mselle (Chairman) E. Besley Maycock (Vice-Chairman) Norma Goicochea Estenoz Gerard Biraud Nazareth Incera Rajat Saha Nicholas Thorne Vladimir V. Kuznetsov Susan McLurg Roger Tchoungui Juichi Takahara Andrzej T. Abraszewski Manlan Narcisse Ahounou Felipe Mabilangan Michiel W. H. Crom Sun Minqin </s>
	</p>
	<p n="18">
	  <s n="20"> During the fifty-sixth session of the General Assembly, the meetings of the Advisory Committee were organized into three sessions, held in New York: from 4 September to 21 December 2001; from 5 February to 5 April 2002; and from 7 to 24 May 2002. </s>
	  <s n="21"> The Committee also met in Geneva from 27 to 30 May, in The Hague on 3 and 4 June, in Arusha on 6 and 7 June, in Asmara on 9 and 10 June, in Assab, Eritrea, on 11 June, in Addis Ababa on 12 and 13 June, in Nairobi on 17 and 18 June and in Paris on 21 June 2002. </s>
	  <s n="22"> The present report presents general observations and relates in factual terms the matters that were before the Committee at the various locations away from Headquarters (see annex I). </s>
	</p>
	<p n="19">
	  <s n="23"> Under the terms of General Assembly resolutions 49/233 A of 23 December 1994 on peacekeeping operations and 52/223 of 22 December 1997 on unforeseen and extraordinary expenses, in accordance with existing procedures, the Advisory Committee replied to various requests of the Secretary-General by letter during the fifty-sixth session of the Assembly. </s>
	  <s n="24"> In most cases, the Committee authorized the Secretary-General to enter into commitments to undertake various peacekeeping operations. </s>
	  <s n="25"> A list of the Committee&apos;s letters to the Secretary-General is contained in annex II to the present report. </s>
	</p>
	<p n="20">
	  <s n="26"> General observations </s>
	</p>
	<p n="21">
	  <s n="27"> The comments and recommendations of the Advisory Committee reached during the meetings it held in New York are contained in the reports it submits to the General Assembly and other legislative bodies (see annex II below). </s>
	  <s n="28"> The detailed comments and recommendations of the Committee on the meetings it held away from Headquarters will be submitted to the Assembly at its fifty-seventh and fifty-eighth sessions in the context of the specific reports the Committee will be issuing on related matters, including proposals of the Secretary-General relating to the regular budget of the United Nations, peacekeeping operations and the International Tribunals. </s>
	  <s n="29"> In the present report, the Committee therefore confines itself to general observations. </s>
	</p>
	<p n="22">
	  <s n="30"> In the course of its meetings held away from Headquarters, the Advisory Committee sought information on the effects of across-the-board budget cuts on the activities of the entities it visited. </s>
	  <s n="31"> In many instances, the Committee was informed that budget cuts had necessitated a halt or paring down of planned improvements and innovations in the area of information technology. </s>
	  <s n="32"> The Committee expresses its concern that delays in the implementation of these activities could have a negative impact on efforts to improve efficiency and, in the longer term, to achieve savings. </s>
	</p>
	<p n="23">
	  <s n="33"> The Advisory Committee once again stresses the desirability of coordination among the specialized agencies in such areas as security, printing and procurement. </s>
	  <s n="34"> The Committee notes and welcomes the establishment of the Management Ownership Committee, which is composed of the executive heads of Geneva-based organizations, and the Common Services Task Force in Geneva. </s>
	  <s n="35"> It also acknowledges the work done under the auspices of the High-level Committee on Management of the United Nations System Chief Executives Board for Coordination to establish cost-sharing arrangements for the Office of the United Nations Security Coordinator. </s>
	  <s n="36"> However, the Committee found little evidence of coordination among the agencies in the area of security in Geneva proper, nor does there seem to be much coordination in printing services. </s>
	  <s n="37"> It welcomes, however, the information provided to it that the United Nations Office at Geneva coordinates a common purchasing service for information technology supplies and services, which is open to all agencies. </s>
	  <s n="38"> In Nairobi, joint arrangements are in place for, among other things, security, medical, information technology, printing and legal services, with the United Nations Office at Nairobi providing the bulk of such services to the agencies in Nairobi. </s>
	  <s n="39"> Furthermore, the Committee notes the establishment of the Inter-Agency Administrative Coordination Committee, which provides a mechanism for feedback and consultation between the Office and client agencies in Nairobi. </s>
	</p>
	<p n="24">
	  <s n="40"> The Advisory Committee notes that building projects are planned or are in progress for the World Intellectual Property Organization, the World Health Organization, the International Labour Organization and the United Nations Office at Nairobi. </s>
	  <s n="41"> The Committee cautions against undertaking costly long-term construction projects, which, when completed, may not accommodate all staff. </s>
	  <s n="42"> Growth patterns in staffing should be taken into account and the possibility of subletting space that is in excess of current needs should be explored when planning such projects. </s>
	</p>
	<p n="25">
	  <s n="43"> Delegation of authority and the granting of increased flexibility to programme managers continue to be issues of concern throughout the system. </s>
	  <s n="44"> The Advisory Committee notes, for example, that the Office of the United Nations High Commissioner for Human Rights has expressed concern regarding the fact that as an integral part of the United Nations Secretariat it does not have delegated financial authority and therefore all requests for allotments must be channelled through the United Nations Office at Geneva, at times causing delays in funding that are perceived as diminishing the operational effectiveness of the Office. </s>
	  <s n="45"> The Committee maintains the view that the key to effective delegation is a concomitant reinforcement of accountability. </s>
	</p>
	<p n="26">
	  <s n="46"> The Economic Commission for Europe (ECE) believes that there is lack of transparency in the allocation and use by the United Nations Office at Geneva of resources that have been approved for administration and conference and general services at ECE. </s>
	  <s n="47"> The issuance of allotments to the United Nations Office at Geneva and budgetary control are carried out directly by United Nations Headquarters against approved ECE resources. </s>
	  <s n="48"> According to ECE, the current working arrangements with the United Nations Office at Geneva do not provide incentives to programme managers at the Commission to achieve savings under those objects of expenditure. </s>
	  <s n="49"> ECE would prefer to obtain services directly on a competitive basis from various potential service providers, including the United Nations Office at Geneva. </s>
	</p>
	<p n="27">
	  <s n="50"> The Advisory Committee notes with interest the steps taken by the United Nations Educational, Scientific and Cultural Organization in its development of a table of financial authority for its headquarters and its plans to develop a similar table for the field. </s>
	</p>
	<p n="28">
	  <s n="51"> The Advisory Committee has noted that the International Tribunals are experiencing a number of human resources problems. </s>
	  <s n="52"> Among these has been the lengthy periods required for the advertisement of vacancy announcements and the consequent delays in recruitment. </s>
	  <s n="53"> In the opinion of the Committee, greater flexibility for entities with limited mandates should help to address this problem. </s>
	  <s n="54"> The Committee was informed that the new staff selection system (see ST/AI/2002/4) would provide some flexibility in this regard. </s>
	  <s n="55"> The Committee intends to follow up on this issue when it considers the budgets of the Tribunals and the peacekeeping operations. </s>
	  <s n="56"> The Committee also notes with concern the increasing trend of transferring experienced staff from established field missions to start-up missions, leaving a void of expertise in the established missions. </s>
	</p>
	<p n="29">
	  <s n="57"> The Advisory Committee notes that the International Tribunal for Rwanda has opted not to apply, for the time being, some aspects of the new human resources policies adopted by the General Assembly that would permit personnel recruited by the Tribunal after May 2002 to apply as internal candidates for vacancies in the system. </s>
	  <s n="58"> It is the view of the Tribunal that problems could ensue as a result of the different treatment of staff hired prior to May 2002. </s>
	</p>
	<p n="30">
	  <s n="59"> Annex I </s>
	</p>
	<p n="31">
	  <s n="60"> Meetings of the Advisory Committee on Administrative and Budgetary Questions </s>
	</p>
	<p n="32">
	  <s n="61"> Meetings held in New York </s>
	</p>
	<p n="33">
	  <s n="62"> During its sessions in New York, the Advisory Committee considered a number of reports related to the United Nations regular budget, United Nations peacekeeping operations and other administrative and budgetary matters of the United Nations and its funds and programmes. </s>
	  <s n="63"> In the course of its consideration of the reports, the Committee met with representatives of the Secretary-General and of the executive heads of funds and programmes. </s>
	  <s n="64"> The reports of the Committee are listed in annex II. </s>
	</p>
	<p n="34">
	  <s n="65"> Meetings held away from Headquarters </s>
	</p>
	<p n="35">
	  <s n="66"> United Nations Office at Geneva and programmes and agencies in Geneva </s>
	</p>
	<p n="36">
	  <s n="67"> The Advisory Committee&apos;s discussions with representatives of the United Nations Office at Geneva on 27 May 2002 focused on central support services and other operations of the Office, including matters related to security initiatives implemented in 2002, cooperation in common services (e.g., travel services, electricity rates, information technology and cleaning services), office space and facility management. </s>
	  <s n="68"> The Committee was also briefed on the status of budget implementation, in particular on the impact of General Assembly resolutions 56/254 A to C of 24 December 2001; on electronic services and matters related to the Integrated Management Information System; on human resources management issues, such as recruitment time, administration of justice, the staff selection system and monitoring mechanisms; and on conference servicing issues, such as technological innovations, précis writing and the scarcity of qualified language staff. </s>
	</p>
	<p n="37">
	  <s n="69"> On 28 May 2002, a joint meeting was held with representatives of the International Telecommunication Union, the World Health Organization, the International Labour Organization, the World Meteorological Organization and the World Intellectual Property Organization. </s>
	  <s n="70"> Discussions centred on inter-agency cooperation in Geneva in such areas as security, printing, procurement, building construction, management, maintenance, Joint Inspection Unit management studies and the functioning of the United Nations System Chief Executives Board for Coordination. </s>
	</p>
	<p n="38">
	  <s n="71"> On 29 May 2002, the Advisory Committee met with the Deputy High Commissioner for Human Rights and other representatives of the Office of the High Commissioner for Human Rights. </s>
	  <s n="72"> The Committee was briefed on action taken to implement a number of its recommendations on issues such as the management of extrabudgetary posts, projections of extrabudgetary resources and the consistency with the medium-term plan of activities funded from extrabudgetary resources in the light of the increase in contributions to human rights activities from extrabudgetary sources; the system of rapporteurs and the attendant publication workload; and the development of indicators of achievement of expected accomplishments. </s>
	  <s n="73"> The following issues were also discussed: the working arrangements of the Office with the Department of Management and the United Nations Office at Geneva, in particular the fact that the Office, as part of the United Nations Secretariat, does not have delegated financial authority; measures taken by the Office to regularize situations where permanent functions are being carried out using general temporary assistance funds; progress with regard to the proposal by the Secretary-General to rationalize human rights bodies; and the impact of cuts in the regular budget for 2002-2003 relating to the work of the Office. </s>
	</p>
	<p n="39">
	  <s n="74"> On 29 May 2002, the Advisory Committee exchanged views with the Inspectors of the Joint Inspection Unit on matters of mutual interest and discussed the programme of work of the Unit. </s>
	</p>
	<p n="40">
	  <s n="75"> The Advisory Committee met with the Executive Secretary and other representatives of the Economic Commission for Europe (ECE) on 30 May 2002. </s>
	  <s n="76"> The Committee was informed that the social sector would be strengthened in the Commission&apos;s work programme, with priority areas of work to include ageing and gender, while areas such as transport, trade and, to a certain extent, environmental matters would be de-emphasized. </s>
	  <s n="77"> The representatives of ECE discussed the Commission&apos;s current working arrangements with the United Nations Office at Geneva and the allocation and use by the Office of resources that have been approved for ECE for administration and conference and general services, as well as the Commission&apos;s need for more flexibility in the implementation of its budget, in particular in the use of resources budgeted for posts. </s>
	  <s n="78"> The representatives of ECE reported that budget cuts for the biennium 2002-2003 had negatively affected the Commission&apos;s programme of work in a number of areas, most notably information technology, communications, the translation and production of publications, travel and the maintenance of statistical databases. </s>
	  <s n="79"> Finally, the Committee was informed that further progress had been made in refining expected accomplishments and indicators of achievement for the proposed programme budget for the biennium 2004-2005 to be able to link outputs more closely with the objectives set out in the medium-term plan. </s>
	</p>
	<p n="41">
	  <s n="80"> The Advisory Committee met with representatives of the Office of the United Nations High Commissioner for Refugees (UNHCR) on 30 May 2002. </s>
	  <s n="81"> The Committee was briefed on a number of issues, including the UNHCR operations in Afghanistan and Eritrea. </s>
	  <s n="82"> UNHCR has overall coordinating responsibility in respect of the provision of assistance to internally displaced persons in Afghanistan. </s>
	  <s n="83"> Among other factors affecting the work of UNHCR in Afghanistan is the funding of shortfalls facing key assistance partners. </s>
	  <s n="84"> With regard to the voluntary repatriation of Eritreans from the Sudan, the Committee was informed that a total of 47,000 people had been assisted to return home out of a targeted 160,000 for the period from May 2001 to December 2002. </s>
	  <s n="85"> On the issue of programme funding, UNHCR projects an income shortfall of $98.7 million. </s>
	  <s n="86"> For 2003, given the special situation of the Afghanistan operation, UNHCR plans to set up the requirements of the operation outside the annual programme budget. </s>
	  <s n="87"> The Committee was also briefed on air operations and on measures taken to improve the management of security and to enhance the safety of both staff and refugees in field operations. </s>
	</p>
	<p n="42">
	  <s n="88"> International Tribunal for the Former Yugoslavia, International Tribunal for Rwanda and International Court of Justice </s>
	</p>
	<p n="43">
	  <s n="89"> The briefings in The Hague on the operations of the International Tribunal for the Former Yugoslavia on 3 June included presentations by the President of the Tribunal, the Prosecutor and the Deputy Prosecutor, the Registrar and other senior staff of the Tribunal. </s>
	  <s n="90"> The Tribunal&apos;s completion strategy and the related issues of judicial reform in Bosnia and Herzegovina and criteria and procedures for the future referral of cases to national courts were discussed in some detail. </s>
	  <s n="91"> The Committee was informed that the Office of the Prosecutor had 25 remaining investigations to complete by the end of 2003, which could result in 30 new indictments involving approximately 100 accused. </s>
	  <s n="92"> It is envisioned that by the end of 2004, cases involving 50 of those 100 accused might be remitted to national courts. </s>
	  <s n="93"> What role the Tribunal would play in the local courts was, as yet, unclear; the procedures were being discussed. </s>
	  <s n="94"> The Kosovo model, using international judges, was one option. </s>
	  <s n="95"> The Committee was informed that six trials were being conducted concurrently in the Tribunal. </s>
	  <s n="96"> The need for 2 additional preparatory teams, for a total of 12, was discussed. </s>
	  <s n="97"> The goal was to have six trials fully prepared so that when the current trials were completed, six new ones could begin immediately. </s>
	  <s n="98"> The Committee was also informed of the planned establishment of a bar association and amendment of the code of professional conduct to include a disciplinary regime and provisions on fee-splitting and conflict of interest. </s>
	  <s n="99"> Among other issues discussed was the vast amount of documentation that must be translated and prospective solutions to the delays this requirement has contributed to. </s>
	</p>
	<p n="44">
	  <s n="100"> On 4 June 2002, the Advisory Committee exchanged views with the Prosecutor for the International Tribunal for Rwanda, who is based in The Hague and who also serves concurrently as the Prosecutor for the International Tribunal for the Former Yugoslavia. </s>
	  <s n="101"> Discussions centred on the difficulties being encountered in securing the cooperation of Governments in tracking and apprehending suspects and obtaining documentation; the full docket of the three trial chambers and the use of joint trials and a “twin-tracking” system, whereby each trial chamber is adjudicating two trials in rotation; the need for ad litem judges; and the large number of vacant posts in the Tribunal. </s>
	</p>
	<p n="45">
	  <s n="102"> On 4 June 2002, the Advisory Committee also met with members of the International Court of Justice and its Registrar at the Peace Palace in The Hague and discussed various issues of concern to the Committee and the Court. </s>
	  <s n="103"> As regards the workload of the Court, the Committee was informed that 24 cases were currently pending; however, it was difficult to forecast workload, as the Court had no control over the number and timing of new proceedings. </s>
	  <s n="104"> New cases are brought before the Court by Member States and advisory opinions are requested by the United Nations and its specialized agencies without prior notice to the Court. </s>
	  <s n="105"> Conversely, the parties can withdraw cases at any moment. </s>
	  <s n="106"> The Committee was informed that the Court was taking steps to improve its working methods, in particular through the introduction of information technologies. </s>
	  <s n="107"> The representatives of the Court reported that its web site continued to be very successful (some 225,000 copies of its judgements are downloaded and some 140,000 persons use the web site yearly); however, budget cuts approved by the General Assembly for the biennium 2002-2003 had affected the provision of services by the Registry in several administrative support areas, including information technology, communications, travel, contractual services and equipment. </s>
	</p>
	<p n="46">
	  <s n="108"> C. International Tribunal for Rwanda </s>
	</p>
	<p n="47">
	  <s n="109"> On 6 and 7 June 2002, the Advisory Committee met in Arusha with the President of the International Tribunal for Rwanda and other judges, the Registrar and senior staff of the Office of the Prosecutor (see also para. </s>
	  <s n="110"> 9 above) and other representatives of the Tribunal. </s>
	  <s n="111"> On 7 June, the Committee also visited the United Nations Detention Facility in Arusha. </s>
	  <s n="112"> On the subject of courtroom scheduling and the workload of the chambers, the Committee was informed that there were nine trials in progress, three in each of the chambers. </s>
	  <s n="113"> The judges reported that a great deal of time was spent hearing motions and cited the need to act preventively to avoid excessive motions. </s>
	  <s n="114"> Weekly meetings with the parties had been instituted for this purpose and had proven effective. </s>
	  <s n="115"> The concept of twin-tracking, which the Committee had expressed concern about previously (see A/56/666), was also discussed. </s>
	</p>
	<p n="48">
	  <s n="116"> On personnel matters, the Advisory Committee was briefed on measures being taken to address the continuing high vacancy rate in the Tribunal. </s>
	  <s n="117"> Among other things, the representatives of the Tribunal stressed the urgent need for revisers in the Tribunal and highlighted the difficulties encountered in attracting language staff because of the low post levels offered to them at the Tribunal compared with elsewhere in the system. </s>
	  <s n="118"> Other issues discussed included the legal aid system, the enforcement of sentences, the question of witnesses who are brought to the Tribunal but do not testify and the related expenses, and court management. </s>
	</p>
	<p n="49">
	  <s n="119"> United Nations Mission in Ethiopia and Eritrea </s>
	</p>
	<p n="50">
	  <s n="120"> On 9 and 10 June 2002, the Advisory Committee met in Asmara with the Special Representative of the Secretary-General and his senior staff and was briefed on the operations of the United Nations Mission in Ethiopia and Eritrea (UNMEE), as well as on progress made in the peace process. </s>
	  <s n="121"> The Chief Administrative Officer and his senior colleagues briefed the Committee on the main administrative, personnel, budgetary, logistical and general service issues, including recruitment efforts to fill vacancies and the high turnover rate for international staff in UNMEE, as well as on the UNMEE civilian medical support system. </s>
	  <s n="122"> On 9 June the Committee also met at the United Nations Development Programme compound with the United Nations organizations in Asmara and visited the Mine Action Coordination Centre. </s>
	  <s n="123"> The Committee was informed that more than 180,000 internally displaced persons and more than 30,000 refugees had been assisted by the international community to return to their areas of origin. </s>
	  <s n="124"> However, a large number of internally displaced persons were unable to return to their homes because of minefields and unexploded ordnance. </s>
	  <s n="125"> Agencies and humanitarian programmes continued to assist in reconstruction activities, and quick-impact projects were an important element of this assistance. </s>
	  <s n="126"> The Committee was informed that some $700,000 had been approved for 64 such projects. </s>
	  <s n="127"> On 10 June, the Committee visited the integrated warehouses and the water purification and bottling plants. </s>
	</p>
	<p n="51">
	  <s n="128"> On 11 June 2002, the Advisory Committee visited the Sector East headquarters of UNMEE and the Slovak engineering/demining company in Assab. </s>
	  <s n="129"> The Committee also visited the Kenyan battalion at point 60, where it was briefed on the new accommodation arrangements provided by the United Nations. </s>
	</p>
	<p n="52">
	  <s n="130"> On 12 June 2002, the Advisory Committee was briefed by UNMEE senior staff members in Addis Ababa on human rights and the military and administrative components of the Mission in Addis Ababa and toured the new premises. </s>
	  <s n="131"> UNMEE was formerly housed in containers located on the ECA premises. </s>
	</p>
	<p n="53">
	  <s n="132"> E. Economic Commission for Africa </s>
	</p>
	<p n="54">
	  <s n="133"> On 12 and 13 June 2002, the Advisory Committee met in Addis Ababa with the Executive Secretary of the Economic Commission for Africa and his senior programme managers. </s>
	  <s n="134"> A number of issues were discussed, including the role and effectiveness of the subregional development centres and potential duplication in the work of the Special Representatives of the Secretary-General in the region and the centres; the Commission&apos;s information technology modernization project; progress in the development of the web site; efforts to reduce the number of publications issued by the Commission; steps taken to reduce the ratio of General Service to Professional staff and to lower the vacancy rates for Professional staff; and management of the United Nations Conference Centre. </s>
	</p>
	<p n="55">
	  <s n="135"> United Nations Office at Nairobi, United Nations Environment Programme and United Nations Human Settlements Programme </s>
	</p>
	<p n="56">
	  <s n="136"> At its meetings on 17 June 2002 with representatives of the United Nations Office at Nairobi, the Advisory Committee was briefed on the challenges of Nairobi as a duty station, the integrated budget of the Division of Administrative Services, the United Nations common services project in Kenya and security and conference servicing issues. </s>
	  <s n="137"> The Committee was informed that a common services project had been launched in 2000-2001 that included joint arrangements for, among other things, security, medical, information technology and legal services. </s>
	  <s n="138"> At present, most services were provided by the United Nations Office at Nairobi to the other agencies in Nairobi. </s>
	  <s n="139"> The Inter-Agency Administrative Coordination Committee provides a forum for discussion between the Office and its clients. </s>
	</p>
	<p n="57">
	  <s n="140"> In response to its enquiry concerning the effects of budget cuts on the Office, the Advisory Committee was informed that, as outsourced contacts had to be paid, budget cuts, of necessity, were made in virtually every other area. </s>
	  <s n="141"> Information technology was an area that had been particularly affected. </s>
	  <s n="142"> The Committee was briefed on the proposal to construct additional office space to be financed through a loan from the United Nations Environment Programme (UNEP). </s>
	  <s n="143"> The aim was to establish a United Nations house to accommodate all United Nations personnel in the same compound. </s>
	  <s n="144"> At present, 1,600 staff are in the United Nations complex and 600 are elsewhere in Nairobi. </s>
	</p>
	<p n="58">
	  <s n="145"> On the issue of cooperation in conference services, the Advisory Committee was informed that the United Nations Office at Nairobi had an agreement, which would be formalized shortly, to assist the Economic Commission for Africa with conference services when needed. </s>
	  <s n="146"> In addition, the Office was actively cooperating with conference services in the International Tribunal for Rwanda, and both the Commission and the Tribunal used the printing services of the United Nations Office at Nairobi. </s>
	</p>
	<p n="59">
	  <s n="147"> On human resources issues, the Advisory Committee was informed that the average time required to recruit staff for the United Nations Office at Nairobi was six months and that the Office had managed to achieve a relatively low vacancy rate through temporary recruitment. </s>
	</p>
	<p n="60">
	  <s n="148"> On 18 June 2002, the Advisory Committee met with the Deputy Executive Director of UNEP and other UNEP officials. </s>
	  <s n="149"> The Committee was briefed on the activities and programme of work of UNEP, including preparations for its participation in the World Summit on Sustainable Development (which was held in Johannesburg from 26 August to 4 September 2002). </s>
	  <s n="150"> The composition and role of the UNEP governing bodies and the organizational structure of the UNEP secretariat and outposted offices were also discussed in some detail. </s>
	  <s n="151"> The Committee was informed of a revised financial framework for UNEP for the biennium 2002-2003 as at 15 June 2002 showing projected income under the Environment Fund to be significantly lower than originally estimated in the budget proposal. </s>
	</p>
	<p n="61">
	  <s n="152"> Also on 18 June, a team of senior managers of the United Nations Human Settlements Programme (UN-Habitat) provided the Advisory Committee with an overview of the mission and objectives of the Programme and discussed its strengthened mandate and new status, as a result of the adoption by the General Assembly of its resolution 56/206 of 21 December 2001, as a programme of the United Nations. </s>
	  <s n="153"> The Committee was briefed on the activities of UN-Habitat in such areas as post-conflict reconstruction, sustainable urbanization, secure tenure and urban governance. </s>
	  <s n="154"> The proposed revised medium-term plan for UN-Habitat, the role of its governing body, the funding mechanisms and instruments of information-sharing with Governments and partners were also discussed. </s>
	</p>
	<p n="62">
	  <s n="155"> United Nations Educational, Scientific and Cultural Organization </s>
	</p>
	<p n="63">
	  <s n="156"> The Advisory Committee met with representatives of the United Nations Educational, Scientific and Cultural Organization (UNESCO) at its headquarters in Paris. </s>
	  <s n="157"> Discussions focused on the status of implementation of results-based management; evaluation mechanisms, oversight and accountability; personnel policy reform; and implementation of the new finance and budget system. </s>
	  <s n="158"> The Committee was informed that a college of Assistant Directors-General had been established by the Director-General as an informal policy-debating body to review, every six months, the implementation of programmes focusing on the use of resources and the need for eventual reallocation, as well as the attainment of expected results. </s>
	  <s n="159"> The Committee was also informed that efforts towards greater delegation of authority were under way; a table of financial authority had been completed for UNESCO headquarters, and a similar table was planned for the field offices. </s>
	  <s n="160"> On the subject of the finance and budget system, it was reported that the system was an adaptation of a commercially available software package that would be used to manage all financial and material resources needed for programme delivery and to record all transactions and bring them to account. </s>
	  <s n="161"> There would also in future be a component for the management of human resources and payroll. </s>
	  <s n="162"> The Committee was briefed on human resources reform in UNESCO and the restructuring of the secretariat at headquarters, including the reduction of posts at the D-1 level and above. </s>
	</p>
	<p n="64">
	  <s n="163"> Annex II </s>
	</p>
	<p n="65">
	  <s n="164"> Reports of the Advisory Committee on Administrative and Budgetary Questions submitted during the fifty-fifth and fifty-sixth sessions of the General Assembly </s>
	</p>
	<p n="66">
	  <s n="165"> Fall session 2000 (New York, 5 September-22 December) </s>
	</p>
	<p n="67">
	  <s n="166"> Reports to the General Assembly </s>
	</p>
	<p n="68">
	  <s n="167"> A/55/376 Review of the problem of human immunodeficiency virus/acquired immunodeficiency syndrome in all its aspects (12 September 2000) </s>
	</p>
	<p n="69">
	  <s n="168"> A/55/430 Provision of interpretation services to meetings of regional and other major groupings of Member States; improved utilization of conference facilities at the United Nations Office at Nairobi; remote interpretation (28 September 2000) </s>
	</p>
	<p n="70">
	  <s n="169"> A/55/458 Procurement reform and measures taken to improve procurement activities in the field (6 October 2000) </s>
	</p>
	<p n="71">
	  <s n="170"> A/55/479 Outsourcing practices (13 October 2000) </s>
	</p>
	<p n="72">
	  <s n="171"> A/55/481 United Nations pension system (13 October 2000) </s>
	</p>
	<p n="73">
	  <s n="172"> A/55/487 Financial reports and audited financial statements and reports of the Board of Auditors (16 October 2000) </s>
	</p>
	<p n="74">
	  <s n="173"> A/55/499 Human resources management reform, accountability and responsibility, personnel practices and management irregularities (19 October 2000) </s>
	</p>
	<p n="75">
	  <s n="174"> A/55/514 Administration of justice in the United Nations (23 October 2000) </s>
	</p>
	<p n="76">
	  <s n="175"> A/55/516 United Nations Interim Force in Lebanon (24 October 2000) </s>
	</p>
	<p n="77">
	  <s n="176"> A/55/531 Financing of the United Nations Transitional Administration in East Timor (30 October 2000) </s>
	</p>
	<p n="78">
	  <s n="177"> A/55/543 Results-based budgeting (3 November 2000) </s>
	</p>
	<p n="79">
	  <s n="178"> A/55/624 Financing of the United Nations Interim Administration Mission in Kosovo (13 November 2000) </s>
	</p>
	<p n="80">
	  <s n="179"> A/55/642 Financing of the International Tribunal for the Prosecution of Persons Responsible for Serious Violations of International Humanitarian Law Committed in the Territory of the Former Yugoslavia since 1991: proposed requirements for 2001 (22 November 2000) </s>
	</p>
	<p n="81">
	  <s n="180"> A/55/643 Financing of the International Criminal Tribunal for the Prosecution of Persons Responsible for Genocide and Other Serious Violations of International Humanitarian Law Committed in the Territory of Rwanda and Rwandan Citizens Responsible for Genocide and Other Such Violations Committed in the Territory of Neighbouring States between 1 January and 31 December 1994 (22 November 2000) </s>
	</p>
	<p n="82">
	  <s n="181"> A/55/658 Safety and security of United Nations personnel (1 December 2000) </s>
	</p>
	<p n="83">
	  <s n="182"> A/55/674 The situation in Central America: procedures for the establishment of a firm and lasting peace and progress in fashioning a region of peace, freedom, democracy and development: programme budget implications of draft resolution A/55/L.42 (8 December 2000) </s>
	</p>
	<p n="84">
	  <s n="183"> A/55/676 Implementation of the report of the Panel on United Nations Peace Operations (8 December 2000) </s>
	</p>
	<p n="85">
	  <s n="184"> A/55/677 The critical situation of the International Research and Training Institute for the Advancement of Women: programme budget implications of the draft resolution contained in document A/C.3/55/L.16/Rev.1 (8 December 2000) </s>
	</p>
	<p n="86">
	  <s n="185"> A/55/680 United Nations Verification Mission in Guatemala: programme budget implications of draft resolution A/55/L.33/Rev.1 (12 December 2000) </s>
	</p>
	<p n="87">
	  <s n="186"> A/55/685 Proposed programme budget outline for the biennium and Corr.1 2002-2003 (13 December 2000) </s>
	</p>
	<p n="88">
	  <s n="187"> A/55/688 Financing of the United Nations Mission in Ethiopia and Eritrea (13 December 2000) </s>
	</p>
	<p n="89">
	  <s n="188"> Programme budget for the biennium 2000-2001 </s>
	</p>
	<p n="90">
	  <s n="189"> A/55/7 First report: activities of the Advisory Committee on Administrative and Budgetary Questions during the fifty-fourth session of the General Assembly (14 November 2000) </s>
	</p>
	<p n="91">
	  <s n="190"> A/55/7/Add.1 Review and assessment of the asbestos problem at the United Nations; facilities management; overseas properties management and information exchange network; common services; internal and external printing practices; and proposed measures to improve the profitability of commercial activities (22 November 2000) </s>
	</p>
	<p n="92">
	  <s n="191"> A/55/7/Add.2 Revised estimates under section 7, International Court of Justice, section 32, Staff assessment, and income section 1, Income from staff assessment (28 November 2000) </s>
	</p>
	<p n="93">
	  <s n="192"> A/55/7/Add.3 Review of the Information Systems Coordination Committee (8 December 2000) </s>
	</p>
	<p n="94">
	  <s n="193"> A/55/7/Add.4 Capital master plan (11 December 2000) </s>
	</p>
	<p n="95">
	  <s n="194"> A/55/7/Add.5 First performance report on the programme budget for the and Corr.1 biennium 2000-2001 (12 December 2000) </s>
	</p>
	<p n="96">
	  <s n="195"> A/55/7/Add.6 Revised estimates in respect of matters of which the Security Council is seized (14 December 2000) </s>
	</p>
	<p n="97">
	  <s n="196"> A/55/7Add.7 Construction of additional conference facilities at Bangkok and Addis Ababa (20 December 2000) </s>
	</p>
	<p n="98">
	  <s n="197"> A/55/7Add.8 Integrated management information system project (11 January 2001) </s>
	</p>
	<p n="99">
	  <s n="198"> Other reports </s>
	</p>
	<p n="100">
	  <s n="199"> DP/2000/38 Revised budget estimates for the biennium 2000-2001 and responsibility of the United Nations Office for Project Services in personnel matters (18 September 2000) </s>
	</p>
	<p n="101">
	  <s n="200"> A/AC.96/932/ Office of the United Nations High Commissioner for Add.1 Refugees: annual programme budget for 2000 (25 September 2000) </s>
	</p>
	<p n="102">
	  <s n="201"> WFP/EB.3/2000/4 Report on budgetary performance for 1998-1999, (A, B, D)/2 audited biennial accounts for 1998-1999 and strengthening the management capacity of the World Food Programme (13 October 2000) </s>
	</p>
	<p n="103">
	  <s n="202"> HS/C/18/9/Add.1 Proposed budget of the United Nations Habitat and Human Settlements Foundation for the biennium 2002-2003 (22 December 2000) </s>
	</p>
	<p n="104">
	  <s n="203"> UNEP/GC.21/6/ Proposed programme and support budget of the United Add.1 Nations Environment Programme for 2002-2003 (7 December 2000) </s>
	</p>
	<p n="105">
	  <s n="204"> AC/1440 United Nations Institute for Disarmament Research: draft work programme and proposed budget for 2001 (30 November 2000) </s>
	</p>
	<p n="106">
	  <s n="205"> E/ICEF/2001/AB/ United Nations Children&apos;s Fund: establishment of an L.4 operational reserve (26 December 2000) </s>
	</p>
	<p n="107">
	  <s n="206"> Letters to the Secretary-General </s>
	</p>
	<p n="108">
	  <s n="207"> AC/1432 Voluntary Trust Fund for Assistance in Mine Action (12 September 2000) </s>
	</p>
	<p n="109">
	  <s n="208"> AC/1433 United Nations Mission in Ethiopia and Eritrea (8 September 2000) </s>
	</p>
	<p n="110">
	  <s n="209"> AC/1437 Reappointment to the United Nations Investment Committee (11 October 2000) </s>
	</p>
	<p n="111">
	  <s n="210"> AC/1442 United Nations Fund for International Partnerships: estimates for administrative costs for the year 2001 (29 December 2000) </s>
	</p>
	<p n="112">
	  <s n="211"> Oral statements </s>
	</p>
	<p n="113">
	  <s n="212"> Pattern of conferences: programme budget implications of draft resolution A/C.5/54/L.83 </s>
	</p>
	<p n="114">
	  <s n="213"> Administrative and financial implications of the decisions and recommendations contained in the report of the International Civil Service Commission </s>
	</p>
	<p n="115">
	  <s n="214"> Request for a subvention to the United Nations Institute for Disarmament Research resulting from the recommendations of the Board of Trustees of the Institute on the work programme of the Institute for 2001 </s>
	</p>
	<p n="116">
	  <s n="215"> Financing of the International Tribunal for the Prosecution of Persons Responsible for Serious Violations of International Humanitarian Law Committed in the Territory of the Former Yugoslavia since 1991 </s>
	</p>
	<p n="117">
	  <s n="216"> Financing of the International Criminal Tribunal for the Prosecution of Persons Responsible for Genocide and Other Serious Violations of International Humanitarian Law Committed in the Territory of Rwanda and Rwandan Citizens Responsible for Genocide and Other Such Violations Committed in the Territory of Neighbouring States between 1 January and 31 December 1994 </s>
	</p>
	<p n="118">
	  <s n="217"> Security arrangements at the United Nations Office at Geneva </s>
	</p>
	<p n="119">
	  <s n="218"> Programme budget implications: emergency international assistance for peace, normalcy and reconstruction of war-stricken Afghanistan and the situation in Afghanistan and its implications for international peace and security </s>
	</p>
	<p n="120">
	  <s n="219"> Revised estimates resulting from resolutions and decisions adopted by the Economic and Social Council at its substantive session of 2000 </s>
	</p>
	<p n="121">
	  <s n="220"> Programme budget implications: human rights in Palestine </s>
	</p>
	<p n="122">
	  <s n="221"> Contingency fund: consolidated statement of programme budget implications and revised estimates </s>
	</p>
	<p n="123">
	  <s n="222"> Winter session 2001 (New York, 6 February-30 March) </s>
	</p>
	<p n="124">
	  <s n="223"> Reports to the General Assembly </s>
	</p>
	<p n="125">
	  <s n="224"> A/55/688/ Financing of the United Nations Mission in Ethiopia and Add.1 Eritrea (2 March 2001) </s>
	</p>
	<p n="126">
	  <s n="225"> A/55/806 Conditions of service for the ad litem judges of the International Tribunal for the Former Yugoslavia (23 February 2001) </s>
	</p>
	<p n="127">
	  <s n="226"> A/55/828 Experiences learned from the use of resident auditors at peacekeeping missions (12 March 2001) </s>
	</p>
	<p n="128">
	  <s n="227"> A/55/829 Procurement-related arbitration (9 March 2001) </s>
	</p>
	<p n="129">
	  <s n="228"> A/55/836 Financial reports and audited financial statements and reports of the Board of Auditors (13 March 2001) </s>
	</p>
	<p n="130">
	  <s n="229"> A/55/839 Financing of the United Nations Mission in Sierra Leone (16 March 2001) </s>
	</p>
	<p n="131">
	  <s n="230"> A/55/869 Financial performance report of the United Nations Mission in Sierra Leone for the period from 1 July 1999 to 30 June 2000 (4 April 2001) </s>
	</p>
	<p n="132">
	  <s n="231"> A/55/870 Final disposition of the assets of the United Nations Preventive Deployment Force (2 April 2001) </s>
	</p>
	<p n="133">
	  <s n="232"> A/55/874 Financing of the United Nations peacekeeping operations (6 April 2001) </s>
	</p>
	<p n="134">
	  <s n="233"> A/55/874/ Financial performance report for the period from 1 July 1999 Add.1 to 30 June 2000 and budget for the period from 1 July 2001 to 30 June 2002 of the United Nations Disengagement Observer Force (4 April 2001) </s>
	</p>
	<p n="135">
	  <s n="234"> A/55/874/ Financial performance report for the period from 1 July 1999 Add.2 to 30 June 2000 and budget for the period from 1 July 2001 to 30 June 2002 of the United Nations Iraq-Kuwait Observation Mission (5 April 2001) </s>
	</p>
	<p n="136">
	  <s n="235"> A/55/874/ Financial performance report for the period from 1 July 1999 Add.3 to 30 June 2000 and budget for the period from 1 July 2001 to 30 June 2002 for the United Nations Peacekeeping Force in Cyprus (3 April 2001) </s>
	</p>
	<p n="137">
	  <s n="236"> A/55/874/ Budget performance report for the period from 1 July 1999 Add.4 to 30 June 2000 and budget for the period from 1 July 2001 to 30 June 2002 of the United Nations Observer Mission in Georgia (5 April 2001) </s>
	</p>
	<p n="138">
	  <s n="237"> A/55/874/ Financial performance report for the period from 1 July 1999 Add.5 to 30 June 2000 and budget for the period from 1 July 2001 to 30 June 2002 of the United Nations Mission in Bosnia and Herzegovina (3 April 2001) </s>
	</p>
	<p n="139">
	  <s n="238"> A/55/874/ Financial performance report for the period from 1 July 1999 Add.6 to 30 June 2000 and budget for the period from 1 July 2001 to 30 June 2002 of the United Nations Interim Administration Mission in Kosovo (4 April 2001) </s>
	</p>
	<p n="140">
	  <s n="239"> A/55/874/ Financial performance report for the period from 1 July 1999 Add.7 to 30 June 2000 and budget for the period from 1 July 2001 to 30 June 2002 of the United Nations Mission for the Referendum in Western Sahara (4 April 2001) </s>
	</p>
	<p n="141">
	  <s n="240"> A/55/874/ Financing of the United Nations Logistics Base at Brindisi (3 Add.8 April 2001) </s>
	</p>
	<p n="142">
	  <s n="241"> A/55/878 Financial reports and audited financial statements, and reports of the Board of Auditors (5 April 2001) </s>
	</p>
	<p n="143">
	  <s n="242"> A/55/879 Financial performance report of the United Nations Observer Mission in Angola for the period from 1 July 1999 to 30 June 2000 (3 April 2001) </s>
	</p>
	<p n="144">
	  <s n="243"> A/55/880 Financial performance report of the United Nations Mission of Observers in Tajikistan for the period from 1 July 1999 to 30 June 2000 (3 April 2001) </s>
	</p>
	<p n="145">
	  <s n="244"> A/55/881 Financing of the United Nations Support Mission in Haiti, the United Nations Transition Mission in Haiti and the United Nations Civilian Police Mission in Haiti (3 April 2001) </s>
	</p>
	<p n="146">
	  <s n="245"> A/55/882 Financial performance report of the support account for peacekeeping operations for the period from 1 July 1999 to 30 April 2000; and budget for the support account for peacekeeping operations for the period from 1 July 2001 to 30 June 2002 (3 April 2001) </s>
	</p>
	<p n="147">
	  <s n="246"> A/55/883 Death and disability benefits (3 April 2001) </s>
	</p>
	<p n="148">
	  <s n="247"> A/55/884 Financial performance report of the United Nations Mission in the Central African Republic for the period from 1 July 1999 to 30 June 2000 (3 April 2001) </s>
	</p>
	<p n="149">
	  <s n="248"> A/55/885 Financial performance report of the United Nations Interim Force in Lebanon for the period from 1 July 1999 to 30 June 2000 (4 April 2001) </s>
	</p>
	<p n="150">
	  <s n="249"> A/55/886 Financial performance report of the United Nations Protection Force, the United Nations Confidence Restoration Operation in Croatia, the United Nations Preventive Deployment Force and the United Nations Peace Forces headquarters (4 April 2001) </s>
	</p>
	<p n="151">
	  <s n="250"> A/55/887 Reform of the procedures for determining reimbursement to Member States for contingent-owned equipment (4 April 2001) </s>
	</p>
	<p n="152">
	  <s n="251"> Programme budget for the biennium 2000-2001 </s>
	</p>
	<p n="153">
	  <s n="252"> A/55/7/Add.9 United Nations Fund for International Partnerships (13 March 2001) </s>
	</p>
	<p n="154">
	  <s n="253"> Other reports </s>
	</p>
	<p n="155">
	  <s n="254"> AC/1443 United Nations Institute for Training and Research: programme budget for 2001 (16 February 2001) </s>
	</p>
	<p n="156">
	  <s n="255"> E/CN.7/2001/10 Fund of the United Nations International Drug Control Programme: proposed revised biennial support and programme budget for 2000-2001 and proposed outline for 2002-2003 (7 March 2001) </s>
	</p>
	<p n="157">
	  <s n="256"> Letters to the Secretary-General </s>
	</p>
	<p n="158">
	  <s n="257"> AC/1444 Angola: implementation of the mandate of the monitoring mechanism for a period of three months (19 February 2001) </s>
	</p>
	<p n="159">
	  <s n="258"> AC/1448 Request for submission of information on the status of arbitration claims at the beginning of February and September of each year (9 March 2001) </s>
	</p>
	<p n="160">
	  <s n="259"> AC/1449 United Nations Fund for International Partnerships: observations and recommendations on the presentation of the budget estimates (13 March 2001) </s>
	</p>
	<p n="161">
	  <s n="260"> AC/1450 Financing of the Office of the Special Envoys of the Secretary-General for the Balkans (2 April 2001) </s>
	</p>
	<p n="162">
	  <s n="261"> AC/1451 Financing of the Office of the Personal Representative for Southern Lebanon (2 April 2001) </s>
	</p>
	<p n="163">
	  <s n="262"> AC/1452 Office of the Special Adviser on Gender Issues (2 April 2001) </s>
	</p>
	<p n="164">
	  <s n="263"> AC/1453 United Nations Organization Mission in the Democratic Republic of the Congo: additional commitments (23 April 2001) </s>
	</p>
	<p n="165">
	  <s n="264"> Other letters </s>
	</p>
	<p n="166">
	  <s n="265"> AC/1445 Chairman, Board of Auditors: audit assignments (21 February 2001) </s>
	</p>
	<p n="167">
	  <s n="266"> AC/1446 Amendments to the financial regulations of the United Nations Relief and Works Agency for Palestine Refugees in the Near East (28 February 2001) </s>
	</p>
	<p n="168">
	  <s n="267"> Oral statements </s>
	</p>
	<p n="169">
	  <s n="268"> Gratis personnel provided by Governments and other entities </s>
	</p>
	<p n="170">
	  <s n="269"> Revised budget for the United Nations Interim Force in Lebanon for the period from 1 July 2000 to 30 June 2001 </s>
	</p>
	<p n="171">
	  <s n="270"> Programme budget implications of draft resolution A/55/L.80: Senegal to be added to the list of the least developed countries </s>
	</p>
	<p n="172">
	  <s n="271"> Spring session 2001 (1 May-13 July) </s>
	</p>
	<p n="173">
	  <s n="272"> Reports to the General Assembly </s>
	</p>
	<p n="174">
	  <s n="273"> A/55/941 Financing of the United Nations Organization Mission in the Democratic Republic of the Congo (15 May 2001) </s>
	</p>
	<p n="175">
	  <s n="274"> Programme budget for the biennium 2000-2001 </s>
	</p>
	<p n="176">
	  <s n="275"> A/55/7/Add.10 Outline of the proposed programme budget for the biennium 2002-2003 for the International Trade Centre UNCTAD/WTO (4 May 2001) </s>
	</p>
	<p n="177">
	  <s n="276"> Proposed programme budget for the biennium 2002-2003 </s>
	</p>
	<p n="178">
	  <s n="277"> A/56/7 First report on the proposed programme budget for the biennium 2002-2003 </s>
	</p>
	<p n="179">
	  <s n="278"> Other reports </s>
	</p>
	<p n="180">
	  <s n="279"> WFP/EB.A/2001/5 World Food Programme: budgetary and performance report (A, B, C, D, E)/2 for 2000; strategic and financial plan (2002-2005); amendments to the financial regulations on the operational reserve; report of the Executive Director on the utilization of contributions and waivers of costs; and cash management report (16 May 2001) </s>
	</p>
	<p n="181">
	  <s n="280"> DP/2001/24 United Nations Development Programme: financial, budgetary and administrative matters and budget estimates for the biennium 2002-2003 (29 June 2001) </s>
	</p>
	<p n="182">
	  <s n="281"> DP/FPA/2001/12 United Nations Population Fund: biennial support budget estimates for 2002-2003 (14 August 2001) </s>
	</p>
	<p n="183">
	  <s n="282"> Letters to the Secretary-General </s>
	</p>
	<p n="184">
	  <s n="283"> AC/1454 Financing of a panel of experts concerning Liberia (3 May 2001) </s>
	</p>
	<p n="185">
	  <s n="284"> AC/1456 Financing of the monitoring mechanism for Angola (16 May 2001) </s>
	</p>
	<p n="186">
	  <s n="285"> AC/1457 United Nations Institute for Training and Research: upgrade of the post of the Executive Director from D-2 to Assistant Secretary-General (1 June 2001) </s>
	</p>
	<p n="187">
	  <s n="286"> AC/1458 Gender mainstreaming: continuation of the D-1 post (1 June 2001) </s>
	</p>
	<p n="188">
	  <s n="287"> AC/1460 Special Adviser on Cyprus (5 July 2001) </s>
	</p>
	<p n="189">
	  <s n="288"> AC/1462 United Nations accommodation at Addis Ababa (A/CN.1/R.1194) (13 July 2001) </s>
	</p>
	<p n="190">
	  <s n="289"> Other letters </s>
	</p>
	<p n="191">
	  <s n="290"> AC/1459 Draft proposal for adjustments to the United Nations High Commissioner for Refugees budgetary presentation (7 June 2001) </s>
	</p>
	<p n="192">
	  <s n="291"> AC/1464 Chairman, Committee on Conferences: current procedures for measuring the use of conference services provided to the Advisory Committee (7 August 2001) </s>
	</p>
	<p n="193">
	  <s n="292"> Oral statement </s>
	</p>
	<p n="194">
	  <s n="293"> Programme budget implications: preparations for the substantive preparatory process and the International Conference on Financing for Development </s>
	</p>
	<p n="195">
	  <s n="294"> Fall session 2001 (New York, 4 September-21 December) </s>
	</p>
	<p n="196">
	  <s n="295"> Reports to the General Assembly </s>
	</p>
	<p n="197">
	  <s n="296"> A/56/436 Financial reports and audited financial statements and reports of the Board of Auditors (4 October 2001) </s>
	</p>
	<p n="198">
	  <s n="297"> A/56/475 Availability of documentation for the proper functioning of intergovernmental bodies; submission of documentation consistent with the six-week rule; implementation of recommendations regarding the United Nations Chronicle; re-engineering of the optical disk system; remote interpretation; provision of interpretation services to meetings of regional and other major groupings; excessive vacancy rates in language services at some duty stations and issues related to recruitment of language staff; utilization of the United Nations conference centres in Bangkok and Addis Ababa; improved utilization of conference facilities at the United Nations Office at Nairobi (16 October 2001) </s>
	</p>
	<p n="199">
	  <s n="298"> A/56/478 Implementation of the report of the Panel on United Nations Peace Operations (16 October 2001) </s>
	</p>
	<p n="200">
	  <s n="299"> A/56/510 United Nations Interim Force in Lebanon (29 October 2001) and Corr.1 </s>
	</p>
	<p n="201">
	  <s n="300"> A/56/511 Request for a subvention to the United Nations Institute for Disarmament Research resulting from the recommendations of the Board of Trustees of the Institute on the work programme of the Institute for 2002 (26 October 2001) </s>
	</p>
	<p n="202">
	  <s n="301"> A/56/518 Revised estimates resulting from resolutions and decisions adopted by the Economic and Social Council at its substantive session of 2001 (31 October 2001) </s>
	</p>
	<p n="203">
	  <s n="302"> A/56/619 Safety and security of United Nations personnel (13 November 2001) </s>
	</p>
	<p n="204">
	  <s n="303"> A/56/621 Financing of the United Nations Mission in Sierra Leone (14 November 2001) </s>
	</p>
	<p n="205">
	  <s n="304"> A/56/630 Standards of accommodation for air travel (15 November 2001) </s>
	</p>
	<p n="206">
	  <s n="305"> A/56/644 The illicit trade in small arms and light weapons in all its aspects: programme budget implications of draft resolution A/C.1/56/L.47 (21 November 2001) </s>
	</p>
	<p n="207">
	  <s n="306"> A/56/661 Budget for the United Nations Mission in Ethiopia and Eritrea for the period from 1 July 2001 to 30 June 2002 (28 November 2001) </s>
	</p>
	<p n="208">
	  <s n="307"> A/56/665 Budget for the International Tribunal for the Prosecution of Persons Responsible for Serious Violations of International Humanitarian Law Committed in the Territory of the Former Yugoslavia since 1991 for the biennium 2002-2003 (28 November 2001) </s>
	</p>
	<p n="209">
	  <s n="308"> A/56/666 Financing of the International Criminal Tribunal for the Prosecution of Persons Responsible for Genocide and Other Serious Violations of International Humanitarian Law Committed in the Territory of Rwanda and Rwandan Citizens Responsible for Genocide and Other Such Violations Committed in the Territory of Neighbouring States between 1 January and 31 December 1994 (29 November 2001) </s>
	</p>
	<p n="210">
	  <s n="309"> A/56/684 Integrated Management Information System project (6 December 2001) </s>
	</p>
	<p n="211">
	  <s n="310"> A/56/685 Budget for the United Nations Transitional Administration in East Timor for the period 1 July 2001 to 30 June 2002 (6 December 2001) </s>
	</p>
	<p n="212">
	  <s n="311"> A/56/688 Financing of the United Nations Organization Mission in the Democratic Republic of the Congo (7 December 2001) </s>
	</p>
	<p n="213">
	  <s n="312"> A/56/694 Second performance report on the programme budget for the biennium 2000-2001 (11 December 2001) </s>
	</p>
	<p n="214">
	  <s n="313"> A/56/705 United Nations Verification Mission in Guatemala: programme budget implications of draft resolution A/56/L.42 (13 December 2001) </s>
	</p>
	<p n="215">
	  <s n="314"> A/56/709 The situation in Central America: procedures for the establishment of firm and lasting peace and progress in fashioning a region of peace, freedom, democracy and development: programme budget implications of draft resolution A/56/L.45 (14 December 2001) </s>
	</p>
	<p n="216">
	  <s n="315"> A/56/710 World Summit on Sustainable Development: programme budget implications of draft resolution A/C.2/56/L.71 (14 December 2001) </s>
	</p>
	<p n="217">
	  <s n="316"> A/56/711 Construction of additional office facilities at the Economic Commission for Africa in Addis Ababa (14 December 2001) </s>
	</p>
	<p n="218">
	  <s n="317"> A/56/716 Third United Nations Conference on the Least Developed Countries (14 December 2001) </s>
	</p>
	<p n="219">
	  <s n="318"> A/56/717 Revised estimates resulting from the strengthening of the role of internal oversight services at the International Tribunals for the biennium 2002-2003 (18 December 2001) </s>
	</p>
	<p n="220">
	  <s n="319"> A/56/720 Emergency international assistance for peace, normalcy and reconstruction of war-stricken Afghanistan and the situation in Afghanistan and its implications for international peace and security (18 December 2001) </s>
	</p>
	<p n="221">
	  <s n="320"> Proposed programme budget for the biennium 2002-2003 </s>
	</p>
	<p n="222">
	  <s n="321"> A/56/7/Add.1 Administrative expenses of the United Nations Joint Staff Pension Fund (19 October 2001) </s>
	</p>
	<p n="223">
	  <s n="322"> A/56/7/Add.2 Conditions of service and compensation for officials other than Secretariat officials: members of the International Court of Justice, judges of the International Tribunal for the Former Yugoslavia, judges of the International Criminal Tribunal for Rwanda and ad litem judges of the International Tribunal for the Former Yugoslavia (6 December 2001) </s>
	</p>
	<p n="224">
	  <s n="323"> A/56/7/Add.3 Part IV, International cooperation for development, section 11B, International Trade Centre UNCTAD/WTO (11 December 2001) </s>
	</p>
	<p n="225">
	  <s n="324"> A/56/7/Add.4 Revised estimates: effect of changes in rates of exchange and inflation (4 December 2001) </s>
	</p>
	<p n="226">
	  <s n="325"> A/56/7/Add.5 Estimates in respect of matters of which the Security Council is seized (12 December 2001) </s>
	</p>
	<p n="227">
	  <s n="326"> A/56/7/Add.6 Estimates in respect of matters of which the Security Council is seized (18 December 2001) </s>
	</p>
	<p n="228">
	  <s n="327"> A/56/7/Add.7 Estimates in respect of matters of which the Security Council is seized (19 December 2001) </s>
	</p>
	<p n="229">
	  <s n="328"> Other reports </s>
	</p>
	<p n="230">
	  <s n="329"> DP/2001/29 United Nations Office for Project Services: revised budget estimates for the biennium 2000-2001, budget estimates for the biennium 2002-2003 and report on the level of the operational reserve (5 September 2001) </s>
	</p>
	<p n="231">
	  <s n="330"> A/AC.96/950/Add.1 Office of the United Nations High Commissioner for Refugees: annual programme budget 2002 (21 September 2001) </s>
	</p>
	<p n="232">
	  <s n="331"> AC/1467 United Nations Relief and Works Agency for Palestine Refugees in the Near East: proposed budget for the biennium 2002-2003 (19 September 2001) </s>
	</p>
	<p n="233">
	  <s n="332"> WFP/EB.3/2001/5 World Food Programme: second progress report on the (A, B, C, D)/2 implementation of recommendations in the 1998-1999 report of the external auditor; appointment of the external auditor for 2002-2005: final report of the Evaluation Panel; biennial budget for the period 2002-2003; and information network and global system for cost analysis and cost containment (9 October 2001) </s>
	</p>
	<p n="234">
	  <s n="333"> AC/1471 United Nations Institute for Disarmament Research: draft work programme and proposed budget for 2002 (29 October 2001) </s>
	</p>
	<p n="235">
	  <s n="334"> AC/1472 United Nations University: proposed academic programme and budget for the University for the biennium 2002-2003 (31 October 2001) </s>
	</p>
	<p n="236">
	  <s n="335"> E/CN.7/2001/18 Fund of the United Nations International Drug Control Programme: proposed final budget for the biennium 2000-2001 and proposed initial budget for the biennium 2002-2003 (5 November 2001) </s>
	</p>
	<p n="237">
	  <s n="336"> E/ICEF/2001/AB/ United Nations Children&apos;s Fund biennial support budget for L.11 2002-2003 (21 November 2001) </s>
	</p>
	<p n="238">
	  <s n="337"> Letters to the Secretary-General </s>
	</p>
	<p n="239">
	  <s n="338"> AC/1469 Monitoring Group in Afghanistan (4 October 2001) </s>
	</p>
	<p n="240">
	  <s n="339"> AC/1470 Reappointment to the United Nations Investments Committee (9 October 2001) </s>
	</p>
	<p n="241">
	  <s n="340"> AC/1475 Concurrence to enter into commitments to the Counter-terrorism Committee (1 November 2001) </s>
	</p>
	<p n="242">
	  <s n="341"> AC/1478 Security concerns arising from the tragic events of 11 September 2001 (19 November 2001) </s>
	</p>
	<p n="243">
	  <s n="342"> AC/1479 Special Representative for Afghanistan (19 November 2001) </s>
	</p>
	<p n="244">
	  <s n="343"> AC/1480 Maintenance of the United Nations Tajikistan Office of Peace- building (19 November 2001) </s>
	</p>
	<p n="245">
	  <s n="344"> AC/1481 Construction of additional space at the United Nations complex in Nairobi (12 December 2001) </s>
	</p>
	<p n="246">
	  <s n="345"> AC/1482 Mandatory age of separation (A/56/701) (18 December 2001) </s>
	</p>
	<p n="247">
	  <s n="346"> Other letters </s>
	</p>
	<p n="248">
	  <s n="347"> AC/1473 Establishment of an Assistant Secretary-General post for crisis prevention and recovery funded from extrabudgetary resources (31 October 2001) </s>
	</p>
	<p n="249">
	  <s n="348"> AC/1476 President, United Nations Development Programme/United Nations Population Fund Executive Board: establishment of an Assistant Secretary-General post for crisis prevention and recovery funded from extrabudgetary resources (15 November 2001) </s>
	</p>
	<p n="250">
	  <s n="349"> AC/1483 Chairman, Board of Auditors: allocation of audit assignments, effective 1 July 2002, as proposed by the Board of Auditors (19 December 2001) </s>
	</p>
	<p n="251">
	  <s n="350"> Oral statements </s>
	</p>
	<p n="252">
	  <s n="351"> Honorariums payable to members of organs and subsidiary organs of the United Nations </s>
	</p>
	<p n="253">
	  <s n="352"> Administrative and financial implications of the decisions and recommendations contained in the report of the International Civil Service Commission </s>
	</p>
	<p n="254">
	  <s n="353"> Effectiveness of the functioning of the Unit for Landlocked Developing Countries and Small Island Developing States </s>
	</p>
	<p n="255">
	  <s n="354"> Second World Assembly on Ageing </s>
	</p>
	<p n="256">
	  <s n="355"> Use of mercenaries as a means of violating human rights and impeding the exercise of the right of peoples to self-determination </s>
	</p>
	<p n="257">
	  <s n="356"> Convention on the elimination of all forms of discrimination against women </s>
	</p>
	<p n="258">
	  <s n="357"> Special session of the General Assembly on children </s>
	</p>
	<p n="259">
	  <s n="358"> Development of an international radio broadcasting capacity for the United Nations </s>
	</p>
	<p n="260">
	  <s n="359"> Subregional centre for human rights and democracy in Central Africa </s>
	</p>
	<p n="261">
	  <s n="360"> Office of the President of the Economic and Social Council </s>
	</p>
	<p n="262">
	  <s n="361"> Situation of human rights in Myanmar </s>
	</p>
	<p n="263">
	  <s n="362"> Languages used for documents and publications in the Economic and Social Commission for Western Asia </s>
	</p>
	<p n="264">
	  <s n="363"> United Nations web site </s>
	</p>
	<p n="265">
	  <s n="364"> Public information activities </s>
	</p>
	<p n="266">
	  <s n="365"> Subregional centre for human rights and democracy in Central Africa </s>
	</p>
	<p n="267">
	  <s n="366"> Development of an international radio broadcasting capacity for the United Nations </s>
	</p>
	<p n="268">
	  <s n="367"> Winter session 2002 (New York, 5 February-5 April) </s>
	</p>
	<p n="269">
	  <s n="368"> Reports to the General Assembly </s>
	</p>
	<p n="270">
	  <s n="369"> A/56/845 Proposed budget of the United Nations Organization Mission in the Democratic Republic of the Congo (27 February 2002) </s>
	</p>
	<p n="271">
	  <s n="370"> A/56/846 Mandatory age of separation (28 February 2002) </s>
	</p>
	<p n="272">
	  <s n="371"> A/56/868 Final appropriation for the biennium 2000-2001 (13 March 2002) </s>
	</p>
	<p n="273">
	  <s n="372"> A/56/869 Comprehensive implementation of and follow-up to the World Conference against Racism, Racial Discrimination, Xenophobia and Related Intolerance: programme budget implications of draft resolution A/C.3/56/L.84/Rev.1 (13 March 2002) </s>
	</p>
	<p n="274">
	  <s n="373"> A/56/887 Administrative and budgetary aspects of the financing of the United Nations peacekeeping operations (5 April 2002) </s>
	</p>
	<p n="275">
	  <s n="374"> A/56/887/Add.1 Financial performance report for the period from 1 July 2000 to 30 June 2001 and proposed budget for the period from 1 July 2002 to 30 June 2003 of the United Nations Observer Mission in Georgia (27 March 2002) </s>
	</p>
	<p n="276">
	  <s n="375"> A/56/887/Add.2 Financial performance report for the period from 1 July 2000 to 30 June 2001 and proposed budget for the period from 1 July 2002 to 30 June 2003 of the United Nations Mission in Bosnia and Herzegovina (26 March 2002) </s>
	</p>
	<p n="277">
	  <s n="376"> A/56/887/Add.3 Financial performance report for the period from 1 July 2000 to 30 June 2001 and proposed budget for the period from 1 July 2002 to 30 June 2003 of the United Nations Mission in Sierra Leone (3 April 2002) </s>
	</p>
	<p n="278">
	  <s n="377"> A/56/887/Add.4 Financial performance report for the period from 1 July 2000 to 30 June 2001 and proposed budget for the period from 1 July 2002 to 30 June 2003 of the United Nations Peacekeeping Force in Cyprus (3 April 2002) </s>
	</p>
	<p n="279">
	  <s n="378"> A/56/887/Add.5 Financial performance report for the period from 1 July 2000 to 30 June 2001 and proposed budget for the period from 1 July 2002 to 30 June 2003 of the United Nations Iraq-Kuwait Observation Mission (4 April 2002) </s>
	</p>
	<p n="280">
	  <s n="379"> A/56/887/Add.6 Financial performance report for the period from 1 July 2000 to 30 June 2001 and proposed budget for the period from 1 July 2002 to 30 June 2003 of the United Nations Interim Administration Mission in Kosovo (4 April 2002) </s>
	</p>
	<p n="281">
	  <s n="380"> A/56/887/Add.7 Financial performance report for the period from 1 July 2000 to 30 June 2001 and proposed budget for the period from 1 July 2002 to 30 June 2003 of the United Nations Interim Force in Lebanon (5 April 2002) </s>
	</p>
	<p n="282">
	  <s n="381"> A/56/887/Add.8 Financial performance report for the period from 1 July 2000 to 30 June 2001 and proposed budget for the period from 1 July 2002 to 30 June 2003 of the United Nations Disengagement Observer Force (4 April 2002) </s>
	</p>
	<p n="283">
	  <s n="382"> A/56/887/Add.9 Financial performance report for the period from 31 July 2000 to 30 June 2001 and proposed budget for the period from 1 July 2002 to 30 June 2003 for the United Nations Mission in Ethiopia and Eritrea (5 April 2002) </s>
	</p>
	<p n="284">
	  <s n="383"> A/56/887/Add.10 Financing of the United Nations Logistics Base at Brindisi (12 April 2002) </s>
	</p>
	<p n="285">
	  <s n="384"> A/56/902 The concept of strategic deployment stocks and its implementation (5 April 2002) </s>
	</p>
	<p n="286">
	  <s n="385"> Proposed programme budget for the biennium 2000-2001 </s>
	</p>
	<p n="287">
	  <s n="386"> A/56/7/Add. </s>
	  <s n="387"> 8 Estimates in respect of matters of which the Security Council is seized (4 March 2002) </s>
	</p>
	<p n="288">
	  <s n="388"> Other reports </s>
	</p>
	<p n="289">
	  <s n="389"> WFP/EB.1/2002/4 World Food Programme: cash and investment: level of (A, B)/2 financial investment and investment policy and balances of projects closed prior to 2001 and migrated to the WFP Information Network and Global System for Cost Analysis and Cost Containment (8 February 2002) </s>
	</p>
	<p n="290">
	  <s n="390"> AC/1487 United Nations Institute for Training and Research: programme budget for 2002 (21 February 2002) </s>
	</p>
	<p n="291">
	  <s n="391"> Letters to the Secretary-General </s>
	</p>
	<p n="292">
	  <s n="392"> AC/1486 Establishment and support of an integrated United Nations mission in Afghanistan (15 February 2002) </s>
	</p>
	<p n="293">
	  <s n="393"> AC/1488 Mine Action Service — reclassification of the post of the Chief from D-1 to D-2 (7 March 2002) </s>
	</p>
	<p n="294">
	  <s n="394"> AC/1489 Proposed programme budget of the United Nations Fund for International Partnerships (26 March 2002) </s>
	</p>
	<p n="295">
	  <s n="395"> Other letters </s>
	</p>
	<p n="296">
	  <s n="396"> AC/1485 Deputy Foreign Minister of Cuba: Inter-Agency Procurement Working Group meeting to be held from 22 to 26 April 2002 in Havana </s>
	</p>
	<p n="297">
	  <s n="397"> Oral statements </s>
	</p>
	<p n="298">
	  <s n="398"> Gratis personnel provided by Governments and other entities </s>
	</p>
	<p n="299">
	  <s n="399"> Consultants and individual contractors </s>
	</p>
	<p n="300">
	  <s n="400"> Revised estimates resulting from the strengthening of the role of internal oversight services at the International Tribunals for 2002-2003 </s>
	</p>
	<p n="301">
	  <s n="401"> Spring 2002 session (New York, 7-24 May) </s>
	</p>
	<p n="302">
	  <s n="402"> Reports to the General Assembly </s>
	</p>
	<p n="303">
	  <s n="403"> A/56/887/Add.11 Financial performance report for the period from 1 July 2000 to 30 June 2001 and proposed budget for the period from 1 July 2002 to 30 June 2003 of the United Nations Organization Mission in the Democratic Republic of the Congo (8 May 2002) </s>
	</p>
	<p n="304">
	  <s n="404"> A/56/941 Financial performance report for the period from 1 July 2000 to 30 June 2001 and proposed budget for the period from 1 July 2002 to 30 June 2003 for the support account for peacekeeping operations (9 May 2002) </s>
	</p>
	<p n="305">
	  <s n="405"> A/56/945 Financial performance report of the United Nations Transitional Administration in East Timor for the period from 1 July 2000 to 30 June 2001 and proposed budget of the United Nations Mission of Support in East Timor for the period from 1 July 2002 to 30 June 2003 (16 May 2002) </s>
	</p>
	<p n="306">
	  <s n="406"> A/56/946 Financing of the United Nations Mission for the Referendum in Western Sahara (17 May 2002) </s>
	</p>
	<p n="307">
	  <s n="407"> A/56/948 Financing of the United Nations Observer Mission in Angola (17 May 2002) </s>
	</p>
	<p n="308">
	  <s n="408"> A/56/949 Final performance report of the United Nations Operation in Somalia II (17 May 2002) </s>
	</p>
	<p n="309">
	  <s n="409"> Proposed programme budget for the biennium 2002-2003 </s>
	</p>
	<p n="310">
	  <s n="410"> A/56/7/Add.9 Strengthening the security and safety of United Nations premises (9 May 2002) </s>
	</p>
	<p n="311">
	  <s n="411"> A/56/7/Add.10 Estimates in respect of matters of which the Security Council is seized: United Nations Assistance Missions in Afghanistan (17 May 2002) </s>
	</p>
	<p n="312">
	  <s n="412"> A/56/7/Add.11 Conference and support services extended to the Counter-terrorism Committee in the implementation of Security Council resolution 1373 (2001) (20 May 2002) </s>
	</p>
	<p n="313">
	  <s n="413"> Other reports </s>
	</p>
	<p n="314">
	  <s n="414"> WFP/EB.A/2002/6 World Food Programme: preliminary review of the indirect (A, C)/2 support cost rate and utilization of contributions and waivers of costs (17 May 2002) </s>
	</p>
	<p n="315">
	  <s n="415"> E/ICEF/2002/AB/ United Nations Children&apos;s Fund: cash assistance to L.6 Government in the context of UNICEF programme cooperation modalities (30 May 2002) </s>
	</p>
	<p n="316">
	  <s n="416"> Letter to the Secretary-General </s>
	</p>
	<p n="317">
	  <s n="417"> AC/1492 Establishment of a post at the D-1 level for the Chief of the proposed Peace-building Unit in the Department of Political Affairs (21 May 2002) </s>
	</p>
	<p n="318">
	  <s n="418"> Oral statements </s>
	</p>
	<p n="319">
	  <s n="419"> Implementation of resolution 56/242 on the pattern of conferences </s>
	</p>
	<p n="320">
	  <s n="420"> Financing of the United Nations Transitional Administration in East Timor: final disposition of assets </s>
	</p>
	<p n="321">
	  <s n="421"> Transitional financing arrangements for the United Nations Transitional Administration in East Timor and the United Nations Mission of Support in East Timor for the period from 1 July 2001 to 30 June 2002 </s>
	</p>
	<p n="322">
	  <s n="422"> Estimates in respect of matters of which the Security Council is seized: United Nations Tajikistan Office of Peace-building </s>
	</p>
	</body>
</text>
</DOC>