<?xml version="1.0" encoding="UTF-8"?>
<DOC lang="English" n="N0262540" id="A/57/444" date="2002/10/08">
<text>
	<body>
	<p n="1">
	  <s n="1"> Fifty-seventh session </s>
	</p>
	<p n="2">
	  <s n="2"> Agenda items 21 (a) and (c), 36, 41 (a), 42, 43, 44, 52, 79, 84, 86 (a) and (d), 87 (a) and (f), 88, 89, 91, 92, 93, 94, 96, 107 (b), 111, 112, 114, 116, 117 and 126 </s>
	</p>
	<p n="3">
	  <s n="3"> Strengthening of the coordination of humanitarian and disaster relief assistance of the United Nations, including special economic assistance: strengthening of the coordination of emergency humanitarian assistance of the United Nations; assistance to the Palestinian people </s>
	</p>
	<p n="4">
	  <s n="4"> The situation in the Middle East </s>
	</p>
	<p n="5">
	  <s n="5"> Final review and appraisal of the implementation of the United Nations New Agenda for the Development of Africa in the 1990s: final review and appraisal of the implementation of the United Nations New Agenda for the Development of Africa in the 1990s </s>
	</p>
	<p n="6">
	  <s n="6"> Follow-up to the outcome of the twenty-sixth special session: implementation of the Declaration of Commitment on HIV/AIDS </s>
	</p>
	<p n="7">
	  <s n="7"> Follow-up to the outcome of the special session on children </s>
	</p>
	<p n="8">
	  <s n="8"> Follow-up to the outcome of the Millennium Summit </s>
	</p>
	<p n="9">
	  <s n="9"> Strengthening of the United Nations system </s>
	</p>
	<p n="10">
	  <s n="10"> Questions relating to information </s>
	</p>
	<p n="11">
	  <s n="11"> Macroeconomic policy questions </s>
	</p>
	<p n="12">
	  <s n="12"> Sustainable development and international economic cooperation: implementation of the Declaration on International Economic Cooperation, in particular the Revitalization of Economic Growth and Development of the Developing Countries, and implementation of the International Development Strategy for the Fourth United Nations Development Decade; high-level dialogue on strengthening international economic cooperation for development through partnership </s>
	</p>
	<p n="13">
	  <s n="13"> Environment and sustainable development: implementation of Agenda 21 and the Programme for the Further Implementation of Agenda 21; further implementation of the Programme of Action for the Sustainable Development of Small Island Developing States </s>
	</p>
	<p n="14">
	  <s n="14"> Operational activities for development </s>
	</p>
	<p n="15">
	  <s n="15"> Implementation of the first United Nations Decade for the Eradication of Poverty (1997-2006) </s>
	</p>
	<p n="16">
	  <s n="16"> Permanent sovereignty of the Palestinian people in the Occupied Palestinian Territory, including Jerusalem, and of the Arab population in the occupied Syrian Golan over their natural resources </s>
	</p>
	<p n="17">
	  <s n="17"> Integrated and coordinated implementation of and follow-up to the outcomes of the major United Nations conferences and summits in the economic and social fields </s>
	</p>
	<p n="18">
	  <s n="18"> High-level international intergovernmental consideration of financing for development </s>
	</p>
	<p n="19">
	  <s n="19"> Globalization and interdependence </s>
	</p>
	<p n="20">
	  <s n="20"> Third United Nations Conference on the Least Developed Countries </s>
	</p>
	<p n="21">
	  <s n="21"> Elimination of racism and racial discrimination: comprehensive implementation of and follow-up to the Durban Declaration and Programme of Action </s>
	</p>
	<p n="22">
	  <s n="22"> Review of the efficiency of the administrative and financial functioning of the United Nations </s>
	</p>
	<p n="23">
	  <s n="23"> Programme budget for the biennium 2002-2003 </s>
	</p>
	<p n="24">
	  <s n="24"> Improving the financial situation of the United Nations </s>
	</p>
	<p n="25">
	  <s n="25"> Pattern of conferences </s>
	</p>
	<p n="26">
	  <s n="26"> Scale of assessments for the apportionment of the expenses of the United Nations </s>
	</p>
	<p n="27">
	  <s n="27"> Administrative and budgetary aspects of the financing of the United Nations peacekeeping operations </s>
	</p>
	<p n="28">
	  <s n="28"> Letter dated 23 September 2002 from the Permanent Representative of Venezuela to the United Nations addressed to the Secretary-General </s>
	</p>
	<p n="29">
	  <s n="29"> I have the honour to transmit herewith the Ministerial Declaration adopted on the occasion of the Twenty-sixth Meeting of the Ministers for Foreign Affairs of the Group of 77, held at United Nations Headquarters in New York on 19 September 2002 (see annex). </s>
	</p>
	<p n="30">
	  <s n="30"> On behalf of the Group of 77, I would highly appreciate it if you could arrange for the present letter and its annex to be circulated as a document of the fifty-seventh session of the General Assembly, under agenda items 21 (a) and (c), 36, 41 (a), 42, 43, 44, 52, 79, 84, 86 (a) and (d), 87 (a) and (f), 88, 89, 91, 92, 93, 94, 96, 107 (b), 111, 112, 114, 116, 117 and 126. </s>
	</p>
	<p n="31">
	  <s n="31"> (Signed) Milos Alcalay Ambassador Permanent Representative of Venezuela to the United Nations Chairman of the Group of 77 </s>
	</p>
	<p n="32">
	  <s n="32"> Annex to the letter dated 23 September 2002 from the Permanent Representative of Venezuela to the United Nations addressed to the Secretary-General </s>
	</p>
	<p n="33">
	  <s n="33"> We, the Ministers of Foreign Affairs of the Group of 77, guided by the principles and purposes of the United Nations Charter and by full respect for the principles of international law, convened at the Twenty-sixth Annual Meeting at the United Nations Headquarters in New York on 19 September 2002, adopted the following declaration: </s>
	</p>
	<p n="34">
	  <s n="34"> We welcome the admission of the Republic of Palau as a full member of the Group of 77. </s>
	</p>
	<p n="35">
	  <s n="35"> We pledge to work towards achieving the goals and objectives of the Group of 77 and China and, in this regard, underscore the historic importance of the South Summit held in Havana, Cuba, from 12 to 14 April 2000. </s>
	  <s n="36"> We undertake to further mobilize the collective strength and solidarity of developing countries through strengthening South-South cooperation as well as enhancing the Group&apos;s negotiating capacity and its institutional effectiveness at various international fora with the aim, inter alia, of fostering an effective North-South dialogue. </s>
	</p>
	<p n="36">
	  <s n="37"> We reaffirm our commitment to the Millennium Declaration and call upon the international community to fully and speedily implement the provisions therein as well as those set out in major United Nations conferences and summits and their respective reviews, particularly those related to the promotion of sustained economic growth, sustainable development and poverty eradication. </s>
	  <s n="38"> In this regard, we underscore the need to take concrete and immediate actions to fulfil the commitments and achieve the goals contained in the Doha Ministerial Declaration, the Monterey Consensus and the Johannesburg Plan of Implementation and Declaration on Sustainable Development so as to eradicate poverty, bridge the gap between developed and developing countries, advance sustainable development and promote a fully inclusive and equitable globalization. </s>
	</p>
	<p n="37">
	  <s n="39"> Global economic situation </s>
	</p>
	<p n="38">
	  <s n="40"> We believe that globalization and the revolution in information and communication technologies present opportunities and challenges for developing countries. </s>
	  <s n="41"> While globalization and information and communication technologies have the potential to stimulate economic growth and, if properly managed, could deliver higher living standards to people and improve social well being, we note, however, with great concern, that the economic problems that affect most of our countries constitute the major threat to our future stability and growth. </s>
	  <s n="42"> The financial and economic crisis we are presently witnessing is global in its causes and its implications. </s>
	  <s n="43"> Its negative impact is being felt most severely by developing economies. </s>
	  <s n="44"> This points to the need to improve the international financial, monetary and trade systems in a democratic and transparent way thereby ensuring the greater participation of developing countries. </s>
	</p>
	<p n="39">
	  <s n="45"> We are fully aware that the benefits and costs of globalization are unevenly distributed, with developing countries experiencing special difficulties in meeting challenges, including poverty eradication, lack of financial resources and technology, digital divide, financial crisis, exclusion and inequality within and among societies. </s>
	</p>
	<p n="40">
	  <s n="46"> We note with grave concern that the international economic environment continues to be unfavourable for the developing world. </s>
	  <s n="47"> We also note with concern the widening gap between the developed and developing countries and the continued slowdown and uncertainties of the global economy and its consequences for the South. </s>
	  <s n="48"> We, therefore, call for an equitable international economic order and for measures to ensure developing countries participate in and benefit from globalization, in particular through their full and effective participation in the process of decision-making aimed at resolving world economic problems. </s>
	  <s n="49"> We further call upon the leading industrialized countries to adopt timely and appropriate macro-economic policies and measures to increase economic growth and ensure greater global stability. </s>
	  <s n="50"> We also call for a renewal of political will and of the spirit of international partnership in development and for the creation of an enabling international economic environment and the adoption of effective measures in order to support developing countries&apos; efforts to achieve sustained economic growth, sustainable development and the strengthening of their democratic systems while reaffirming the leading roles of national governments in the development process of each country. </s>
	</p>
	<p n="41">
	  <s n="51"> We emphasize that there is a need to enhance infrastructure development in developing countries, which will spur sustained economic growth. </s>
	  <s n="52"> For this purpose, we urge the international community to create a dedicated multilateral mechanism of international financing for the development of infrastructure in developing countries. </s>
	</p>
	<p n="42">
	  <s n="53"> Role of the United Nations </s>
	</p>
	<p n="43">
	  <s n="54"> We reaffirm our commitment to the principles and purposes of the United Nations Charter and international law as well as to the strengthening of multilateralism. </s>
	  <s n="55"> We reiterate the importance of the United Nations as the central forum for dialogue, negotiations and policy-making on issues relating to development and international economic cooperation. </s>
	  <s n="56"> We advocate a stronger United Nations system to effectively contribute to the achievement of the development goals and objectives of developing countries. </s>
	</p>
	<p n="44">
	  <s n="57"> We emphasize that the United Nations, the most universal Organization, must play a key role in international economic policy-making and global economic and development issues. </s>
	  <s n="58"> We stress the need to further enhance the coordination between the United Nations and the international monetary, financial and trade institutions. </s>
	  <s n="59"> We also emphasize that the leading international trade, monetary and financial institutions must take into account the policy framework adopted by the United Nations and should ensure that their policies are in conformity with the developmental objectives of developing countries. </s>
	  <s n="60"> We emphasize the need for trade, monetary and financial institutions to be reformed so as to make them more responsive to the needs and concerns of developing countries. </s>
	</p>
	<p n="45">
	  <s n="61"> We declare our firm resolve and commitment to strengthening the role of the United Nations in the promotion of peace, security and development. </s>
	  <s n="62"> In this regard, the right to development, a basic human right, should be given utmost priority. </s>
	</p>
	<p n="46">
	  <s n="63"> Follow-up of the United Nations major conferences and summits </s>
	</p>
	<p n="47">
	  <s n="64"> We stress the critical importance of follow-up to United Nations major conferences and summits held since 1990 to ensure that the commitments, recommendations and measures agreed to at these conferences are implemented as soon as possible. </s>
	  <s n="65"> We note the significant achievements made by developing countries in honouring their commitments. </s>
	  <s n="66"> However, we express concern that the efforts of developing countries to fully implement their commitments are hampered by the lack of provision of new and additional financial resources, transfer of technology and capacity building. </s>
	</p>
	<p n="48">
	  <s n="67"> We welcome the outcome of the World Summit for Sustainable Development held in Johannesburg, South Africa, from 26 August to 4 September 2002, and call for its expeditious and balanced implementation. </s>
	  <s n="68"> We welcome the reaffirmation by the international community, through the Johannesburg Plan of Implementation and the Declaration on Sustainable Development, of the importance of economic development, social development and environmental protection as interdependent and mutually reinforcing pillars of sustainable development. </s>
	  <s n="69"> We emphasize that poverty eradication, changing consumption and production patterns and the protection of the natural resource base remain the key requirements for the achievement of sustainable development. </s>
	  <s n="70"> We underscore that the implementation of sustainable development as envisioned in Agenda 21 and the outcomes of the Summit will require strengthened institutional mechanisms, enhanced cooperation between developed and developing countries and strong political commitment by the international community. </s>
	  <s n="71"> We therefore urge developed countries and relevant major groups to fulfil their commitment to the full implementation of the Summit outcomes and to the fulfilment of the targets and goals set. </s>
	</p>
	<p n="49">
	  <s n="72"> We, while welcoming with great satisfaction the decision of the World Summit for Sustainable Development to establish the World Solidarity Fund to contribute to the eradication of poverty and the promotion of human and social development in the developing countries, urge the General Assembly at its fifty-seventh session to finalize the modalities for the operationalization of the Fund bearing in mind the role of Governments as well as civil society and the private sector in mobilizing resources for the Fund&apos;s programmes and activities. </s>
	</p>
	<p n="50">
	  <s n="73"> We emphasize the need for the full implementation of the outcome of the World Food Summit: Five Years Later” held in Rome in June 2002, in the context of the achievement of the Millennium Development Goals of halving, by the year 2015, the proportion of people who suffer from hunger and in efforts to eradicate poverty. </s>
	</p>
	<p n="51">
	  <s n="74"> We acknowledge the special needs of small island developing States in the context of sustainable development. </s>
	  <s n="75"> We therefore endorse the decision to undertake a full and comprehensive review of the implementation of the Barbados Programme of Action for the sustainable development of small island developing States in 2004 in accordance with the Johannesburg Plan of Implementation. </s>
	</p>
	<p n="52">
	  <s n="76"> We reiterate the need to address the special needs and problems of the Landlocked Developing Countries. </s>
	  <s n="77"> In this context, welcome the decision by the General Assembly contained in its resolution 56/180 to convene an International Ministerial Meeting of Landlocked and Transit Developing Countries and Donor Countries and Financial and Development Institutions on Transit Transport Cooperation in 2003 and fully support its effective preparation and organization. </s>
	</p>
	<p n="53">
	  <s n="78"> We welcome the outcome of the World Conference against Racism, Racial Discrimination, Xenophobia and related intolerance, held in Durban, South Africa, in September 2001 and call for the implementation of its objectives. </s>
	  <s n="79"> We commend the international community for recognizing that slavery and slave trade, colonialism, foreign occupation, genocide and other forms of servitude have manifested themselves in poverty, underdevelopment, marginalization, social exclusion and economic disparities. </s>
	  <s n="80"> We reaffirm that all forms of racism and xenophobia as well as foreign occupation constitute serious violations of human rights, which should be rejected through all political and legal means. </s>
	  <s n="81"> We also commend the Conference for having agreed on the New Partnership for Africa&apos;s Development (NEPAD) as a framework within which among others, remedial measures for redressing the legacies of these practices could be addressed and called for the formulation of similar programmes for descendants of slaves in the African Diaspora. </s>
	  <s n="82"> In this regard we express our commitment to the accelerated implementation of the Durban Declaration and Programme of Action, adopted by the World Conference against Racism. </s>
	  <s n="83"> We also emphasize the need for the establishment of complementary international standards to strengthen and update international instruments against racism, racial discrimination, xenophobia and related intolerance. </s>
	</p>
	<p n="54">
	  <s n="84"> We welcome the establishment by the General Assembly of the Office of the High Representative for the Least Developed Countries, land-locked developing countries and small island developing States, and call upon the international community to fully implement the Programme of Action for the Least Developed Countries for the Decade 2001-2010 and the Brussels Declaration adopted by the Third United Nations Conference on Least Developed Countries on 20 May 2001. </s>
	</p>
	<p n="55">
	  <s n="85"> Means of implementation: role of developed countries </s>
	</p>
	<p n="56">
	  <s n="86"> We note that developing countries continue to make strenuous efforts to mobilize domestic resources for development. </s>
	  <s n="87"> We, however, underscore that such efforts need to be supplemented by external resources, which should be provided without any condition, in order to effectively address their development requirements. </s>
	  <s n="88"> We express our concern at the erosion of development cooperation and underline the need to reinvigorate it in order to address the new requirements of developing countries in the context of globalization and liberalization. </s>
	  <s n="89"> In this context, we note the close linkage between the prosperity of developing and developed countries and the potential of developing countries as locomotives of growth. </s>
	  <s n="90"> We urge developed countries to take concrete steps to mobilize new and additional financial resources and facilitate greater flows of FDIs as committed in the outcomes of UN major conferences and summits for the realization of this potential. </s>
	  <s n="91"> We also urge the implementation of paragraph 44 of the Monterey Consensus concerning the proposal to use SDR allocations for development purposes. </s>
	</p>
	<p n="57">
	  <s n="92"> We note with concern the continued and significant decline of official development assistance (ODA), which reached a low of 0.22 per cent of GNP, representing less than one-third of 0.7 United Nations target. </s>
	  <s n="93"> We further reiterate the urgent need for a substantial increase of ODA and in this regard, we strongly urge compliance with internationally agreed ODA targets and with commitments for new and additional resources. </s>
	  <s n="94"> In particular, we urge the developed countries to make concrete efforts to achieve the target of 0.7 per cent of their GNP as ODA to developing countries as reaffirmed at the International Conference on Financing for Development, and effectively implement their commitment on ODA to the least developed countries as contained in paragraph 83 of the programme of action for LDCs for the decade 2001-2010. </s>
	  <s n="95"> We further urge developed countries to make available the increased ODA commitment announced at the International Conference of Financing for Development and reaffirmed at the World Summit for Sustainable Development to the implementation of sustainable development objectives as set out in the Johannesburg Plan of Implementation. </s>
	</p>
	<p n="58">
	  <s n="96"> We express regret that despite several initiatives undertaken over the past decade by the international community, the debt crisis persists as one of the main constraints for the development of developing countries, including middle-income countries. </s>
	  <s n="97"> We reiterate the urgent need for the international community, particularly the developed donor countries and international financial institutions to adopt an effective, comprehensive and equitable, once-and-for-all development-oriented and durable solution to the debt problems of developing countries, including debt cancellation and increased concessional financial flows for all developing countries, as well as through debt for sustainable development swaps. </s>
	  <s n="98"> In this regard, we welcome the decision reached in Monterrey for future determinations of debt sustainability to also include consideration of a country&apos;s ability to achieve the Millennium Development Goals. </s>
	</p>
	<p n="59">
	  <s n="99"> Trade and development </s>
	</p>
	<p n="60">
	  <s n="100"> Trade is one of the most important sources to foster development. </s>
	  <s n="101"> A universal, rule-based, open, non-discriminatory and equitable multilateral trading system, as well as meaningful trade liberalization, can substantially stimulate development worldwide. </s>
	  <s n="102"> Therefore it is essential to place the needs and interests of developing countries at the heart of the WTO agenda and facilitate the accession of developing countries to the WTO on fair and reasonable terms, taking into account the particularities of each country. </s>
	  <s n="103"> We stress the importance of enhanced and predictable market access for products of export interest of developing countries, through tariff reductions, the removal of tariff peaks and escalations and the elimination of trade-distorting policies, protectionist practices, non-tariff barriers and agricultural subsidies. </s>
	  <s n="104"> We also express concern over the high incidence of anti-dumping measures and reiterate that they should not be used for protectionist purposes. </s>
	</p>
	<p n="61">
	  <s n="105"> We call for the full and faithful implementation of the Uruguay Round Agreements and emphasize the need to address expeditiously the implementation issues and concerns of developing countries. </s>
	  <s n="106"> Regarding the implementation of existing WTO agreements and decisions, we emphasize the need to address in particular the difficulties and resource constraints that developing countries face in fulfilling their obligations under those agreements and decisions. </s>
	  <s n="107"> We further call for the strengthening of the special and differential provisions in favour of the developing countries to make them more precise, effective and operational. </s>
	  <s n="108"> We also call for the review of the Trade-Related Investment Measures (TRIMS) and Trade-Related Aspects of Intellectual Property Rights (TRIPS) agreements from a development dimension with a view to minimizing any negative aspects of these agreements on the development of developing countries. </s>
	</p>
	<p n="62">
	  <s n="109"> We further reiterate the important role that UNCTAD has to play in helping developing countries to integrate into the world economy in areas of special interest such as investment, enterprise development and technology, trade, in goods and services, commodities and services infrastructure for development and trade efficiency. </s>
	  <s n="110"> In this regard, we call for taking concrete steps to strengthen UNCTAD and its capacity to assist developing countries in trade and development-related issues, including through the provision of new and additional resources, and in the implementation of the Doha work programme. </s>
	</p>
	<p n="63">
	  <s n="111"> Operational activities for development </s>
	</p>
	<p n="64">
	  <s n="112"> We underscore the importance of the role of the United Nations in Operational Activities for Development. </s>
	  <s n="113"> We call on all developing countries to effectively participate in the work of Executive Boards of the United Nations Funds and Programmes. </s>
	  <s n="114"> We stress the need to ensure that the funding for operational activities for development is placed on a predictable, assured and continued basis, commensurate with the increasing needs of developing countries including through channeling a portion of the ODA pledged in Monterrey for the operational activities of the United Nations. </s>
	  <s n="115"> In this regard, we express concern at the withholding by one major donor of their contribution to the core resources of UNFPA. </s>
	  <s n="116"> We reiterate that the reforms of the United Nations, and decisions taken by the United Nations funds and programmes, including in the context of funding strategies, must safeguard the essential characteristics of United Nations operational activities, which are universality, neutrality, impartiality, multilateralism, voluntary and grant nature, and responding to the needs of developing countries in a flexible manner. </s>
	  <s n="117"> In this context, we reiterate the role of national governments in establishing the priorities in their respective countries as well as their central coordinating role. </s>
	  <s n="118"> While noting the efforts of the Funds and Programmes to generate extra resources from the donor community, we stress that such resources can only complement the centrality of core resources provided by donor countries. </s>
	  <s n="119"> Furthermore, such resources should be mobilized in accordance with the agreed priorities and should not be, in any manner, subject to preconditions which distort the mandates set by the General Assembly and other respective governing bodies. </s>
	  <s n="120"> Moreover, we call on agencies, funds and programmes to take effective steps to fully utilize the South-South modality within their programmes of assistance. </s>
	  <s n="121"> We also urge them to increase the procurement of goods and services from the developing countries. </s>
	</p>
	<p n="65">
	  <s n="122"> Situation in Palestine and the Middle East </s>
	</p>
	<p n="66">
	  <s n="123"> We remain gravely concerned over the tragic and dangerous situation in the occupied Palestine territory, including Jerusalem, which has resulted in the grave deterioration of the economic and social conditions of the Palestinian people, and has negatively affected stability and development in the region as a whole. </s>
	  <s n="124"> We call for the immediate and complete cessation and end to settlement activities in the occupied Palestinian territory, including Jerusalem, and in the occupied Syrian Golan an end to the recent Israeli occupation and siege of Palestinian cities, towns and villages, which are in violation of international law, relevant United Nations resolutions and the Fourth Geneva Convention of 12 August 1949, and all forms of collective punishment against the Palestinian people, as well as the return to the negotiation table. </s>
	  <s n="125"> We also call for the immediate Israeli withdrawal from the occupied Palestinian territory, including Jerusalem, and from the occupied Syrian Golan to the line of 4 June 1967, and from all the other Arab occupied territories. </s>
	  <s n="126"> We reaffirm our support to the Palestinian people in their effort to achieve their inalienable rights, including their right to establish an independent state on their national soil, including Jerusalem. </s>
	  <s n="127"> We also call for an end to Israeli violations of Lebanese sovereignty and territorial integrity. </s>
	</p>
	<p n="67">
	  <s n="128"> We reaffirm our support for the Middle East peace process started in Madrid in 1991, and aimed at achieving a comprehensive, just and lasting peace in the region, in accordance with Security Council resolutions 242 (1967), 338 (1973) and 425 (1978) and the principle of land for peace. </s>
	  <s n="129"> In this context, we support the peace initiative adopted by the Arab Summit in Beirut in March 2002. </s>
	</p>
	<p n="68">
	  <s n="130"> The New Partnership for Africa&apos;s Development (NEPAD) </s>
	</p>
	<p n="69">
	  <s n="131"> We welcome and fully support the New Partnership for Africa&apos;s Development (NEPAD) adopted by the Organization of African Unity (OAU) in Lusaka in July 2001 which is a holistic and integrated development initiative for the economic and social regeneration of Africa. </s>
	</p>
	<p n="70">
	  <s n="132"> We stress the urgent need to follow through on the declarations of support from the United Nations, the World Bank, the International Monetary Fund, the European Union and the G-8, to assist Africa to implement NEPAD. </s>
	</p>
	<p n="71">
	  <s n="133"> We welcome the adoption of the UN Declaration on the New Partnership for Africa&apos;s Development (NEPAD) by the high-level meeting of the General Assembly on 16 September 2002. </s>
	</p>
	<p n="72">
	  <s n="134"> South-South cooperation </s>
	</p>
	<p n="73">
	  <s n="135"> We recognize the increased relevance and importance of South-South cooperation in the current international economic climate. </s>
	  <s n="136"> We, therefore, reiterate our support for South-South cooperation both as a strategy in support of the development efforts of the developing countries and as a means of enhancing participation of developing countries in the emerging global economy. </s>
	</p>
	<p n="74">
	  <s n="137"> We invite the Administrator of the UNDP and the Executive Board to strengthen the TCDC Unit as the United Nations focal point for South-South cooperation through the preservation of this separate identify and the provision of adequate resources to ensure the full implementation of decisions of the South Summit under the sphere of competence and to enable it to carry out its relevant mandates and responsibilities. </s>
	</p>
	<p n="75">
	  <s n="138"> We reiterate our strong commitment to fully implementing the outcome of the South Summit held in Havana, Cuba, from 10 to 14 April 2000. </s>
	  <s n="139"> Regarding the status of the implementation process of the South Summit outcome, we reiterate our firm commitment to speed up the implementation process in the sphere of competence of each chapter. </s>
	  <s n="140"> We welcome the progress made so far in the implementation process despite lack of resources and call upon member States to contribute generously to the special fund established in accordance with the provisions of the Havana Programme of Action in order to facilitate the implementation process. </s>
	</p>
	<p n="76">
	  <s n="141"> We reaffirm the importance of the implementation of the Havana Programme of Action and follow-up of the South Summit and, in this context, reiterate that the ad hoc open-ended working group establish during its twenty-fourth annual meeting should continue to function as a mechanism of regular reviewing and monitoring of the overall process. </s>
	  <s n="142"> In this regard, we reiterate the need to effectively and speedily revitalize the work of this group. </s>
	</p>
	<p n="77">
	  <s n="143"> We reiterate our firm commitment to further strengthening South-South cooperation, taking into account the proposals set out in the Havana Programme of Action. </s>
	  <s n="144"> As stressed by the South Summit, South-South cooperation is increasingly important, both as a strategy in support of development and as a means of ensuring the effective participation of developing countries in the emerging global economic order. </s>
	  <s n="145"> We believe that there is a need to consolidate ongoing efforts, to further increase resources, and to identify priority areas for South-South cooperation, especially in the field of regional and sub-regional economic cooperation, including inter alia the implementation of the Johannesburg Plan of Implementation. </s>
	  <s n="146"> These priority areas should be included in the cooperation among developing countries to enhance their understanding of complex global economic, environmental and social issues and to formulate joint strategies. </s>
	  <s n="147"> We are very confident that the 11th session of the Intergovernmental Follow-up and Coordination Committee on ECDC (IFCC-XI) to be held in 2003 in Caracas will be a major event and an excellent opportunity to establish those priority areas for South-South cooperation as well as to reassert developing countries&apos; solidarity and their desire and ability to act together. </s>
	</p>
	<p n="78">
	  <s n="148"> We stress the importance to developing countries of access to science and technology in order to promote their economic growth and sustainable development. </s>
	  <s n="149"> We, therefore, underscore the need for developing countries to participate in, benefit from, and contribute to, the rapid advances in science and technology, including in the area of environmentally sound technologies, new and emerging technologies, including biotechnology, information and communication technology (ICT) and safe drinking water technologies. </s>
	  <s n="150"> In this context, we welcome the generous offer made by the United Arab Emirates to host the South-South High-level Conference on Science and Technology in Dubai from 27 to 30 October 2002 in accordance with the Havana Programme of Action, and we call on developing countries to participate actively at this Conference in order to formulate a South-South platform for the promotion of science and technology in the South. </s>
	</p>
	<p n="79">
	  <s n="151"> We stress the crucial importance of the Global System of Trade Preferences among Developing Countries (GSTP) as an instrument for promoting South-South cooperation and trade in this context. </s>
	  <s n="152"> We recall the decision of the Havana Summit to consider further deepening and expansion of the GSTP in order to enhance its effectiveness, as well as to review the implementation and the performance and impact of the Global System of Trade Preferences (GSTP) among developing countries. </s>
	  <s n="153"> We request UNCTAD to continue its support for the operations of the GSTP Agreements. </s>
	</p>
	<p n="80">
	  <s n="154"> We approve the Financial Statement of the ECDC Account of the Group of 77 (G-77/AM(XIV)/2002/4). </s>
	  <s n="155"> We express concern over the precarious financial situation of the ECDC Account and the fact that since the Havana Summit only 26 countries have paid their contributions in full. </s>
	  <s n="156"> In this context, we appeal to all member States of the Group of 77 to contribute generously to the ECDC Account as decided by the South Summit in order to support the implementation of the annual programme of work of the Group of 77 and to ensure continuity of the smooth functioning of the Office of the Chairman. </s>
	</p>
	<p n="81">
	  <s n="157"> We approve the report of the Seventeenth Meeting of the Committee of Experts of the Perez-Guerrero Trust Fund (PGTF) (G-77/AM(XIV)/2002/2), which was presented in accordance with the guidelines for the utilization of PGTF. </s>
	  <s n="158"> We note with satisfaction the progress made so far by the PGTF in support of South-South cooperation projects and call upon all members of the Group of 77 as well as the United Nations system to support the expansion of resources of the Trust Fund. </s>
	  <s n="159"> We commend the Chairman of the Committee of Experts for his continued commitment and leadership in the Fund&apos;s activities. </s>
	</p>
	<p n="82">
	  <s n="160"> Other major issues and developments </s>
	</p>
	<p n="83">
	  <s n="161"> We welcome the proposal for the establishment of an international humanitarian fund, mindful of the ideas expressed on the issue during the International Conference on Financing for Development and at the World Summit for Sustainable Development. </s>
	</p>
	<p n="84">
	  <s n="162"> We recall that HIV/AIDS is a major challenge for developing countries. </s>
	  <s n="163"> We believe that the response to the epidemic should be based on an integrated approach of prevention and treatment policies. </s>
	  <s n="164"> We urge the international community to contribute new and additional resources to initiatives in the area of health, including the Global Fund to Fight HIV/AIDS, Tuberculosis and Malaria. </s>
	  <s n="165"> Efforts should also be carried out to provide access to and affordability of medicines including anti-retroviral drugs in line with the Declaration on the TRIPS Agreement and public health, adopted at the Fourth WTO Ministerial Conference, held in Doha. </s>
	</p>
	<p n="85">
	  <s n="166"> We firmly reject the imposition of laws and regulations with extraterritorial impact and all other forms of coercive economic measures, including unilateral sanctions against developing countries, and reiterate the urgent need to eliminate them immediately. </s>
	  <s n="167"> We emphasize that such actions not only undermine the principles enshrined in the Charter of the United Nations and international law, but also severely threaten the freedom of trade and investment. </s>
	  <s n="168"> We, therefore, call on the international community neither to recognize these measures nor apply them. </s>
	</p>
	<p n="86">
	  <s n="169"> We express our grave concern over the impact of economic sanctions on the civilian population and development capacity in targeted countries, and therefore urge the international community to exhaust all peaceful methods before resorting to sanctions, which should only be considered as a last resort. </s>
	  <s n="170"> If necessary, these sanctions must be established only in strict conformity with the Charter of the United Nations with clear objectives, a clear time frame, provisions for regular review, precise conditions for their lifting and never be used as a form of punishment or otherwise to exact retribution. </s>
	</p>
	<p n="87">
	  <s n="171"> We call upon the international community to minimize the adverse effects of United Nations economic sanctions on third parties. </s>
	  <s n="172"> In this regard, we emphasize the responsibility of targeted countries to fully implement the provisions of all relevant Security Council resolutions. </s>
	</p>
	<p n="88">
	  <s n="173"> We call upon the international community to provide the necessary assistance to landmine clearance operations, as well as to the rehabilitation of the victims and their social and economic integration into the landmine affected countries. </s>
	  <s n="174"> We express concern over the residues of the Second World War in particular in the form of landmines which cause human and material damage and obstruct development plans in some developing countries. </s>
	  <s n="175"> We demand that the States responsible for laying the mines outside of their territories assume responsibility for the landmines, cooperate with the affected countries to get rid of them and to contribute defraying the cost of clearance and provide compensation for any ensuing losses and for reclaiming the affected areas for productive purposes. </s>
	  <s n="176"> In this context, we express support for the demining assistance in the south of Lebanon. </s>
	</p>
	<p n="89">
	  <s n="177"> The financial situation, administrative and budgetary issues of the United Nations </s>
	</p>
	<p n="90">
	  <s n="178"> We note the improvement in the financial situation of the Organization and express concern that there are still considerable outstanding contributions and arrears. </s>
	</p>
	<p n="91">
	  <s n="179"> We reaffirm the legal obligation of Member States to bear the expenses of the Organization in accordance with the Charter of the United Nations and the requirements to pay their assessed contributions in full and on time and without conditions. </s>
	  <s n="180"> While recognizing the need to extend sympathetic understanding to those that are temporarily unable to meet their financial obligations as a consequence of genuine economic difficulties, we urge all others, in particular the major contributor, to pay their assessed contributions unconditionally, in full and on time. </s>
	</p>
	<p n="92">
	  <s n="181"> We reaffirm that the principle of the &quot;capacity to pay&quot; is the fundamental criterion in the apportionment of the expenses of the United Nations. </s>
	  <s n="182"> We stress that the special difficulties faced by some developing countries should be fully taken into account and that the decisions of the General Assembly on the agenda item “Scale of assessment” must be responsive to such difficulties. </s>
	  <s n="183"> We stand fully committed to support the requests of these developing countries. </s>
	</p>
	<p n="93">
	  <s n="184"> We encourage the promotion of an intergovernmental dialogue in order to explore measures to improve the financial situation of the Organization that can have a positive impact. </s>
	  <s n="185"> In this regard, we stress that any attempt to change the current methodology of calculating the arrears under Article 19 of the Charter that could adversely affect a large number of developing countries, is not desirable and should be discouraged. </s>
	</p>
	<p n="94">
	  <s n="186"> We express concern that internal cross-borrowing from the peacekeeping budgets to finance the regular budget continues to put undue financial difficulties on the developing countries that provide troops and equipment. </s>
	  <s n="187"> We also express concern at the late and irregular reimbursement to developing countries that provide troops and equipment to various active and liquidated peacekeeping operations, which is due to the non-payment of assessed contributions by some Member States. </s>
	</p>
	<p n="95">
	  <s n="188"> We reaffirm that all mandated programmes and activities of the Organization should be adequately financed in order to ensure its full implementation. </s>
	  <s n="189"> In this regard, we expect that in the decisions to be taken during the fifty-seventh session of the General Assembly on the implementation of the regular budget 2002-2003, the outline for the next budget 2004-2005 and other related budgetary issues, the demands and areas of concern of the Group of 77 and China should be adequately and effectively addressed. </s>
	</p>
	<p n="96">
	  <s n="190"> We express concern at the inadequate share of the developing countries in the United Nations system of procurement. </s>
	  <s n="191"> We emphasize that the United Nations procurement should be on as wide a geographical basis as possible with preferential treatment for the developing countries. </s>
	  <s n="192"> We further underline that the United Nations supplier roster should be representative of the membership of the Organization. </s>
	</p>
	</body>
</text>
</DOC>