<?xml version="1.0" encoding="UTF-8"?>
<DOC lang="English" n="N0345069" id="A/58/204" date="2003/08/04">
<text>
	<body>
	<p n="1">
	  <s n="1"> Fifty-eighth session </s>
	</p>
	<p n="2">
	  <s n="2"> Items 12, 40, 51, 60, 61, 93 (a), (b), (d), (e) and (g), 94, 95 (d), 96, 97, 99 (b), 100, 102, 103, 106 and 107 of the provisional agenda* </s>
	</p>
	<p n="3">
	  <s n="3"> Report of the Economic and Social Council </s>
	</p>
	<p n="4">
	  <s n="4"> New Partnership for Africa&apos;s Development: progress in implementation and international support </s>
	</p>
	<p n="5">
	  <s n="5"> Integrated and coordinated implementation of and follow-up to the outcomes of the major United Nations conferences and summits in the economic, social and related fields </s>
	</p>
	<p n="6">
	  <s n="6"> Strengthening of the United Nations system </s>
	</p>
	<p n="7">
	  <s n="7"> Follow-up to the outcome of the Millennium Summit </s>
	</p>
	<p n="8">
	  <s n="8"> Macroeconomic policy questions: international trade and development </s>
	</p>
	<p n="9">
	  <s n="9"> Macroeconomic policy questions: science and technology for development </s>
	</p>
	<p n="10">
	  <s n="10"> Macroeconomic policy questions: international financial system and development </s>
	</p>
	<p n="11">
	  <s n="11"> Macroeconomic policy questions: external debt crisis and development </s>
	</p>
	<p n="12">
	  <s n="12"> Macroeconomic policy questions: commodities </s>
	</p>
	<p n="13">
	  <s n="13"> Sectoral policy questions: preventing and combating corrupt practices and transfer of funds of illicit origin and returning such assets to the countries of origin </s>
	</p>
	<p n="14">
	  <s n="14"> Sustainable development and international economic cooperation: implementation of the Declaration on International Economic Cooperation, in particular the Revitalization of Economic Growth and Development of the Developing Countries, and implementation of the International Development Strategy for the Fourth United Nations Development Decade </s>
	</p>
	<p n="15">
	  <s n="15"> Environment and sustainable development </s>
	</p>
	<p n="16">
	  <s n="16"> Implementation of Agenda 21, the Programme for the further Implementation of Agenda 21 and the outcomes of the World Summit on Sustainable Development </s>
	</p>
	<p n="17">
	  <s n="17"> Operational activities for development: economic and technical cooperation among developing countries </s>
	</p>
	<p n="18">
	  <s n="18"> Implementation of the first United Nations Decade for the Eradication of Poverty </s>
	</p>
	<p n="19">
	  <s n="19"> Globalization and interdependence </s>
	</p>
	<p n="20">
	  <s n="20"> Implementation of the outcome of the United Nations Conference on Human Settlements (Habitat II) and of the twenty-fifth special session of the General Assembly </s>
	</p>
	<p n="21">
	  <s n="21"> Follow-up to the International Conference on Financing for Development </s>
	</p>
	<p n="22">
	  <s n="22"> Implementation of the outcome of the World Summit for Social Development and of the twenty-fourth special session of the General Assembly </s>
	</p>
	<p n="23">
	  <s n="23"> Letter dated 14 July 2003 from the Permanent Representative of Morocco to the United Nations addressed to the Secretary-General </s>
	</p>
	<p n="24">
	  <s n="24"> I have the honour to transmit, herewith, the final communiqué and declaration adopted by the thirty-fourth meeting of the Chairmen/Coordinators of the Chapters of the Group of 77, held in Geneva on 26 and 27 June 2003 (see annex). </s>
	</p>
	<p n="25">
	  <s n="25"> On behalf of the Group of 77, I would appreciate it if the present letter and its annex could be circulated as a document of the fifty-eighth session of the General Assembly, under items 12, 40, 51, 60, 61, 93 (a), (b), (d), (e) and (g), 94, 95 (d), 96, 97, 99 (b), 100, 102, 103, 106 and 107 of the provisional agenda. </s>
	</p>
	<p n="26">
	  <s n="26"> (Signed) Ambassador Mohamed Bennouna </s>
	</p>
	<p n="27">
	  <s n="27"> Permanent Representative </s>
	</p>
	<p n="28">
	  <s n="28"> Chairman of the Group of 77 </s>
	</p>
	<p n="29">
	  <s n="29"> pages 3-11 prepared for offset (9 pp.) </s>
	</p>
	</body>
</text>
</DOC>