<?xml version="1.0" encoding="UTF-8"?>
<DOC lang="English" n="N0426248" id="A/58/729" date="2004/03/05">
<text>
	<body>
	<p n="1">
	  <s n="1"> Fifty-eighth session </s>
	</p>
	<p n="2">
	  <s n="2"> Agenda item 121 </s>
	</p>
	<p n="3">
	  <s n="3"> Programme budget for the biennium 2004-2005 </s>
	</p>
	<p n="4">
	  <s n="4"> Status of possible funding arrangements for the capital master plan </s>
	</p>
	<p n="5">
	  <s n="5"> Report of the Secretary-General* </s>
	</p>
	<p n="6">
	  <s n="6"> * Submission of the report was delayed pending receipt of the loan offer from the host country. </s>
	</p>
	<p n="7">
	  <s n="7"> It will be recalled that, in accordance with the provisions of section II of General Assembly resolution 57/292, the Secretary-General submitted to the General Assembly the first progress report on implementation of the capital master plan (A/58/599). </s>
	  <s n="8"> That report addressed, inter alia, issues on the status of contributions from public and private sources for financing the project, cooperation with the city and state of New York on the project and the progress of the design work. </s>
	  <s n="9"> The present report on the status of possible funding arrangements for the project complements that report and highlights further developments with respect to the capital master plan project. </s>
	</p>
	<p n="8">
	  <s n="10"> On 20 February 2004, the host country Government informed the Secretariat that, as host country for United Nations Headquarters, the United States of America had extended an offer to the United Nations to lend it $1.2 billion to finance the capital master plan. </s>
	  <s n="11"> The offer is of a provisional nature, subject to approval by the United States Congress. </s>
	  <s n="12"> Under the terms of the offer, the host country would provide financing in segments, at the request of the United Nations, during the construction phase of the capital master plan. </s>
	  <s n="13"> Interest would be paid annually on the advances received, at a rate of 5.54 per cent. </s>
	</p>
	<p n="9">
	  <s n="14"> Under the scenario proposed by the host country, $400 million would be advanced in each of the first three years of construction. </s>
	  <s n="15"> Based on that scenario, the interest payable on the construction loan would be as follows: </s>
	</p>
	<p n="10">
	  <s n="16"> (United States dollars) </s>
	</p>
	<p n="11">
	  <s n="17"> Under the proposal from the host country, once construction has been completed, after five years, the construction loan would be converted to a loan repayable over a 25-year period, with an annual interest rate of 5.54 per cent. </s>
	  <s n="18"> Based on that rate, the amount of repayment, including principal, would be $89,808,700 annually over the 25-year life of the loan. </s>
	  <s n="19"> The total amounts to be repaid to the host country under the terms of the loan would therefore be $2,511,137,500, detailed as follows: </s>
	</p>
	<p n="12">
	  <s n="20"> (United States dollars) </s>
	</p>
	<p n="13">
	  <s n="21"> The General Assembly, in paragraph 25, section II, of its resolution 57/292, appropriated $25.5 million for the first phase of the design work for the capital master plan. </s>
	  <s n="22"> The first phase of the design work has commenced and is likely to be completed at the end of 2004 or by February 2005, at the latest. </s>
	  <s n="23"> The appropriation provided by the Assembly will cover the costs of completion of the first phase of the design. </s>
	  <s n="24"> A detailed account of the expenditure to date and the anticipated expenditure in 2004 is provided in the annex to the present report. </s>
	</p>
	<p n="14">
	  <s n="25"> In paragraph 26, section II, of its resolution 57/292, the General Assembly gave authority to the Secretary-General to enter into commitments of up to $26 million for the second phase of the design work. </s>
	  <s n="26"> The Secretary-General currently anticipates that the amount will be adequate to cover the second phase of the design work, which is anticipated to commence in 2005 and to be completed by early 2006. </s>
	</p>
	<p n="15">
	  <s n="27"> The Secretary-General recommends that the General Assembly: </s>
	</p>
	<p n="16">
	  <s n="28"> (a) Note with appreciation the intention of the host country Government to offer a loan to the Organization; </s>
	</p>
	<p n="17">
	  <s n="29"> (b) Note that the loan is anticipated to be offered as repayable with interest, which would increase the overall cost; </s>
	</p>
	<p n="18">
	  <s n="30"> (c) Request the Secretary-General to consult further with the host country authorities on the exact terms and conditions of the loan and to report on the outcome of such consultations to the Assembly at its fifty-ninth session; </s>
	</p>
	<p n="19">
	  <s n="31"> (d) Request the Secretary-General to explore other funding opportunities, including contributions from public and private sources. </s>
	</p>
	<p n="20">
	  <s n="32"> Annex </s>
	</p>
	<p n="21">
	  <s n="33"> Estimated expenditures for the first phase of the design work for the capital master plan </s>
	</p>
	<p n="22">
	  <s n="34"> (Thousands of United States dollars) </s>
	</p>
	</body>
</text>
</DOC>