<?xml version="1.0" encoding="UTF-8"?>
<DOC lang="English" n="N0423264" id="A/58/704" date="2004/02/05">
<text>
	<body>
	<p n="1">
	  <s n="1"> Fifty-eighth session </s>
	</p>
	<p n="2">
	  <s n="2"> Agenda items 130 and 134 </s>
	</p>
	<p n="3">
	  <s n="3"> Report of the Secretary-General on the activities of the Office of Internal Oversight Services </s>
	</p>
	<p n="4">
	  <s n="4"> Administrative and budgetary aspects of the financing of the United Nations peacekeeping operations </s>
	</p>
	<p n="5">
	  <s n="5"> Report of the Office of Internal Oversight Services on the audit of the policies and procedures for recruiting Department of Peacekeeping Operations staff </s>
	</p>
	<p n="6">
	  <s n="6"> Note by the Secretary-General </s>
	</p>
	<p n="7">
	  <s n="7"> Pursuant to General Assembly resolutions 48/218 B of 29 July 1994, 54/244 of 23 December 1999 and 57/287 A of 20 December 2002, the Secretary-General has the honour to transmit, for the attention of the General Assembly, the attached report, conveyed to him by the Under-Secretary-General for Internal Oversight Services, on the audit of the policies and procedures for recruiting staff for the Department of Peacekeeping Operations. </s>
	</p>
	<p n="8">
	  <s n="8"> The Secretary-General takes note of the findings and generally concurs with the recommendations made in the report, which will contribute to the implementation of human resources management reform in the Secretariat. </s>
	</p>
	<p n="9">
	  <s n="9"> Report of the Office of Internal Oversight Services on the audit of the policies and procedures for recruiting Department of Peacekeeping Operations staff </s>
	</p>
	<p n="10">
	  <s n="10"> Contents </s>
	</p>
	<p n="11">
	  <s n="11"> Introduction </s>
	</p>
	<p n="12">
	  <s n="12"> Pursuant to General Assembly resolution 57/287 A of 20 December 2002, the Office of Internal Oversight Services (OIOS) conducted a further audit of the policies and procedures for recruiting Department of Peacekeeping Operations staff in the Professional category and above during 2002. </s>
	  <s n="13"> Most of the vacancies were related to new posts authorized by the General Assembly in its resolution 56/241 of 24 December 2001 for implementing the recommendations of the Panel on United Nations Peace Operations (A/55/305-S/2000/809). </s>
	  <s n="14"> The main objectives of the audit, which was conducted from May to July 2003, were to determine whether existing practices: (a) ensured the effective and efficient management of recruitment; (b) promoted transparency in the selection process; and (c) facilitated the recruitment of the best available candidates with due regard to equitable geographical distribution and gender balance. </s>
	  <s n="15"> The audit also reviewed pending recruitment actions that had been initiated in 2002. </s>
	</p>
	<p n="13">
	  <s n="16"> OIOS examined the recruitment process, conducted “walk-throughs” using the web-based Galaxy system developed by the Office of Human Resources Management, reviewed relevant documentation and interviewed officials of the Office of Human Resources Management and the Department of Peacekeeping Operations. </s>
	  <s n="17"> A draft of the present report was made available to the Office of Human Resources Management and the Department of Peacekeeping Operations for review. </s>
	  <s n="18"> Their comments are shown in italics. </s>
	</p>
	<p n="14">
	  <s n="19"> Recruitment process </s>
	</p>
	<p n="15">
	  <s n="20"> Overall recruitment time frames for vacancies in the Professional category and above </s>
	</p>
	<p n="16">
	  <s n="21"> The recruitment process commences with the Department&apos;s request for the issuance of a vacancy announcement and concludes with the recommended candidate&apos;s approval by an official authorized to make the decision on behalf of the Secretary-General. </s>
	  <s n="22"> In its previous report on recruiting Department of Peacekeeping Operations staff (A/57/224), OIOS had determined that the average time frame for filling vacancies in the Professional category and above was 264 days for posts approved by the General Assembly on an emergency basis and 362 days for regular posts filled during 2001. </s>
	  <s n="23"> The current audit found that the average recruitment time frame for posts in the Professional category and above filled by the Department in 2002 was 347 days (see table 1). </s>
	  <s n="24"> Of the 105 vacancies in the Professional category and above filled during 2002, 103 were processed through the former appointment and promotion bodies in accordance with procedures applicable for vacancy announcements issued prior to the introduction of the new staff selection system on 1 May 2002 (see ST/AI/2002/4). </s>
	  <s n="25"> Only two vacancies were filled during 2002 under the new staff selection system. </s>
	  <s n="26"> The new system enables programme managers to expedite the selection process by considering eligible staff members for a lateral move 15 days after the issuance of the vacancy announcement (i.e., the “15-day mark”) and eligible staff members currently serving at one level below the level of the advertised vacancy at the 30-day mark. </s>
	  <s n="27"> The average recruitment time frame for the two posts filled during 2002 under the new staff selection system was 154 days. </s>
	</p>
	<p n="17">
	  <s n="28"> Table 1 Time frames for recruiting candidates in the Professional category and above </s>
	</p>
	<p n="18">
	  <s n="29"> The average recruitment time frame of 347 days was still significantly longer than the goal of 120 days envisaged in the report of the Secretary-General on human resources management reform (A/55/253 and Corr.1). </s>
	  <s n="30"> There were no reliable statistics permitting a comparison of that average with the averages of other departments within the United Nations Secretariat. </s>
	  <s n="31"> In a report on progress and impact assessment of management improvement measures (A/58/70), the Secretary-General reported to the General Assembly that the recruitment time frame for vacancies in the Secretariat had been reduced to 147 days during the period from May to December 2002. </s>
	  <s n="32"> However, the proposed programme budget of the Office of Human Resources Management for the biennium 2004-2005 (A/58/6 (sect. </s>
	  <s n="33"> 29C)) indicated that the estimated recruitment time frame for 2002-2003 was 200 days and the target for 2004-2005 was 120 days. </s>
	  <s n="34"> A management letter of the Board of Auditors dated 5 May 2003 on the audit of the Office of Human Resources Management indicated that the recruitment time frame in the Secretariat ranged from 136 to 372 days. </s>
	  <s n="35"> In the opinion of OIOS, the average time frame of 347 days for filling vacancies in the Professional category and above in the Department of Peacekeeping Operations during 2002 was attributable mainly to the substantial workload associated with the large number of vacancies, including the 64 additional posts approved by the General Assembly in its resolution 56/241 for implementing the recommendations of the Panel on United Nations Peace Operations and processing the large number of applications received in response to the vacancy announcements. </s>
	</p>
	<p n="19">
	  <s n="36"> Recruitment actions for most of the posts filled by the Department during 2002 were processed through the web-based Galaxy system at a time when the system was still under development. </s>
	  <s n="37"> The problems encountered by the Department and by the Office of Human Resources Management during those stages contributed to slowing down the recruitment process instead of accelerating it. </s>
	  <s n="38"> Initially, it took some time for programme managers to become familiar with the system and to gain a proper understanding of its features. </s>
	  <s n="39"> The Galaxy system was designed to administer the new staff selection system that was to become effective on 1 May 2002. </s>
	  <s n="40"> However, since a vast majority of vacancy announcements relating to posts in the Department had already been issued prior to 1 May 2002 (and therefore were governed by a different recruitment procedure), the Galaxy system processes had to be re-engineered to comply with the requirements of the prevailing appointment and promotion procedure. </s>
	  <s n="41"> Also, applications pertaining to military and civilian police vacancies, the circulation of which is limited to Member States, had to be processed outside the Galaxy system since those posts were not to be advertised through Galaxy. </s>
	  <s n="42"> Furthermore, in some instances the candidate evaluation and selection process had to be conducted outside of Galaxy owing to technical problems in accessing and recording data in the system. </s>
	</p>
	<p n="20">
	  <s n="43"> In the opinion of OIOS, the Department of Peacekeeping Operations should be able to significantly reduce recruitment time frames in future years. </s>
	  <s n="44"> The surge in vacancies that the Department experienced in 2001 and 2002 as a result of the recommendations of the Panel on United Nations Peace Operations appears unlikely to recur in the near future. </s>
	  <s n="45"> Through human resources planning, the Department should be in a better position to anticipate vacancies; the availability of generic job profiles should expedite the issuance of vacancy announcements; and the delegation of selection authority to the heads of departments in accordance with administrative instruction ST/AI/2002/4 should eliminate the time required under the previous system to obtain approvals of the appointment and promotion bodies and the official designated to make the decision on behalf of the Secretary-General. </s>
	  <s n="46"> These factors should enable the Department of Peacekeeping Operations to achieve a significantly shorter recruitment time frame in future. </s>
	</p>
	<p n="21">
	  <s n="47"> Vacancy announcements and generic job profiles </s>
	</p>
	<p n="22">
	  <s n="48"> In its previous audit (see A/57/224), OIOS identified several inconsistencies and disparities in job requirements for similar posts and/or posts at the same level in the Department of Peacekeeping Operations. </s>
	  <s n="49"> OIOS had recommended that the Office of Human Resources Management remedy this situation by preparing generic job profiles and ensuring that the requirements indicated in vacancy announcements were consistent with the respective generic job profiles. </s>
	  <s n="50"> The current audit found that generic job profiles had been prepared for a large number of the Department&apos;s posts, thereby leading to a greater degree of consistency in job requirements for similar posts and/or posts at the same level. </s>
	  <s n="51"> OIOS also noted a high degree of consistency in the job requirements pertaining to posts at the same level in the Department&apos;s Military Division and Civilian Police Division. </s>
	  <s n="52"> The new staff selection system requires the prior approval of evaluation criteria by the central review bodies. </s>
	  <s n="53"> Since the evaluation criteria are based on the requirements indicated in the proposed vacancy announcement, the review of evaluation criteria by the central review bodies serves as a mechanism to minimize or eliminate inconsistencies and disparities between job requirements for similar posts and/or posts at the same level, unlike under the previous system, which did not provide for such reviews by the appointment and promotion bodies prior to the issuance of vacancy announcements. </s>
	  <s n="54"> These improvements in recruitment policies and procedures have contributed to a greater degree of consistency in vacancy announcements. </s>
	</p>
	<p n="23">
	  <s n="55"> Notwithstanding these improvements, OIOS found a few instances in which the job requirements for posts at the same level in the Department of Peacekeeping Operations continued to be inconsistent. </s>
	  <s n="56"> For example, vacancy announcements for posts at the P-5 level variously indicated the required amount of experience as “10 to 15 years”, “over 13 years” or “minimum 15 years”. </s>
	  <s n="57"> Likewise, some vacancy announcements for posts at the D-2 level required “significant experience”, while others stipulated “minimum experience of 20 years”. </s>
	  <s n="58"> Another vacancy announcement required “a minimum of 15 to 20 years” of which “over 10 years should be at the international level”. </s>
	  <s n="59"> The selected candidate had more than 20 years of experience but did not appear to meet the requirement of “over 10 years at the international level”. </s>
	  <s n="60"> These inconsistencies occurred because no generic job profiles had been prepared for those posts, apparently because such posts were limited in number. </s>
	  <s n="61"> The Department of Peacekeeping Operations clarified that each vacancy announcement had been prepared on the basis of a classified job description or a generic job profile, in accordance with the applicable procedures. </s>
	  <s n="62"> In the opinion of OIOS, the Office of Human Resources Management should standardize the minimum qualifications required for posts at various levels within an occupational group and ensure that future vacancy announcements consistently reflect those requirements. </s>
	  <s n="63"> The Office of Human Resources Management commented that it continued to work with the Department of Peacekeeping Operations to ensure that this was done. </s>
	</p>
	<p n="24">
	  <s n="64"> C. Lack of clarity in eligibility requirements </s>
	</p>
	<p n="25">
	  <s n="65"> Most of the vacancies filled by the Department in 2002 were governed by recruitment procedures under the old system; that is, they were based on recommendations made by the appointment and promotion bodies. </s>
	  <s n="66"> Serving staff members who had been recruited through a national competitive examination or on the basis of a recommendation of an appointment and promotion body were eligible to apply for vacancies at their current level or one level higher, provided they met the applicable seniority requirements (see ST/AI/1999/8, sect. </s>
	</p>
	<p n="26">
	  <s n="67"> The eligibility requirements changed significantly with the introduction of the new staff selection system on 1 May 2002. </s>
	  <s n="68"> The new system seeks to implement the Secretary-General&apos;s proposals for comprehensive reform of human resources management based on the series of “building blocks” described in his report on human resources management reform (A/55/253). </s>
	  <s n="69"> Under the new system, the Office of Human Resources Management reviews candidates&apos; applications and determines their eligibility for consideration at the 15-day, 30-day and 60-day marks in accordance with the provisions of administrative instruction ST/AI/2002/4. </s>
	  <s n="70"> Staff members who apply for a lateral move to a post at the same level are eligible to be considered at the 15-day mark, and staff members who apply for a post one level above their current level are eligible to be considered at the 30-day mark, provided they have served for a minimum period of one year in their current functions and have had a prior lateral move at that level. </s>
	  <s n="71"> OIOS reviewed a sample of applications and found instances of ineligible staff members being shortlisted and evaluated for the advertised post. </s>
	  <s n="72"> There were also several errors in determining the eligibility of candidates who had applied for posts in the Department. </s>
	  <s n="73"> One candidate who had never served with the United Nations and was therefore ineligible for consideration at the 30-day mark was nevertheless declared eligible. </s>
	  <s n="74"> Some staff members who were eligible to be considered at the 30-day mark had been considered eligible at the 15-day mark and vice-versa. </s>
	  <s n="75"> One staff member who had applied for three different vacancies at the same level was considered to be eligible at the 30-day mark for two posts and at the 60-day mark for the third post. </s>
	  <s n="76"> Likewise, a staff member was correctly considered to be an external candidate (and therefore eligible for consideration at the 60-day mark) when he applied for a post, but when he reapplied for the same post upon recirculation of the vacancy he was considered an internal candidate and deemed to be eligible at the 30-day mark. </s>
	</p>
	<p n="27">
	  <s n="77"> The audit also identified an instance in which a staff member on loan from an organization within the United Nations system was appointed to a post in the Department of Peacekeeping Operations two levels above the staff member&apos;s own level. </s>
	  <s n="78"> It appeared that this staff member was only eligible for appointment to a post one level higher, in accordance with section 5.4 (b) (i) of the administrative instruction, since the staff member had been granted a special post allowance to a post at that level for a period of more than two years. </s>
	  <s n="79"> OIOS was informed that this staff member was considered to be an external candidate, and was therefore eligible at the 60-day mark under section 5.6 of the instruction, which states that all candidates may be considered for any vacancy by the deadline indicated in the vacancy announcement. </s>
	  <s n="80"> It would thus appear that staff members can be deemed eligible for any post, including posts that are two or more levels higher than their current level. </s>
	</p>
	<p n="28">
	  <s n="81"> OIOS is concerned that this eligibility provision, which enables staff members to be considered for posts that are two or more levels higher than their own, has not been articulated in the Secretary-General&apos;s report on human resources management reform or clearly spelled out in the administrative instruction. </s>
	  <s n="82"> The sample review of applications by OIOS showed only one case (referred to above) of a staff member applying for a post two levels higher than his or her own level. </s>
	  <s n="83"> OIOS believes that for recruitment to be transparent and equitable, it is vital that eligibility conditions be unambiguous and clearly understood by staff. </s>
	  <s n="84"> The current eligibility requirements are unclear and open to different interpretations. </s>
	  <s n="85"> This may have discouraged many staff members from competing for posts two or more levels higher than their current level. </s>
	</p>
	<p n="29">
	  <s n="86"> The existing eligibility requirements contained in the administrative instruction could give rise to some unintended or undesirable situations. </s>
	  <s n="87"> For example, section 5.1 states that staff members have to meet a minimum post occupancy period of two years (or one year with a prior lateral move at their current level) before they can become eligible to be considered for vacancies. </s>
	  <s n="88"> As such, a staff member at the P-3 level can be considered eligible at the 60-day mark for a D-1 post if he or she has served in the P-3 post for the prescribed minimum occupancy period. </s>
	  <s n="89"> However, this individual&apos;s supervisor, serving at the P-5 level, who has not completed the minimum occupancy period in the P-5 post cannot be considered for the D-1 post. </s>
	  <s n="90"> This incongruity is especially untenable since one of the principal aims of the new staff selection system is to abolish the time-in-grade requirements used in the past. </s>
	</p>
	<p n="30">
	  <s n="91"> OIOS is concerned that the eligibility of staff members to be considered for vacancies at two or more levels above their current level may increase the risk of arbitrariness in recruitment and promotion. </s>
	  <s n="92"> Existing control mechanisms may prove to be ineffective in preventing such arbitrary actions. </s>
	  <s n="93"> The central review body, which is considered the ultimate guardian of accountability of the recruitment process (see A/55/253, para. </s>
	  <s n="94"> 25), may have no reasonable basis for questioning the candidacy of any staff member since the Office of Human Resources Management considers all staff members to be eligible for all posts irrespective of their level, except that staff in the General Service category are not eligible to apply for Professional posts. </s>
	  <s n="95"> Furthermore, the Office itself, which has monitoring responsibility, may be unable to prevent abuse because the candidate is formally eligible. </s>
	  <s n="96"> In the view of OIOS, the Office of Human Resources Management should carefully examine the implications of the complexities in eligibility requirements arising from the provisions of administrative instruction ST/AI/2002/4 and clarify them for all staff members within the Organization to ensure transparent and equitable eligibility criteria. </s>
	  <s n="97"> The Office of Human Resources Management commented that efforts continued to be made to clarify the eligibility requirements. </s>
	  <s n="98"> Since the introduction of the new staff selection system, guidelines for determining eligibility under the administrative instruction had been issued in March 2003 and made available on the United Nations Intranet to all staff members. </s>
	  <s n="99"> A help desk had been set up, with responses provided by e-mail, over the telephone and during in-person visits. </s>
	  <s n="100"> In addition, training continued to be provided to managers and staff. </s>
	  <s n="101"> The Office further commented that a review of the existing eligibility requirements would be conducted as part of the upcoming assessment of the experience acquired in the implementation of the new staff selection system since 1 May 2002. </s>
	  <s n="102"> OIOS will keep this matter under review in the context of General Assembly resolution 57/305 of 15 April 2003, in which the Assembly requested OIOS to conduct a study on the impact of the Secretary-General&apos;s human resources management reform, including in areas such as mobility, training and the role of the central review bodies. </s>
	</p>
	<p n="31">
	  <s n="103"> Screening of applications </s>
	</p>
	<p n="32">
	  <s n="104"> The biggest challenges facing managers in the Department of Peacekeeping Operations and the Office of Human Resources Management involved reviewing the large number of applications received and making informed selection decisions within a reasonable time frame. </s>
	  <s n="105"> In response to 76 vacancy announcements issued in 2002 for posts in the Department (excluding police and military posts, the circulation of which is limited to Member States), 13,796 applications were received. </s>
	  <s n="106"> Of those, 7,536 applications, or about 55 per cent, were received and recorded in the Galaxy system. </s>
	  <s n="107"> There was no effective filtering mechanism to sort or search the large volume of applications in order to narrow down the number of candidates to those who met the broad requirements of the advertised vacancy. </s>
	  <s n="108"> In effect, each application — irrespective of whether it had been received electronically through the Galaxy system or otherwise — had to be reviewed. </s>
	  <s n="109"> This imposed a heavy burden on managers and slowed down the recruitment process considerably. </s>
	  <s n="110"> The Galaxy system has a search feature, which was of limited value because about 45 per cent of the applications had been received on paper and could not be subjected to an electronic search. </s>
	  <s n="111"> The system also has the capability of requiring each candidate to provide specific yes or no answers to questions that can be built into the vacancy announcement. </s>
	  <s n="112"> For example, if work experience in a specific area is an essential requirement for the post, each applicant must state whether he or she has that experience. </s>
	  <s n="113"> Candidates who do not meet that essential requirement are automatically excluded from further consideration. </s>
	  <s n="114"> However, this capability was not used. </s>
	  <s n="115"> In the view of OIOS, the use of such a filtering mechanism would be of immense value to managers, particularly when they are dealing with a large number of applications. </s>
	  <s n="116"> The Office of Human Resources Management needs to work closely with managers to develop such filtering techniques to improve the efficiency and effectiveness of the recruitment process. </s>
	  <s n="117"> The Office commented that it had developed and implemented an “advanced search” functionality using a keyword search, which is a convenient and effective tool for screening candidates. </s>
	  <s n="118"> This tool was being further enhanced to incorporate the feedback and suggestions received from client departments. </s>
	</p>
	<p n="33">
	  <s n="119"> Pursuant to the new staff selection system, effective 1 May 2002, human resources case officers release lists of candidates eligible to be considered at the 15-, 30- and 60-day marks to the concerned manager for further evaluation and selection. </s>
	  <s n="120"> Owing to the volume of applications not received through the Galaxy system, including paper applications, the release of those lists was often delayed. </s>
	  <s n="121"> Candidates who do not submit their applications within the 15- or 30-day mark are nevertheless eligible to be considered at the 15- or 30-day mark if they meet the eligibility requirements. </s>
	  <s n="122"> As a result, managers in the Department of Peacekeeping Operations continued to receive eligible candidates long after those marks had been reached. </s>
	  <s n="123"> Some managers said that applications eligible for consideration at the 30-day mark continued to be received even as the selection process was being finalized on the basis of the previous 30-day lists. </s>
	  <s n="124"> Sometimes the lists of candidates recommended for selection had to be revised owing to the arrival of a new list, thereby defeating the purpose of the 30-day process. </s>
	  <s n="125"> In effect, managers were reviewing 30-day candidates long after the 60-day mark. </s>
	  <s n="126"> The Office of Human Resources Management clarified that such incidents occurred because a partial list had been released upon the request of the concerned manager, and the remainder of the list was subsequently transmitted after all applications had been reviewed by the human resources case officer. </s>
	</p>
	<p n="34">
	  <s n="127"> Use of scoring methods for the evaluation of candidates </s>
	</p>
	<p n="35">
	  <s n="128"> With a view to increasing transparency in recruitment and preserving the integrity of the process, OIOS had previously recommended that the Office of Human Resources Management develop candidate evaluation criteria in the form of scoring and weighting methods (see A/55/397, recommendation 7). </s>
	  <s n="129"> Such scoring methods would enable the reviewing officer to evaluate the qualifications and experience of each candidate in accordance with the evaluation criteria and assign appropriate numerical scores. </s>
	  <s n="130"> Candidates with the highest scores could be shortlisted for a competency-based interview. </s>
	  <s n="131"> Such an evaluation system would add significant value to the recruitment process and facilitate the shortlisting of the best available candidates. </s>
	  <s n="132"> The Office of Human Resources Management had accepted the recommendation and had commented that once the General Assembly endorsed the proposal, the Office would work with departments to formulate a balanced evaluation system. </s>
	  <s n="133"> The report of the Secretary-General on human resources management reform envisaged the establishment of numerical scoring methods for evaluating candidates under the new staff selection system. </s>
	</p>
	<p n="36">
	  <s n="134"> In its previous audit of recruitment in the Department of Peacekeeping Operations (A/57/224), OIOS noted that such an evaluation system had not been established. </s>
	  <s n="135"> Although the Office of Human Resources Management had provided some documentation suggesting that a scoring system had been used for evaluating candidates for certain posts, those evaluations were of limited value. </s>
	  <s n="136"> OIOS had again recommended that the Office of Human Resources Management establish a scoring system for evaluating candidates. </s>
	  <s n="137"> The Office commented that the Galaxy system, which was being developed at that time, would provide the necessary tools to screen and evaluate candidates on the basis of predetermined rating criteria. </s>
	  <s n="138"> However, the use of such an evaluation methodology would be optional. </s>
	</p>
	<p n="37">
	  <s n="139"> The current audit showed that a sizeable majority of managers in the Department of Peacekeeping Operations did not use numeric scoring methods, evidently because the Office of Human Resources Management had indicated that their use was optional. </s>
	  <s n="140"> OIOS noted that even though the Department sought confirmation, the Office did not provide written confirmation that the use of numeric scoring methods was optional. </s>
	  <s n="141"> The audit also showed that some managers diligently used numeric scoring methods for evaluation whereby each candidate was given a score on the basis of evaluation criteria, and candidates with the highest scores were shortlisted for competency-based interviews. </s>
	  <s n="142"> OIOS was pleased to see a well-reasoned record of managers&apos; assessment of candidates in the Galaxy system, including an analytical description of the candidates&apos; performance during the interview. </s>
	  <s n="143"> For vacancies governed by the new staff selection system, managers identified up to four candidates from which the department head could make a selection. </s>
	  <s n="144"> The few instances in which managers made good use of numeric scoring methods for evaluating candidates clearly demonstrated their value in enhancing transparency and fairness in the recruitment process. </s>
	  <s n="145"> In the opinion of OIOS, the Office of Human Resources Management should ensure that all managers in the Secretariat consistently use numeric scoring methods to evaluate candidates, as envisaged in the report of the Secretary-General on human resources management reform. </s>
	  <s n="146"> Necessary guidance on the use of scoring methods could be provided online in the Galaxy system. </s>
	  <s n="147"> The Office of Human Resources Management commented that as part of its ongoing effort to improve the functions in Galaxy, the experience gained in the use of numeric scoring methods would be taken into account in considering other methods, which might be less time-consuming, that had emerged as a result of changes in technology since the publication of the report of the Secretary-General on human resources management reform three years ago. </s>
	  <s n="148"> OIOS will keep this matter under review in the context of General Assembly resolution 57/305. </s>
	</p>
	<p n="38">
	  <s n="149"> Geographical distribution and gender balance </s>
	</p>
	<p n="39">
	  <s n="150"> Equitable geographical distribution </s>
	</p>
	<p n="40">
	  <s n="151"> Legislative mandates governing the recruitment of Professional staff for posts in the United Nations Secretariat require the Secretary-General to ensure that the highest standards of efficiency, competence and integrity serve as the paramount consideration for employment, with due regard to the principle of equitable geographical distribution, in accordance with Article 101, paragraph 3, of the Charter of the United Nations. </s>
	  <s n="152"> Although a vast majority of posts in the Department of Peacekeeping Operations are not governed by the system of desirable ranges set out in General Assembly resolution 42/220 A of 21 December 1987 and reaffirmed by the Assembly in its resolutions 51/226 of 3 April 1997 and 53/221 of 7 April 1999, established recruitment procedures nonetheless require that due regard be paid to recruiting staff on as wide a geographical basis as possible. </s>
	</p>
	<p n="41">
	  <s n="153"> The General Assembly, in its resolution 55/258 of 14 June 2001, reaffirmed that the Secretary-General should give the fullest regard to candidates with the requisite qualifications and experience already in the service of the United Nations. </s>
	  <s n="154"> Furthermore, in its resolution 55/238 of 23 December 2000, the Assembly accepted the recommendation of the Special Committee on Peacekeeping Operations that troop-contributing countries be properly represented in the Department of Peacekeeping Operations, reflecting their contribution to United Nations peacekeeping activities. </s>
	  <s n="155"> When recruiting Professional staff members, the Department is therefore required to give due regard to the adequate representation of unrepresented and underrepresented countries and troop-contributing countries. </s>
	  <s n="156"> In conjunction with those requirements, the Department is also required to give due regard to special measures for achieving gender equality, as well as the recruitment of candidates who are already in the service of the United Nations. </s>
	</p>
	<p n="42">
	  <s n="157"> Since most of the posts in the Department of Peacekeeping Operations are not subject to the system of desirable ranges, no clear numerical targets exist to ensure that the Department achieves equitable geographical distribution on the basis of mandated standards. </s>
	  <s n="158"> The establishment of such mandated standards becomes further complicated by the fact that some of the major troop-contributing and/or police-contributing countries are overrepresented in the Secretariat with regard to posts covered by the system of desirable ranges. </s>
	  <s n="159"> The Department&apos;s human resources action plan for 2001-2002, as agreed with the Office of Human Resources Management, stipulated that the Department would continue to make every effort to increase the recruitment of qualified candidates from unrepresented and underrepresented countries. </s>
	  <s n="160"> The Department asserted that it also emphasized the need to ensure adequate representation of troop-contributing countries. </s>
	  <s n="161"> For example, the Department provided documentation to OIOS indicating that two of the top 10 troop-contributing countries had no representation in the Department as at 30 June 2002. </s>
	  <s n="162"> This situation was addressed when three candidates were appointed from those countries during the latter half of 2002. </s>
	</p>
	<p n="43">
	  <s n="163"> The OIOS analysis of the nationalities of candidates selected for appointment to the 105 posts in the Professional category and above in the Department of Peacekeeping Operations during 2002 revealed the following: </s>
	</p>
	<p n="44">
	  <s n="164"> (a) Of the 105 candidates selected, 86, or approximately 82 per cent, were from troop-contributing and/or police-contributing countries. </s>
	  <s n="165"> Of the 86 candidates selected, 71 were from troop-contributing countries, including 23 candidates from the top 20 troop contributors. </s>
	  <s n="166"> Nine of the selected candidates were from countries that contributed only civilian police, and seven were from countries that had contributed neither troops nor police. </s>
	  <s n="167"> However, five of those seven candidates were from countries within the desirable range, and two candidates were from overrepresented countries. </s>
	</p>
	<p n="45">
	  <s n="168"> (b) Of the 105 candidates selected, 13 were from countries underrepresented in the Secretariat under the system of desirable ranges, 84 were from countries within the prescribed desirable range and 18 were from overrepresented countries. </s>
	  <s n="169"> No candidates from unrepresented countries were selected. </s>
	</p>
	<p n="46">
	  <s n="170"> In broad terms, the candidates selected by the Department during 2002 appeared to be well-dispersed geographically. </s>
	  <s n="171"> However, in view of the special importance attached to equitable geographical distribution by the Organization&apos;s legislative bodies, the Department needs to continue to review this matter on an ongoing basis to further improve the geographical distribution of staff in the Department. </s>
	</p>
	<p n="47">
	  <s n="172"> Gender balance </s>
	</p>
	<p n="48">
	  <s n="173"> In its previous audit, OIOS indicated that of the 67 Professional staff recruited by the Department during 2001, 21 (or 31 per cent) were women (see A/57/224, para. </s>
	  <s n="174"> The current audit found that 37 (or 35 per cent) of the 105 candidates appointed against vacancies in the Professional category and above in the Department during 2002 were women. </s>
	  <s n="175"> In the opinion of OIOS, this achievement is significant, particularly in view of the higher number of vacancies filled during 2002. </s>
	</p>
	<p n="49">
	  <s n="176"> Table 2 provides gender statistics on staff in the Professional category and above in the various offices and divisions of the Department of Peacekeeping Operations as at 30 June 2003. </s>
	  <s n="177"> Approximately 52 per cent of those staff members held positions in the Military, Civilian Police and Logistics Support Divisions — functions that are traditionally segregated along gender lines with a male bias. </s>
	  <s n="178"> The combined representation of women in those three divisions was very low, at 16 per cent. </s>
	  <s n="179"> In the remaining offices and divisions of the Department, the overall percentage of women was considerably higher, at about 48 per cent, although still short of the 50-50 gender distribution goal. </s>
	  <s n="180"> The Department explained the special measures that had been taken to achieve a better gender ratio, including the appointment of senior women officers to head the Civilian Police Division, the Administrative Support Division, and the Office of Mission Support. </s>
	  <s n="181"> The continuation of such efforts should enable the Department to further improve upon those achievements in gender balance. </s>
	</p>
	<p n="50">
	  <s n="182"> Table 2 Gender statistics of staff in the Professional category and above in the Department of Peacekeeping Operations (as at 30 June 2003) </s>
	</p>
	<p n="51">
	  <s n="183"> 1 The symbols in parentheses in this section refer to an internal code used by OIOS for recording recommendations. </s>
	</p>
	<p n="52">
	  <s n="184"> V. Recommendations1 </s>
	</p>
	<p n="53">
	  <s n="185"> OIOS made the following recommendations on the basis of its review of the policies and procedures for recruiting staff for the Department of Peacekeeping Operations. </s>
	  <s n="186"> Since the same policies and procedures apply to staff recruitment throughout the Secretariat, OIOS suggested that the Office of Human Resources Management consider implementing recommendations 1 to 4 below in recruiting staff for all departments of the Secretariat. </s>
	</p>
	<p n="54">
	  <s n="187"> Recommendation 1 </s>
	</p>
	<p n="55">
	  <s n="188"> In order to reduce the recruitment time frame and improve the quality and efficiency of the candidate evaluation process, the Office of Human Resources Management should work closely with programme managers to develop filtering and sorting mechanisms for screening applications based on the requirements of the advertised vacancy (AP2003/55/1/1). </s>
	</p>
	<p n="56">
	  <s n="189"> The Office of Human Resources Management commented that it continued to work in this area. </s>
	  <s n="190"> An advanced search feature was introduced in 2003 to facilitate the screening of applicants. </s>
	  <s n="191"> OIOS will keep this matter under review in the context of General Assembly resolution 57/305. </s>
	</p>
	<p n="57">
	  <s n="192"> Recommendation 2 </s>
	</p>
	<p n="58">
	  <s n="193"> To enhance transparency and fairness in recruitment, the Office of Human Resources Management should ensure that managers make use of numeric ratings based on evaluation criteria established prior to the issuance of each vacancy announcement, as envisaged in the report of the Secretary-General on human resources management reform. </s>
	  <s n="194"> The Office should also provide managers with the guidance necessary for the effective use of such scoring methods (AP2003/55/1/2). </s>
	</p>
	<p n="59">
	  <s n="195"> The Office of Human Resources Management commented that as part of its ongoing effort to improve the functions in Galaxy, the experience gained in the use of numeric scoring methods would be taken into account in considering other methods, which might be less time-consuming, that had emerged as a result of changes in technology since the publication of the report of the Secretary-General on human resources management reform three years ago. </s>
	  <s n="196"> OIOS will keep this matter under review in the context of the impending study proposed to be conducted in accordance with General Assembly resolution 57/305. </s>
	</p>
	<p n="60">
	  <s n="197"> Recommendation 3 </s>
	</p>
	<p n="61">
	  <s n="198"> The Office of Human Resources Management should ensure that the qualifications and experience required for similar posts and/or posts at the same level are further standardized within the respective occupational groups (AP2003/55/1/3). </s>
	</p>
	<p n="62">
	  <s n="199"> The Office of Human Resources Management commented that it had drafted guidelines on developing vacancy announcements and evaluation criteria. </s>
	  <s n="200"> In addition, generic job profiles that had been developed since 2001 were being reviewed to ensure clarity and consistency in job requirements. </s>
	  <s n="201"> OIOS will keep this matter under review in the light of the study proposed to be conducted in accordance with General Assembly resolution 57/305. </s>
	</p>
	<p n="63">
	  <s n="202"> Recommendation 4 </s>
	</p>
	<p n="64">
	  <s n="203"> The Office of Human Resources Management should carefully review the existing eligibility requirements for appointment of staff to posts at higher levels and issue appropriate clarifications to ensure that: (a) the eligibility criteria are consistent with the proposals on human resources management reform previously submitted to the General Assembly; and (b) staff are fully aware of eligibility requirements for application to various posts (AP2003/55/1/4). </s>
	</p>
	<p n="65">
	  <s n="204"> The Office of Human Resources Management accepted this recommendation and commented that a review of existing eligibility requirements would be conducted as part of the upcoming assessment of the experience acquired in the application of the new staff selection system since 1 May 2002. </s>
	  <s n="205"> OIOS will keep this matter under review in the light of the study proposed to be conducted in accordance with General Assembly resolution 57/305. </s>
	</p>
	<p n="66">
	  <s n="206"> Recommendation 5 </s>
	</p>
	<p n="67">
	  <s n="207"> The Department of Peacekeeping Operations should continue its ongoing efforts to further improve the geographical and gender distribution of its staff in accordance with the relevant General Assembly resolutions (AP2003/55/1/5). </s>
	</p>
	<p n="68">
	  <s n="208"> The Department of Peacekeeping Operations accepted this recommendation. </s>
	</p>
	<p n="69">
	  <s n="209"> (Signed) Dileep Nair Under-Secretary-General Office of Internal Oversight Services </s>
	</p>
	</body>
</text>
</DOC>