<?xml version="1.0" encoding="UTF-8"?>
<DOC lang="English" n="N0437838" id="A/58/L.63" date="2004/06/07">
<text>
	<body>
	<p n="1">
	  <s n="1"> Fifty-eighth session </s>
	</p>
	<p n="2">
	  <s n="2"> Agenda items 8 and 94 (d) </s>
	</p>
	<p n="3">
	  <s n="3"> Organization of work, adoption of the agenda and allocation of items: reports of the General Committee </s>
	</p>
	<p n="4">
	  <s n="4"> Environment and sustainable development: further implementation of the Programme of Action for the Sustainable Development of Small Island Developing States </s>
	</p>
	<p n="5">
	  <s n="5"> Qatar:* draft resolution** </s>
	</p>
	<p n="6">
	  <s n="6"> Further implementation of the Programme of Action for the Sustainable Development of Small Island Developing States </s>
	</p>
	<p n="7">
	  <s n="7"> The General Assembly, </s>
	</p>
	<p n="8">
	  <s n="8"> Recalling its resolution 58/213 of 23 December 2003, in which it decided to convene the International Meeting to Review the Implementation of the Programme of Action for the Sustainable Development of Small Island Developing States from 30 August to 3 September 2004, </s>
	</p>
	<p n="9">
	  <s n="9"> Also recalling the offer of the Government of Mauritius to host the International Meeting, </s>
	</p>
	<p n="10">
	  <s n="10"> Taking note of the request by the Government of Mauritius to reschedule the International Meeting due to logistical considerations, </s>
	</p>
	<p n="11">
	  <s n="11"> Decides to convene the International Meeting to Review the Implementation of the Programme of Action for the Sustainable Development of Small Island Developing States from 10 to 14 January 2005; </s>
	</p>
	<p n="12">
	  <s n="12"> Also decides to hold, if deemed necessary and taking into account operative paragraph 7 of its resolution 58/213, two days of informal consultations in Mauritius, on 8 and 9 January 2005, to facilitate the effective preparation of the International Meeting; </s>
	</p>
	<p n="13">
	  <s n="13"> * On behalf of the States Members of the United Nations that are members of the Group of 77 and China. </s>
	</p>
	<p n="14">
	  <s n="14"> ** In order for the General Assembly to take action on the present proposal, it will be necessary to reopen consideration of agenda item 94 (d) (Environment and sustainable development: further implementation of the Programme of Action for the Sustainable Development of Small Island Developing States) and to consider it directly in plenary meeting. </s>
	</p>
	<p n="15">
	  <s n="15"> Takes note of the appointment of a Facilitator for the process of informal consultations, who will report progress thereon to the Bureau of the International Meeting, when constituted. </s>
	</p>
	</body>
</text>
</DOC>