<?xml version="1.0" encoding="UTF-8"?>
<DOC lang="English" n="N0538294" id="A/59/532/ADD.1" date="2005/06/13">
<text>
	<body>
	<p n="1">
	  <s n="1"> Fifty-ninth session </s>
	</p>
	<p n="2">
	  <s n="2"> Agenda item 123 </s>
	</p>
	<p n="3">
	  <s n="3"> Administrative and budgetary aspects of the financing of the United Nations peacekeeping operations </s>
	</p>
	<p n="4">
	  <s n="4"> Report of the Fifth Committee </s>
	</p>
	<p n="5">
	  <s n="5"> Rapporteur: Mrs. Denisa Hutanova (Slovakia) </s>
	</p>
	<p n="6">
	  <s n="6"> Introduction </s>
	</p>
	<p n="7">
	  <s n="7"> The previous recommendation made by the Fifth Committee to the General Assembly under item 123 appears in the report of the Committee contained in document A/59/532. </s>
	</p>
	<p n="8">
	  <s n="8"> The Fifth Committee resumed its consideration of the item at its 46th, 47th, 48th, 50th, 53rd and 57th meetings, on 2, 3, 9 and 20 May and 8 June 2005. </s>
	  <s n="9"> Statements and observations made in the course of the Committee&apos;s consideration of the item are reflected in the relevant summary records (A/C.5/59/SR.46, 47, 48, 50, 53 and 57). </s>
	</p>
	<p n="9">
	  <s n="10"> For its further consideration of the item, the Committee had before it the following documents: </s>
	</p>
	<p n="10">
	  <s n="11"> Support account for peacekeeping operations </s>
	</p>
	<p n="11">
	  <s n="12"> (a) Report of the Secretary-General on criteria used for recruitment to support account posts (A/58/767); </s>
	</p>
	<p n="12">
	  <s n="13"> (b) Report of the Secretary-General on the performance of the budget for the support account for peacekeeping operations for the period from 1 July 2003 to 30 June 2004 (A/59/714 and Add.1); </s>
	</p>
	<p n="13">
	  <s n="14"> (c) Report of the Secretary-General on the budget for the support account for peacekeeping operations for the period from 1 July 2005 to 30 June 2006 (A/59/730); </s>
	</p>
	<p n="14">
	  <s n="15"> (d) Related reports of the Advisory Committee on Administrative and Budgetary Questions (A/59/736 and A/59/784); </s>
	</p>
	<p n="15">
	  <s n="16"> United Nations Logistics Base at Brindisi, Italy, and implementation of the strategic deployment stocks </s>
	</p>
	<p n="16">
	  <s n="17"> (e) Report of the Secretary-General on the performance of the budget of the United Nations Logistics Base at Brindisi, Italy, for the period from 1 July 2003 to 30 June 2004 (A/59/681); </s>
	</p>
	<p n="17">
	  <s n="18"> (f) Report of the Secretary-General on the budget for the United Nations Logistics Base at Brindisi, Italy, for the period from 1 July 2005 to 30 June 2006 (A/59/691); </s>
	</p>
	<p n="18">
	  <s n="19"> (g) Report of the Secretary-General on the implementation of the strategic deployment stocks, including the functioning of the existing mechanisms and the award of contracts for procurement (A/59/701); </s>
	</p>
	<p n="19">
	  <s n="20"> (h) Report of the Secretary-General on the analysis of establishing a global procurement hub for all peacekeeping missions in Brindisi, Italy (A/59/703); </s>
	</p>
	<p n="20">
	  <s n="21"> (i) Related reports of the Advisory Committee on Administrative and Budgetary Questions (A/59/736 and Add.2); </s>
	</p>
	<p n="21">
	  <s n="22"> Closed peacekeeping missions </s>
	</p>
	<p n="22">
	  <s n="23"> (j) Report of the Secretary-General on the updated financial position of closed peacekeeping missions as at 30 June 2003 (A/58/778): </s>
	</p>
	<p n="23">
	  <s n="24"> • Military Observer Group of the United Nations Verification Mission in Guatemala </s>
	</p>
	<p n="24">
	  <s n="25"> • United Nations Mission in Haiti </s>
	</p>
	<p n="25">
	  <s n="26"> • United Nations Observer Group in Central America and United Nations Observer Mission in El Salvador </s>
	</p>
	<p n="26">
	  <s n="27"> • United Nations Operation in Mozambique </s>
	</p>
	<p n="27">
	  <s n="28"> • United Nations Operation in Somalia </s>
	</p>
	<p n="28">
	  <s n="29"> • United Nations Preventive Deployment Force </s>
	</p>
	<p n="29">
	  <s n="30"> • United Nations Protection Force, United Nations Confidence Restoration Operation in Croatia, United Nations Preventive Deployment Force and United Nations Peace Forces headquarters </s>
	</p>
	<p n="30">
	  <s n="31"> • United Nations Support Mission in Haiti, United Nations Transition Mission in Haiti and United Nations Civilian Police Mission in Haiti </s>
	</p>
	<p n="31">
	  <s n="32"> • United Nations Transitional Administration for Eastern Slavonia, Baranja and Western Sirmium and Civilian Police Support Group </s>
	</p>
	<p n="32">
	  <s n="33"> • United Nations Transitional Authority in Cambodia </s>
	</p>
	<p n="33">
	  <s n="34"> • United Nations Mission of Observers in Tajikistan </s>
	</p>
	<p n="34">
	  <s n="35"> • United Nations Angola Verification Mission and United Nations Observer Mission in Angola </s>
	</p>
	<p n="35">
	  <s n="36"> • United Nations Observer Mission in Liberia </s>
	</p>
	<p n="36">
	  <s n="37"> • United Nations Observer Mission Uganda-Rwanda and United Nations Assistance Mission for Rwanda </s>
	</p>
	<p n="37">
	  <s n="38"> • United Nations Military Liaison Team in Cambodia </s>
	</p>
	<p n="38">
	  <s n="39"> • United Nations Iran-Iraq Military Observer Group </s>
	</p>
	<p n="39">
	  <s n="40"> • United Nations Mission in the Central African Republic </s>
	</p>
	<p n="40">
	  <s n="41"> • United Nations Transition Assistance Group </s>
	</p>
	<p n="41">
	  <s n="42"> (k) Related report of the Advisory Committee on Administrative and Budgetary Questions (A/58/799); </s>
	</p>
	<p n="42">
	  <s n="43"> (l) Report of the Secretary-General on the updated financial position of closed peacekeeping missions as at 30 June 2004 (A/59/752): </s>
	</p>
	<p n="43">
	  <s n="44"> • Military Observer Group of the United Nations Verification Mission in Guatemala </s>
	</p>
	<p n="44">
	  <s n="45"> • United Nations Mission in Haiti </s>
	</p>
	<p n="45">
	  <s n="46"> • United Nations Observer Group in Central America and United Nations Observer Mission in El Salvador </s>
	</p>
	<p n="46">
	  <s n="47"> • United Nations Operation in Mozambique </s>
	</p>
	<p n="47">
	  <s n="48"> • United Nations Operation in Somalia </s>
	</p>
	<p n="48">
	  <s n="49"> • United Nations Preventive Deployment Force </s>
	</p>
	<p n="49">
	  <s n="50"> • United Nations Protection Force, United Nations Confidence Restoration Operation in Croatia, United Nations Preventive Deployment Force and United Nations Peace Forces headquarters </s>
	</p>
	<p n="50">
	  <s n="51"> • United Nations Support Mission in Haiti, United Nations Transition Mission in Haiti and United Nations Civilian Police Mission in Haiti </s>
	</p>
	<p n="51">
	  <s n="52"> • United Nations Transitional Administration for Eastern Slavonia, Baranja and Western Sirmium and Civilian Police Support Group </s>
	</p>
	<p n="52">
	  <s n="53"> • United Nations Transitional Authority in Cambodia </s>
	</p>
	<p n="53">
	  <s n="54"> • United Nations Mission of Observers in Tajikistan </s>
	</p>
	<p n="54">
	  <s n="55"> • United Nations Angola Verification Mission and United Nations Observer Mission in Angola </s>
	</p>
	<p n="55">
	  <s n="56"> • United Nations Observer Mission in Liberia </s>
	</p>
	<p n="56">
	  <s n="57"> • United Nations Observer Mission Uganda-Rwanda and United Nations Assistance Mission for Rwanda </s>
	</p>
	<p n="57">
	  <s n="58"> • United Nations Military Liaison Team in Cambodia </s>
	</p>
	<p n="58">
	  <s n="59"> • United Nations Iran-Iraq Military Observer Group </s>
	</p>
	<p n="59">
	  <s n="60"> • United Nations Mission in the Central African Republic </s>
	</p>
	<p n="60">
	  <s n="61"> • United Nations Transition Assistance Group </s>
	</p>
	<p n="61">
	  <s n="62"> (m) Related report of the Advisory Committee on Administrative and Budgetary Questions (A/59/790); </s>
	</p>
	<p n="62">
	  <s n="63"> Peacekeeping Reserve Fund </s>
	</p>
	<p n="63">
	  <s n="64"> (n) Report of the Secretary-General on the Peacekeeping Reserve Fund (A/58/724); </s>
	</p>
	<p n="64">
	  <s n="65"> (o) Related report of the Advisory Committee on Administrative and Budgetary Questions (A/58/732); </s>
	</p>
	<p n="65">
	  <s n="66"> (p) Report of the Secretary-General on the Peacekeeping Reserve Fund (A/59/787); </s>
	</p>
	<p n="66">
	  <s n="67"> (q) Related report of the Advisory Committee on Administrative and Budgetary Questions (A/59/791); </s>
	</p>
	<p n="67">
	  <s n="68"> Review of the management structure of all peacekeeping operations </s>
	</p>
	<p n="68">
	  <s n="69"> (r) Note by the Secretary-General on the review of the management structure of all peacekeeping operations (A/59/794); </s>
	</p>
	<p n="69">
	  <s n="70"> Feasibility of consolidating the accounts of the various peacekeeping operations </s>
	</p>
	<p n="70">
	  <s n="71"> (s) Note by the Secretary-General on the feasibility of consolidating the accounts of the various peacekeeping operations (A/59/795); </s>
	</p>
	<p n="71">
	  <s n="72"> Global audit of field security management </s>
	</p>
	<p n="72">
	  <s n="73"> (t) Report of the Office of Internal Oversight Services on the global audit of field security management (A/59/702); </s>
	</p>
	<p n="73">
	  <s n="74"> Follow-up audit of the policies and procedures of the Department of Peacekeeping Operations for recruiting international civilian staff for field missions </s>
	</p>
	<p n="74">
	  <s n="75"> (u) Note by the Secretary-General transmitting the report of the Office of Internal Oversight Services on the audit of the policies and procedures for recruiting Department of Peacekeeping Operations staff (A/58/704); </s>
	</p>
	<p n="75">
	  <s n="76"> (v) Note by the Secretary-General transmitting the report of the Office of Internal Oversight Services on the follow-up audit of the policies and procedures of the Department of Peacekeeping Operations for recruiting international civilian staff for field missions (A/59/152); </s>
	</p>
	<p n="76">
	  <s n="77"> Review of operational capacity of the United Nations Military Observers </s>
	</p>
	<p n="77">
	  <s n="78"> (w) Report of the Office of Internal Oversight Services on the review of operational capacity of the United Nations Military Observers (A/59/764); </s>
	</p>
	<p n="78">
	  <s n="79"> Procurement and contract management </s>
	</p>
	<p n="79">
	  <s n="80"> (x) Report of the Secretary-General on procurement and contract management for peacekeeping operations (A/58/761); </s>
	</p>
	<p n="80">
	  <s n="81"> (y) Report of the Secretary-General on procurement and contract management for peacekeeping operations (A/59/688); </s>
	</p>
	<p n="81">
	  <s n="82"> (z) Related report of the Advisory Committee on Administrative and Budgetary Questions (A/59/722); </s>
	</p>
	<p n="82">
	  <s n="83"> Procurement of goods and services through letters of assist </s>
	</p>
	<p n="83">
	  <s n="84"> (aa) Note by the Secretary-General transmitting the report of the Office of Internal Oversight Services on the procurement of goods and services through letters of assist (A/57/718); </s>
	</p>
	<p n="84">
	  <s n="85"> Regional investigators </s>
	</p>
	<p n="85">
	  <s n="86"> (bb) Note by the Secretary-General transmitting the report of the Office of Internal Oversight Services on the first year of experience of regional investigators in two hubs, Vienna and Nairobi (A/59/546); </s>
	</p>
	<p n="86">
	  <s n="87"> Contingent-owned equipment and rates of reimbursement to the Governments of troop-contributing States </s>
	</p>
	<p n="87">
	  <s n="88"> (cc) Letter dated 12 March 2004 from the Chairman of the 2004 Working Group on Contingent-Owned Equipment to the Chairman of the Fifth Committee (A/C.5/58/37 and Corr.1); </s>
	</p>
	<p n="88">
	  <s n="89"> (dd) Report of the Secretary-General on the reformed procedures for determining reimbursement to Member States for contingent-owned equipment (A/59/292); </s>
	</p>
	<p n="89">
	  <s n="90"> (ee) Related report of the Advisory Committee on Administrative and Budgetary Questions (A/59/708); </s>
	</p>
	<p n="90">
	  <s n="91"> Communication and information technology </s>
	</p>
	<p n="91">
	  <s n="92"> (ff) Report of the Secretary-General on the functional requirements of field missions for communication and information technology (A/58/740); </s>
	</p>
	<p n="92">
	  <s n="93"> (gg) Report of the Secretary-General on Information and Communications Technology Strategy: arrangements for the Galaxy System (A/59/265/Add.1); </s>
	</p>
	<p n="93">
	  <s n="94"> (hh) Related report of the Advisory Committee on Administrative and Budgetary Questions (A/59/736); </s>
	</p>
	<p n="94">
	  <s n="95"> Sexual exploitation and abuse </s>
	</p>
	<p n="95">
	  <s n="96"> (ii) Investigation by the Office of Internal Oversight Services into allegations of sexual exploitation and abuse in the United Nations Organization Mission in the Democratic Republic of the Congo (A/59/661); </s>
	</p>
	<p n="96">
	  <s n="97"> (jj) Report of the Secretary-General on special measures for protection from sexual exploitation and sexual abuse (A/59/782); </s>
	</p>
	<p n="97">
	  <s n="98"> (kk) Statements submitted by the Secretary-General in accordance with rule 153 of the rules of procedure of the General Assembly: programme budget implications of draft resolution A/C.4/59/L.20 on the comprehensive review on a strategy to eliminate future sexual exploitation and abuse in the United Nations peacekeeping operations (A/C.5/59/28 and Add.1 and Add.1/Corr.1); </s>
	</p>
	<p n="98">
	  <s n="99"> (ll) Related reports of the Advisory Committee on Administrative and Budgetary Questions (A/59/789 and A/C.5/59/SR.53); </s>
	</p>
	<p n="99">
	  <s n="100"> Recruitment </s>
	</p>
	<p n="100">
	  <s n="101"> (mm) Report of the Secretary-General on the policy guidelines related to the temporary duty assignment of staff in peacekeeping missions (A/57/787); </s>
	</p>
	<p n="101">
	  <s n="102"> (nn) Report of the Secretary-General on the staffing of field missions, including the use of 300 and 100 series appointments (A/59/762); </s>
	</p>
	<p n="102">
	  <s n="103"> (oo) Report of the Secretary-General on the status of the civilian rapid deployment roster (A/59/763); </s>
	</p>
	<p n="103">
	  <s n="104"> (pp) Report of the Secretary-General on measures to expedite recruitment for field missions, taking into account the delegation of recruitment authority to field missions, including the use of fair and transparent recruitment procedures and monitoring mechanisms (A/58/764); </s>
	</p>
	<p n="104">
	  <s n="105"> (qq) Report of the Secretary-General on the greater use of national staff in field missions (A/58/765); </s>
	</p>
	<p n="105">
	  <s n="106"> (rr) Related report of the Advisory Committee on Administrative and Budgetary Questions (A/59/736); </s>
	</p>
	<p n="106">
	  <s n="107"> Mission subsistence allowance </s>
	</p>
	<p n="107">
	  <s n="108"> (ss) Report by the Office of Internal Oversight Services on the audit of mission subsistence allowance policies and procedures (A/59/698); </s>
	</p>
	<p n="108">
	  <s n="109"> (tt) Note by the Secretary-General transmitting his comments on the report by the Office of Internal Oversight Services on the audit of mission subsistence allowance policies and procedures (A/59/698/Add.1); </s>
	</p>
	<p n="109">
	  <s n="110"> Participation of United Nations Volunteers </s>
	</p>
	<p n="110">
	  <s n="111"> (uu) Report of the Secretary-General on the participation of United Nations Volunteers in peacekeeping operations (A/55/697); </s>
	</p>
	<p n="111">
	  <s n="112"> (vv) Related report of the Advisory Committee on Administrative and Budgetary Questions (A/55/874); </s>
	</p>
	<p n="112">
	  <s n="113"> (ww) Note by the Secretary-General transmitting the report of the Joint Inspection Unit on the evaluation of the United Nations Volunteers Programme (A/59/68); </s>
	</p>
	<p n="113">
	  <s n="114"> (xx) Note by the Secretary-General transmitting his comments on the report of the Joint Inspection Unit on the evaluation of the United Nations Volunteers Programme (A/59/68/Add.1); </s>
	</p>
	<p n="114">
	  <s n="115"> Programme budget implications of draft resolution A/C.5/59/L.53 </s>
	</p>
	<p n="115">
	  <s n="116"> (yy) Administrative and budgetary aspects of the financing of United Nations peacekeeping operations cross-cutting issues: programme budget implications of draft resolution A/C.5/59/L.53: statement submitted by the Secretary-General in accordance with rule 153 of the rules of procedure of the General Assembly (A/C.5/59/32); </s>
	</p>
	<p n="116">
	  <s n="117"> Budgetary levels for peacekeeping operations </s>
	</p>
	<p n="117">
	  <s n="118"> (zz) Note by the Secretary-General on the approved budgetary levels for peacekeeping operations for the period from 1 July 2004 to 30 June 2005 (A/C.5/59/18/Rev.1); </s>
	</p>
	<p n="118">
	  <s n="119"> (aaa) Note by the Secretary-General providing the six-month update of information on the proposed budgetary levels for peacekeeping operations for the period from 1 July 2005 to 30 June 2006 (A/C.5/59/29); </s>
	</p>
	<p n="119">
	  <s n="120"> (bbb) Note by the Secretary-General on the financing of the support account for peacekeeping operations and the financing of the United Nations Logistics Base at Brindisi, Italy (A/C.5/59/33). </s>
	</p>
	<p n="120">
	  <s n="121"> Consideration of proposals </s>
	</p>
	<p n="121">
	  <s n="122"> Draft resolution A/C.5/59/L.53 </s>
	</p>
	<p n="122">
	  <s n="123"> At the 57th meeting, on 8 June, the representative of the Islamic Republic of Iran introduced a draft resolution entitled “Administrative and budgetary aspects of the financing of the United Nations peacekeeping operations: cross-cutting issues” (A/C.5/59/L.53), which was submitted on behalf of the Chairman following informal consultations. </s>
	</p>
	<p n="123">
	  <s n="124"> At the same meeting, the Controller introduced a note (A/C.5/59/32) by the Secretary-General on the programme budget implications of draft resolution A/C.5/59/L.53. </s>
	</p>
	<p n="124">
	  <s n="125"> Also at the same meeting the representative of Egypt orally corrected the draft resolution by inserting, in section XIV, paragraph 4, the words “2 and” before the number “3”. </s>
	</p>
	<p n="125">
	  <s n="126"> At the same meeting, the Committee adopted draft resolution A/C.5/59/L.53, as orally corrected, without a vote (see para. </s>
	  <s n="127"> 21, draft resolution I). </s>
	</p>
	<p n="126">
	  <s n="128"> After the adoption of the draft resolution, statements were made by the representatives of the United States of America and Japan. </s>
	</p>
	<p n="127">
	  <s n="129"> Draft resolution A/C.5/59/L.75 </s>
	</p>
	<p n="128">
	  <s n="130"> At its 57th meeting on 8 June 2005, the Committee had before it a draft resolution entitled “Peacekeeping Reserve Fund” (A/C.5/59/L.75), which was submitted by the Chairman on the basis of informal consultations coordinated by the representative of Norway. </s>
	</p>
	<p n="129">
	  <s n="131"> At the same meeting, the Committee adopted draft resolution A/C.5/59/L.75 without a vote (see para. </s>
	  <s n="132"> 21, draft resolution II). </s>
	</p>
	<p n="130">
	  <s n="133"> C. Draft resolution A/C.5/59/L.76 </s>
	</p>
	<p n="131">
	  <s n="134"> At its 57th meeting on 8 June 2005, the Committee had before it a draft resolution entitled “Reformed procedures for determining reimbursement to Member States for contingent-owned equipment” (A/C.5/59/L.76), which was submitted by the Chairman on the basis of informal consultations coordinated by the representative of Egypt. </s>
	</p>
	<p n="132">
	  <s n="135"> At the same meeting, the Committee adopted draft resolution A/C.5/59/L.76 without a vote (see para. </s>
	  <s n="136"> 21, draft resolution III). </s>
	</p>
	<p n="133">
	  <s n="137"> Draft resolution A/C.5/59/L.70 </s>
	</p>
	<p n="134">
	  <s n="138"> At its 57th meeting on 8 June 2005, the Committee had before it a draft resolution entitled “Financing of the United Nations Logistics Base at Brindisi, Italy” (A/C.5/59/L.70), which was submitted by the Chairman on the basis of informal consultations coordinated by the representative of Austria. </s>
	</p>
	<p n="135">
	  <s n="139"> At the same meeting, the Committee adopted draft resolution A/C.5/59/L.70 without a vote (see para. </s>
	  <s n="140"> 21, draft resolution IV). </s>
	</p>
	<p n="136">
	  <s n="141"> E. Draft resolution A/C.5/59/L.77 </s>
	</p>
	<p n="137">
	  <s n="142"> At its 57th meeting on 8 June 2005, the Committee had before it a draft resolution entitled “Support account for peacekeeping operations” (A/C.5/59/L.77), which was submitted by the Chairman on the basis of informal consultations coordinated by the representative of Austria. </s>
	</p>
	<p n="138">
	  <s n="143"> At the same meeting, the Committee adopted draft resolution A/C.5/59/L.77 without a vote (see para. </s>
	  <s n="144"> 21, draft resolution V). </s>
	</p>
	<p n="139">
	  <s n="145"> Draft decision A/C.5/59/L.72 </s>
	</p>
	<p n="140">
	  <s n="146"> At its 57th meeting on 8 June 2005, the Committee had before it a draft decision entitled “Administrative and budgetary aspects of the financing of United Nations peacekeeping operations: programme budget implications of draft resolution A/C.5/59/L.53 on the administrative and budgetary aspects of the financing of the United Nations peacekeeping operations: cross-cutting issues” (A/C.5/59/L.72), which was submitted by the Chairman on the basis of informal consultations. </s>
	</p>
	<p n="141">
	  <s n="147"> At the same meeting, the Committee adopted draft decision A/C.5/59/L.72 without a vote (see para. </s>
	  <s n="148"> 22, draft decision I). </s>
	</p>
	<p n="142">
	  <s n="149"> Draft decision A/C.5/59/L.69 </s>
	</p>
	<p n="143">
	  <s n="150"> At its 57th meeting on 8 June 2005, the Committee had before it a draft decision entitled “Updated financial position of closed peacekeeping missions as at 30 June 2004” (A/C.5/59/L.69), which was submitted by the Chairman on the basis of informal consultations coordinated by the representative of Singapore. </s>
	</p>
	<p n="144">
	  <s n="151"> At the same meeting, the Committee adopted draft decision A/C.5/59/L.69 without a vote (see para. </s>
	  <s n="152"> 22, draft decision II). </s>
	</p>
	<p n="145">
	  <s n="153"> Recommendations of the Fifth Committee </s>
	</p>
	<p n="146">
	  <s n="154"> The Fifth Committee recommends to the General Assembly the adoption of the following draft resolutions: </s>
	</p>
	<p n="147">
	  <s n="155"> Draft resolution I Administrative and budgetary aspects of the financing of the United Nations peacekeeping operations: cross-cutting issues </s>
	</p>
	<p n="148">
	  <s n="156"> The General Assembly, </s>
	</p>
	<p n="149">
	  <s n="157"> Recalling its resolutions 49/233 A and B of 23 December 1994 and 31 March 1995, respectively, 51/218 E of 17 June 1997 and 57/290 B of 18 June 2003, </s>
	</p>
	<p n="150">
	  <s n="158"> Having considered the general report of the Advisory Committee on Administrative and Budgetary Questions on the report of the Board of Auditors concerning the administrative and budgetary aspects of the financing of the United Nations peacekeeping operations, </s>
	</p>
	<p n="151">
	  <s n="159"> Appreciates the efforts of all peacekeeping personnel in dealing with the current unprecedented surge in peacekeeping operations; </s>
	</p>
	<p n="152">
	  <s n="160"> Endorses the conclusions and recommendations contained in the general report of the Advisory Committee,1 subject to the provisions of the present resolution; </s>
	</p>
	<p n="153">
	  <s n="161"> Requests the Secretary-General to submit an annual overview report on the financing of peacekeeping missions, reporting, inter alia, on trends in the size, composition and funding of peacekeeping, relevant developments in peacekeeping operations, efforts to improve the management and functioning of peacekeeping operations and the management priorities for the coming year as well as actions taken to implement the provisions of the present resolution; </s>
	</p>
	<p n="154">
	  <s n="162"> Also requests the Secretary-General to provide relevant information in the individual budget submissions of peacekeeping operations for the financial period 2006/07 on the efficiencies resulting from the implementation of the applicable provisions of the present resolution; </s>
	</p>
	<p n="155">
	  <s n="163"> Results-based budgeting </s>
	</p>
	<p n="156">
	  <s n="164"> Reaffirms its resolution 55/231 of 23 December 2000; </s>
	</p>
	<p n="157">
	  <s n="165"> Recognizes the continued progress in the presentation of the peacekeeping budgets using results-based budgeting techniques; </s>
	</p>
	<p n="158">
	  <s n="166"> Decides that the progressive implementation of results-based budgeting should be in full compliance with its resolution 55/231; </s>
	</p>
	<p n="159">
	  <s n="167"> Recalls that in paragraph 9 of its resolution 55/231, the General Assembly requested the Secretary-General to ensure that, in presenting the programme budget, expected accomplishments and, where possible, indicators of achievement are included to measure achievements in the implementation of the programmes of the Organization and not those of individual Member States; </s>
	</p>
	<p n="160">
	  <s n="168"> Notes that some indicators of achievement reflected in the budgets and budget performance reports appear to measure the performance of Member States, and requests the Secretary-General to ensure that the purpose of the indicators of achievement is not to assess the performance of Member States but, where possible, to reflect the contributions by peacekeeping missions to the expected accomplishments and objectives in keeping with their respective mandates; </s>
	</p>
	<p n="161">
	  <s n="169"> Requests the Secretary-General to submit his future budget proposals in full compliance with its resolution 55/231; </s>
	</p>
	<p n="162">
	  <s n="170"> Encourages the Secretary-General to continue to refine the existing results-based budgeting framework and to provide clearer financial information on all components of the missions; </s>
	</p>
	<p n="163">
	  <s n="171"> Requests the Secretary-General to integrate operational, logistical and financial aspects fully in the planning phase of peacekeeping operations by linking results-based budgeting to the mandate implementation plans of peacekeeping operations; </s>
	</p>
	<p n="164">
	  <s n="172"> Budget presentation </s>
	</p>
	<p n="165">
	  <s n="173"> Reiterates paragraph 5 of its resolution 57/290 B; </s>
	</p>
	<p n="166">
	  <s n="174"> Notes with concern the unevenness in the quality of presentation in the documentation submitted, and reiterates its request to the Secretary-General to provide in the budget documents the necessary information available that fully justifies his resource requirements; </s>
	</p>
	<p n="167">
	  <s n="175"> Reaffirms rule 153 of the rules of procedure, and requests the Secretary-General, in the context of the overview report, to provide detailed information on major policy changes having an impact on resource levels, human resources management policies or operational requirements that require the approval of the General Assembly; </s>
	</p>
	<p n="168">
	  <s n="176"> Welcomes the use, in the proposed budgets for 2005/06, of a new methodology for budgeting international staff costs; </s>
	</p>
	<p n="169">
	  <s n="177"> Requests the Secretary-General to ensure that the Department of Peacekeeping Operations and all missions make every effort to introduce strict budgetary discipline and enforce adequate controls over budget implementation; </s>
	</p>
	<p n="170">
	  <s n="178"> Also requests the Secretary-General to entrust the Office of Internal Oversight Services with conducting a business process review of the preparation of peacekeeping budget proposals, including the respective roles of staff in missions and at Headquarters and to submit its findings, including recommendations to streamline the process, to the General Assembly in the context of the report requested in section IV of the present resolution; </s>
	</p>
	<p n="171">
	  <s n="179"> Decides that, in view of the critical importance of budgets for the effective functioning of missions, the submission of budget proposals from missions to Headquarters should constitute part of the leadership and accountability functions of the Head of Mission/Special Representative; </s>
	</p>
	<p n="172">
	  <s n="180"> Reaffirms the necessity to provide peacekeeping operations with adequate financial resources, especially in their start-up and expanded phases, to enable the timely, full and effective implementation of their mandates in accordance with the relevant resolutions of the Security Council; </s>
	</p>
	<p n="173">
	  <s n="181"> Affirms that budget submissions should, to the extent possible, reflect management improvements and efficiency gains to be achieved and articulate future strategies in this regard; </s>
	</p>
	<p n="174">
	  <s n="182"> Requests the Secretary-General to undertake the review of the functions of the posts as an ongoing exercise and to determine the level of posts according to changing operational requirements as well as the actual responsibilities and functions performed, with a view to ensuring the most cost-effective use of resources; </s>
	</p>
	<p n="175">
	  <s n="183"> Review of the management structure of all peacekeeping operations </s>
	</p>
	<p n="176">
	  <s n="184"> Recalling its decision 59/507 of 29 October 2004, </s>
	</p>
	<p n="177">
	  <s n="185"> Having considered the note by the Secretary-General on the review of the management structure of all peacekeeping operations, </s>
	</p>
	<p n="178">
	  <s n="186"> Recalls its previous request for several complex peacekeeping operations to review their structures, bearing in mind the complexities, mandates and specificities of each, and notes that some operations have undertaken the revision, and requests the Secretary-General to ensure that the remaining complex operations conduct the requested review and streamline their structures and to report thereon in the context of the relevant budget submissions; </s>
	</p>
	<p n="179">
	  <s n="187"> Requests the Secretary-General to monitor the evolution of structures in individual peacekeeping operations to avoid the duplication of functions and an excessive proportion of higher-grade posts, bearing in mind the mandates, complexities and specificities of each mission; </s>
	</p>
	<p n="180">
	  <s n="188"> Recalls, in this context, its resolution 59/272 of 23 December 2004; </s>
	</p>
	<p n="181">
	  <s n="189"> Requests the Secretary-General, as a matter of priority, to entrust the Office of Internal Oversight Services with a comprehensive management audit to review the practices of the Department of Peacekeeping Operations and to identify risks and exposures to duplication, fraud and abuse of authority in the following operational areas: finance, including budget preparation; procurement; human resources, including recruitment and training; and information technology, and to report thereon to the General Assembly at its sixtieth session; </s>
	</p>
	<p n="182">
	  <s n="190"> Also requests the Secretary-General to entrust the Office of Internal Oversight Services, in the light of the increasing demands with which the Department of Peacekeeping Operations is faced and the burden this is putting on its functioning, with carrying out a review of the management structures of the Department, while taking into account the Security Council mandates and existing recommendations formulated on previous occasions by the Office of Internal Oversight Services and the Board of Auditors and paying specific attention to the interaction, coordination and cooperation of the Department with other Secretariat departments and offices, including but not limited to the Department of Political Affairs, the Department of Public Information, the Office of Programme Planning, Budget and Accounts and the Department of Management, as well as the relevant funds and programmes, and to report thereon to the General Assembly at its sixty-first session; </s>
	</p>
	<p n="183">
	  <s n="191"> Urges the Secretary-General to review, streamline and simplify procedures, on a continuing basis, as well as to recommend changes to regulations and rules, as appropriate, in order to support more effective and efficient administrative processes, with a view to achieving economies in requirements for human and other resources; </s>
	</p>
	<p n="184">
	  <s n="192"> Notes the observation of the Advisory Committee on Administrative and Budgetary Questions regarding the need for the full and timely implementation of recommendations of all oversight bodies, and urges the Secretary-General to expedite the establishment of the high-level follow-up mechanism and to report thereon to the General Assembly at its sixtieth session; </s>
	</p>
	<p n="185">
	  <s n="193"> Stresses the need to improve the cooperation and coordination between the peacekeeping missions and Headquarters with regard to lessons learned and areas of common interest that could be used by all missions; </s>
	</p>
	<p n="186">
	  <s n="194"> Requests the Secretary-General to ensure that all relevant financial regulations and rules, staff regulations and rules and administrative issuances are fully complied with by all missions and that appropriate disciplinary actions are taken in all cases of non-compliance; </s>
	</p>
	<p n="187">
	  <s n="195"> Also requests the Secretary-General to finalize the process for the establishment of guidelines for the enforcement of basic standards of conduct and behaviour for all United Nations system personnel; </s>
	</p>
	<p n="188">
	  <s n="196"> Encourages the Secretary-General to take additional measures to ensure the safety and security of all personnel under the auspices of the United Nations participating in the missions, bearing in mind paragraphs 5 and 6 of Security Council resolution 1502 (2003) of 26 August 2003; </s>
	</p>
	<p n="189">
	  <s n="197"> Requests the Secretary-General to review the level and functions of the protocol officers, bearing in mind the relevant observations of the Advisory Committee, and to report thereon in the context of the relevant budget submissions; </s>
	</p>
	<p n="190">
	  <s n="198"> Shared funding of posts of Deputy Special Representatives of the Secretary-General </s>
	</p>
	<p n="191">
	  <s n="199"> Takes note of paragraph 62 of the report of the Advisory Committee on Administrative and Budgetary Questions,1 and in this regard decides that the position of the Deputy Special Representative of the Secretary-General, who heads the humanitarian pillar and serves as Resident Coordinator, will be funded through a cost-sharing arrangement with the United Nations Development Programme; </s>
	</p>
	<p n="192">
	  <s n="200"> Requests the Secretary-General to report, in the context of the overview report, on the outcome of the exchange of letters, specifying agreed generic job profiles, organizational structure and cost-sharing arrangements with the United Nations Development Programme; </s>
	</p>
	<p n="193">
	  <s n="201"> Also requests the Secretary-General to report the necessary reimbursement for the transition period, reflecting the effective start date of the cost-sharing arrangements, in the context of the budget performance reports; </s>
	</p>
	<p n="194">
	  <s n="202"> Disarmament, demobilization (including reinsertion) and reintegration </s>
	</p>
	<p n="195">
	  <s n="203"> Takes note of the note by the Secretary-General; </s>
	</p>
	<p n="196">
	  <s n="204"> Notes that reinsertion activities are part of the disarmament and demobilization process, as outlined in the note by the Secretary-General; </s>
	</p>
	<p n="197">
	  <s n="205"> Emphasizes that disarmament, demobilization and reintegration programmes are a critical part of peace processes and integrated peacekeeping operations, as mandated by the Security Council, and supports strengthening the coordination of those programmes in an integrated approach; </s>
	</p>
	<p n="198">
	  <s n="206"> Stresses the importance of a clear description of respective roles of peacekeeping missions and all other relevant actors; </s>
	</p>
	<p n="199">
	  <s n="207"> Also stresses the need for strengthened cooperation and coordination between the various actors within and outside the United Nations system to ensure effective use of resources and coherence on the ground in implementing disarmament, demobilization and reintegration programmes; </s>
	</p>
	<p n="200">
	  <s n="208"> Requests the Secretary-General, when submitting future budget proposals containing mandated resource requirements for disarmament, demobilization and reinsertion, to provide clear information on these components and associated post and non-post costs; </s>
	</p>
	<p n="201">
	  <s n="209"> Notes that the components used by the Secretary-General for budgeting for disarmament, demobilization and reinsertion activities are set out in the note by the Secretary-General, recognizing ongoing discussions on these concepts; </s>
	</p>
	<p n="202">
	  <s n="210"> Notes also the intention of the Secretary-General to submit integrated disarmament, demobilization and reintegration standards to the General Assembly at its sixtieth session; </s>
	</p>
	<p n="203">
	  <s n="211"> Quick-impact projects </s>
	</p>
	<p n="204">
	  <s n="212"> Requests the Secretary-General to streamline the process of implementation of quick-impact projects and to ensure that they are fully implemented within the planned time frames; </s>
	</p>
	<p n="205">
	  <s n="213"> Training, recruitment and staff in the field </s>
	</p>
	<p n="206">
	  <s n="214"> Recalling its resolutions 56/293 of 27 June 2002 and 57/318 of 18 June 2003, </s>
	</p>
	<p n="207">
	  <s n="215"> Having considered the report of the Secretary-General on the training policy and evaluation system of the Department of Peacekeeping Operations, and the relevant paragraphs of the report of the Advisory Committee on Administrative and Budgetary Questions, </s>
	</p>
	<p n="208">
	  <s n="216"> Having also considered the reports of the Secretary-General on the criteria used for recruitment to support account posts, on greater use of national staff in field missions, on measures to expedite recruitment for field missions, taking into account the delegation of recruitment authority to field missions, including the use of fair and transparent recruitment procedures and monitoring mechanisms, on measures that would better streamline the policy guidelines related to the temporary duty assignment of staff in peacekeeping missions, on the status of the civilian rapid deployment roster, on the staffing of field missions, including the use of 300 and 100 series appointments and the relevant section of the report of the Advisory Committee, </s>
	</p>
	<p n="209">
	  <s n="217"> Having further considered the notes by the Secretary-General transmitting the reports of the Office of Internal Oversight Services on the audit of the policies and procedures for recruiting Department of Peacekeeping Operations staff and on the follow-up audit of the policies and procedures of the Department of Peacekeeping Operations for recruiting international civilian staff for field missions, </s>
	</p>
	<p n="210">
	  <s n="218"> Emphasizes the importance of finalizing the comprehensive training strategy, and decides to restrict training away from mission headquarters of civilian staff to training specific to the implementation of the mandate of the mission, the effective functioning of the mission, the function of a post or, where it is cost-effective, until the finalization of the strategy; </s>
	</p>
	<p n="211">
	  <s n="219"> Requests the Secretary-General to report on the finalization and implementation of a comprehensive training strategy along with the framework of the evaluation of training to the General Assembly at its sixtieth session in the context of his overview report; </s>
	</p>
	<p n="212">
	  <s n="220"> Also requests the Secretary-General to ensure that the training strategy includes the training needs of national staff for the purpose of capacity-building in the mission area; </s>
	</p>
	<p n="213">
	  <s n="221"> Further requests the Secretary-General to ensure that staff in all United Nations peacekeeping operations have access to relevant training opportunities; </s>
	</p>
	<p n="214">
	  <s n="222"> Requests the Secretary-General to make greater use of national staff; </s>
	</p>
	<p n="215">
	  <s n="223"> Recalls section X, paragraph 7, of its resolution 59/266 of 23 December 2004, decides to establish an overall target of no more than 5 per cent of authorized General Service/Field Service posts across missions, with the exception of those missions in a start-up phase, and other exceptional circumstances, to be filled by staff on assignment from Headquarters, and requests the Secretary-General to report on the progress towards reaching this target; </s>
	</p>
	<p n="216">
	  <s n="224"> Affirms that locally recruited mission staff may be recruited as international staff only through the normal recruitment process in which they compete for international posts in another mission along with other external candidates; </s>
	</p>
	<p n="217">
	  <s n="225"> Requests the Secretary-General to ensure that the highest standards of efficiency, competence and integrity serve as the paramount consideration in the employment of staff, with due regard for the principle of equitable geographical distribution, in accordance with Article 101, paragraph 3, of the Charter of the United Nations; </s>
	</p>
	<p n="218">
	  <s n="226"> Reiterates its request to the Secretary-General to make every effort to fill vacant posts in peacekeeping operations expeditiously; </s>
	</p>
	<p n="219">
	  <s n="227"> Decides that generic vacancy announcements posted in Galaxy should be accompanied by information on the location of current specific vacancies and that this would apply to all international vacancies in peacekeeping missions; </s>
	</p>
	<p n="220">
	  <s n="228"> Notes with concern the observations of the Advisory Committee on Administrative and Budgetary Questions, in paragraphs 55 and 56 of its report,1 regarding the practice of hiring individual contractors or individuals on procurement contracts to perform functions of a continuing nature, and requests the Secretary-General to revert to the General Assembly for its consideration of the creation of a post if the function is ongoing and is so warranted; </s>
	</p>
	<p n="221">
	  <s n="229"> Takes note of the report of the Secretary-General on criteria used for recruitment to support account posts,7 and requests the Secretary-General to update the information and to submit a report thereon to the General Assembly for its consideration in the context of human resources management at its sixty-first session; </s>
	</p>
	<p n="222">
	  <s n="230"> Recalls section X of its resolution 59/266; </s>
	</p>
	<p n="223">
	  <s n="231"> Regrets that the report of the Secretary-General on the staffing of field missions, including the use of 300- and 100-series appointments12 did not fully provide the information requested in section X, paragraphs 2 and 3, of resolution 59/266, and in this context reiterates its request to the Secretary-General in section X, paragraph 3, of its resolution 59/266; </s>
	</p>
	<p n="224">
	  <s n="232"> Decides to continue to suspend the application of the four-year maximum limit for appointments of limited duration under the 300 series of the Staff Rules in peacekeeping operations until 30 June 2006; </s>
	</p>
	<p n="225">
	  <s n="233"> Authorizes the Secretary-General, bearing in mind paragraph 15 above, to reappoint under the 100 series of the Staff Rules those mission staff whose service under 300-series contracts has reached the four-year limit by 30 June 2006, provided that their functions have been reviewed and found necessary and their performance has been confirmed as fully satisfactory, and requests the Secretary-General to report thereon to the General Assembly at the second part of its resumed sixtieth session; </s>
	</p>
	<p n="226">
	  <s n="234"> Notes the fact that 278 of 346 eligible staff were judged to have performed “fully satisfactorily”, and requests the Secretary-General to apply rigorously the criteria set out in its resolution 59/266; </s>
	</p>
	<p n="227">
	  <s n="235"> Requests the Secretary-General to continue the practice of using 300-series contracts as the primary instrument for the appointment of new mission staff; </s>
	</p>
	<p n="228">
	  <s n="236"> Conditions of service </s>
	</p>
	<p n="229">
	  <s n="237"> Recalls section X, paragraphs 5 and 6, of its resolution 59/266, in which the General Assembly requested the International Civil Service Commission and the Secretary-General to review conditions of service in the field and to report to the Assembly at its sixty-first session; </s>
	</p>
	<p n="230">
	  <s n="238"> Decides to limit conversion of General Service posts to the Field Service category pending receipt of that review; </s>
	</p>
	<p n="231">
	  <s n="239"> Also decides that the review of the field service is the appropriate mechanism for possible recognition of hardship, if warranted; </s>
	</p>
	<p n="232">
	  <s n="240"> Mission subsistence allowance </s>
	</p>
	<p n="233">
	  <s n="241"> Recalling its resolution 58/258 of 23 December 2003, </s>
	</p>
	<p n="234">
	  <s n="242"> Having considered the report of the Office of Internal Oversight Services on the audit of mission subsistence allowance policies and procedures and the note by the Secretary-General transmitting his comments thereon, </s>
	</p>
	<p n="235">
	  <s n="243"> Requests the Secretary-General to ensure that the Office of Internal Oversight Services continues to audit the mission subsistence allowance rates to ensure their reasonableness in comparison with the actual subsistence costs in the various mission areas and with the daily subsistence allowance set by the International Civil Service Commission in the same areas; </s>
	</p>
	<p n="236">
	  <s n="244"> Decides to revert to the question of mission subsistence allowance rates and the recommendations of the Office of Internal Oversight Services in the context of the review of conditions of service in the field, requested by the General Assembly in section X, paragraphs 5 and 6, of its resolution 59/266; </s>
	</p>
	<p n="237">
	  <s n="245"> Also decides that specific guidelines and criteria for the setting of miscellaneous or incidental costs as a component of the mission subsistence allowance should be developed, taking into account that mission subsistence allowance rates should not, as a general principle, exceed those of the daily subsistence allowance in the same locality; </s>
	</p>
	<p n="238">
	  <s n="246"> Participation of United Nations Volunteers </s>
	</p>
	<p n="239">
	  <s n="247"> Recalling its resolution 54/245 A of 23 December 1999, </s>
	</p>
	<p n="240">
	  <s n="248"> Having considered the report of the Secretary-General on the participation of United Nations Volunteers in peacekeeping operations, the report of the Joint Inspection Unit on the evaluation of the United Nations Volunteers Programme and the note by the Secretary-General transmitting his comments thereon, and the related reports of the Advisory Committee on Administrative and Budgetary Questions, </s>
	</p>
	<p n="241">
	  <s n="249"> Takes note of the report of the Secretary-General,18 the report of the Joint Inspection Unit on the evaluation of the United Nations Volunteers Programme19 and the note by the Secretary-General transmitting his comments thereon,20 and endorses the observations and recommendations of the Advisory Committee on Administrative and Budgetary Questions, as contained in paragraphs 70 to 72 of its report;1 </s>
	</p>
	<p n="242">
	  <s n="250"> Acknowledges the valuable contribution of United Nations Volunteers in the United Nations system; </s>
	</p>
	<p n="243">
	  <s n="251"> Recognizes that Volunteers should not be used as a substitute for staff to be recruited against authorized posts for the implementation of mandated programmes and activities and should not be sought for financial reasons; </s>
	</p>
	<p n="244">
	  <s n="252"> Takes note of paragraph 25 of the report of the Secretary-General and the intention of the Department of Peacekeeping Operations to continue its efforts to exploit the potential for increased use of United Nations Volunteers in peacekeeping operations in those functions or skills which are not normally available in the Secretariat or which are limited; </s>
	</p>
	<p n="245">
	  <s n="253"> Requests the Secretary-General to continue to ensure that Volunteers are subject to the same obligations and responsibilities, including standards of conduct, that the United Nations staff are subject to; </s>
	</p>
	<p n="246">
	  <s n="254"> Also requests the Secretary-General to take into account greater use of national staff in peacekeeping operations, when feasible; </s>
	</p>
	<p n="247">
	  <s n="255"> Military component </s>
	</p>
	<p n="248">
	  <s n="256"> Requests the Secretary-General to make every effort to reimburse Member States that have provided troops and equipment to United Nations peacekeeping operations in a timely manner; </s>
	</p>
	<p n="249">
	  <s n="257"> Also requests the Secretary-General to ensure that the deployment of troops and contingent-owned equipment is well coordinated so that troops are not deployed without their equipment; </s>
	</p>
	<p n="250">
	  <s n="258"> Regional investigators </s>
	</p>
	<p n="251">
	  <s n="259"> Having considered the note by the Secretary-General transmitting the report of the Office of Internal Oversight Services on the first year of experience of regional investigators in two hubs, Vienna and Nairobi, </s>
	</p>
	<p n="252">
	  <s n="260"> Takes note of the findings and recommendations contained in the report of the Office of Internal Oversight Services on the first year of experience of regional investigators in two hubs, Vienna and Nairobi,22 and emphasizes in particular the utilization of resident investigators to do investigations in the large peacekeeping missions and regional investigators to do investigations in the other missions and to provide support for complex cases in the large missions, </s>
	</p>
	<p n="253">
	  <s n="261"> Sexual exploitation and abuse </s>
	</p>
	<p n="254">
	  <s n="262"> Recalling its resolution 59/___, </s>
	</p>
	<p n="255">
	  <s n="263"> Reaffirming its resolutions 48/218 B of 29 July 1994, 54/244 of 23 December 1999, 59/272 of 23 December 2004 and 59/287 of 13 April 2005, </s>
	</p>
	<p n="256">
	  <s n="264"> Having considered the report of the Secretary-General on special measures for protection from sexual exploitation and sexual abuse and the report on the investigation by the Office of Internal Oversight Services into allegations of sexual exploitation and abuse in the United Nations Organization Mission in the Democratic Republic of the Congo, </s>
	</p>
	<p n="257">
	  <s n="265"> Takes note of the report of the Secretary-General on special measures for protection from sexual exploitation and sexual abuse23 and the report on the investigation by the Office of Internal Oversight Services into allegations of sexual exploitation and abuse in the United Nations Organization Mission in the Democratic Republic of the Congo;24 </s>
	</p>
	<p n="258">
	  <s n="266"> Emphasizes the need for the development of a comprehensive, well-defined and coherent policy, taking into account also the relevant provisions of resolution 59/___, addressing, inter alia, the various managerial aspects of preventing and addressing allegations of sexual exploitation and abuse in all United Nations activities; </s>
	</p>
	<p n="259">
	  <s n="267"> Affirms that the implementation of a zero-tolerance policy and procedures towards acts of sexual exploitation and abuse should be clearly defined as a core management function, in particular also addressing clear lines of responsibility and accountability relating to the non-implementation and non-enforcement of codes of conduct, policies and preventive measures, and should ensure that adequate mechanisms are in place in this regard; </s>
	</p>
	<p n="260">
	  <s n="268"> Requests the Secretary-General to submit to the General Assembly at its sixtieth session a comprehensive report based on a thorough analysis of the aspects referred to in section XIV, paragraphs 2 and 3, of the present resolution, as well as addressing the following: </s>
	</p>
	<p n="261">
	  <s n="269"> (a) Systematic consideration of the full continuum of personnel conduct issues, including policy development, training, community relations, compliance supervision, accountability, discipline and investigation; </s>
	</p>
	<p n="262">
	  <s n="270"> (b) Clear demonstration that existing expertise and resources in the Organization, both at Headquarters and in the field, including on child protection, gender, public information and other components within their specific roles and mandates, as well as human resources management and training, are fully utilized, and that relevant resource requests avoid duplication of resources and functions and enhance coordination among relevant departments and offices, while ensuring the effective implementation of the missions&apos; mandates; </s>
	</p>
	<p n="263">
	  <s n="271"> (c) Clear reporting lines and proposals for the placement of the proposed capacity dealing with personnel conduct issues, bearing in mind that the Special Representative of the Secretary-General is ultimately accountable; </s>
	</p>
	<p n="264">
	  <s n="272"> (d) Full justification of resource requirements, both at Headquarters and in the field, taking into account the specificities of each mission and based on empirical data on the actual number of allegations and cases of sexual exploitation and abuse; </s>
	</p>
	<p n="265">
	  <s n="273"> Global audit of field security management </s>
	</p>
	<p n="266">
	  <s n="274"> Having considered the report of the Office of Internal Oversight Services on the global audit of field security management, </s>
	</p>
	<p n="267">
	  <s n="275"> Decides to defer its consideration of the report of the Office of Internal Oversight Services to its sixtieth session in the context of its consideration of a strengthened and unified security management system for the United Nations, </s>
	</p>
	<p n="268">
	  <s n="276"> Procurement </s>
	</p>
	<p n="269">
	  <s n="277"> Recalling its resolutions 57/290 B, 58/297 of 18 June 2004 and 59/288 A of 13 April 2005, </s>
	</p>
	<p n="270">
	  <s n="278"> Having considered the reports of the Secretary-General on procurement and contract management for peacekeeping operations and the related report of the Advisory Committee on Administrative and Budgetary Questions, </s>
	</p>
	<p n="271">
	  <s n="279"> Having also considered the reports of the Secretary-General on the analysis of establishing a global procurement hub for all peacekeeping missions in Brindisi, Italy, and on the implementation of the strategic deployment stocks, including the functioning of the existing mechanisms and the award of contracts for procurement, and the related reports of the Advisory Committee on Administrative and Budgetary Questions, </s>
	</p>
	<p n="272">
	  <s n="280"> Having further considered the note by the Secretary-General transmitting the report of the Office of Internal Oversight Services on the procurement of goods and services through letters of assist, </s>
	</p>
	<p n="273">
	  <s n="281"> Requests the Secretary-General, in order to improve the transparency and efficiency of procurement in peacekeeping operations, to ensure implementation of and compliance with the mechanisms aimed at facilitating the compilation by all missions of an assessment of progress and final performance of vendors and its immediate transmission to the Procurement Service at Headquarters; </s>
	</p>
	<p n="274">
	  <s n="282"> Notes progress towards the harmonization of Headquarters and mission procurement databases, and in this regard welcomes the continued efforts towards improved transparency and accountability of a comprehensive procurement system, including the availability of peacekeeping procurement data for Member States, as currently displayed on the United Nations Procurement Service web site; </s>
	</p>
	<p n="275">
	  <s n="283"> Requests the Secretary-General to continue to improve reporting procurement data to Member States and to consider procurement system processes utilized in the government and private sectors; </s>
	</p>
	<p n="276">
	  <s n="284"> Notes the efforts made by the Secretary-General to increase procurement opportunities for developing countries and countries with economies in transition, and requests the Secretary-General to: </s>
	</p>
	<p n="277">
	  <s n="285"> (a) Continue to simplify the vendor registration process, taking into account access to the Internet; </s>
	</p>
	<p n="278">
	  <s n="286"> (b) Take further steps to sensitize the business community to procurement opportunities within the United Nations system, including: </s>
	</p>
	<p n="279">
	  <s n="287"> (i) The holding of additional business seminars; </s>
	</p>
	<p n="280">
	  <s n="288"> (ii) Inviting the Inter-Agency Procurement Working Group to hold more meetings in developing countries; </s>
	</p>
	<p n="281">
	  <s n="289"> (iii) Including the issue of diversity of sources of procurement as an agenda item at the annual meetings of the Inter-Agency Procurement Working Group; </s>
	</p>
	<p n="282">
	  <s n="290"> Requests the Secretary-General to ensure that all peacekeeping missions operate with reference to their procurement plans in order to realize the benefits offered by proper procurement planning; </s>
	</p>
	<p n="283">
	  <s n="291"> Encourages the Secretary-General to continue to monitor and address causes of excessive procurement lead times at peacekeeping missions; </s>
	</p>
	<p n="284">
	  <s n="292"> Also encourages the Secretary-General to continue to ensure that all peacekeeping missions formally identify the training needs of all procurement officers and communicate these needs to Headquarters in order to ensure that training follows proper planning and evaluation of its effectiveness; </s>
	</p>
	<p n="285">
	  <s n="293"> Asset management </s>
	</p>
	<p n="286">
	  <s n="294"> Reiterates that the Department of Peacekeeping Operations should ensure that all missions implement an assets replacement programme in a cost-effective manner and in strict compliance with the guidelines on the life expectancy of assets; </s>
	</p>
	<p n="287">
	  <s n="295"> Requests the Secretary-General to ensure that the heads of the peacekeeping operations take effective measures to ensure inventory control, replenishment of stocks and reasonable write-off procedures for the disposal of assets no longer required or useful; </s>
	</p>
	<p n="288">
	  <s n="296"> Also requests the Secretary-General to ensure that formal written agreements are in place, which include elements such as financial reimbursement and liability, with other United Nations bodies before loaning out to them resources belonging to the peacekeeping operation; </s>
	</p>
	<p n="289">
	  <s n="297"> Commends the ongoing efforts to increase cooperation between missions, particularly those in the same region, and stresses that any agreement on the loan or sharing of mission assets be clearly understood and documented by the missions involved, bearing in mind that individual operations should remain responsible for preparing and overseeing their own budgets as well as for controlling their own assets and logistical operations; </s>
	</p>
	<p n="290">
	  <s n="298"> Information technology </s>
	</p>
	<p n="291">
	  <s n="299"> Having considered the report of the Secretary-General on the functional requirements of field missions for communication and information technology and on information and communications technology strategy: arrangements for the Galaxy system and the relevant section of the report of the Advisory Committee on Administrative and Budgetary Questions, </s>
	</p>
	<p n="292">
	  <s n="300"> Requests the Secretary-General to take fully into account the return on investment for information and communication technology and to report on its impact on the resource requirements for the Support Account; </s>
	</p>
	<p n="293">
	  <s n="301"> Also requests the Secretary-General to ensure the full implementation of the information technology and communications strategy adopted by the General Assembly in order to avoid unnecessary redundancies; </s>
	</p>
	<p n="294">
	  <s n="302"> Further requests the Secretary-General to implement the Galileo system in all peacekeeping operations in order to unify peacekeeping operations inventory; </s>
	</p>
	<p n="295">
	  <s n="303"> Air operations </s>
	</p>
	<p n="296">
	  <s n="304"> Recalling its resolution 59/288 B of 13 April 2005, </s>
	</p>
	<p n="297">
	  <s n="305"> Requests the Secretary-General to take all necessary actions to ensure that staff members involved in air operations are adequately trained, as specified in the Air Operations Manual; </s>
	</p>
	<p n="298">
	  <s n="306"> Also requests the Secretary-General to continue to conduct aviation quality inspections and aviation assessments at missions to confirm that established standards are being fully complied with; </s>
	</p>
	<p n="299">
	  <s n="307"> Further requests the Secretary-General to improve the formulation of resource requirements for air operations in budget submissions to make them more reflective of actual operations, bearing in mind the overbudgeting of air transportation requirements in some peacekeeping operations; </s>
	</p>
	<p n="300">
	  <s n="308"> Requests the Secretary-General to undertake an analysis of the impact of the new costing structure relating to air operations, bearing in mind the relevant observations and recommendations of the Advisory Committee on Administrative and Budgetary Questions and the Board of Auditors, and to report thereon in the context of his next overview report; </s>
	</p>
	<p n="301">
	  <s n="309"> Ground transportation </s>
	</p>
	<p n="302">
	  <s n="310"> Requests the Secretary-General to provide the General Assembly with a cost-benefit analysis on the issue of the transfer of vehicles with high mileage to the United Nations Logistics Base at Brindisi, Italy, to other missions and to upcoming missions, taking into account the cost of freight, and to report thereon to the General Assembly at its sixtieth session; </s>
	</p>
	<p n="303">
	  <s n="311"> Also requests the Secretary-General, in the context of his overview report, to provide detailed information on the implementation of the vehicle policy, as requested in paragraph 86 of the report of the Advisory Committee on Administrative and Budgetary Questions;1 </s>
	</p>
	<p n="304">
	  <s n="312"> Further requests the Secretary-General to develop a standard policy with regard to the purchase and assignment of standard civilian and specially equipped armoured vehicles, as well as representational vehicles; </s>
	</p>
	<p n="305">
	  <s n="313"> Ratios of vehicles and information technology equipment to staff </s>
	</p>
	<p n="306">
	  <s n="314"> Notes with concern the lack of information on the implementation of ratios of vehicles to staff and discrepancies in the implementation of standard ratios; </s>
	</p>
	<p n="307">
	  <s n="315"> Requests the Secretary-General to ensure that peacekeeping operations adhere to the standard ratios, bearing in mind the mandate, complexities and size of individual peacekeeping operations; </s>
	</p>
	<p n="308">
	  <s n="316"> Also requests the Secretary-General to ensure that in all missions the actual ratio of heavy/medium vehicles is not greater than the established standard ratio of 1:1 and to justify any departure from this standard ratio; </s>
	</p>
	<p n="309">
	  <s n="317"> Further requests the Secretary-General to review the policies on standard ratios of vehicles to staff and to provide the General Assembly, in the context of the overview report, with information on the outcome of the review and efforts to ensure that individual peacekeeping operations adhere to the standard ratios, while bearing in mind the mandates, complexities and size of individual operations; </s>
	</p>
	<p n="310">
	  <s n="318"> Requests the Secretary-General to apply greater economies in the provision of 4x4 vehicles for civilian staff in missions, in particular but not limited to senior staff at the D-1 level and above, bearing in mind that the existing ratio for 4x4 vehicles must not be exceeded, and to report on the implementation thereof to the General Assembly at its sixtieth session in the context of the overview report; </s>
	</p>
	<p n="311">
	  <s n="319"> Encourages the Secretary-General progressively to reduce the allocation of one printer per work station and to implement, with immediate effect, where it is cost-effective and feasible, the ratio of printers to desktop computers of 1:4 for all work stations in peacekeeping missions, at Headquarters and in the field; </s>
	</p>
	<p n="312">
	  <s n="320"> Decides to defer consideration of new provisions for desktop computers, printers and laptops at Headquarters and in the field with the exception of new missions and those missions undergoing expansion according to Security Council mandates as well as for replacement purposes in strict compliance with the General Assembly resolution, pending the report of the Office of Internal Oversight Services on the comprehensive management audit to review the practices of the Department of Peacekeeping Operations, mentioned in section IV, paragraph 4, of the present resolution; </s>
	</p>
	<p n="313">
	  <s n="321"> Rations contracts </s>
	</p>
	<p n="314">
	  <s n="322"> Requests the Secretary-General to undertake a cost-benefit analysis of the delivery of food rations by air assets, without prejudice to the delivery of food to the troops, and to implement the most viable and cost-effective option in each peacekeeping operation; </s>
	</p>
	<p n="315">
	  <s n="323"> Also requests the Secretary-General to ensure that all missions monitor and evaluate the quality management systems of rations contractors to ensure that food quality and hygienic conditions are in accordance with established standards; </s>
	</p>
	<p n="316">
	  <s n="324"> Further requests the Secretary-General to undertake a cost-benefit analysis on the use of an independent inspection mechanism to verify the fulfilment by contractors and vendors of all contract specifications regarding quality, hygiene and delivery plans. </s>
	</p>
	<p n="317">
	  <s n="325"> Draft resolution II Peacekeeping Reserve Fund </s>
	</p>
	<p n="318">
	  <s n="326"> The General Assembly, </s>
	</p>
	<p n="319">
	  <s n="327"> Having considered the reports of the Secretary-General on the Peacekeeping Reserve Fund and the related reports of the Advisory Committee on Administrative and Budgetary Questions, </s>
	</p>
	<p n="320">
	  <s n="328"> Recalling its resolution 47/217 of 23 December 1992 on the establishment of the Peacekeeping Reserve Fund and its resolutions 49/233 A of 23 December 1994 and 51/218 E of 17 June 1997, </s>
	</p>
	<p n="321">
	  <s n="329"> Reaffirming the general principles underlying the financing of United Nations peacekeeping operations, as stated in General Assembly resolutions 1874 (S-IV) of 27 June 1963, 3101 (XXVIII) of 11 December 1973 and 55/235 of 23 December 2000, </s>
	</p>
	<p n="322">
	  <s n="330"> Takes note of the status of contributions to the Peacekeeping Reserve Fund as at 31 December 2004; </s>
	</p>
	<p n="323">
	  <s n="331"> Takes note of the reports of the Advisory Committee on Administrative and Budgetary Questions;2 </s>
	</p>
	<p n="324">
	  <s n="332"> Decides that the excess balance of 13,790,000 United States dollars in respect of the financial period ended 30 June 2004 shall be applied to meet the financing of the support account for peacekeeping operations for the period from 1 July 2005 to 30 June 2006. </s>
	</p>
	<p n="325">
	  <s n="333"> Draft resolution III Reformed procedures for determining reimbursement to Member States for contingent-owned equipment </s>
	</p>
	<p n="326">
	  <s n="334"> The General Assembly, </s>
	</p>
	<p n="327">
	  <s n="335"> Recalling its resolution 55/274 of 14 June 2001, </s>
	</p>
	<p n="328">
	  <s n="336"> Having considered the report of the Secretary-General on the reformed procedures for determining reimbursement to Member States for contingent-owned equipment, the letter dated 12 March 2004 from the Chairman of the 2004 Working Group on Contingent-Owned Equipment to the Chairman of the Fifth Committee and the related reports of the Advisory Committee on Administrative and Budgetary Questions, </s>
	</p>
	<p n="329">
	  <s n="337"> Takes note of the report of the Secretary-General on the reformed procedures for determining reimbursement to Member States for contingent-owned equipment,1 the letter dated 12 March 2004 from the Chairman of the 2004 Working Group on Contingent-Owned Equipment to the Chairman of the Fifth Committee2 and the related reports of the Advisory Committee on Administrative and Budgetary Questions;3 </s>
	</p>
	<p n="330">
	  <s n="338"> Endorses the conclusions and recommendations contained in the reports of the Advisory Committee on Administrative and Budgetary Questions, subject to the provisions of the present resolution; </s>
	</p>
	<p n="331">
	  <s n="339"> Regrets that the 2004 Working Group on Contingent-Owned Equipment was unable to reach consensus on, inter alia, a review of the rates of reimbursement for contingent-owned equipment and self-sustainment; </s>
	</p>
	<p n="332">
	  <s n="340"> Decides to approve the proposal of the Secretary-General that the next Working Group on Contingent-Owned Equipment, which will meet in 2008, carry out a comprehensive review of the contingent-owned equipment system, as per the formats established by the Phase V Working Group, for a period of not less than 14 working days; </s>
	</p>
	<p n="333">
	  <s n="341"> Urges the Secretary-General to explore the possibility of holding the Working Group meeting earlier than 2008, if feasible; </s>
	</p>
	<p n="334">
	  <s n="342"> Decides that the next Working Group on Contingent-Owned Equipment will consider, without prejudice to the comprehensive review of the contingent-owned equipment system, in recommending any revision of rates of reimbursement for contingent-owned equipment and self-sustainment, the fact that there was no revision of such rates for the period 2004 to 2008 owing to the lack of consensus on an increase in the rates and on the methodology of the 2004 Working Group; </s>
	</p>
	<p n="335">
	  <s n="343"> Notes that, in addition to maintaining all existing components of the current methodology, the Secretary-General had proposed the inclusion of peacekeeping-related training costs and post-deployment medical costs in the troop reimbursement methodology; </s>
	</p>
	<p n="336">
	  <s n="344"> Regrets that the 2004 Working Group on Contingent-Owned Equipment was unable to reach consensus on the components for inclusion in the troop-cost reimbursement methodology; </s>
	</p>
	<p n="337">
	  <s n="345"> Notes that the report of the Secretary-General on the rates of reimbursement to the Governments of troop-contributing countries did not address all elements of the request made in paragraph 8 of General Assembly resolution 55/274; </s>
	</p>
	<p n="338">
	  <s n="346"> Reiterates its request contained in paragraph 8 of its resolution 55/274, and requests the Secretary-General to submit a comprehensive report thereon, addressing all elements, to the General Assembly at its sixtieth session; </s>
	</p>
	<p n="339">
	  <s n="347"> Notes that the Secretary-General, in preparing that report, may utilize, as appropriate, external expertise; </s>
	</p>
	<p n="340">
	  <s n="348"> Decides to review the daily allowance for troops at its resumed sixtieth session, based on information to be provided in the context of the comprehensive report referred to in paragraph 10 above; </s>
	</p>
	<p n="341">
	  <s n="349"> Also decides to set up a channel of communication between the Secretariat and the Member States on the contingent-owned equipment system, strictly for the exchange of information and for seeking clarification and not for reaching decisions that are within the mandate of the Working Group on Contingent-Owned Equipment and relevant intergovernmental bodies. </s>
	</p>
	<p n="342">
	  <s n="350"> Draft resolution IV Financing of the United Nations Logistics Base at Brindisi, Italy </s>
	</p>
	<p n="343">
	  <s n="351"> The General Assembly, </s>
	</p>
	<p n="344">
	  <s n="352"> Recalling section XIV of its resolution 49/233 A of 23 December 1994, </s>
	</p>
	<p n="345">
	  <s n="353"> Recalling also its decision 50/500 of 17 September 1996 on the financing of the United Nations Logistics Base at Brindisi, Italy, and its subsequent resolutions and decisions thereon, the latest of which was resolution 58/297 of 18 June 2004, </s>
	</p>
	<p n="346">
	  <s n="354"> Recalling further its resolution 56/292 of 27 June 2002 concerning the establishment of the strategic deployment stocks and its subsequent resolutions 57/315 of 18 June 2003 and 58/297 of 18 June 2004 on the status of the implementation of the strategic deployment stocks, </s>
	</p>
	<p n="347">
	  <s n="355"> Having considered the reports of the Secretary-General on the financing of the United Nations Logistics Base and the implementation of the strategic deployment stocks, including the functioning of the existing mechanisms and award of contracts for procurement, and the related reports of the Advisory Committee on Administrative and Budgetary Questions, </s>
	</p>
	<p n="348">
	  <s n="356"> Reiterating the importance of establishing an accurate inventory of assets, </s>
	</p>
	<p n="349">
	  <s n="357"> Notes with appreciation the facilities provided by the Government of Italy to the United Nations Logistics Base at Brindisi; </s>
	</p>
	<p n="350">
	  <s n="358"> Endorses the conclusions and recommendations contained in the report of the Advisory Committee on Administrative and Budgetary Questions, and requests the Secretary-General to ensure their full implementation; </s>
	</p>
	<p n="351">
	  <s n="359"> Notes the proposal of the Secretary-General to expand the Logistics Base, and requests the Secretary-General to include detailed information on the financial and legal implications, as well as on the expected benefits that may arise from the expansion in the budget submission for 2006/07; </s>
	</p>
	<p n="352">
	  <s n="360"> Encourages the Secretary-General to ensure the active participation of the Department of Peacekeeping Operations in the negotiations between the World Food Programme and the Government of Italy concerning the release of the San Vito Base; </s>
	</p>
	<p n="353">
	  <s n="361"> Requests the Secretary-General to ensure the full implementation of the relevant provisions of its resolution 59/____; </s>
	</p>
	<p n="354">
	  <s n="362"> Also requests the Secretary-General to undertake a further analysis of how the Logistics Base could best be utilized to provide efficient and economical communications and information technology services, as well as other services, for United Nations peacekeeping and Headquarters clients; </s>
	</p>
	<p n="355">
	  <s n="363"> Reiterates the need to implement, as a matter of priority, an effective inventory management standard, especially in respect of peacekeeping operations involving high inventory value; </s>
	</p>
	<p n="356">
	  <s n="364"> Strategic deployment stocks </s>
	</p>
	<p n="357">
	  <s n="365"> Takes note of the report of the Secretary-General on the implementation of the strategic deployment stocks, including the functioning of existing mechanisms and the award of contracts for procurement;2 </s>
	</p>
	<p n="358">
	  <s n="366"> Takes note of the deficiencies in the contingent-owned equipment of rehatted troops, and requests the Secretary-General to review options for the effective rehatting of contingents and provide recommendations in this regard; </s>
	</p>
	<p n="359">
	  <s n="367"> Approves the use of savings derived from the liquidation of prior-period obligations and the unspent balance of the strategic deployment stocks to cover losses on currency exchange and replenishment of the stocks; </s>
	</p>
	<p n="360">
	  <s n="368"> Also approves the inclusion of strategic deployment stocks replenishment within the commitment authority described in section IV, paragraph 1, of General Assembly resolution 49/233 A; </s>
	</p>
	<p n="361">
	  <s n="369"> Also requests the Secretary-General to ensure the fulfilment of the existing policies and procedures relating to stock control and inventory and replenishment, regarding strategic deployment; </s>
	</p>
	<p n="362">
	  <s n="370"> Financial performance report for the period from 1 July 2003 to 30 June 2004 </s>
	</p>
	<p n="363">
	  <s n="371"> Takes note of the report of the Secretary-General on the financial performance of the United Nations Logistics Base for the period from 1 July 2003 to 30 June 2004; </s>
	</p>
	<p n="364">
	  <s n="372"> Budget estimates for the period from 1 July 2005 to 30 June 2006 </s>
	</p>
	<p n="365">
	  <s n="373"> Approves the cost estimates for the United Nations Logistics Base at Brindisi amounting to 31,513,100 United States dollars for the period from 1 July 2005 to 30 June 2006; </s>
	</p>
	<p n="366">
	  <s n="374"> Financing of the budget estimates </s>
	</p>
	<p n="367">
	  <s n="375"> Decides that the requirements for the United Nations Logistics Base for the period from 1 July 2005 to 30 June 2006 shall be financed as follows: </s>
	</p>
	<p n="368">
	  <s n="376"> (a) The unencumbered balance and other income in the total amount of 2,441,000 dollars in respect of the financial period ended 30 June 2004 to be applied to the resources required for the period from 1 July 2005 to 30 June 2006; </s>
	</p>
	<p n="369">
	  <s n="377"> (b) The balance of 29,072,100 dollars to be prorated among the budgets of the active peacekeeping operations for the period from 1 July 2005 to 30 June 2006; </s>
	</p>
	<p n="370">
	  <s n="378"> (c) The net estimated staff assessment income of 2,351,700 dollars, comprising the amount of 2,233,100 dollars for the period from 1 July 2005 to 30 June 2006 and the increase of 118,600 dollars in respect of the financial period ended 30 June 2004, to be set off against the balance referred to in subparagraph (b) above, to be prorated among the budgets of the individual active peacekeeping operations; </s>
	</p>
	<p n="371">
	  <s n="379"> Also decides to consider at its sixtieth session the question of the financing of the United Nations Logistics Base at Brindisi, Italy. </s>
	</p>
	<p n="372">
	  <s n="380"> Draft resolution V Support account for peacekeeping operations </s>
	</p>
	<p n="373">
	  <s n="381"> The General Assembly, </s>
	</p>
	<p n="374">
	  <s n="382"> Recalling its resolutions 45/258 of 3 May 1991, 47/218 A of 23 December 1992, 48/226 A of 23 December 1993, 56/241 of 24 December 2001, 56/293 of 27 June 2002, 57/318 of 18 June 2003, 58/298 of 18 June 2004 and 59/287 of 13 April 2005, its decisions 48/489 of 8 July 1994, 49/469 of 23 December 1994 and 50/473 of 23 December 1995 and other relevant resolutions of the General Assembly, </s>
	</p>
	<p n="375">
	  <s n="383"> Having considered the reports of the Secretary-General on the financing of the support account for peacekeeping operations and the related reports of the Advisory Committee on Administrative and Budgetary Questions, </s>
	</p>
	<p n="376">
	  <s n="384"> Recognizing the importance of the United Nations being able to respond and deploy rapidly to a peacekeeping operation upon adoption of a relevant resolution of the Security Council, within thirty days for traditional peacekeeping operations and ninety days for complex peacekeeping operations, </s>
	</p>
	<p n="377">
	  <s n="385"> Recognizing also the need for adequate support during all phases of peacekeeping operations, including the liquidation and termination phases, </s>
	</p>
	<p n="378">
	  <s n="386"> Mindful that the level of the support account should broadly correspond to the mandate, number, size and complexity of peacekeeping missions, </s>
	</p>
	<p n="379">
	  <s n="387"> Takes note of the reports of the Secretary-General on the financing of the support account for peacekeeping operations;1 </s>
	</p>
	<p n="380">
	  <s n="388"> Reaffirms the need for effective and efficient administration and financial management of peacekeeping operations, and urges the Secretary-General to continue to identify measures to increase the productivity and efficiency of the support account; </s>
	</p>
	<p n="381">
	  <s n="389"> Also reaffirms the need for adequate funding for the backstopping of peacekeeping operations, as well as the need for full justification for that funding in support account budget submissions; </s>
	</p>
	<p n="382">
	  <s n="390"> Requests the Secretary-General to ensure the full implementation of the relevant provisions of its resolution 59/__ of __ June 2005; </s>
	</p>
	<p n="383">
	  <s n="391"> Endorses the conclusions and recommendations contained in the relevant report of the Advisory Committee on Administrative and Budgetary Questions, subject to the provisions of the present resolution; </s>
	</p>
	<p n="384">
	  <s n="392"> Requests the Secretary-General to rejustify the need for the P-5 post in the Executive Office of the Secretary-General at the sixtieth session; </s>
	</p>
	<p n="385">
	  <s n="393"> Decides to maintain, for the period from 1 July 2005 to 30 June 2006, the funding mechanism for the support account used in the current period, from 1 July 2004 to 30 June 2005, as approved in paragraph 3 of its resolution 50/221 B of 7 June 1996; </s>
	</p>
	<p n="386">
	  <s n="394"> Reaffirms the need for the Secretary-General to ensure that delegation of authority to the Department of Peacekeeping Operations of the Secretariat and field missions is in strict compliance with relevant resolutions and decisions and the relevant rules and procedures of the General Assembly on this matter; </s>
	</p>
	<p n="387">
	  <s n="395"> Decides to provide general temporary assistance to implement and monitor the environmental protection programmes in the field, and requests the Secretary-General to rejustify this position by providing additional information on the necessity of the backstopping capacity at Headquarters and on the ongoing cooperative arrangements with the United Nations Environment Programme in the area of environmental protection; </s>
	</p>
	<p n="388">
	  <s n="396"> Approves the establishment of the post of Police Generation Officer (P-4) in the Civilian Police Division; </s>
	</p>
	<p n="389">
	  <s n="397"> Decides to provide general temporary assistance for the P-3 post for the secretariat of the Fifth Committee; </s>
	</p>
	<p n="390">
	  <s n="398"> Requests the Secretary-General to entrust the Office of Internal Oversight Services to conduct an audit of standard costs applied to headquarters overheads such as furniture and rental of premises, providing comparative costs on current market prices for these items, and to submit its findings to the General Assembly at the second part of its resumed sixtieth session; </s>
	</p>
	<p n="391">
	  <s n="399"> Decides that all future requests for additional headquarters capacity linked to new or expanded peacekeeping or peace support missions must be accompanied by an analysis of spare capacity created by any downsizing or liquidation of other missions; </s>
	</p>
	<p n="392">
	  <s n="400"> Decides that following the end of mandate of missions, mission-specific posts in the Office of Operations of the Department of Peacekeeping Operations should be disestablished or redeployed and reflected accordingly in the next support account proposal; </s>
	</p>
	<p n="393">
	  <s n="401"> Decides not to provide funds in the amount of 350,000 United States dollars for the independent review of the Department of Peacekeeping Operations, as requested in paragraph 63 of the report of the Secretary-General; </s>
	</p>
	<p n="394">
	  <s n="402"> Decides not to provide funds for Enterprise Content Management and Customer Relationship Management pilot projects, with the exception of the resources of 149,000 dollars sought for the Archives and Records Management Section in paragraph 366 of the report of the Secretary-General;4 </s>
	</p>
	<p n="395">
	  <s n="403"> Notes that as a result of the expanded range of activities in the Situation Centre, there is a need for a broader and balanced range of skills and qualifications, including but not limited to knowledge of operational military and civilian police issues, among the Situation Centre officers, and in this regard requests the Secretary-General to ensure that the 11 Operations Officer (P-3) posts are available for incumbency to all qualified candidates, including officers seconded from Member States, keeping in mind the importance of representation of major troop-contributing countries; </s>
	</p>
	<p n="396">
	  <s n="404"> Decides to approve the post of Chief of the Unit (P-5) to strengthen the Criminal Law and Judicial Advisory Unit; </s>
	</p>
	<p n="397">
	  <s n="405"> Financial performance report for the period from 1 July 2003 to 30 June 2004 </s>
	</p>
	<p n="398">
	  <s n="406"> Takes note of the report of the Secretary-General on the financial performance of the support account for peacekeeping operations for the period from 1 July 2003 to 30 June 2004; </s>
	</p>
	<p n="399">
	  <s n="407"> Budget estimates for the period from 1 July 2005 to 30 June 2006 </s>
	</p>
	<p n="400">
	  <s n="408"> Approves the support account requirements in the amount of 146,935,200 dollars for the period from 1 July 2005 to 30 June 2006, including 761 continuing and 70 new temporary posts and their related post and non-post requirements; </s>
	</p>
	<p n="401">
	  <s n="409"> Financing of the budget estimates </s>
	</p>
	<p n="402">
	  <s n="410"> Decides that the requirements for the support account for peacekeeping operations for the period from 1 July 2005 to 30 June 2006 shall be financed as follows: </s>
	</p>
	<p n="403">
	  <s n="411"> (a) The unencumbered balance of 874,800 dollars for the period from 1 July 2003 to 30 June 2004 and other income of 1,873,000 dollars related to the period ended 30 June 2004, to be applied to the resources required for the period from 1 July 2005 to 30 June 2006; </s>
	</p>
	<p n="404">
	  <s n="412"> (b) The amount of 13,790,000 dollars in excess of the authorized level of the Peacekeeping Reserve Fund in respect of the period ended 30 June 2004 to be applied to the resources required for the period from 1 July 2005 to 30 June 2006; </s>
	</p>
	<p n="405">
	  <s n="413"> (c) The balance of 130,397,400 dollars to be prorated among the budgets of the active peacekeeping operations for the period from 1 July 2005 to 30 June 2006; </s>
	</p>
	<p n="406">
	  <s n="414"> (d) The net estimated staff assessment income of 18,431,600 dollars, comprising the amount of 18,444,600 dollars for the period from 1 July 2005 to 30 June 2006, 26,400 dollars and 400,300 dollars for the requirements presented in the statements by the Secretary-General6 and the decrease of 439,700 dollars in respect of the financial period ended 30 June 2004, to be set off against the balance referred to in subparagraph (c) above, to be prorated among the budgets of the individual active peacekeeping operations. </s>
	</p>
	<p n="407">
	  <s n="415"> The Fifth Committee recommends to the General Assembly the adoption of the following draft decisions: </s>
	</p>
	<p n="408">
	  <s n="416"> Draft decision I Administrative and budgetary aspects of the financing of the United Nations peacekeeping operations </s>
	</p>
	<p n="409">
	  <s n="417"> Programme budget implications of draft resolution A/C.5/59/L.53 on the administrative and budgetary aspects of the financing of the United Nations peacekeeping operations: cross-cutting issues </s>
	</p>
	<p n="410">
	  <s n="418"> Statement submitted by the Secretary-General in accordance with rule 153 of the rules and procedures of the General Assembly </s>
	</p>
	<p n="411">
	  <s n="419"> The Fifth Committee, having considered the statement of programme budget implications submitted by the Secretary-General, decides to inform the General Assembly that, should it adopt draft resolution A/C.5/59/L.53, an additional appropriation of 466,600 United States dollars would be required for the support account for peacekeeping operations for the period from 1 July 2005 to 30 June 2006 for the Office of Internal Oversight Services. </s>
	</p>
	<p n="412">
	  <s n="420"> Draft decision II Updated financial position of closed peacekeeping missions as at 30 June 2004 </s>
	</p>
	<p n="413">
	  <s n="421"> The General Assembly, having considered the reports of the Secretary-General on the updated financial position of closed peacekeeping missions and the related reports of the Advisory Committee on Administrative and Budgetary Questions, takes note of the reports of the Secretary-General1 and the reports of the Advisory Committee on Administrative and Budgetary Questions,2 and decides to revert to the issue of the updated financial position of closed peacekeeping missions as at 30 June 2005 in the main part of its sixtieth session. </s>
	</p>
	<p n="414">
	  <s n="422"> Including those contained in its report (see A/58/746). </s>
	</p>
	<p n="415">
	  <s n="423"> A/59/736, paras. </s>
	  <s n="424"> 73-79 and 117. </s>
	</p>
	<p n="416">
	  <s n="425"> A/59/736, paras. </s>
	</p>
	<p n="417">
	  <s n="426"> A/59/698/Add.1. </s>
	</p>
	<p n="418">
	  <s n="427"> A/59/68/Add.1. </s>
	</p>
	<p n="419">
	  <s n="428"> A/55/874, paras. </s>
	  <s n="429"> 41-45, and A/59/736, paras. </s>
	</p>
	<p n="420">
	  <s n="430"> A/58/761 and A/59/688. </s>
	</p>
	<p n="421">
	  <s n="431"> A/59/736/Add.2 and A/59/736, paras. </s>
	</p>
	<p n="422">
	  <s n="432"> A/59/265/Add.1. </s>
	</p>
	<p n="423">
	  <s n="433"> See A/59/736, sect. </s>
	</p>
	<p n="424">
	  <s n="434"> Ibid., sect. </s>
	</p>
	<p n="425">
	  <s n="435"> A/58/724 and A/59/787. </s>
	</p>
	<p n="426">
	  <s n="436"> A/58/732 and A/59/791. </s>
	</p>
	<p n="427">
	  <s n="437"> See ST/ADM/SER.B/642, annex XLII. </s>
	</p>
	<p n="428">
	  <s n="438"> A/C.5/58/37 and Corr.1. </s>
	</p>
	<p n="429">
	  <s n="439"> A/59/708 and A/59/736. </s>
	</p>
	<p n="430">
	  <s n="440"> A/59/681 and A/59/691. </s>
	</p>
	<p n="431">
	  <s n="441"> A/59/736 and Add.2. </s>
	</p>
	<p n="432">
	  <s n="442"> A/59/736/Add.2. </s>
	</p>
	<p n="433">
	  <s n="443"> A/59/714 and Add.1 and A/59/730. </s>
	</p>
	<p n="434">
	  <s n="444"> A/59/736 and A/59/784. </s>
	</p>
	<p n="435">
	  <s n="445"> A/59/714 and Add.1. </s>
	</p>
	<p n="436">
	  <s n="446"> See A/C.5/59/28 and Add.1 and Add.1/Corr.1 and A/C.5/59/32. </s>
	</p>
	<p n="437">
	  <s n="447"> A/58/778 and A/59/752. </s>
	</p>
	<p n="438">
	  <s n="448"> A/58/799 and A/59/790. </s>
	</p>
	</body>
</text>
</DOC>