<?xml version="1.0" encoding="UTF-8"?>
<DOC lang="English" n="N0453998" id="A/59/420" date="2004/10/06">
<text>
	<body>
	<p n="1">
	  <s n="1"> Fifty-ninth session </s>
	</p>
	<p n="2">
	  <s n="2"> Agenda items 108 and 118 </s>
	</p>
	<p n="3">
	  <s n="3"> Programme budget for the biennium 2004-2005 </s>
	</p>
	<p n="4">
	  <s n="4"> Report of the Secretary-General on the activities of the Office of Internal Oversight Services </s>
	</p>
	<p n="5">
	  <s n="5"> Report of the Office of Internal Oversight Services on the United Nations capital master plan for the period from August 2003 through July 2004 </s>
	</p>
	<p n="6">
	  <s n="6"> * The present report could not be submitted prior to the deadline because the review had not been concluded at that time. </s>
	</p>
	<p n="7">
	  <s n="7"> Note by the Secretary-General* </s>
	</p>
	<p n="8">
	  <s n="8"> Pursuant to General Assembly resolutions 48/218 B of 29 July 1994, 54/244 of 23 December 1999 and 57/292 of 20 December 2002, the Secretary-General has the honour to transmit, for the attention of the General Assembly, the attached report on the United Nations capital master plan, conveyed to him by the Under-Secretary-General for Internal Oversight Services. </s>
	</p>
	<p n="9">
	  <s n="9"> The Secretary-General takes note of the findings and concurs with the observations made in the report, which will enhance the management of the plan. </s>
	</p>
	<p n="10">
	  <s n="10"> Report of the Office of Internal Oversight Services on the United Nations capital master plan for the period from August 2003 through July 2004 </s>
	</p>
	<p n="11">
	  <s n="11"> Introduction </s>
	</p>
	<p n="12">
	  <s n="12"> Pursuant to General Assembly resolution 57/292 of 20 December 2002, the Office of Internal Oversight Services (OIOS) hereby submits its second report on the United Nations capital master plan. </s>
	  <s n="13"> The report summarizes oversight activities of OIOS for the period from August 2003 through July 2004. </s>
	  <s n="14"> During this period, the Secretariat procured architectural and engineering services for the design development phase of the capital master plan and security-related construction services for the security strengthening project, for which the Office of the Capital Master Plan is now responsible. </s>
	  <s n="15"> As at 30 June 2004, seven contracts were awarded, totalling approximately $59 million. </s>
	  <s n="16"> Six of these contracts relate to the design development phase of the capital master plan and one is for construction work under the security strengthening project. </s>
	  <s n="17"> The most recent data available concerning these contracts, provided by the Department of Management, appears in the annex to the present report. </s>
	</p>
	<p n="13">
	  <s n="18"> During the reporting period, OIOS reviewed the requests for proposals and related bids and contract documents issued for the design development phase of the plan and the construction phase of the security strengthening project. </s>
	  <s n="19"> OIOS was represented at more than 20 meetings related to the procurement process and provided comments and recommendations through formal and informal communications. </s>
	  <s n="20"> OIOS is pleased to report that it received full cooperation from the departments and offices responsible for the implementation of the plan, including the Office of the Capital Master Plan, the Procurement Division and the Facilities Management Division, Office of Central Support Services, and the Office of Legal Affairs. </s>
	</p>
	<p n="14">
	  <s n="21"> Organization and resources of the Office of the Capital Master Plan </s>
	</p>
	<p n="15">
	  <s n="22"> With the departure of the Executive Director of the Office of the Capital Master Plan in February 2004, the Office has, since April 2004, been headed by an officer-in-charge at the D-2 level. </s>
	  <s n="23"> In June 2004, the Budget Division approved the staffing table for the Office for 2004, in response to the request made by the former Executive Director to the Under-Secretary-General for Management in June 2003 for the establishment of a new organizational structure. </s>
	  <s n="24"> OIOS believes that the newly approved staffing table, composed of 11 Professional and nine General Service staff, represents significant progress towards ensuring adequate management by the Office of the design development phase of the capital master plan. </s>
	</p>
	<p n="16">
	  <s n="25"> Oversight activities of the Office of Internal Oversight Services during the reporting period </s>
	</p>
	<p n="17">
	  <s n="26"> During the reporting period, OIOS carried out several audits and other significant oversight activities relating to the capital master plan, which are described below. </s>
	  <s n="27"> OIOS generally provided its comments and recommendations on the spot, during meetings or immediately after its review of the documents provided by the Office of the Capital Master Plan, to ensure that such comments and recommendations could be taken into account while preparing bids or negotiating contracts. </s>
	  <s n="28"> The Office of Legal Affairs commented that the Department of Management and OIOS might wish to consider whether the real-time involvement of OIOS had unduly complicated and burdened the process of negotiating and concluding contracts, since the Procurement Division and the Office of Legal Affairs had to address the same concerns of OIOS, not only during contract negotiations but also after the contracts had been concluded. </s>
	  <s n="29"> OIOS notes that the Office of the Capital Master Plan took into account and implemented most of the recommendations that it issued during contract negotiations. </s>
	  <s n="30"> As indicated, OIOS used this method for reporting its observations to ensure that they were considered as soon as possible. </s>
	  <s n="31"> It will, however, attempt to simplify the reporting procedure, in coordination with the Office of the Capital Master Plan. </s>
	</p>
	<p n="18">
	  <s n="32"> Based on its review, OIOS concluded that the resources appropriated by the General Assembly for capital master plan activities were being utilized in accordance with the United Nations Financial Rules. </s>
	  <s n="33"> However, OIOS found that the United Nations documents related to construction contracts, such as requests for proposals, general and special conditions and procedures, needed to be strengthened in order for the capital master plan project to be implemented efficiently and economically. </s>
	  <s n="34"> The Office of Legal Affairs noted in this regard that it had developed a model draft construction contract for the construction phase of the plan and was seeking specialized outside legal advice with expertise in this area. </s>
	</p>
	<p n="19">
	  <s n="35"> Audit of the adequacy of standard United Nations documents and procedures for construction contracts </s>
	</p>
	<p n="20">
	  <s n="36"> The audit assessed whether the standard United Nations documents used in the procurement of construction-related services, including requests for proposals, contracts, general conditions, general requirements and special conditions, were adequate for capital master plan contracts. </s>
	  <s n="37"> In an audit report finalized in June 2004, OIOS concluded that current United Nations procedures for the procurement of construction-related services should be strengthened to accommodate the complexity and magnitude of the capital master plan project. </s>
	  <s n="38"> The Office of the Capital Master Plan agreed with OIOS and noted that the company which had been awarded the contract for programme management services (see para. </s>
	  <s n="39"> 9 below) will provide project management policies, procedures, guidelines and a manual. </s>
	</p>
	<p n="21">
	  <s n="40"> In its report, OIOS recommended that the Office of the Capital Master Plan, with the support of the Office of Legal Affairs and the Procurement Division, strengthen or include in contract documents provisions regarding subcontractor requirements and the pre-qualification process, payment terms, record-keeping requirements, demolition and scaffolding procedures, coordination of work with others and project close-out procedures. </s>
	  <s n="41"> OIOS also recommended that the Office of the Capital Master Plan use the host country industry standard procedure for evaluating the performance of contractors, which is more relevant for construction projects than the one used by the United Nations. </s>
	</p>
	<p n="22">
	  <s n="42"> The Office accepted most of the recommendations of OIOS for immediate implementation and provided satisfactory clarifications in regard to the few remaining ones, which OIOS withdrew. </s>
	  <s n="43"> OIOS is of the view that this exercise will contribute to strengthening construction contract documents, as well as contract execution and control procedures. </s>
	</p>
	<p n="23">
	  <s n="44"> Review of the request for proposal for programme management services </s>
	</p>
	<p n="24">
	  <s n="45"> In November 2003, the Office of the Capital Master Plan initiated a request for proposal for programme management services to assist in providing oversight and overall coordination of the design activities of the architectural and engineering firms. </s>
	  <s n="46"> Seven engineering and/or construction firms submitted proposals, and five of them were short-listed and were to provide their best and final offers. </s>
	  <s n="47"> The Office of the Capital Master Plan and the Procurement Division were reviewing these offers and finalizing the selection of a contractor. </s>
	  <s n="48"> OIOS attended the verbal presentations made by the seven firms, and suggested additional areas in which prospective vendors needed to demonstrate sufficient experience, such as programme management, construction management, refurbishment and preservation of artefacts. </s>
	  <s n="49"> OIOS also suggested that the Office of the Capital Master Plan consider a firm&apos;s resource availability and its knowledge of the major construction work in progress in the New York metropolitan area, which could affect the labour market during the refurbishment of United Nations Headquarters. </s>
	  <s n="50"> In addition, OIOS attended the presentations by the firms of their commercial proposals, and provided a critical analysis of the labour hours and prices that they submitted. </s>
	  <s n="51"> The Office of the Capital Master Plan took into account all of the recommendations made by OIOS. </s>
	</p>
	<p n="25">
	  <s n="52"> C. Review of the contracts for the design development phase of the capital master plan </s>
	</p>
	<p n="26">
	  <s n="53"> The United Nations entered into contracts A to F (see annex) with professional firms to provide design and engineering for the refurbishment work. </s>
	  <s n="54"> In its report to the General Assembly at its fifty-eighth session (A/58/342), OIOS concluded that the request for proposal for selecting architectural and engineering firms for the design development phase of the capital master plan had advanced satisfactorily and that there was reasonable assurance to indicate that the process had been transparent and fair and that internal controls were adequate. </s>
	  <s n="55"> In its recent review, OIOS focused on the contracting process following the receipt of vendor proposals and the development by the Office of the Capital Master Plan of monitoring procedures for general services under contracts A to F. </s>
	</p>
	<p n="27">
	  <s n="56"> The Office of the Capital Master Plan sought the views of OIOS regarding the use of unified contract language for all six contracts, with necessary variations in the scope of work of each. </s>
	  <s n="57"> OIOS supported the concept of the Office, which was based on a similar practice in the host country and in the construction industry in general. </s>
	  <s n="58"> OIOS reviewed the proposed unified draft contract language to ensure it provided adequate guarantees for the United Nations against any deficiencies in the design documents, and was satisfied as a result of its review. </s>
	  <s n="59"> The Office of Legal Affairs commented that it would recommend that the Organization follow host country practice when it is in the interests of the Organization to do so. </s>
	  <s n="60"> The Organization is not subject to the jurisdiction of the host country, but relies in its contracting on general principles of commercial law. </s>
	  <s n="61"> The Office of Legal Affairs expressed the view that each contract should be negotiated separately, with a view to concluding a contract that most fully protects the interests of the Organization. </s>
	  <s n="62"> OIOS acknowledges these comments, and wishes to point out that it also views host country practice as a useful reference in the case of the capital master plan, not as a mandatory requirement. </s>
	  <s n="63"> Also, OIOS is of the view that the use of unified contract language, while the most effective approach, would not prevent the Organization from negotiating each contract separately. </s>
	</p>
	<p n="28">
	  <s n="64"> OIOS provided several on-the-spot observations during the presentations by the professional firms of their plans of action to the Office of the Capital Master Plan. </s>
	  <s n="65"> In addition, it provided comments on the procedures developed by the latter for evaluating the general services provided under the contracts. </s>
	  <s n="66"> The comments and suggestions of OIOS were accepted and incorporated into the contracting documents and monitoring procedures, thereby strengthening them. </s>
	</p>
	<p n="29">
	  <s n="67"> Security strengthening project at United Nations Headquarters </s>
	</p>
	<p n="30">
	  <s n="68"> OIOS assessed whether the scope, drawings, specifications and cost estimates for the security strengthening project were developed and reviewed independently prior to the solicitation of bids in order to ensure the accuracy and completeness of the construction documents. </s>
	  <s n="69"> It is standard practice in the construction industry to perform such a review, known as a constructability review, and to address any issues identified by the reviewer before the issuance of a request for proposals. </s>
	  <s n="70"> OIOS has also completed a related in-depth review of the utilization and management of funds appropriated during the biennium 2002-2003 for the implementation of measures to strengthen the security and safety of United Nations premises, as mandated by the General Assembly in resolution 58/295 of 18 June 2004. </s>
	  <s n="71"> The results of that review are being reported separately to the General Assembly. </s>
	</p>
	<p n="31">
	  <s n="72"> The Office of the Capital Master Plan used the preliminary design documents prepared for the capital master plan security work for the security strengthening project, which provided a basis for the much larger security programme related to contract F (see annex). </s>
	  <s n="73"> However, OIOS observed that only a limited constructability review of the specifications document and drawings had been performed by the Office. </s>
	  <s n="74"> The constructability review identified the need to resolve several differences between the contract drawings and specifications, clarify ambiguous language, bring certain areas into compliance with the New York City electrical code, and achieve potential cost savings. </s>
	  <s n="75"> OIOS did not find evidence that the Office of the Capital Master Plan had subsequently addressed those issues before the request for proposal was issued. </s>
	  <s n="76"> The Office of the Capital Master Plan provided clarification, explaining that the constructability review also covered phasing for construction documents and a sequencing plan. </s>
	  <s n="77"> The comments contained therein were reflected in the final contract drawings, which were released to bidders at the end of June 2003. </s>
	  <s n="78"> Further adjustments were made to the contract drawings, in the form of amendments, in the light of the comments received from bidders in the course of their review of drawings. </s>
	</p>
	<p n="32">
	  <s n="79"> OIOS observed that the construction manager and contract administrator were not in place during the design phase of the security strengthening project to undertake a quality assurance review of the construction documents, including the scope report, cost estimates, specifications and drawings, and the value engineering report. </s>
	  <s n="80"> In its view, there was a risk that the construction documents may contain inconsistencies or inefficiencies, which in turn may create delays and cost overruns for the project. </s>
	  <s n="81"> OIOS will complete its review of the project&apos;s construction documents in the near future, and will report its findings and recommendations to the Office of the Capital Master Plan. </s>
	</p>
	<p n="33">
	  <s n="82"> OIOS reviewed the contractor selection process and recommended that the Office of the Capital Master Plan obtain background investigation reports on prospective contractors, subcontractors and consultants. </s>
	  <s n="83"> This suggestion was immediately implemented and resulted in the disallowance of one of the subcontractors. </s>
	  <s n="84"> OIOS also recommended the inclusion in requests for proposals of a requirement that contractors, subcontractors and consultants perform background investigations of employees who would work on United Nations projects, as is generally done in the host country construction industry and in government contracts. </s>
	  <s n="85"> The Office of Legal Affairs noted that this issue was addressed in article 3 of the United Nations General Conditions of Contract, the scope of which could actually be narrowed if the recommendation were implemented. </s>
	  <s n="86"> The Office of Legal Affairs stated that, in the light of the events of September 2001, if the Organization were to require such background investigations, the issue should be reviewed by the Security and Safety Service. </s>
	  <s n="87"> OIOS will continue to follow up this issue with the Department of Management and the Office of Legal Affairs. </s>
	  <s n="88"> Also, OIOS provided a number of comments on various articles of the project&apos;s draft construction contract. </s>
	  <s n="89"> Most of those comments were accepted and incorporated in the subsequent revision of the draft contract. </s>
	</p>
	<p n="34">
	  <s n="90"> OIOS reviewed the guarantees provided by the selected contractor for the performance of the contract and concluded that the interests of the United Nations were not adequately safeguarded because the Office of Central Support Services accepted lesser guarantees from the selected contractor than it usually did for construction-related contracts. </s>
	  <s n="91"> These guarantees only provided 17.5 per cent protection coverage for the $21.6 million project (or $3.8 million), which is significantly less than the United Nations standard requirement of 27.5 per cent which would have resulted in coverage of $5.9 million or the industry standard security coverage of 210 per cent, or $45.4 million. </s>
	  <s n="92"> Furthermore, the Office was of the view that the letter of credit which replaced the normal performance bond afforded the United Nations less protection against the contractor&apos;s poor performance. </s>
	  <s n="93"> The Office of Legal Affairs did not comment on the amounts of the guarantees provided but clarified that the letter of credit, as with a performance bond, should be irrevocable, its proceeds available without the need for arbitral or judicial proceedings, and the money delivered immediately by the issuer without objection or recourse. </s>
	  <s n="94"> The Department of Management stated that, like OIOS, it supported obtaining the highest guarantees but noted that the contracting process had reached a stalemate and not to have done anything would have been far more serious. </s>
	  <s n="95"> The Office of Legal Affairs and the Procurement Division had therefore identified a practical way forward which offered a measured degree of protection. </s>
	</p>
	<p n="35">
	  <s n="96"> Conclusion </s>
	</p>
	<p n="36">
	  <s n="97"> In the next reporting period, OIOS will concentrate on reviewing the implementation of architectural and engineering contracts. </s>
	  <s n="98"> The resources allotted to OIOS from the appropriation for the capital master plan during the current reporting period allowed for the recruitment of one auditor on a short-term basis. </s>
	  <s n="99"> This was not sufficient to provide the oversight coverage intended by the General Assembly in resolution 57/292. </s>
	  <s n="100"> OIOS had to assign another senior auditor to form the audit team exclusively responsible for the capital master plan. </s>
	  <s n="101"> Based on the projected activities of the plan to be carried out in 2005 and ensuing years until the end of the design development phase, OIOS expects that it will need to allocate at least 600 workdays to capital master plan audit activities. </s>
	  <s n="102"> This would require two full-time auditors experienced in construction audit and related issues, as well as the involvement of the management of OIOS and the Internal Audit Division. </s>
	  <s n="103"> The Department of Management commented that activities funded under the capital master plan would be fewer than originally planned owing to funding issues. </s>
	  <s n="104"> Regarding activities relating to the security and safety upgrades which are funded by the regular budget, internal audit funds are already provided under section 30, Internal oversight, of the regular budget. </s>
	  <s n="105"> OIOS notes the comment of the Department but wishes to stress that, alone, the current audit resources allocated to OIOS for the capital master plan are insufficient to provide adequate audit coverage. </s>
	  <s n="106"> OIOS therefore reiterates that oversight resources should be increased to provide for the services of two full-time auditors. </s>
	</p>
	<p n="37">
	  <s n="107"> (Signed) Dileep Nair </s>
	</p>
	<p n="38">
	  <s n="108"> Under-Secretary-General for Internal Oversight Services </s>
	</p>
	<p n="39">
	  <s n="109"> Annex </s>
	</p>
	<p n="40">
	  <s n="110"> Contracts for the capital master plan (design development, construction document and construction administration phase) and for the security strengthening project </s>
	</p>
	<p n="41">
	  <s n="111"> Note: </s>
	</p>
	<p n="42">
	  <s n="112"> Figures are in United States dollars. </s>
	</p>
	<p n="43">
	  <s n="113"> The request for proposal (RFPS 466) issued in February 2003 for the design development phase of the capital master plan was structured into six separate contract areas (contracts A to F). </s>
	</p>
	<p n="44">
	  <s n="114"> No payments were made relating to the contracts as at 30 June 2004. </s>
	</p>
	<p n="45">
	  <s n="115"> The amounts on contract D are those from the financial proposal of the engineering and architectural firm. </s>
	</p>
	</body>
</text>
</DOC>