<?xml version="1.0" encoding="UTF-8"?>
<DOC lang="English" n="N0445843" id="A/59/254" date="2004/08/11">
<text>
	<body>
	<p n="1">
	  <s n="1"> Fifty-ninth session </s>
	</p>
	<p n="2">
	  <s n="2"> Item 107 (a) of the provisional agenda* </s>
	</p>
	<p n="3">
	  <s n="3"> Human rights questions: implementation of human rights instruments </s>
	</p>
	<p n="4">
	  <s n="4"> Effective implementation of international instruments on human rights, including reporting obligations under international instruments on human rights </s>
	</p>
	<p n="5">
	  <s n="5"> Note by the Secretary-General </s>
	</p>
	<p n="6">
	  <s n="6"> The Secretary-General has the honour to submit to the General Assembly the report of the chairpersons of the human rights treaty bodies on their sixteenth meeting, held at Geneva from 23 to 25 June 2004, pursuant to General Assembly resolution 57/202 of 18 December 2002. </s>
	</p>
	<p n="7">
	  <s n="7"> Report of the chairpersons of the human rights treaty bodies on their sixteenth meeting </s>
	</p>
	<p n="8">
	  <s n="8"> Contents </s>
	</p>
	<p n="9">
	  <s n="9"> Introduction </s>
	</p>
	<p n="10">
	  <s n="10"> The sixteenth meeting of chairpersons of the human rights treaty bodies, convened pursuant to General Assembly resolution 49/178, was held at the Office of the High Commissioner for Human Rights (OHCHR) in Geneva from 23 to 25 June 2004. </s>
	  <s n="11"> The meeting was preceded by the third inter-committee meeting, held on 21 and 22 June 2004. </s>
	</p>
	<p n="11">
	  <s n="12"> Organization of the meeting </s>
	</p>
	<p n="12">
	  <s n="13"> The following chairpersons of human rights treaty bodies attended: Ms. Feride Acar, Chairperson of the Committee on the Elimination of Discrimination against Women (CEDAW); Mr. Abdelfattah Amor, Chairperson of the Human Rights Committee (HRC); Ms. Virginia Bonoan-Dandan, Chairperson of the Committee on Economic, Social and Cultural Rights (CESCR); Mr. Jakob E. Doek, Chairperson of the Committee on the Rights of the Child (CRC); Mr. Prasad Kariyawasam, Chairperson of the Committee on Migrant Workers (CMW); Mr. Fernando Mariño Menendez, Chairperson of the Committee against Torture (CAT); and Mr. Mario Jorge Yutzis, Chairperson of the Committee on the Elimination of Racial Discrimination (CERD). </s>
	</p>
	<p n="13">
	  <s n="14"> The meeting was opened by Mr. Doek, the Chairperson of the fifteenth meeting of chairpersons, on 23 June 2004. </s>
	</p>
	<p n="14">
	  <s n="15"> Mr. Kariyawasam was elected Chairperson-Rapporteur of the meeting, and Mr. Mariño Vice-Chairperson. </s>
	  <s n="16"> The chairpersons adopted the proposed agenda (HRI/MC/2004/1) and programme of work. </s>
	</p>
	<p n="15">
	  <s n="17"> Streamlining of working methods: review of recent developments relating to the work of the treaty bodies </s>
	</p>
	<p n="16">
	  <s n="18"> Mr. Kariyawasam, in his capacity as CMW Chairperson, outlined the results of the first session of his Committee which had met in Geneva from 1 to 5 March 2004. </s>
	  <s n="19"> The International Convention on the Protection of the Rights of All Migrant Workers and Members of Their Families entered into force on 1 July 2003, and had 25 States parties, most of which could be classified as “sending countries”. </s>
	  <s n="20"> Twenty-three States parties were required to submit their initial reports by July 2004 but, in light of the efforts to streamline working methods and harmonize the reporting guidelines of treaty bodies, the Committee had deferred adoption of reporting guidelines until after the third inter-committee meeting while at the same time stressing that States were not released from their reporting obligations. </s>
	  <s n="21"> The Committee had adopted provisional rules of procedure, and decided that the members should adopt, informally, an advocacy role to promote ratification of the Convention. </s>
	  <s n="22"> The Chairperson requested the support and assistance of the other treaty bodies in this respect. </s>
	</p>
	<p n="17">
	  <s n="23"> Ms. Acar provided information on the informal meeting of CEDAW, convened in Utrecht, the Netherlands, in May 2004, with the support of the Netherlands Institute of Human Rights, to discuss working methods. </s>
	  <s n="24"> She noted that the Committee&apos;s success in encouraging reporting by the Convention&apos;s 177 States parties, especially by States whose reports had been long overdue, had resulted in a backlog of unconsidered reports. </s>
	  <s n="25"> The Committee&apos;s workload had further increased as it began receiving its first individual communications under the Convention&apos;s Optional Protocol, which also set up an inquiry procedure. </s>
	  <s n="26"> The Convention provided that the Committee would meet for two annual sessions of two weeks only, although its sessions currently extended to three weeks pursuant to a General Assembly resolution of 1996. </s>
	  <s n="27"> The informal meeting considered ways of addressing the workload, including the option of meeting in parallel groups. </s>
	  <s n="28"> While no consensus had been reached, the Committee decided to request the General Assembly to provide an additional week of meeting time for its July 2005 and two 2006 sessions, and that, as from 2007, it should meet in three annual sessions of three weeks, each preceded by a one-week pre-sessional working group. </s>
	  <s n="29"> The meeting approved amendments to working methods, including standardized treatment of initial and periodic reports, with all reports being considered in two meetings instead of three, after the pre-sessional working group had drawn up lists of issues for the States. </s>
	  <s n="30"> The role of the country rapporteurs would be strengthened: in addition to taking the lead in identifying issues to be reflected in concluding comments, they would have responsibility to brief the Committee on both initial and periodic reports. </s>
	  <s n="31"> The idea of a country task force to lead the dialogue with States had been welcomed in principle and would be tested at the next session. </s>
	  <s n="32"> Consideration in the absence of a report of States parties with long-overdue reports was approved as a measure of last resort, and the Secretariat was asked to provide the Committee with a list of States with long-overdue reports to be considered for this procedure. </s>
	  <s n="33"> The decisions of the meeting would be formally adopted at the next Committee session in July 2004. </s>
	</p>
	<p n="18">
	  <s n="34"> Mr. Doek drew attention to the decision by CRC to meet in two parallel chambers, noting that the Committee gave the highest priority to the constructive dialogue with States and follow-up to its concluding observations. </s>
	  <s n="35"> There was a two-year backlog of reports awaiting consideration, which Mr. Doek considered threatened the credibility of the treaty monitoring system and tacitly invited non-reporting, and the second periodic reports of approximately 100 States were overdue (10-20 of them for more than five years). </s>
	  <s n="36"> Reports on the implementation of the two Optional Protocols to the Convention would soon be submitted by States parties, adding to the workload. </s>
	  <s n="37"> In the light of its workload, the Committee had no capacity to implement additional procedures to follow-up on concluding observations. </s>
	  <s n="38"> The two-chambers proposal, which would allow the Committee to increase its working capacity without increasing the number of annual sessions, would be considered by the General Assembly at its fifty-ninth session. </s>
	  <s n="39"> It was hoped that further workshops would build on the success of the regional workshop on the implementation of the concluding observations of the Committee held in Damascus in December 2003. </s>
	  <s n="40"> Mr. Doek reported that he, another member of the Committee and its Secretary had visited the Democratic People&apos;s Republic of Korea in April 2004, immediately before the consideration of the report of that State, and similar missions were planned. </s>
	</p>
	<p n="19">
	  <s n="41"> Mr. Mariño stated that CAT had requested that its autumn session be extended by one week. </s>
	  <s n="42"> Procedures to encourage reporting had been adopted in view of the high number of overdue initial reports, and some States had submitted reports following the Committee&apos;s requests. </s>
	  <s n="43"> Implementation in States that persistently failed to report would be considered in the absence of a report. </s>
	  <s n="44"> The Committee planned to formulate general comments and hold thematic debates on issues related to torture and inhuman treatment in which members of other Committees could be invited to participate. </s>
	  <s n="45"> An exchange of views with members of other committees on the interpretation of provisions of the Convention in the light of the other human rights treaties and other international standards would also be encouraged. </s>
	</p>
	<p n="20">
	  <s n="46"> Mr. Yutzis noted that CERD faced obstacles similar to those faced by the other treaty bodies, especially with regard to non-reporting. </s>
	  <s n="47"> Of the backlog of reports overdue, one third had been overdue for more than five years and six reports were more than 20 years overdue. </s>
	  <s n="48"> The “review procedure” (under which a country is considered in the absence of its report) had motivated several States parties to produce reports. </s>
	  <s n="49"> The explicit appeal to States to make a declaration under article 14 accepting the Committee&apos;s competence to receive communications and to remove reservations to the Convention, made in the Durban Programme of Action (A/CONF.189/12, Chap. </s>
	  <s n="50"> I, Programme of Action, para. </s>
	  <s n="51"> 75) had attracted little response: only 45 of the Convention&apos;s 136 States parties had accepted article 14. </s>
	  <s n="52"> In the context of early warning and prevention, Mr. Yutzis suggested that the treaty bodies should develop forward-looking mechanisms to assist each other in detecting and alerting others to potential conflicts. </s>
	  <s n="53"> He also encouraged members of other treaty bodies to participate in thematic debates as they often concerned issues which cut across the different treaties. </s>
	</p>
	<p n="21">
	  <s n="54"> Ms. Bonoan-Dandan noted that CESCR had implemented the practice of drafting lists of issues since 1991, with country rapporteurs drafting the initial list which was revised and adopted during the pre-sessional working group. </s>
	  <s n="55"> Lists of issues included a note to the State party stating that the list was not exhaustive and that other issues might be raised, and requesting that written replies be submitted in time to allow for translation. </s>
	  <s n="56"> The Committee had limited the number of questions for initial and periodic reports so as not to overburden States. </s>
	  <s n="57"> The problem of delegations that failed to attend sessions at which their reports were scheduled for consideration was highlighted, as was the Committee&apos;s policy of not granting last-minute requests for postponement of consideration of reports and considering the report in the absence of a delegation, since last-minute postponement disrupted the Committee&apos;s work. </s>
	  <s n="58"> The Committee had well-developed procedures to allow for participation by non-governmental organizations (NGOs): since 1993 NGOs had met with the Committee in an open meeting with interpretation on the first afternoon of each session and the Committee had issued guidelines on the nature of the input from NGOs. </s>
	  <s n="59"> The Committee&apos;s cooperation with the United Nations Educational, Scientific and Cultural Organization (UNESCO) within the Joint Expert Group (JEG) on the right to education was developing: the group had met twice, and members of the Committee on Conventions and Recommendations of the UNESCO Executive Board had observed CESCR at work. </s>
	  <s n="60"> The Committee was also exploring the possibility of establishing a JEG on labour rights with another specialized agency. </s>
	  <s n="61"> A general discussion on article 6 (right to work) had been held and a general comment was being drafted. </s>
	  <s n="62"> The draft general comment on article 3 (equality between men and women) would be adopted in the autumn. </s>
	</p>
	<p n="22">
	  <s n="63"> Mr. Amor stated that the procedures of HRC to deal with non-reporting had proven satisfactory with the Committee considering the human rights situation in non-reporting States in the absence of a report or delegation. </s>
	  <s n="64"> Country task forces, which took the lead in the examination of individual State party&apos;s reports, ensured the effective use of time. </s>
	  <s n="65"> The quantity of individual communications received by the Committee had obvious implications for its workload and members were concerned that, whilst criticizing States that were late in reporting, the Committee itself was tardy. </s>
	  <s n="66"> Mr. Amor underlined the important role played by the treaty bodies in the development of jurisprudence, drawing attention to the Committee&apos;s general comment No. 31 (2004) on the nature of the general legal obligation imposed on States parties to the Covenant. </s>
	</p>
	<p n="23">
	  <s n="67"> Mr. Doek noted that the jurisprudence of CRC was relatively unknown and underused. </s>
	  <s n="68"> The clear congruence that existed between many of the provisions of the treaties meant that the jurisprudence of each treaty body should be taken into account by other treaty bodies, as well as other bodies, and the Secretariat was urged to introduce measures to make the corpus of jurisprudence, and related commentaries, readily available. </s>
	</p>
	<p n="24">
	  <s n="69"> Dialogue with members of the African Commission on Human and Peoples&apos; Rights </s>
	</p>
	<p n="25">
	  <s n="70"> The Chairperson welcomed members of the African Commission on Human and Peoples&apos; Rights, who attended the meeting as observers. </s>
	  <s n="71"> Commissioner Rezag-Bara introduced the African system for the protection of human rights, based on the 1981 African Charter ratified by all 53 African States without reservation. </s>
	  <s n="72"> The activities of the Commission were similar to those of the treaty bodies, and included the consideration of States parties&apos; reports and individual communications. </s>
	  <s n="73"> The Commission was considering procedures to follow-up their recommendations at the national level and had created a number of special rapporteurs on human rights defenders, detention, women&apos;s rights, refugees and displaced persons and a working group on indigenous persons. </s>
	  <s n="74"> Thirty States in the region had national human rights institutions and the Commission had developed close links with these bodies, while 300 NGOs had observer status with the Commission. </s>
	  <s n="75"> The Protocol creating an African Court on Human and Peoples&apos; Rights had entered into force on 24 January 2004, and the Court, whose work would be complementary to that of the Commission, was currently being established. </s>
	  <s n="76"> Commissioner Rezag-Bara drew attention to a number of other African initiatives, including the New Partnership for Africa&apos;s Development (NEPAD) initiative that sets up a system of voluntary peer review. </s>
	</p>
	<p n="26">
	  <s n="77"> The chairpersons underlined the importance of regional mechanisms for the promotion and protection of human rights, regretting that such a system did not exist in Asia, emphasized the value of cooperation with other regional bodies and systems and looked forward to further exchanges with the African Commission. </s>
	  <s n="78"> They agreed that a letter expressing gratitude for the attendance of the commissioners and supporting the work of the Commission would be transmitted to the Commission by the chairpersons. </s>
	</p>
	<p n="27">
	  <s n="79"> Cooperation with the specialized agencies and United Nations departments, funds and programmes </s>
	</p>
	<p n="28">
	  <s n="80"> The representative of the United Nations Children&apos;s Fund (UNICEF) welcomed efforts to enhance the treaty bodies&apos; work, noting that the draft harmonized reporting guidelines were a good starting point. </s>
	  <s n="81"> The value of identifying commonalities among the treaties was highlighted, but it was noted that a focus on children was critical, and child-specific elements of the general information requested in the core document should not be lost. </s>
	  <s n="82"> The strength of reporting lay in the processes involved in the preparation of reports, which brought together different partners, an element that should not be lost in the revised reporting system. </s>
	  <s n="83"> The value of input to treaty bodies from the country level, as opposed to headquarters level, could not be overstated. </s>
	</p>
	<p n="29">
	  <s n="84"> The representative of the International Labour Organization (ILO) emphasized its interaction with most of the treaty bodies and looked forward to close collaboration with the CMW, particularly as the recently concluded International Labour Conference had a general discussion on migration and employment. </s>
	  <s n="85"> There was mutual interest in making the process of collaboration with the treaty bodies efficient and productive. </s>
	  <s n="86"> The ILO Committee of Experts had collaborated with CESCR on the draft general comment on the right to work, and would continue to provide written input to treaty bodies where their work intersected with that of ILO. </s>
	  <s n="87"> However, specialized agencies needed to be sure that their participation was mutually beneficial and further reflection was required on ways of rights-based programming for development within the context of action 2 of the report of the Secretary-General (A/57/387 and Corr.1), which aimed at strengthening United Nations human rights-related actions at the country level. </s>
	</p>
	<p n="30">
	  <s n="88"> The representative of the Office of the United Nations High Commission for Refugees (UNHCR), highlighting the multifaceted linkages between refugee issues and human rights, noted that the Executive Committee of the UNHCR had recently strengthened its normative framework for cooperation (conclusion No. 95 (LIV)). </s>
	  <s n="89"> He welcomed cooperation on drafting general comments and participation in thematic debates. </s>
	  <s n="90"> He observed that a number of issues raised by UNHCR, in particular the challenge of consistency in the examination of reports, had been taken up by treaty bodies and called for further efforts to harmonize working methods. </s>
	  <s n="91"> The decision that each committee would appoint a focal point for cooperation with United Nations entities was welcomed. </s>
	  <s n="92"> He supported the approach of the draft reporting guidelines, stressed the need for complementary guidelines on the treaty-specific documents and looked forward to close involvement in their further development. </s>
	  <s n="93"> The activities to implement action 2 were strongly supported. </s>
	</p>
	<p n="31">
	  <s n="94"> The representative of the Department of Public Information of the secretariat noted that, despite public interest in human rights issues, there were few editorials on the work of the committees and coverage was limited and often superficial, in particular in the local press. </s>
	  <s n="95"> Dissemination of information was faster, but problems of substance remained, and there were limited funds for coverage of human rights. </s>
	  <s n="96"> She suggested the adoption of a promotional approach to cover major issues of concern so as foster awareness of the work of the committees in the international community. </s>
	  <s n="97"> She welcomed the decision of the third inter-committee meeting that treaty bodies appoint a liaison point with the Department to ensure the accuracy of press releases and that these should bear a disclaimer. </s>
	</p>
	<p n="32">
	  <s n="98"> The representative of the International Organization for Migration (IOM) noted the common aims of CMW and IOM in promoting the rights of migrants and highlighted the role of IOM in advocating ratification of the Convention. </s>
	  <s n="99"> She also emphasized the commitment of IOM to working with other treaty bodies on migration issues. </s>
	</p>
	<p n="33">
	  <s n="100"> The representative of UNESCO noted that the core mandate of her organization, “Education for All”, complemented the work of many of the treaty bodies and committed UNESCO to enhanced cooperation. </s>
	  <s n="101"> She noted that the draft convention on cultural diversity currently under consideration and the UNESCO strategy on human rights and gender equality was being finalized. </s>
	</p>
	<p n="34">
	  <s n="102"> The representative of the World Health Organization (WHO) introduced the Organization&apos;s efforts to support its member States in reporting and implementing concluding observations relevant to health. </s>
	  <s n="103"> Such efforts include capacity-building of multi-stakeholders at regional and country level. </s>
	  <s n="104"> The structure of the guidelines for the core document was satisfactory, but common principles such as non-discrimination should also be considered with regard to each treaty provision. </s>
	  <s n="105"> Harmonization of the working methods of the committees was crucial, including standardizing terminology relating to the technical elements of their work and consistent follow-up of concluding observations among the committees. </s>
	  <s n="106"> Further coordination among various national stakeholders should be encouraged. </s>
	</p>
	<p n="35">
	  <s n="107"> The Secretary-General of the Inter-Parliamentary Union (IPU), Mr. Anders Johnsson, provided examples of parliamentary hearings which reviewed Governments&apos; submissions to treaty bodies, and called for greater cooperation between parliaments and the committees. </s>
	  <s n="108"> IPU encouraged parliaments to work for the implementation of treaty body recommendations. </s>
	  <s n="109"> The number of parliamentary committees with a human rights mandate had increased in recent years, and IPU had invited the chairpersons of these committees to Geneva during the sixtieth session of the Commission on Human Rights. </s>
	  <s n="110"> A handbook for parliamentarians on human rights mechanisms was being prepared and other handbooks, including one on CEDAW and its Optional Protocol, had been published. </s>
	  <s n="111"> The IPU Committee on the Human Rights of Parliamentarians had dealt with over 1,000 cases of violations of the rights of parliamentarians in the 30 years since its establishment. </s>
	</p>
	<p n="36">
	  <s n="112"> The chairpersons emphasized the important linkages and the complementarity between the work of the treaty bodies and United Nations entities and other bodies. </s>
	  <s n="113"> They also underlined the importance of training the staff of United Nations entities in the treaty body system, as well as involving parliamentarians in the reporting process and follow-up to concluding observations. </s>
	</p>
	<p n="37">
	  <s n="114"> Cooperation with the Commission on Human Rights and the Sub-Commission on the Promotion and Protection of Human Rights </s>
	</p>
	<p n="38">
	  <s n="115"> On 24 June 2004, the chairpersons met with the Expanded Bureau of the sixtieth session of the Commission and with a representative of the Chairperson of the fifty-fifth session of the Sub-Commission on the Promotion and Protection of Human Rights, Mr. Paulo Sergio Pinheiro. </s>
	</p>
	<p n="39">
	  <s n="116"> The Chairperson, Ambassador Mike Smith, welcomed the opportunity to engage in a dialogue with the treaty bodies and acknowledged their increasing importance, and their efforts to improve their working methods. </s>
	  <s n="117"> He affirmed the need to enhance communication and cooperation with the respective committees and noted that the chairpersons had been invited to address the sixtieth session of the Commission, although only three had been able to attend. </s>
	  <s n="118"> He summarized the main achievements of the sixtieth session and, in particular, the adoption of resolution 2004/78 on the effective implementation of international instruments on human rights. </s>
	</p>
	<p n="40">
	  <s n="119"> Mr. Pinheiro described the outcome of the fifty-fifth session of the Sub-Commission, highlighting the appointment of new special rapporteurs and the identification of new subjects for investigation, and suggested possible ways of enhancing the interaction between the treaty bodies and the Sub-Commission, inter alia through joint discussions with the treaty bodies on issues of common concern during the annual sessions of the Sub-Commission. </s>
	</p>
	<p n="41">
	  <s n="120"> In the ensuing discussion, the chairpersons and members of the Expanded Bureau addressed time management at the Commission, in particular the time allocated for statements made by the chairpersons. </s>
	  <s n="121"> They underlined the need for the Commission to take into account the work of the treaty bodies so as to follow the progressive development of international human rights law, and suggested that informal dialogues between the Commission and the treaty bodies, as well as additional side events either for all or for specific treaty bodies, be convened. </s>
	</p>
	<p n="42">
	  <s n="122"> Sixth joint meeting of the chairpersons of the human rights treaty bodies and special procedures mandate holders </s>
	</p>
	<p n="43">
	  <s n="123"> On 23 June, the chairpersons held their sixth joint meeting, co-chaired by Mr. Theo van Boven (Chairperson of the meeting of special rapporteurs/ representatives, experts and chairpersons of working groups of the special procedures of the Commission of Human Rights) and Mr. Prasad Kariyawasam (Chairperson of the meeting of the chairpersons of the human rights treaty bodies), with the special procedures mandate-holders. </s>
	</p>
	<p n="44">
	  <s n="124"> For the first time, the joint meeting met with the Chairperson of the Board of the Voluntary Fund for Technical Cooperation in the Field of Human Rights, Mr. Thomas Hammarberg, who indicated that assistance provided by the Fund could be used to encourage States to ratify treaties, to assist them to report and to implement substantive obligations at the national level. </s>
	  <s n="125"> This was in line with the recommendations of the global review of the OHCHR technical cooperation programme, which suggested better coordination among the different fields of work carried out by OHCHR (i.e. technical cooperation, treaty bodies and special procedures). </s>
	  <s n="126"> The Board considered that better communication of treaty body recommendations to the national level, country visits (especially for the follow-up of treaty body recommendations), and deepening the engagement of civil society (including NGOs and national human rights institutions) and specialized agencies in the reporting process and national implementation of the treaties were also priority concerns. </s>
	</p>
	<p n="45">
	  <s n="127"> The practice of treaty bodies&apos; suggesting, in their concluding observations, that States should seek technical assistance when implementing their treaty obligations and the committees&apos; recommendations was welcomed, although it was suggested that the impact of such recommendations should be assessed. </s>
	  <s n="128"> Mr. Hammarberg underlined the importance of creating opportunities for treaty body members to interact with United Nations field presences, as that would assist treaty bodies to formulate recommendations in a way that was understood by donors and allowed field presences to encourage their implementation. </s>
	</p>
	<p n="46">
	  <s n="129"> Chairpersons and special procedures mandate-holders encouraged the Chairperson of the Board of the Voluntary Fund to continue discussions in order to deepen their cooperation. </s>
	  <s n="130"> Special mention was made of the potential for cooperation between the Board of the Fund and CMW in efforts to encourage ratification. </s>
	</p>
	<p n="47">
	  <s n="131"> The joint meeting also took up the thematic issue of the impact of counter-terrorism measures on human rights. </s>
	  <s n="132"> The Secretariat drew attention to the study requested by the General Assembly its resolution 58/187 on the extent to which the human rights special procedures and treaty monitoring bodies were able, within their existing mandates, to address the compatibility of national counter-terrorism measures with international human rights obligations. </s>
	  <s n="133"> It was also noted that at its sixtieth session the Commission had decided to appoint an independent expert to examine the question of the protection of human rights and fundamental freedoms while countering terrorism, and that the 2003 “Digest of Jurisprudence of the United Nations and Regional Organization on the Protection of Human Rights while Countering Terrorism” was being updated. </s>
	</p>
	<p n="48">
	  <s n="134"> Several participants pointed out that counter-terrorism measures had far-reaching consequences for the work of most of the mandates present (both treaty bodies and special procedures mandate-holders). </s>
	  <s n="135"> The study should identify those areas where collaborative reporting could be undertaken and propose comprehensive solutions (at country and at regional level) to include both the work of the treaty bodies and special procedures-mandate-holders. </s>
	</p>
	<p n="49">
	  <s n="136"> The panoply of national and international human rights norms and standards should not be disregarded when addressing this issue. </s>
	  <s n="137"> In particular, general comments No. 29 and No. 31 of the Human Rights Committee offered guidelines on the principle of proportionality and non-derogable rights. </s>
	  <s n="138"> The non-derogable nature of the prohibition of torture and the principle of non-refoulement to a State where there were substantial grounds for believing that a person would be in danger of being subjected to torture were also highlighted. </s>
	</p>
	<p n="50">
	  <s n="139"> The impact of counter-terrorism measures on vulnerable groups (such as children or migrants) required further consideration, in particular with regard to the enjoyment of their economic, social and cultural rights. </s>
	  <s n="140"> Concern was also expressed with regard to the legitimization of discrimination vis-à-vis certain groups, in particular within the penal justice system. </s>
	  <s n="141"> The use of anti-terrorism measures to suppress democracy movements or to justify human rights violations was condemned, as was the emerging practice of equating struggles for self-determination with terrorism. </s>
	</p>
	<p n="51">
	  <s n="142"> It was recommended that treaty bodies and special procedures cooperate on this issue. </s>
	  <s n="143"> Treaty bodies should continue to address the theme in their concluding observations and general comments, as well as in considering relevant individual communications. </s>
	  <s n="144"> They should also deepen their collaboration with the Counter-Terrorism Committee. </s>
	</p>
	<p n="52">
	  <s n="145"> Informal consultations with States parties </s>
	</p>
	<p n="53">
	  <s n="146"> The sixteenth meeting of chairpersons held informal consultations with States on 24 June. </s>
	  <s n="147"> Seventy-seven States participated in this meeting, as well as observers from the African Union and the European Commission. </s>
	  <s n="148"> States welcomed the opportunity to provide input into the process of streamlining and harmonizing the working methods of the treaty bodies and reporting requirements. </s>
	  <s n="149"> Although noting that it was for the treaty bodies themselves to lead the process, they encouraged further consultations as it developed. </s>
	</p>
	<p n="54">
	  <s n="150"> The process of streamlining and harmonizing the working methods of the treaty bodies should strengthen and modernize the committees, but should not dilute their crucial role in the protection and promotion of human rights. </s>
	  <s n="151"> States recognized the treaty bodies as the cornerstones of the human rights machinery, evidenced by the unanimous adoption by the Commission of resolution 2004/78, which should be used as a tool and reference point. </s>
	  <s n="152"> In this context, the importance of treaty body activities being funded from the regular budget was stressed. </s>
	  <s n="153"> The meetings of chairpersons and the inter-committee meetings were now regarded as an integral part of the human rights agenda and as forums for the treaty bodies to share best practices and increase cooperation. </s>
	</p>
	<p n="55">
	  <s n="154"> Most States endorsed the draft reporting guidelines, considering them a good basis for continued efforts to streamline the functioning of the treaty bodies. </s>
	  <s n="155"> The holistic approach to human rights reflected in the document could ensure coherence and closer cooperation across the treaty body system and avoid duplication and conflicting interpretations of human rights provisions. </s>
	  <s n="156"> Such an approach would also assist in mainstreaming human rights across the United Nations system. </s>
	  <s n="157"> It was important, however, to ensure that the specificity of the individual treaties was not diluted. </s>
	  <s n="158"> Certain areas required clarification, including the length of the reporting cycle (and the period of validity of the core document) and the time-frame for the adoption of the guidelines for both the common core document and the treaty-specific documents. </s>
	  <s n="159"> The particular situation of federal States should also be addressed. </s>
	  <s n="160"> Concern was expressed as to the important organizational challenge, and possible burden, for States in preparing the common core document, especially with regard to data compilation. </s>
	  <s n="161"> It was observed that some data and information requested by the guidelines might fall outside the human rights field, and reservations were expressed regarding the term “indicators”. </s>
	  <s n="162"> A practical simplified approach to reporting which did not add to the burden on States parties was called for and the importance of conducting a pilot study, particularly in developing countries, was underlined. </s>
	</p>
	<p n="56">
	  <s n="163"> One State outlined a project currently under way to establish a “joint reporting system”, for which an extended database was being crafted, with a view to producing reports through database technologies. </s>
	  <s n="164"> A matrix to assist in collecting information was being prepared and would be provided to the Secretariat in autumn 2004. </s>
	  <s n="165"> This State was also considering establishing a standing working committee to synchronize the preparation of reports. </s>
	</p>
	<p n="57">
	  <s n="166"> With regard to working methods, States called on those committees which had not yet adopted follow-up procedures or introduced pre-sessional working groups to do so. </s>
	  <s n="167"> Lists of issues were regarded as a means of focusing the preparation of delegations for the constructive dialogue with the committees. </s>
	  <s n="168"> Being provided with all of the materials submitted to the committees (such as reports from NGOs and specialized agencies) would also assist States. </s>
	  <s n="169"> It was noted that consistency in working methods across treaty bodies would lead to better results, and that treaty bodies should consider ways of making constructive dialogue with States parties more interactive. </s>
	  <s n="170"> The practice of annexing the comments of States parties to the concluding observations of committees was welcomed by one State. </s>
	</p>
	<p n="58">
	  <s n="171"> The accuracy of press releases was a concern of several States, and chairpersons recalled the recommendation of the third inter-committee meeting by which all press releases should include a disclaimer stating that they did not constitute official records and which called upon all committees to appoint a focal point to ensure that they reflected the concluding observations. </s>
	  <s n="172"> A maximum time period for treaty body mandate-holders was also proposed in order to ensure continuous renewal and development of treaty bodies. </s>
	  <s n="173"> The approach of treaty bodies to reservations was raised by one State, while another underlined the importance of treaty bodies&apos; providing input into the working group on the effective implementation of the Durban Declaration and Programme of Action. </s>
	</p>
	<p n="59">
	  <s n="174"> States encouraged treaty bodies to make their recommendations as concrete and detailed as possible in order for them to be of greater use to States, as well as to be able to be fed into the plans of action of United Nations country teams. </s>
	  <s n="175"> Technical cooperation should be more readily available for States wishing to prepare reports or which request assistance for the follow-up to concluding observations. </s>
	  <s n="176"> In this context, the growing practice of convening regional and subregional workshops to follow up concluding observations was welcomed. </s>
	  <s n="177"> The potential for using new technologies to facilitate reporting was also raised. </s>
	</p>
	<p n="60">
	  <s n="178"> States were sensitive to the challenges being faced by the treaty bodies, in particular in such areas as non-reporting and the backlogs being experienced by some treaty bodies. </s>
	  <s n="179"> Creative and flexible thinking on how to reduce this backlog, such as the proposal that the Committee on the Rights of the Child sit in two chambers, was welcomed by several States. </s>
	</p>
	<p n="61">
	  <s n="180"> Decisions and recommendations </s>
	</p>
	<p n="62">
	  <s n="181"> Adoption of the points of agreement of the inter-committee meeting </s>
	</p>
	<p n="63">
	  <s n="182"> The sixteenth meeting of chairpersons endorsed the points of agreement concluded at the third inter-committee meeting (annex, sect. </s>
	  <s n="183"> The chairpersons called upon the human rights treaty bodies to follow up on those recommendations and to report on their implementation at the seventeenth meeting in 2005. </s>
	</p>
	<p n="64">
	  <s n="184"> Technical cooperation </s>
	</p>
	<p n="65">
	  <s n="185"> The chairpersons called for greater opportunities for interaction with the Board of Trustees of the United Nations Voluntary Fund for Technical Cooperation in the Field of Human Rights. </s>
	</p>
	<p n="66">
	  <s n="186"> C. The chairpersons requested that the Secretariat review the impact of recommendations of the treaty bodies in their concluding observations/ comments calling for States to consider requesting technical assistance with respect to certain areas, in particular those relating to the preparation of reports required by the human rights treaties. </s>
	</p>
	<p n="67">
	  <s n="187"> Jurisprudence of treaty bodies </s>
	</p>
	<p n="68">
	  <s n="188"> The chairpersons requested the Secretariat to consider means of presenting the corpus of treaty body jurisprudence in an accessible way, along with commentaries, to allow it to be used more effectively by all treaty bodies and others. </s>
	</p>
	<p n="69">
	  <s n="189"> Cooperation with special procedures mandate-holders </s>
	</p>
	<p n="70">
	  <s n="190"> E. The chairpersons, reiterating the inter-committee meeting (annex, para. </s>
	  <s n="191"> 49), recommended that funds be made available to support the interaction of special procedures mandate-holders with the treaty bodies, including through attendance at sessions of treaty bodies. </s>
	</p>
	<p n="71">
	  <s n="192"> Cooperation with field presences </s>
	</p>
	<p n="72">
	  <s n="193"> The chairpersons recommended that consideration be given to providing a forum for representatives of OHCHR field presences to meet with the treaty bodies. </s>
	</p>
	<p n="73">
	  <s n="194"> Cooperation with United Nations agencies and other entities </s>
	</p>
	<p n="74">
	  <s n="195"> The chairpersons recommended that more time be allocated at the next meeting of chairpersons for dialogue with specialized agencies and other entities, in particular the Inter-Parliamentary Union, and that the discussions focus on best practices, difficulties and problems in the implementation of the concluding observations/comments, and ratification strategies. </s>
	</p>
	<p n="75">
	  <s n="196"> H. The chairpersons recommended that United Nations country teams be encouraged to submit integrated country-specific input to the treaty bodies relating to the States whose reports are scheduled for consideration. </s>
	</p>
	<p n="76">
	  <s n="197"> The chairpersons recommended that the United Nations partners work with States parties through technical cooperation programmes to improve the quality of reporting systems at the country level. </s>
	</p>
	<p n="77">
	  <s n="198"> Cooperation with the African Commission on Human and Peoples&apos; Rights </s>
	</p>
	<p n="78">
	  <s n="199"> J. The chairpersons decided that a letter expressing support for the work of the African Commission on Human and Peoples&apos; Rights and gratitude for the attendance of the commissioners would be transmitted to the Commission by the chairperson of the meeting on behalf of the chairpersons. </s>
	</p>
	<p n="79">
	  <s n="200"> Cooperation with the Commission on Human Rights </s>
	</p>
	<p n="80">
	  <s n="201"> Noting the point of agreement of the inter-committee meeting (annex, para. </s>
	  <s n="202"> 48), the chairpersons recommended that further discussions be held with the Expanded Bureau of the Commission on Human Rights on modalities for constructive and interactive dialogue with the chairpersons of the human rights treaty bodies during the sixty-first session of the Commission. </s>
	  <s n="203"> It entrusted its Chairperson to discuss this matter with the Expanded Bureau of the Commission in the course of the year. </s>
	</p>
	<p n="81">
	  <s n="204"> NGO participation </s>
	</p>
	<p n="82">
	  <s n="205"> The chairpersons recommended that modalities for NGO participation in the work of the treaty bodies be considered at its next meeting and requested the Secretariat to prepare a background report on the practices of treaty bodies in this regard. </s>
	</p>
	<p n="83">
	  <s n="206"> Ratification of the International Convention on the Protection of the Rights of All Migrant Workers and Members of Their Families </s>
	</p>
	<p n="84">
	  <s n="207"> The chairpersons recommended that all treaty bodies actively promote ratification of the International Convention on the Protection of the Rights of All Migrant Workers and Members of Their Families by States parties. </s>
	</p>
	<p n="85">
	  <s n="208"> Participation in the inter-committee meeting </s>
	</p>
	<p n="86">
	  <s n="209"> The chairpersons recommended that the treaty bodies nominate participants in the inter-committee meeting with due consideration for continuity in participation. </s>
	</p>
	<p n="87">
	  <s n="210"> Request for postponement of consideration of reports by States parties </s>
	</p>
	<p n="88">
	  <s n="211"> The chairpersons decided to include an item on the agenda of its next session on the approach to be taken by treaty bodies when States parties submit a last-minute request for postponement of the consideration of their reports, as well as when delegations do not attend to present reports as scheduled. </s>
	</p>
	<p n="89">
	  <s n="212"> Organization of future meetings </s>
	</p>
	<p n="90">
	  <s n="213"> P. The chairpersons decided that the agendas of the inter-committee meeting/meeting of chairpersons be prepared in an integrated way in consultation with the chairperson of the sixteenth meeting of chairpersons and be circulated to all chairpersons for comments. </s>
	</p>
	<p n="91">
	  <s n="214"> The chairpersons decided that the fourth inter-committee meeting would be convened for three days with the seventeenth meeting of chairpersons being convened for two days. </s>
	</p>
	<p n="92">
	  <s n="215"> Annex </s>
	</p>
	<p n="93">
	  <s n="216"> Report of the third inter-committee meeting of human rights treaty bodies </s>
	</p>
	<p n="94">
	  <s n="217"> (Geneva, 21 and 22 June 2004) </s>
	</p>
	<p n="95">
	  <s n="218"> Introduction </s>
	</p>
	<p n="96">
	  <s n="219"> The third inter-committee meeting of the human rights treaty bodies was held at the Office of the High Commissioner for Human Rights (OHCHR) in Geneva on 21 and 22 June 2004, pursuant to the recommendation of the fifteenth meeting of the chairperson of the human rights treaty bodies that the inter-committee meeting should be convened annually, immediately prior to the annual meeting of chairpersons (A/58/350, para. </s>
	</p>
	<p n="97">
	  <s n="220"> The following members of human rights treaty bodies attended the meeting: Human Rights Committee (HRC): Mr. Abdelfattah Amor (Chairperson), Mr. Rafael Rivas Posada, Mr. Maxwell Yalden; Committee on Economic, Social and Cultural Rights (CESCR): Ms. Virginia Bonoan-Dandan (Chairperson), Ms. Maria Virginia Bras Gomes, Mr. Eibe Riedel; Committee on the Rights of the Child (CRC): Mr. Jakob Egbert Doek (Chairperson); Mr. Kamel Filali, Ms. Nevena Vuckovic-Sahovic; Committee on the Elimination of Discrimination against Women (CEDAW): Ms. Feride Acar (Chairperson), Mr. Cees Flinterman; Committee on the Elimination of Racial Discrimination (CERD): Mr. Mario Jorge Yutzis (Chairperson), Mr. Alexei S. Avtonomov, Ms. Patricia N. January-Bardill; Committee against Torture (CAT): Mr. Fernando Mariño Menendez (Chairperson), Mr. Sayed El Masry, Mr. Ole Vedel Rasmussen; Committee on the Protection of the Rights of All Migrant Workers and Members of Their Families (CMW): Mr. Prasad Kariyawasam (Chairperson), Mr. Francisco Carrión-Mena, Mr. Arthur Gakwandi. </s>
	</p>
	<p n="98">
	  <s n="221"> Opening of the meeting and election of officers </s>
	</p>
	<p n="99">
	  <s n="222"> The meeting was opened by Mr. Bertrand Ramcharan, Acting United Nations High Commissioner for Human Rights, who welcomed all members, including representatives of the new treaty body, CMW, and observers from the African Commission on Human and Peoples&apos; Rights whose presence would set the framework for close and fruitful collaboration between the African and international systems for the protection and promotion of human rights. </s>
	  <s n="223"> The Acting High Commissioner reminded the participants of the strategic importance of the international human rights treaties and stressed the mutually reinforcing nature of each organ, as well as the importance of the treaty bodies&apos; interaction with other parts of the United Nations system, including the specialized agencies, the Commission on Human Rights and the Security Council&apos;s Counter-Terrorism Committee. </s>
	  <s n="224"> Further harmonization of working methods of treaty bodies during the year, in particular with regard to list of issues and follow-up procedures, was welcomed. </s>
	  <s n="225"> The Secretariat&apos;s efforts to strengthen the implementation of the concluding observations at the national level, including by reinforcing the capacity of national actors, were underlined. </s>
	  <s n="226"> In this context, the global review of the OHCHR technical cooperation programme and the key role of treaty body recommendations in the discussions were mentioned. </s>
	  <s n="227"> The Acting High Commissioner reiterated the commitment of OHCHR to maintain a high standard of servicing for the treaty bodies and drew attention to the draft harmonized reporting guidelines presented for discussion to the inter-committee meeting, which were the result of a year-long effort and wide consultations by the Secretariat. </s>
	  <s n="228"> The draft guidelines emphasized the role of the reporting process in providing a framework for national-level stocktaking, popular participation and constructive public scrutiny of implementation; they built upon the guidelines for the current core document but went further, calling for information concerning substantive provisions which were common to all or several treaties. </s>
	</p>
	<p n="100">
	  <s n="229"> Mr. Kariyawasam was elected Chairperson-Rapporteur. </s>
	  <s n="230"> Mr. Mariño was elected Vice-Chairperson. </s>
	  <s n="231"> At the opening meeting, the participants adopted the agenda and programme of work (HRI/ICM/2004/1). </s>
	</p>
	<p n="101">
	  <s n="232"> Strengthening the human rights treaty body system: harmonization of working methods and follow-up to the recommendations of the second inter-committee meeting and the fifteenth meeting of chairpersons </s>
	</p>
	<p n="102">
	  <s n="233"> Mr. Doek, Chairperson of the second inter-committee meeting and the fifteenth meeting of chairpersons, commented on the report on the implementation of the recommendations of the second inter-committee meeting and of the fifteenth meeting of chairpersons (HRI/MC/2004/2). </s>
	  <s n="234"> He noted with satisfaction the number of recommendations that had been implemented, including the adoption of lists of issues and the convening of pre-sessional working groups by most treaty bodies. </s>
	  <s n="235"> In light of the progress achieved in the implementation of the recommendations of the second inter-committee meeting and the fifteenth meeting of chairpersons, the value of those meetings, and particularly the inter-committee meeting, was underlined and further opportunities to dialogue informally with the specialized agencies, States parties and other actors on strengthening the human rights treaty body system were encouraged. </s>
	</p>
	<p n="103">
	  <s n="236"> Some participants considered that a number of previous recommendations had not been implemented and should remain on the agenda for the next meeting in 2005. </s>
	  <s n="237"> The need for consistent policies and coordinated approaches was recognized, but the emphasis should not be on uniformity of working methods, but harmonization where it was necessary to improve efficiency and reduce contradictory practices. </s>
	</p>
	<p n="104">
	  <s n="238"> List of issues and pre-sessional working groups </s>
	</p>
	<p n="105">
	  <s n="239"> It was agreed that all committees should adopt lists of issues with regard to all reports of States parties. </s>
	  <s n="240"> Members of CAT, which had used lists of issues for the first time at its session in May 2004, noted that this had been welcomed by States parties and, despite some challenges, the Committee intended to continue with the practice. </s>
	  <s n="241"> Members of CEDAW indicated that the Committee planned to adopt list of issues for all reports and not only for periodic reports, as had been the case. </s>
	  <s n="242"> Some participants highlighted the need for an agreed structure for lists of issues, which should incorporate updated statistical information, new developments since the submission of the previous report and specific questions on matters of particular concern. </s>
	  <s n="243"> These lists should be used to frame the constructive dialogue with the State party during the session, implying that the questions should be specific and non-adversarial. </s>
	  <s n="244"> The Secretariat should assist with processing complex statistical information. </s>
	  <s n="245"> Lists of issues should also systematically request information on steps taken to implement the last set of concluding observations of the relevant committee, where this information had not been included in the State party&apos;s report. </s>
	  <s n="246"> Some discussions took place on whether answers to lists of issues should be written, when these answers should be submitted, whether they should be translated, whether they should be subject to page limitations, the procedure to be followed when States parties did not respond, and the status of information received from NGOs. </s>
	  <s n="247"> There was also some discussion on the linkage between concluding observations, lists of issues, country task forces and the follow-up procedures being introduced by some committees. </s>
	</p>
	<p n="106">
	  <s n="248"> Cooperation with the Commission on Human Rights and the Sub-Commission on the Promotion and Protection of Human Rights </s>
	</p>
	<p n="107">
	  <s n="249"> In light of the experience of the chairpersons at the sixtieth session of the Commission, the participants considered how their interaction with the Commission could be enhanced and again suggested that they should be able to engage in an interactive dialogue with the Commission and that a proper amount of time be allocated to ensure meaningful interaction. </s>
	  <s n="250"> Participants also emphasized the importance of collaboration with the Sub-Commission. </s>
	</p>
	<p n="108">
	  <s n="251"> Cooperation with the specialized agencies and other United Nations bodies </s>
	</p>
	<p n="109">
	  <s n="252"> Participants placed a high value on input by specialized agencies, especially where information provided was country specific. </s>
	  <s n="253"> Ways to encourage greater participation by representatives of the specialized agencies at the sessions of the treaty bodies were discussed. </s>
	  <s n="254"> The practice of nominating a focal point from among the members of each treaty body to liaise with the specialized agencies was noted, but it was emphasized that the liaison&apos;s role should be clear. </s>
	</p>
	<p n="110">
	  <s n="255"> Cooperation with special procedure mandate-holders </s>
	</p>
	<p n="111">
	  <s n="256"> Cooperation with special procedures was considered to enhance the work of the treaty bodies, and it was recommended that funds be secured to facilitate a real dialogue between the special procedures and the treaty bodies during sessions of treaty bodies, and that a mechanism be created to ensure the systematic exchange of written information between the treaty bodies and special procedures. </s>
	</p>
	<p n="112">
	  <s n="257"> Press releases </s>
	</p>
	<p n="113">
	  <s n="258"> Although increased collaboration by the Department of Public Information was noted, difficulties with some press releases remained and ways of ensuring the accuracy of press releases were discussed. </s>
	  <s n="259"> The press releases should bear a disclaimer indicating that they were not an official record. </s>
	</p>
	<p n="114">
	  <s n="260"> Role of national human rights institutions </s>
	</p>
	<p n="115">
	  <s n="261"> In light of the important role played by national human rights institutions (NHRIs) in encouraging States to report, as well as in monitoring the implementation of concluding observations, the establishment of well-functioning and independent NHRIs was encouraged. </s>
	  <s n="262"> In order to enhance the participation of NHRIs in the treaty body system, it was suggested that during the next inter-committee meeting, representatives of NHRIs from different countries be invited to make a presentation on their best practices with respect to the treaty body system. </s>
	</p>
	<p n="116">
	  <s n="263"> Capacity-building and technical assistance </s>
	</p>
	<p n="117">
	  <s n="264"> Participants noted that, although technical assistance should be provided, as far as possible, to States committed to preparing their reports, it should also be available to strengthen their capacities to implement the various human rights treaties. </s>
	  <s n="265"> Capacity-building should also focus on the establishment of a structure within the State system to coordinate, evaluate and monitor legislation and programmes relating to the national implementation of human rights treaties. </s>
	</p>
	<p n="118">
	  <s n="266"> Mutual exchange of information with respect to general comments/recommendations </s>
	</p>
	<p n="119">
	  <s n="267"> The meeting welcomed instances of information-sharing, including consultations among committees in the preparation of general comments/ recommendations. </s>
	  <s n="268"> Collaboration could be further enhanced by establishing and each committee sharing their long-term programmes of work for the preparation of general comments. </s>
	</p>
	<p n="120">
	  <s n="269"> Working methods </s>
	</p>
	<p n="121">
	  <s n="270"> It was proposed to extend to all committees the practice adopted by some treaty bodies of including in their annual or session reports an overview of their working methods. </s>
	  <s n="271"> It was further recommended that the Secretariat should provide updated information on the working methods of each treaty body. </s>
	</p>
	<p n="122">
	  <s n="272"> Follow-up </s>
	</p>
	<p n="123">
	  <s n="273"> Participants reaffirmed the recommendation of the second inter-committee meeting that all treaty bodies should consider introducing procedures to follow up their concluding observations or recommendations. </s>
	  <s n="274"> Several committees had taken steps to introduce such procedures in the light of the procedures adopted by HRC. </s>
	  <s n="275"> However, representatives of CEDAW and CRC explained that they had considered the matter and had decided, for the moment, not to introduce such procedures owing to their heavy workloads resulting from the backlog of States parties&apos; reports awaiting review and other responsibilities. </s>
	  <s n="276"> The organization (during 2003 and 2004) of workshops on follow-up to recommendations in treaty bodies&apos; concluding observations was welcomed. </s>
	</p>
	<p n="124">
	  <s n="277"> Non-reporting </s>
	</p>
	<p n="125">
	  <s n="278"> The existing procedure, introduced by most treaty bodies, whereby the State party&apos;s implementation of a particular human rights treaty was considered in the absence of a report, was recognized as a useful tool to address non-reporting. </s>
	  <s n="279"> In many cases, it provided sufficient motivation for the State in question to produce a report. </s>
	  <s n="280"> Other solutions were explored with a view to reducing the number of States that did not report or that did so with considerable delay. </s>
	  <s n="281"> The point was made that States that reported appeared to be at a disadvantage in comparison to non-reporting States, because the former had to face public questioning by the treaty bodies regarding implementation of their obligations. </s>
	  <s n="282"> Ways to ensure that reporting and non-reporting States both took on public accountability and to draw attention to the reporting practices of States parties were also discussed. </s>
	</p>
	<p n="126">
	  <s n="283"> Reservations </s>
	</p>
	<p n="127">
	  <s n="284"> It was agreed that it was appropriate for treaty bodies to request the withdrawal of reservations to the treaties they monitored. </s>
	  <s n="285"> The question of whether the treaty bodies could decide on the admissibility of reservations made by States (and the legality of their provisions) was discussed. </s>
	  <s n="286"> Participants stressed that although not all treaty bodies were confronted with this issue, it would be useful to adopt a common approach. </s>
	  <s n="287"> It was proposed that the Secretariat should prepare a report (including a table showing all reservations made to the core human rights treaties and the nature of the provisions covered) with a view to establishing a working group, consisting of a representative of each committee, to consider this report and report to the next inter-committee meeting. </s>
	</p>
	<p n="128">
	  <s n="288"> Strengthening the human rights treaty body system: streamlining of reporting requirements </s>
	</p>
	<p n="129">
	  <s n="289"> The meeting considered the report of the Secretariat presenting proposed guidelines on an expanded core document and treaty-specific targeted reports as well as harmonized guidelines for reporting to all treaty bodies (HRI/MC/2004/3), which had been requested by the second inter-committee meeting and fifteenth meeting of chairpersons. </s>
	  <s n="290"> The Secretariat introduced the document, which had been produced as part of a collaborative effort involving members of the treaty bodies, States parties, parts of the United Nations system, NGOs and other parts of civil society, OHCHR — in particular its Treaties and Commission Branch — and the Division for the Advancement of Women as the secretariat of CEDAW. </s>
	  <s n="291"> The proposed change of name of the “expanded core document” to “common core document” was intended to reinforce the linkage between the two documents which would be submitted in tandem to each treaty body, i.e. the common core document and the treaty-specific document. </s>
	</p>
	<p n="130">
	  <s n="292"> Facilitating reporting by States </s>
	</p>
	<p n="131">
	  <s n="293"> Participants agreed that the revised proposed reporting system should facilitate reporting, as well as implementation of States&apos; substantive treaty obligations. </s>
	  <s n="294"> It would not become clear whether the addition of congruent provisions to the common core document would achieve this aim until States began to test the format. </s>
	  <s n="295"> The paragraphs relating to the establishment of an appropriate institutional framework for the preparation of reports (HRI/MC/2004/3, annex, paras. </s>
	  <s n="296"> 12-15) were emphasized, as was the link between reporting and the monitoring of implementation of the treaties at the national level. </s>
	  <s n="297"> The common core document could provide a tool in the overall attempt to make reporting more efficient and effective, but States parties needed to take their treaty obligations seriously, including their reporting obligations. </s>
	</p>
	<p n="132">
	  <s n="298"> Among the diverse views expressed by participants was the concern that the guidelines might discourage States parties, both large and small, from reporting. </s>
	  <s n="299"> It was emphasized that States should be assisted to ensure that they had the capacity to report and that reporting requirements should not provide an excuse for not reporting and should not deter ratification of treaties. </s>
	</p>
	<p n="133">
	  <s n="300"> Content of common core document and treaty-specific document </s>
	</p>
	<p n="134">
	  <s n="301"> The basic structure and content of the proposed common core document were approved in principle, although further work on the draft was required and comments from treaty bodies should be sought. </s>
	  <s n="302"> Some participants suggested additional requirements, including the disaggregation of data by age and the inclusion of the outcomes of special sessions of the General Assembly following up on specific world conferences. </s>
	  <s n="303"> Should the concept of the common core document and treaty-specific document be agreed by the committees, an appropriate balance needed to be struck between the two documents to ensure that the reporting remained focused on the treaties rather than on the common core document. </s>
	</p>
	<p n="135">
	  <s n="304"> A number of areas were identified as requiring further work. </s>
	  <s n="305"> Information on the practical implementation of the human rights treaties, including examples, should be provided, rather than indicating whether the treaties were directly applicable, as should information on the laws regulating civil society, including NGOs, and the restrictions imposed on their activities. </s>
	  <s n="306"> Participants suggested that additional provisions could usefully be included in the guidelines for the common core document that would require reporting on congruent provisions of the treaties. </s>
	  <s n="307"> It was also suggested that further review and contributions from members of all committees were needed. </s>
	  <s n="308"> The imposition of page limits and the approach to poorly presented reports were particular concerns. </s>
	  <s n="309"> The inclusion of lists of treaties, world conferences and statistical information was welcomed as a useful guide for States, but also for other interested parties. </s>
	  <s n="310"> Such lists should not be seen as exhaustive. </s>
	  <s n="311"> The link between human rights and the Millennium Development Goals was seen as important. </s>
	  <s n="312"> The chart of congruence (ibid., p. 9), although only intended as an indication of where congruence might lie, also required further work. </s>
	  <s n="313"> It was suggested that all committees should standardize their technical terminology. </s>
	</p>
	<p n="136">
	  <s n="314"> Testing the proposal </s>
	</p>
	<p n="137">
	  <s n="315"> With the approval of the committees, it was agreed that testing the proposal through the preparation of a report based on the proposed guidelines would be important to gauge its efficacy and identify areas requiring further refinement. </s>
	</p>
	<p n="138">
	  <s n="316"> Technical assistance and capacity-building </s>
	</p>
	<p n="139">
	  <s n="317"> The provision of technical assistance to States was essential to ensure their capacity to fulfil reporting obligations. </s>
	  <s n="318"> Capacity to report was closely linked to the capacity to implement the provisions of the treaties themselves. </s>
	  <s n="319"> It was also important to ensure that the Secretariat had the necessary resources and capacity to provide technical assistance, in particular with regard to the proposed draft guidelines. </s>
	</p>
	<p n="140">
	  <s n="320"> Dialogue with non-governmental organizations </s>
	</p>
	<p n="141">
	  <s n="321"> The representatives of the following NGOs were present during the dialogue: Amnesty International, Association for the prevention of torture, Centre on Housing Rights and Evictions, Human Rights Watch, International Catholic Migration Commission, International Commission of Jurists, International Federation of Human Rights Leagues, International Service for Human Rights, International Women&apos;s Rights Action Watch-Asia Pacific, People&apos;s Health Movement, Quaker United Nations Office and World Organization against Torture. </s>
	</p>
	<p n="142">
	  <s n="322"> NGOs welcomed the invitation extended by the meeting to discuss the matters of mutual concern, and participants thanked NGOs for their valuable contributions to the work of treaty bodies and the promotion of national implementation of the human rights treaties. </s>
	  <s n="323"> Several NGOs highlighted the impact on human rights of counter-terrorism measures, which they considered should be an important concern for all treaty bodies. </s>
	  <s n="324"> They also recommended that the treaty bodies collaborate further with the Counter-Terrorism Committee. </s>
	</p>
	<p n="143">
	  <s n="325"> The rights of women in prison and the rights of their children, human rights violations relating to sexual orientation, housing rights and violence against women were also raised as issues requiring further attention. </s>
	  <s n="326"> There was also a need for wider adherence to CMW. </s>
	</p>
	<p n="144">
	  <s n="327"> A number of NGOs addressed the working methods of the committees and the draft guidelines for an expanded core document and treaty-specific targeted report (HRI/MC/2004/3). </s>
	  <s n="328"> Several raised concerns about the approach outlined in the report, whereas others welcomed the process of its formulation and looked forward to its further refinement and their involvement in that process. </s>
	</p>
	<p n="145">
	  <s n="329"> The issue of non-reporting required further analysis and action on the part of the treaty bodies. </s>
	  <s n="330"> States should not see the common core document and the treaty-specific report as excusing them from fulfilling their reporting obligations. </s>
	  <s n="331"> Treaty bodies that did not have follow-up procedures were urged to consider adopting them. </s>
	  <s n="332"> NGOs also requested that the scheduling of the examination of States parties&apos; reports occur well before the sessions at which they would be considered in order to allow them to plan their work, in particular with respect to the preparation of shadow reports. </s>
	  <s n="333"> Treaty bodies were also invited to schedule the briefings with NGOs during sessions, so as to allow for a better dialogue and for interpreters to be obtained. </s>
	</p>
	<p n="146">
	  <s n="334"> Points of agreement of the third inter-committee meeting to be transmitted to the sixteenth meeting of chairpersons </s>
	</p>
	<p n="147">
	  <s n="335"> Mandate of the Chairperson </s>
	</p>
	<p n="148">
	  <s n="336"> The third inter-committee meeting recommended that the Chairperson of the current inter-committee meeting should coordinate implementation of the present recommendations together with the chairpersons of the other treaty bodies and report on their implementation at the beginning of the next inter-committee meeting, before the election of the chairperson of that meeting. </s>
	</p>
	<p n="149">
	  <s n="337"> Inter-committee meeting </s>
	</p>
	<p n="150">
	  <s n="338"> The third inter-committee meeting noted that the convening of the inter-committee meeting had been generally welcomed and recommended that such meetings be convened on an annual basis. </s>
	  <s n="339"> It also underlined the value of informal meetings of treaty bodies to discuss matters of mutual concern and recommended that such meetings be convened regularly. </s>
	</p>
	<p n="151">
	  <s n="340"> Reporting guidelines </s>
	</p>
	<p n="152">
	  <s n="341"> The third inter-committee meeting recommended that the Chairpersons forward the draft guidelines on an expanded core document and treaty-specific targeted reports (HRI/MC/2004/3) and the report of the inter-committee meeting to their respective committees for discussion as a priority item of their agenda. </s>
	</p>
	<p n="153">
	  <s n="342"> The third inter-committee meeting recommended the establishment of a mechanism for further consultations between the committees on the draft proposed guidelines and other matters relating to the harmonization of their reporting guidelines during the coming year. </s>
	  <s n="343"> The meeting decided to entrust this task to Mr. Kamel Filali as rapporteur. </s>
	</p>
	<p n="154">
	  <s n="344"> Bearing in mind the importance and complexity of the proposed guidelines, the third inter-committee meeting requested OHCHR, in consultation with the Division for the Advancement of Women, to continue to work on the draft proposed guidelines, incorporating the comments and suggestions made by each committee during the course of the year, as well as those received from NGOs, NHRIs and States parties, with a view to producing revised guidelines for consideration, if possible at the fourth inter-committee meeting, in 2005. </s>
	</p>
	<p n="155">
	  <s n="345"> States parties wishing to report using the draft guidelines </s>
	</p>
	<p n="156">
	  <s n="346"> The third inter-committee meeting generally agreed that any States parties wishing to prepare reports using the draft guidelines should be entitled to do so and encouraged them to seek technical assistance from OHCHR and the Division for the Advancement of Women, which were requested to provide technical assistance to States engaged in this process. </s>
	</p>
	<p n="157">
	  <s n="347"> Working methods </s>
	</p>
	<p n="158">
	  <s n="348"> The third inter-committee meeting recommended that each committee should include in its agenda for each session a specific item on working methods if it had not already done so. </s>
	  <s n="349"> The secretariat of each committee was requested to produce a document detailing its working methods for inclusion in its annual report, or issued as a separate document. </s>
	</p>
	<p n="159">
	  <s n="350"> The third inter-committee meeting requested OHCHR, in collaboration with the Division for the Advancement of Women, to produce a comparative report on the working methods of all committees, to be updated on a regular basis. </s>
	</p>
	<p n="160">
	  <s n="351"> The third inter-committee meeting recommended that OHCHR, in collaboration with the Division for the Advancement of Women, submit a proposal to the fourth inter-committee meeting on the standardization of terminology used by treaty bodies relating to the technical elements of their work. </s>
	</p>
	<p n="161">
	  <s n="352"> List of issues </s>
	</p>
	<p n="162">
	  <s n="353"> The third inter-committee meeting recommended that each committee, if it had not already done so, consider adopting the practice of producing a list of issues and questions to be submitted to States parties before the session at which the respective State party&apos;s report is to be considered by the Committee. </s>
	</p>
	<p n="163">
	  <s n="354"> Reference to concluding observations </s>
	</p>
	<p n="164">
	  <s n="355"> The third inter-committee meeting recommended that States parties should specifically address the steps taken to implement the Committee&apos;s concluding observations/recommendations in their periodic reports. </s>
	  <s n="356"> Where this information is not included, it was recommended that committees request it in their list of issues for the State party. </s>
	</p>
	<p n="165">
	  <s n="357"> Follow-up </s>
	</p>
	<p n="166">
	  <s n="358"> The third inter-committee meeting recommended that each committee continue to consider adopting procedures to ensure effective follow-up to their concluding observations, taking into account the procedures that are already being implemented and their respective workloads. </s>
	</p>
	<p n="167">
	  <s n="359"> Liaison with specialized agencies and United Nations programmes and funds </s>
	</p>
	<p n="168">
	  <s n="360"> The third inter-committee meeting recommended that each committee consider appointing a focal point to liaise with specialized agencies and other bodies of the United Nations system to encourage their participation in its work. </s>
	  <s n="361"> In particular, the committees should encourage United Nations bodies to provide country-specific input relating to the human rights situation in the State party under consideration. </s>
	</p>
	<p n="169">
	  <s n="362"> National human rights institutions </s>
	</p>
	<p n="170">
	  <s n="363"> The third inter-committee meeting recommended that all committees strongly support the work of national human rights institutions and, where they did not exist, call on States to create them in accordance with the Paris Principles. </s>
	  <s n="364"> The meeting encouraged national human rights institutions to participate in treaty body sessions, including by providing input to the work of the pre-sessional working groups, while maintaining their independence. </s>
	  <s n="365"> National human rights institutions were also encouraged to play a role in providing early warning of cases of human rights violations and in following up on treaty body recommendations. </s>
	  <s n="366"> The meeting recommended that a number of NHRIs be invited to the next inter-committee meeting. </s>
	</p>
	<p n="171">
	  <s n="367"> Non-reporting </s>
	</p>
	<p n="172">
	  <s n="368"> The third inter-committee meeting recommended that the Secretariat produce a comprehensive report highlighting the situation with regard to non-reporting by States parties and reports that are overdue. </s>
	</p>
	<p n="173">
	  <s n="369"> Reservations </s>
	</p>
	<p n="174">
	  <s n="370"> The third inter-committee meeting recommended that the Secretariat prepare a report, including a table showing all reservations made to the core human rights treaties and the nature of the provisions covered, with a view to establishing a working group consisting of a representative of each committee to consider this report and to report to the next inter-committee meeting. </s>
	</p>
	<p n="175">
	  <s n="371"> Statistical information relating to human rights implementation </s>
	</p>
	<p n="176">
	  <s n="372"> The third inter-committee meeting requested the Secretariat to provide assistance to the treaty bodies in analysing statistical information relating to human rights presented in States parties&apos; reports, replies to lists of issues and core documents. </s>
	</p>
	<p n="177">
	  <s n="373"> Interactive dialogue with the Commission on Human Rights </s>
	</p>
	<p n="178">
	  <s n="374"> The third inter-committee meeting reiterated the recommendation of the second inter-committee meeting that the Commission on Human Rights set aside appropriate time for an interactive dialogue with the chairpersons of human rights treaty bodies during its annual session. </s>
	</p>
	<p n="179">
	  <s n="375"> Cooperation with special procedures mandate-holders </s>
	</p>
	<p n="180">
	  <s n="376"> The third inter-committee meeting recommended that funds be made available to support the interaction of special procedures mandate-holders with the treaty bodies, including through attendance at sessions of treaty bodies. </s>
	</p>
	<p n="181">
	  <s n="377"> Press releases </s>
	</p>
	<p n="182">
	  <s n="378"> The third inter-committee meeting recommended that committees establish a liaison point with the Department of Public Information to ensure the accuracy of press releases. </s>
	</p>
	<p n="183">
	  <s n="379"> The third inter-committee meeting recommended that the press releases of each committee should include a disclaimer stating, “This press release is not an official record and is provided for public information only”. </s>
	</p>
	<p n="184">
	  <s n="380"> Technical assistance and capacity-building </s>
	</p>
	<p n="185">
	  <s n="381"> The third inter-committee meeting recommended that technical assistance be provided to States, at their request, to enhance their capacity to meet their reporting obligations. </s>
	</p>
	<p n="186">
	  <s n="382"> Recommendations of the second inter-committee meeting </s>
	</p>
	<p n="187">
	  <s n="383"> The third inter-committee meeting recalled the recommendations of the second inter-committee meeting and recommended that each committee continue to seek to implement those recommendations that remained outstanding. </s>
	</p>
	</body>
</text>
</DOC>