<?xml version="1.0" encoding="UTF-8"?>
<DOC lang="English" n="N0450726" id="A/59/354" date="2004/09/13">
<text>
	<body>
	<p n="1">
	  <s n="1"> Fifty-ninth session </s>
	</p>
	<p n="2">
	  <s n="2"> Item 55 of the provisional agenda* </s>
	</p>
	<p n="3">
	  <s n="3"> Strengthening of the United Nations system </s>
	</p>
	<p n="4">
	  <s n="4"> Report of the Secretary-General in response to the report of the Panel of Eminent Persons on United Nations-Civil Society Relations </s>
	</p>
	<p n="5">
	  <s n="5"> Introduction </s>
	</p>
	<p n="6">
	  <s n="6"> My report of two years ago, “Strengthening the United Nations: an agenda for further change” (A/57/387 and Corr.1), reflected on the growing importance of non-governmental organizations (NGOs) to the work of the United Nations: </s>
	</p>
	<p n="7">
	  <s n="7"> “The expanding worldwide networks of non-governmental organizations embrace virtually every level of organization, from the village community to global summits, and almost every sector of public life, from the provision of microcredit and the delivery of emergency relief supplies, to environmental and human rights activism”. </s>
	</p>
	<p n="8">
	  <s n="8"> As I pointed out in that report, the relationship between the United Nations and NGOs is as old as the Charter itself. </s>
	  <s n="9"> Yet the system for facilitating this interaction needs to be strengthened. </s>
	  <s n="10"> This is why I appointed, in February 2003, a panel of eminent persons, chaired by the former President of Brazil, Fernando Henrique Cardoso. </s>
	  <s n="11"> The Panel has worked diligently over the past year — taking stock of existing practice, consulting widely with interested parties and proposing better ways of managing United Nations-civil society relations. </s>
	  <s n="12"> The Panel&apos;s report (see A/58/817 and Corr.1) was launched on 21 June 2004 and contains 30 specific proposals for reform and improvement. </s>
	</p>
	<p n="9">
	  <s n="13"> At the outset, it is important to stress that the United Nations is and will remain an intergovernmental organization at which decisions are taken by its Member States. </s>
	  <s n="14"> The Panel&apos;s valuable suggestions can be taken in the context of the ongoing process of modernization and institutional change that the Organization has undergone in the past decade. </s>
	  <s n="15"> Expanding and deepening the relationship with NGOs will further strengthen both the institution and the intergovernmental debate. </s>
	  <s n="16"> This is an opportunity for the United Nations to enhance its impact in a world that is remarkably different from the one in which it was founded nearly 60 years ago. </s>
	</p>
	<p n="10">
	  <s n="17"> In its very first proposal, the Panel argues convincingly that the United Nations should become a more outward-looking organization, making more of its role as a global convenor of diverse constituencies relevant to an issue. </s>
	  <s n="18"> I fully agree that expanding United Nations consultations with different constituencies and facilitating their input into relevant debates of global significance can only enhance the quality and depth of policy analysis and actionable outcomes, including in the form of partnerships. </s>
	  <s n="19"> Multi-stakeholder partnerships can help the United Nations to devise innovative answers to critical questions. </s>
	  <s n="20"> In the same way, the deliberations of United Nations meetings can become richer and more diverse, yet grounded in reality. </s>
	  <s n="21"> More effective engagement with NGOs also increases the likelihood that United Nations decisions will be better understood and supported by a broad and diverse public. </s>
	</p>
	<p n="11">
	  <s n="22"> Another important theme of the Panel&apos;s report, which I welcome, is the need for the United Nations to “connect the global with the local”. </s>
	  <s n="23"> The Millennium Development Goals have been instrumental in bringing cohesion to the functioning of the United Nations system at the country level and in aligning its operations with the development agenda emerging from the major United Nations conferences and summit meetings. </s>
	  <s n="24"> Achievement of the Millennium Development Goals will depend on a collaborative approach made possible through partnerships with Governments and NGOs on the ground. </s>
	  <s n="25"> Focusing attention on the Goals also provides an opportunity for local country-level realities to impact on global deliberations. </s>
	</p>
	<p n="12">
	  <s n="26"> I commend the report of the Panel to the attention of the General Assembly and express the hope that its recommendations will receive the careful and positive consideration that they deserve. </s>
	  <s n="27"> The present report offers comments on some of the Panel&apos;s recommendations from the perspective of the United Nations Secretariat and, in some cases, makes specific suggestions regarding their implementation, which the Assembly may wish to take into account. </s>
	  <s n="28"> The report is structured around the following seven headings: </s>
	</p>
	<p n="13">
	  <s n="29"> • Increasing the participation of NGOs in intergovernmental bodies; </s>
	</p>
	<p n="14">
	  <s n="30"> • Establishing a trust fund to increase the participation of representatives of NGOs from developing countries; </s>
	</p>
	<p n="15">
	  <s n="31"> • Improving the accreditation; </s>
	</p>
	<p n="16">
	  <s n="32"> • Improving the United Nations Secretariat&apos;s dialogue with NGOs; </s>
	</p>
	<p n="17">
	  <s n="33"> • Enhancing country-level engagement with NGOs; </s>
	</p>
	<p n="18">
	  <s n="34"> • Exploring the enlargement of the Partnerships Office; </s>
	</p>
	<p n="19">
	  <s n="35"> • Managing the change process. </s>
	</p>
	<p n="20">
	  <s n="36"> Increasing the participation of non-governmental organizations in intergovernmental bodies </s>
	</p>
	<p n="21">
	  <s n="37"> The participation of NGOs in intergovernmental bodies has dramatically increased in recent years, particularly as a result of and during the major international conferences and their 5-year and 10-year reviews. </s>
	  <s n="38"> NGOs are now commonly present at the intergovernmental deliberations of many of the organizations of the United Nations system and participate in a broad range of advisory mechanisms and partnerships. </s>
	  <s n="39"> A variety of modalities for NGO participation have been developed over the past 15 years. </s>
	</p>
	<p n="22">
	  <s n="40"> The extent to which NGOs are able to organize themselves around broad networks focusing on specific issues will have a bearing on the form and impact of their involvement in the work of the Organization. </s>
	  <s n="41"> There have been many examples in the past of such successful networks, the existence of which has greatly facilitated the consultative process. </s>
	  <s n="42"> I welcome proposal 23 in the Panel&apos;s report, which stresses that the main constituencies of NGOs should themselves take steps to form groups or broad networks for participation in United Nations activities. </s>
	  <s n="43"> Such groups would make it much easier to conduct the issue-based, multi-constituency processes which the Panel recommends in proposal 5. </s>
	</p>
	<p n="23">
	  <s n="44"> General Assembly </s>
	</p>
	<p n="24">
	  <s n="45"> The General Assembly and its main committees have increasingly involved NGOs in their deliberations, both informally, through round-table meetings and panel discussions, and formally, through invitations to the special sessions and conferences convened under its auspices, and, more recently, through the biennial high-level dialogue. </s>
	  <s n="46"> Thus, the Assembly is already moving to some extent in the direction described in proposal 6. </s>
	</p>
	<p n="25">
	  <s n="47"> 2 General Assembly resolution S-26/2, annex. </s>
	</p>
	<p n="26">
	  <s n="48"> 3 Informal meetings called and hosted by one of the members of the Security Council with one or more NGO or other experts, but with no minutes. </s>
	</p>
	<p n="27">
	  <s n="49"> I share the view expressed by the Panel, however, that the Organization would benefit from extending and standardizing these practices, so that they become a regular component of the General Assembly&apos;s work. </s>
	  <s n="50"> For example, prior to major events, the Assembly could institute the practice of holding interactive hearings between Member States and NGO representatives that have the necessary expertise on the issues on the agenda. </s>
	  <s n="51"> In the coming year, such a hearing could be “piloted” before the high-level meeting on HIV/AIDS, which is to be held on 2 June 2005. </s>
	  <s n="52"> Views could be shared on the progress made in implementing the Declaration of Commitment on HIV/AIDS.2 </s>
	</p>
	<p n="28">
	  <s n="53"> The General Assembly could also agree to convene a two-day, informal, interactive hearing with NGOs prior to the opening of the Assembly each year, centred around an agenda to be determined in consultations among the President of the Assembly, the Bureau of the Assembly and NGO representatives. </s>
	  <s n="54"> This practice could be initiated on a trial basis for the sixtieth session of the Assembly and evaluated after five years, to coincide with the 10-year review of the implementation of the United Nations Millennium Declaration. </s>
	</p>
	<p n="29">
	  <s n="55"> Questions regarding accreditation and the rights and responsibilities pertaining to NGO participation in the General Assembly are discussed in section IV of the present report. </s>
	</p>
	<p n="30">
	  <s n="56"> Security Council </s>
	</p>
	<p n="31">
	  <s n="57"> In proposal 12, the Panel encouraged the Security Council to increase its contact with NGOs. </s>
	  <s n="58"> The Council has taken a number of steps in that direction in recent years. </s>
	  <s n="59"> There has been more frequent recourse to the Arria formula3 for consultations with NGOs. </s>
	  <s n="60"> In 2004 alone, the Council has invited NGO representatives and the business sector to participate in two open debates: one on the role of business in conflict prevention, peacekeeping and post-conflict peace-building and the other on the role of civil society in post-conflict peace-building. </s>
	  <s n="61"> Also, Security Council members, during their recent mission to West Africa, interacted extensively with key NGO constituencies throughout the mission. </s>
	</p>
	<p n="32">
	  <s n="62"> I encourage the Security Council to find ways to strengthen further its relationship with civil society. </s>
	  <s n="63"> Additional funding could be made available from either the trust fund referred to in section III of the present report or from United Nations country teams to increase the participation of NGO actors from the field in the meetings of the Council. </s>
	  <s n="64"> I have also noted the Panel&apos;s recommendation that independent commissions of inquiry be established after Council-mandated operations. </s>
	  <s n="65"> I believe that such a formal mechanism could be reserved for special cases. </s>
	  <s n="66"> The Council may wish, however, to adopt the practice of conducting some form of assessment, with input from selected NGOs, following the completion of each peace mission. </s>
	</p>
	<p n="33">
	  <s n="67"> C. Economic and Social Council </s>
	</p>
	<p n="34">
	  <s n="68"> In recent years, the Economic and Social Council and its functional commissions have significantly intensified their involvement of civil society, including accredited NGOs, foundations, parliamentarians and local authorities, and with the private sector. </s>
	  <s n="69"> This has enriched the proceedings of the Council and its subsidiary bodies. </s>
	  <s n="70"> The Council has launched several successful multi-stakeholder initiatives, including the Information and Communication Technologies Task Force. </s>
	  <s n="71"> Likewise, the Commission on Sustainable Development engaged civil society representatives throughout its review session of 2004. </s>
	  <s n="72"> This practice could be emulated in other subsidiary bodies of the Council and by the Council itself. </s>
	</p>
	<p n="35">
	  <s n="73"> D. Parliamentarians </s>
	</p>
	<p n="36">
	  <s n="74"> The engagement of parliamentarians in the work of the United Nations has taken many forms over the years. </s>
	  <s n="75"> Their participation in national delegations and through various parliamentary organizations has helped bring the Organization closer to citizens and their elected representatives. </s>
	  <s n="76"> The Inter-Parliamentary Union has played a particularly active role in fostering a more sustained interaction between the United Nations and parliamentarians, a role which was recognized by the General Assembly when it granted the Union the status of observer. </s>
	</p>
	<p n="37">
	  <s n="77"> I agree that more should be done to strengthen the Organization&apos;s links to parliaments and parliamentarians. </s>
	  <s n="78"> Proposals 13 to 16 identify a number of steps, which I commend to the attention of the General Assembly. </s>
	  <s n="79"> As an initial step, it may also wish to organize or support meetings of parliamentarians, in 2005, to discuss the issues before the high-level meeting on HIV/AIDS, which is to be held on 2 June 2005. </s>
	  <s n="80"> In addition, the Assembly may wish to recommend, organize or support meetings of parliamentarians at the national, regional or global levels early in 2006, to provide input to the meeting to review the Declaration of Commitment on HIV/AIDS, scheduled for later in that year. </s>
	  <s n="81"> With experience, such meetings could evolve into the global public policy forums mentioned in proposal 15. </s>
	</p>
	<p n="38">
	  <s n="82"> E. Local authorities </s>
	</p>
	<p n="39">
	  <s n="83"> The United Nations has always interacted with local authorities as key partners, especially on development and humanitarian work at the local level. </s>
	  <s n="84"> For most of the world&apos;s population, it is their local authority that has most direct influence on their lives in areas such as water and sanitation, education and health services. </s>
	  <s n="85"> In the past decade, global networks of local authorities have been created, most notably the United Cities and Local Governments, which greatly facilitate the dialogue of organized local authorities with the United Nations and other international forums. </s>
	  <s n="86"> Moreover, the United Nations Advisory Committee of Local Authorities was established in 2000 to strengthen the international dialogue with local authorities on development issues, especially in the implementation of the Millennium Development Goals. </s>
	</p>
	<p n="40">
	  <s n="87"> The direct participation of local authorities in the Governing Council of the United Nations Human Settlements Programme (UN-Habitat) has also been broadened. </s>
	  <s n="88"> This is a welcome trend, and I encourage Member States to continue facilitating the participation of local authorities and their associations in intergovernmental bodies. </s>
	  <s n="89"> Again, if the General Assembly decides to hold a hearing before the high-level meeting on HIV/AIDS, it may wish to invite local authorities and their associations. </s>
	  <s n="90"> The United Nations will continue to explore opportunities to strengthen engagement with local authorities, especially through the work of UN-Habitat, and also through the United Nations country teams and other parts of the broader United Nations system. </s>
	</p>
	<p n="41">
	  <s n="91"> Establishing a trust fund to increase the participation of representatives of non-governmental organizations from developing countries </s>
	</p>
	<p n="42">
	  <s n="92"> As highlighted in the Panel&apos;s report, the increase in the participation of NGOs in intergovernmental bodies is rather unbalanced: NGOs from developing countries are underrepresented. </s>
	  <s n="93"> This is partly a result of the lack of resources of NGOs from developing countries to cover travel and accommodation costs. </s>
	  <s n="94"> At the same time, I am encouraged to note that the number of developing country NGOs in consultative status with the Economic and Social Council has increased in the past decade. </s>
	  <s n="95"> For example, African-based NGOs now make up 11 per cent of the total — up from 4 per cent in 1996. </s>
	  <s n="96"> Overall, 30 per cent of NGOs in consultative status with the Council have their headquarters in the developing world, partly as a result of the Secretariat&apos;s efforts. </s>
	</p>
	<p n="43">
	  <s n="97"> The participation of developing country representatives in the recent global conferences has been assisted by generous support from a series of conference-specific trust funds. </s>
	  <s n="98"> Such a fund does not exist, however, to finance participation in the Economic and Social Council, its subsidiary bodies and other intergovernmental meetings. </s>
	  <s n="99"> Consequently, the level of attendance of NGO representatives from developing countries in standing United Nations meetings is low. </s>
	</p>
	<p n="44">
	  <s n="100"> I will create a single trust fund that will provide financial support for the travel and accommodation of representatives of accredited NGOs from developing countries to attend intergovernmental meetings, in accordance with proposal 27 of the Panel. </s>
	  <s n="101"> Existing trust funds which support participation in specific intergovernmental processes would be subsumed into the new fund. </s>
	  <s n="102"> A detailed cost plan, criteria for support and procedures for administering the fund will be developed in consultation with stakeholders. </s>
	  <s n="103"> I encourage Member States to contribute generously to this fund. </s>
	</p>
	<p n="45">
	  <s n="104"> Improving accreditation </s>
	</p>
	<p n="46">
	  <s n="105"> In its report, the Panel makes a number of recommendations regarding NGO accreditation. </s>
	  <s n="106"> To summarize, the Panel proposes that: </s>
	</p>
	<p n="47">
	  <s n="107"> (a) NGOs be accredited to participate in the work of the General Assembly; </s>
	</p>
	<p n="48">
	  <s n="108"> (b) A single accreditation process be established for all United Nations forums; </s>
	</p>
	<p n="49">
	  <s n="109"> (c) A committee of the General Assembly be given the responsibility to review all NGO applications for accreditation; </s>
	</p>
	<p n="50">
	  <s n="110"> (d) The process of accreditation be streamlined; </s>
	</p>
	<p n="51">
	  <s n="111"> (e) The rights and responsibilities pertaining to NGO participation be reviewed and harmonized. </s>
	</p>
	<p n="52">
	  <s n="112"> I would like to offer the following comments and suggestions under each of these headings. </s>
	</p>
	<p n="53">
	  <s n="113"> Granting non-governmental organizations accreditation to participate in the work of the General Assembly </s>
	</p>
	<p n="54">
	  <s n="114"> Article 71 of the Charter provides that the Economic and Social Council may make suitable arrangements for consultation with NGOs which are concerned with matters within its competence. </s>
	  <s n="115"> There is nothing in Article 71 that would preclude the General Assembly from inviting NGOs to participate in its sessions and its work. </s>
	  <s n="116"> There is considerable merit in opening the regular work of the Assembly to increased participation by accredited NGOs. </s>
	  <s n="117"> This is already taking place informally through panels, round-table meetings, and NGO involvement in the preparatory work of the international conferences, the special sessions and high-level dialogue of the Assembly. </s>
	  <s n="118"> One possible option could be to start with accreditation to the main committees, leaving for consideration at a subsequent stage the question of accreditation to the plenary. </s>
	  <s n="119"> If the Assembly decides in favour of accrediting NGOs to its main committees, the rights and responsibilities pertaining to participation would then need to be defined. </s>
	</p>
	<p n="55">
	  <s n="120"> Establishing a single system of accreditation </s>
	</p>
	<p n="56">
	  <s n="121"> A single system of NGO accreditation for all United Nations intergovernmental bodies, including the General Assembly, the Economic and Social Council and conferences, based on one set of agreed-upon criteria, would have the benefit of simplicity, consistency and efficiency, as is well argued in the Panel&apos;s report. </s>
	  <s n="122"> It would also facilitate the involvement of NGOs in the consideration of complex issues whose ramifications span many intergovernmental organs. </s>
	</p>
	<p n="57">
	  <s n="123"> Concerning the Panel&apos;s proposal to consolidate the Economic and Social Council and Department of Public Information processes, closer examination reveals that there is an important distinction to be made between the accreditation process, governing the relationship between NGOs and intergovernmental bodies, and the association process, which grants NGOs the right to access United Nations documents, facilities and communication materials. </s>
	  <s n="124"> One is clearly an intergovernmental process while the other is not. </s>
	  <s n="125"> There does not seem to be much merit in attempting to consolidate either the processes or the internal United Nations structures that handle them. </s>
	</p>
	<p n="58">
	  <s n="126"> C. A committee of the General Assembly responsible for all applications for accreditation </s>
	</p>
	<p n="59">
	  <s n="127"> While Article 71 allows the Economic and Social Council to make suitable arrangements for consultation with NGOs, the Charter does not designate a specific mechanism or body for the accreditation of NGOs. </s>
	  <s n="128"> Moreover, while pursuant to Council resolution 3 (II) of 21 June 1946, the Committee on Non-Governmental Organizations is the intergovernmental organ designated to consider applications for consultative status with the Council, the Assembly, if it so decides, could adopt and assume responsibility for a single accreditation system. </s>
	  <s n="129"> An existing committee of the General Assembly, perhaps the General Committee, could be designated for this purpose. </s>
	</p>
	<p n="60">
	  <s n="130"> D. Streamlining the accreditation process </s>
	</p>
	<p n="61">
	  <s n="131"> Whether or not Member States decide to accept the three changes outlined above, a number of procedural changes could be made which would significantly improve the efficiency of the accreditation process. </s>
	</p>
	<p n="62">
	  <s n="132"> The Panel indicates that the current process is slow, costly and subject to a “happenstance of workloads”, with the Committee on Non-Governmental Organizations, currently made up of 19 Member States, making recommendations on a case-by-case basis for accreditation to the Economic and Social Council. </s>
	  <s n="133"> The considerable backlog of applications is overwhelming an already overloaded process. </s>
	</p>
	<p n="63">
	  <s n="134"> Some efforts have been made to improve the process. </s>
	  <s n="135"> For example, an electronic meeting management and documentation system (a paperless committee) was recently introduced, and criteria and requirements for accreditation now appear on the United Nations web site. </s>
	  <s n="136"> The Committee on Non-Governmental Organizations itself has done commendable work in improving its own working methods — streamlining the NGO questionnaire, issuing guidance to NGOs on reporting and monitoring and restructuring its meeting schedule for greater effectiveness. </s>
	  <s n="137"> Similar improvements have been brought to the accreditation process for large global conferences. </s>
	  <s n="138"> A number of funds and programmes and specialized agencies have also established new practices for accrediting NGOs. </s>
	</p>
	<p n="64">
	  <s n="139"> There is nevertheless considerable scope for further simplification. </s>
	  <s n="140"> I welcome the suggestions of the Panel, which, if implemented, would go a long way towards simplifying the process of accreditation. </s>
	  <s n="141"> In essence, in paragraph 131 of its report, the Panel proposes two key improvements: </s>
	</p>
	<p n="65">
	  <s n="142"> (a) The United Nations Secretariat should be tasked with conducting a thorough pre-screening of NGO applications for accreditation, according to clear criteria determined by an intergovernmental body; </s>
	</p>
	<p n="66">
	  <s n="143"> (b) Member States should be provided with consolidated lists of applications for consideration. </s>
	</p>
	<p n="67">
	  <s n="144"> E. Rights and responsibilities pertaining to participation </s>
	</p>
	<p n="68">
	  <s n="145"> Proposals 22 and 23 of the Panel relate to the various categories of NGO status (general, special and Roster) and the differences in the rights of participation for each. </s>
	  <s n="146"> These categories have been in existence for several decades, notwithstanding some minor changes introduced in 1996. </s>
	  <s n="147"> There would be merit in reviewing the categories and the privileges associated with them — particularly in the light of informal practices which have evolved in recent years. </s>
	  <s n="148"> Also, the General Assembly may wish to consider establishing a uniform regime of rights and responsibilities pertaining to the participation of NGOs in global conferences and special sessions of the General Assembly. </s>
	</p>
	<p n="69">
	  <s n="149"> At the same time, the question of the responsibilities and accountability of the NGOs arises. </s>
	  <s n="150"> For example, there are currently large numbers of NGOs in consultative status with the United Nations that are not complying with the requirement to submit quadrennial reports on their activities and how they relate to the overall goals and objectives of the global community. </s>
	  <s n="151"> Member States may wish to explore the possibility of drawing up a code of conduct, mentioned in proposal 23 of the Panel, as an instrument to ensure that NGOs commit themselves to the aims of the Charter and act in a manner that reflects the intergovernmental character of the Organization. </s>
	</p>
	<p n="70">
	  <s n="152"> Improving the United Nations Secretariat&apos;s dialogue with non-governmental organizations </s>
	</p>
	<p n="71">
	  <s n="153"> The Panel suggests many ways in which the Secretariat can intensify its own dialogue with the NGO community. </s>
	  <s n="154"> It suggests, in particular, a global Internet agora to survey public opinion and raise awareness on emerging issues (proposal 3) and public hearings to review the progress made in meeting globally agreed commitments (proposal 5). </s>
	  <s n="155"> The United Nations Secretariat and other United Nations organizations already interact with NGOs in a variety of ways. </s>
	  <s n="156"> I intend to review these experiences and the Panel&apos;s proposals, in consultation with NGOs, with a view to determining how best to intensify our dialogue with them. </s>
	</p>
	<p n="72">
	  <s n="157"> The Panel also makes useful suggestions on how to promote and explain the work of the United Nations to a wide set of constituencies. </s>
	  <s n="158"> The Department of Public Information currently maintains contacts with a vast network to which it disseminates information about the work of the Organization — most notably at the traditional NGO conference that it organizes each year. </s>
	  <s n="159"> Taking into consideration the proposed enhancements to NGO participation in intergovernmental debates, I am asking the Department to see how its work with NGOs could be better linked to the priorities of the intergovernmental organs so as to enhance its relevance and impact. </s>
	  <s n="160"> It will also be important to ensure that the Department&apos;s outreach activities complement and support those of the substantive departments, funds and programmes. </s>
	</p>
	<p n="73">
	  <s n="161"> There are several other internal measures that will be taken to improve the Secretariat&apos;s dialogue with NGOs. </s>
	  <s n="162"> These include, among other things, establishing a central database of NGOs and developing a body of best practices relating to NGO involvement in United Nations activities so that they can be replicated throughout the broader United Nations system. </s>
	  <s n="163"> In addition, access to official documentation will be greatly facilitated by the provision of free access to the Official Document System by the end of 2004. </s>
	</p>
	<p n="74">
	  <s n="164"> Enhancing country-level engagement with non-governmental organizations </s>
	</p>
	<p n="75">
	  <s n="165"> I welcome the emphasis placed by the Panel on all branches of the United Nations system engaging with civil society at the country level. </s>
	  <s n="166"> This is a relationship that has evolved considerably over the past three decades. </s>
	  <s n="167"> NGOs now act as fully fledged partners in programme design and implementation and increasingly provide policy advice, analysis and advocacy. </s>
	  <s n="168"> In crisis and post-conflict countries in particular, national and international NGOs are vital implementing partners, without which United Nations humanitarian assistance could not be delivered. </s>
	  <s n="169"> They are also key participants in peace-building, reconciliation and transitions to civilian administration. </s>
	  <s n="170"> Of course, Governments remain the main interlocutors for country-level engagement with the United Nations. </s>
	</p>
	<p n="76">
	  <s n="171"> The participation of civil society in the development of national policies is critical to ensuring national ownership and relevance. </s>
	  <s n="172"> The United Nations Development Group has been facilitating broad consultation with and participation of NGOs and other stakeholders in the poverty reduction strategy paper process — achieving, in a number of cases, pro-poor outcomes with genuine engagement in a fully consultative process. </s>
	</p>
	<p n="77">
	  <s n="173"> Greater system-wide focus on implementation of the Millennium Development Goals has further strengthened relations with civil society. </s>
	  <s n="174"> The United Nations country teams are supporting Governments and civil society organizations in developing and revising the Millennium Development Goal reports in about 60 countries. </s>
	  <s n="175"> In addition, the regional commissions are addressing issues of data comparability and policy coherence, to which NGOs have another important contribution to make. </s>
	  <s n="176"> In a growing number of countries, civil society groups are spearheading advocacy campaigns for the Millennium Development Goals, both individually and in partnership with the country teams. </s>
	  <s n="177"> NGOs are also key actors in making progress on the ground, for example, towards the achievement of the Goals. </s>
	</p>
	<p n="78">
	  <s n="178"> The United Nations system is also encouraging the engagement of NGOs in the preparation of the common country assessments and the United Nations Development Assistance Framework. </s>
	  <s n="179"> However, the nature and extent of their participation is uneven, reflecting a need to develop additional capacity in conducting policy dialogue and analysis and programme implementation. </s>
	  <s n="180"> Where capacity is devoted to multi-stakeholder processes, the pay-offs have been significant. </s>
	  <s n="181"> Resources and leadership will be needed, however, to ensure that today&apos;s best practices become the standard practices in the future. </s>
	</p>
	<p n="79">
	  <s n="182"> Enhancing the capacity of non-governmental organizations at the country level </s>
	</p>
	<p n="80">
	  <s n="183"> There are a number of promising measures already under way to enhance the capacity of NGOs at the country level. </s>
	  <s n="184"> I intend to strengthen and replicate these initiatives in other locations. </s>
	  <s n="185"> The Millennium Development Goal and poverty reduction strategy paper and processes are key opportunities for the United Nations Development Group to ensure that the rhetoric is put into practice — allowing adequate space for all constituencies, including parliamentarians and local authorities, to contribute to the goals of Governments as agreed at the United Nations. </s>
	  <s n="186"> United Nations country teams should continue to facilitate the participation of NGOs in campaigning for and monitoring the achievement of the Millennium Development Goals and using the goals as benchmarks for the national poverty reduction strategy and poverty reduction strategy paper processes. </s>
	  <s n="187"> In almost all countries, various parts of the United Nations system periodically fund workshops and learning exchanges with NGOs — with particular emphasis on poverty reduction strategy paper processes and Millennium Development Goal reporting and advocacy. </s>
	  <s n="188"> The United Nations has also supported the formation of umbrella groups of NGOs in many sectors, particularly in primary health care. </s>
	  <s n="189"> An NGO champions initiative for resident coordinators and resident representatives was launched in October 2003 by the United Nations Development Programme (UNDP), with 32 countries already participating. </s>
	</p>
	<p n="81">
	  <s n="190"> The United Nations is also making real progress in its efforts to disseminate information about the work of the United Nations to all partners and constituencies. </s>
	  <s n="191"> Use of easily accessible web sites, such as the national database in the United Republic of Tanzania, and ensuring the participation of NGOs in knowledge networks and discussion groups are encouraging first steps. </s>
	</p>
	<p n="82">
	  <s n="192"> Enhancing the capacity of the United Nations resident coordinator system to engage with civil society </s>
	</p>
	<p n="83">
	  <s n="193"> The Panel recognized the pivotal role played by the resident coordinator system in bringing together key United Nations system partners and civil society organizations in pursuit of national goals. </s>
	  <s n="194"> I fully endorse the Panel&apos;s recommendations on the need for greater capacity among resident coordinators to identify, convene and broker key partnerships (proposals 10 and 11). </s>
	</p>
	<p n="84">
	  <s n="195"> I have asked all resident coordinators to identify a qualified professional with relevant development experience to serve as a civil society focal point for the United Nations Development Group, who would coordinate civil society engagement by United Nations agencies in each country, with an additional dedicated staff member to be appointed to the office of the resident coordinator as soon as resources allow (proposals 11 and 25). </s>
	  <s n="196"> Equally, resident coordinators will be asked to conduct orientation courses, where required, with a view to developing or enhancing partnerships with multiple constituencies (proposals 7 and 28). </s>
	</p>
	<p n="85">
	  <s n="197"> I am encouraged by the Panel&apos;s recognition that the creation of NGO advisory groups at the country level to guide implementation of United Nations strategies would be beneficial (proposal 11). </s>
	  <s n="198"> UNDP launched a pilot committee in Botswana in 2003, and I have asked that more resident coordinators constitute similar committees, bringing together development experts from NGOs, academia, the media and local authorities in a forum for policy advice and participation. </s>
	  <s n="199"> I believe this can be an effective means by which we can systematically support government by engaging NGOs and bridging the gulf between the deliberative and implementation aspects of our work. </s>
	</p>
	<p n="86">
	  <s n="200"> I will establish a trust fund, inviting support from bilateral donors and foundations, to enhance the capacity of NGOs at the country level and to finance additional capacity in the office of the resident coordinator. </s>
	  <s n="201"> A working group of the United Nations Development Group, chaired by UNDP as administrator of the fund, will guide the use of the fund (providing, for example, seed money for country teams that propose innovative initiatives) and develop strategies to promote further enhanced engagement with NGOs. </s>
	  <s n="202"> The United Nations Development Group will work closely with the expanded Partnerships Office in the Secretariat, which should be a member of the aforementioned working group. </s>
	</p>
	<p n="87">
	  <s n="203"> 4 The Panel proposed the establishment of an Office of Constituency Engagement and Partnerships. </s>
	  <s n="204"> For purposes of simplicity and given that the Secretary-General has recently established a Partnerships Office, the latter term will be used. </s>
	</p>
	<p n="88">
	  <s n="205"> Exploring the enlargement of the Partnerships Office4 </s>
	</p>
	<p n="89">
	  <s n="206"> As part of my second reform package from 2002, I decided to establish a Partnerships Office to bring the United Nations Fund for International Partnerships and the Global Compact Office under the same institutional umbrella. </s>
	  <s n="207"> The Office is in the process of being established and an Assistant Secretary-General position was recently authorized by the Advisory Committee on Administrative and Budgetary Questions for the purpose of providing it with high-level leadership. </s>
	  <s n="208"> The Panel&apos;s proposal to broaden the scope of the Partnerships Office to include other constituencies merits consideration. </s>
	  <s n="209"> Included in an expanded Partnerships Office could be a small unit to develop organizational policy with respect to NGOs, the existing Non-Governmental Liaison Service, an Accreditation Unit and an Elected Representatives Liaison Unit. </s>
	</p>
	<p n="90">
	  <s n="210"> The Non-Governmental Liaison Service currently provides information and outreach in regard to the work of the United Nations. </s>
	  <s n="211"> The Panel points out that the Service is highly respected throughout the NGO community and is perceived as an objective and very useful source of expertise, guidance to the United Nations system focal points and the country teams, and support to NGOs that engage in United Nations meetings and events. </s>
	  <s n="212"> However, it is now subject to the vagaries of voluntary funding and faces increasing difficulty in financing its budget from existing funding sources. </s>
	  <s n="213"> Incorporating it into the Partnerships Office would give it greater institutional standing and funding stability. </s>
	  <s n="214"> However, this would be dependent on the agreement of the 17 existing sponsors and related decisions on funding arrangements. </s>
	</p>
	<p n="91">
	  <s n="215"> In addition, separate units for accreditation and liaison with elected representatives could be created to complement and support the initiatives mentioned in sections II and IV of the present report. </s>
	  <s n="216"> This would be consistent with proposals 16 and 20 of the Panel. </s>
	</p>
	<p n="92">
	  <s n="217"> Evidently, organizational units dealing with NGOs, elected representatives and the private sector each have their unique identity and purpose, which would continue to dictate the policies and approaches that are best suited to their particular needs. </s>
	  <s n="218"> It is, however, desirable to have an institutional anchor, a greater coherence of approaches and stronger direction provided to the currently dispersed units dealing with the different facets of the Organization&apos;s interface with various partners. </s>
	  <s n="219"> The Partnerships Office could be a central hub in a decentralized system and provide a single, more visible entry point for NGOs, while substantive departments, funds and programmes retain their own outreach and collaborative arrangements. </s>
	  <s n="220"> The Office could also better foster the exchange of experience and collective learning. </s>
	</p>
	<p n="93">
	  <s n="221"> I do not agree with the Panel&apos;s proposal to incorporate the secretariat of the Permanent Forum on Indigenous Issues into this structure (see proposal 24). </s>
	  <s n="222"> From a substantive perspective, it would be difficult to argue in favour of this particular thematic area over others. </s>
	  <s n="223"> The secretariat provides substantive and conference-servicing support to the Forum, which has a clear and direct reporting line to the Economic and Social Council. </s>
	  <s n="224"> This makes the secretariat&apos;s current location in the Department of Economic and Social Affairs logical and institutionally consistent. </s>
	</p>
	<p n="94">
	  <s n="225"> Managing the change process </s>
	</p>
	<p n="95">
	  <s n="226"> Changes foreseen in the present report require careful management and oversight to ensure that genuine improvements to the relationship between the United Nations and NGOs are achieved. </s>
	  <s n="227"> To this end, improvements are needed in four particular areas. </s>
	</p>
	<p n="96">
	  <s n="228"> First, there is a need for a more organized and sustained dialogue with the NGO community, in particular as regards the implementation of the present report but also on the broad range of issues to which NGOs have an important contribution to make. </s>
	  <s n="229"> While the Partnerships Office could assume an important coordination role, it is the responsibility of departments, funds and programmes to ensure that the constituencies interested in their areas of concern are systematically consulted. </s>
	</p>
	<p n="97">
	  <s n="230"> Second, constituency engagement and partnership concerns must be incorporated into the Organization&apos;s human resource processes, including recruitment, promotion and annual appraisal (see proposal 28). </s>
	  <s n="231"> Staff at all levels will be offered training to improve their skills in dealing with broader constituencies and factor NGO considerations into their work, using, in particular, the United Nations System Staff College for this purpose. </s>
	</p>
	<p n="98">
	  <s n="232"> Third, the implementation of these measures will require modest yet essential resources. </s>
	  <s n="233"> As far as possible, I intend to build on existing capacities and make better use of existing resources for enhancing the engagement between the United Nations and NGOs. </s>
	  <s n="234"> However, enlargement of the Partnerships Office would have some modest budgetary implications in the context of the budget for the biennium 2006-2007. </s>
	  <s n="235"> I also appeal to Member States to make generous voluntary contributions to the trust funds which will be established for the specific purposes outlined in sections III and VI of the present report. </s>
	</p>
	<p n="99">
	  <s n="236"> Finally, I wish to stress that I am committed to providing the leadership necessary for these changes to take effect and I will be stressing their importance to my senior managers and the heads of United Nations agencies, in my capacity as head of the United Nations System Chief Executives Board for Coordination (proposal 29). </s>
	</p>
	<p n="100">
	  <s n="237"> I will report to the General Assembly periodically on the implementation of the various reforms set out in the present report. </s>
	</p>
	<p n="101">
	  <s n="238"> For the purposes of the present document, the term “non-governmental organization” is used in accordance with traditional United Nations parlance, consistent with the reference made in Article 71 of the Charter of the United Nations. </s>
	</p>
	</body>
</text>
</DOC>