<?xml version="1.0" encoding="UTF-8"?>
<DOC lang="English" n="N0423472" id="A/59/50" date="2004/02/09">
<text>
	<body>
	<p n="1">
	  <s n="1"> Fifty-ninth session </s>
	</p>
	<p n="2">
	  <s n="2"> Preliminary list of items to be included in the provisional agenda of the fifty-ninth regular session of the General Assembly </s>
	</p>
	<p n="3">
	  <s n="3"> Note by the Secretary-General </s>
	</p>
	<p n="4">
	  <s n="4"> This document has been prepared in accordance with the recommendation of the Special Committee on the Rationalization of the Procedures and Organization of the General Assembly, as set forth in paragraph 17 (a) of annex II to Assembly resolution 2837 (XXVI) of 17 December 1971. </s>
	</p>
	<p n="5">
	  <s n="5"> The following documents relating to the agenda of the fifty-ninth session of the General Assembly will appear on the dates specified: </s>
	</p>
	<p n="6">
	  <s n="6"> Annotated preliminary list 15 June 2004 </s>
	</p>
	<p n="7">
	  <s n="7"> * The provisional agenda will take into account the resolutions and decisions the General Assembly may still adopt at its fifty-eighth session. </s>
	</p>
	<p n="8">
	  <s n="8"> ** In paragraph 1 of its resolution 57/301 of 13 March 2003, the General Assembly decided to amend rule 1 of the rules of procedure of the Assembly to read: “The General Assembly shall meet every year in regular session commencing on the Tuesday of the third week in September, counting from the first week that contains at least one working day”. </s>
	</p>
	<p n="9">
	  <s n="9"> Provisional agenda* 16 July 2004 </s>
	</p>
	<p n="10">
	  <s n="10"> Supplementary list 25 August 2004 </s>
	</p>
	<p n="11">
	  <s n="11"> Memorandum by the Secretary-General to the General Committee 13 September 2004 </s>
	</p>
	<p n="12">
	  <s n="12"> The fifty-ninth session will convene at United Nations Headquarters on Tuesday, 14 September 2004, at 3 p.m.** </s>
	</p>
	<p n="13">
	  <s n="13"> Opening of the session by the President of the General Assembly (rule 31). </s>
	</p>
	<p n="14">
	  <s n="14"> Minute of silent prayer or meditation (rule 62). </s>
	</p>
	<p n="15">
	  <s n="15"> Credentials of representatives to the fifty-ninth session of the General Assembly (rule 28): </s>
	</p>
	<p n="16">
	  <s n="16"> (a) Appointment of the members of the Credentials Committee; </s>
	</p>
	<p n="17">
	  <s n="17"> (b) Report of the Credentials Committee. </s>
	</p>
	<p n="18">
	  <s n="18"> Election of the President of the General Assembly (rule 30). </s>
	</p>
	<p n="19">
	  <s n="19"> Election of the officers of the Main Committees (rule 30).3 </s>
	</p>
	<p n="20">
	  <s n="20"> Election of the Vice-Presidents of the General Assembly (rule 30).3 </s>
	</p>
	<p n="21">
	  <s n="21"> Notification by the Secretary-General under Article 12, paragraph 2, of the Charter of the United Nations (rule 49). </s>
	</p>
	<p n="22">
	  <s n="22"> Organization of work, adoption of the agenda and allocation of items: reports of the General Committee (rule 21). </s>
	</p>
	<p n="23">
	  <s n="23"> General debate (resolution 57/301 of 13 March 2003). </s>
	</p>
	<p n="24">
	  <s n="24"> Report of the Secretary-General on the work of the Organization (rules 13 (a) and 48; resolutions 47/120 B of 20 September 1993 and 51/241 of 31 July 1997).2 </s>
	</p>
	<p n="25">
	  <s n="25"> Report of the Security Council (rule 13 (b)).2 </s>
	</p>
	<p n="26">
	  <s n="26"> Report of the Economic and Social Council (rule 13 (b); General Assembly resolutions 3281 (XXIX) of 12 December 1974, 56/212 of 21 December 2001 and 58/231 of 23 December 2003 and Economic and Social Council decision 1982/112 of 26 April 1982).2 </s>
	</p>
	<p n="27">
	  <s n="27"> Report of the International Court of Justice (rule 13 (b)). </s>
	</p>
	<p n="28">
	  <s n="28"> Report of the International Atomic Energy Agency (resolutions 1145 (XII) of 14 November 1957 and 58/8 of 4 November 2003). </s>
	</p>
	<p n="29">
	  <s n="29"> Elections to fill vacancies in principal organs: </s>
	</p>
	<p n="30">
	  <s n="30"> (a) Election of five non-permanent members of the Security Council (rule 142; decision 58/403 of 23 October 2003); </s>
	</p>
	<p n="31">
	  <s n="31"> (b) Election of eighteen members of the Economic and Social Council (rule 145; decision 58/406 of 11 November 2003). </s>
	</p>
	<p n="32">
	  <s n="32"> Elections to fill vacancies in subsidiary organs and other elections: election of seven members of the Committee for Programme and Coordination (Economic and Social Council resolution 2008 (LX) of 14 May 1976 and General Assembly decision 58/408 of 17 November 2003). </s>
	</p>
	<p n="33">
	  <s n="33"> Appointments to fill vacancies in subsidiary organs and other appointments:2 </s>
	</p>
	<p n="34">
	  <s n="34"> (a) Appointment of members of the Advisory Committee on Administrative and Budgetary Questions (rule 155; decision 58/405 B of 17 December 2003); </s>
	</p>
	<p n="35">
	  <s n="35"> (b) Appointment of members of the Committee on Contributions (rule 158; decision 58/411 of 17 December 2003); </s>
	</p>
	<p n="36">
	  <s n="36"> (c) Confirmation of the appointment of members of the Investments Committee (resolution 155 (II) of 15 November 1947 and decision 58/413 of 17 December 2003); </s>
	</p>
	<p n="37">
	  <s n="37"> (d) Appointment of members of the United Nations Administrative Tribunal (resolution 351 A (IV) of 24 November 1949 and decision 58/414 of 17 December 2003); </s>
	</p>
	<p n="38">
	  <s n="38"> (e) Appointment of members and alternate members of the United Nations Staff Pension Committee (resolution 248 (III) of 7 December 1948 and decision 55/319 of 23 December 2000); </s>
	</p>
	<p n="39">
	  <s n="39"> (f) Appointment of members of the International Civil Service Commission (resolution 3357 (XXIX) of 18 December 1974 and decision 57/410 of 4 December 2002); </s>
	</p>
	<p n="40">
	  <s n="40"> (g) Appointment of members of the Committee on Conferences (resolution 43/222 B of 21 December 1988 and decision 58/409 of 3 December 2003); </s>
	</p>
	<p n="41">
	  <s n="41"> (h) Appointment of members of the Joint Inspection Unit (resolution 31/192 of 22 December 1976 and decision 57/416 of 6 June 2003); </s>
	</p>
	<p n="42">
	  <s n="42"> (i) Appointment of the Under-Secretary-General for Internal Oversight Services (resolution 48/218 B of 29 July 1994 and decision 54/320 of 2 March 2000). </s>
	</p>
	<p n="43">
	  <s n="43"> Election of judges of the International Tribunal for the Prosecution of Persons Responsible for Serious Violations of International Humanitarian Law Committed in the Territory of the Former Yugoslavia since 1991 (Security Council resolutions 827 (1993) of 25 May 1993 and 1329 (2000) of 30 November 2000 and General Assembly decision 55/320 B of 12 June 2001). </s>
	</p>
	<p n="44">
	  <s n="44"> Admission of new Members to the United Nations (rule 136). </s>
	</p>
	<p n="45">
	  <s n="45"> Implementation of the Declaration on the Granting of Independence to Colonial Countries and Peoples (resolutions 58/106 to 58/111 and decision 58/526 of 9 December 2003). </s>
	</p>
	<p n="46">
	  <s n="46"> The role of diamonds in fuelling conflict. </s>
	</p>
	<p n="47">
	  <s n="47"> Assistance in mine action (resolution 58/127 of 19 December 2003). </s>
	</p>
	<p n="48">
	  <s n="48"> Review of the implementation of the recommendations of the Third United Nations Conference on the Exploration and Peaceful Uses of Outer Space (resolutions 56/51 of 10 December 2001, 57/116 of 11 December 2002 and 58/90 of 9 December 2003). </s>
	</p>
	<p n="49">
	  <s n="49"> Prevention of armed conflict (resolution 57/337 of 3 July 2003). </s>
	</p>
	<p n="50">
	  <s n="50"> 25 Implementation of the resolutions of the United Nations (decision 58/513 of 3 December 2003). </s>
	</p>
	<p n="51">
	  <s n="51"> The situation in Central America: progress in fashioning a region of peace, freedom, democracy and development (resolution 58/238 of 23 December 2003). </s>
	</p>
	<p n="52">
	  <s n="52"> The situation in Afghanistan and its implications for international peace and security (resolution 58/27 A of 5 December 2003).2 </s>
	</p>
	<p n="53">
	  <s n="53"> Question of the Comorian island of Mayotte (decision 58/503 of 10 November 2003). </s>
	</p>
	<p n="54">
	  <s n="54"> Necessity of ending the economic, commercial and financial embargo imposed by the United States of America against Cuba (resolution 58/7 of 4 November 2003). </s>
	</p>
	<p n="55">
	  <s n="55"> Question of Cyprus.4 </s>
	</p>
	<p n="56">
	  <s n="56"> Armed aggression against the Democratic Republic of the Congo.4 </s>
	</p>
	<p n="57">
	  <s n="57"> Question of the Falkland Islands (Malvinas) (decision 58/511 of 5 November 2003). </s>
	</p>
	<p n="58">
	  <s n="58"> Armed Israeli aggression against the Iraqi nuclear installations and its grave consequences for the established international system concerning the peaceful uses of nuclear energy, the non-proliferation of nuclear weapons and international peace and security (decision 58/527 of 17 December 2003). </s>
	</p>
	<p n="59">
	  <s n="59"> Consequences of the Iraqi occupation of and aggression against Kuwait (decision 58/514 of 5 December 2003). </s>
	</p>
	<p n="60">
	  <s n="60"> Declaration of the Assembly of Heads of State and Government of the Organization of African Unity on the aerial and naval military attack against the Socialist People&apos;s Libyan Arab Jamahiriya by the present United States Administration in April 1986 (decision 58/512 of 10 November 2003). </s>
	</p>
	<p n="61">
	  <s n="61"> Culture of peace (resolutions 58/11 of 10 November 2003 and 58/128 of 19 December 2003).2 </s>
	</p>
	<p n="62">
	  <s n="62"> The situation in the Middle East (resolutions 58/22 and 58/23 of 3 December 2003).2 </s>
	</p>
	<p n="63">
	  <s n="63"> Question of Palestine (resolutions 58/18 to 58/21 of 3 December 2003).2 </s>
	</p>
	<p n="64">
	  <s n="64"> New Partnership for Africa&apos;s Development: progress in implementation and international support: </s>
	</p>
	<p n="65">
	  <s n="65"> (a) New Partnership for Africa&apos;s Development: progress in implementation and international support (resolutions 57/7 of 4 November 2002 and 58/233 of 23 December 2003); </s>
	</p>
	<p n="66">
	  <s n="66"> (b) Causes of conflict and the promotion of durable peace and sustainable development in Africa (resolution 58/235 of 23 December 2003). </s>
	</p>
	<p n="67">
	  <s n="67"> Strengthening of the coordination of humanitarian and disaster relief assistance of the United Nations, including special economic assistance (resolutions 48/162 of 20 December 1993 and 58/122 of 17 December 2003): </s>
	</p>
	<p n="68">
	  <s n="68"> (a) Strengthening of the coordination of emergency humanitarian assistance of the United Nations (resolutions 57/150 and 57/153 of 16 December 2002, 58/25 of 5 December 2003 and 58/114 of 17 December 2003); </s>
	</p>
	<p n="69">
	  <s n="69"> (b) Special economic assistance to individual countries or regions (resolutions 57/102 to 57/104 of 25 November 2002, 57/148 and 57/151 of 16 December 2002, 58/24 and 58/26 of 5 December 2003 and 58/115, 58/120 and 58/123 of 17 December 2003);2 </s>
	</p>
	<p n="70">
	  <s n="70"> (c) Assistance to the Palestinian people (resolution 58/113 of 17 December 2003); </s>
	</p>
	<p n="71">
	  <s n="71"> (d) Emergency international assistance for peace, normalcy and reconstruction of war-stricken Afghanistan (resolution 58/27 B of 5 December 2003). </s>
	</p>
	<p n="72">
	  <s n="72"> Follow-up to the outcome of the special session on children (resolution 58/282 of 9 February 2004). </s>
	</p>
	<p n="73">
	  <s n="73"> The role of the United Nations in promoting a new global human order (resolution 57/12 of 14 November 2002). </s>
	</p>
	<p n="74">
	  <s n="74"> Launching of global negotiations on international economic cooperation for development (decision 58/528 of 17 December 2003). </s>
	</p>
	<p n="75">
	  <s n="75"> Global road safety crisis (resolution 58/9 of 5 November 2003).2 </s>
	</p>
	<p n="76">
	  <s n="76"> Follow-up to the outcome of the twenty-sixth special session: implementation of the Declaration of Commitment on HIV/AIDS (resolution 58/236 of 23 December 2003).2 </s>
	</p>
	<p n="77">
	  <s n="77"> Information and communication technologies for development. </s>
	</p>
	<p n="78">
	  <s n="78"> Integrated and coordinated implementation of and follow-up to the outcomes of the major United Nations conferences and summits in the economic, social and related fields (decision 58/529 of 17 December 2003).2 </s>
	</p>
	<p n="79">
	  <s n="79"> 48 2001-2010: Decade to Roll Back Malaria in Developing Countries, Particularly in Africa (resolution 58/237 of 23 December 2003). </s>
	</p>
	<p n="80">
	  <s n="80"> Sport for peace and development: International Year of Sport and Physical Education (resolution 58/5 of 3 November 2003). </s>
	</p>
	<p n="81">
	  <s n="81"> Elimination of unilateral extraterritorial coercive economic measures as a means of political and economic compulsion (resolution 57/5 of 16 October 2002 and decision 56/455 of 21 December 2001). </s>
	</p>
	<p n="82">
	  <s n="82"> Oceans and the law of the sea: </s>
	</p>
	<p n="83">
	  <s n="83"> (a) Oceans and the law of the sea (resolutions 49/28 of 6 December 1994 and 58/240 of 23 December 2003); </s>
	</p>
	<p n="84">
	  <s n="84"> (b) Sustainable fisheries, including through the Agreement for the Implementation of the Provisions of the United Nations Convention on the Law of the Sea of 10 December 1982 relating to the Conservation and Management of Straddling Fish Stocks and Highly Migratory Fish Stocks, and related instruments (resolutions 57/142 and 57/143 of 12 December 2002 and 58/14 of 24 November 2003). </s>
	</p>
	<p n="85">
	  <s n="85"> Report of the International Criminal Tribunal for the Prosecution of Persons Responsible for Genocide and Other Serious Violations of International Humanitarian Law Committed in the Territory of Rwanda and Rwandan Citizens Responsible for Genocide and Other Such Violations Committed in the Territory of Neighbouring States between 1 January and 31 December 1994 (Security Council resolution 955 (1994) of 8 November 1994 and General Assembly decision 58/504 of 9 October 2003). </s>
	</p>
	<p n="86">
	  <s n="86"> Report of the International Tribunal for the Prosecution of Persons Responsible for Serious Violations of International Humanitarian Law Committed in the Territory of the Former Yugoslavia since 1991 (Security Council resolution 827 (1993) of 25 May 1993 and General Assembly decision 58/505 of 9 October 2003). </s>
	</p>
	<p n="87">
	  <s n="87"> Revitalization of the work of the General Assembly.5 </s>
	</p>
	<p n="88">
	  <s n="88"> Question of equitable representation on and increase in the membership of the Security Council and related matters.5 </s>
	</p>
	<p n="89">
	  <s n="89"> Strengthening of the United Nations system (resolution 58/269 of 23 December 2003).2 </s>
	</p>
	<p n="90">
	  <s n="90"> Follow-up to the outcome of the Millennium Summit (resolutions 58/3 of 27 October 2003 and 58/16 of 3 December 2003).2 </s>
	</p>
	<p n="91">
	  <s n="91"> Cooperation between the United Nations and regional and other organizations: </s>
	</p>
	<p n="92">
	  <s n="92"> (a) Cooperation between the United Nations and the African Union (resolution 57/48 of 21 November 2002); </s>
	</p>
	<p n="93">
	  <s n="93"> (b) Cooperation between the United Nations and the Asian-African Legal Consultative Organization (resolution 57/36 of 21 November 2002); </s>
	</p>
	<p n="94">
	  <s n="94"> (c) Cooperation between the United Nations and the Association of South-East Asian Nations (resolution 57/35 of 21 November 2002); </s>
	</p>
	<p n="95">
	  <s n="95"> (d) Cooperation between the United Nations and the Black Sea Economic Cooperation Organization (resolution 57/34 of 21 November 2002); </s>
	</p>
	<p n="96">
	  <s n="96"> (e) Cooperation between the United Nations and the Caribbean Community (resolution 57/41 of 21 November 2002); </s>
	</p>
	<p n="97">
	  <s n="97"> (f) Cooperation between the United Nations and the Council of Europe (resolution 57/156 of 16 December 2002); </s>
	</p>
	<p n="98">
	  <s n="98"> (g) Cooperation between the United Nations and the Economic Community of Central African States (resolution 57/40 of 21 November 2002); </s>
	</p>
	<p n="99">
	  <s n="99"> (h) Cooperation between the United Nations and the Economic Cooperation Organization (resolution 57/38 of 21 November 2002); </s>
	</p>
	<p n="100">
	  <s n="100"> (i) Cooperation between the United Nations and the International Organization of la Francophonie (resolution 57/43 of 21 November 2002); </s>
	</p>
	<p n="101">
	  <s n="101"> (j) Cooperation between the United Nations and the Inter-Parliamentary Union (resolution 57/47 of 21 November 2002); </s>
	</p>
	<p n="102">
	  <s n="102"> (k) Cooperation between the United Nations and the Latin American Economic System (resolution 57/39 of 21 November 2002); </s>
	</p>
	<p n="103">
	  <s n="103"> (l) Cooperation between the United Nations and the League of Arab States (resolution 57/46 of 21 November 2002); </s>
	</p>
	<p n="104">
	  <s n="104"> (m) Cooperation between the United Nations and the Organization for the Prohibition of Chemical Weapons (resolution 57/45 of 21 November 2002); </s>
	</p>
	<p n="105">
	  <s n="105"> (n) Cooperation between the United Nations and the Organization for Security and Cooperation in Europe (resolution 57/298 of 20 December 2002); </s>
	</p>
	<p n="106">
	  <s n="106"> (o) Cooperation between the United Nations and the Organization of American States (resolution 57/157 of 16 December 2002); </s>
	</p>
	<p n="107">
	  <s n="107"> (p) Cooperation between the United Nations and the Organization of the Islamic Conference (resolution 57/42 of 21 November 2002); </s>
	</p>
	<p n="108">
	  <s n="108"> (q) Cooperation between the United Nations and the Pacific Islands Forum (resolution 57/37 of 21 November 2002); </s>
	</p>
	<p n="109">
	  <s n="109"> (r) Cooperation between the United Nations and the Preparatory Commission for the Comprehensive Nuclear-Test-Ban Treaty Organization (resolution 57/49 of 21 November 2002); </s>
	</p>
	<p n="110">
	  <s n="110"> (s) Cooperation between the United Nations and the Southern African Development Community (resolution 57/44 of 21 November 2002). </s>
	</p>
	<p n="111">
	  <s n="111"> Reduction of military budgets (resolution 35/142 B of 12 December 1980). </s>
	</p>
	<p n="112">
	  <s n="112"> Maintenance of international security — good-neighbourliness, stability and development in South-Eastern Europe (resolution 57/52 of 22 November 2002). </s>
	</p>
	<p n="113">
	  <s n="113"> Verification in all its aspects, including the role of the United Nations in the field of verification (decision 58/515 of 8 December 2003). </s>
	</p>
	<p n="114">
	  <s n="114"> Developments in the field of information and telecommunications in the context of international security (resolution 58/32 of 8 December 2003). </s>
	</p>
	<p n="115">
	  <s n="115"> Role of science and technology in the context of international security and disarmament (resolution 58/33 of 8 December 2003). </s>
	</p>
	<p n="116">
	  <s n="116"> Establishment of a nuclear-weapon-free zone in the region of the Middle East (resolution 58/34 of 8 December 2003). </s>
	</p>
	<p n="117">
	  <s n="117"> Conclusion of effective international arrangements to assure non-nuclear-weapon States against the use or threat of use of nuclear weapons (resolution 58/35 of 8 December 2003). </s>
	</p>
	<p n="118">
	  <s n="118"> Prevention of an arms race in outer space (resolution 58/36 of 8 December 2003). </s>
	</p>
	<p n="119">
	  <s n="119"> General and complete disarmament: </s>
	</p>
	<p n="120">
	  <s n="120"> (a) Notification of nuclear tests (resolution 42/38 C of 30 November 1987); </s>
	</p>
	<p n="121">
	  <s n="121"> (b) Further measures in the field of disarmament for the prevention of an arms race on the sea-bed and the ocean floor and in the subsoil thereof (resolution 44/116 O of 15 December 1989); </s>
	</p>
	<p n="122">
	  <s n="122"> (c) Disarmament and non-proliferation education (resolution 57/60 of 22 November 2002); </s>
	</p>
	<p n="123">
	  <s n="123"> (d) Measures to uphold the authority of the 1925 Geneva Protocol (resolution 57/62 of 22 November 2002); </s>
	</p>
	<p n="124">
	  <s n="124"> (e) Relationship between disarmament and development (resolution 57/65 of 22 November 2002 and decision 58/520 of 8 December 2003); </s>
	</p>
	<p n="125">
	  <s n="125"> (f) Mongolia&apos;s international security and nuclear-weapon-free status (resolution 57/67 of 22 November 2002); </s>
	</p>
	<p n="126">
	  <s n="126"> (g) Missiles (resolutions 57/71 of 22 November 2002 and 58/37 of 8 December 2003); </s>
	</p>
	<p n="127">
	  <s n="127"> (h) Compliance with arms limitation and disarmament and non-proliferation agreements (resolution 57/86 of 22 November 2002); </s>
	</p>
	<p n="128">
	  <s n="128"> (i) Regional disarmament (resolution 58/38 of 8 December 2003); </s>
	</p>
	<p n="129">
	  <s n="129"> (j) Conventional arms control at the regional and subregional levels (resolution 58/39 of 8 December 2003); </s>
	</p>
	<p n="130">
	  <s n="130"> (k) Improving the effectiveness of the methods of work of the First Committee (resolution 58/41 of 8 December 2003); </s>
	</p>
	<p n="131">
	  <s n="131"> (l) National legislation on transfer of arms, military equipment and dual-use goods and technology (resolution 58/42 of 8 December 2003); </s>
	</p>
	<p n="132">
	  <s n="132"> (m) Confidence-building measures in the regional and subregional context (resolution 58/43 of 8 December 2003); </s>
	</p>
	<p n="133">
	  <s n="133"> (n) Promotion of multilateralism in the area of disarmament and non-proliferation (resolution 58/44 of 8 December 2003); </s>
	</p>
	<p n="134">
	  <s n="134"> (o) Observance of environmental norms in the drafting and implementation of agreements on disarmament and arms control (resolution 58/45 of 8 December 2003); </s>
	</p>
	<p n="135">
	  <s n="135"> (p) Follow-up to the advisory opinion of the International Court of Justice on the Legality of the Threat or Use of Nuclear Weapons (resolution 58/46 of 8 December 2003); </s>
	</p>
	<p n="136">
	  <s n="136"> (q) Reducing nuclear danger (resolution 58/47 of 8 December 2003); </s>
	</p>
	<p n="137">
	  <s n="137"> (r) Measures to prevent terrorists from acquiring weapons of mass destruction (resolution 58/48 of 8 December 2003); </s>
	</p>
	<p n="138">
	  <s n="138"> (s) Nuclear-weapon-free southern hemisphere and adjacent areas (resolution 58/49 of 8 December 2003); </s>
	</p>
	<p n="139">
	  <s n="139"> (t) Towards a nuclear-weapon-free world: a new agenda (resolution 58/51 of 8 December 2003); </s>
	</p>
	<p n="140">
	  <s n="140"> (u) Implementation of the Convention on the Prohibition of the Development, Production, Stockpiling and Use of Chemical Weapons and on Their Destruction (resolution 58/52 of 8 December 2003); </s>
	</p>
	<p n="141">
	  <s n="141"> (v) Implementation of the Convention on the Prohibition of the Use, Stockpiling, Production and Transfer of Anti-personnel Mines and on Their Destruction (resolution 58/53 of 8 December 2003); </s>
	</p>
	<p n="142">
	  <s n="142"> (w) Transparency in armaments (resolution 58/54 of 8 December 2003); </s>
	</p>
	<p n="143">
	  <s n="143"> (x) Nuclear disarmament (resolution 58/56 of 8 December 2003); </s>
	</p>
	<p n="144">
	  <s n="144"> (y) Assistance to States for curbing the illicit traffic in small arms and collecting them (resolution 58/58 of 8 December 2003); </s>
	</p>
	<p n="145">
	  <s n="145"> (z) The illicit trade in small arms and light weapons in all its aspects (resolution 58/241 of 23 December 2003); </s>
	</p>
	<p n="146">
	  <s n="146"> (aa) United Nations conference to identify ways of eliminating nuclear dangers in the context of nuclear disarmament (decision 58/517 of 8 December 2003); </s>
	</p>
	<p n="147">
	  <s n="147"> (bb) Establishment of a nuclear-weapon-free zone in Central Asia (decision 58/518 of 8 December 2003); </s>
	</p>
	<p n="148">
	  <s n="148"> (cc) Consolidation of peace through practical disarmament measures (decision 58/519 of 8 December 2003); </s>
	</p>
	<p n="149">
	  <s n="149"> (dd) Convening of the fourth special session of the General Assembly devoted to disarmament (decision 58/521 of 8 December 2003). </s>
	</p>
	<p n="150">
	  <s n="150"> Review and implementation of the Concluding Document of the Twelfth Special Session of the General Assembly: </s>
	</p>
	<p n="151">
	  <s n="151"> (a) United Nations Disarmament Information Programme (resolution 57/90 of 22 November 2002); </s>
	</p>
	<p n="152">
	  <s n="152"> (b) United Nations disarmament fellowship, training and advisory services (resolution 57/93 of 22 November 2002); </s>
	</p>
	<p n="153">
	  <s n="153"> (c) United Nations Regional Centre for Peace, Disarmament and Development in Latin America and the Caribbean (resolution 58/60 of 8 December 2003); </s>
	</p>
	<p n="154">
	  <s n="154"> (d) United Nations Regional Centre for Peace and Disarmament in Africa (resolution 58/61 of 8 December 2003); </s>
	</p>
	<p n="155">
	  <s n="155"> (e) United Nations Regional Centre for Peace and Disarmament in Asia and the Pacific (resolution 58/62 of 8 December 2003); </s>
	</p>
	<p n="156">
	  <s n="156"> (f) United Nations regional centres for peace and disarmament (resolution 58/63 of 8 December 2003); </s>
	</p>
	<p n="157">
	  <s n="157"> (g) Convention on the Prohibition of the Use of Nuclear Weapons (resolution 58/64 of 8 December 2003); </s>
	</p>
	<p n="158">
	  <s n="158"> (h) Regional confidence-building measures: activities of the United Nations Standing Advisory Committee on Security Questions in Central Africa (resolution 58/65 of 8 December 2003). </s>
	</p>
	<p n="159">
	  <s n="159"> Review of the implementation of the recommendations and decisions adopted by the General Assembly at its tenth special session: </s>
	</p>
	<p n="160">
	  <s n="160"> (a) Advisory Board on Disarmament Matters (resolution 38/183 O of 20 December 1983); </s>
	</p>
	<p n="161">
	  <s n="161"> (b) United Nations Institute for Disarmament Research (resolution 39/148 H of 17 December 1984); </s>
	</p>
	<p n="162">
	  <s n="162"> (c) Report of the Conference on Disarmament (resolution 58/66 of 8 December 2003); </s>
	</p>
	<p n="163">
	  <s n="163"> (d) Report of the Disarmament Commission (resolution 58/67 of 8 December 2003). </s>
	</p>
	<p n="164">
	  <s n="164"> The risk of nuclear proliferation in the Middle East (resolution 58/68 of 8 December 2003). </s>
	</p>
	<p n="165">
	  <s n="165"> Convention on Prohibitions or Restrictions on the Use of Certain Conventional Weapons Which May Be Deemed to Be Excessively Injurious or to Have Indiscriminate Effects (resolution 58/69 of 8 December 2003). </s>
	</p>
	<p n="166">
	  <s n="166"> Strengthening of security and cooperation in the Mediterranean region (resolution 58/70 of 8 December 2003). </s>
	</p>
	<p n="167">
	  <s n="167"> Comprehensive Nuclear-Test-Ban Treaty (resolution 58/71 of 8 December 2003). </s>
	</p>
	<p n="168">
	  <s n="168"> Convention on the Prohibition of the Development, Production and Stockpiling of Bacteriological (Biological) and Toxin Weapons and on Their Destruction (resolution 58/72 of 8 December 2003). </s>
	</p>
	<p n="169">
	  <s n="169"> Effects of atomic radiation (resolution 58/88 of 9 December 2003). </s>
	</p>
	<p n="170">
	  <s n="170"> International cooperation in the peaceful uses of outer space (resolution 58/89 of 9 December 2003). </s>
	</p>
	<p n="171">
	  <s n="171"> United Nations Relief and Works Agency for Palestine Refugees in the Near East (resolutions 58/91 to 58/95 of 9 December 2003).2 </s>
	</p>
	<p n="172">
	  <s n="172"> Report of the Special Committee to Investigate Israeli Practices Affecting the Human Rights of the Palestinian People and Other Arabs of the Occupied Territories (resolutions 58/96 to 58/100 of 9 December 2003). </s>
	</p>
	<p n="173">
	  <s n="173"> Comprehensive review of the whole question of peacekeeping operations in all their aspects.5 </s>
	</p>
	<p n="174">
	  <s n="174"> Questions relating to information (resolutions 58/101 A and B of 9 December 2003). </s>
	</p>
	<p n="175">
	  <s n="175"> Information from Non-Self-Governing Territories transmitted under Article 73 e of the Charter of the United Nations (resolution 58/102 of 9 December 2003). </s>
	</p>
	<p n="176">
	  <s n="176"> 82 Economic and other activities which affect the interests of the peoples of the Non-Self-Governing Territories (resolution 58/103 of 9 December 2003). </s>
	</p>
	<p n="177">
	  <s n="177"> Implementation of the Declaration on the Granting of Independence to Colonial Countries and Peoples by the specialized agencies and the international institutions associated with the United Nations (resolution 58/104 of 9 December 2003). </s>
	</p>
	<p n="178">
	  <s n="178"> Offers by Member States of study and training facilities for inhabitants of Non-Self-Governing Territories (resolution 58/105 of 9 December 2003). </s>
	</p>
	<p n="179">
	  <s n="179"> Question of the Malagasy islands of Glorieuses, Juan de Nova, Europa and Bassas da India (decision 58/503 of 19 September 2003). </s>
	</p>
	<p n="180">
	  <s n="180"> Macroeconomic policy questions: </s>
	</p>
	<p n="181">
	  <s n="181"> (a) International trade and development (resolutions 1995 (XIX) of 30 December 1964, 55/182 of 20 December 2000 and 58/197 of 23 December 2003); </s>
	</p>
	<p n="182">
	  <s n="182"> (b) International financial system and development (resolution 58/202 of 23 December 2003); </s>
	</p>
	<p n="183">
	  <s n="183"> (c) External debt crisis and development (resolution 58/203 of 23 December 2003); </s>
	</p>
	<p n="184">
	  <s n="184"> (d) Commodities (resolutions 57/236 of 20 December 2002 and 58/204 of 23 December 2003). </s>
	</p>
	<p n="185">
	  <s n="185"> Follow-up to and implementation of the outcome of the International Conference on Financing for Development (resolutions 57/272 of 20 December 2002 and 58/230 of 23 December 2003). </s>
	</p>
	<p n="186">
	  <s n="186"> Sustainable development (resolutions 2997 (XXVII) of 15 December 1972, 39/229 of 18 December 1984, 57/251 and 57/252 of 20 December 2002 and 58/209 of 23 December 2003): </s>
	</p>
	<p n="187">
	  <s n="187"> (a) Implementation of Agenda 21, the Programme for the Further Implementation of Agenda 21 and the outcomes of the World Summit on Sustainable Development (resolutions 47/191 of 22 December 1992 and 58/218 of 23 December 2003 and Economic and Social Council resolution 2000/35 of 18 October 2000); </s>
	</p>
	<p n="188">
	  <s n="188"> (b) Further implementation of the Programme of Action for the Sustainable Development of Small Island Developing States (resolutions 57/261 of 20 December 2002 and 58/213 of 23 December 2003); </s>
	</p>
	<p n="189">
	  <s n="189"> (c) International Strategy for Disaster Reduction (resolutions 57/255 of 20 December 2002 and 58/214 and 58/215 of 23 December 2003);2 </s>
	</p>
	<p n="190">
	  <s n="190"> (d) Protection of global climate for present and future generations of mankind (resolution 58/243 of 23 December 2003); </s>
	</p>
	<p n="191">
	  <s n="191"> (e) Implementation of the United Nations Convention to Combat Desertification in Those Countries Experiencing Serious Drought and/or Desertification, Particularly in Africa (resolution 58/242 of 23 December 2003); </s>
	</p>
	<p n="192">
	  <s n="192"> (f) Convention on Biological Diversity (resolution 58/212 of 23 December 2003); </s>
	</p>
	<p n="193">
	  <s n="193"> (g) United Nations Decade of Education for Sustainable Development (resolution 58/219 of 23 December 2003). </s>
	</p>
	<p n="194">
	  <s n="194"> Implementation of the outcome of the Second United Nations Conference on Human Settlements (Habitat II) and of the twenty-fifth special session of the General Assembly (resolution 58/226 of 23 December 2003). </s>
	</p>
	<p n="195">
	  <s n="195"> Globalization and interdependence (resolution 57/237 of 20 December 2002 and decision 58/545 of 23 December 2003): </s>
	</p>
	<p n="196">
	  <s n="196"> (a) Globalization and interdependence (resolution 58/225 of 23 December 2003); </s>
	</p>
	<p n="197">
	  <s n="197"> (b) International migration and development (resolution 58/208 of 23 December 2003); </s>
	</p>
	<p n="198">
	  <s n="198"> (c) Preventing and combating corrupt practices and transfer of funds of illicit origin and returning such assets to the countries of origin (resolution 58/205 of 23 December 2003); </s>
	</p>
	<p n="199">
	  <s n="199"> (d) Culture and development (resolution 57/249 of 20 December 2002); </s>
	</p>
	<p n="200">
	  <s n="200"> (e) Integration of the economies in transition into the world economy (resolutions 48/181 of 21 December 1993 and 57/247 of 20 December 2002). </s>
	</p>
	<p n="201">
	  <s n="201"> Groups of countries in special situations: </s>
	</p>
	<p n="202">
	  <s n="202"> (a) Third United Nations Conference on the Least Developed Countries (resolutions 57/276 of 20 December 2002 and 58/228 of 23 December 2003 and Economic and Social Council resolution 2003/17 of 22 July 2003); </s>
	</p>
	<p n="203">
	  <s n="203"> (b) Specific actions related to the particular needs and problems of landlocked developing countries: outcome of the International Ministerial Conference of Landlocked and Transit Developing Countries and Donor Countries and International Financial and Development Institutions on Transit Transport Cooperation (resolution 58/201 of 23 December 2003). </s>
	</p>
	<p n="204">
	  <s n="204"> Eradication of poverty and other development issues (resolution 50/130 of 20 December 1995): </s>
	</p>
	<p n="205">
	  <s n="205"> (a) Implementation of the first United Nations Decade for the Eradication of Poverty (1997-2006) (resolutions 58/221 and 58/222 of 23 December 2003); </s>
	</p>
	<p n="206">
	  <s n="206"> (b) Women in development (resolutions 42/178 of 11 December 1987, 54/210 of 22 December 1999, 56/188 of 21 December 2001 and 58/206 of 23 December 2003); </s>
	</p>
	<p n="207">
	  <s n="207"> (c) Industrial development cooperation (resolution 57/243 of 20 December 2002). </s>
	</p>
	<p n="208">
	  <s n="208"> Operational activities for development: </s>
	</p>
	<p n="209">
	  <s n="209"> (a) Operational activities for development of the United Nations system (resolution 39/125 of 14 December 1984); </s>
	</p>
	<p n="210">
	  <s n="210"> (b) Triennial comprehensive policy review of operational activities for development of the United Nations system (resolutions 35/81 of 5 December 1980 and 56/201 of 21 December 2001 and decision 57/548 of 20 December 2002 and Economic and Social Council resolution 2003/3 of 11 July 2003). </s>
	</p>
	<p n="211">
	  <s n="211"> Permanent sovereignty of the Palestinian people in the Occupied Palestinian Territory, including East Jerusalem, and of the Arab population in the occupied Syrian Golan over their natural resources (resolution 58/229 of 23 December 2003 and Economic and Social Council resolution 2003/59 of 24 July 2003). </s>
	</p>
	<p n="212">
	  <s n="212"> Training and research: </s>
	</p>
	<p n="213">
	  <s n="213"> (a) United Nations Institute for Training and Research (resolutions 1934 (XVIII) of 11 December 1963 and 58/223 of 23 December 2003); </s>
	</p>
	<p n="214">
	  <s n="214"> (b) United Nations University (resolutions 3081 (XXVIII) of 6 December 1973, 48/162 of 20 December 1993 and 57/267 of 20 December 2002 and decision 52/450 of 18 December 1997). </s>
	</p>
	<p n="215">
	  <s n="215"> Implementation of the outcome of the World Summit for Social Development and of the twenty-fourth special session of the General Assembly (resolution 58/130 of 22 December 2003). </s>
	</p>
	<p n="216">
	  <s n="216"> Social development, including questions relating to the world social situation and to youth, ageing, disabled persons and the family (resolutions 57/164 and 57/166 of 18 December 2002 and 58/15 of 3 December 2003). </s>
	</p>
	<p n="217">
	  <s n="217"> Follow-up to the International Year of Older Persons: Second World Assembly on Ageing (resolution 58/134 of 22 December 2003). </s>
	</p>
	<p n="218">
	  <s n="218"> Crime prevention and criminal justice (resolutions 58/4 of 31 October 2003 and 58/135, 58/136 and 58/138 to 58/140 of 22 December 2003). </s>
	</p>
	<p n="219">
	  <s n="219"> International drug control (resolutions 48/112 of 20 December 1993 and 58/141 of 22 December 2003). </s>
	</p>
	<p n="220">
	  <s n="220"> Advancement of women (resolutions 34/180 of 18 December 1979, 39/125 of 14 December 1984, 45/124 of 14 December 1990, 57/176 of 18 December 2002 and 57/311 of 18 June 2003 and 58/144 and 58/185 of 22 December 2003 and 58/244 of 23 December 2003). </s>
	</p>
	<p n="221">
	  <s n="221"> Implementation of the outcome of the Fourth World Conference on Women and of the twenty-third special session of the General Assembly, entitled “Women 2000: gender equality, development and peace for the twenty-first century” (resolutions 50/203 of 22 December 1995, 57/179, 57/181 and 57/182 of 18 December 2002 and 58/148 of 22 December 2003). </s>
	</p>
	<p n="222">
	  <s n="222"> Report of the United Nations High Commissioner for Refugees, questions relating to refugees, returnees and displaced persons and humanitarian questions (resolutions 428 (V) of 14 December 1950, 57/184 of 18 December 2002 and 58/149 and 58/151 of 22 December 2003). </s>
	</p>
	<p n="223">
	  <s n="223"> Promotion and protection of the rights of children (resolutions 44/25 of 20 November 1989 and 58/157 of 22 December 2003). </s>
	</p>
	<p n="224">
	  <s n="224"> Programme of activities for the International Decade of the World&apos;s Indigenous People, 1995-2004 (resolutions 57/192 of 18 December 2002 and 58/158 of 22 December 2003). </s>
	</p>
	<p n="225">
	  <s n="225"> Elimination of racism and racial discrimination: </s>
	</p>
	<p n="226">
	  <s n="226"> (a) Elimination of racism and racial discrimination (resolutions 2106 A (XX) of 21 December 1965, 3380 (XXX) of 10 November 1975, 56/266 of 27 March 2002, 57/194 of 18 December 2002 and 58/159 and 58/160 of 22 December 2003); </s>
	</p>
	<p n="227">
	  <s n="227"> (b) Comprehensive implementation of and follow-up to the Durban Declaration and Programme of Action (resolution 58/160 of 22 December 2003). </s>
	</p>
	<p n="228">
	  <s n="228"> Right of peoples to self-determination (resolutions 58/161 and 58/162 of 22 December 2003). </s>
	</p>
	<p n="229">
	  <s n="229"> Human rights questions: </s>
	</p>
	<p n="230">
	  <s n="230"> (a) Implementation of human rights instruments (resolutions 2200 A (XXI) of 16 December 1966, 39/46 of 10 December 1984, 57/202 of 18 December 2002 and 58/164 and 58/166 of 22 December 2003); </s>
	</p>
	<p n="231">
	  <s n="231"> (b) Human rights questions, including alternative approaches for improving the effective enjoyment of human rights and fundamental freedoms (resolutions 57/207, 57/210, 57/211, 57/213 to 57/215, 57/221 and 57/227 of 18 December 2002 and 58/168, 58/170 to 58/173, 58/176, 58/178, 58/181, 58/184 to 58/188, 58/190 and 58/193 of 22 December 2003 and 58/246 of 23 December 2003);2 </s>
	</p>
	<p n="232">
	  <s n="232"> (c) Human rights situations and reports of special rapporteurs and representatives (resolutions 58/195 and 58/196 of 22 December 2003 and 58/247 of 23 December 2003); </s>
	</p>
	<p n="233">
	  <s n="233"> (d) Comprehensive implementation of and follow-up to the Vienna Declaration and Programme of Action (resolution 48/121 of 20 December 1993); </s>
	</p>
	<p n="234">
	  <s n="234"> (e) Report of the United Nations High Commissioner for Human Rights (resolution 48/141 of 20 December 1993). </s>
	</p>
	<p n="235">
	  <s n="235"> Financial reports and audited financial statements, and reports of the Board of Auditors (resolution 58/249 of 23 December 2003):2 </s>
	</p>
	<p n="236">
	  <s n="236"> (a) United Nations; </s>
	</p>
	<p n="237">
	  <s n="237"> (b) United Nations Development Programme; </s>
	</p>
	<p n="238">
	  <s n="238"> (c) United Nations Children&apos;s Fund; </s>
	</p>
	<p n="239">
	  <s n="239"> (d) United Nations Relief and Works Agency for Palestine Refugees in the Near East; </s>
	</p>
	<p n="240">
	  <s n="240"> (e) United Nations Institute for Training and Research; </s>
	</p>
	<p n="241">
	  <s n="241"> (f) Voluntary funds administered by the United Nations High Commissioner for Refugees; </s>
	</p>
	<p n="242">
	  <s n="242"> (g) Fund of the United Nations Environment Programme; </s>
	</p>
	<p n="243">
	  <s n="243"> (h) United Nations Population Fund; </s>
	</p>
	<p n="244">
	  <s n="244"> (i) United Nations Habitat and Human Settlements Foundation; </s>
	</p>
	<p n="245">
	  <s n="245"> (j) Fund of the United Nations International Drug Control Programme; </s>
	</p>
	<p n="246">
	  <s n="246"> (k) United Nations Office for Project Services; </s>
	</p>
	<p n="247">
	  <s n="247"> (l) International Tribunal for the Prosecution of Persons Responsible for Serious Violations of International Humanitarian Law Committed in the Territory of the Former Yugoslavia since 1991; </s>
	</p>
	<p n="248">
	  <s n="248"> (m) International Criminal Tribunal for the Prosecution of Persons Responsible for Genocide and Other Serious Violations of International Humanitarian Law Committed in the Territory of Rwanda and Rwandan Citizens Responsible for Genocide and Other Such Violations Committed in the Territory of Neighbouring States between 1 January and 31 December 1994. </s>
	</p>
	<p n="249">
	  <s n="249"> Review of the efficiency of the administrative and financial functioning of the United Nations (resolutions 57/279 of 20 December 2002, 57/281 B of 18 June 2003 and 58/276 to 58/278 of 23 December 2003).2 </s>
	</p>
	<p n="250">
	  <s n="250"> Programme budget for the biennium 2004-2005 (resolutions 56/285 of 27 June 2002, 57/292 of 20 December 2002, 57/311 of 18 June 2003 and 58/242, 58/243, 58/253, 58/255, 58/267 A, 58/270, 58/272 and 58/273 of 23 December 2003 and decisions 57/562 of 20 December 2002 and 57/589 of 18 June 2003).2 </s>
	</p>
	<p n="251">
	  <s n="251"> Programme planning (resolution 58/268 of 23 December 2003).2 </s>
	</p>
	<p n="252">
	  <s n="252"> Improving the financial situation of the United Nations.4 </s>
	</p>
	<p n="253">
	  <s n="253"> Administrative and budgetary coordination of the United Nations with the specialized agencies and the International Atomic Energy Agency (decision 57/557 of 20 December 2002). </s>
	</p>
	<p n="254">
	  <s n="254"> Pattern of conferences (resolution 58/250 of 23 December 2003)2 </s>
	</p>
	<p n="255">
	  <s n="255"> Scale of assessments for the apportionment of the expenses of the United Nations (resolution 58/1 B of 23 December 2003).2 </s>
	</p>
	<p n="256">
	  <s n="256"> Human resources management (resolutions 57/281 B of 18 June 2003 and 57/305 of 15 April 2003 and 58/270 of 23 December 2003).4 </s>
	</p>
	<p n="257">
	  <s n="257"> Joint Inspection Unit (resolution 57/284 of 20 December 2002).4 </s>
	</p>
	<p n="258">
	  <s n="258"> United Nations common system (resolutions 57/285 of 20 December 2002 and 58/251 of 23 December 2003). </s>
	</p>
	<p n="259">
	  <s n="259"> United Nations pension system (resolution 57/286 of 20 December 2002). </s>
	</p>
	<p n="260">
	  <s n="260"> Report of the Secretary-General on the activities of the Office of Internal Oversight Services (resolutions 48/218 B of 29 July 1994 and 54/244 of 23 December 1999).4 </s>
	</p>
	<p n="261">
	  <s n="261"> Review of the implementation of General Assembly resolutions 48/218 B and 54/244 (resolution 54/244 of 23 December 1999). </s>
	</p>
	<p n="262">
	  <s n="262"> Administration of justice at the United Nations (resolution 57/307 of 15 April 2003).4 </s>
	</p>
	<p n="263">
	  <s n="263"> Financing of the International Criminal Tribunal for the Prosecution of Persons Responsible for Genocide and Other Serious Violations of International Humanitarian Law Committed in the Territory of Rwanda and Rwandan Citizens Responsible for Genocide and Other Such Violations Committed in the Territory of Neighbouring States between 1 January and 31 December 1994 (resolution 58/253 of 23 December 2003).2 </s>
	</p>
	<p n="264">
	  <s n="264"> Financing of the International Tribunal for the Prosecution of Persons Responsible for Serious Violations of International Humanitarian Law Committed in the Territory of the Former Yugoslavia since 1991 (resolution 58/255 of 23 December 2003).2 </s>
	</p>
	<p n="265">
	  <s n="265"> Administrative and budgetary aspects of the financing of the United Nations peacekeeping operations (resolutions 57/314, 57/318 and 57/321 of 18 June 2003).2 </s>
	</p>
	<p n="266">
	  <s n="266"> Financing of the United Nations Angola Verification Mission and the United Nations Observer Mission in Angola.4 </s>
	</p>
	<p n="267">
	  <s n="267"> Financing of the United Nations Mission in Bosnia and Herzegovina.4 </s>
	</p>
	<p n="268">
	  <s n="268"> Financing of the United Nations Mission in Côte d&apos;Ivoire.5 </s>
	</p>
	<p n="269">
	  <s n="269"> Financing of the United Nations Peacekeeping Force in Cyprus.4 </s>
	</p>
	<p n="270">
	  <s n="270"> Financing of the United Nations Organization Mission in the Democratic Republic of the Congo.5 </s>
	</p>
	<p n="271">
	  <s n="271"> Financing of the United Nations Mission in East Timor.4 </s>
	</p>
	<p n="272">
	  <s n="272"> Financing of the United Nations Mission of Support in East Timor.5 </s>
	</p>
	<p n="273">
	  <s n="273"> Financing of the United Nations Mission in Ethiopia and Eritrea.4 </s>
	</p>
	<p n="274">
	  <s n="274"> Financing of the United Nations Observer Mission in Georgia.4 </s>
	</p>
	<p n="275">
	  <s n="275"> Financing of the activities arising from Security Council resolution 687 (1991):5 </s>
	</p>
	<p n="276">
	  <s n="276"> (a) United Nations Iraq-Kuwait Observation Mission; </s>
	</p>
	<p n="277">
	  <s n="277"> (b) Other activities. </s>
	</p>
	<p n="278">
	  <s n="278"> Financing of the United Nations Interim Administration Mission in Kosovo.4 </s>
	</p>
	<p n="279">
	  <s n="279"> Financing of the United Nations Mission in Liberia.5 </s>
	</p>
	<p n="280">
	  <s n="280"> Financing of the United Nations peacekeeping forces in the Middle East:4 </s>
	</p>
	<p n="281">
	  <s n="281"> (a) United Nations Disengagement Observer Force; </s>
	</p>
	<p n="282">
	  <s n="282"> (b) United Nations Interim Force in Lebanon. </s>
	</p>
	<p n="283">
	  <s n="283"> Financing of the United Nations Mission in Sierra Leone.4 </s>
	</p>
	<p n="284">
	  <s n="284"> Financing of the United Nations Mission for the Referendum in Western Sahara.4 </s>
	</p>
	<p n="285">
	  <s n="285"> Nationality of natural persons in relation to the succession of States (resolution 55/153 of 12 December 2000). </s>
	</p>
	<p n="286">
	  <s n="286"> Responsibility of States for internationally wrongful acts (resolution 56/83 of 12 December 2001). </s>
	</p>
	<p n="287">
	  <s n="287"> Status of the Protocols Additional to the Geneva Conventions of 1949 and relating to the protection of victims of armed conflicts (resolution 57/14 of 19 November 2002). </s>
	</p>
	<p n="288">
	  <s n="288"> Consideration of effective measures to enhance the protection, security and safety of diplomatic and consular missions and representatives (resolution 57/15 of 19 November 2002). </s>
	</p>
	<p n="289">
	  <s n="289"> Convention on jurisdictional immunities of States and their property (resolution 58/74 of 9 December 2003). </s>
	</p>
	<p n="290">
	  <s n="290"> Report of the United Nations Commission on International Trade Law on the work of its thirty-seventh session (resolution 58/75 of 9 December 2003). </s>
	</p>
	<p n="291">
	  <s n="291"> Report of the International Law Commission on the work of its fifty-sixth session (resolution 58/77 of 9 December 2003). </s>
	</p>
	<p n="292">
	  <s n="292"> Report of the Committee on Relations with the Host Country (resolution 58/78 of 9 December 2003). </s>
	</p>
	<p n="293">
	  <s n="293"> International Criminal Court (resolution 58/79 of 9 December 2003). </s>
	</p>
	<p n="294">
	  <s n="294"> Report of the Special Committee on the Charter of the United Nations and on the Strengthening of the Role of the Organization (resolutions 58/80 of 9 December 2003 and 58/248 of 23 December 2003). </s>
	</p>
	<p n="295">
	  <s n="295"> Measures to eliminate international terrorism (resolution 58/81 of 9 December 2003). </s>
	</p>
	<p n="296">
	  <s n="296"> Scope of legal protection under the Convention on the Safety of United Nations and Associated Personnel (resolution 58/82 of 9 December 2003). </s>
	</p>
	<p n="297">
	  <s n="297"> International convention against the reproductive cloning of human beings (decision 58/523 of 9 December 2003). </s>
	</p>
	<p n="298">
	  <s n="298"> For the text of rule 31, as amended, see resolution 56/509 of 8 July 2002. </s>
	</p>
	<p n="299">
	  <s n="299"> This item remains also on the agenda of the fifty-eighth session (decision 58/565 of 23 December 2003). </s>
	</p>
	<p n="300">
	  <s n="300"> For the text of rule 30, as amended, see resolution 56/509. </s>
	</p>
	<p n="301">
	  <s n="301"> This item, which has not yet been considered by the General Assembly at its fifty-eighth session, remains on the agenda of that session (decision 58/503 of 16 September 2003). </s>
	  <s n="302"> Its inclusion in the provisional agenda of the fifty-ninth session is subject to any action that the Assembly may take on it at its fifty-eighth session. </s>
	</p>
	<p n="302">
	  <s n="303"> This item remains on the agenda of the fifty-eighth session (decision 58/565 of 23 December 2003). </s>
	  <s n="304"> Its inclusion in the provisional agenda of the fifty-ninth session is subject to any action that the General Assembly may take on it at its fifty-eighth session. </s>
	</p>
	<p n="303">
	  <s n="305"> The title of this item in the preliminary list is worded as it appears in the provisional programme of work of the Second Committee for 2004 approved by the General Assembly in its decision 58/553 of 23 December 2003. </s>
	  <s n="306"> The General Assembly had earlier, in resolutions 58/213, 58/214, 58/215 and 58/219 of 23 December 2003, used the title “Environment and sustainable development”. </s>
	</p>
	<p n="304">
	  <s n="307"> The title of this sub-item in the preliminary list is worded as it appears in the provisional programme of work of the Second Committee for 2004 approved by the General Assembly in its decision 58/553 of 23 December 2003. </s>
	  <s n="308"> The General Assembly had earlier decided, in resolution 58/213 of 23 December 2003, to include in the provisional agenda of its fifty-ninth session, under the item entitled “Environment and sustainable development”, a sub-item entitled “Further implementation of the outcome of the Global Conference on the Sustainable Development of Small Island Developing States: follow-up of the outcomes of the International Meeting to review the implementation of the Barbados Programme of Action”. </s>
	</p>
	<p n="305">
	  <s n="309"> The title of this item in the preliminary list is worded as it appears in the provisional programme of work of the Second Committee for 2004 approved by the General Assembly in its decision 58/553 of 23 December 2003. </s>
	  <s n="310"> The General Assembly had earlier decided, in resolution 58/226 of 23 December 2003, to include in the provisional agenda of its fifty-ninth session an item entitled “Special session of the General Assembly for an overall review and appraisal of the implementation of the outcome of the United Nations Conference on Human Settlements (Habitat II) and the strengthening of the United Nations Human Settlements Programme (UN-Habitat)”. </s>
	</p>
	<p n="306">
	  <s n="311"> The title of this sub-item in the preliminary list is worded as it appears in the provisional programme of work of the Second Committee for 2004 approved by the General Assembly in its decision 58/553 of 23 December 2003. </s>
	  <s n="312"> The General Assembly had earlier decided, in resolution 58/205 of 23 December 2003, to include in the provisional agenda of its fifty-ninth session a sub-item entitled “Preventing and combating corrupt practices and transfer of funds and assets of illicit origin and returning such funds and assets to the countries of origin”. </s>
	</p>
	</body>
</text>
</DOC>