<?xml version="1.0" encoding="UTF-8"?>
<DOC lang="English" n="N0561919" id="A/60/568" date="2005/11/28">
<text>
	<body>
	<p n="1">
	  <s n="1"> Sixtieth session </s>
	</p>
	<p n="2">
	  <s n="2"> Agenda items 46 and 120 </s>
	</p>
	<p n="3">
	  <s n="3"> Integrated and coordinated implementation of and follow-up to the outcomes of the major United Nations conferences and summits in the economic, social and related fields </s>
	</p>
	<p n="4">
	  <s n="4"> Follow-up to the outcome of the Millennium Summit </s>
	</p>
	<p n="5">
	  <s n="5"> Implementation of decisions from the 2005 World Summit Outcome for action by the Secretary-General </s>
	</p>
	<p n="6">
	  <s n="6"> Ethics office; comprehensive review of governance arrangements, including an independent external evaluation of the auditing and oversight system; and the independent audit advisory committee </s>
	</p>
	<p n="7">
	  <s n="7"> Report of the Secretary-General </s>
	</p>
	<p n="8">
	  <s n="8"> Introduction </s>
	</p>
	<p n="9">
	  <s n="9"> The General Assembly, in its resolution 60/1 of 16 September 2005, entitled “2005 World Summit Outcome”, requested the Secretary-General to, inter alia, take a number of actions for strengthening the United Nations in the context of Secretariat and management reform. </s>
	  <s n="10"> The present report addresses the issues related to the General Assembly&apos;s request that the Secretary-General: </s>
	</p>
	<p n="10">
	  <s n="11"> (a) Submit details on an ethics office with independent status, which he intends to create (para. </s>
	  <s n="12"> 161 (d)); </s>
	</p>
	<p n="11">
	  <s n="13"> (b) Submit an independent external evaluation of the auditing and oversight system of the United Nations, including the specialized agencies, and the roles and responsibilities of management, with due regard to the nature of the auditing and oversight bodies in question; the evaluation would take place within the context of the comprehensive review of governance arrangements (para. </s>
	  <s n="14"> 164 (b)); </s>
	</p>
	<p n="12">
	  <s n="15"> (c) Submit detailed proposals on the creation of an independent oversight advisory committee, including its mandate, composition, selection process and qualification of experts (para. </s>
	  <s n="16"> 164 (c)). </s>
	</p>
	<p n="13">
	  <s n="17"> Ethics office </s>
	</p>
	<p n="14">
	  <s n="18"> In paragraph 161 (d) of the World Summit Outcome, the General Assembly welcomed the Secretary-General&apos;s efforts to ensure ethical conduct, more extensive financial disclosure for United Nations officials and enhanced protection for those who reveal wrongdoing within the Organization. </s>
	  <s n="19"> It also urged the Secretary-General to scrupulously apply the existing standards of conduct and develop a system-wide code of ethics for all United Nations personnel. </s>
	  <s n="20"> In this connection, the Assembly requested the Secretary-General to submit to it at its sixtieth session details of an ethics office with independent status, which he intends to create. </s>
	</p>
	<p n="15">
	  <s n="21"> The Charter of the United Nations, in Article 101, paragraph 3, provides that all staff members are required to meet the highest standards of efficiency, competence and integrity. </s>
	  <s n="22"> The basic principles governing the conduct of staff members are spelled out in Staff Regulations approved by the General Assembly and the Staff Rules, which are promulgated by the Secretary-General and reported to the General Assembly. </s>
	  <s n="23"> At the common system level, in 2001, the International Civil Service Commission revised and adopted the standards of conduct for the international civil service as set out in ST/SGB/2002/13 (“Status, basic rights and duties of United Nations staff members”). </s>
	  <s n="24"> Although these documents are readily available to staff, there is currently no effective mechanism in place to coordinate ethics-related initiatives within the Organization and to ensure that all staff are actively aware of, and updated on, ethics issues. </s>
	</p>
	<p n="16">
	  <s n="25"> Staff members expressed concern about the ethics climate within the United Nations in the 2004 integrity perception survey. </s>
	  <s n="26"> Similar concerns were raised by the reports of the Independent Inquiry Committee on the oil-for-food programme. </s>
	  <s n="27"> In addition, recent events have created the imperative to establish new mechanisms to improve ethics within the Organization. </s>
	  <s n="28"> The creation of an ethics office is central to this effort. </s>
	  <s n="29"> At the time of writing, the proposed terms of reference of the ethics office are under consultation with staff representatives. </s>
	</p>
	<p n="17">
	  <s n="30"> The Secretary-General&apos;s report “In larger freedom: towards development, security and human rights for all” (A/59/2005), submitted to the General Assembly in March 2005, included broad proposals to accelerate management reform in the Secretariat, to make it more transparent and accountable and better equipped to deal with the needs and challenges of the twenty-first century. </s>
	  <s n="31"> Since that time, some of the specific management reform initiatives considered as means to strengthen transparency, accountability and ethical conduct in the Secretariat have included reforming and expanding the regime of financial disclosure for senior officials, the creation of a policy of protection for staff members against retaliation for reporting suspected misconduct and annual ethics training for all staff. </s>
	  <s n="32"> In addition, the establishment of a United Nations ethics office will provide a focal point within the Secretariat for ethics issues. </s>
	</p>
	<p n="18">
	  <s n="33"> Certain details, including the related resource requirements, of the proposed ethics office are contained in section 1, Overall policymaking, direction and coordination, under part II of the revised estimates of the proposed programme budget for the biennium 2006-2007 (A/60/537), in relation to the World Summit Outcome document. </s>
	  <s n="34"> Further details of the ethics office are set out for information purposes in annex I below. </s>
	</p>
	<p n="19">
	  <s n="35"> Comprehensive review of governance arrangements, including an independent external evaluation of the auditing and oversight system </s>
	</p>
	<p n="20">
	  <s n="36"> It is recalled that the General Assembly, in its resolution 57/278 A, requested the Secretary-General and the executive heads of the funds and programmes of the United Nations to examine governance structures, principles and accountability throughout the United Nations system and to make proposals on the future format and consideration of the reports of the Board of Auditors by the respective executive boards and the General Assembly. </s>
	  <s n="37"> This request was subsequently reiterated in resolution 59/264 A. </s>
	  <s n="38"> Pursuant to paragraph 164 (b) of resolution 60/1, the Secretary-General has prepared terms of reference for a comprehensive review of governance arrangements, including an independent external evaluation of the auditing and oversight system of the United Nations, including the specialized agencies, including the roles and responsibilities of management, with due regard to the nature of the auditing and oversight bodies in question. </s>
	</p>
	<p n="21">
	  <s n="39"> The Audit Operations Committee of the United Nations Board of Auditors, the Office of Internal Oversight Services and members of the High Level Committee on Management of the United Nations System Chief Executives Board for Coordination have been consulted on the terms of reference for the independent external evaluation, which appear in annex II below. </s>
	  <s n="40"> The Secretary-General proposes that consultants undertake the review. </s>
	  <s n="41"> It is proposed that a steering committee, composed of international independent experts in the field of governance and oversight, be established with the responsibility to coordinate and supervise the development and implementation of the entire project. </s>
	  <s n="42"> The steering committee will be assisted in its role by the consultants, who will undertake the technical research and the drafting of the proposed evaluation. </s>
	</p>
	<p n="22">
	  <s n="43"> The evaluation will consist of two main elements: a governance and oversight review, to be completed in two phases, and a review of the Office of Internal Oversight Services. </s>
	  <s n="44"> Phase 1 of the governance and oversight review will apply to the United Nations and its funds, programmes and specialized agencies. </s>
	  <s n="45"> Phase 2 will cover only the United Nations and selected representative funds, programmes and specialized agencies. </s>
	  <s n="46"> Annex II provides information outlining detailed terms of reference for the evaluation. </s>
	  <s n="47"> Some information is also provided, together with estimated resource requirements, under part II of the revised estimates of the proposed programme budget for the biennium 2006-2007 (A/60/537) in relation to the World Summit Outcome document. </s>
	</p>
	<p n="23">
	  <s n="48"> Independent Audit Advisory Committee </s>
	</p>
	<p n="24">
	  <s n="49"> Pursuant to paragraph 164 (c) of General Assembly resolution 60/1, the Secretary-General is submitting herein detailed proposals on the creation of an independent oversight advisory committee. </s>
	  <s n="50"> In this connection, it is noted that the Assembly did not assign a particular formal title. </s>
	  <s n="51"> It did, however, indicate that the committee would be both independent and advisory with respect to oversight matters. </s>
	  <s n="52"> This role would in practice focus on audit matters. </s>
	  <s n="53"> It is therefore proposed that the formal title be the Independent Audit Advisory Committee. </s>
	  <s n="54"> The provisional terms of reference, as presented for information purposes in annex III below, have been drafted with this scope in mind. </s>
	  <s n="55"> Some information is also provided, together with estimated resource requirements, under part II of the revised estimates of the proposed programme budget for the biennium 2006-2007 (A/60/537) in relation to the World Summit Outcome document. </s>
	</p>
	<p n="25">
	  <s n="56"> The proposed terms of reference for the Independent Audit Advisory Committee draw on practices of public-sector management aimed at making organizations and Governments accountable for what they do. </s>
	  <s n="57"> The purpose is to help the Secretary-General and the General Assembly better exercise governance responsibilities with respect to the various operations of the United Nations and to ensure that the United Nations audit processes are operating efficiently and effectively within their legal and policy responsibilities, pursuant to legislative mandates. </s>
	</p>
	<p n="26">
	  <s n="58"> As requested by the General Assembly, the terms of reference include details on the required composition, level of independence and qualification of Committee members. </s>
	  <s n="59"> It is proposed that the Committee consist of five or seven external experts and meet on a quarterly basis. </s>
	  <s n="60"> In keeping with best practices, all Committee members must have relevant financial experience and be independent of the Secretariat and Member State Governments. </s>
	</p>
	<p n="27">
	  <s n="61"> The above arrangements for the Independent Audit Advisory Committee would be subject to review in the context of the above-mentioned comprehensive review of governance arrangements, including the independent external evaluation of the auditing and oversight system. </s>
	  <s n="62"> It should be noted that the proposed Independent Audit Advisory Committee is separate and distinct from the internal mechanism established by the Secretary-General to assist him in ensuring compliance, within the Secretariat, with recommendations arising from audits and investigations. </s>
	</p>
	<p n="28">
	  <s n="63"> Conclusions and recommendations </s>
	</p>
	<p n="29">
	  <s n="64"> The General Assembly may wish to take note of the present report and its annexes and to approve: </s>
	</p>
	<p n="30">
	  <s n="65"> (a) The establishment of an ethics office, as proposed above; </s>
	</p>
	<p n="31">
	  <s n="66"> (b) The conduct of an independent external evaluation of governance, oversight and auditing in the United Nations system, as proposed above; </s>
	</p>
	<p n="32">
	  <s n="67"> (c) The establishment of an Independent Audit Advisory Committee and its mandate, composition, selection process and qualification of experts, as proposed above. </s>
	</p>
	<p n="33">
	  <s n="68"> Annex I </s>
	</p>
	<p n="34">
	  <s n="69"> Establishment of an ethics office </s>
	</p>
	<p n="35">
	  <s n="70"> Overview of functions of the ethics office </s>
	</p>
	<p n="36">
	  <s n="71"> Objective </s>
	</p>
	<p n="37">
	  <s n="72"> The objective of the ethics office will be to assist the Secretary-General in ensuring that all staff members observe and perform their functions in consistency with the highest standards of integrity, as required by the Charter of the United Nations, through: </s>
	</p>
	<p n="38">
	  <s n="73"> (a) Fostering a culture of ethics, transparency and accountability; </s>
	</p>
	<p n="39">
	  <s n="74"> (b) Developing and disseminating standards for appropriate professional conduct; </s>
	</p>
	<p n="40">
	  <s n="75"> (c) Providing leadership, management and oversight of the United Nations ethics infrastructure. </s>
	</p>
	<p n="41">
	  <s n="76"> Main responsibilities </s>
	</p>
	<p n="42">
	  <s n="77"> The main responsibilities of the ethics office will be as follows (further details of each of these activities are set out in section B below): </s>
	</p>
	<p n="43">
	  <s n="78"> (a) Administering the Organization&apos;s financial disclosure programme; </s>
	</p>
	<p n="44">
	  <s n="79"> (b) Undertaking the responsibilities assigned to it under the Organization&apos;s policy for the protection of staff against retaliation for reporting misconduct; </s>
	</p>
	<p n="45">
	  <s n="80"> (c) Providing confidential advice and guidance to staff on ethical issues (e.g., conflict of interest), including administering an ethics helpline; </s>
	</p>
	<p n="46">
	  <s n="81"> (d) Developing standards, training and education on ethics issues, in coordination with the Office of Human Resources Management and other offices as appropriate, including ensuring annual ethics training for all staff. </s>
	</p>
	<p n="47">
	  <s n="82"> Confidential records </s>
	</p>
	<p n="48">
	  <s n="83"> The ethics office will maintain confidential records of advice given by it and reports made to it. </s>
	</p>
	<p n="49">
	  <s n="84"> Reporting </s>
	</p>
	<p n="50">
	  <s n="85"> The ethics office will provide reports regularly to the Secretary-General. </s>
	  <s n="86"> The reports will include an overview of the activities of the office and any evaluations and assessments conducted by it relating to such activities. </s>
	  <s n="87"> While not disclosing the identity of persons who consult the ethics office, the reports will note the types of issues raised and patterns and trends identified. </s>
	  <s n="88"> The office will also comment on rules, regulations, policies, procedures and practices that have come to its attention, and could make recommendations as appropriate. </s>
	</p>
	<p n="51">
	  <s n="89"> Relationships with other offices </s>
	</p>
	<p n="52">
	  <s n="90"> The ethics office will not replace any existing mechanisms available to staff for the reporting of misconduct or the resolution of grievances. </s>
	  <s n="91"> For example, if a case of misconduct were reported to the ethics office, it would refer the matter to the Office of Internal Oversight Services for investigation. </s>
	  <s n="92"> If the concern raised by a staff member related to an interpersonal problem within a particular office, the ethics office would advise the staff member concerned of the existence of the Office of the Ombudsman, as well as the other informal mechanisms of conflict resolution in the Organization. </s>
	</p>
	<p n="53">
	  <s n="93"> The ethics office will develop working relationships with other offices and departments, including the Office of Internal Oversight Services, the Office of Human Resources Management, the Office of Legal Affairs and the Office of the Ombudsman, to ensure satisfactory coordination, consistent advice on law and policy and the making of appropriate referrals and/or recommendations. </s>
	</p>
	<p n="54">
	  <s n="94"> Details of the main responsibilities of the ethics office </s>
	</p>
	<p n="55">
	  <s n="95"> Administering the Organization&apos;s financial disclosure programme </s>
	</p>
	<p n="56">
	  <s n="96"> Full disclosure of financial information is a safeguard both for individual staff members and for the Organization. </s>
	  <s n="97"> It enables an informed judgement to be made with respect to a staff member&apos;s compliance with applicable conflict-of-interest rules and standards of conduct regulations, and it allows the staff member and the Organization to fashion appropriate protections against actual or potential conflicts of interest when they first appear. </s>
	</p>
	<p n="57">
	  <s n="98"> The Organization&apos;s financial disclosure programme requires designated staff members to file a confidential statement of their financial interests every year. </s>
	  <s n="99"> Until recently, only staff members at the level of Assistant Secretary-General and above were required to file financial disclosure statements. </s>
	  <s n="100"> The Secretary-General has issued new rules on financial disclosure that extend the financial disclosure requirements to staff carrying out procurement and investment functions, in accordance with the request of the General Assembly in paragraph 10 of its resolution 52/252. </s>
	  <s n="101"> The new rules also lower the financial disclosure threshold levels considerably: the threshold for assets and income from non-United Nations sources is lowered from $25,000 to $10,000 and the threshold for gifts from $10,000 to $250. </s>
	</p>
	<p n="58">
	  <s n="102"> In addition, the General Assembly has before it for consideration the Secretary-General&apos;s report “Amendments to the Staff Regulations” (A/60/365), in which he has requested that the Assembly approve a change to staff regulation 1.2 (n) which would broaden financial disclosure requirements to include staff at the L-6, D-1, L-7 and D-2 levels and additional staff as deemed necessary by the Secretary-General. </s>
	</p>
	<p n="59">
	  <s n="103"> The expanded financial disclosure programme will apply to approximately 1,000 staff in the United Nations Secretariat. </s>
	  <s n="104"> While the ethics office will be responsible for administering the financial disclosure programme, it is proposed that the actual review and audit of financial disclosure forms be carried out by independent financial experts rather than the staff of the ethics office, in order to safeguard the confidentiality of senior officials&apos; private financial information. </s>
	  <s n="105"> This recommendation is also based on the successful examples of the World Bank Office of Ethics and Business Conduct and the International Monetary Fund, which administer their financial disclosure programmes with the involvement of financial experts who carry out the actual review and audits of the financial disclosure forms. </s>
	  <s n="106"> The independent experts would be fully briefed on the United Nations system and would receive copies of the job descriptions of the staff members whose financial disclosure forms they are reviewing in order to be able to identify conflicts of interest. </s>
	  <s n="107"> They would also be able to clarify issues with the staff members concerned, directly or via the director of the ethics office. </s>
	  <s n="108"> Where information disclosed (or not disclosed) indicated possible misconduct, the matter would be referred to the Office of Internal Oversight Services for investigation. </s>
	</p>
	<p n="60">
	  <s n="109"> Protection of staff against retaliation for reporting misconduct </s>
	</p>
	<p n="61">
	  <s n="110"> The policy for protecting staff against retaliation for reporting misconduct is not yet finalized and will be the subject of further consultations. </s>
	  <s n="111"> In developing the draft policy, a review was carried out of whistle-blower protection legislation in many Member States, including the United States of America, the United Kingdom of Great Britain and Northern Ireland, Australia, Canada, South Africa, New Zealand, Israel and South Korea. </s>
	  <s n="112"> The inclusion of the United Nations new programme of protection against retaliation as part of the proposed functions of the ethics office was a result of the proposal of an interdepartmental working group made up of representatives of the Office of Internal Oversight Services, the Office of Human Resources Management, the United Nations Development Programme, the Office of Legal Affairs and the Department of Peacekeeping Operations, the Office of the Ombudsman and a consultant recommended by Transparency International. </s>
	  <s n="113"> The essential features of the current draft policy are as follows. </s>
	</p>
	<p n="62">
	  <s n="114"> The ethics office will provide protection against retaliation to persons who report misconduct or who cooperate in official investigations. </s>
	  <s n="115"> The programme is designed to encourage good-faith reporting of misconduct, as well as to discourage those who would either interfere with or retaliate for such reporting. </s>
	</p>
	<p n="63">
	  <s n="116"> The ethics office will not have investigation functions. </s>
	  <s n="117"> When a complaint of retaliation is received, the ethics office will conduct a preliminary review of the complaint to determine if there is a credible case of retaliation or threat of retaliation. </s>
	  <s n="118"> If the office finds that there is a credible case of retaliation or threat of retaliation, it will refer the matter to the Office of Internal Oversight Services for investigation and may also recommend interim protection measures. </s>
	  <s n="119"> If retaliation against an individual is established, the ethics office will, after taking into account any recommendations made by the Office of Internal Oversight Services or other concerned offices, and after consultation with the individual who has suffered retaliation, recommend appropriate measures aimed at correcting the negative consequences suffered as a result of the retaliatory action. </s>
	  <s n="120"> Such measures may include, but are not limited to, reinstatement, rescission of the retaliatory decision or transfer to another office of that individual or the person who acted in retaliation against the individual. </s>
	</p>
	<p n="64">
	  <s n="121"> Advisory function, to provide confidential advice and guidance to staff on ethical issues (e.g., conflict of interest), including administering an ethics helpline </s>
	</p>
	<p n="65">
	  <s n="122"> One of the most important functions of the ethics office will be to provide guidance to staff on ethics issues in a neutral, non-judgemental and strictly confidential environment. </s>
	  <s n="123"> The office will keep a record of advice provided in its confidential database. </s>
	  <s n="124"> Staff members could seek advice from the ethics office or raise workplace concerns in a variety of ways, all of which would be confidential, including in person, by regular mail, fax or e-mail or via the ethics helpline. </s>
	</p>
	<p n="66">
	  <s n="125"> Developing standards, training and education on ethics issues, in coordination with the Office of Human Resources Management </s>
	</p>
	<p n="67">
	  <s n="126"> Developing standards </s>
	</p>
	<p n="68">
	  <s n="127"> While the United Nations has in place detailed standards of conduct, they have not been effectively disseminated to staff. </s>
	  <s n="128"> The ethics office will work with the Office of Human Resources Management on supplementing and explaining the existing staff regulations and rules and standards of conduct in a user-friendly way. </s>
	</p>
	<p n="69">
	  <s n="129"> The ethics office will maintain oversight of the ethics infrastructure and recommend changes to rules, standards, policies or other factors as required to improve such infrastructure, including amendments to the financial disclosure rules as necessary. </s>
	</p>
	<p n="70">
	  <s n="130"> Training and education </s>
	</p>
	<p n="71">
	  <s n="131"> It will be essential for the ethics office to raise awareness throughout the Organization as to its establishment and functions, as well as the implementation of new and expanded programmes including in respect of protection against retaliation, the financial disclosure regime, annual ethics training requirements and staff/management responsibilities in connection with these programmes. </s>
	</p>
	<p n="72">
	  <s n="132"> The ethics office will work with the Office of Human Resources Management to provide ethics training and education that is interactive and practical to ensure that staff members understand how to use the staff regulations and standards of conduct in their daily work activities. </s>
	  <s n="133"> Training could take the form of instructor-led classes, computer-based training or a combination of both, and would include discussion of real-life situations posing ethical dilemmas. </s>
	</p>
	<p n="73">
	  <s n="134"> All staff will be required to undertake ethics training annually and will receive a certificate after completing each training programme. </s>
	  <s n="135"> The ethics office will monitor compliance with the annual ethics training requirements and notify staff members of their obligations in this regard. </s>
	</p>
	<p n="74">
	  <s n="136"> Specialized training modules will be developed for senior managers and for officials working in specialized and/or sensitive areas, including procurement, recruitment and investment. </s>
	</p>
	<p n="75">
	  <s n="137"> In this connection, it is relevant to note that steps have already been taken to include ethics components in all of the Organization&apos;s training programmes. </s>
	  <s n="138"> In addition, an Intranet-based training module on integrity and ethics called the Integrity Awareness Online Learning Programme was launched on 12 September 2005, and has already been successfully completed by 2,464 staff. </s>
	  <s n="139"> The Secretary-General intends that all levels of Secretariat staff shall be required to complete the module. </s>
	  <s n="140"> A half-day ethics training programme entitled “Working together: ethics and integrity in our daily work” is currently being undertaken by all Department of Management staff and will be expanded in the months ahead to include all United Nations Secretariat staff. </s>
	</p>
	<p n="76">
	  <s n="141"> C. Organizational structure and location of ethics office </s>
	</p>
	<p n="77">
	  <s n="142"> The ethics office, like the Office of the Ombudsman, the Administrative Tribunal, the Board of Auditors and secretariat of the Advisory Committee on Administrative and Budgetary Questions, would be under the budget section on programme budget, Overall policymaking, direction and coordination. </s>
	  <s n="143"> Organizationally, it would also be located outside the Executive Office of the Secretary-General in order to guarantee its independence and to ensure that the staff of the ethics office were recruited in a transparent manner through established procedures. </s>
	  <s n="144"> As with the Ombudsman, it is proposed that the head of the ethics office be appointed at the level of Assistant Secretary-General for a fixed, non-renewable five-year term. </s>
	</p>
	<p n="78">
	  <s n="145"> It is essential that the head of the ethics office be appointed at a very senior level to command the respect of all staff, Member States and external stakeholders as the face of the United Nations on issues of ethics and integrity. </s>
	  <s n="146"> The head of the office will need to be an eminent senior person with recognized expertise and scholarship in the field of organizational ethics and with a track record of successfully applying ethics and integrity initiatives in international organizations. </s>
	  <s n="147"> The head of the office will be accountable for providing leadership and communicating the vision throughout the global Secretariat on matters relating to ethics at the United Nations, including the promotion of ethical standards and establishing policy recommendations and guidelines to deal with new or evolving ethics issues. </s>
	</p>
	<p n="79">
	  <s n="148"> The ethics office will be the focal point on ethics issues for the global United Nations Secretariat, including offices away from headquarters, regional commissions, special political missions and peacekeeping missions. </s>
	</p>
	<p n="80">
	  <s n="149"> While the ethics office will be headquartered in New York, it is considered necessary that liaison offices also be established in Geneva, Vienna and Nairobi for the following reasons: </s>
	</p>
	<p n="81">
	  <s n="150"> (a) The importance of maintaining the highest ethical standards would be more readily perceived as a matter affecting all staff worldwide and not as a purely Headquarters issue if ethics liaison offices were established at other duty stations. </s>
	  <s n="151"> This is particularly important in the light of the significant increase in the number of disciplinary cases from peacekeeping missions, especially with regard to sexual exploitation issues, and from other United Nations offices with a large presence in the field, such as the Office of the United Nations High Commissioner for Refugees, which has seen an increase in fraud cases in recent years; </s>
	</p>
	<p n="82">
	  <s n="152"> (b) The liaison offices would serve as the focal points on ethics issues for staff in the offices away from headquarters, regional commissions, special political missions and peacekeeping missions in the respective regions; at the liaison offices staff could more readily seek ethics advice, lodge complaints of retaliation, etc., with a person who was in the same or a similar time zone and who had some knowledge of the offices and staff involved; </s>
	</p>
	<p n="83">
	  <s n="153"> (c) The liaison offices would be able to follow up on the submission of financial disclosure forms for staff at other duty stations and provide advice and guidance to staff in filling out the forms. </s>
	  <s n="154"> The liaison offices would also coordinate ethics training and education for staff at those other duty stations. </s>
	  <s n="155"> In addition, they would coordinate with other relevant offices in the region, including the Office of Internal Oversight Services, in order to build working relationships for making referrals; </s>
	</p>
	<p n="84">
	  <s n="156"> (d) The liaison offices would be able to provide valuable insights into local situations and the way in which ethics issues are perceived by other cultures, which may not be readily apparent to staff at Headquarters; </s>
	</p>
	<p n="85">
	  <s n="157"> (e) The staff in the liaison offices could travel more easily and at less expense to regional commissions, and to peacekeeping and special political missions in Africa, Europe and the Middle East, than staff in the ethics office at Headquarters. </s>
	</p>
	<p n="86">
	  <s n="158"> Annex II </s>
	</p>
	<p n="87">
	  <s n="159"> Terms of reference for the comprehensive review of governance arrangements, including an independent external evaluation of the auditing and oversight system within the United Nations and its funds, programmes and specialized agencies </s>
	</p>
	<p n="88">
	  <s n="160"> Overview </s>
	</p>
	<p n="89">
	  <s n="161"> Pursuant to paragraph 164 (b) of General Assembly resolution 60/1, the independent external evaluation will be conducted and shall consist of a review of best practice governance and oversight structures within the public and private sectors, a comparative analysis of governance and oversight structures within the United Nations and its funds, programmes and specialized agencies, the development of detailed options for model governance and oversight structures and mechanisms for the United Nations and a representative sample of its funds, programmes and specialized agencies. </s>
	</p>
	<p n="90">
	  <s n="162"> The evaluation shall also include a review of the Office of Internal Oversight Services (OIOS), as part of the United Nations oversight machinery. </s>
	  <s n="163"> It will include the development of options for the optimal level of independence, organizational structure and resource requirements that meet identified best practices. </s>
	</p>
	<p n="91">
	  <s n="164"> Scope </s>
	</p>
	<p n="92">
	  <s n="165"> This independent external evaluation will consist of two main elements: a governance and oversight review, to be completed within two phases; and a review of OIOS, providing audit, investigation, inspection, programme monitoring, evaluation and consulting services to the Secretary-General and the General Assembly. </s>
	</p>
	<p n="93">
	  <s n="166"> Phase 1 of the governance and oversight study will apply to the United Nations and its funds, programmes and specialized agencies. </s>
	  <s n="167"> Phase 2 of the governance and oversight study will only cover the United Nations and a representative sample of its funds, programmes and specialized agencies as determined by the High Level Committee on Management. </s>
	  <s n="168"> The review of OIOS will be undertaken in parallel and in conjunction with the governance and oversight review. </s>
	</p>
	<p n="94">
	  <s n="169"> The tasks shall be to: </s>
	</p>
	<p n="95">
	  <s n="170"> (a) Identify best international practices and models in governance, oversight and audit within the public and private sectors, including but not limited to: </s>
	</p>
	<p n="96">
	  <s n="171"> (i) Accountability, audit and oversight; </s>
	</p>
	<p n="97">
	  <s n="172"> (ii) Management and its relationship with the members, governing bodies and other subsidiary organs, staff and wider stakeholders of the organizations; </s>
	</p>
	<p n="98">
	  <s n="173"> (iii) Focusing upon purpose and outcomes; </s>
	</p>
	<p n="99">
	  <s n="174"> (iv) Performing effectively in clearly defined functions and roles; </s>
	</p>
	<p n="100">
	  <s n="175"> (v) Promoting values for the whole organization and demonstration of the values of good governance and oversight through behaviour; </s>
	</p>
	<p n="101">
	  <s n="176"> (vi) Taking informed, transparent and effective decisions in all areas, including performance, risk and financial management; </s>
	</p>
	<p n="102">
	  <s n="177"> (vii) Providing the support and capacity for governing structures to make effective decisions; </s>
	</p>
	<p n="103">
	  <s n="178"> (b) Study, through desk research and interviews, the mission statements, objectives, mandates and related founding documents of the United Nations and its funds, programmes and specialized agencies, taking into account broader relations within the United Nations system and the authority of governing bodies and other existing governance mechanisms. </s>
	  <s n="179"> This research, together with the best internal practices identified in subparagraph (a) above, should be brought together to determine the optimal models of governance and oversight that will: </s>
	</p>
	<p n="104">
	  <s n="180"> (i) Engender and promote the highest standards of ethics and organizational values and ensure that processes are in place to protect and advance the integrity and reputation of the organizations; </s>
	</p>
	<p n="105">
	  <s n="181"> (ii) Promote accountability to members, stakeholders and the general public; </s>
	</p>
	<p n="106">
	  <s n="182"> (iii) Deliver value for money outputs and services; </s>
	</p>
	<p n="107">
	  <s n="183"> (iv) Enable effective balance and engagement of the interests of members; </s>
	</p>
	<p n="108">
	  <s n="184"> (v) Improve management effectiveness and transparency; </s>
	</p>
	<p n="109">
	  <s n="185"> (c) Undertake a review of OIOS with the primary objective of providing a basis for decision-making with respect to the appropriate level of independence from management, the adequacy of resources compared to its remit, the appropriate breadth of functions to be provided by OIOS, its reporting mechanisms and the organization and structure of OIOS for optimum resource utilization and effectiveness, given the complex structure of the United Nations. </s>
	  <s n="186"> This review will also include, but is not limited to, the following: </s>
	</p>
	<p n="110">
	  <s n="187"> (i) To benchmark OIOS against similar audit and oversight bodies; </s>
	</p>
	<p n="111">
	  <s n="188"> (ii) To undertake a review of the breadth of functions provided by best practice internal audit and oversight functions, to identify any gaps and propose options as to where these functions should best be carried out; </s>
	</p>
	<p n="112">
	  <s n="189"> (iii) An evaluation of the appropriate level of independence of OIOS from management, in particular with respect to funding, budgetary control and human resources management, and to recommend options for a fair and neutral mechanism for the adjudication of budgets for OIOS, within the framework of the proposed independent audit advisory committee; </s>
	</p>
	<p n="113">
	  <s n="190"> (iv) The establishment of a detailed costed plan for the implementation of the above recommendations, as well as a framework for the continuous monitoring and evaluation of the success of the implementation. </s>
	</p>
	<p n="114">
	  <s n="191"> Required outputs </s>
	</p>
	<p n="115">
	  <s n="192"> In drawing together the results of the study, a number of outputs will be required. </s>
	</p>
	<p n="116">
	  <s n="193"> Governance and oversight </s>
	</p>
	<p n="117">
	  <s n="194"> The review of governance and oversight may be satisfied within two phases: </s>
	</p>
	<p n="118">
	  <s n="195"> (a) The first report shall identify suitable best international practice in governance and oversight and undertake a gap analysis between the identified best practice in governance and oversight and those applied at the United Nations and its funds, programmes and specialized agencies, informing the whole system of issues of global relevance; </s>
	</p>
	<p n="119">
	  <s n="196"> (b) Building upon the first report, the second report shall review the costs and effectiveness of the current governance and oversight structures and determine changes to the existing governance and oversight structures that will strengthen the fiduciary capability, transparency, efficiency and effectiveness of the United Nations and the representative sample of its funds, programmes and specialized agencies to be studied, taking into account ongoing simplification and harmonization initiatives. </s>
	  <s n="197"> This report should, inter alia: </s>
	</p>
	<p n="120">
	  <s n="198"> (i) Clarify the role and responsibilities of management with respect to supporting Member States, governing bodies and other subsidiary organs, staff and other interested stakeholders; </s>
	</p>
	<p n="121">
	  <s n="199"> (ii) Define, for the purposes of governance and oversight, the required committees, boards and other management and inter-agency bodies, including the provision of draft constitutional documents, reporting lines and key practices for Member States, management and oversight bodies alike; </s>
	</p>
	<p n="122">
	  <s n="200"> (iii) Define, for the purposes of governance and oversight, the necessary inter-agency bodies, their membership, key practices, roles and responsibility towards providing value added services to the United Nations and its funds, programmes and specialized agencies; </s>
	</p>
	<p n="123">
	  <s n="201"> (iv) Define the functions required within each committee, board and management and inter-agency body and their respective roles and responsibilities within the governance and oversight machinery; </s>
	</p>
	<p n="124">
	  <s n="202"> (v) Identify value statements for the decision-making process of each board or committee underlying the governance and oversight functions of each organization, incorporating the principles of collective responsibility for decisions and the equality of status in discussions and models of conduct; </s>
	</p>
	<p n="125">
	  <s n="203"> (vi) Propose measures that will increase transparency of the decision-making process at all levels within the organizations, including policies relating to the publication of statements of their purposes, strategy, plans and financial statements, as well as information about their outcomes, achievements and the satisfaction of service users during the previous period; </s>
	</p>
	<p n="126">
	  <s n="204"> (vii) Propose measures to improve the communication channels, learning and knowledge management within and across the governance and oversight mechanisms; </s>
	</p>
	<p n="127">
	  <s n="205"> (viii) Identify appropriate key performance indicators for the performance management of external audit services; </s>
	</p>
	<p n="128">
	  <s n="206"> (ix) Establish detailed costed plans for the implementation of the above recommendations. </s>
	</p>
	<p n="129">
	  <s n="207"> Review of the Office of Internal Oversight Services </s>
	</p>
	<p n="130">
	  <s n="208"> To develop a fully costed implementation plan for OIOS that shall take into account all of the findings and recommendations resulting from the review of OIOS, including, as appropriate, the vision of the Under-Secretary-General for Internal Oversight Services, which clearly defines, but is not limited to: </s>
	</p>
	<p n="131">
	  <s n="209"> (a) The level of operational and managerial independence from the management of the organizations and the appropriate oversight apparatus for OIOS; </s>
	</p>
	<p n="132">
	  <s n="210"> (b) The services and responsibilities to be satisfied through OIOS and those that should be satisfied elsewhere; </s>
	</p>
	<p n="133">
	  <s n="211"> (c) The optimal organizational structure and adequate resource requirements; </s>
	</p>
	<p n="134">
	  <s n="212"> (d) The source of funding and cost-sharing mechanisms for services provided on an internal and intra-agency basis; </s>
	</p>
	<p n="135">
	  <s n="213"> (e) Strategies to ensure the provision of value added services through OIOS, including programmes to maintain and update skills, keep abreast of developments within the internal audit and oversight arenas; </s>
	</p>
	<p n="136">
	  <s n="214"> (f) The strategy to continuously benchmark the performance of OIOS against other such service providers. </s>
	</p>
	<p n="137">
	  <s n="215"> C. Procedures </s>
	</p>
	<p n="138">
	  <s n="216"> A Steering Committee, composed of five internationally representative independent experts in the field of governance and oversight, including as appropriate expertise in international public management, shall be established by the Secretary-General, with the responsibility to coordinate and supervise the development and implementation of the entire project. </s>
	  <s n="217"> Its mission shall be performed through regular meetings. </s>
	</p>
	<p n="139">
	  <s n="218"> The Steering Committee shall work in full consultation with OIOS, the Panel of External Auditors (including the Board of Auditors), the Joint Inspection Unit and the High Level Committee on Management, as necessary. </s>
	</p>
	<p n="140">
	  <s n="219"> The results of each phase of the study will be compiled within reports that shall be submitted to the Steering Committee. </s>
	  <s n="220"> These progress reports shall be presented to the Steering Committee, for its consideration. </s>
	  <s n="221"> These reports should cover aspects such as: </s>
	</p>
	<p n="141">
	  <s n="222"> (a) Progress achieved during the period in respect of the technical research and drafting of the evaluation study; </s>
	</p>
	<p n="142">
	  <s n="223"> (b) Delays in the evaluation and corrective measures to recover these delays. </s>
	</p>
	<p n="143">
	  <s n="224"> The Steering Committee shall submit the reports on governance and oversight to the Secretary-General, and to the Executive Heads of participating agencies, funds and programmes, as relevant. </s>
	  <s n="225"> The Steering Committee shall submit the report of the review of OIOS to the Under-Secretary-General for Internal Oversight Services. </s>
	  <s n="226"> The Steering Committee shall submit a full and final report on governance and oversight, incorporating the review of OIOS, to the Secretary-General for transmission to the General Assembly. </s>
	</p>
	<p n="144">
	  <s n="227"> The evaluation shall be conducted in close cooperation with the United Nations and its funds, programmes and specialized agencies so as to maximize the use of internal resources and to make sure that at the end of the project, staff have acquired an extensive knowledge of the proposed solutions. </s>
	</p>
	<p n="145">
	  <s n="228"> Selection criteria </s>
	</p>
	<p n="146">
	  <s n="229"> Selection of the consultants will be made on an international competitive basis based upon the following: </s>
	</p>
	<p n="147">
	  <s n="230"> (a) Demonstrated experience in undertaking similar projects successfully within large public sector and/or multinational clients and international non-governmental organizations; </s>
	</p>
	<p n="148">
	  <s n="231"> (b) Demonstrated capability to develop, adapt and apply best practice methodologies and principles successfully to the client organizations; </s>
	</p>
	<p n="149">
	  <s n="232"> (c) Demonstrated understanding of the needs of stakeholders, as well as the financial framework and governance and oversight structures of large public sector and/or multinational clients; </s>
	</p>
	<p n="150">
	  <s n="233"> (d) Demonstrated understanding of the varying issues facing locations spread globally and the ability to produce solutions that can be applied successfully to global operations. </s>
	</p>
	<p n="151">
	  <s n="234"> Timeline </s>
	</p>
	<p n="152">
	  <s n="235"> The first phase report on governance and oversight is required by April 2006, and the final consolidated report on governance by 31 May 2006. </s>
	  <s n="236"> The report on OIOS is also required by April 2006. </s>
	  <s n="237"> Given the close interrelationship between oversight services and governance, the successful consultancy may choose to deliver the second phase of the governance report earlier, as appropriate. </s>
	</p>
	<p n="153">
	  <s n="238"> Annex III </s>
	</p>
	<p n="154">
	  <s n="239"> Provisional terms of reference for the Independent Audit Advisory Committee to the United Nations </s>
	</p>
	<p n="155">
	  <s n="240"> Role </s>
	</p>
	<p n="156">
	  <s n="241"> The Independent Audit Advisory Committee serves in an expert advisory capacity to the General Assembly. </s>
	  <s n="242"> It aims to help the General Assembly better exercise governance responsibilities with respect to the various operations of the United Nations. </s>
	</p>
	<p n="157">
	  <s n="243"> Composition and selection of expert members </s>
	</p>
	<p n="158">
	  <s n="244"> The Committee shall comprise of five or seven members, all of whom are independent of the United Nations Secretariat and the Governments of Member States. </s>
	  <s n="245"> The criteria for independence are set out in appendix A to the present annex. </s>
	  <s n="246"> Candidate members are nominated by the Secretary-General, and are subject to the approval of the General Assembly. </s>
	  <s n="247"> The appointed Committee members shall select their own Chairperson from within appointed Committee members. </s>
	  <s n="248"> New appointments to the Committee will follow the same appointment process. </s>
	</p>
	<p n="159">
	  <s n="249"> Qualifications of expert members </s>
	</p>
	<p n="160">
	  <s n="250"> All of the members should have recent and relevant financial experience. </s>
	  <s n="251"> The criteria for financial experience are set out in appendix B to the present annex. </s>
	  <s n="252"> Committee membership should reflect a broad geographical distribution and include a balance of representation with public and private sector experience. </s>
	</p>
	<p n="161">
	  <s n="253"> C. Meetings and reporting </s>
	</p>
	<p n="162">
	  <s n="254"> The Committee will meet in closed session at least four times per year. </s>
	  <s n="255"> The quorum will consist of any three out of five or any five out of seven members of the Committee. </s>
	  <s n="256"> Invitees to the Committee meetings would be limited to those who are familiar with, or responsible for, the topics on the agenda. </s>
	  <s n="257"> Such invitees may include representatives of the United Nations Board of Auditors and the Under-Secretary-General for Internal Oversight Services. </s>
	  <s n="258"> Other members of senior management may attend Committee meetings by special invitation. </s>
	</p>
	<p n="163">
	  <s n="259"> The Committee will maintain its own record of meetings and the Chairman will regularly brief the Secretary-General on the Committee&apos;s findings. </s>
	</p>
	<p n="164">
	  <s n="260"> The Committee shall prepare an annual report to the General Assembly that describes the work of the Committee in discharging its responsibilities. </s>
	  <s n="261"> The Committee chairman shall attend hearings to respond to any questions of Member States on the Committee&apos;s activities. </s>
	</p>
	<p n="165">
	  <s n="262"> The Committee shall provide an annual performance evaluation of its work to the General Assembly. </s>
	  <s n="263"> The Committee shall review periodically the adequacy of these terms of reference and recommend where necessary proposed changes to the General Assembly for approval. </s>
	</p>
	<p n="166">
	  <s n="264"> Functions </s>
	</p>
	<p n="167">
	  <s n="265"> The Committee directly assists the General Assembly in fulfilling governance and oversight responsibilities. </s>
	  <s n="266"> Its primary functions are: </s>
	</p>
	<p n="168">
	  <s n="267"> (a) To review the budget of the Office of Internal Oversight Services (OIOS) and make recommendations to the General Assembly for approval of its budget; </s>
	</p>
	<p n="169">
	  <s n="268"> (b) To discuss with management and the United Nations Board of Auditors the audited financial statements and monitor the integrity of the financial statements and other such information required by members; </s>
	</p>
	<p n="170">
	  <s n="269"> (c) To review the systems of internal control and risk management and compliance with those systems and with policies and regulations; </s>
	</p>
	<p n="171">
	  <s n="270"> (d) To review any material weaknesses and monitor compliance with corrective action plans; </s>
	</p>
	<p n="172">
	  <s n="271"> (e) To advise the General Assembly on such recommendations as the Secretary-General may make for the appointment of an Under-Secretary-General for Internal Oversight Services; </s>
	</p>
	<p n="173">
	  <s n="272"> (f) To review and approve the audit work plan of OIOS; </s>
	</p>
	<p n="174">
	  <s n="273"> (g) To provide comment and input to the workplan of the United Nations Board of Auditors; </s>
	</p>
	<p n="175">
	  <s n="274"> (h) To assess the work of OIOS, and the effectiveness and objectivity of the internal audit process; </s>
	</p>
	<p n="176">
	  <s n="275"> (i) To consider the effectiveness and objectivity of the external audit process; </s>
	</p>
	<p n="177">
	  <s n="276"> (j) To ensure that the United Nations Board of Auditors and OIOS do not encounter any difficulties in the course of their audits, such as any restrictions on the scope of its work, access to required information or insufficient resources to fully carry out its work. </s>
	  <s n="277"> The Committee shall assist in resolving such restrictions and report thereon to the Secretary-General and the General Assembly. </s>
	</p>
	<p n="178">
	  <s n="278"> E. Mode of operation </s>
	</p>
	<p n="179">
	  <s n="279"> The Committee shall conduct its activities as follows: </s>
	</p>
	<p n="180">
	  <s n="280"> Audit process </s>
	</p>
	<p n="181">
	  <s n="281"> (a) Provide an open avenue of communication between the Committee, the United Nations Board of Auditors, OIOS and management, meeting separately with these parties at least annually; </s>
	</p>
	<p n="182">
	  <s n="282"> (b) Keep under review the scope and results of the audit of the United Nations Board of Auditors and OIOS, their cost-effectiveness and report periodically to the General Assembly on Committee findings; </s>
	</p>
	<p n="183">
	  <s n="283"> (c) Examine the single audit principle so as to ensure full compliance therewith; </s>
	</p>
	<p n="184">
	  <s n="284"> External auditors </s>
	</p>
	<p n="185">
	  <s n="285"> (d) Determine the qualifications and expertise criteria for the selection of candidates to the United Nations Board of Auditors and advise on the extent to which candidates meet those requirements prior to election to the United Nations Board of Auditors; </s>
	</p>
	<p n="186">
	  <s n="286"> (e) Make recommendations on the remuneration to be paid to the United Nations Board of Auditors; </s>
	</p>
	<p n="187">
	  <s n="287"> (f) Obtain and review an annual formal activity report from the United Nations Board of Auditors that includes information on its internal quality assurance procedures; </s>
	</p>
	<p n="188">
	  <s n="288"> (g) Review with the Controller, the Under-Secretary-General for Management and the United Nations Board of Auditors the scope and results of the external audit and any significant findings reported in management letters; </s>
	</p>
	<p n="189">
	  <s n="289"> Internal auditors </s>
	</p>
	<p n="190">
	  <s n="290"> (h) Ensure that OIOS is adequately resourced and continues to have appropriate standing within the United Nations and keep under review its independence and objectivity; </s>
	</p>
	<p n="191">
	  <s n="291"> (i) Review and make recommendations to approve changes to OIOS functions, including: </s>
	</p>
	<p n="192">
	  <s n="292"> (i) Purpose, authority and organizational reporting lines; and </s>
	</p>
	<p n="193">
	  <s n="293"> (ii) Annual audit plan, budget and staffing; </s>
	</p>
	<p n="194">
	  <s n="294"> (j) Consider with the United Nations Board of Auditors and the Under-Secretary-General for Internal Oversight Services the internal audit programme and any significant findings, including fraud, illegal acts, deficiencies in internal control or similar issues and review management&apos;s responsiveness to the auditors&apos; findings and recommendations; </s>
	</p>
	<p n="195">
	  <s n="295"> (k) Monitor and assess the role and effectiveness of the Under-Secretary-General for Internal Oversight Services and OIOS function; </s>
	</p>
	<p n="196">
	  <s n="296"> (l) Advise the General Assembly on important issues arising from the annual report of OIOS; </s>
	</p>
	<p n="197">
	  <s n="297"> Internal control and risk management </s>
	</p>
	<p n="198">
	  <s n="298"> (m) Review the United Nations system of internal control, including financial, operational, compliance controls and evaluate the effectiveness of risk management; </s>
	</p>
	<p n="199">
	  <s n="299"> (n) Review the risk management procedures together with OIOS and the United Nations Board of Auditors and executive management; </s>
	</p>
	<p n="200">
	  <s n="300"> (o) Ensure that OIOS is applying sufficient resources to areas of material concern and of high risk to the Organization and that the OIOS workplan takes into consideration of other important oversight trends; </s>
	</p>
	<p n="201">
	  <s n="301"> Financial reporting </s>
	</p>
	<p n="202">
	  <s n="302"> (p) Monitor the integrity of the financial statements and internal controls of the United Nations; </s>
	</p>
	<p n="203">
	  <s n="303"> (q) Evaluate changes in accounting principles to determine the appropriateness of accounting principles and financial disclosure practices; </s>
	</p>
	<p n="204">
	  <s n="304"> General issues </s>
	</p>
	<p n="205">
	  <s n="305"> (r) Review the coverage of the respective oversight bodies to assure Member States that there are no persistent gaps and inconsistencies; </s>
	</p>
	<p n="206">
	  <s n="306"> (s) Retain as appropriate independent professional advice in order to follow up on any matter brought to its attention, within the scope of its duties, and while observing the mandates of the United Nations Board of Auditors and OIOS; </s>
	</p>
	<p n="207">
	  <s n="307"> (t) Ensure that the United Nations has adequate arrangements for employees to raise concerns in confidence about possible improprieties relating to accounting, internal accounting controls or auditing matters, as well as for confidential submissions by employees of concerns regarding questionable accounting or auditing matters; </s>
	</p>
	<p n="208">
	  <s n="308"> (u) Review and update as necessary its terms of reference at least every three years, recommending any changes to the General Assembly and to evaluate its own performance on a regular basis. </s>
	</p>
	<p n="209">
	  <s n="309"> Terms and conditions of service </s>
	</p>
	<p n="210">
	  <s n="310"> Terms and conditions of service of members of the Committee will be comparable with those of the regular members of the Advisory Committee on Administrative and Budgetary Questions and the International Civil Service Commission. </s>
	  <s n="311"> This stipulation includes the position of the Chairperson, who unlike the Chair of the Advisory Committee on Administrative and Budgetary Questions will have identical terms and conditions to other Committee members. </s>
	  <s n="312"> The terms of service will be term limited to a single three-year term. </s>
	</p>
	<p n="211">
	  <s n="313"> Secretariat support </s>
	</p>
	<p n="212">
	  <s n="314"> The Committee shall be supported by a Secretariat. </s>
	</p>
	<p n="213">
	  <s n="315"> Appendix A </s>
	</p>
	<p n="214">
	  <s n="316"> Criteria for defining the independence of members of the external committee </s>
	</p>
	<p n="215">
	  <s n="317"> For a candidate committee member to be considered independent she/he may not have any material relationship with the United Nations, either as an executive officer or significant shareholder of a company that has a relationship with the United Nations, its funds, programmes and specialized agencies. </s>
	</p>
	<p n="216">
	  <s n="318"> In addition a candidate will not be considered independent, if she/he: </s>
	</p>
	<p n="217">
	  <s n="319"> (a) Is or has been an employee of the United Nations within the last three years; </s>
	</p>
	<p n="218">
	  <s n="320"> (b) Is or has been a member of the Government of a Member State within the last three years; </s>
	</p>
	<p n="219">
	  <s n="321"> (c) Has an immediate family member who is or has been a senior official of the United Nations within the last three years; </s>
	</p>
	<p n="220">
	  <s n="322"> (d) Has an immediate family member who is or has been a senior member of the Government of a Member State within the last three years; </s>
	</p>
	<p n="221">
	  <s n="323"> (e) Has received or has an immediate family member who has received during any 12-month period within the last three years more than $100,000 in direct compensation from the United Nations (other than committee fees); </s>
	</p>
	<p n="222">
	  <s n="324"> (f) Is a current employee of the OIOS or an employee of a member of the United Nations Board of Auditors; </s>
	</p>
	<p n="223">
	  <s n="325"> (g) Or an immediate family member is or has been within the last three years employed as an executive officer of a company where any of the United Nations present senior management served at the same time on that company&apos;s compensation committee; </s>
	</p>
	<p n="224">
	  <s n="326"> (h) Is a current employee of a company that has made payments to or received payments from the United Nations in any of the last three fiscal years in excess of the greater of $1 million or 2 per cent of the consolidated revenues of the company; </s>
	</p>
	<p n="225">
	  <s n="327"> (i) Has an immediate family member who is a current executive officer of a company that has made payments to or received payments from the United Nations in any of the last three fiscal years in excess of the greater of $1 million or 2 per cent of the consolidated revenues of the company; </s>
	</p>
	<p n="226">
	  <s n="328"> (j) Holds any other Board mandates or Member State Government appointed position that might infringe on his/her independence; </s>
	</p>
	<p n="227">
	  <s n="329"> (k) Held an interlocking directorship over the past three years between the companies related to the candidate and the United Nations; </s>
	</p>
	<p n="228">
	  <s n="330"> (l) Has entered into or accepted directly or indirectly any consulting, advisory or other compensatory fees from the United Nations other than in his capacity as a committee member (compensation for committee services). </s>
	</p>
	<p n="229">
	  <s n="331"> Appendix B </s>
	</p>
	<p n="230">
	  <s n="332"> Criteria for defining the financial experience of members of the external committee </s>
	</p>
	<p n="231">
	  <s n="333"> The committee would consist of five or seven extremely well-qualified individuals who have recent and relevant financial experience. </s>
	  <s n="334"> All members of the committee must be able to read and understand financial statements. </s>
	</p>
	<p n="232">
	  <s n="335"> Committee membership should include a balance of representation with public and private sector experience, noting the independence requirements articulated in annex I to the present report. </s>
	</p>
	<p n="233">
	  <s n="336"> Experts should be drawn the field of candidates who have held senior management or executive positions that involve one or more of the following: </s>
	</p>
	<p n="234">
	  <s n="337"> • Technical competency in understanding financial statements and reporting, generally accepted accounting principles, audit and investigation </s>
	</p>
	<p n="235">
	  <s n="338"> • Prior membership of an audit committee of a private corporation or public sector body </s>
	</p>
	<p n="236">
	  <s n="339"> • Understanding of internal controls and procedures for financial reporting </s>
	</p>
	<p n="237">
	  <s n="340"> • The setting or compliance with international internal or external audit standards </s>
	</p>
	<p n="238">
	  <s n="341"> • The setting or compliance with international accounting standards </s>
	</p>
	<p n="239">
	  <s n="342"> • Independence, integrity, objectivity and discipline. </s>
	</p>
	<p n="240">
	  <s n="343"> Pending consideration of these terms of reference in the context of the comprehensive review of governance, including the independent external evaluation of the auditing and oversight system, as mentioned in paragraph 13 of the main text of the present report. </s>
	</p>
	<p n="241">
	  <s n="344"> At present, it is proposed that this Committee will provide advisory services with respect to the operations of the United Nations, but not its funds and programmes. </s>
	</p>
	<p n="242">
	  <s n="345"> Noting that the United Nations Board of Auditors is independent and is solely responsible for the conduct of its audits. </s>
	</p>
	<p n="243">
	  <s n="346"> “Material relationship” meaning: United Nations accounts for more than 2 per cent of the candidate&apos;s income, or the candidate&apos;s company sales or purchases of products and/or services, during the preceding three years. </s>
	</p>
	<p n="244">
	  <s n="347"> Former national civil servants are not included within this restriction. </s>
	</p>
	<p n="245">
	  <s n="348"> Immediate family member meaning: spouse, parents, children, siblings, mothers-in-law, fathers-in-law, sons-in-law, daughters-in-law, brothers-in-law, sisters-in-law and anyone (other than domestic employees) who shares the candidate&apos;s home. </s>
	</p>
	<p n="246">
	  <s n="349"> Meaning any position at the ASG level or higher. </s>
	</p>
	</body>
</text>
</DOC>