<?xml version="1.0" encoding="UTF-8"?>
<DOC lang="English" n="N0628373" id="A/60/735" date="2006/03/24">
<text>
	<body>
	<p n="1">
	  <s n="1"> Sixtieth session </s>
	</p>
	<p n="2">
	  <s n="2"> Agenda items 46 and 120 </s>
	</p>
	<p n="3">
	  <s n="3"> Integrated and coordinated implementation of and follow-up to the outcomes of the major United Nations conferences and summits in the economic, social and related fields </s>
	</p>
	<p n="4">
	  <s n="4"> Follow-up to the outcome of the Millennium Summit </s>
	</p>
	<p n="5">
	  <s n="5"> Investing in the United Nations: for a stronger Organization worldwide </s>
	</p>
	<p n="6">
	  <s n="6"> Report of the Advisory Committee on Administrative and Budgetary Questions </s>
	</p>
	<p n="7">
	  <s n="7"> Introduction </s>
	</p>
	<p n="8">
	  <s n="8"> The Advisory Committee on Administrative and Budgetary Questions has considered the report of the Secretary-General entitled “Investing in the United Nations: for a stronger Organization worldwide” (A/60/692). </s>
	  <s n="9"> During its consideration of the report, the Advisory Committee met with representatives of the Secretary-General, including the Deputy Secretary-General, who provided additional information and clarification. </s>
	</p>
	<p n="9">
	  <s n="10"> Background is given in paragraphs 8 to 13 of the report of the Secretary-General; as stated in paragraphs 11 and 12, the report is presented as his response to General Assembly resolution 60/1. </s>
	  <s n="11"> In addition to the report now before the General Assembly, a number of other reports are contemplated for future submission. </s>
	</p>
	<p n="10">
	  <s n="12"> General observations and recommendations </s>
	</p>
	<p n="11">
	  <s n="13"> The report of the Secretary-General is mostly general in nature, providing a broad outline of management reform initiatives. </s>
	  <s n="14"> The details of many of the proposals remain to be worked out and refined. </s>
	</p>
	<p n="12">
	  <s n="15"> The report represents the third major reform initiative proposed by the Secretary-General since 1997 (see also A/51/950 and Add.1-6 and A/57/387 and Corr.1), and the Advisory Committee notes that many of the ideas put forward in this latest round of reform have their genesis in past proposals. </s>
	  <s n="16"> The Committee points out, in this connection, that some of what has been approved in the past is still in the process of implementation. </s>
	</p>
	<p n="13">
	  <s n="17"> It should be noted that a number of the proposals are within the purview of the Secretary-General in his role as Chief Administrative Officer of the Organization pursuant to Article 97 of the Charter of the United Nations and therefore do not need specific legislative approval. </s>
	  <s n="18"> In some cases the intended reform, while within the prerogative of the Secretary-General to act, may have financial implications that would require the involvement of the General Assembly. </s>
	</p>
	<p n="14">
	  <s n="19"> The Advisory Committee points out that a set of principles to ensure accountability is key to the successful management of any organization, and draws attention to the need to specifically define what is meant by accountability in the United Nations context and to set out the parameters of its application and the instruments for its vigorous enforcement (see paras. </s>
	  <s n="20"> 8 and 14 below). </s>
	</p>
	<p n="15">
	  <s n="21"> The Advisory Committee recommends that the Secretary-General be requested to prepare a detailed report that would tie together interrelated issues while reflecting the unique nature of the United Nations and its central role. </s>
	  <s n="22"> In this connection, the Committee notes that the report makes reference to United Nations funds and programmes. </s>
	  <s n="23"> The Committee encourages the use of best practices throughout the United Nations system; however, it emphasizes that the special character of the Organization should always be borne in mind when the applicability of principles and practices used in other entities is being considered. </s>
	  <s n="24"> The Committee was informed that, if requested, the Secretariat would be in a position to submit such a report by May 2006. </s>
	  <s n="25"> An exception would be made in the case of human resources, however, for which a report is already scheduled for September 2006 that could be looked at separately by the General Assembly at the main part of its sixty-first session as part of its off-budget year consideration of human resources issues. </s>
	</p>
	<p n="16">
	  <s n="26"> The detailed report should include all areas covered by the current report of the Secretary-General and should incorporate all the various additional reports now contemplated (with the exception of the report on human resources management issues mentioned above). </s>
	  <s n="27"> For each proposal, the detailed report should include: </s>
	</p>
	<p n="17">
	  <s n="28"> • An indication of any previous similar proposals and how they developed into their current form, with concise references to relevant General Assembly resolutions and decisions and Advisory Committee recommendations </s>
	</p>
	<p n="18">
	  <s n="29"> • An assessment of the impact of previous and ongoing reforms as they relate to current proposals </s>
	</p>
	<p n="19">
	  <s n="30"> • Specific cost and administrative implications (including changes to regulations, rules and procedures), with detailed analysis and justification </s>
	</p>
	<p n="20">
	  <s n="31"> • An explanation of how accountability will be defined and enforced </s>
	</p>
	<p n="21">
	  <s n="32"> • The projected impact on the enhancement of the effectiveness of the work of the Organization, as well as the return on investment </s>
	</p>
	<p n="22">
	  <s n="33"> • Projected time lines for implementation </s>
	</p>
	<p n="23">
	  <s n="34"> Such information should also be included in the September human resources management report. </s>
	</p>
	<p n="24">
	  <s n="35"> Taking the foregoing into account and subject to such guidance as the General Assembly may provide on the various aspects of the report of the Secretary-General, the Advisory Committee puts forward, in the paragraphs below, a number of observations on individual proposals, without prejudice to its future consideration of the detailed report recommended above. </s>
	</p>
	<p n="25">
	  <s n="36"> Observations on individual proposals </s>
	</p>
	<p n="26">
	  <s n="37"> Investing in people (proposals 1-4) </s>
	</p>
	<p n="27">
	  <s n="38"> During the last three bienniums, the Secretary-General has introduced a number of initiatives to improve the way in which the Organization manages and develops its human resources. </s>
	  <s n="39"> A number of human resources reforms have been introduced, but much remains to be done. </s>
	  <s n="40"> As indicated above, the Advisory Committee will address the proposals on human resources issues in the context of its consideration of the report to be submitted in September 2006. </s>
	  <s n="41"> The Committee has commented extensively on human resources policy, especially in the last two bienniums. </s>
	</p>
	<p n="28">
	  <s n="42"> The Advisory Committee was informed of the intention of the Secretary-General to consult with the staff on human resources management issues. </s>
	  <s n="43"> The Committee trusts that such consultations will be carried out in accordance with article VIII of the Staff Regulations and section XVI of General Assembly resolution 59/266. </s>
	</p>
	<p n="29">
	  <s n="44"> Investing in leadership (proposals 5-7) </s>
	</p>
	<p n="30">
	  <s n="45"> In proposal 5, the Secretary-General proposes to redefine the role of Deputy Secretary-General and delegate to him or her formal authority and accountability for the management and overall direction of the operational functions of the Secretariat. </s>
	  <s n="46"> The Advisory Committee was assured that it was not the intention to diminish the role or responsibilities of the Secretary-General as Chief Administrative Officer of the Organization (see Article 97 of the Charter). </s>
	  <s n="47"> Under the circumstances, the Committee considers that it is up to any individual Secretary-General, within the framework set by the General Assembly in its resolutions 52/12 B and 52/220 (sect. </s>
	  <s n="48"> III, para. </s>
	  <s n="49"> 3), to determine the functions of the Deputy Secretary-General. </s>
	</p>
	<p n="31">
	  <s n="50"> With regard to proposal 6, the Advisory Committee is of the view that the Secretary-General&apos;s successor will need to have a say in any regrouping of departments within the Secretariat as a means of streamlining reporting lines. </s>
	  <s n="51"> Furthermore, the Committee was unable to ascertain from representatives of the Secretary-General what this proposed regrouping would look like or whether there would be fewer Under-Secretaries-General or some other arrangement by which some groups or clusters would have several, with one acting as principal Under-Secretary-General. </s>
	  <s n="52"> Accordingly, the Committee recommends that the proposal be further developed for the consideration of the next Secretary-General. </s>
	</p>
	<p n="32">
	  <s n="53"> In the view of the Advisory Committee, proposal 7 clearly falls within the purview of the Secretary-General in his role as Chief Administrative Officer of the Organization, unless there are additional financial implications associated with the building up of a cadre of senior and middle managers. </s>
	  <s n="54"> In further developing the concept, a clear accountability framework should be drawn up for appropriate action in the case of underperformance or non-performance. </s>
	  <s n="55"> In this connection, the Committee recalls its recommendation in its first report on the proposed programme budget for the biennium 2006-2007 that “there should be a whole range of specific disincentives for failure to perform satisfactorily, up to and including dismissal, as well as incentives for excellent performance” (A/60/7, para. </s>
	</p>
	<p n="33">
	  <s n="56"> C. Investing in information and communication technology (proposals 8-10) </s>
	</p>
	<p n="34">
	  <s n="57"> The Secretary-General notes that there is no integrated system designed to store, search and retrieve information generated at the United Nations, much less to do so rapidly and in real time. </s>
	  <s n="58"> Furthermore, he points out that at least six departments have their own information and communication technology units, with no functioning integrating mechanism in place among them (see A/60/692, paras. </s>
	  <s n="59"> 50 and 51). </s>
	</p>
	<p n="35">
	  <s n="60"> Proposal 8 requests General Assembly approval for the creation of the post of Chief Information Technology Officer at the Assistant Secretary-General level. </s>
	  <s n="61"> The Advisory Committee recalls that it had recommended the creation of a new senior position of Chief Information Officer in 2003 (see A/58/7, para. </s>
	  <s n="62"> The Committee reiterated that recommendation in 2005 when it stated its view that, given the magnitude of the resources the Organization spends on information and communication technology, the creation of a new senior position of Chief Information Officer of the United Nations who would be responsible for developing the information and communication technology strategy, operational policies and procedures and the most appropriate structure for the service, would appear to be justified. </s>
	  <s n="63"> The Committee also stressed the importance of appointing to the post an expert with extensive professional expertise in the day-to-day running of a complex information technology system (see A/60/7, para. </s>
	  <s n="64"> In addition, the Committee points to the fact that this person would have to deal with the crucial issue of information security and the need for continuity of the business of the Organization. </s>
	  <s n="65"> As to the proposed level of the post, the Committee requests that a detailed description of the envisaged functions of the post form part of the report to be submitted in May 2006 so that an informed decision can be made in this regard. </s>
	</p>
	<p n="36">
	  <s n="66"> Proposals 9 and 10 envisage a sustained effort to align information and communication technology priorities with Secretariat performance objectives and, subject to the final results of the soon-to-be-completed feasibility studies, the replacement of the Integrated Management Information System (IMIS), Galaxy and other stand-alone information and communication technology management support systems with a fully integrated global system by 2009. </s>
	  <s n="67"> The Secretary-General provides a preliminary estimate of the cost of such a system of approximately $120 million over several years (A/60/692, para. </s>
	  <s n="68"> This is presented as a condition for the adoption of the International Public Sector Accounting Standards; the Secretary-General indicates his intention to propose to the General Assembly the adoption of those standards later in 2006 (ibid., para. </s>
	  <s n="69"> The Advisory Committee has consistently stressed the need for system-wide coherence and coordination, as well as cost-effectiveness, in this regard (see A/56/7, paras. </s>
	  <s n="70"> 90-94, A/59/400, paras. </s>
	  <s n="71"> 40-43, and A/60/7, para. </s>
	  <s n="72"> Figure 5 of the Secretary-General&apos;s report shows the complexity of the current landscape of information and communication technology systems. </s>
	  <s n="73"> Costly, incompatible and duplicative systems have proliferated. </s>
	  <s n="74"> The Committee notes that such systems as Mercury, Sun, the Field Personnel Management System, Galileo and IMIS, which have certain common inputs and outputs, are not linked by either application interfaces or a common database. </s>
	  <s n="75"> Data from one system must be manually recorded in the other systems. </s>
	</p>
	<p n="37">
	  <s n="76"> The Advisory Committee stresses that the detailed report to be presented in May should include an assessment of previous investments and take into account problems being experienced by both the Information Technology Services Division and the Communications and Information Technology Service as well as the experience of the United Nations system with recent technological innovation programmes. </s>
	  <s n="77"> Details should also be provided on the expected time frame for introduction of the system and arrangements for continuation of the present systems during the transitional period. </s>
	</p>
	<p n="38">
	  <s n="78"> Investing in new ways of delivering services (proposals 11-15) </s>
	</p>
	<p n="39">
	  <s n="79"> New sourcing options </s>
	</p>
	<p n="40">
	  <s n="80"> Proposal 11 requests the General Assembly to modify its guidance on outsourcing, as set out in its resolution 55/232, which the Secretary-General describes as being severely restrictive, to allow the Secretariat to consider all options for alternative service delivery, including relocating work to lower-cost duty stations and outsourcing. </s>
	  <s n="81"> In proposal 12 it is proposed that a number of cost-benefit analyses be undertaken on relocation, outsourcing and telecommuting opportunities for select administrative services. </s>
	  <s n="82"> In the view of the Advisory Committee, no legislative approval is necessary for the proposed cost-benefit analyses, since such studies are not precluded by General Assembly resolution 55/232. </s>
	  <s n="83"> The Committee trusts that such analyses will take into account lessons learned in the United Nations system and expects that the Assembly will be fully informed of the results. </s>
	  <s n="84"> With regard to the request of the Secretary-General in proposal 11, should the results of the analyses so indicate, then a case for modification could be made and a proposal with specific details submitted to the Assembly for consideration. </s>
	</p>
	<p n="41">
	  <s n="85"> Strengthening procurement </s>
	</p>
	<p n="42">
	  <s n="86"> Proposal 13, concerning a swift conclusion of ongoing investigations in the area of procurement, does not require the involvement of the General Assembly. </s>
	  <s n="87"> Proposals 14 and 15 concern follow-up action the Secretary-General intends to undertake in response to the findings of investigations currently under way. </s>
	  <s n="88"> These proposals, in the view of the Advisory Committee, require no legislative approval. </s>
	  <s n="89"> The Committee looks forward to the comprehensive report outlined in proposal 15. </s>
	  <s n="90"> However, in view of the fact that much of the work entailed in producing that report has either been completed or is well under way, the Committee requests that the information be included as part of the detailed report to be submitted to the Assembly in May. </s>
	</p>
	<p n="43">
	  <s n="91"> E. Investing in budget and finance (proposals 16-18) </s>
	</p>
	<p n="44">
	  <s n="92"> Proposal 16 deals with the budget process. </s>
	  <s n="93"> In the view of the Advisory Committee, current requirements for scrutiny of the budget do not permit the implementation of the second item under proposal 16 unless the General Assembly decides to significantly change the way in which it considers and approves the regular and peacekeeping budgets. </s>
	</p>
	<p n="45">
	  <s n="94"> With regard to peacekeeping budgets, the Advisory Committee points out that the General Assembly, by its resolution 49/233 A, decided that the financial period for each peacekeeping operation should be from 1 July to 30 June, and the Financial Regulations were amended accordingly. </s>
	  <s n="95"> This was decided taking into account the substantial workload of the Assembly, the Advisory Committee and the Secretariat. </s>
	  <s n="96"> Practical experience has shown that this arrangement works well and allows the Secretariat the necessary time to prepare and the Advisory Committee and the Fifth Committee adequate opportunity to consider the peacekeeping estimates. </s>
	</p>
	<p n="46">
	  <s n="97"> As to the third item under proposal 16, the Advisory Committee points out that the consolidation of the appropriation lines of the regular budget from 35 sections into 13 parts would, in most cases, increase the flexibility of the Secretary-General to move post and non-post resources by allowing such movement within parts rather than the individual sections. </s>
	  <s n="98"> In order to gain a better understanding of the Secretary-General&apos;s proposal, the Committee requests that a mock-up of the proposed budget parts be included in the detailed report to be submitted to the Assembly in May. </s>
	  <s n="99"> The Committee will comment further at that time. </s>
	</p>
	<p n="47">
	  <s n="100"> The fourth item under proposal 16 proposes that posts be approved in aggregate numbers and grouped into four broad grade categories. </s>
	  <s n="101"> Upon enquiry, the Advisory Committee was informed that the four categories would be as follows: (a) Under-Secretary-General/Assistant Secretary-General; (b) D-2/D-1; (c) Professional; and (d) General Service and other. </s>
	  <s n="102"> This proposal, in fact, amounts to a request for flexibility in the classification of posts. </s>
	  <s n="103"> The Committee has consistently supported greater flexibility in this area. </s>
	  <s n="104"> In this connection, for example, the Committee recalls its recommendation in paragraph 74 of its first report on the proposed programme budget for the biennium 2004-2005 (A/58/7) that the existing authority for the Secretary-General to reclassify posts be refined so as to provide the ability to reclassify posts from G-1 to G-6 and from P-1 to P-5, provided that the overall number of posts in each grade does not change. </s>
	  <s n="105"> This would generally mean that each upward reclassification would have to be offset by the downward reclassification of another post or that posts would be exchanged (e.g., a P-5 in one office would be exchanged for a P-4 in another). </s>
	  <s n="106"> The Committee will make recommendations on this matter when it considers the detailed proposals to be submitted in May. </s>
	</p>
	<p n="48">
	  <s n="107"> In the fifth item under proposal 16, authority is requested, within a given budget period, to use the savings from vacant posts, up to a value of 10 per cent of the overall post budget, for emerging priorities or unanticipated activities. </s>
	  <s n="108"> In this connection, the Advisory Committee recalls paragraph 53 of General Assembly resolution 56/253, in which the Assembly reaffirmed that the vacancy rate was a tool for budgetary calculations and should not be used to achieve budgetary savings; in paragraph 54 of the same resolution, the Assembly reaffirmed that deliberate management decisions should not be taken to keep a certain number of posts vacant, as that action made the budget process less transparent and management of human and financial resources less efficient. </s>
	  <s n="109"> The Committee requests the Secretary-General to clarify his proposal, especially as concerns the reference to emerging priorities, in the context of the detailed report to be submitted in May 2006. </s>
	</p>
	<p n="49">
	  <s n="110"> With regard to the first item under proposal 17 concerning the consolidation of peacekeeping accounts, the Advisory Committee notes that a report on this subject is to be issued in the coming weeks. </s>
	  <s n="111"> The Committee will therefore comment on the matter in the context of its consideration of that report. </s>
	  <s n="112"> The Committee&apos;s previous observations on the matter can be found in its general report on peacekeeping operations to the General Assembly at its fifty-seventh session (A/57/772, paras. </s>
	</p>
	<p n="50">
	  <s n="113"> The second item under proposal 17 envisages a new policy to be introduced in July 2006 to govern the streamlined management of trust funds, which would include simplified rules and procedures, the introduction of a single trust fund category and the establishment of a new standard for support costs, which would be lower than the current 13 per cent. </s>
	  <s n="114"> The Advisory Committee was informed that an internal review had been completed and that a report was being prepared. </s>
	  <s n="115"> The Committee requests that the report on this proposal be included in the detailed report to be submitted to the Assembly in May. </s>
	  <s n="116"> As indicated in paragraph 8 above, the report should include appropriate reference to what has been done in the past on this matter. </s>
	</p>
	<p n="51">
	  <s n="117"> The third item under proposal 17 requests that the ceiling of the commitment authority granted by the General Assembly for peacekeeping operations be increased from $50 million to $150 million. </s>
	  <s n="118"> The Advisory Committee points out that clear and convincing justification is needed before an increase could be considered; this should be included in the detailed report to be submitted in May. </s>
	</p>
	<p n="52">
	  <s n="119"> The Advisory Committee is of the view that the proposal to increase the level of the Working Capital Fund (proposal 17, fourth item) for the regular budget from $100 million to $250 million is a policy decision for the General Assembly to make. </s>
	</p>
	<p n="53">
	  <s n="120"> The Advisory Committee notes that in accordance with financial regulations 3.2, 5.3 and 5.4, budget surpluses are usually surrendered at the end of the financial period to which they relate. </s>
	  <s n="121"> Accordingly, the proposal to retain surpluses for use in subsequent periods (proposal 17, fifth item) would require amendments to the Financial Regulations. </s>
	  <s n="122"> The Committee expects a full analysis of the changes that would be necessary, which should be presented in the detailed report to be submitted in May. </s>
	</p>
	<p n="54">
	  <s n="123"> The Advisory Committee has commented on numerous occasions concerning proposals to establish a separate fund to cover unanticipated expenditures arising from exchange rate fluctuations and inflation and has pointed out a number of difficulties with the idea of financing the reserve fund from the outset through an assessment on all Member States. </s>
	  <s n="124"> The Committee has pointed out that this would not give Member States a more precise idea of the final total amount to be paid than is currently the case and, in addition, would result in advance payment for requirements that might or might not materialize (see A/44/729). </s>
	  <s n="125"> In its first report on the proposed programme budget for the biennium 2006-2007 (A/60/7 and Corr.1), the Committee reiterated its past position on the matter and recommended the continuation of the current system, whereby requirements are adjusted annually on the basis of the most recent forecast by the Secretary-General of inflation and exchange rates. </s>
	</p>
	<p n="55">
	  <s n="126"> The proposal that interest should be charged on arrears in a Member State&apos;s assessed contributions (proposal 17, seventh item) is, in the view of the Advisory Committee, a policy matter to be decided by the General Assembly with the advice of the Committee on Contributions. </s>
	</p>
	<p n="56">
	  <s n="127"> The Advisory Committee welcomes the Secretary-General&apos;s proposal to increase attention to performance evaluation and reporting (proposal 18), as this area has been a weak link in the budgetary process. </s>
	  <s n="128"> The Committee looks forward to seeing a detailed implementation plan for this proposal, which should be presented in the report recommended above. </s>
	</p>
	<p n="57">
	  <s n="129"> Investing in governance (proposals 19-21) </s>
	</p>
	<p n="58">
	  <s n="130"> In connection with the proposal for a single annual report including comprehensive financial and programme information (proposal 18, last item, and proposal 19, first item), the Advisory Committee recalls its statement in paragraph 18 of its first report on the programme budget for the biennium 2004-2005 (A/58/7) that: </s>
	</p>
	<p n="59">
	  <s n="131"> … the current practice of reporting on programme and financial performance separately and on separate cycles needs to be reformed to make it consistent with and supportive of results-based budgeting. </s>
	  <s n="132"> The Committee therefore recommends that a single report be issued that would cover both programme and financial performance for the same period. </s>
	  <s n="133"> Such reports should be available for use during the formulation and consideration of the proposed programme budget. </s>
	</p>
	<p n="60">
	  <s n="134"> The Committee requests that a mock-up of the single comprehensive annual report, including a proposed calendar for its consideration, be provided in the detailed report to be submitted to the General Assembly in May. </s>
	</p>
	<p n="61">
	  <s n="135"> In relation to the second item of proposal 19, the Advisory Committee was provided, upon request, with additional details concerning the existing reports on management and finance issues that are proposed for consolidation into six reports. </s>
	  <s n="136"> That information should be finalized and included in the detailed report to be submitted in May. </s>
	</p>
	<p n="62">
	  <s n="137"> The detailed policy proposal containing new rules on public access to United Nations documentation, which is to be submitted in May (proposal 19, last item) should form part of the detailed report to be submitted in May. </s>
	</p>
	<p n="63">
	  <s n="138"> As regards proposals 20 and 21, the General Assembly is the competent body to deal with those issues. </s>
	</p>
	<p n="64">
	  <s n="139"> Investing in change (proposals 22 and 23) </s>
	</p>
	<p n="65">
	  <s n="140"> In proposals 22 and 23, the Secretary-General indicates that resources will be needed at an early stage for a change management office and for a staff buyout. </s>
	  <s n="141"> The Advisory Committee will comment on those proposals when they are developed. </s>
	  <s n="142"> The presentation of proposals should include relevant experiences in the United Nations system, as well as a set of criteria for potential recipients of the buyout. </s>
	  <s n="143"> In making a proposal on change management, capacity and expertise already available in the Secretariat should be taken into account. </s>
	</p>
	</body>
</text>
</DOC>