<?xml version="1.0" encoding="UTF-8"?>
<DOC lang="English" n="N0540059" id="A/60/88" date="2005/06/28">
<text>
	<body>
	<p n="1">
	  <s n="1"> Sixtieth session </s>
	</p>
	<p n="2">
	  <s n="2"> Item 98 of the preliminary list* </s>
	</p>
	<p n="3">
	  <s n="3"> General and complete disarmament </s>
	</p>
	<p n="4">
	  <s n="4"> Report of the Open-ended Working Group to Negotiate an International Instrument to Enable States to Identify and Trace, in a Timely and Reliable Manner, Illicit Small Arms and Light Weapons </s>
	</p>
	<p n="5">
	  <s n="5"> Introduction </s>
	</p>
	<p n="6">
	  <s n="6"> By its resolution 58/241 of 23 December 2003, the General Assembly decided to establish an open-ended working group, to meet in three sessions of two weeks each, to negotiate an international instrument to enable States to identify and trace, in a timely and reliable manner, illicit small arms and light weapons. </s>
	</p>
	<p n="7">
	  <s n="7"> * A/60/50 and Corr.1. </s>
	</p>
	<p n="8">
	  <s n="8"> The Assembly also decided that the open-ended working group should hold an organizational session in New York on 3 and 4 February 2004 in order to set the dates for its substantive sessions. </s>
	</p>
	<p n="9">
	  <s n="9"> Organizational matters </s>
	</p>
	<p n="10">
	  <s n="10"> Organization of work </s>
	</p>
	<p n="11">
	  <s n="11"> The Open-ended Working Group to Negotiate an International Instrument to Enable States to Identify and Trace, in a Timely and Reliable Manner, Illicit Small Arms and Light Weapons held its organizational session at United Nations Headquarters in New York on 3 February 2004. </s>
	  <s n="12"> During that meeting, the Open-ended Working Group considered organizational matters and the timetable for its substantive sessions. </s>
	</p>
	<p n="12">
	  <s n="13"> The Disarmament and Decolonization Affairs Branch of the Department for General Assembly and Conference Management and the Conventional Arms Branch of the Department for Disarmament Affairs served as the secretariat to the Working Group. </s>
	</p>
	<p n="13">
	  <s n="14"> The 1st (organizational) meeting of the Working Group was opened by the Under-Secretary-General for Disarmament Affairs, Nobuyasu Abe, who conducted the election of the Chairperson of the Working Group. </s>
	</p>
	<p n="14">
	  <s n="15"> Composition of the Bureau </s>
	</p>
	<p n="15">
	  <s n="16"> At its 1st meeting, on 3 February 2004, the Working Group elected the following officers by acclamation: </s>
	</p>
	<p n="16">
	  <s n="17"> Chairman: Anton Thalmann (Switzerland) </s>
	</p>
	<p n="17">
	  <s n="18"> Vice-Chairpersons: Marc Pecsteen de Buytswerve (Belgium) Lucia Maria Maierá (Brazil) Li Song (China) José Nicolás Rivas (Colombia) Detlev Wolter (Germany) Sanjiv Ranjan (India) Shutaro Omura (Japan) Rosita Šorytė (Lithuania) Andrea García Guerra (Mexico) Lotfi Bouchaara (Morocco) Tamara Rastovac (Serbia and Montenegro) Sylvester Rowe (Sierra Leone) Ncumisa Notutela (South Africa) Oleh Pavlyshyn (Ukraine) </s>
	</p>
	<p n="18">
	  <s n="19"> C. Adoption of the agenda </s>
	</p>
	<p n="19">
	  <s n="20"> At the same meeting, on 3 February, the Working Group adopted the provisional agenda for its organizational session, as contained in document A/AC.270/2004/L.1, as follows: </s>
	</p>
	<p n="20">
	  <s n="21"> Opening of the meeting by the Under-Secretary-General for Disarmament Affairs. </s>
	</p>
	<p n="21">
	  <s n="22"> Election of the Chairperson. </s>
	</p>
	<p n="22">
	  <s n="23"> Election of other members of the Bureau. </s>
	</p>
	<p n="23">
	  <s n="24"> Adoption of the agenda. </s>
	</p>
	<p n="24">
	  <s n="25"> Timetable for substantive sessions. </s>
	</p>
	<p n="25">
	  <s n="26"> Other matters. </s>
	</p>
	<p n="26">
	  <s n="27"> Dates for substantive sessions </s>
	</p>
	<p n="27">
	  <s n="28"> At the same meeting, the Working Group decided to hold its first substantive session from 14 to 25 June 2004; its second substantive session from 31 January to 11 February 2005; and its third substantive session from 6 to 17 June 2005. </s>
	</p>
	<p n="28">
	  <s n="29"> First substantive session </s>
	</p>
	<p n="29">
	  <s n="30"> The Working Group held 18 meetings (2nd to 19th) during its first substantive session. </s>
	  <s n="31"> At the 2nd meeting, on 14 June 2004, a statement was made by the Under-Secretary-General for Disarmament Affairs. </s>
	</p>
	<p n="30">
	  <s n="32"> At the same meeting, the Working Group adopted the provisional programme of work and provisional agenda for the session as contained in documents A/AC.270/2004/CRP.1 and A/AC.270/2004/CRP.2, respectively. </s>
	  <s n="33"> The Working Group agreed to divide its work into several phases: a general debate; statements by intergovernmental organizations and representatives of civil society; a thematic debate on the three elements of tracing, namely marking, record-keeping and international cooperation; and other matters. </s>
	  <s n="34"> The Chairman also produced and distributed a non-paper to assist the Working Group in its discussions. </s>
	</p>
	<p n="31">
	  <s n="35"> Five meetings (the 2nd to 6th) were allocated to the general debate. </s>
	  <s n="36"> Statements were made by the representatives of Ireland (on behalf of the European Union), Peru, South Africa, Canada, the United States of America, China, Japan, Belarus, Morocco, Australia, Nigeria (on behalf of the African Group of States), Brazil, Indonesia, New Zealand, Venezuela, Norway, Egypt, Colombia, Switzerland, the Russian Federation, the Philippines, Rwanda, Algeria, Trinidad and Tobago, the Democratic People&apos;s Republic of Korea, Chile, Guatemala, Argentina, the Republic of Korea, Serbia and Montenegro, Cuba, Costa Rica, Nigeria, Iran (Islamic Republic of), the Bahamas (on behalf of the Caribbean Community), Sri Lanka, Jamaica, Guyana, Nepal, Pakistan and India. </s>
	</p>
	<p n="32">
	  <s n="37"> At its 6th meeting, on 16 June, the Working Group held an exchange of views on the character of the instrument, with statements made by the representatives of Sierra Leone, Senegal, South Africa, Ireland (on behalf of the European Union), Brazil, Morocco, Poland, the United States, the Russian Federation, China, Canada, Australia, Mexico, the Republic of Korea, Switzerland, Japan, Colombia, Nigeria, Egypt, France, Iran (Islamic Republic of), Germany and Pakistan. </s>
	</p>
	<p n="33">
	  <s n="38"> At the 7th meeting, on 17 June, statements were made by representatives of international and regional organizations. </s>
	  <s n="39"> The representatives of the International Committee of the Red Cross, the International Civil Aviation Organization, the Organization of American States, Interpol, Myanmar (on behalf of the Association of Southeast Asian Nations), the United Nations Development Programme, the United Nations Institute for Disarmament Research, Armenia (on behalf of the Organization for Security and Cooperation in Europe) and Kenya (on behalf of the Nairobi Secretariat on Small Arms and Light Weapons) made statements. </s>
	</p>
	<p n="34">
	  <s n="40"> The Working Group heard presentations from representatives of civil society at its 8th meeting. </s>
	  <s n="41"> Statements were made by the representatives of the International Action Network on Small Arms, Viva Rio, Groupe de recherche et d&apos;information sur la paix et la sécurité, Maryknoll Fathers and Brothers and Maryknoll Sisters of St. Dominic, and the World Forum on the Future of Sport Shooting Activities. </s>
	</p>
	<p n="35">
	  <s n="42"> From the 9th to the 19th meetings, the Working Group conducted thematic discussions on the three elements of tracing: marking, record-keeping and international cooperation. </s>
	  <s n="43"> For this phase of work, the Chairman had prepared and circulated questionnaires on these three elements in order to facilitate the discussions. </s>
	</p>
	<p n="36">
	  <s n="44"> At its 18th meeting, on 24 June 2004, the Working Group decided to change the dates for its second substantive session from 31 January-11 February 2005 to 24 January-4 February 2005. </s>
	</p>
	<p n="37">
	  <s n="45"> Second substantive session </s>
	</p>
	<p n="38">
	  <s n="46"> At its 20th meeting, on 24 January, the Working Group adopted the provisional agenda and draft programme of work for its second substantive session, as contained in documents A/AC.270/2005/L.1 and A/AC.270/2005/CRP.1, respectively. </s>
	  <s n="47"> The Chairman introduced a draft text, which was based on the inputs provided by delegations during the first session of the Working Group and had been circulated to delegations in December 2004, prior to the session. </s>
	</p>
	<p n="39">
	  <s n="48"> The Working Group proceeded with its work by conducting a general exchange of views followed by a first reading of the Chairman&apos;s draft text, paragraph by paragraph. </s>
	  <s n="49"> The Working Group also held discussions on the question of the character of the instrument. </s>
	  <s n="50"> Throughout the process, delegations provided written proposals and comments on the Chairman&apos;s draft text. </s>
	</p>
	<p n="40">
	  <s n="51"> Based on the first reading and written proposals provided by delegations, the Chairman introduced a second draft at the 31st meeting, on 1 February, and the translated versions of the text were made available to the Working Group on 3 February. </s>
	  <s n="52"> From the 33rd to 38th meetings, the Working Group conducted a second reading of the second draft text. </s>
	</p>
	<p n="41">
	  <s n="53"> At the 38th meeting, on 4 February, the Chairman stated that he would prepare a third revised text well in advance of the third and final substantive session of the Working Group, taking into account the discussions held and the written proposals submitted during the second substantive session. </s>
	</p>
	<p n="42">
	  <s n="54"> Third substantive session </s>
	</p>
	<p n="43">
	  <s n="55"> The Working Group held its third substantive session from 6 to 17 June 2005. </s>
	  <s n="56"> At its 39th meeting, on 6 June, the Working Group adopted its provisional agenda and draft programme of work for the session as contained in documents A/AC.270/2005/L.2 and A/AC.270/2005/CRP.2, respectively. </s>
	</p>
	<p n="44">
	  <s n="57"> From the 39th to 47th meetings, the Working Group conducted a paragraph-by-paragraph reading of the third draft text prepared by the Chairman. </s>
	  <s n="58"> Throughout the process, both the Chairman and delegations provided proposals on compromise language for the various paragraphs. </s>
	  <s n="59"> The Chairman also designated facilitators for the following issues: definitions (Brazil), marking at import (Belgium), ammunition in all its aspects (South Africa) and the character of the instrument (India). </s>
	</p>
	<p n="45">
	  <s n="60"> From its 48th to 53rd meetings, the Working Group conducted a second reading of the third draft text, focusing on paragraphs which lacked consensus. </s>
	  <s n="61"> The Working Group proceeded with a third reading of all outstanding paragraphs from the 54th to 56th meetings. </s>
	</p>
	<p n="46">
	  <s n="62"> At its 57th meeting, on 17 June, the Chairman presented to the Working Group his compromise proposals on all outstanding paragraphs. </s>
	  <s n="63"> At the same meeting, statements were made by the delegations of Paraguay (on behalf of the Common Market of the South), Mexico, Norway, Sierra Leone, Uganda, Argentina, Colombia, Uruguay, Venezuela, Costa Rica, Peru, Brazil, Guatemala, Ecuador, Malaysia, Indonesia, Cuba, Senegal, India, Egypt, Nigeria, Luxembourg (on behalf of the European Union), Bolivia, Spain, the United States, Jamaica, Australia, Kenya, Pakistan, Japan, Zimbabwe, Morocco, the Republic of Korea, China, Algeria, Turkey, Ghana, the Russian Federation, Canada and Israel on the character of the instrument. </s>
	</p>
	<p n="47">
	  <s n="64"> At the 58th meeting, the Working Group considered the Chairman&apos;s compromise proposals and all outstanding paragraphs and issues. </s>
	  <s n="65"> The Group also considered its draft report as contained in document A/AC.270/2005/CRP.3. </s>
	</p>
	<p n="48">
	  <s n="66"> Recommendations </s>
	</p>
	<p n="49">
	  <s n="67"> In accordance with its mandate as contained in General Assembly resolution 58/241, the Working Group devoted a total of 58 meetings to negotiate an international instrument to enable States to identify and trace, in a timely and reliable manner, illicit small arms and light weapons. </s>
	  <s n="68"> The Working Group was able to reach consensus on a draft international instrument of a political character and therefore recommends that the General Assembly adopt the draft instrument annexed to the present report at its sixtieth session. </s>
	</p>
	<p n="50">
	  <s n="69"> The Working Group recommends that the issue of small arms and light weapons ammunition be addressed in a comprehensive manner as part of a separate process conducted within the framework of the United Nations. </s>
	</p>
	<p n="51">
	  <s n="70"> The Working Group recommends that the issue of the applicability of provisions of the draft instrument to United Nations peacekeeping operations be considered further within the framework of the United Nations. </s>
	</p>
	<p n="52">
	  <s n="71"> Adoption of the report of the Open-ended Working Group </s>
	</p>
	<p n="53">
	  <s n="72"> At its 58th meeting, on 17 June, the Working Group adopted by consensus its report to the General Assembly at its sixtieth session. </s>
	</p>
	<p n="54">
	  <s n="73"> Annex </s>
	</p>
	<p n="55">
	  <s n="74"> Draft International Instrument to Enable States to Identify and Trace, in a Timely and Reliable Manner, Illicit Small Arms and Light Weapons </s>
	</p>
	<p n="56">
	  <s n="75"> Preamble </s>
	</p>
	<p n="57">
	  <s n="76"> States, </s>
	</p>
	<p n="58">
	  <s n="77"> Noting that in the United Nations Programme of Action to Prevent, Combat and Eradicate the Illicit Trade in Small Arms and Light Weapons in All Its Aspects, States identified the tracing of illicit small arms and light weapons as a key mechanism for national, regional and/or international efforts to prevent, combat and eradicate illicit small arms and light weapons and committed themselves to strengthening the ability of States to cooperate in identifying and tracing in a timely and reliable manner illicit small arms and light weapons, </s>
	</p>
	<p n="59">
	  <s n="78"> Noting also that the tracing of illicit small arms and light weapons, including but not limited to those manufactured to military specifications, may be required in the context of all forms of crime and conflict situations, </s>
	</p>
	<p n="60">
	  <s n="79"> Recalling the report on the feasibility of developing an international instrument to enable States to identify and trace, in a timely and reliable manner, illicit small arms and light weapons, prepared by the Group of Governmental Experts established pursuant to General Assembly resolution 56/24 V of 24 December 2001, </s>
	</p>
	<p n="61">
	  <s n="80"> Recalling also General Assembly resolution 58/241 of 23 December 2003, in which the Assembly, pursuant to the recommendation of the Group of Governmental Experts, decided to establish an open-ended working group to negotiate such an instrument, </s>
	</p>
	<p n="62">
	  <s n="81"> Noting that, pursuant to resolution 58/241, this instrument is complementary to, and not inconsistent with, the existing commitments of States under relevant international instruments, including the Protocol against the Illicit Manufacturing of and Trafficking in Firearms, Their Parts and Components and Ammunition, supplementing the United Nations Convention against Transnational Organized Crime, </s>
	</p>
	<p n="63">
	  <s n="82"> Noting also that, pursuant to resolution 58/241, this instrument takes into account the national security and legal interests of States, </s>
	</p>
	<p n="64">
	  <s n="83"> Convinced of the need for an effective international instrument to enable States to identify and trace, in a timely and reliable manner, illicit small arms and light weapons, </s>
	</p>
	<p n="65">
	  <s n="84"> Stressing that all aspects relating to illicit small arms and light weapons should be addressed in a coordinated and comprehensive manner, </s>
	</p>
	<p n="66">
	  <s n="85"> Stressing also the urgent necessity for international cooperation and assistance, including financial and technical assistance, as appropriate, to support and facilitate efforts to effectively implement this instrument, </s>
	</p>
	<p n="67">
	  <s n="86"> Have agreed henceforth as follows: </s>
	</p>
	<p n="68">
	  <s n="87"> General provisions </s>
	</p>
	<p n="69">
	  <s n="88"> The purpose of this instrument is to enable States to identify and trace, in a timely and reliable manner, illicit small arms and light weapons. </s>
	</p>
	<p n="70">
	  <s n="89"> The purpose of this instrument is also to promote and facilitate international cooperation and assistance in marking and tracing and to enhance the effectiveness of, and complement, existing bilateral, regional and international agreements to prevent, combat and eradicate the illicit trade in small arms and light weapons in all its aspects. </s>
	</p>
	<p n="71">
	  <s n="90"> This instrument does not restrict the right of States to acquire, manufacture, transfer and retain small arms and light weapons for their self-defence and security needs, as well as for their capacity to participate in peacekeeping operations, in a manner consistent with the Charter of the United Nations. </s>
	</p>
	<p n="72">
	  <s n="91"> Definitions </s>
	</p>
	<p n="73">
	  <s n="92"> For the purposes of this instrument, “small arms and light weapons” will mean any man-portable lethal weapon that expels or launches, is designed to expel or launch, or may be readily converted to expel or launch a shot, bullet or projectile by the action of an explosive, excluding antique small arms and light weapons or their replicas. </s>
	  <s n="93"> Antique small arms and light weapons and their replicas will be defined in accordance with domestic law. </s>
	  <s n="94"> In no case will antique small arms and light weapons include those manufactured after 1899: </s>
	</p>
	<p n="74">
	  <s n="95"> (a) “Small arms” are, broadly speaking, weapons designed for individual use. </s>
	  <s n="96"> They include, inter alia, revolvers and self-loading pistols, rifles and carbines, sub-machine guns, assault rifles and light machine guns; </s>
	</p>
	<p n="75">
	  <s n="97"> (b) “Light weapons” are, broadly speaking, weapons designed for use by two or three persons serving as a crew, although some may be carried and used by a single person. </s>
	  <s n="98"> They include, inter alia, heavy machine guns, hand-held under-barrel and mounted grenade launchers, portable anti-aircraft guns, portable anti-tank guns, recoilless rifles, portable launchers of anti-tank missile and rocket systems, portable launchers of anti-aircraft missile systems, and mortars of a calibre of less than 100 millimetres. </s>
	</p>
	<p n="76">
	  <s n="99"> For the purposes of this instrument, “tracing” is the systematic tracking of illicit small arms and light weapons found or seized on the territory of a State from the point of manufacture or the point of importation through the lines of supply to the point at which they became illicit. </s>
	</p>
	<p n="77">
	  <s n="100"> For the purposes of this instrument, small arms and light weapons are “illicit” if: </s>
	</p>
	<p n="78">
	  <s n="101"> (a) They are considered illicit under the law of the State within whose territorial jurisdiction the small arm or light weapon is found; </s>
	</p>
	<p n="79">
	  <s n="102"> (b) They are transferred in violation of arms embargoes decided by the Security Council in accordance with the Charter of the United Nations; </s>
	</p>
	<p n="80">
	  <s n="103"> (c) They are not marked in accordance with the provisions of this instrument; </s>
	</p>
	<p n="81">
	  <s n="104"> (d) They are manufactured or assembled without a licence or authorization from the competent authority of the State where the manufacture or assembly takes place; or </s>
	</p>
	<p n="82">
	  <s n="105"> (e) They are transferred without a licence or authorization by a competent national authority. </s>
	</p>
	<p n="83">
	  <s n="106"> Marking </s>
	</p>
	<p n="84">
	  <s n="107"> The choice of methods for marking small arms and light weapons is a national prerogative. </s>
	  <s n="108"> States will ensure that, whatever method is used, all marks required under this instrument are on an exposed surface, conspicuous without technical aids or tools, easily recognizable, readable, durable and, as far as technically possible, recoverable. </s>
	</p>
	<p n="85">
	  <s n="109"> For the purpose of identifying and tracing illicit small arms and light weapons, States will: </s>
	</p>
	<p n="86">
	  <s n="110"> (a) At the time of manufacture of each small arm or light weapon under their jurisdiction or control, either require unique marking providing the name of the manufacturer, the country of manufacture and the serial number, or maintain any alternative unique user-friendly marking with simple geometric symbols in combination with a numeric and/or alphanumeric code, permitting ready identification by all States of the country of manufacture; and encourage the marking of such additional information as the year of manufacture, weapon type/model and calibre; </s>
	</p>
	<p n="87">
	  <s n="111"> (b) Taking into account that import marking is a requirement for the States parties to the Protocol against the Illicit Manufacturing of and Trafficking in Firearms, Their Parts and Components and Ammunition, supplementing the United Nations Convention against Transnational Organized Crime, require to the extent possible appropriate simple marking on each imported small arm or light weapon, permitting identification of the country of import and, where possible, the year of import and enabling the competent authorities of that country to trace the small arm or light weapon; and require a unique marking, if the small arm or light weapon does not already bear such a marking. </s>
	  <s n="112"> The requirements of this subparagraph need not be applied to temporary imports of small arms and light weapons for verifiable, lawful purposes, nor for the permanent import of museum artefacts; </s>
	</p>
	<p n="88">
	  <s n="113"> (c) Ensure, at the time of transfer from government stocks to permanent civilian use of a small arm or light weapon that is not marked in a manner that allows tracing, the appropriate marking permitting identification of the country from whose stocks the transfer of the small arm or light weapon is made; </s>
	</p>
	<p n="89">
	  <s n="114"> (d) Take all necessary measures to ensure that all small arms and light weapons in the possession of government armed and security forces for their own use at the time of adoption of this instrument are duly marked. </s>
	  <s n="115"> Markings on these small arms and light weapons do not necessarily have to meet the requirements of subparagraph 8 (a) above; </s>
	</p>
	<p n="90">
	  <s n="116"> (e) Encourage manufacturers of small arms and light weapons to develop measures against the removal or alteration of markings. </s>
	</p>
	<p n="91">
	  <s n="117"> States will ensure that all illicit small arms and light weapons that are found on their territory are uniquely marked and recorded, or destroyed, as soon as possible. </s>
	  <s n="118"> Pending such marking, and recording in accordance with section IV of this instrument, or destruction, these small arms and light weapons will be securely stored. </s>
	</p>
	<p n="92">
	  <s n="119"> States will ensure that every small arm or light weapon always receives the unique markings prescribed in subparagraph 8 (a) above. </s>
	  <s n="120"> A unique marking should be applied to an essential or structural component of the weapon where the component&apos;s destruction would render the weapon permanently inoperable and incapable of reactivation, such as the frame and/or receiver, in compliance with paragraph 7 above. </s>
	  <s n="121"> States are encouraged, where appropriate to the type of weapon, also to apply the marking prescribed in subparagraph 8 (a) above or other markings to other parts of the weapon such as the barrel and/or slide or cylinder of the weapon, in order to aid in the accurate identification of these parts or of a given weapon. </s>
	</p>
	<p n="93">
	  <s n="122"> Record-keeping </s>
	</p>
	<p n="94">
	  <s n="123"> The choice of methods for record-keeping is a national prerogative. </s>
	  <s n="124"> States will ensure that accurate and comprehensive records are established for all marked small arms and light weapons within their territory and maintained in accordance with paragraph 12 below in order to enable their competent national authorities to trace illicit small arms and light weapons in a timely and reliable manner. </s>
	</p>
	<p n="95">
	  <s n="125"> From the time of the adoption of this instrument, records pertaining to marked small arms and light weapons will, to the extent possible, be kept indefinitely, but in any case a State will ensure the maintenance of: </s>
	</p>
	<p n="96">
	  <s n="126"> (a) Manufacturing records for at least 30 years; and </s>
	</p>
	<p n="97">
	  <s n="127"> (b) All other records, including records of import and export, for at least 20 years. </s>
	</p>
	<p n="98">
	  <s n="128"> States will require that records pertaining to small arms and light weapons held by companies that go out of business be forwarded to the State in accordance with its national legislation. </s>
	</p>
	<p n="99">
	  <s n="129"> Cooperation in tracing </s>
	</p>
	<p n="100">
	  <s n="130"> General </s>
	</p>
	<p n="101">
	  <s n="131"> While the choice of tracing systems will remain a national prerogative, States will ensure that they are capable of undertaking traces and responding to tracing requests in accordance with the requirements of this instrument. </s>
	</p>
	<p n="102">
	  <s n="132"> States receiving information related to tracing illicit small arms and light weapons in accordance with the provisions of this instrument and in the context of a tracing request will respect all restrictions placed on its use. </s>
	  <s n="133"> Furthermore, States will guarantee the confidentiality of such information. </s>
	  <s n="134"> Restrictions on use may include, inter alia: </s>
	</p>
	<p n="103">
	  <s n="135"> (a) The information exchanged will be released only to competent authorities designated by the requesting State and/or authorized personnel, to the extent necessary for the effective implementation of this instrument; </s>
	</p>
	<p n="104">
	  <s n="136"> (b) The information exchanged will be used only for purposes consistent with this instrument; or </s>
	</p>
	<p n="105">
	  <s n="137"> (c) The information exchanged may not be released to anyone else without the prior consent of the State providing that information. </s>
	</p>
	<p n="106">
	  <s n="138"> Where for legal, constitutional or administrative reasons, the confidentiality of the information cannot be guaranteed or the restrictions placed on its use in accordance with the present paragraph cannot be maintained by the requesting State, the requested State will be so informed at the time the tracing request is made. </s>
	</p>
	<p n="107">
	  <s n="139"> Tracing requests </s>
	</p>
	<p n="108">
	  <s n="140"> A State may initiate a tracing request in relation to small arms and light weapons found within its territorial jurisdiction that it considers to be illicit under the provisions of paragraph 6 above. </s>
	</p>
	<p n="109">
	  <s n="141"> To ensure smooth and effective cooperation in tracing, requests for assistance in tracing illicit small arms or light weapons will contain sufficient information, including, inter alia: </s>
	</p>
	<p n="110">
	  <s n="142"> (a) Information describing the illicit nature of the small arm or light weapon, including the legal justification therefor and, to the extent possible, the circumstances under which the small arm or light weapon was found; </s>
	</p>
	<p n="111">
	  <s n="143"> (b) Markings, type, calibre and other relevant information to the extent possible; </s>
	</p>
	<p n="112">
	  <s n="144"> (c) Intended use of the information being sought. </s>
	</p>
	<p n="113">
	  <s n="145"> Responses to tracing requests </s>
	</p>
	<p n="114">
	  <s n="146"> States will provide prompt, timely and reliable responses to tracing requests made by other States. </s>
	</p>
	<p n="115">
	  <s n="147"> States receiving a tracing request will acknowledge receipt within a reasonable time. </s>
	</p>
	<p n="116">
	  <s n="148"> In responding to a tracing request, the requested State will provide, subject to paragraph 22 below, all available information sought by the requesting State that is relevant for the purpose of tracing illicit small arms and light weapons. </s>
	</p>
	<p n="117">
	  <s n="149"> The requested State may seek additional information from the requesting State where a tracing request does not contain the information required in paragraph 17 above. </s>
	</p>
	<p n="118">
	  <s n="150"> States may delay or restrict the content of their response to a tracing request, or refuse to provide the information sought, where releasing the information would compromise ongoing criminal investigations or violate legislation providing for the protection of confidential information, where the requesting State cannot guarantee the confidentiality of the information, or for reasons of national security consistent with the Charter of the United Nations. </s>
	</p>
	<p n="119">
	  <s n="151"> If a State delays or provides a restricted response to a tracing request, or refuses to provide the information sought, on the grounds identified in paragraph 22 above, it will inform the requesting State of the reasons for this. </s>
	  <s n="152"> The requesting State may subsequently seek clarification of this explanation. </s>
	</p>
	<p n="120">
	  <s n="153"> Implementation </s>
	</p>
	<p n="121">
	  <s n="154"> General </s>
	</p>
	<p n="122">
	  <s n="155"> In accordance with their constitutional processes, States will put in place, where they do not exist, the laws, regulations and administrative procedures needed to ensure the effective implementation of this instrument. </s>
	</p>
	<p n="123">
	  <s n="156"> States will designate one or more national points of contact to exchange information and act as a liaison on all matters relating to the implementation of this instrument. </s>
	</p>
	<p n="124">
	  <s n="157"> States will cooperate on a bilateral and, where appropriate, on a regional and international basis to support the effective implementation of this instrument. </s>
	</p>
	<p n="125">
	  <s n="158"> International cooperation and assistance </s>
	</p>
	<p n="126">
	  <s n="159"> States in a position to do so will, upon request, seriously consider rendering technical, financial and other assistance, both bilaterally and multilaterally, in building national capacity in the areas of marking, record-keeping and tracing, in order to support the effective implementation of this instrument by States. </s>
	</p>
	<p n="127">
	  <s n="160"> States in a position to do so are also encouraged to seriously consider international cooperation and assistance to examine technologies that would improve the tracing and detection of illicit small arms and light weapons, as well as measures to facilitate the transfer of such technologies. </s>
	</p>
	<p n="128">
	  <s n="161"> States will encourage initiatives, within the framework of the United Nations Programme of Action to Prevent, Combat and Eradicate the Illicit Trade in Small Arms and Light Weapons in All Its Aspects,1 that mobilize the resources and expertise of, and where appropriate cooperation with, relevant regional and international organizations to promote the implementation of this instrument by States. </s>
	</p>
	<p n="129">
	  <s n="162"> United Nations </s>
	</p>
	<p n="130">
	  <s n="163"> States will cooperate, as appropriate, with the United Nations to support the effective implementation of this instrument. </s>
	</p>
	<p n="131">
	  <s n="164"> States will, as soon as possible after the adoption of this instrument, provide the Secretary-General, through the Department for Disarmament Affairs of the Secretariat, with the following information, updating it when necessary: </s>
	</p>
	<p n="132">
	  <s n="165"> (a) Name and contact information for the national point(s) of contact; </s>
	</p>
	<p n="133">
	  <s n="166"> (b) National marking practices related to markings used to indicate country of manufacture and/or country of import as applicable. </s>
	</p>
	<p n="134">
	  <s n="167"> States hereby request the Secretary-General to collate the information provided by States pursuant to paragraph 31 above and to issue it to States Members of the United Nations, providing the assistance requested for the implementation of the instrument by States, as well as assisting States to interact on a bilateral basis. </s>
	</p>
	<p n="135">
	  <s n="168"> International Criminal Police Organization </s>
	</p>
	<p n="136">
	  <s n="169"> States, where appropriate, will cooperate with the International Criminal Police Organization (Interpol) to support the effective implementation of this instrument. </s>
	</p>
	<p n="137">
	  <s n="170"> States that are members of Interpol will promote the implementation of this instrument when participating in Interpol&apos;s organs. </s>
	</p>
	<p n="138">
	  <s n="171"> States, where appropriate, in accordance with Interpol&apos;s statutory rules, are encouraged to make full use of Interpol&apos;s mechanisms and facilities in implementing this instrument. </s>
	  <s n="172"> Interpol may, at the request of the concerned State, assist in the following areas: </s>
	</p>
	<p n="139">
	  <s n="173"> (a) Facilitation of tracing operations conducted within the framework of this instrument; </s>
	</p>
	<p n="140">
	  <s n="174"> (b) Investigations to identify and trace illicit small arms and light weapons; </s>
	</p>
	<p n="141">
	  <s n="175"> (c) Wherever possible, building national capacity to initiate and respond to tracing requests. </s>
	</p>
	<p n="142">
	  <s n="176"> Follow-up </s>
	</p>
	<p n="143">
	  <s n="177"> States will report on a biennial basis to the Secretary-General on their implementation of this instrument including, where appropriate, national experiences in tracing illicit small arms and light weapons as well as measures taken in the field of international cooperation and assistance. </s>
	  <s n="178"> This report may form part of a State&apos;s national report on its implementation of the United Nations Programme of Action to Prevent, Combat and Eradicate the Illicit Trade in Small Arms and Light Weapons in All Its Aspects. </s>
	</p>
	<p n="144">
	  <s n="179"> States will meet on a biennial basis to consider the reports mentioned in paragraph 36 above. </s>
	  <s n="180"> These meetings will be held within the framework of relevant meetings convened for the United Nations Programme of Action to Prevent, Combat and Eradicate the Illicit Trade in Small Arms and Light Weapons in All Its Aspects, where such meetings are in fact convened. </s>
	</p>
	<p n="145">
	  <s n="181"> States will review the implementation and future development of this instrument within the framework of conferences that review the United Nations Programme of Action to Prevent, Combat and Eradicate the Illicit Trade in Small Arms and Light Weapons in All Its Aspects. </s>
	</p>
	<p n="146">
	  <s n="182"> See Report of the United Nations Conference on Illicit Trade in Small Arms and Light Weapons in All Its Aspects, New York, 9-20 July 2001 (A/CONF.192/15), para. </s>
	</p>
	<p n="147">
	  <s n="183"> General Assembly resolution 55/255, annex. </s>
	</p>
	</body>
</text>
</DOC>