<?xml version="1.0" encoding="UTF-8"?>
<DOC lang="English" n="N0562300" id="A/60/L.34" date="2005/11/30">
<text>
	<body>
	<p n="1">
	  <s n="1"> Sixtieth session </s>
	</p>
	<p n="2">
	  <s n="2"> Agenda item 73 (a) </s>
	</p>
	<p n="3">
	  <s n="3"> Strengthening of the coordination of emergency humanitarian assistance of the United Nations </s>
	</p>
	<p n="4">
	  <s n="4"> Botswana, Burkina Faso, Cameroon, Canada, Cape Verde, China, Djibouti, Egypt, Israel, Lesotho, Liberia, Libyan Arab Jamahiriya, Morocco, Mozambique, Nigeria, Rwanda, Singapore, Somalia, Swaziland, Uganda and Zambia: draft resolution </s>
	</p>
	<p n="5">
	  <s n="5"> Assistance to survivors of the 1994 genocide in Rwanda, particularly orphans, widows and victims of sexual violence </s>
	</p>
	<p n="6">
	  <s n="6"> The General Assembly, </s>
	</p>
	<p n="7">
	  <s n="7"> Guided by the Charter of the United Nations and the Universal Declaration of Human Rights, </s>
	</p>
	<p n="8">
	  <s n="8"> Recalling the 2005 World Summit Outcome, particularly its recognition that all individuals, in particular vulnerable people, are entitled to freedom from fear and freedom from want, with equal opportunity to enjoy all their rights and fully develop their human potential, </s>
	</p>
	<p n="9">
	  <s n="9"> Recalling also its resolution 59/137 of 10 December 2004, by which it requested the Secretary-General to encourage relevant agencies, funds and programmes of the United Nations system to continue to work with the Government of Rwanda to develop and implement programmes aimed at supporting vulnerable groups that continue to suffer from the effects of the 1994 genocide, </s>
	</p>
	<p n="10">
	  <s n="10"> Recalling further the findings and recommendations of the independent inquiry commissioned by the Secretary-General, with the approval of the Security Council, into the actions of the United Nations during the 1994 genocide in Rwanda, </s>
	</p>
	<p n="11">
	  <s n="11"> Recalling the report containing the findings and recommendations of the International Panel of Eminent Personalities commissioned by the Organization of African Unity to investigate the genocide in Rwanda and the surrounding events, entitled “Rwanda: The Preventable Genocide”, </s>
	</p>
	<p n="12">
	  <s n="12"> Recalling also its resolution 58/234 of 23 December 2003, by which it declared 7 April 2004 the International Day of Reflection on the Genocide in Rwanda, </s>
	</p>
	<p n="13">
	  <s n="13"> Recognizing the numerous difficulties faced by survivors of the 1994 genocide in Rwanda, particularly the orphans, widows and victims of sexual violence, who are poorer and more vulnerable as a result of the genocide, especially the many victims of sexual violence who have contracted HIV and have since either died or become seriously ill with AIDS, </s>
	</p>
	<p n="14">
	  <s n="14"> Firmly convinced of the necessity to restore the dignity of the survivors of the 1994 genocide in Rwanda, which would help to promote reconciliation and healing in Rwanda, </s>
	</p>
	<p n="15">
	  <s n="15"> Commending the tremendous efforts of the Government and people of Rwanda and civil society organizations, as well as international efforts, to provide support for restoring the dignity of the survivors, including the allocation by the Government of Rwanda of 5 per cent of its national budget every year to support genocide survivors, </s>
	</p>
	<p n="16">
	  <s n="16"> Requests the Secretary-General to encourage the relevant agencies, funds and programmes of the United Nations system to expeditiously implement resolution 59/137; </s>
	</p>
	<p n="17">
	  <s n="17"> Encourages all Member States to provide assistance to genocide survivors and other vulnerable groups in Rwanda in support of the present resolution; </s>
	</p>
	<p n="18">
	  <s n="18"> Expresses its appreciation for development assistance and support for the reconstruction and rehabilitation of Rwanda after the 1994 genocide, and calls upon Member States to continue to support the development of Rwanda, inter alia, through programmes under the poverty reduction strategy; </s>
	</p>
	<p n="19">
	  <s n="19"> Urges Member States to develop educational programmes that will inculcate future generations with the lessons of the genocide in Rwanda in order to help prevent future acts of genocide; </s>
	</p>
	<p n="20">
	  <s n="20"> Requests the Secretary-General to establish a programme of outreach entitled “The Rwanda Genocide and the United Nations” as well as measures to mobilize civil society for Rwanda genocide victim remembrance and education, in order to help prevent future acts of genocide, and to report to the General Assembly on the establishment of the programme within six months from the date of the adoption of the present resolution; </s>
	</p>
	<p n="21">
	  <s n="21"> Also requests the Secretary-General, in view of the critical situation of the survivors of the 1994 genocide in Rwanda, particularly orphans, widows and victims of sexual violence, to take all necessary and practicable measures for the implementation of the present resolution and to report thereon to the General Assembly at its sixty-second session; </s>
	</p>
	<p n="22">
	  <s n="22"> Requests the General Committee to consider the inclusion of an additional item on the agenda of the General Assembly at its sixty-second session entitled, “Assistance to survivors of the 1994 genocide in Rwanda, particularly orphans, widows and victims of sexual violence”. </s>
	</p>
	<p n="23">
	  <s n="23"> Resolution 217 A (III). </s>
	</p>
	<p n="24">
	  <s n="24"> See resolution 60/1. </s>
	</p>
	<p n="25">
	  <s n="25"> The Organization of African Unity was transformed into the African Union in 2002. </s>
	</p>
	</body>
</text>
</DOC>