<?xml version="1.0" encoding="UTF-8"?>
<DOC lang="English" n="N0724877" id="A/61/758" date="2007/02/23">
<text>
	<body>
	<p n="1">
	  <s n="1"> Sixty-first session </s>
	</p>
	<p n="2">
	  <s n="2"> Agenda items 117 and 128 </s>
	</p>
	<p n="3">
	  <s n="3"> Programme budget for the biennium 2006-2007 </s>
	</p>
	<p n="4">
	  <s n="4"> Administration of justice at the United Nations </s>
	</p>
	<p n="5">
	  <s n="5"> Report of the Redesign Panel on the United Nations system of administration of justice </s>
	</p>
	<p n="6">
	  <s n="6"> Note by the Secretary-General </s>
	</p>
	<p n="7">
	  <s n="7"> Introduction </s>
	</p>
	<p n="8">
	  <s n="8"> In section IV of its resolution 59/283, the General Assembly decided that the Secretary-General should form a panel of external and independent experts to consider redesigning the system of administration of justice and decided on its terms of reference. </s>
	  <s n="9"> The Redesign Panel was established accordingly, and its report was transmitted to the General Assembly (A/61/205). </s>
	</p>
	<p n="9">
	  <s n="10"> In August 2006 the Deputy Secretary-General requested the views of managers and staff representative, on the findings and recommendations of the Redesign Panel. </s>
	  <s n="11"> The views of 47 offices from the Secretariat and the United Nations funds and programmes were received. </s>
	  <s n="12"> Those comments served as the basis for the subsequent consultation process among the offices most directly involved in the justice system, including the Department of Management, the Office of the Ombudsman, the Office of Legal Affairs and the Department of Peacekeeping Operations, as well as the funds and programmes. </s>
	</p>
	<p n="10">
	  <s n="13"> The Staff-Management Coordination Committee met in a special session from 31 January to 6 February 2007 to discuss the Panel&apos;s recommendations and express its views prior to the submission of the comments of the Secretary-General thereon. </s>
	  <s n="14"> The Staff-Management Coordination Committee is a joint mechanism established under the Staff Rules at the global Secretariat level for consultation in good faith between staff and management on issues relating to staff welfare, including conditions of work, general conditions of life and other personnel policies, on which the Secretary-General is required to consult with the staff under staff regulation 8.1. </s>
	  <s n="15"> The full membership of the Committee, with the exception of staff representatives from New York, attended the special session. </s>
	  <s n="16"> The Secretary-General has endorsed the agreements reached by the Committee, which are reflected in the comments below. </s>
	</p>
	<p n="11">
	  <s n="17"> The present note provides the comments of the Secretary-General on the recommendations of the Redesign Panel, along with the estimate of time and resources needed for their implementation, as requested by the General Assembly in its resolution 59/283. </s>
	  <s n="18"> Most of the Panel&apos;s recommendations have been accepted in their entirety. </s>
	  <s n="19"> In other instances, the Staff-Management Coordination Committee agreed on modifications, which the Secretary-General fully endorses, that would enhance the viability and effectiveness of the new system. </s>
	  <s n="20"> In addition, the Committee agreed to establish a working group to discuss issues relating to disciplinary proceedings that require further elaboration before recommendations can be finalized. </s>
	</p>
	<p n="12">
	  <s n="21"> Overview </s>
	</p>
	<p n="13">
	  <s n="22"> The Secretary-General fully shares the view expressed by the General Assembly in its resolution 59/283 that a transparent, impartial and effective system of administration of justice is a necessary condition for ensuring fair and just treatment of United Nations staff and is important for the success of human resources reform in the Organization. </s>
	  <s n="23"> There are fundamental reasons why the United Nations needs a functioning, well-resourced system of internal justice, namely, that: </s>
	</p>
	<p n="14">
	  <s n="24"> (a) United Nations staff members have no legal recourse to national courts in respect of employment-related grievances. </s>
	  <s n="25"> The Organization therefore needs to offer its personnel effective recourse and must bear many of the attendant costs that might otherwise have been incurred in national judicial proceedings; </s>
	</p>
	<p n="15">
	  <s n="26"> (b) The United Nations, as an organization involved in setting norms and standards and advocating for the rule of law, has a special duty to offer its staff timely, effective and fair justice. </s>
	  <s n="27"> It must, therefore, “practice what it preaches” with respect to the treatment and management of its own personnel. </s>
	  <s n="28"> The Secretary-General believes that staff are entitled to a system of justice that fully complies with applicable international human rights standards; </s>
	</p>
	<p n="16">
	  <s n="29"> (c) Given heightened risks and increasingly complex situations in which the Organization operates, high ethical standards and zero tolerance for inappropriate conduct or wrongdoing have become paramount. </s>
	  <s n="30"> Establishing an internal justice system that enjoys the confidence of both staff and management is essential to promoting mutual trust and enhancing accountability which, in turn, will strengthen the Organization; </s>
	</p>
	<p n="17">
	  <s n="31"> (d) The internal justice system needs to adapt to the changing requirements of an increasingly global Organization. </s>
	  <s n="32"> The current system of justice was designed at a time when there were only a few thousand staff members, largely at headquarters locations. </s>
	  <s n="33"> At present, there are over 30,000 Secretariat staff members, of whom more than half perform a broad range of functions outside headquarters locations, including in the context of peacekeeping, peacebuilding, humanitarian affairs and technical cooperation. </s>
	  <s n="34"> The separately administered United Nations funds and programmes — such as the United Nations Development Programme, the United Nations Population Fund and the United Nations Children&apos;s Fund, whose staff total over 25,000 — also avail themselves of the United Nations internal justice system. </s>
	  <s n="35"> The internal justice system needs to be structured in a way that affords effective access to all staff members, wherever they are located. </s>
	</p>
	<p n="18">
	  <s n="36"> The Organization&apos;s current system of internal justice was established several decades ago and is based largely on a peer review mechanism relying on volunteer staff members. </s>
	  <s n="37"> The Secretary-General shares the view of the Panel that the entire system has outlived its relevance. </s>
	  <s n="38"> Insofar as a justice system is only as good as the level of respect and confidence it commands, he agrees with the Panel that the existing system fails. </s>
	  <s n="39"> Many staff and managers have grave doubts about the independence and impartiality of the existing system and are not convinced that it assists in ensuring proper accountability. </s>
	</p>
	<p n="19">
	  <s n="40"> The Secretary-General welcomes the report of the Redesign Panel, which proposes comprehensive changes to the Organization&apos;s internal justice system aimed at enhancing its capacity to deliver justice in a timely and effective manner, with full respect for the due process rights of both parties. </s>
	  <s n="41"> He considers that the report makes an important contribution towards the establishment of a transparent, impartial and effective internal justice system. </s>
	  <s n="42"> He has used the report as the basis for his consultations with managers and staff. </s>
	  <s n="43"> To the extent possible, the comments of the Secretary-General follow the order of the Panel report. </s>
	  <s n="44"> The related recommendations of that report are referenced in parentheses. </s>
	</p>
	<p n="20">
	  <s n="45"> A unified system </s>
	</p>
	<p n="21">
	  <s n="46"> The Secretary-General agrees with the Panel&apos;s overall recommendation for the establishment of a professional, independent and decentralized internal justice system (A/61/205, para. </s>
	  <s n="47"> Consequently, he supports the recommendation for the early establishment of an Office of Administration of Justice in the United Nations, headed by an executive director with the rank of Assistant Secretary-General (ibid., para. </s>
	</p>
	<p n="22">
	  <s n="48"> Regarding legal assistance for staff members, the Secretary-General agrees with the Panel&apos;s recommendation to establish a professionalized office located in the Office of Administration of Justice (ibid., para. </s>
	  <s n="49"> The Secretary-General supports the recommendation of the Staff-Management Coordination Committee to establish offices to provide staff legal assistance in Addis Ababa, Bangkok, Beirut, Dakar, Geneva, Nairobi, New York, Santiago and Vienna and in the peacekeeping missions in the Democratic Republic of the Congo, Liberia and the Sudan. </s>
	  <s n="50"> The proposal for the additional locations in Bangkok and Dakar, which were not foreseen in the Panel&apos;s recommendations, is intended to reflect the geographic distribution of the staff of the Secretariat and the funds and programmes and to enhance access for staff based in francophone countries in West Africa. </s>
	  <s n="51"> He further endorses the Committee&apos;s recommendation that, in order to avoid confusion with the Office of the Legal Counsel, which is part of the Office of Legal Affairs, the office should be named the Office of Staff Legal Assistance, and that terms of reference and professional guidelines would need to be developed for staff serving in that office. </s>
	</p>
	<p n="23">
	  <s n="52"> The Panel raised concerns about the limited scope of the existing justice system, which currently excludes persons employed on special service agreements and individual contractors. </s>
	  <s n="53"> The Panel recommended extending the scope of the new system to all persons employed by the United Nations in a remunerated post or performing personal services under contract with the Organization (ibid., paras. </s>
	  <s n="54"> 20 and 156 and notes to annex I). </s>
	  <s n="55"> The Secretary-General concurs with its recommendation that the following individuals would have access to the informal and formal system of justice: staff members, former staff members and persons making claims in the name of deceased staff members and all persons who perform work by way of their own personal service for the Organization, no matter the type of contract by which they are engaged, but not including military or police personnel in peacekeeping operations, volunteers (other than United Nations Volunteers), interns, type II gratis personnel (as defined in ST/AI/1999/6), or persons performing work in conjunction with the supply of goods or services extending beyond their own personal service or pursuant to a contract entered into with a supplier, contractor or consulting firm. </s>
	  <s n="56"> It is not yet possible to estimate the full impact this scope enlargement will have on the actual number of cases arising in both the informal and formal systems. </s>
	  <s n="57"> However, in view of the large number of individuals who perform services for the United Nations Secretariat and its separately administered funds and programmes under a variety of contractual arrangements, a sizeable increase in the number of cases is expected. </s>
	</p>
	<p n="24">
	  <s n="58"> The Secretary-General considers that, with respect to the Panel&apos;s view that persons appointed by the General Assembly or any principal organ (other than the Secretariat) to a remunerated post in the Organization should have access to the United Nations internal justice system (ibid., para. </s>
	  <s n="59"> 20 (a)), a decision to extend the scope of the system to such individuals would require specific approval by the Assembly or the principal organ concerned. </s>
	</p>
	<p n="25">
	  <s n="60"> Informal system of justice </s>
	</p>
	<p n="26">
	  <s n="61"> A strong system of informal dispute resolution is needed in order to avoid unnecessary, costly litigation and to promote early problem-solving in disputes between managers and their staff. </s>
	  <s n="62"> Recognizing the importance of effective and timely informal dispute resolution, the Secretary-General supports the Panel&apos;s recommendation to establish a single integrated Office of the Ombudsman for the United Nations Secretariat and the funds and programmes, which would be strengthened by creating a Mediation Division within the Office of the Ombudsman and by combining the functions of formal mediation with proactive monitoring of maladministration (ibid., paras. </s>
	  <s n="63"> 164, 166, 167). </s>
	  <s n="64"> The Secretary-General also supports the Staff-Management Coordination Committee agreement that any settlement reached at the end of mediation should be signed and followed, if necessary, by an administrative decision and that verbal or written statements made during the mediation process should remain confidential and inadmissible in subsequent litigation. </s>
	</p>
	<p n="27">
	  <s n="65"> On the selection and appointment of the Ombudsmen, the Panel proposed that the United Nations Ombudsman and the Ombudsman for the funds and programmes would be appointed by the Secretary-General and the executive heads of the funds and programmes respectively from a list of candidates compiled by a selection committee. </s>
	  <s n="66"> The selection committee would comprise representatives of management and staff, as well as outside Ombudsmen. </s>
	  <s n="67"> The Secretary-General agrees with those recommendations (ibid., para. </s>
	</p>
	<p n="28">
	  <s n="68"> As for the Panel&apos;s proposal to decentralize the Office of the Ombudsman by appointing regional Ombudsmen as well as additional Ombudsmen to serve peacekeeping missions with large numbers of civilian staff (ibid., paras. </s>
	  <s n="69"> 164 and 171), the Secretary-General endorses the recommendation of the Staff-Management Coordination Committee that regional Ombudsmen should be appointed to the duty stations of Addis Ababa, Bangkok, Beirut, Dakar, Geneva, Nairobi, New York, Santiago and Vienna and to the peacekeeping missions in the Democratic Republic of the Congo, Liberia and the Sudan. </s>
	  <s n="70"> Again, the proposal for the appointment of an additional Ombudsman in Dakar — not foreseen in the Panel&apos;s recommendations — is intended to enhance access for staff based in francophone countries in West Africa. </s>
	</p>
	<p n="29">
	  <s n="71"> In view of the strengthened role of the Office of the Ombudsman, the Secretary-General agrees with the Panel&apos;s recommendation to abolish the Panels on Discrimination and Other Grievances and to transfer their functions to the Office of the Ombudsman and the formal justice system, as appropriate (ibid., para. </s>
	</p>
	<p n="30">
	  <s n="72"> The proposed new structure of the informal system is illustrated in annex I. </s>
	</p>
	<p n="31">
	  <s n="73"> Formal system of justice </s>
	</p>
	<p n="32">
	  <s n="74"> The elements of the proposed formal system of internal justice are outlined below. </s>
	  <s n="75"> The Secretary-General shares the Panel&apos;s view that the current system has major defects and limitations. </s>
	  <s n="76"> A fundamentally different system is recommended — replacing the advisory bodies with a professional and decentralized first-instance tribunal that issues binding decisions that either party can appeal to an appeals tribunal. </s>
	</p>
	<p n="33">
	  <s n="77"> A two-tiered system </s>
	</p>
	<p n="34">
	  <s n="78"> The Panel recommended the establishment of a two-tiered system of formal justice, comprising a first-instance decentralized tribunal, the United Nations Dispute Tribunal and a United Nations Appeals Tribunal, which would exercise appellate jurisdiction (ibid., paras. </s>
	  <s n="79"> 154 and 155). </s>
	  <s n="80"> Either party — the Organization or the staff member — could appeal a decision of the Dispute Tribunal to the Appeals Tribunal. </s>
	  <s n="81"> The Dispute Tribunal would comprise professional judges, which would replace the Joint Appeals Boards and the Joint Disciplinary Committees. </s>
	  <s n="82"> The Secretary-General agrees with the Panel&apos;s recommendations. </s>
	  <s n="83"> He also shares the Panel&apos;s view that the performance appraisal system (PAS) rebuttal panels and Classification Appeals and Review Committees would be maintained (ibid., para. </s>
	  <s n="84"> The Staff-Management Coordination Committee further indicated (and the Secretary-General agrees) that specialized or technical advisory bodies such as the medical boards and the Advisory Board on Compensation Claims would also need to be maintained. </s>
	</p>
	<p n="35">
	  <s n="85"> The Panel recommended that a single judge would normally decide cases (ibid., para. </s>
	  <s n="86"> The Secretary-General believes that in order to reflect the multicultural nature of the Organization, representation of more than one legal system would be required. </s>
	  <s n="87"> In order to achieve this, cases at the first level should be reviewed by a panel of three judges. </s>
	  <s n="88"> He therefore supports the Staff-Management Coordination Committee recommendation that the Dispute Tribunal be composed of nine full-time judges sitting in panels of three. </s>
	  <s n="89"> The Secretary-General also agrees that no two Dispute Tribunal judges should be of the same nationality and that gender and regional balance should be respected; the same considerations would also apply to the judges of the Appeals Tribunal. </s>
	</p>
	<p n="36">
	  <s n="90"> With this increased number of judges per panel, the Secretary-General proposes to establish Dispute Tribunal panels in Geneva, Nairobi and New York, without the half-time judges in Santiago and Bangkok proposed by the Panel (ibid., para. </s>
	  <s n="91"> The respective workloads of the Dispute Tribunal panels would be monitored by a principal registrar in the Office of Administration of Justice, who would schedule the travel of judges for sessions in Latin America and Asia, as required by the caseload. </s>
	</p>
	<p n="37">
	  <s n="92"> Powers </s>
	</p>
	<p n="38">
	  <s n="93"> The Secretary-General agrees that the Dispute Tribunal and the Appeals Tribunal should make binding decisions, as recommended by the Panel (ibid., para. </s>
	  <s n="94"> As for the Panel&apos;s proposal to amend the Staff Regulations and Rules to allow the Secretary-General to declare a post vacant when the appointment process has been flawed (ibid., para. </s>
	  <s n="95"> 169), the Secretary-General endorses the recommendation of the Staff-Management Coordination Committee that when ordering “specific performance” in cases challenging appointments, promotions or terminations of appointment, the Dispute Tribunal should be required to set an amount of compensation that could be paid as an alternative to specific performance. </s>
	  <s n="96"> Therefore, appointments would not be set aside. </s>
	  <s n="97"> The Appeals Tribunal, by contrast, could order specific performance without compensation as an alternative remedy. </s>
	</p>
	<p n="39">
	  <s n="98"> As for other types of remedies that may be ordered by the Dispute Tribunal and the Appeals Tribunal, the Secretary-General agrees that compensation ordered by either Tribunal should not be subject to the normal limit of two years&apos; salary currently applied by the United Nations Administrative Tribunal. </s>
	  <s n="99"> With respect to the award of exemplary and punitive damages, as proposed by the Panel (ibid., para. </s>
	  <s n="100"> 83 (b)), the Secretary-General considers that it would be improper to use public funds for this purpose and endorses the Staff-Management Coordination Committee agreement that those types of damages should not be awarded. </s>
	</p>
	<p n="40">
	  <s n="101"> Jurisdiction </s>
	</p>
	<p n="41">
	  <s n="102"> The Panel recommended that the formal justice system should have jurisdiction over complaints alleging non-compliance with terms of appointment, conditions of employment or the duties of an international organization to its staff, whether or not there has been a formal decision (ibid., para. </s>
	  <s n="103"> The Secretary-General agrees with the recommendation of the Staff-Management Coordination Committee that the formal system of justice should have jurisdiction over applications alleging non-compliance with the terms of appointment or the conditions of employment. </s>
	  <s n="104"> The Secretary-General understands that such allegations would be based on either an express or implied administrative decision. </s>
	</p>
	<p n="42">
	  <s n="105"> The Panel also recommended that the formal justice system allow for complaints with respect to conduct that is inconsistent with the duties of the Organization to its staff or that infringes their individual rights (ibid., para. </s>
	  <s n="106"> The Secretary-General endorses the Committee&apos;s proposed modification of this recommendation, namely, that in the context of the management evaluation function (see paras. </s>
	  <s n="107"> 29-31 below), complaints of prejudicial or injurious conduct that do not conform to the Staff Regulations and Rules or administrative issuances would be reviewed promptly by management. </s>
	  <s n="108"> This review would either: </s>
	</p>
	<p n="43">
	  <s n="109"> (a) Trigger an investigation of the person accused of prejudicial or injurious conduct. </s>
	  <s n="110"> If the evidence indicated misconduct, disciplinary action would be taken. </s>
	  <s n="111"> The resulting disciplinary decision would be subject to the jurisdiction of the Dispute Tribunal; or </s>
	</p>
	<p n="44">
	  <s n="112"> (b) Lead to the conclusion that the claim is not detailed or specific enough to justify an investigation or was not corroborated, in which case the staff member would be informed that no action will be taken. </s>
	  <s n="113"> The resulting administrative decision would be subject to the jurisdiction of the Dispute Tribunal. </s>
	</p>
	<p n="45">
	  <s n="114"> The Secretary-General agrees with the Panel&apos;s recommendation that the formal system should have jurisdiction over disciplinary matters (A/61/205, para. </s>
	  <s n="115"> 77 (b)). </s>
	  <s n="116"> He also shares the Panel&apos;s observation that a clear framework of cooperation and coordination between the Office of Internal Oversight Services and the United Nations internal justice system should be established on a priority basis (ibid., para. </s>
	  <s n="117"> Noting that the Panel&apos;s consideration of disciplinary proceedings required further elaboration, the Secretary-General welcomes the Committee&apos;s decision to establish an intersessional working group on disciplinary matters for immediate consideration of these matters. </s>
	  <s n="118"> The working group will discuss issues relating to disciplinary proceedings, including the Panel&apos;s recommendations on delegating authority in misconduct and disciplinary cases to special representatives of the Secretary-General heading peacekeeping and political missions and to heads of offices away from Headquarters (ibid., paras. </s>
	  <s n="119"> 161 and 163). </s>
	  <s n="120"> The working group would report to the Staff-Management Coordination Committee at its next regular session, scheduled to take place in June 2007. </s>
	  <s n="121"> The General Assembly will be informed of the outcome of the process and of any action required to implement the Secretary-General&apos;s subsequent decisions concerning the disciplinary process. </s>
	</p>
	<p n="46">
	  <s n="122"> The Panel also envisaged that staff associations would have an independent right to bring a class or representative action on behalf of their members (ibid., para. </s>
	  <s n="123"> In that regard, the Secretary-General supports the Committee&apos;s recommendation that a staff association recognized under staff regulation 8.1 (b) may bring an application against the United Nations or its separately administered funds and programmes: </s>
	</p>
	<p n="47">
	  <s n="124"> (a) To enforce the rights of the staff association, as recognized under the Staff Regulations and Rules; </s>
	</p>
	<p n="48">
	  <s n="125"> (b) To file an application in its own name on behalf of a group of named staff members who are entitled to file and who are affected by the same administrative decision arising out of the same facts; </s>
	</p>
	<p n="49">
	  <s n="126"> (c) To support an application by one or more individuals who are entitled to file an application against the same administrative decision by means of the submission of a friend-of-the-court brief or by intervention. </s>
	</p>
	<p n="50">
	  <s n="127"> The Panel also recommended that Dispute Tribunal judges have the power to refer appropriate cases to the Secretary-General for possible action to enforce accountability (ibid., para. </s>
	  <s n="128"> The Secretary-General agrees that both Dispute Tribunal and Appeals Tribunal judges should be empowered to make such referrals. </s>
	  <s n="129"> On the Panel&apos;s proposal that the formal system should entertain applications for the enforcement of individual financial accountability (ibid.), the Secretary-General considers that he or the executive heads of separately administered funds and programmes should take appropriate administrative or disciplinary action to that effect, including the application of rules on financial responsibility when the conditions are met. </s>
	  <s n="130"> However, there would be no need to seek the Dispute Tribunal&apos;s approval prior to such action being taken. </s>
	  <s n="131"> The Secretary-General also recognizes that existing mechanisms for enforcing financial accountability would need to be reviewed to ensure consistency with those changes. </s>
	</p>
	<p n="51">
	  <s n="132"> With regard to the second tier of the formal justice system, the Secretary-General endorses the Committee&apos;s recommendation that the Appeals Tribunal may exercise appellate jurisdiction where the Dispute Tribunal: </s>
	</p>
	<p n="52">
	  <s n="133"> (a) Has exceeded its jurisdiction or competence; </s>
	</p>
	<p n="53">
	  <s n="134"> (b) Has failed to exercise jurisdiction vested in it; </s>
	</p>
	<p n="54">
	  <s n="135"> (c) Has committed a fundamental error in procedure that has occasioned a failure of justice; </s>
	</p>
	<p n="55">
	  <s n="136"> (d) Has erred on a question of law; </s>
	</p>
	<p n="56">
	  <s n="137"> (e) Has erred on a question of material fact. </s>
	</p>
	<p n="57">
	  <s n="138"> The Statute of the United Nations Administrative Tribunal, which will form the basis for the Statute of the Appeals Tribunal, will need to be amended accordingly, beyond the Panel&apos;s recommendations (ibid., para. </s>
	  <s n="139"> 155 and annex II). </s>
	</p>
	<p n="58">
	  <s n="140"> Management evaluation of administrative decisions </s>
	</p>
	<p n="59">
	  <s n="141"> The Secretary-General supports the Panel&apos;s proposal to abolish the current process of administrative review prior to action in the formal justice system (ibid., para. </s>
	  <s n="142"> However, he endorses the Committee&apos;s recommendation to replace this review with a properly resourced and strengthened management evaluation function as a first step in the formal justice system. </s>
	  <s n="143"> This will be an essential management tool for executive heads to hold managers accountable for their decisions, including in cases where an improper decision has been taken. </s>
	  <s n="144"> It will give management an early opportunity to review a contested decision, to determine whether mistakes have been made or whether irregularities have occurred and to rectify those mistakes or irregularities before a case proceeds to litigation. </s>
	  <s n="145"> The Committee agreed to review this management evaluation function one year after the new system of administration of justice has been fully implemented. </s>
	</p>
	<p n="60">
	  <s n="146"> In order to ensure that this new function is more effective than the administrative review process that it will replace, the Secretary-General endorses the following new measures agreed to by the Committee to strengthen the management evaluation function: </s>
	</p>
	<p n="61">
	  <s n="147"> (a) Staff members shall apply directly to the Secretary-General or the executive head of a separately administered fund or programme for an evaluation of the contested administrative decision; </s>
	</p>
	<p n="62">
	  <s n="148"> (b) All staff members who file a request for evaluation will receive a reasoned response in 45 days. </s>
	  <s n="149"> In order to avoid the perception of conflict of interest, management evaluations will be carried out by a separate unit in the Department of Management. </s>
	  <s n="150"> Sufficient resources will be requested in order that the reviews can be conducted during that time period; </s>
	</p>
	<p n="63">
	  <s n="151"> (c) In cases where the contested decision is particularly time sensitive — separation and non-renewal cases — staff members may request that the Secretary-General or executive head suspend action on implementation of the decision until the management evaluation has been completed and the staff member informed of the decision; </s>
	</p>
	<p n="64">
	  <s n="152"> (d) In cases of decisions to terminate appointments of staff members prior to the expiration of their contracts, such suspensions will be granted automatically upon request until the management evaluation has been completed; </s>
	</p>
	<p n="65">
	  <s n="153"> (e) Staff members may file a request for suspension of action with the Dispute Tribunal without making such a request of the executive head. </s>
	  <s n="154"> They may also file a request for suspension of action with the Dispute Tribunal in cases where the executive head has denied the staff member&apos;s request for suspension. </s>
	  <s n="155"> Dispute Tribunal decisions on suspension of action are not subject to appeal; </s>
	</p>
	<p n="66">
	  <s n="156"> (f) In cases where the outcome of the management evaluation indicates that the decision was not in line with the Staff Regulations and Rules, action will be taken by the Department of Management to ensure that the decision is changed or that an appropriate remedy is taken; </s>
	</p>
	<p n="67">
	  <s n="157"> (g) If the response is not provided within 45 days or is not satisfactory to the staff member, the staff member may proceed to the Dispute Tribunal; </s>
	</p>
	<p n="68">
	  <s n="158"> (h) The response will inform the staff member of his or her legal options, including the possibility to notify and to seek advice from staff representation bodies and the Office of Staff Legal Assistance. </s>
	</p>
	<p n="69">
	  <s n="159"> In addition, the Secretary-General agrees with the Committee&apos;s recommendation for the following measures to ensure managerial accountability: </s>
	</p>
	<p n="70">
	  <s n="160"> (a) Managers&apos; compliance with their obligation to respond to requests for comments in a timely fashion will be reflected in their PAS and in departmental human resources action plans. </s>
	  <s n="161"> Where the outcome of the management evaluation indicates that a decision was taken improperly, in addition to action taken to rectify the situation, a record of the outcome would be made in the departmental human resources action plans and the head of department&apos;s compact with the Secretary-General or executive head. </s>
	  <s n="162"> Similar proceedings would apply, as appropriate, in the funds and programmes; </s>
	</p>
	<p n="71">
	  <s n="163"> (b) Where the Under-Secretary-General for Management determines that a manager has improperly exercised his or her delegated authority, such authority may be withdrawn by the Under-Secretary-General for Management. </s>
	  <s n="164"> A similar procedure would apply, as appropriate, in the funds and programmes; </s>
	</p>
	<p n="72">
	  <s n="165"> (c) Where the Under-Secretary-General for Management determines that misconduct may have occurred, the matter will be referred for investigation, as appropriate. </s>
	  <s n="166"> However, the case may still proceed to the Dispute Tribunal. </s>
	</p>
	<p n="73">
	  <s n="167"> Other issues </s>
	</p>
	<p n="74">
	  <s n="168"> Regarding the selection and appointment of judges, the Secretary-General supports the Panel&apos;s recommendation to establish an Internal Justice Council to compile lists of candidates for appointment as judges in the Organization&apos;s internal justice system (ibid., para. </s>
	  <s n="169"> All judges of the Dispute Tribunal and the Appeals Tribunal would be appointed by the Secretary-General and the General Assembly respectively from the list of candidates prepared by the Internal Justice Council (ibid., para. </s>
	</p>
	<p n="75">
	  <s n="170"> In terms of remuneration, the Secretary-General proposes that all Dispute Tribunal judges be remunerated at the D-2 level. </s>
	  <s n="171"> As recommended by the Panel, the Secretary-General agrees that Appeals Tribunal judges should receive an honorarium similar to that paid to the judges of the International Labour Organization (ILO) Administrative Tribunal. </s>
	</p>
	<p n="76">
	  <s n="172"> The Secretary-General shares the Panel&apos;s view that proceedings in the formal justice system should be brought against the Organization or the relevant fund or programme, not the Secretary-General or the executive heads (ibid., para. </s>
	</p>
	<p n="77">
	  <s n="173"> The Secretary-General agrees with the Panel&apos;s recommendation that consultations should be held with the United Nations Joint Staff Pension Fund and other bodies subject to the administrative jurisdiction of the Administrative Tribunal with a view to amending its Statute, to expand its scope, to enable it to grant the appropriate relief and to bring it into harmony with the Statute of the ILO Administrative Tribunal (ibid., para. </s>
	</p>
	<p n="78">
	  <s n="174"> The proposed new structure for the formal justice system is illustrated in annex II. </s>
	</p>
	<p n="79">
	  <s n="175"> Education and training </s>
	</p>
	<p n="80">
	  <s n="176"> The Secretary-General shares the assessment of the Panel that education and training will be the cornerstone of the successful operation of the new internal justice system and that intensive training should be provided to all persons involved in the system (ibid., para. </s>
	  <s n="177"> The Secretary-General agrees with the recommendation of the Staff-Management Coordination Committee that intensive training should be provided to managers, staff union representatives and staff-at-large and that a handbook on the new system should be produced in the working languages of the Organization used at the different duty stations. </s>
	</p>
	<p n="81">
	  <s n="178"> Financial implications </s>
	</p>
	<p n="82">
	  <s n="179"> The Secretary-General agrees that the internal justice system needs to be fully resourced to ensure its functionality and equitable access to it. </s>
	  <s n="180"> The Secretary-General&apos;s recommendations, based on the proposals of the Panel and modified by the Staff-Management Coordination Committee, would entail $37,646,200 ($35,634,700 net of staff assessment), to be financed from the programme budget for the biennium 2008-2009. </s>
	  <s n="181"> This will cover the costs of the redesigned informal and formal systems of justice. </s>
	  <s n="182"> Estimates and the distribution of new posts and related post and non-post costs are contained in annex III. </s>
	  <s n="183"> Additional costs of $774,200 for the period from 1 January to 30 June 2008 in respect of various peacekeeping missions will be covered from separate peacekeeping budgets. </s>
	</p>
	<p n="83">
	  <s n="184"> Of the total net requirements of $35,634,700 for the proposed programme budget for the biennium 2008-2009, existing resources amounting to $10,625,500 will be utilized and other resources will be redeployed between sections to meet the needs of the proposed new administration of justice system, leaving additional net resource requirements for the biennium 2008-2009 in the amount of $25,009,200. </s>
	</p>
	<p n="84">
	  <s n="185"> Posts </s>
	</p>
	<p n="85">
	  <s n="186"> In addition to the 34 posts already provided for work related to the administration of justice under the existing programme budget, a further 79 posts financed from the programme budget would be required to staff the revamped administration of justice system (see annex III, tables 1-3). </s>
	  <s n="187"> Those 113 posts cover the requirements for the Office of Administration and the Registries, the Judiciary, the Office of the Ombudsman, the Office of Staff Legal Assistance and the Management Evaluation Team. </s>
	  <s n="188"> For peacekeeping operations, it is envisaged that 18 posts will be required. </s>
	  <s n="189"> The United Nations Organization Mission in the Democratic Republic of the Congo (MONUC), the United Nations Mission in the Sudan (UNMIS) and the United Nations Mission in Liberia (UNMIL) will carry out the duties of regional Ombudsmen. </s>
	  <s n="190"> Those missions will also have an Office of Staff Legal Assistance and a small management evaluation capacity (see annex III, tables 1B and 2B. </s>
	</p>
	<p n="86">
	  <s n="191"> The total resources required for the 113 posts will be $22,124,400 under the proposed programme budget for the biennium 2008-2009, of which $9,284,800 is already provided under existing posts. </s>
	  <s n="192"> In addition, $596,000 would be required under peacekeeping operations for the period from 1 January to 30 June 2008 (see annex III, tables 5A and B). </s>
	</p>
	<p n="87">
	  <s n="193"> Non-post resources </s>
	</p>
	<p n="88">
	  <s n="194"> Annex III, table 5, details the non-post requirements for the proposed programme budget for the biennium 2008-2009. </s>
	  <s n="195"> The additional non-post requirements comprise: </s>
	</p>
	<p n="89">
	  <s n="196"> (a) General temporary assistance related to training and preparation of a handbook. </s>
	  <s n="197"> The training is to be provided to all persons involved in the internal justice system at Headquarters, offices away from Headquarters and field missions. </s>
	  <s n="198"> The programme will need to be delivered on a continuous basis to ensure training of new staff after the initial launch, and to provide refresher courses and updates to existing staff. </s>
	  <s n="199"> The handbook will include the text of new rules, administrative issuances and guidelines for implementing the new system. </s>
	  <s n="200"> Its preparation will be achieved through a process of extensive consultation prior to translation and distribution; </s>
	</p>
	<p n="90">
	  <s n="201"> (b) Honorariums for judges of the Appeals Tribunal, equivalent to rates applicable to the ILO Administrative Tribunal, to provide for the services of judges rendering decisions on Appeals Tribunal cases; </s>
	</p>
	<p n="91">
	  <s n="202"> (c) Consultancy funds for engaging international professional mediators who will be called upon when the coordinating mediator determines that their services are required for reasons of expedience, language or cultural sensitivity, and for the provision of panels to assist in the appointment of judges and Ombudsmen; </s>
	</p>
	<p n="92">
	  <s n="203"> (d) Travel of judges and staff to hold sessions outside of New York, Geneva and Nairobi, travel of staff to appear personally for Dispute Tribunal cases and travel for representatives of respondents to attend sessions; </s>
	</p>
	<p n="93">
	  <s n="204"> (e) Contractual services, including the servicing and interpretation of meetings, the translation of documents and judgements, the design, development and delivery of new training programmes on the informal and formal justice systems, including on mediation, court administration and the system of Dispute Tribunal and the Appeals Tribunal (including the development of pilot and train-the-trainer programmes), the development of an online programme and translation of the handbook; </s>
	</p>
	<p n="94">
	  <s n="205"> (f) General operating expenses, supplies and furniture and equipment related to the proposed establishment of 79 new posts, including office accommodation. </s>
	</p>
	<p n="95">
	  <s n="206"> Non-post costs totalling $178,200 (see annex III, table 5B) for the peacekeeping operations MONUC ($59,400), UNMIL ($59,400) and UNMIS ($59,400) will be required for the period ending 30 June 2008. </s>
	  <s n="207"> It should be noted that the resources required for the peacekeeping operations for the period from 1 July 2008 to 30 June 2009 total approximately $3 million. </s>
	  <s n="208"> These resources will be included in the proposed budgets of MONUC, UNMIL and UNMIS for the period. </s>
	</p>
	<p n="96">
	  <s n="209"> The redesigned justice system will apply to the United Nations and its funds and programmes. </s>
	  <s n="210"> The funds and programmes will be directly responsible for resources related to the Deputy Ombudsman in New York. </s>
	  <s n="211"> The funds and programmes will participate in other elements of the justice system, and this will involve sharing of the costs for the Office of Staff Legal Assistance, the Office of the Ombudsman, the Office of Administration of Justice and the judiciary. </s>
	  <s n="212"> Cost sharing for the current system is based on workload statistics for judgements issued and cases disposed. </s>
	  <s n="213"> As the new system reaches maturity, the basis for cost sharing will be revisited. </s>
	</p>
	<p n="97">
	  <s n="214"> The following factors are important in considering the financial implications: </s>
	</p>
	<p n="98">
	  <s n="215"> (a) The explicit costs of the existing system have been included to the extent possible. </s>
	  <s n="216"> However, the essence of the existing system relies on staff time provided on a part-time and volunteer basis to staff the Joint Appeals Board and Joint Disciplinary Committee. </s>
	  <s n="217"> Full costing of the existing system reflecting both explicit costs and volunteer costs cannot be accurately calculated; </s>
	</p>
	<p n="99">
	  <s n="218"> (b) The results of the Staff-Management Coordination Committee working group on disciplinary matters and any subsequent recommendations endorsed by the Secretary-General may have additional implications; </s>
	</p>
	<p n="100">
	  <s n="219"> (c) The total impact of the new system — in terms of caseload and related staff time — cannot be fully estimated until both the informal and formal components of the system have been implemented and staff and managers have developed confidence in the new mechanisms. </s>
	  <s n="220"> In this regard, the Secretary-General expects to submit to the General Assembly at its sixty-fourth session a report on the implementation of the system of administration of justice. </s>
	</p>
	<p n="101">
	  <s n="221"> Timeline for implementation </s>
	</p>
	<p n="102">
	  <s n="222"> With regard to the Panel&apos;s recommendation that the new internal justice system be operational by 1 January 2008 (A/61/205, para. </s>
	  <s n="223"> 176), the timeline for implementation will depend on the outcome of the General Assembly&apos;s deliberations on the issue of the administration of justice and the allocation of adequate resources. </s>
	  <s n="224"> As soon as a decision is taken, the Secretariat will expedite the drafting of proposed new text for staff regulations and rules along with related administrative issuances, as well as a proposed statute for the United Nations Dispute Tribunal and changes to the Statute of the United Nations Administrative Tribunal. </s>
	  <s n="225"> In addition, the Internal Justice Council will need to be established, in line with the Panel&apos;s recommendations, as a first step in operationalizing the Dispute Tribunal and Appeals Tribunal mechanisms. </s>
	  <s n="226"> The supporting secretariat structure will be put in place as quickly as possible. </s>
	  <s n="227"> In view of the extensive changes proposed, it is envisaged that implementation would be undertaken in a phased manner during 2007 and 2008, including the early advertising of vacancies. </s>
	</p>
	<p n="103">
	  <s n="228"> Recommendations </s>
	</p>
	<p n="104">
	  <s n="229"> The Secretary-General has prepared the present comments on the recommendations of the Redesign Panel after having held intensive consultations with the staff and management, including at a dedicated session of the Staff-Management Coordination Committee. </s>
	  <s n="230"> He considers that the recommendations of the Panel, with the modifications set out above, will provide the Organization with an effective internal justice system in which staff, management and Member States can have confidence. </s>
	  <s n="231"> He requests the General Assembly to give due consideration to these proposals and to approve the resources necessary for full implementation. </s>
	</p>
	<p n="105">
	  <s n="232"> Should the General Assembly agree on the proposals contained herein, the requirements in respect of the proposed programme budget for the biennium 2008-2009 would be $37,646,200 ($35,634,700 net of staff assessment). </s>
	  <s n="233"> Of that total, $10,625,500 is already included in programme budget proposals for the biennium 2008-2009 and would be redeployed. </s>
	  <s n="234"> Additional resources of $27,020,700 ($25,009,200 net of staff assessment) would be required in the biennium 2008-2009 to implement the proposals. </s>
	  <s n="235"> The relevant appropriations under each budget section (see annex III, table 4A) would be reflected in the context of the adoption of the proposed programme budget for the biennium 2008-2009 during the sixty-second session of the Assembly. </s>
	  <s n="236"> All the resource requirements have been adjusted for comparability purposes to reflect the same rates, namely the 2008-2009 rates have been used to arrive at the total requirement. </s>
	  <s n="237"> It should be noted that the 2008-2009 rates are based on preliminary recosting parameters and in accordance with established methodology, which would be further recosted just prior to adoption of the initial appropriation of the programme budget for the biennium 2008-2009 in December 2007. </s>
	</p>
	<p n="106">
	  <s n="238"> Should the General Assembly agree on the proposals contained herein, the action required to be taken by the Assembly with respect to peacekeeping missions is as follows: </s>
	</p>
	<p n="107">
	  <s n="239"> (a) For MONUC, approval of the amount of $257,400, comprising $198,000 for 6 posts (1 D-1, 1 P-4, 2 P-3 and 2 Local level) in the context of the budget of the Mission for the period from 1 July 2007 to 30 June 2008 and non-post resources of $59,400, for travel ($5,000), information technology ($6,600) and consultants ($47,800); </s>
	</p>
	<p n="108">
	  <s n="240"> (b) For UNMIL, approval of the amount of $271,400, comprising $212,000 for 6 posts (1 D-1, 1 P-4, 2 P-3 and 2 Local level) in the context of the budget of the Mission for the period from 1 July 2007 to 30 June 2008 and non-post resources of $59,400, for travel ($5,000), information technology ($6,600) and consultants ($47,800); </s>
	</p>
	<p n="109">
	  <s n="241"> (c) For UNMIS, approval of the amount of $245,400, comprising $186,000 for 6 posts (1 D-1, 1 P-4, 2 P-3 and 2 Local level) in the context of the budget of the Mission for the period from 1 July 2007 to 30 June 2008 and non-post resources of $59,400, for travel ($5,000), information technology ($6,600) and consultants ($47,800). </s>
	</p>
	<p n="110">
	  <s n="242"> Annex I </s>
	</p>
	<p n="111">
	  <s n="243"> Proposed informal system of United Nations internal justice </s>
	</p>
	<p n="112">
	  <s n="244"> Office of the Ombudsman </s>
	</p>
	<p n="113">
	  <s n="245"> Ombudsman </s>
	</p>
	<p n="114">
	  <s n="246"> Mediation Division </s>
	</p>
	<p n="115">
	  <s n="247"> Annex II </s>
	</p>
	<p n="116">
	  <s n="248"> Proposed formal system of United Nations internal justice </s>
	</p>
	<p n="117">
	  <s n="249"> Annex III </s>
	</p>
	<p n="118">
	  <s n="250"> Financial implications </s>
	</p>
	<p n="119">
	  <s n="251"> Table 1 Post requirements by duty station and mission </s>
	</p>
	<p n="120">
	  <s n="252"> Regular budget for the biennium 2008-2009 </s>
	</p>
	<p n="121">
	  <s n="253"> Peacekeeping budgets for the period 2007/08a </s>
	</p>
	<p n="122">
	  <s n="254"> a The provisions do not reflect the posts for Dakar (1 P-5, 1 P-3 and 2 General Service). </s>
	  <s n="255"> The costs of those posts and the associated non-post costs would be shared between the United Nations funds and programmes and peacekeeping budgets subject to agreement being reached with the parties concerned. </s>
	  <s n="256"> The posts include a Deputy Regional Ombudsman (P-5), a Regional Coordinating Counsel (P-3) and 2 Legal/Administrative Assistants (Local level). </s>
	</p>
	<p n="123">
	  <s n="257"> Table 2 Distribution of posts by component </s>
	</p>
	<p n="124">
	  <s n="258"> Regular budget for the biennium 2008-2009 </s>
	</p>
	<p n="125">
	  <s n="259"> Peacekeeping budgets for the period 2007/08a </s>
	</p>
	<p n="126">
	  <s n="260"> a The provisions do not reflect the posts for Dakar (1 P-5, 1 P-3 and 2 General Service). </s>
	  <s n="261"> The costs of those posts and the associated non-post costs would be shared between the United Nations funds and programmes and peacekeeping budgets subject to agreement being reached with the parties concerned. </s>
	  <s n="262"> The posts include a Deputy Regional Ombudsman (P-5), a Regional Coordinating Counsel (P-3) and 2 Legal/Administrative Assistants (Local level). </s>
	</p>
	<p n="127">
	  <s n="263"> Table 3 Distribution of existing posts </s>
	</p>
	<p n="128">
	  <s n="264"> Table 4 Requirements by budget section and mission </s>
	</p>
	<p n="129">
	  <s n="265"> Regular budget for the biennium 2008-2009 </s>
	</p>
	<p n="130">
	  <s n="266"> (Thousands of United States dollars) </s>
	</p>
	<p n="131">
	  <s n="267"> Peacekeeping budgets for the period 2007/08a </s>
	</p>
	<p n="132">
	  <s n="268"> (Thousands of United States dollars) </s>
	</p>
	<p n="133">
	  <s n="269"> a The provisions do not reflect the posts for Dakar (1 P-5, 1 P-3 and 2 General Service). </s>
	  <s n="270"> The cost of those posts and the associated non-post costs would be shared between the United Nations funds and programmes and peacekeeping budgets subject to agreement being reached with the parties concerned. </s>
	  <s n="271"> The posts include a Deputy Regional Ombudsman (P-5), a Regional Coordinating Counsel (P-3) and 2 Legal/Administrative Assistants (Local level). </s>
	</p>
	<p n="134">
	  <s n="272"> Table 5 Requirements by object of expenditure </s>
	</p>
	<p n="135">
	  <s n="273"> Regular budget for the biennium 2008-2009 </s>
	</p>
	<p n="136">
	  <s n="274"> (Thousands of United States dollars) </s>
	</p>
	<p n="137">
	  <s n="275"> Peacekeeping budgets for the period 2007/08a </s>
	</p>
	<p n="138">
	  <s n="276"> (Thousands of United States dollars) </s>
	</p>
	<p n="139">
	  <s n="277"> a The provisions do not reflect the posts for Dakar (1 P-5, 1 P-3 and 2 General Service). </s>
	  <s n="278"> The costs of those posts and the associated non-post costs would be shared between the United Nations funds and programmes and peacekeeping budgets subject to agreement being reached with the parties concerned. </s>
	  <s n="279"> The posts include a Deputy Regional Ombudsman (P-5), a Regional Coordinating Counsel (P-3) and 2 Legal/Administrative Assistants (Local level). </s>
	</p>
	<p n="140">
	  <s n="280"> The participants included management representatives from all major duty stations, as well as from the Office of the United Nations High Commissioner for Refugees, the United Nations Development Programme and the United Nations Children&apos;s Fund, and staff representatives from the Economic Commission for Africa, the Economic Commission for Latin America and the Caribbean, the Economic and Social Commission for Asia and the Pacific, the Economic and Social Commission for Western Asia, the Field Staff Union, the United Nations Office at Geneva, the United Nations Office at Nairobi, the United Nations Office at Vienna, the International Tribunal for the Former Yugoslavia, the International Criminal Tribunal for Rwanda, the United Nations Children&apos;s Fund, the Office of the United Nations High Commissioner for Refugees and the United Nations University. </s>
	</p>
	<p n="141">
	  <s n="281"> Approximately 35,000 individuals were engaged by the United Nations funds and programmes, including the United Nations Office for Project Services, as individual consultants or United Nations Volunteers or on service contracts or special service agreements during 2006. </s>
	</p>
	<p n="142">
	  <s n="282"> The Panel&apos;s recommendation included a reference to amendments to the Statute of the United Nations Administrative Tribunal, as set out in annex II to its report. </s>
	  <s n="283"> The Secretary-General considers that those amendments would not be sufficient, and that additional amendments would be necessary to more accurately describe the jurisdiction of the Appeals Tribunal, discussed in paragraph 28 below, as well as to address the issues relating to the Tribunal&apos;s role in respect of entities other than the United Nations. </s>
	</p>
	<p n="143">
	  <s n="284"> The term “specific performance” in the context of the Dispute Tribunal and the Appeals Tribunal refers to the enforcement of an order for the performance or execution of an administrative action or process, as opposed to an order for payment of compensation. </s>
	  <s n="285"> Specific performance may include, for example, the reinstatement of the staff member concerned or the removal of a document from the applicant&apos;s official status file. </s>
	</p>
	<p n="144">
	  <s n="286"> Administrative instruction ST/AI/2004/3 provides for advice from the Joint Disciplinary Committee in cases where gross negligence on the part of staff members results in financial loss by the Organization. </s>
	  <s n="287"> The procedures will need to be revised in view of the recommended abolition of Joint Disciplinary Committees. </s>
	</p>
	<p n="145">
	  <s n="288"> The Panel&apos;s recommendation refers to amending the Statute of the United Nations Administrative Tribunal to expand the definition of staff. </s>
	  <s n="289"> While the Secretary-General agrees that the scope of individuals entitled to have access to the internal justice system should be expanded along the lines discussed in paragraph 10 above, this would not entail an expansion of the definition of staff. </s>
	  <s n="290"> The scope and purpose provision of the Staff Regulations defines a staff member as an individual “whose employment and contractual relationship are defined by a letter of appointment subject to regulations promulgated by the General Assembly pursuant to Article 101, paragraph 1, of the Charter”. </s>
	</p>
	<p n="146">
	  <s n="291"> Decision by United Nations Dispute Tribunal </s>
	</p>
	<p n="147">
	  <s n="292"> Registration of Dispute Tribunal and Appeals Tribunal </s>
	</p>
	<p n="148">
	  <s n="293"> New York registry Geneva registry Nairobi registry </s>
	</p>
	<p n="149">
	  <s n="294"> • Registrar • Registrar • Registrar </s>
	</p>
	<p n="150">
	  <s n="295"> Principal Registrar </s>
	</p>
	<p n="151">
	  <s n="296"> Complaints </s>
	</p>
	<p n="152">
	  <s n="297"> Management Evaluation </s>
	</p>
	<p n="153">
	  <s n="298"> Hearing by Dispute Tribunal panels </s>
	</p>
	<p n="154">
	  <s n="299"> • New York panel </s>
	</p>
	<p n="155">
	  <s n="300"> • Geneva panel </s>
	</p>
	<p n="156">
	  <s n="301"> • Nairobi panel </s>
	</p>
	<p n="157">
	  <s n="302"> (and travel to other locations, including Latin America and Asia, as required) </s>
	</p>
	<p n="158">
	  <s n="303"> Mediation </s>
	</p>
	<p n="159">
	  <s n="304"> (upon voluntary request of parties or order by a judge) by: </s>
	</p>
	<p n="160">
	  <s n="305"> • Mediation Division </s>
	</p>
	<p n="161">
	  <s n="306"> • Judge of Dispute Tribunal </s>
	</p>
	<p n="162">
	  <s n="307"> • Regional Ombudsman </s>
	</p>
	<p n="163">
	  <s n="308"> • Registrar of Dispute Tribunal </s>
	</p>
	<p n="164">
	  <s n="309"> Appeal to and decision by United Nations Appeals Tribunal </s>
	</p>
	<p n="165">
	  <s n="310"> Office of Staff Legal Assistance </s>
	</p>
	<p n="166">
	  <s n="311"> • Director </s>
	</p>
	<p n="167">
	  <s n="312"> Office of Administration of Justice </s>
	</p>
	<p n="168">
	  <s n="313"> • Executive Director </s>
	</p>
	<p n="169">
	  <s n="314"> (administrative support for the formal system) </s>
	</p>
	<p n="170">
	  <s n="315"> Internal Justice Council </s>
	</p>
	<p n="171">
	  <s n="316"> Secretariat of the Office of the Ombudsman </s>
	</p>
	<p n="172">
	  <s n="317"> • Principal Officer </s>
	</p>
	<p n="173">
	  <s n="318"> Deputy Regional Ombudsmen </s>
	</p>
	<p n="174">
	  <s n="319"> • Vienna </s>
	</p>
	<p n="175">
	  <s n="320"> • Addis Ababa </s>
	</p>
	<p n="176">
	  <s n="321"> • Dakar </s>
	</p>
	<p n="177">
	  <s n="322"> • Democratic Republic of the Congo </s>
	</p>
	<p n="178">
	  <s n="323"> • Liberia </s>
	</p>
	<p n="179">
	  <s n="324"> • Sudan </s>
	</p>
	<p n="180">
	  <s n="325"> Regional Ombudsmen </s>
	</p>
	<p n="181">
	  <s n="326"> • Geneva </s>
	</p>
	<p n="182">
	  <s n="327"> • Bangkok </s>
	</p>
	<p n="183">
	  <s n="328"> • Beirut </s>
	</p>
	<p n="184">
	  <s n="329"> • Santiago </s>
	</p>
	<p n="185">
	  <s n="330"> • Nairobi </s>
	</p>
	<p n="186">
	  <s n="331"> Funds and programmes ombudsman </s>
	</p>
	<p n="187">
	  <s n="332"> United Nations Ombudsman </s>
	</p>
	<p n="188">
	  <s n="333"> On-call mediators, regions </s>
	</p>
	<p n="189">
	  <s n="334"> Mediators, </s>
	</p>
	<p n="190">
	  <s n="335"> New York </s>
	</p>
	<p n="191">
	  <s n="336"> Coordinating Mediator </s>
	</p>
	<p n="192">
	  <s n="337"> Ombudsmen </s>
	</p>
	</body>
</text>
</DOC>