<?xml version="1.0" encoding="UTF-8"?>
<DOC lang="English" n="N0652804" id="A/61/357" date="2006/09/19">
<text>
	<body>
	<p n="1">
	  <s n="1"> Sixty-first session </s>
	</p>
	<p n="2">
	  <s n="2"> Agenda items 117 and 127 </s>
	</p>
	<p n="3">
	  <s n="3"> Programme budget for the biennium 2006-2007 </s>
	</p>
	<p n="4">
	  <s n="4"> Report on the activities of the Office of Internal Oversight Services </s>
	</p>
	<p n="5">
	  <s n="5"> Report of the Office of Internal Oversight Services on the audit of the management of special political missions by the Department of Political Affairs </s>
	</p>
	<p n="6">
	  <s n="6"> Contents </s>
	</p>
	<p n="7">
	  <s n="7"> Introduction </s>
	</p>
	<p n="8">
	  <s n="8"> As requested in General Assembly resolution 60/255, section I, paragraph 14, and outlined in paragraph 16 of the report of the Advisory Committee on Administrative and Budgetary Questions (A/60/7/Add.37), the Office of Internal Oversight Services (OIOS) conducted a management audit of the Department of Political Affairs on its ability to manage and direct special political missions with a view to ensuring an efficient use of both post and non-post resources. </s>
	  <s n="9"> The major objectives of the audit were to determine whether: (a) the Department properly managed and directed the missions to ensure the efficient use of resources; (b) policies and procedures for managing and directing the missions were adequate; and (c) sufficient internal control and accountability mechanisms were in place. </s>
	</p>
	<p n="9">
	  <s n="10"> Special political missions, which are an integral part of the mandate of the Department, play a key role in preventing, controlling and resolving conflicts, including post-conflict peacebuilding. </s>
	  <s n="11"> Their success is largely based on the policy and managerial guidance provided by the Department and the effectiveness of its oversight and accountability mechanisms. </s>
	  <s n="12"> The expansion of responsibilities of the Department of Peacekeeping Operations and the establishment of the Peacebuilding Commission and the Peacebuilding Support Office highlighted the issue of coordination among the stakeholders in peacebuilding operations and the need to minimize duplication and overlap. </s>
	</p>
	<p n="10">
	  <s n="13"> The audit conducted by OIOS focused on the management of the entities funded under section 3B of the proposed programme budget for the biennium 2006-2007 (A/60/6 (sect. </s>
	  <s n="14"> 3)), in particular special political missions. </s>
	  <s n="15"> Section 3B covered a total of 3,085 posts, consisting of 1,012 international posts, 241 National Officers, 1,738 local posts and 94 United Nations Volunteers in 29 entities (see A/60/585, table 3). </s>
	  <s n="16"> The programme budget proposed for the Department of Political Affairs for the biennium 2006-2007 totalled $441.3 million, comprising $429.4 million from the regular budget, including $355.9 million for special political missions and $11.9 million from extrabudgetary resources. </s>
	  <s n="17"> In its report on estimates in respect of special political missions, good offices and other political initiatives authorized by the General Assembly and/or the Security Council (A/60/7/Add.37), the Advisory Committee on Administrative and Budgetary Questions recommended approval of some $303 million for special political missions. </s>
	</p>
	<p n="11">
	  <s n="18"> Roles and responsibilities in managing and directing special political missions </s>
	</p>
	<p n="12">
	  <s n="19"> Mandates and policies </s>
	</p>
	<p n="13">
	  <s n="20"> Need to update the mandates of the Departments of Political Affairs and Peacekeeping Operations for managing and directing field missions </s>
	</p>
	<p n="14">
	  <s n="21"> At the time of the audit, the Department of Political Affairs provided executive direction for the political and substantive activities of 10 field special political missions, whereas the Department of Peacekeeping Operations directed the substantive operations of 4 field missions and provided logistical and administrative support to all 14. </s>
	</p>
	<p n="15">
	  <s n="22"> While the mandate of the Department of Political Affairs defined its responsibilities for managing and directing special political missions, the mandate of the Department of Peacekeeping Operations has not been updated to reflect its current role and responsibilities for leading field missions other than peacekeeping missions. </s>
	  <s n="23"> According to the Secretary-General&apos;s bulletin on the organization of the Department of Political Affairs (ST/SGB/2000/10, sect. </s>
	  <s n="24"> 3.2), that Department is responsible for managing and directing special political missions on behalf of the Secretary-General. </s>
	</p>
	<p n="16">
	  <s n="25"> The mandate of the Department of Peacekeeping Operations is to serve as the operational arm of the Secretary-General for all United Nations peacekeeping operations and is responsible for conducting, managing, directing and planning those operations (ST/SGB/2000/9, sect. </s>
	</p>
	<p n="17">
	  <s n="26"> The core function of the Department&apos;s Office of Operations is to provide day-to-day executive direction of peacekeeping operations, including substantive guidance to the field and coordinating and integrating inputs from other offices within the Department as well as from other departments, agencies and programmes (ibid., sect. </s>
	  <s n="27"> The Office is not specifically assigned substantive responsibility for special political missions. </s>
	</p>
	<p n="18">
	  <s n="28"> The mandate of the Department of Political Affairs, which states that the Department is the focal point within the United Nations for post-conflict peacebuilding, has not been updated to reflect the recent establishment of the Peacebuilding Commission and the Peacebuilding Support Office, which will play a key role in post-conflict peacebuilding by bringing together all relevant actors “to marshal resources and to advise on and propose integrated strategies for post-conflict peacebuilding and recovery”. </s>
	  <s n="29"> Of the 10 special political missions that the Department manages and directs, three are field offices providing peacebuilding support in particular countries. </s>
	</p>
	<p n="19">
	  <s n="30"> Lack of clear criteria for assigning lead responsibility for field missions </s>
	</p>
	<p n="20">
	  <s n="31"> The policy for assigning the lead responsibility for the substantive operations of field missions to one of the Department&apos;s lacked clear criteria and was not consistently applied. </s>
	  <s n="32"> Member States may also not be well informed about the policy owing to a lack of visibility in its promulgation, resulting in a lack of transparency in decision-making and confusion concerning the roles and responsibilities of the two Departments. </s>
	</p>
	<p n="21">
	  <s n="33"> The Secretary-General has assigned both Departments the role of managing and directing substantive operations of field special political missions (see tables 3 and 4 below). </s>
	  <s n="34"> Therefore, as long as the two Departments remain separate, there will be a need to clearly delineate their roles and responsibilities in order to ensure effective implementation of the Secretary-General&apos;s strategy while minimizing duplication and overlap. </s>
	</p>
	<p n="22">
	  <s n="35"> The Secretary-General had acknowledged and attempted to address that need by promulgating the “lead-department” policy, which was first introduced in 1999 (A/53/854/Add.1) and further developed in 2002 (A/57/387). </s>
	  <s n="36"> The policy was intended to assign management responsibility for substantive operations of field missions to only one department based on certain criteria to ensure that accountability would be addressed by having that department bear the ultimate responsibility for successful implementation of field mission mandates, and the efficient and effective use of budget resources allocated to them; duplication would be minimized in managing field missions; coordination and cooperation would be optimized by making the lead department responsible for ensuring that the other department was fully included in the planning and decision-making and that its views were heard. </s>
	</p>
	<p n="23">
	  <s n="37"> The criteria formulated in the 1999 report of the Secretary-General (A/53/854/Add.1) were based on the mandates of the two Departments: The Department of Political Affairs was to take the lead in preventive diplomacy, peacemaking and peacebuilding and the Department of Peacekeeping Operations was to lead peacekeeping. </s>
	  <s n="38"> Those criteria have not always been complied with, however, as the Department of Peacekeeping Operations has led missions that do not clearly involve peacekeeping, such as the United Nations Office in Timor-Leste (UNOTIL), the United Nations Integrated Office in Sierra Leone (UNIOSIL) and the Office of the Special Envoy of the Secretary-General for the future status process for Kosovo, and the Department of Political Affairs has led the early negotiation phases of some peacekeeping missions. </s>
	</p>
	<p n="24">
	  <s n="39"> Various staff members of the two Departments informed OIOS that, in addition to the criterion formulated in the lead-department policy, the logistical support capacity of the Department of Peacekeeping Operations, the presence of military components and the nature of the residual tasks from the peacekeeping operation mandates that had to be completed by the remaining components weighed in as criteria in determining the lead department. </s>
	  <s n="40"> Likewise, the Department of Peacekeeping Operations is the lead department for three field missions — the United Nations Assistance Mission in Afghanistan (UNAMA), UNOTIL and UNIOSIL — because they are integrated missions in which cadres of military observers, military liaison officers and United Nations police are deployed, and only that Department has the logistical capacity to support such elements. </s>
	  <s n="41"> OIOS did not, however, identify any guidelines explaining the size of the military presence and the nature of operations that determine which should be the lead department. </s>
	  <s n="42"> Staff members of the Department of Political Affairs noted that the criteria formulated in the lead-department policy were unclear and unfair, since their department did not have any logistical support capacity. </s>
	  <s n="43"> OIOS is in no position to comment on the assertion of “unfairness”, but notes that the inability of that Department to carry out its mandate because of the lack of support capacity is a source of frustration. </s>
	</p>
	<p n="25">
	  <s n="44"> The United Nations Assistance Mission for Iraq (UNAMI) is led by the Department of Political Affairs on an exceptional basis, whereas the Department of Peacekeeping Operations would normally lead such a complex operation. </s>
	  <s n="45"> Both Departments pointed out that, although it was initially decided to assign the lead responsibility to the Department of Peacekeeping Operations, the bombing of the United Nations office in Baghdad resulted in a greater focus on the political nature of the mandate rather than the complexity of the operation. </s>
	</p>
	<p n="26">
	  <s n="46"> With the establishment of the Policy Committee by the Secretary-General in 2005, OIOS noted a significant improvement in terms of transparency and effectiveness in the decision-making process for assigning the lead-department role for special political missions. </s>
	  <s n="47"> The Committee, a body at the level of the Executive Office of the Secretary-General charged with making strategic guidance decisions and identifying emerging issues, is chaired by the Secretary-General and assigns the lead responsibility for managing field missions. </s>
	  <s n="48"> Notwithstanding such improvements, OIOS believes that the Secretary-General should develop and disseminate clear criteria for assigning the lead-department role in managing missions. </s>
	</p>
	<p n="27">
	  <s n="49"> B. Categorization of special political missions and the responsibilities of the Department of Political Affairs </s>
	</p>
	<p n="28">
	  <s n="50"> Lack of a clear definition of special political missions and the role of the Department of Political Affairs in budgetary documents </s>
	</p>
	<p n="29">
	  <s n="51"> There was no clear definition of special political mission in existing policy and procedural documents. </s>
	  <s n="52"> All 29 work programmes under section 3B were shown as special political missions in the official budget documents, although the Department of Political Affairs considers only 14 field entities special political missions. </s>
	  <s n="53"> The Advisory Committee on Administrative and Budgetary Questions has requested a logical categorization of the work programmes in budget submissions. </s>
	  <s n="54"> OIOS divided special political missions into five groups based on the level of responsibilities required from the Department of Political Affairs. </s>
	</p>
	<p n="30">
	  <s n="55"> The Department of Political Affairs is ultimately responsible for the successful implementation of the mandates of those missions for which it is designated as the lead department. </s>
	  <s n="56"> It is also responsible for defining the level of budget resources required, including the number and level of posts, and for the efficient and effective use of the budget resources allocated to those missions. </s>
	  <s n="57"> Work programmes for all but seven entities under section 3B of the proposed budget fall under the Department&apos;s core mandate, which emphasizes its responsibility for prevention, control and resolution of conflicts, including post-conflict peacebuilding. </s>
	  <s n="58"> However, its relationship to and responsibilities for work programmes varied from one special political mission to another. </s>
	</p>
	<p n="31">
	  <s n="59"> The lead responsibility for administering the six entities categorized under group 1 rests with the Department of Political Affairs, as indicated in table 1. </s>
	  <s n="60"> The entities are sanctions committees and expert groups established by the Security Council that report directly to it. </s>
	  <s n="61"> They do not require direction from the Secretariat, while the Security Council Affairs Division of the Department provides some input and assistance in political and substantive matters. </s>
	  <s n="62"> Their budgets ranged from $0.7 million to $3.4 million for the period from 1 January to 31 December 2006. </s>
	</p>
	<p n="32">
	  <s n="63"> Table 1 Group 1: sanctions committees and expert groups </s>
	</p>
	<p n="33">
	  <s n="64"> a Budget estimates are taken from the report of the Advisory Committee on Administrative and Budgetary Questions (A/60/7/Add.37). </s>
	</p>
	<p n="34">
	  <s n="65"> b For 10 months of 2006. </s>
	</p>
	<p n="35">
	  <s n="66"> c For 8 months of 2006. </s>
	</p>
	<p n="36">
	  <s n="67"> The six entities categorized as group 2 (see table 2 below) include good offices, fact-finding and peacemaking activities initiated by the Secretary-General with the approval of the Security Council and/or the General Assembly. </s>
	  <s n="68"> The Department of Political Affairs is the lead department in providing substantive direction and administrative support for these entities. </s>
	  <s n="69"> It is also responsible for defining the level of resources and for the efficient and effective administration of their budgets, which ranged from $0.2 million to $1.4 million for the period from 1 January to 31 December 2006. </s>
	</p>
	<p n="37">
	  <s n="70"> Table 2 Group 2: special envoys and advisers of the Secretary-General </s>
	</p>
	<p n="38">
	  <s n="71"> a Budget estimates are taken from the report of the Advisory Committee on Administrative and Budgetary Questions (A/60/7/Add.37). </s>
	</p>
	<p n="39">
	  <s n="72"> The 10 entities categorized under group 3 (see table 3 below) are field missions located in various countries in order to implement their mandates in peacebuilding and other political areas. </s>
	  <s n="73"> Their budgets ranged from $1.6 million to $12.2 million for calendar year 2006 and consisted of from 14 to 169 posts. </s>
	  <s n="74"> While UNAMI, which has a budget of $173 million and 843 posts for the period, has a full administrative structure like a peacekeeping field mission, other group 3 missions do not, because their size and budgets do not provide the economies of scale permitting full administrative structures. </s>
	</p>
	<p n="40">
	  <s n="75"> Table 3 Group 3: field missions led by the Department of Political Affairs </s>
	</p>
	<p n="41">
	  <s n="76"> a Budget estimates are taken from the report of the Advisory Committee on Administrative and Budgetary Questions (A/60/7/Add.37). </s>
	</p>
	<p n="42">
	  <s n="77"> b For 5.5 months of 2006. </s>
	</p>
	<p n="43">
	  <s n="78"> The Department of Political Affairs is the lead department providing political and substantive direction for group 3 missions and is responsible for defining the level of post and non-post resources for new missions. </s>
	  <s n="79"> For existing missions, the Department, together with the heads of mission, is responsible for these functions and has distributed its responsibilities among its four regional divisions. </s>
	  <s n="80"> Once the Department of Political Affairs determines the requirements for post resources, the Department of Peacekeeping Operations provides logistical and administrative support to these missions in recruitment and other activities. </s>
	  <s n="81"> In utilizing non-post resources, the field missions execute expenditures and conduct local procurement up to the authorized levels delegated by the Controller. </s>
	  <s n="82"> For transactions exceeding those levels, the intervention of the Department of Peacekeeping Operations is required. </s>
	  <s n="83"> For the three field missions that did not receive a delegation of authority, the respective United Nations Development Programme country office processes transactions on the behalf of the mission. </s>
	</p>
	<p n="44">
	  <s n="84"> Prior to January 2005, the Department of Political Affairs provided logistical and administrative support to some of the field missions, and as such performed functions that had already been assigned to the Office of Mission Support of the Department of Peacekeeping Operations. </s>
	  <s n="85"> In that regard, the Department of Political Affairs had accepted and fully implemented an earlier OIOS recommendation to transfer responsibility for logistical and administrative support for all existing and future field missions to the Department of Peacekeeping Operations effective January 2005 (AH/2003/30/1). </s>
	  <s n="86"> However, during the current audit, OIOS found that, although some initial discussions had taken place, no terms of reference or operational agreements had been developed to address the accountability and monitoring issues. </s>
	</p>
	<p n="45">
	  <s n="87"> The four entities categorized as group 4 are field missions carrying out complex operations with integrated multidisciplinary mandates, consisting of military, police and other components as well as political tasks mandated by the Security Council. </s>
	  <s n="88"> Their budgets ranged from $8.7 million to $23.2 million for the period from 1 January to 31 December 2006. </s>
	  <s n="89"> The Department of Peacekeeping Operations is the lead department for these entities and provides political and substantive direction. </s>
	  <s n="90"> Within the Department, the Office of Operations takes the political and substantive lead role and the Office of Mission Support provides logistical and administrative support functions. </s>
	  <s n="91"> The Department is responsible for determining the level of post and non-post resources for new missions. </s>
	  <s n="92"> For existing missions, there is joint responsibility with the heads of missions. </s>
	</p>
	<p n="46">
	  <s n="93"> Table 4 Group 4: field missions led by the Department of Peacekeeping Operations </s>
	</p>
	<p n="47">
	  <s n="94"> a Budget estimates are taken from the report of the Advisory Committee on Administrative and Budgetary Questions (A/60/7/Add.37). </s>
	</p>
	<p n="48">
	  <s n="95"> b For the first three months of 2006; $59,835,200 were budgeted for the period from 1 April to 31 December 2006 (A/60/7/Add.39). </s>
	</p>
	<p n="49">
	  <s n="96"> c For 4.75 months of 2006. </s>
	</p>
	<p n="50">
	  <s n="97"> The Department of Political Affairs does not have a reporting relationship for the three entities in group 5, which are activities established by the Security Council to service and support its sub-organs. </s>
	  <s n="98"> The Department for Disarmament Affairs is responsible for the administration of budgeted resources for support to the Security Council Committee established pursuant to Security Council resolution 1540 (2004). </s>
	  <s n="99"> The Department of Management administers the budgeted resources for the Office of the Representative of the Secretary-General to the International Advisory and Monitoring Board. </s>
	  <s n="100"> The Counter-Terrorism Executive Directorate is a stand-alone entity with its own administrative capacity. </s>
	</p>
	<p n="51">
	  <s n="101"> Table 5 Group 5: entities led by departments other than the Department of Political Affairs and the Department of Peacekeeping Operations </s>
	</p>
	<p n="52">
	  <s n="102"> a Budget estimates are taken from the report of the Advisory Committee on Administrative and Budgetary Questions (A/60/7/Add.37). </s>
	</p>
	<p n="53">
	  <s n="103"> As discussed above, departments other than the Department of Political Affairs were responsible for leading seven entities in groups 4 and 5. </s>
	  <s n="104"> The proposed budget for the Department (A/60/6, sect. </s>
	  <s n="105"> 3), however, indicated that it was responsible for all 29 entities under section 3B. </s>
	  <s n="106"> This budget provision does not accurately depict the actual responsibilities of the departments involved and may generate the perception that the Department of Political Affairs does not fully carry out its responsibilities, while other departments are duplicating and overlapping those functions. </s>
	</p>
	<p n="54">
	  <s n="107"> Oversight and control of the Department of Political Affairs over the budget resources of special political missions </s>
	</p>
	<p n="55">
	  <s n="108"> The audit concluded that the ability of the Department of Political Affairs to manage special political missions to ensure efficient use of post and non-post resources was hampered by the Department&apos;s lack of oversight and inadequate controls over mission budget resources. </s>
	  <s n="109"> In this regard, the Department of Political Affairs commented that it had inadequate human and financial resources to carry out its mandated responsibilities. </s>
	  <s n="110"> This was also one of the principal findings of the in-depth evaluation (E/AC.51/2006/4) of the Department carried out recently by OIOS at the request of the Committee for Programme and Coordination. </s>
	</p>
	<p n="56">
	  <s n="111"> The OIOS audit focused on the Department&apos;s internal controls in assessing and monitoring the budgets of special political missions for the 10 field missions in group 3, for which all 165 additional posts had been requested. </s>
	</p>
	<p n="57">
	  <s n="112"> The budgetary controls were adequate in respect of UNAMI. </s>
	  <s n="113"> Five desk officers of the Department of Political Affairs were assigned to assist and backstop the unusually challenging tasks facing UNAMI, in which involvement of senior officers of the Department and the Executive Office of the Secretary-General was clearly evidenced. </s>
	  <s n="114"> However, the Department did not adequately perform oversight of the remaining nine field missions because of the lack of clarity on its responsibilities and those of the Department of Peacekeeping Operations, which led to misunderstanding by some staff members of the Department of Political Affairs about which office should perform the necessary oversight for the mission budgets, given the recent transfer from the Department of Political Affairs to the Department of Peacekeeping Operations of logistical and administrative support for all field missions (group 3) in 2005. </s>
	</p>
	<p n="58">
	  <s n="115"> The budget control procedures of the Department of Political Affairs were not documented. </s>
	  <s n="116"> As a result, there was no evidence that a comprehensive review had been performed. </s>
	  <s n="117"> Currently, the Department&apos;s budgetary control process is carried out at three levels of responsibility: (a) the desk officers of the regional divisions, who provide political and substantive direction to their respective field missions; (b) regional division managers; and (c) the Office of the Under-Secretary-General. </s>
	  <s n="118"> The first phase includes a review by desk officers of the budgets submitted by special political missions. </s>
	  <s n="119"> OIOS noted that the desk officers assisted in preparing the field mission budgets to ensure conformity with the results-based-budget framework, and that the Department had provided a series of training sessions for the desk officers. </s>
	  <s n="120"> However, there was a lack of sufficient documentary evidence showing that their reviews were performed and communicated to the next level of the control process, namely, the managers of the regional divisions. </s>
	  <s n="121"> Likewise, there was little evidence to show that the managers of the regional divisions provided guidance and feedback to the desk officers. </s>
	</p>
	<p n="59">
	  <s n="122"> The third phase of the control process is within the purview of the Office of the Under-Secretary-General of the Department of Political Affairs, which is responsible for the final budget review at the departmental level to provide a comprehensive analysis of both the individual and consolidated budgets of the field missions. </s>
	  <s n="123"> Documentation of budget reviews was also lacking. </s>
	  <s n="124"> The staff members who conducted the reviews were actually political affairs officers assigned that responsibility because the Department did not have a dedicated budget officer. </s>
	  <s n="125"> Furthermore, OIOS did not find sufficient evidence of a thorough handover of responsibilities during recent changes of the officers responsible for the budget reviews. </s>
	  <s n="126"> The Executive Office has two Professional and eight General Service staff members who support the Department&apos;s core programme. </s>
	  <s n="127"> In addition, the Executive Office provides logistical and administrative support for group 1 and group 2 entities. </s>
	  <s n="128"> According to the department, the lack of support account resources, which are available in peacekeeping operations, makes it difficult to provide additional resources for the budgetary control function at the departmental level. </s>
	</p>
	<p n="60">
	  <s n="129"> Budget control weaknesses, especially at the departmental level, resulted in inadequate justification of budgetary resources. </s>
	  <s n="130"> In justifying requests for additional posts, no viable benchmark criteria, such as a workload analysis, were presented. </s>
	  <s n="131"> Justifications for official travel in budget submissions also needed to be enhanced; the requests simply stated that official travel from the field missions to New York was required three or four times a year. </s>
	  <s n="132"> Consulting costs also lacked detailed justification. </s>
	</p>
	<p n="61">
	  <s n="133"> Other areas where information and justifications were inadequate included the results-based-budgeting logical framework; performance measures; and staffing/vacancy management. </s>
	  <s n="134"> Similarly, for some special political missions, details were not provided on the inventory and equipment purchased in prior periods. </s>
	</p>
	<p n="62">
	  <s n="135"> Lack of annual performance reports and variance analysis of mission budgets </s>
	</p>
	<p n="63">
	  <s n="136"> Variance analysis is a budgetary control tool that can help to identify areas requiring redistribution of resources and opportunities for future savings. </s>
	  <s n="137"> For the entities funded under section 3B of the proposed programme budget (A/60/6 (Sect. 3)), an analysis was conducted biennially in the form of performance reporting, which conformed with the requirements of the financial rules and regulations for the regular budgetary sources. </s>
	  <s n="138"> However, OIOS believes that the variance analysis for group 3 field missions should be conducted through annual performance reporting. </s>
	  <s n="139"> Given the size of their budgets and their field presence, more stringent controls are required than with the entities in groups 1 and 2. </s>
	  <s n="140"> In addition, annual performance reporting would facilitate timely oversight by the Member States of the budgets under section 3B that are requested annually to accommodate their relatively temporary nature. </s>
	</p>
	<p n="64">
	  <s n="141"> Extrabudgetary resources are not separately shown in budget proposals </s>
	</p>
	<p n="65">
	  <s n="142"> Extrabudgetary resources in the form of trust funds amounting to $0.8 million were shown as a lump sum without being allocated to individual entities included under section 3B of the Department&apos;s proposed budget (A/60/6 (Sect. </s>
	  <s n="143"> Therefore, special political mission performance reports did not show the performance of funds mobilized by extrabudgetary resources; as a result, the performance of special political missions is not fully communicated to the Member States for their evaluation. </s>
	  <s n="144"> In order to improve evaluations and increase transparency, extrabudgetary resources available for a particular mission should be included in its budget presentations and performance reports. </s>
	</p>
	<p n="66">
	  <s n="145"> Management and direction by the Department of Political Affairs of special political missions in substantive areas </s>
	</p>
	<p n="67">
	  <s n="146"> OIOS reviewed the ability of the Department of Political Affairs to manage the substantive and political responsibilities of special political missions on the basis of four elements: adequate and timely backstopping by Department headquarters; timely recruitment of qualified personnel; promulgation of political and substantive policies for use by missions; and equipping Department desk officers with management tools. </s>
	  <s n="147"> OIOS found that the Department&apos;s ability regarding the first two elements was satisfactory and improving. </s>
	  <s n="148"> Special political missions did not express major concerns about the adequacy and timeliness of Department backstopping when responding to the survey conducted by OIOS and during interviews with the selected heads of missions. </s>
	  <s n="149"> Although still in need of further enhancement, recruitment has improved as vacancy rates of the missions decreased from 43 per cent in June 2005 to 35 per cent in May 2006. </s>
	  <s n="150"> OIOS found, however, that the latter two elements (promulgation of policy guidance and provision of management tools) were weak and required significant improvement, as indicated below. </s>
	</p>
	<p n="68">
	  <s n="151"> Need to strengthen the promulgation of political and substantive policies </s>
	</p>
	<p n="69">
	  <s n="152"> Some managers of special political missions expressed dissatisfaction with the Department&apos;s responsiveness to their requests for political and substantive policies, which they considered important in implementing their mandates. </s>
	  <s n="153"> According to the managers, the policies were critical to address political and socio-economic issues facing peacemaking and post-conflict peacebuilding phases of the countries and regions in which the missions were located. </s>
	  <s n="154"> The Department lacked a systematic approach to identifying and addressing such needs. </s>
	  <s n="155"> It did not track the number of policies requested by the missions or provided by the Department itself. </s>
	</p>
	<p n="70">
	  <s n="156"> Furthermore, there was a general weakness in the Department&apos;s policy-development capability in the area of peacebuilding, which is part of its mandate. </s>
	  <s n="157"> The Policy and Planning Unit had been established to develop policies and coordinate activities to strengthen the Department&apos;s policy-formulation capacity in the area of early warning, preventive action, peacemaking and post-conflict peacebuilding within and outside of the United Nations system. </s>
	  <s n="158"> In addition, the creation of the Peacebuilding Support Office and the Counter-Terrorism Executive Directorate indicates that the Department of Political Affairs might not have the ability to develop major policies for counter-terrorism and peacebuilding. </s>
	  <s n="159"> OIOS has been informed that the Policy and Planning Unit, which had been under-resourced for an extended period, was recently strengthened by the General Assembly, and has initiated efforts to develop policy issues related to peacebuilding and mediation, among other areas. </s>
	</p>
	<p n="71">
	  <s n="160"> Need to develop standard operating procedures </s>
	</p>
	<p n="72">
	  <s n="161"> The Department needs to develop a set of standard operating procedures or comprehensive guidelines that equip desk officers with better management tools to strengthen their ability to provide political and substantive direction for special political missions. </s>
	  <s n="162"> They should cover policies and procedures, lessons learned and best practices, and should also be periodically updated. </s>
	  <s n="163"> Additionally, they should incorporate a communication mechanism between the Department and the missions to avoid unnecessary duplication of efforts. </s>
	  <s n="164"> For example, country assessment reports on Togo were prepared simultaneously by the Department&apos;s regional division and a special political mission. </s>
	</p>
	<p n="73">
	  <s n="165"> Such a set of procedures would help to ensure that all missions receive quality support from the Department. </s>
	  <s n="166"> Responses to the OIOS survey and interviews indicated that the quality of the Department&apos;s political and substantive direction of the missions was inconsistent. </s>
	  <s n="167"> The need for a set of procedures was also apparent because 9 out of 18 desk officers lacked field experience (see E/AC.51/2006/4) and they travelled infrequently to the field owing to budget constraints and the absence of a support account. </s>
	</p>
	<p n="74">
	  <s n="168"> Need to develop performance indicators </s>
	</p>
	<p n="75">
	  <s n="169"> The Department currently measures its effectiveness in providing political and substantive direction for special political missions by the number of complaints from the missions about the effectiveness of its support. </s>
	  <s n="170"> According to the Department, no complaints were recorded for the biennium 2004-2005. </s>
	  <s n="171"> The number of complaints, however, is not a sufficient indicator for evaluating the effectiveness of the Department&apos;s managerial performance. </s>
	  <s n="172"> In the opinion of OIOS, the Department should utilize as its performance indicators mission vacancy rates and the number of policies it promulgates, either by developing them within the Department or by providing linkages to expert capacities within other United Nations and non-United Nations entities, based on the number of policies requested by the missions or identified by the Department. </s>
	  <s n="173"> Furthermore, Department performance indicators need to be clearly linked to the Performance Appraisal System (PAS) of desk officers and Department managers responsible for managing missions, since the PAS of desk officers generally lacked specific evaluation criteria. </s>
	</p>
	<p n="76">
	  <s n="174"> Need to develop exit strategies for special political missions </s>
	</p>
	<p n="77">
	  <s n="175"> Sound management practice requires that each stage of a new enterprise with a temporary or limited duration be well planned in advance and have an action plan to be used for management guidance. </s>
	  <s n="176"> An exit strategy is considered to be part of this plan. </s>
	  <s n="177"> Exit strategies have been developed for only 4 out of the 22 entities shown in tables 1, 2, and 3 above. </s>
	  <s n="178"> The strategies were not included, however, in official reports to governing bodies, such as the proposed programme budgets submitted to the General Assembly or the periodic reports to the Security Council. </s>
	  <s n="179"> In addition, the strategies were very broad in nature and did not include estimated timelines. </s>
	  <s n="180"> The benchmarks contained in the exit strategies were similar to the objectives and expected accomplishments of the results-based-budgeting framework of the special political missions which however are limited to a particular budget period and are not sufficient for an exit strategy. </s>
	  <s n="181"> Among the closed missions, the United Nations Verification Mission in Guatemala had developed a detailed transition strategy during the last two years of its mandate. </s>
	  <s n="182"> In the view of OIOS, that experience could be used by existing missions as a best practice. </s>
	</p>
	<p n="78">
	  <s n="183"> V. Duplication and overlap between the Departments of Political Affairs and Peacekeeping Operations </s>
	</p>
	<p n="79">
	  <s n="184"> Regional divisions of the Departments </s>
	</p>
	<p n="80">
	  <s n="185"> The OIOS audit confirmed that there was a certain degree of duplication and overlap in the political affairs functions performed by the regional divisions of the Departments of Political Affairs and Peacekeeping Operations, although the former characterized that duplication and overlap as “institutionalized” in its self-assessment report submitted to the Deputy Secretary-General in 2002. </s>
	  <s n="186"> As a result, resources of the two Departments&apos; regional divisions may be used to perform duplicative tasks or may be excessive for the current level of performance. </s>
	  <s n="187"> However, the extent of such duplication and overlap could not be quantified during the current audit because of a lack of measurable performance indicators and outputs at the regional division level. </s>
	  <s n="188"> In order to minimize the duplication and overlap of functions, the Executive Office of the Secretary-General needs to review and update the mandates of the two Departments, enhance the lead-department policy and monitor the implementation of a strengthened coordination and cooperation strategy. </s>
	  <s n="189"> The Executive Office generally concurred with these proposals; however, as the end-user of the services provided by the regional divisions of both Departments, it stressed that the different views provided by the two Departments were valuable in its decision-making process. </s>
	</p>
	<p n="81">
	  <s n="190"> The mandates and capacities of the two Departments present an inherent risk of duplication and overlap for the political affairs functions in their regional divisions. </s>
	  <s n="191"> Both Departments have been assigned as lead departments for political and substantive operations of field missions. </s>
	  <s n="192"> On the basis of their mandates, they perform overlapping functions, such as planning for establishing new field missions and providing political and substantive direction for the field missions. </s>
	</p>
	<p n="82">
	  <s n="193"> Both Departments have capacities to plan and provide political and substantive direction for field missions in their regional divisions. </s>
	  <s n="194"> The Department of Political Affairs has four regional divisions: Africa I, Africa II, the Americas and Europe and Asia and the Pacific. </s>
	  <s n="195"> The Department of Peacekeeping Operations has three regional divisions in its Office of Operations: Africa, Asia and the Middle East; Europe; and Latin America. </s>
	  <s n="196"> The regional division staff of both Departments are political affairs officers with practically identical job descriptions and job qualifications to perform similar tasks. </s>
	  <s n="197"> Staff in both Departments carry out political tasks related to the maintenance of international peace and security; direct field missions and deal with Member States; are involved in defining budget resources and in the budget request processes of the field missions; and prepare reports to the Security Council on the work of the field missions. </s>
	  <s n="198"> In that regard, the Departments commented that there was limited duplication or overlap in the functions performed by their Political Affairs Officers. </s>
	  <s n="199"> While the job descriptions of the political affairs officers in the two Departments are similar, they carry out different functions. </s>
	  <s n="200"> At the same time, the responsibilities of the Department of Peacekeeping Operations are limited to specific operations and countries in which those operations are based. </s>
	  <s n="201"> The Department does not have a mandate to analyse or provide advice to the Secretary-General on regional issues that could have an impact on peace and security; that is the core mandate of the Department of Political Affairs. </s>
	  <s n="202"> For the two Departments to work smoothly and implement their own core mandates, some overlap of responsibility is to be expected and supported. </s>
	  <s n="203"> While OIOS acknowledges a distinction in the functions of the political affairs officers in the two Departments, it maintains that a certain inherent duplication exists, as discussed above. </s>
	</p>
	<p n="83">
	  <s n="204"> Furthermore, OIOS noted that another factor increasing the risk of duplication and overlap was the trend in a number of field missions and “integrated” special political missions which include military and police elements and have complex logistical support requirements. </s>
	  <s n="205"> The Department of Peacekeeping Operations is normally the lead department for such missions. </s>
	  <s n="206"> The greater the number of such missions and the longer their duration, the higher the risk of duplication and overlap, as the Department of Political Affairs is concurrently covering those regions and countries as part of its core mandate. </s>
	</p>
	<p n="84">
	  <s n="207"> The Secretary-General has acknowledged such inherent risks (see A/53/854/Add.1), indicating however that duplication was minimized by the promulgation of the “lead-department” policy, an opinion that most senior managers of both Departments reiterated during the OIOS audit. </s>
	  <s n="208"> According to the Secretary-General report, the lead-department policy was promulgated to ensure that lead responsibility was assigned to only one department, on the basis of criteria aligned with the respective mandates of the two departments. </s>
	</p>
	<p n="85">
	  <s n="209"> In the view of OIOS, however, duplication and overlap are not effectively minimized and are evident when lead-department responsibility is transferred from the Department of Political Affairs to the Department of Peacekeeping Operations in compliance with a Security Council decision to convert a special political mission to a peacekeeping mission or to change the mandate of a special political mission to include military or other complex elements (as was the case with UNAMA). </s>
	  <s n="210"> In such cases, desk officers of the Department of Political Affairs are sometimes temporarily assigned to the Department of Peacekeeping Operations to ensure that institutional memory for that particular mission is not lost. </s>
	  <s n="211"> The Department of Peacekeeping Operations pointed out that the temporary transfer to it of political affairs officers when a special political mission develops into a process led by the Department of Peacekeeping Operations is not duplicative but simply facilitates a smooth handover. </s>
	  <s n="212"> It is also necessary because transferred officers will hand over files and pass on to the Department of Peacekeeping Operations background information critical to understanding the political environment in which the new peacekeeping mission will operate. </s>
	  <s n="213"> In such cases, the Department of Peacekeeping Operations will be managing an operation that is totally different from the peace negotiations managed by the Department of Political Affairs, as was the case with the special political missions in Liberia and Côte d&apos;Ivoire. </s>
	  <s n="214"> In the opinion of OIOS, however, this practice does involve some duplication, unless the purpose of the temporary assignment is to cover surge requirements. </s>
	</p>
	<p n="86">
	  <s n="215"> Duplication and overlap are also apparent when a peacekeeping mission and a special political mission is established and a special envoy of the Secretary-General is appointed for the same country and are separately led by the two Departments. </s>
	  <s n="216"> For example, in Cyprus, the Department of Peacekeeping Operations leads the peacekeeping mission, while the Department of Political Affairs is the lead department for the Special Adviser of the Secretary-General on Cyprus. </s>
	  <s n="217"> Similarly, in Western Sahara, the Department of Peacekeeping Operations leads the peacekeeping mission, while the Department of Political Affairs is the lead department for the Personal Envoy of the Secretary-General for Western Sahara. </s>
	  <s n="218"> Therefore, there are desk officers in both Departments who are responsible for the same country and who must share information and coordinate other activities in order to have the full picture of the situation in the country. </s>
	  <s n="219"> The Departments explained that the decision to establish two separate United Nations entities in the same country was based on political reasons. </s>
	  <s n="220"> In the opinion of OIOS, the reporting lines and lead-department responsibility for the missions in one country should be vested in one department to the extent possible. </s>
	</p>
	<p n="87">
	  <s n="221"> In another case, the Office of the Special Envoy of the Secretary-General for the Future Status Process for Kosovo was established in 2006, while a separate peacekeeping mission, the United Nations Interim Administration Mission in Kosovo, was already in operation in Kosovo. </s>
	  <s n="222"> Although both entities are led by the Department of Peacekeeping Operations, there is a risk of duplication and overlap at the field level in terms of their work programmes and budget provisions. </s>
	</p>
	<p n="88">
	  <s n="223"> In the view of OIOS, duplication and overlap exist because the lead-department policy, intended to minimize these problems, lacks transparency and clear criteria for delineating the roles and responsibilities of each Department. </s>
	</p>
	<p n="89">
	  <s n="224"> Furthermore, the issue of weak cooperation and coordination has been abundantly discussed and identified by both Departments in such documents as the self-assessment report (in 2002) and the minutes of the retreat meeting of the Department of Political Affairs, and in the reform task force report of the Department of Peacekeeping Operations. </s>
	  <s n="225"> Duplicative and overlapping activities of the Departments&apos; regional divisions may take place but not be detected owing to a lack of quantifiable performance indicators and outputs. </s>
	</p>
	<p n="90">
	  <s n="226"> Effective-cooperation and coordination strategy </s>
	</p>
	<p n="91">
	  <s n="227"> The two key cooperation and coordination strategies stipulated by the Secretary-General, namely co-location of the regional divisions of the two Departments (see A/55/977) and composition of interdepartmental task forces, as required by the guidelines for the implementation of the lead-department concept have not been sufficiently implemented; co-location of the regional divisions has not taken place and the task forces have not always been established. </s>
	</p>
	<p n="92">
	  <s n="228"> The formal joint task forces, as required by the cooperation and coordination strategy stipulated in the lead-department policy, have rarely been formed and, when they have been, they have lacked terms of reference clearly specifying the responsibilities of members. </s>
	  <s n="229"> Informal ad hoc consultation, where success largely depends on personal relationships, was the preferred way of seeking coordination. </s>
	</p>
	<p n="93">
	  <s n="230"> A recent OIOS comprehensive management audit of the Department of Peacekeeping Operations recommended that the Department review the composition and terms of reference for interdepartmental task force/mission deployment working groups and clearly articulate responsibilities including working level decision-making authority (AP2005/600/15/05). </s>
	  <s n="231"> The Departments need to ensure that interdepartmental task forces are formed in the course of planning, managing and directing field missions and that relevant terms of reference are developed to clearly specify the responsibilities of members. </s>
	  <s n="232"> The Department of Political Affairs commented that rather than consume limited human resources in developing protocols on such interaction, it expects its political staff to work closely with desk officers of the Department of Peacekeeping Operations, and the same should be expected in that Department. </s>
	  <s n="233"> OIOS notes that dependence on the expectation of staff to work together without established guidelines or protocols can, and has, resulted in ad hoc and inconsistent working arrangements, limiting the effectiveness of the Organization. </s>
	</p>
	<p n="94">
	  <s n="234"> In that regard, an interdepartmental task force for UNAMI has been formed and is functioning effectively, with the active involvement of and monitoring by the Executive Office of the Secretary-General, which shared the view of OIOS and indicated that its involvement helped to improve the effectiveness of interdepartmental task forces, as was the case for recent planning activities for Darfur. </s>
	</p>
	<p n="95">
	  <s n="235"> OIOS believes that effective cooperation and coordination still needs to be addressed. </s>
	  <s n="236"> The duplication and overlap discussed above suggest that there may be a need for a review of restructuring options for the Departments, exploring the possibility of a full merger or a change in the current structure, such as combining the functions of planning and political and substantive direction, and separating the logistical and administrative support function. </s>
	  <s n="237"> In fact, in a self-assessment report addressed to the Deputy Secretary-General in 2002, the Department of Political Affairs had proposed consideration of a full merger between the two Departments to remedy institutionalized duplication and overlap. </s>
	  <s n="238"> The Executive Office of the Secretary-General informed OIOS that the Secretary-General did not envisage performing a restructuring assessment that included the possibility of a full merger or other forms of restructuring of the two Departments. </s>
	</p>
	<p n="96">
	  <s n="239"> Potential risk of duplication and overlap between the Department of Political Affairs and the Peacebuilding Support Office </s>
	</p>
	<p n="97">
	  <s n="240"> By its resolution 60/180, the General Assembly requested the Secretary-General to establish the Peacebuilding Support Office staffed by qualified experts to assist and support the Peacebuilding Commission. </s>
	  <s n="241"> However, according to its mandate, the Department of Political Affairs is the focal point for system-wide United Nations peacebuilding efforts. </s>
	  <s n="242"> The proposed structure of the Support Office indicated potential duplication and overlap with the Department of Political Affairs, as the working relationship between the Department and the Support Office has not been clarified. </s>
	</p>
	<p n="98">
	  <s n="243"> Recommendations </s>
	</p>
	<p n="99">
	  <s n="244"> OIOS issued a series of recommendations to improve management of special political missions. </s>
	  <s n="245"> The Departments of Political Affairs and Peacekeeping Operations generally accepted these recommendations. </s>
	</p>
	<p n="100">
	  <s n="246"> Recommendation 1 </s>
	</p>
	<p n="101">
	  <s n="247"> The Department of Peacekeeping Operations should propose to the Secretary-General an updated mandate that clearly reflects its responsibilities for directing the substantive operations of the special political missions in addition to peacekeeping operations (AP2006/560/01/01). </s>
	</p>
	<p n="102">
	  <s n="248"> The Department of Peacekeeping Operations accepted this recommendation and stated that it would work closely with the Executive Office of the Secretary-General and other departments to retool the relevant Secretary-General&apos;s bulletins as required. </s>
	</p>
	<p n="103">
	  <s n="249"> Recommendation 2 </s>
	</p>
	<p n="104">
	  <s n="250"> The Department of Political Affairs should propose that the Secretary-General update the Department&apos;s mandate as the focal point within the United Nations for post-conflict peacebuilding to reflect the recent establishment of the Peacebuilding Commission and the Peacebuilding Support Office in order to clarify its responsibilities for managing and directing special political missions (AP2006/560/01/02). </s>
	</p>
	<p n="105">
	  <s n="251"> The Department of Political Affairs accepted this recommendation and stated that it was in discussions with the newly established Peacebuilding Support Office to determine the degree of interaction required between them. </s>
	</p>
	<p n="106">
	  <s n="252"> Recommendation 3 </s>
	</p>
	<p n="107">
	  <s n="253"> The Secretary-General should develop and disseminate clear criteria for assigning the lead responsibility for managing the field missions to ensure transparency so that all parties involved have a clear understanding of their respective operational functions and responsibilities (AP2006/560/01/03). </s>
	</p>
	<p n="108">
	  <s n="254"> The Executive Office of the Secretary-General did not comment on this recommendation. </s>
	  <s n="255"> However, the Departments of Political Affairs and Peacekeeping Operations concurred with the recommendation, expressing their readiness to work closely with the Office and provide the necessary assistance required in its implementation. </s>
	</p>
	<p n="109">
	  <s n="256"> Recommendation 4 </s>
	</p>
	<p n="110">
	  <s n="257"> The Secretary-General should amend the official mandates of the Departments of Political Affairs and Peacekeeping Operations to include reference to the lead-department policy in order to enhance its visibility and transparency (AP2006/560/01/04). </s>
	</p>
	<p n="111">
	  <s n="258"> The Executive Office of the Secretary-General did not comment on this recommendation. </s>
	  <s n="259"> However, the Departments of Political Affairs and Peacekeeping Operations concurred with this recommendation, stating that, while this was within the purview of the Office, they would provide the assistance required in implementing the recommendation. </s>
	</p>
	<p n="112">
	  <s n="260"> Recommendation 5 </s>
	</p>
	<p n="113">
	  <s n="261"> The Department of Political Affairs should request the Department of Management to revise the current budget presentation by categorizing the entities funded under section 3B in order to clearly indicate the lead-department responsibility for each operation (AP2006/560/01/06). </s>
	</p>
	<p n="114">
	  <s n="262"> The Department of Political Affairs commented that it would draw attention of the Department of Management to this recommendation. </s>
	</p>
	<p n="115">
	  <s n="263"> Recommendation 6 </s>
	</p>
	<p n="116">
	  <s n="264"> The Department of Political Affairs should establish a monitoring and oversight mechanism in the form of an operational agreement with the Department of Peacekeeping Operations to address accountability for the budget resources of field missions in which the Departments carry out their respective substantive direction and administrative support functions (AP2006/560/01/07). </s>
	</p>
	<p n="117">
	  <s n="265"> The Department of Political Affairs accepted the suggestion to establish an operational agreement with the Department of Peacekeeping Operations to address accountability for budget resources. </s>
	</p>
	<p n="118">
	  <s n="266"> Recommendation 7 </s>
	</p>
	<p n="119">
	  <s n="267"> The Department of Political Affairs should establish a formal working group for budget review, consisting of the representatives of the Under-Secretary-General, the regional divisions and the Executive Office of the Department (AP2006/560/01/08). </s>
	</p>
	<p n="120">
	  <s n="268"> The Department of Political Affairs accepted this recommendation and informed OIOS that the ad hoc task force had been established. </s>
	  <s n="269"> The Department further commented that the representatives from the Department of Peacekeeping Operations and the Office of Programme Planning, Budget and Accounts would be added to the task force in the next budget cycle. </s>
	</p>
	<p n="121">
	  <s n="270"> Recommendation 8 </s>
	</p>
	<p n="122">
	  <s n="271"> The Department of Political Affairs should request resources in the context of the programme budget for the biennium 2008-2009 to appoint a staff member with budget expertise as the Department&apos;s overall focal point for overseeing and monitoring the budgets of the special political missions (AP2006/560/01/09). </s>
	</p>
	<p n="123">
	  <s n="272"> The Department of Political Affairs accepted this recommendation, commenting that it was requesting additional resources for establishing the focal point on budget monitoring. </s>
	</p>
	<p n="124">
	  <s n="273"> Recommendation 9 </s>
	</p>
	<p n="125">
	  <s n="274"> The Department of Political Affairs, in consultation with the Department of Management, should enhance budgetary controls by issuing performance reports of expenditures for the special political missions annually rather than biennially, to ensure that variance analysis is conducted annually (AP2006/560/01/11). </s>
	</p>
	<p n="126">
	  <s n="275"> The Department of Political Affairs accepted this recommendation, commenting that it would draw the issue to the attention of the Department of Management. </s>
	</p>
	<p n="127">
	  <s n="276"> Recommendation 10 </s>
	</p>
	<p n="128">
	  <s n="277"> The Department of Political Affairs should develop a set of standard operating procedures that provides desk officers with better management tools and increases the quality and consistency of the Department&apos;s support for special political missions (AP2006/560/01/14). </s>
	</p>
	<p n="129">
	  <s n="278"> The Department of Political Affairs accepted this recommendation, commenting that it would cooperate with the Best Practices Unit of the Department of Peacekeeping Operations to ensure that the best thinking from the United Nations was reflected in any such policy tools. </s>
	</p>
	<p n="130">
	  <s n="279"> Recommendation 11 </s>
	</p>
	<p n="131">
	  <s n="280"> The Department of Political Affairs should strengthen its performance evaluation of special political mission management activities by utilizing the number of policies it addresses for use by the missions and their staffing vacancy rates as performance indicators in the Department&apos;s results-based-budgeting framework, and clearly link them with the Performance Appraisal System of desk officers and their managers (AP2006/560/01/15). </s>
	</p>
	<p n="132">
	  <s n="281"> The Department of Political Affairs commented that it would consider how best to strengthen its performance evaluation of special political mission management in conjunction with OIOS findings and other studies related to results-based-budgeting and performance measures. </s>
	</p>
	<p n="133">
	  <s n="282"> Recommendation 12 </s>
	</p>
	<p n="134">
	  <s n="283"> The Department of Political Affairs should develop exit strategies for all special political missions and present them in the proposed programme budgets to the General Assembly and periodic reports to the Security Council (AP2006/560/01/16). </s>
	</p>
	<p n="135">
	  <s n="284"> The Department of Political Affairs accepted this recommendation, commenting that the development of an exit strategy for each special political mission would be considered on a case-by-case basis, although, as a general principle, mission managers would be asked to develop exit strategies and scenarios. </s>
	</p>
	<p n="136">
	  <s n="285"> Recommendation 13 </s>
	</p>
	<p n="137">
	  <s n="286"> The Department of Political Affairs should develop, in coordination with the Department of Peacekeeping Operations, a working level methodology for establishing interdepartmental task forces and relevant terms of reference specifying functional responsibilities in managing the field missions (AP2006/560/01/18). </s>
	</p>
	<p n="138">
	  <s n="287"> The Department of Political Affairs commented that this recommendation was for the consideration of the Executive Office of the Secretary-General. </s>
	  <s n="288"> OIOS notes that the terms of reference specifying responsibilities of the Departments of Political Affairs and Peacekeeping Operations in the interdepartmental task forces should be developed at the working level by both Departments, in coordination with the Office. </s>
	  <s n="289"> OIOS stresses that the Department of Political Affairs should lead implementation of the recommendation. </s>
	</p>
	<p n="139">
	  <s n="290"> Recommendation 14 </s>
	</p>
	<p n="140">
	  <s n="291"> The Secretary-General should ensure that his strategy of forming interdepartmental task forces as promulgated in the lead-department policy is being implemented effectively, thereby improving cooperation and coordination between the Departments of Political Affairs and Peacekeeping Operations (AP2006/560/01/19). </s>
	</p>
	<p n="141">
	  <s n="292"> The Executive Office of the Secretary-General did not provide comments on this recommendation. </s>
	</p>
	<p n="142">
	  <s n="293"> Recommendation 15 </s>
	</p>
	<p n="143">
	  <s n="294"> The Department of Political Affairs, in coordination with the Peacebuilding Support Office, should develop terms of reference that specify their respective roles and responsibilities in peacebuilding activities and formulate a coordination strategy to prevent possible duplication and overlap (AP2006/560/01/20). </s>
	</p>
	<p n="144">
	  <s n="295"> The Department of Political Affairs commented that it was discussing the issue with the Peacebuilding Support Office. </s>
	  <s n="296"> The Department also commented that the Policy Committee meeting would be held on the terms of reference for the Office, which would be followed by revision of the Secretary-General&apos;s bulletin to indicate respective roles and responsibilities of the Department of Political Affairs, the Department of Peacekeeping Operations and the Office. </s>
	</p>
	<p n="145">
	  <s n="297"> (Signed) Inga-Britt Ahlenius Under-Secretary-General for Internal Oversight Services </s>
	</p>
	<p n="146">
	  <s n="298"> There is no official definition of a special political mission. </s>
	  <s n="299"> The Department of Political Affairs considers 14 field entities special political missions. </s>
	</p>
	<p n="147">
	  <s n="300"> See General Assembly resolution 60/180, para. </s>
	</p>
	<p n="148">
	  <s n="301"> Three in the context of the present audit and six in the OIOS evaluation (see E/AC.51/2006/4). </s>
	</p>
	<p n="149">
	  <s n="302"> The symbols in parenthesis in this section refer to an internal code used by OIOS for recording recommendations. </s>
	</p>
	</body>
</text>
</DOC>