<?xml version="1.0" encoding="UTF-8"?>
<DOC lang="English" n="N0744244" id="A/62/161" date="2007/07/27">
<text>
	<body>
	<p n="1">
	  <s n="1"> Sixty-second session </s>
	</p>
	<p n="2">
	  <s n="2"> Item 133 of the provisional agenda* </s>
	</p>
	<p n="3">
	  <s n="3"> Pattern of conferences </s>
	</p>
	<p n="4">
	  <s n="4"> Pattern of conferences </s>
	</p>
	<p n="5">
	  <s n="5"> Report of the Secretary-General </s>
	</p>
	<p n="6">
	  <s n="6"> Contents </s>
	</p>
	<p n="7">
	  <s n="7"> Introduction </s>
	</p>
	<p n="8">
	  <s n="8"> The year 2007 marks the sixth year of the reform process of the Department for General Assembly and Conference Management, and the Department remains as committed as ever to excellence in the delivery of its products and services and in client satisfaction. </s>
	  <s n="9"> The Department&apos;s activities described in the present report were aimed at fulfilling the Secretary-General&apos;s vision and the underlying strategy of the United Nations reform initiative (see A/61/255) to create an independent international civil service with the highest standards of performance and accountability, working across disciplines to fulfil the Organization&apos;s complex and interrelated mandates in an efficient and cost-effective manner. </s>
	</p>
	<p n="9">
	  <s n="10"> In this pursuit of excellence, the Department keeps a vigilant eye on the cost-effectiveness of its operations within the constraints imposed by the inherent unpredictability of a sizeable proportion of the services it is called upon to provide in support of the intergovernmental process, while at the same time grappling with the added problems created by the demographic transition that is occurring in key areas of the Department resulting from a large number of retirements, which will amount to some 25 per cent of total language staff in the five-year period from 2007 to 2011. </s>
	</p>
	<p n="10">
	  <s n="11"> The large scope of the operations of the Department, covering four major duty stations, each with its own “specificities”, presents an enormous managerial challenge at the planning and operational levels. </s>
	  <s n="12"> In addressing this challenge, the Department, in the relatively short time since the integrated global management initiative was launched, has made substantial strides in achieving coordination and standardization across the four duty stations, thereby promoting more efficient utilization of its resources. </s>
	  <s n="13"> However, in the ongoing pursuit of greater efficiency and cost-effectiveness of its operations, the Department depends to a considerable degree on the timely receipt of inputs from Member States, intergovernmental bodies and from other parts of the Secretariat and on the quality of those inputs. </s>
	</p>
	<p n="11">
	  <s n="14"> The Department is placing renewed emphasis on strengthening its technological applications, in particular at the global level, with a view to achieving further efficiencies in its operations and coordinating, streamlining and standardizing conference processes across the four duty stations under section 2 of the programme budget, thus promoting interoperability and efficiency. </s>
	  <s n="15"> The challenges that the implementation of the capital master plan will present to the Department call for the upgrading of information technology so as to ensure optimal communication among departmental staff, who will be located at four sites, in order to ensure the continued provision of conference services to parliamentary and subsidiary bodies. </s>
	</p>
	<p n="12">
	  <s n="16"> Integrated global management </s>
	</p>
	<p n="13">
	  <s n="17"> Follow-up to the recommendations of the integrated global management task forces </s>
	</p>
	<p n="14">
	  <s n="18"> Integrated global management began to be implemented in 2004 with a joint two-year project aimed at defining areas for the coordination and harmonization of policies, practices and procedures of conference services at the four duty stations that share a consolidated budget. </s>
	  <s n="19"> The ultimate goal was to streamline procedures, share resources and thus achieve economies, including economies of scale. </s>
	  <s n="20"> This two-year project culminated with the adoption in 2006 of a compendium of administrative policies, practices and procedures reflecting the agreements reached by Headquarters, the United Nations Office at Geneva, the United Nations Office at Vienna and the United Nations Office at Nairobi in the context of the two-year project. </s>
	  <s n="21"> The Department is making the compendium available to Member States for informational purposes. </s>
	</p>
	<p n="15">
	  <s n="22"> Integrated global management should not, however, be seen as a one-time project but rather as a continuous process requiring sustained nurturing. </s>
	  <s n="23"> It should also be noted that integrated global management is not just a set of agreed administrative policies, practices and procedures relating to conference management, but a framework for continuous collaboration. </s>
	  <s n="24"> The trust, communication and cohesiveness generated in the context of the work of the task forces charged with identifying common areas for coordination and harmonization has facilitated the implementation of additional initiatives, including, in particular, the Official Document System (ODS) enhancement and global information technology projects, as well as the ongoing coordination of the calendar of conferences. </s>
	  <s n="25"> The annual coordination meetings and periodic contacts among the four duty stations (both face-to-face and by teleconference) help to build up a cohesive global management team and develop a shared vision and approach. </s>
	</p>
	<p n="16">
	  <s n="26"> Status of the compendium of administrative policies, practices and procedures </s>
	</p>
	<p n="17">
	  <s n="27"> At the 2006 Coordination Meeting of Conference Managers agreement was reached on issues that had emerged since the task forces had completed their work, including, in particular, implementation of a proactive document management approach, an initiative pioneered by Headquarters. </s>
	  <s n="28"> The latest text of the compendium reflects the agreements reached in 2006. </s>
	</p>
	<p n="18">
	  <s n="29"> The 2007 Coordination Meeting discussed, among other things, issues relating to publishing, staff exchanges, equal grade for equal work, meetings away from established headquarters, advance waiver management and a detailed road map for the implementation of a common roster for outside contractors, including a prototype to be tested for a trial period of six months. </s>
	  <s n="30"> In addition, it approved the terms of reference of a working group on publishing composed of representatives from each of the four duty stations. </s>
	</p>
	<p n="19">
	  <s n="31"> C. Global information technology initiative </s>
	</p>
	<p n="20">
	  <s n="32"> As reported in the previous report to the General Assembly (A/61/129), a global information technology initiative was launched in 2006 with a view to coordinating, streamlining and standardizing conference processes across the four duty stations, thus promoting interoperability and efficiency. </s>
	  <s n="33"> Considerable effort has gone into developing and managing the initial phases of implementation of the three projects under the guidance of the Department&apos;s information technology governance board, which includes a representative of the Information Technology Services Division of the Department of Management. </s>
	</p>
	<p n="21">
	  <s n="34"> As part of this initiative, a week-long workshop, involving programme and information technology staff from all four duty stations, was held in March 2007 to build more systematic collaboration in the implementation of the three projects under the global information technology initiative, including the development of clear road maps for each project. </s>
	  <s n="35"> The current capacity to access data for a consolidated analysis is limited owing to the lack of integration among the various systems that are in place. </s>
	  <s n="36"> As agreed at the workshop, substantive experts from the four duty stations have developed a common statistical framework and a common glossary. </s>
	  <s n="37"> The next step will be to harmonize current codes into a common code structure. </s>
	  <s n="38"> This will greatly facilitate the implementation of the project for a global reporting data warehouse. </s>
	</p>
	<p n="22">
	  <s n="39"> Two widely used applications are being introduced by the Information Technology Services Division for use in the Secretariat: CRM (Customer Relationship Management) and ECM (Enterprise Content Management). </s>
	  <s n="40"> As recommended by the Information Technology Services Division and in a study carried out in 2006, it would be advantageous for the Department to evaluate these products to determine their suitability for the meetings planning and servicing project and the documents planning and processing project respectively. </s>
	  <s n="41"> Delays in the approval and procurement process for CRM and ECM have had an impact on the progress of the global project as a whole, as strategic choices have to be made between investing in the further development of existing internal systems and enterprise-wide applications that may be appropriate for the integration and standardization of conference-servicing processes. </s>
	  <s n="42"> Completion of the global information technology project, a major undertaking involving the four duty stations, is scheduled for the end of 2009. </s>
	</p>
	<p n="23">
	  <s n="43"> Evaluation by Member States of the quality of conference services </s>
	</p>
	<p n="24">
	  <s n="44"> As part of its continuing efforts to obtain feedback from clients on its services, the Department circulated a client survey on conference services to representatives of Member States during the sixty-first session of the General Assembly. </s>
	  <s n="45"> The survey, which was distributed to the plenary and Main Committees of the General Assembly, the Advisory Committee on Administrative and Budgetary Questions and the Security Council, collected data on the performance indicators identified in the strategic framework for the 2006/07 period. </s>
	</p>
	<p n="25">
	  <s n="46"> This was the third such survey. </s>
	  <s n="47"> Similar surveys were distributed at the fifty-ninth and sixtieth sessions of the General Assembly. </s>
	  <s n="48"> The response rate in 2006 was about 13 per cent, despite the fact that, at the request of Member States, the survey had been issued in all six official United Nations languages for the first time. </s>
	  <s n="49"> In addition to being distributed in conference rooms, it was sent to all permanent missions and made available on the Internet. </s>
	  <s n="50"> The results indicated an overall excellent or good rating of just over 86 per cent, a satisfactory rating of about 13 per cent and a poor rating of under 2 per cent. </s>
	  <s n="51"> The Department has been consulting with the Office of Internal Oversight Services on ways to improve its client satisfaction surveys. </s>
	  <s n="52"> A number of improvements have been proposed that will be incorporated in the survey to be used during the sixty-second session of the Assembly. </s>
	</p>
	<p n="26">
	  <s n="53"> In addition to changes in the survey form, the Office of Internal Oversight Services has proposed a number of ways to increase feedback. </s>
	  <s n="54"> It has also suggested that the Department establish a central database to enable it to systematically capture and analyse feedback from committee chairpersons, as well as ad hoc communications from Member States and other clients on the quality of conference services. </s>
	</p>
	<p n="27">
	  <s n="55"> Informational meetings for Member States, which were initiated in 2002 at the request of the General Assembly, are now held twice-yearly, in accordance with Assembly resolution 59/265. </s>
	  <s n="56"> Initially these meetings were organized only at Headquarters, but in recent years they have been organized at other duty stations as well. </s>
	  <s n="57"> The meetings are attended by the chiefs of the different language services, who, in recent years, have been joined by representatives of the Department of Public Information, which is responsible for the United Nations website and the issuance of press releases on meetings. </s>
	</p>
	<p n="28">
	  <s n="58"> The first round of informational meetings for 2007 was held at Headquarters from 23 to 27 April. </s>
	  <s n="59"> A total of 22 Member States participated in the meetings (two of which attended two different meetings). </s>
	  <s n="60"> The second round is planned for late September or early October. </s>
	</p>
	<p n="29">
	  <s n="61"> While some concerns were voiced at the first round of meetings about the quality of interpretation (from and into Arabic, Russian to English and Chinese into English), delegations expressed satisfaction with the quality of language services overall. </s>
	  <s n="62"> Among the suggestions made was that the Department prepare a brief guide outlining the mandates, working methods and outputs of its different units and including contact information for designated focal points for suggestions and complaints, and that each permanent mission should designate a focal point for translation and interpretation issues. </s>
	  <s n="63"> The Department intends to follow up on those suggestions. </s>
	</p>
	<p n="30">
	  <s n="64"> Ever since the first informational meetings were held, in 2002, attendance by Member States has been consistently disappointing. </s>
	  <s n="65"> In spite of various changes that have been introduced in the scheduling of the meetings (time of year, time of day) in the hope of improving attendance, no significant improvement has been observed. </s>
	  <s n="66"> Suggestions from Member States in this regard would be most welcome. </s>
	</p>
	<p n="31">
	  <s n="67"> Meetings management </s>
	</p>
	<p n="32">
	  <s n="68"> Calendar of conferences and meetings </s>
	</p>
	<p n="33">
	  <s n="69"> Requests to meet during the regular session of the General Assembly (exceptions to sect. </s>
	  <s n="70"> I, para. </s>
	  <s n="71"> 7, of General Assembly resolution 40/243) </s>
	</p>
	<p n="34">
	  <s n="72"> In section I, paragraph 7, of its resolution 40/243, the General Assembly decided that no subsidiary organ of the Assembly could meet at United Nations Headquarters during a regular session of the Assembly unless explicitly authorized by the Assembly. </s>
	</p>
	<p n="35">
	  <s n="73"> Every year, a number of requests for exceptions to that rule are received. </s>
	  <s n="74"> In accordance with established practice, the requests are first submitted to the Committee on Conferences, which then makes a recommendation to the Assembly. </s>
	</p>
	<p n="36">
	  <s n="75"> Annex III to the present report contains the requests received to date from subsidiary organs of the General Assembly to meet at Headquarters during the sixty-second session of the Assembly, as well as relevant statistical information on the sixty-first session of the Assembly. </s>
	  <s n="76"> Requests received later will be issued in an addendum. </s>
	</p>
	<p n="37">
	  <s n="77"> Draft calendar of conferences and meetings for 2008-2009 </s>
	</p>
	<p n="38">
	  <s n="78"> The draft calendar of conferences and meetings for 2008-2009 will be issued as an annex to the report of the Committee on Conferences to the General Assembly. </s>
	</p>
	<p n="39">
	  <s n="79"> Improved utilization of conference-servicing resources and facilities </s>
	</p>
	<p n="40">
	  <s n="80"> Meeting statistics of United Nations organs and analysis </s>
	</p>
	<p n="41">
	  <s n="81"> The statistical data on the planned and actual utilization of conference resources allocated to a core sample of bodies that met in New York, Geneva, Vienna and Nairobi in 2006 are contained in annex I. </s>
	  <s n="82"> They also include issuance compliance and availability indices for assessing the timely issuance of pre-session documentation and the week-by-week availability of such documentation. </s>
	</p>
	<p n="42">
	  <s n="83"> Utilization factor. </s>
	  <s n="84"> As shown in the following table, the overall utilization factor for 2006 was 83 per cent, 2 per cent lower than in 2005 and the same as reported in 2004. </s>
	  <s n="85"> A slight decline was noted across all duty stations, with the exception of Nairobi. </s>
	  <s n="86"> It is worth noting that the overall utilization factor remained above the established benchmark of 80 per cent. </s>
	</p>
	<p n="43">
	  <s n="87"> * Related reassignments. </s>
	</p>
	<p n="44">
	  <s n="88"> ** Utilization factor, counting only related reassignments. </s>
	</p>
	<p n="45">
	  <s n="89"> A detailed breakdown by body of the utilization statistics shown above is contained in annex I. </s>
	  <s n="90"> The categories for determining utilization in 2006 are the same as before. </s>
	  <s n="91"> Credit for reassignment(s) in column E was given regardless of whether the body to which the services were reassigned was related to the originally scheduled body or not. </s>
	  <s n="92"> Column (*) shows only reassignments to a related body, and column (**) indicates the utilization factor that would result if only related reassignments were counted. </s>
	  <s n="93"> The time utilized for informal meetings or consultations held before the start, after the adjournment or instead of the officially scheduled meetings, when utilizing the same services and with due notification given to the Secretariat, is not recorded as time lost. </s>
	</p>
	<p n="46">
	  <s n="94"> For purposes of comparison, the following table provides a breakdown of the utilization factor for the bodies in the sample for the period from 2004 to 2006. </s>
	</p>
	<p n="47">
	  <s n="95"> Thus 67 per cent of the bodies in the sample had a utilization factor of 80 per cent or higher in 2006, as compared with 74 per cent in 2005 and 67 per cent in 2004. </s>
	</p>
	<p n="48">
	  <s n="96"> Meeting ratio. </s>
	  <s n="97"> The following is a breakdown of the meeting ratio for the organs represented in the sample from 2004 to 2006. </s>
	</p>
	<p n="49">
	  <s n="98"> Thus in 2006, 90 per cent of the bodies in the sample had a meeting ratio of 80 per cent and above as compared with 87 per cent in 2005 and 2004. </s>
	</p>
	<p n="50">
	  <s n="99"> Planning accuracy factor. </s>
	  <s n="100"> The following is a breakdown of the planning accuracy factor of the bodies in the sample from 2004 to 2006. </s>
	</p>
	<p n="51">
	  <s n="101"> Thus in 2006, 84 per cent of the bodies had a planning accuracy factor of 80 per cent or higher, a 7 per cent improvement over the 2005 and 2004 reporting periods. </s>
	</p>
	<p n="52">
	  <s n="102"> At 83 per cent, the overall utilization factor decreased by 2 percentage points in 2006 as compared with 2005, reverting to the same figure as reported in 2004. </s>
	  <s n="103"> Improvement of the planning accuracy factor in 2006 by 7 per cent compared with 2005, as a result of better coordination between planning officers and technical secretariats, led to fewer cancellations and thus fewer reassignments. </s>
	  <s n="104"> The number of reassignments declined to 59 per cent in 2006 as compared with 74 per cent in 2005 and 67 per cent in 2004. </s>
	  <s n="105"> It should be noted that it was more difficult to match the time slots requested by the ad hoc intergovernmental bodies with those that became available because of the lower number of cancelled meetings. </s>
	  <s n="106"> It is worth noting, however, that reassignments to related bodies increased to 33 per cent in 2006 as compared with 17 per cent in 2005 and 12 per cent in 2004. </s>
	  <s n="107"> Moreover, time lost owing to late starting or early ending went down. </s>
	</p>
	<p n="53">
	  <s n="108"> The Department for General Assembly and Conference Management has created a joint task force with the Statistics Division of the Department of Economic and Social Affairs to examine and analyse the formula used to determine the utilization factor with a view to possibly making recommendations for improvement or revision. </s>
	</p>
	<p n="54">
	  <s n="109"> Consultations with and letters to bodies concerning the utilization of the conference services available to them </s>
	</p>
	<p n="55">
	  <s n="110"> In order to identify measures to improve the utilization of services, in accordance with section II.A, paragraph 3, of General Assembly resolution 61/236, the Chairman of the Committee on Conferences, assisted by conference management and with the participation of the technical secretariat, consulted chairpersons of bodies that consistently utilize their conference-servicing resources below the established benchmark figure. </s>
	  <s n="111"> Consultations also take place between conference management and the technical secretariats of bodies that consistently underutilize services throughout their sessions. </s>
	  <s n="112"> These consultations focus on actual past utilization patterns, the duration or number of meetings and allocated services. </s>
	  <s n="113"> Adjustments in actual servicing, but not in entitlements, are considered and implemented with the consent of the bodies concerned. </s>
	</p>
	<p n="56">
	  <s n="114"> Provision of interpretation services to meetings of regional and other major groupings of Member States </s>
	</p>
	<p n="57">
	  <s n="115"> In section II.A, paragraph 6, of its resolution 60/236 B, the General Assembly recalled that meetings held by regional and other major groupings of Member States had so far been provided with interpretation services on an ad hoc basis, in accordance with established practice. </s>
	  <s n="116"> This means, as stated in paragraph 25 of the previous report of the Secretary-General (A/61/129), that services for those meetings are provided on an “as available” basis from existing resources not used by calendar bodies, mostly as a result of cancellations of interpretation services by those bodies. </s>
	  <s n="117"> In section II.A, paragraph 8, of the same resolution, the Secretary-General was requested to continue to explore innovative ways to address that problem. </s>
	</p>
	<p n="58">
	  <s n="118"> The statistical data in annex II are broken down by regional and other major groupings at all duty stations for 2006. </s>
	  <s n="119"> The general information can be summarized as follows: </s>
	</p>
	<p n="59">
	  <s n="120"> In the previous report of the Secretary-General (A/61/129), two options for increasing the availability of resources to regional and other major groupings were put forward. </s>
	  <s n="121"> One option entailed earmarking specific resources and funds to enhance predictability for servicing those meetings; this option would require General Assembly approval. </s>
	  <s n="122"> The proposed solution was not pursued. </s>
	  <s n="123"> The other option was to piggyback onto a plan whereby the Department in New York would allocate specific services on a weekly basis for meetings of those bodies shown in the calendar with an entitlement to meet “as required”. </s>
	  <s n="124"> This plan was put into effect in New York as from 1 January 2007, and interpretation for approximately three additional meetings per week was added to the weekly programme. </s>
	</p>
	<p n="60">
	  <s n="125"> In 2006, 233 meetings with interpretation were requested by bodies entitled to meet “as required”. </s>
	  <s n="126"> These were ad hoc meetings over and above any sessions of the bodies shown in the calendar of conferences and meetings for which budgetary provision is made. </s>
	  <s n="127"> Also, for the purposes of this exercise, the only Security Council subsidiary bodies included in the total were those that could not be accommodated from within the resources allocated daily for the Council. </s>
	  <s n="128"> Out of the 233 requests for interpretation, 173 were provided, or 74 per cent. </s>
	  <s n="129"> In the period from 1 January to 31 May 2007, those bodies requested 140 meetings, with interpretation being provided for 112 meetings, or 80 per cent. </s>
	  <s n="130"> In order to give a more accurate comparison, in the period from 1 January to 31 May 2006, “as required” bodies asked for 122 meetings, and interpretation was provided for 81 meetings, or 66 per cent. </s>
	  <s n="131"> Therefore, the strategic reserve of up to three additional meetings per week that was put in place resulted in a considerably higher actual number as well as percentage of those meetings receiving services. </s>
	</p>
	<p n="61">
	  <s n="132"> In the reporting period from January to December 2006 compared with 2005, there was again an increase in the number of meetings requested both with and without interpretation across all duty stations, although the increase was not as marked as the increase in 2005 over 2004. </s>
	  <s n="133"> The meetings with interpretation increased by 8 per cent in 2006 over 2005, and the meetings without interpretation increased by 11 per cent. </s>
	  <s n="134"> The percentage of meetings held by regional and other major groupings of Member States that were provided with interpretation in the last reporting period decreased to 77 per cent as compared with 87 per cent in the previous reporting period. </s>
	  <s n="135"> The decrease was due to the rise in requests for meetings in New York and Geneva, and also, in New York, to the increase in meetings of “as required” bodies and an improvement in the utilization of conference services by calendar bodies, which led to fewer cancellations. </s>
	</p>
	<p n="62">
	  <s n="136"> For purposes of the present report, attention is focused on the impact of the above initiative, put in place as at 1 January 2007, on the availability of services for regional and other major groupings. </s>
	  <s n="137"> In the period from 1 January to 31 May 2007, 85 out of 105 requests for meetings with interpretation were granted, or 81 per cent, a percentage slightly higher than that for meetings with interpretation provided to bodies meeting “as required” and one that compares favourably to 73 per cent in the same period in 2006, when 91 out of 124 of the requests for meetings with interpretation were granted, and 75 per cent in the same period in 2005, when 62 out of 83 requests were granted. </s>
	</p>
	<p n="63">
	  <s n="138"> As indicated above, the “piggyback” option does seem to be having a positive effect on the provision of services to regional and other major groupings in New York, but it remains to be seen whether it can be a permanent solution, as this will depend on the volume of meetings requested by “as required” bodies, which has increased steadily over the past two years. </s>
	  <s n="139"> Nevertheless, without a mandate from the General Assembly earmarking specific resources to service meetings of regional and other major groupings, the Department for General Assembly and Conference Management will not find it possible to accommodate their requests by any other means, as it sees no further innovative or cost-free options. </s>
	</p>
	<p n="64">
	  <s n="140"> Improved utilization of conference facilities at the United Nations Office at Nairobi </s>
	</p>
	<p n="65">
	  <s n="141"> In section II.A, paragraph 9, of its resolution 61/236, the General Assembly noted with satisfaction that, in accordance with several of its resolutions, including resolution 60/236 B, all meetings of Nairobi-based United Nations bodies in 2005 had taken place in Nairobi, but reiterated the need for vigilance in this respect. </s>
	</p>
	<p n="66">
	  <s n="142"> The United Nations Office at Nairobi has confirmed that all Nairobi-based bodies strictly adhere to the rule outlined in resolution 57/283 B that all of their meetings should take place in Nairobi, and that all of their meetings in 2006 were held there. </s>
	</p>
	<p n="67">
	  <s n="143"> Conference Centre at the Economic Commission for Africa </s>
	</p>
	<p n="68">
	  <s n="144"> In paragraph 13 of section II.A of its resolution 61/236, the General Assembly requested the Secretary-General to continue to explore means to increase the utilization of the Conference Centre, bearing in mind the headquarters minimum operating security standards. </s>
	</p>
	<p n="69">
	  <s n="145"> The management of the United Nations Conference Centre in Addis Ababa is highly encouraged by the General Assembly&apos;s recognition of the efforts undertaken so far to increase utilization of the conference facilities by implementing new marketing strategies with a view to developing its clientele and operations. </s>
	</p>
	<p n="70">
	  <s n="146"> Promotional activities carried out in 2006-2007 include the following: </s>
	</p>
	<p n="71">
	  <s n="147"> (a) Direct and constant interaction with partners and regular clients, including regional offices of United Nations agencies based in Addis Ababa, to attract more statutory and regional conferences. </s>
	  <s n="148"> This resulted in successfully hosting the World Health Organization, the International Committee of the Red Cross, the International Labour Organization, the African Development Bank and other high-level regional conferences between August 2006 and May 2007; </s>
	</p>
	<p n="72">
	  <s n="149"> (b) Planning activities with the Addis Ababa Tourism Commission, major tour and travel operators, airlines and hotels to optimize the utilization of the Conference Centre by marketing Addis Ababa as a conference destination. </s>
	  <s n="150"> In this respect, the Publications and Conference Management Section seized every opportunity to promote the Conference Centre to international conference and exhibition planners at major conventions. </s>
	  <s n="151"> Promotional activities also include advertisement in specialized magazines, distribution of pamphlets at the Centre and joint publications with partners in the market. </s>
	</p>
	<p n="73">
	  <s n="152"> As a result of these increased promotional activities, the Conference Centre at the Economic Commission for Africa recorded 4,829 meetings in 2006, with a utilization rate of 60.13 per cent (as compared with 42.23 per cent in 2005). </s>
	  <s n="153"> For the first five months of 2007, the number of meetings recorded reached 2,393 and the utilization rate increased to 75 per cent, which is very promising for 2007. </s>
	</p>
	<p n="74">
	  <s n="154"> In accordance with General Assembly resolution 61/236, whereby the Commission was requested to establish and develop linkages with other United Nations conference centres and to identify and emulate best practices, management has actively implemented the cooperation agreement established with the Division of Conference Services at the United Nations Office at Nairobi with respect to sharing interpreters as well as information technology staff. </s>
	  <s n="155"> The Commission has also established similar agreements with the International Criminal Tribunal for Rwanda, the United Nations Office at Geneva and United Nations Headquarters in New York with regard to the use of their interpreters and translators during the Commission&apos;s statutory meetings. </s>
	</p>
	<p n="75">
	  <s n="156"> C. Impact on meetings held at Headquarters during the implementation of the capital master plan, strategy IV (phased approach) </s>
	</p>
	<p n="76">
	  <s n="157"> In its resolution 61/236, the General Assembly requested the Committee to keep the matter of the impact of the capital master plan on meetings under constant review, and asked the Secretary-General to report regularly to the Committee on matters pertaining to the calendar of conferences and meetings of the United Nations during the construction period. </s>
	</p>
	<p n="77">
	  <s n="158"> Since the release of the fourth annual progress report on the implementation of the capital master plan (A/61/549), there has been no major change in the overall plan. </s>
	  <s n="159"> However, the appointment of a construction manager in 2007 will undoubtedly result in adjustments to and refinements of the original construction schedule, and there is a possibility that the implementation of the plan may start slightly later than originally scheduled. </s>
	  <s n="160"> Whether the sixty-third session of the General Assembly will be held in the temporary conference building on the North Lawn or in the existing Conference Building has yet to be determined. </s>
	</p>
	<p n="78">
	  <s n="161"> During the second phase of the capital master plan, when Conference Rooms 1, 2 and 3 in the first basement are under renovation, the work of the Security Council, when it needs to meet late into the night or on weekends, may be affected, as only the period from Monday to Friday, 10 a.m. to 6 p.m., will be noise-free. </s>
	  <s n="162"> There will also be security and safety concerns if the Council, whose chamber and consultation room are located on the second floor, meets while construction is taking place directly underneath. </s>
	  <s n="163"> The relevant part of the capital master plan will need to be looked at further to identify a solution with a view to ensuring both the Council&apos;s ability to conduct its business outside of regular hours and smooth and undisrupted construction during the second phase. </s>
	  <s n="164"> Where to relocate the Security Council chamber and the consultation room during that phase may have to be reconsidered. </s>
	</p>
	<p n="79">
	  <s n="165"> Document management </s>
	</p>
	<p n="80">
	  <s n="166"> Submission, processing and issuance of documents </s>
	</p>
	<p n="81">
	  <s n="167"> In its resolution 61/236, the General Assembly noted with concern the continued high level of late submission of documentation by author departments, which, in turn, had a negative impact on the functioning of intergovernmental bodies, and requested the Secretary-General to report to it at its sixty-second session, through the Committee on Conferences, on impediments, if any, to achieving full compliance with the 10-week and 6-week rules for the issuance of pre-session documents, including, where appropriate, proposed measures to address the situation. </s>
	  <s n="168"> It should be noted that slotted documentation comprises approximately 60 per cent of the total documentation workload of the Department. </s>
	  <s n="169"> The remaining 40 per cent includes, inter alia, in-session documentation, mainly resolutions and decisions, communications from Member States and unforeseen reports, the bulk of which are unpredictable and often require urgent processing. </s>
	  <s n="170"> This means that basically all the documentation that can be slotted is currently being slotted. </s>
	</p>
	<p n="82">
	  <s n="171"> However, the overall level of timely submission has hovered around 70 per cent for the following reasons: </s>
	</p>
	<p n="83">
	  <s n="172"> (a) Late slotting; </s>
	</p>
	<p n="84">
	  <s n="173"> (b) Late submission; </s>
	</p>
	<p n="85">
	  <s n="174"> (c) Changes in the programmes of work of intergovernmental bodies; </s>
	</p>
	<p n="86">
	  <s n="175"> (d) Inadequate time frame. </s>
	</p>
	<p n="87">
	  <s n="176"> Submission dates later than the established benchmarks are likely to result in the late issuance of documents. </s>
	  <s n="177"> For the second half of 2007, the percentage of late slotting requests by author departments is around 10 per cent. </s>
	</p>
	<p n="88">
	  <s n="178"> All author departments were requested to limit the exceptions (to the 10- or 8-week time frame) to truly force majeure cases. </s>
	  <s n="179"> In that spirit, the heads of author departments have provided written justifications for all their late slotting requests if the mandated submission deadlines cannot be adhered to for force majeure reasons. </s>
	  <s n="180"> Compared with the previous practice of making such requests at the working level, this move is designed to make senior management aware of the extent and implications of their late slotting requests. </s>
	</p>
	<p n="89">
	  <s n="181"> All documents that are foreseen to be submitted late have been drawn to the attention of the presiding officers of intergovernmental bodies, who are expected to examine the reasons and decide whether they are justified and to provide feedback if they do not find such justifications acceptable so that the Department can take action accordingly. </s>
	</p>
	<p n="90">
	  <s n="182"> The Department has also communicated the entire submission schedule to the presiding officers of the intergovernmental bodies concerned so that they are aware of the availability of documents when preparing and finalizing their programmes of work. </s>
	</p>
	<p n="91">
	  <s n="183"> Submission later than the slotted dates is disruptive to processing and capacity planning; it is also the primary cause of the late issuance of documents. </s>
	  <s n="184"> Late submission can also have financial implications, particularly in cases where rush processing is required. </s>
	</p>
	<p n="92">
	  <s n="185"> There are three main reasons for late submission. </s>
	  <s n="186"> First, there is lack of proper planning and timing of the document preparation process. </s>
	  <s n="187"> Report preparation is a time-consuming process involving multiple parties and stages. </s>
	  <s n="188"> Therefore, proper planning and timing of the process is vital to ensuring that reports are prepared, cleared and submitted for processing in a timely manner. </s>
	  <s n="189"> This is particularly true for reports requiring extra stages that prolong the document preparation process, such as the requirement for inputs from other offices and/or sources into the reports. </s>
	  <s n="190"> Author departments should carefully work out an internal document preparation timeline and clearance procedure and meticulously observe the internal deadlines so that documents can be submitted to the Department for General Assembly and Conference Management in a timely manner. </s>
	  <s n="191"> In order to help authors, the Department has put together a model timeline drawing on best practices and has provided it to all author departments and offices. </s>
	  <s n="192"> It also sends periodic reminders to author departments. </s>
	</p>
	<p n="93">
	  <s n="193"> Second, there are documents beyond the control of author departments. </s>
	  <s n="194"> In view of some chronic late submissions, the Department has conducted an analysis and found that 8 per cent of the documents slotted for the second half of 2007 were to some extent beyond the control of the Secretariat, as they were mostly submissions from Member States. </s>
	  <s n="195"> On top of that, another 7 per cent of documents are to some extent beyond the control of author departments, most of them being reports of the Secretary-General that are compilations of inputs from Member States. </s>
	  <s n="196"> Accordingly, the Department has made some adjustments in the slotting system in consultation with author departments. </s>
	  <s n="197"> For the reports of special rapporteurs of the International Law Commission, for example, the Commission has been asked if it would formally endorse a reasonably shorter time frame for the submission and issuance of its documents so that the reports of special rapporteurs could be slotted against the new benchmark. </s>
	  <s n="198"> In that new time frame, the Department would still have four weeks for processing, but the dates for the submission and issuance of documents could be closer to the dates of consideration. </s>
	</p>
	<p n="94">
	  <s n="199"> Third, in the case of some intergovernmental bodies, the finalization of Secretariat reports is sometimes preceded by several rounds of informal consultations among Member States, a fact that affects report issuance and is beyond the control of the Secretariat. </s>
	</p>
	<p n="95">
	  <s n="200"> The document slotting schedule is based on the programmes of work of intergovernmental bodies, so changes in the latter have a direct impact on the former. </s>
	  <s n="201"> Since the slotting schedules are prepared long before the programmes of work are finalized, and given the dynamic nature of the intergovernmental process, some adjustments in the slotting schedules are inevitable. </s>
	  <s n="202"> Consequently, the Department has provided the slotting schedules to the presiding officers of intergovernmental bodies for reference in preparing their programmes of work. </s>
	  <s n="203"> It has also asked intergovernmental bodies to inform it in a timely manner of any changes in their programmes of work that might affect document submission dates so that the Department can make the proper adjustments in the submission schedule and issue documents in time for their consideration by intergovernmental bodies. </s>
	</p>
	<p n="96">
	  <s n="204"> Documents often are mandated by the General Assembly for consideration shortly after the mandate is adopted, leaving inadequate time for author departments to prepare and submit the reports 10 or 8 weeks before the relevant meeting. </s>
	</p>
	<p n="97">
	  <s n="205"> The senior management of the Department for General Assembly and Conference Management has been closely involved in document management. </s>
	  <s n="206"> The Under-Secretary-General communicates regularly with department heads and presiding officers on the status of pre-session documentation in order to give a full and transparent overview to Member States and to the Secretariat officials involved in providing substantive support to the intergovernmental bodies. </s>
	  <s n="207"> The Assistant Secretary-General holds high-level bilateral meetings with individual author departments as necessary. </s>
	  <s n="208"> Most recently, bilateral meetings were held with the Office for Disarmament Affairs, the United Nations Development Programme (UNDP), the United Nations Children&apos;s Fund (UNICEF) and the Office of the United Nations High Commissioner for Human Rights to deal with long-standing problems or newly emerging concerns. </s>
	</p>
	<p n="98">
	  <s n="209"> At the working level, the Department sends weekly reminders to focal points in all author departments that have documents pending to apprise them of upcoming deadlines or inform them that they have missed the submission deadline and that their documents will therefore be issued late. </s>
	  <s n="210"> The Department absorbs delays in submission and issues even documents submitted late well in advance of the date on which their consideration is scheduled, thus reducing pressure on the author departments to meet the submission deadlines. </s>
	  <s n="211"> The unavoidable consequence of “rush processing” is a delay in the timely processing of other documents, including those submitted in accordance with the slotted dates. </s>
	</p>
	<p n="99">
	  <s n="212"> In response to the request of the General Assembly to identify the negative impact of the late submission of documentation on the functioning of intergovernmental bodies, the Department has been actively seeking feedback from such bodies. </s>
	  <s n="213"> From July 2006 to June 2007, document service reports were transmitted by the Under-Secretary-General to the presiding officers of most of the intergovernmental bodies that met during the period to solicit their evaluation of the documentation services provided and seek their views on how they could be improved. </s>
	  <s n="214"> A total of 44 document service reports were sent out, and 18 responses have been received. </s>
	</p>
	<p n="100">
	  <s n="215"> Judging from the feedback received, no significant negative impact is apparent. </s>
	  <s n="216"> Most of the intergovernmental bodies expressed satisfaction with documentation services, noting that the timely issuance of documentation was critical to facilitate thorough preparation by delegations for the consideration of items and the smooth functioning and success of intergovernmental bodies. </s>
	  <s n="217"> Some intergovernmental bodies pointed out that the late issuance of documentation was due solely to its delayed submission and that some late submissions could be avoided by submitting reports in advance or by avoiding lengthy reports. </s>
	  <s n="218"> It was recommended that a follow-up mechanism be set up in order to avoid late submissions. </s>
	  <s n="219"> In order to reduce late issuance in the future, the Secretariat was urged to take stronger and more effective managerial action to ensure more timely preparation and submission of documentation. </s>
	</p>
	<p n="101">
	  <s n="220"> The Assembly has urged compliance with relevant guidelines on page limits. </s>
	  <s n="221"> In keeping with past practice, all agreements reached on the length of individual documents are confirmed in the form of memorandums from the Under-Secretary-General for General Assembly and Conference Management to the heads of author departments and offices. </s>
	  <s n="222"> Through such proactive advance waiver management, a total of 59,196 words (112 single-spaced pages) were negotiated down from the level requested by author departments and offices for the second half of 2007. </s>
	</p>
	<p n="102">
	  <s n="223"> The Department continues to draw the attention of the secretariats servicing intergovernmental bodies to the drafting guidelines for reports not originating in the Secretariat (A/58/CRP.7). </s>
	  <s n="224"> Endorsement by the General Assembly of those guidelines would help the Department to enforce them. </s>
	</p>
	<p n="103">
	  <s n="225"> One other difficulty in enforcing the page limits has to do with those cases where submissions from Member States as input into the reports of the Secretary-General are lengthy. </s>
	  <s n="226"> Some author departments send out questionnaires that make no mention of the need for brevity and are reluctant to summarize submissions of Member States, as recommended by the General Assembly in section D, paragraph 5 of its resolution 41/177. </s>
	  <s n="227"> This has sometimes resulted in extremely lengthy documents with serious financial implications and adverse impact on timely processing and issuance. </s>
	</p>
	<p n="104">
	  <s n="228"> The General Assembly welcomed the new accountability mechanism set up in the Secretariat for the submission, processing and issuance of documentation and requested the Secretary-General to report thereon to the Committee on Conferences for its further consideration and analysis in order to provide concrete recommendations to it at its sixty-second session. </s>
	</p>
	<p n="105">
	  <s n="229"> As part of the accountability system demanded by the General Assembly for document management, the Secretary-General has, in his compact with all heads of departments and offices since 2006, set a target of 90 per cent for the timely submission of documents and has included this indicator as part of the evaluation of their overall performance. </s>
	  <s n="230"> The Department has been monitoring and evaluating all author departments&apos; compliance with submission deadlines and submits annual reports on their performance to the Secretary-General and the relevant intergovernmental bodies in which it provides an overview of document management as well as department-specific information on document submission. </s>
	</p>
	<p n="106">
	  <s n="231"> Within the Department for General Assembly and Conference Management, the Departmental Management Group, chaired by the Under-Secretary-General, reviews the bimonthly document management report, discusses underperformance in terms of submission, processing and issuance, decides on remedial measures to be taken and provides policy guidance. </s>
	</p>
	<p n="107">
	  <s n="232"> As mandated by the General Assembly, the interdepartmental task force meeting, chaired by the Assistant Secretary-General, was held on 6 March. </s>
	  <s n="233"> It was attended by 88 participants from most of the Secretariat entities based in New York. </s>
	  <s n="234"> A number of author departments (UNICEF, the Department of Public Information and the Department of Economic and Social Affairs) talked about their experience in enhancing submission compliance, dealing with documents not entirely within the control of the author departments (Department of Economic and Social Affairs) and enforcing waiver management (UNDP) and their success stories. </s>
	</p>
	<p n="108">
	  <s n="235"> To institutionalize the accountability mechanism, the Department has defined, with the help of management consultants from the Department of Management, a core cluster of monitoring, evaluation, and risk-assessment functions to facilitate management and reporting. </s>
	  <s n="236"> A separate unit will be established if approved by the Assembly in the context of the proposed programme budget for the biennium 2008-2009. </s>
	</p>
	<p n="109">
	  <s n="237"> Capacity planning is a complex exercise, in particular because of the uncertainty surrounding the length and timeliness of submissions. </s>
	  <s n="238"> Over time, the methodology for capacity planning has had to be adjusted to improve workload forecasting. </s>
	  <s n="239"> In 2006, historical patterns were used as the primary basis for forecasting incoming workload. </s>
	  <s n="240"> Starting from 2007, the Department has fine-tuned the methodology by combining such historical figures with information generated by the slotting system. </s>
	  <s n="241"> The result is a building block approach that forecasts the core workload, namely, the volume of slotted pre-session documents and in-session documents that will be submitted every week in the following three months. </s>
	  <s n="242"> All translation services then build up their capacity to handle that workload. </s>
	  <s n="243"> Translation services have also been provided with interactive information on individual documents, such as their topics and length, to help ensure that the capacity they put in place is not just adequate but rather is better suited to the incoming jobs. </s>
	</p>
	<p n="110">
	  <s n="244"> It should be pointed out, however, that while the total number of pages submitted for translation per year is reasonably stable, making it possible to have a relatively accurate idea of the global range of pages the documentation services will have to absorb, it is not possible to state with an equal degree of certainty what the exact volume will be at any given point in time. </s>
	</p>
	<p n="111">
	  <s n="245"> The General Assembly may wish to: </s>
	</p>
	<p n="112">
	  <s n="246"> (a) Urge intergovernmental bodies to respond to document service reports as a way of identifying problems they have with documentation services and making suggestions for improvement so that the Secretariat can take more targeted action to improve its services in the future; </s>
	</p>
	<p n="113">
	  <s n="247"> (b) Endorse the following drafting guidelines for reports that are not totally within the purview of the Secretariat: reports, including those of intergovernmental/expert bodies: </s>
	</p>
	<p n="114">
	  <s n="248"> (i) Should be action-oriented and limited to new developments and recommendations, primarily resolutions and decisions adopted; </s>
	</p>
	<p n="115">
	  <s n="249"> (ii) Should avoid summarizing statements under each item, unless they are pertinent to the conclusions reached; </s>
	</p>
	<p n="116">
	  <s n="250"> (iii) Should also avoid reproducing in full information received from Member States unless the Secretary-General is explicitly requested to do so; </s>
	</p>
	<p n="117">
	  <s n="251"> (c) Affirm that when a document is prepared on the basis of Governments&apos; replies to a questionnaire or of submissions by the agencies and programmes of the United Nations system, such replies and submissions should not be reproduced in full in the body of the document or in an annex to it. </s>
	  <s n="252"> Should the body concerned wish to see the texts of such replies and submissions, the Secretariat should make them available only in the original language and in an appropriate form; </s>
	</p>
	<p n="118">
	  <s n="253"> (d) Reiterate its request that the Secretary-General bring to the attention of intergovernmental bodies, at the time when decisions are being adopted, any request for documentation that exceeds the ability of the Secretariat to produce such material on time within its approved resources and to give due explanations (resolution 33/56); </s>
	</p>
	<p n="119">
	  <s n="254"> (e) Request Member States and intergovernmental bodies to submit their inputs to reports of the Secretary-General in a timely manner and make efforts to keep them succinct. </s>
	</p>
	<p n="120">
	  <s n="255"> B. Author-assistance projects </s>
	</p>
	<p n="121">
	  <s n="256"> Prototype editorial toolbar </s>
	</p>
	<p n="122">
	  <s n="257"> A specialized Microsoft Word template for United Nations authors has been designed by the Editorial Control Section, with the support of the Information Management and Technology Unit. </s>
	  <s n="258"> By using this innovative toolbar embedded within the document file of their drafts, authors will benefit from improved access to editorial and reference sources including UNTERM, ODS and the United Nations Editorial Manual Online, thereby enhancing the quality of their documents submitted to the Department for official processing. </s>
	  <s n="259"> The toolbar is being tested by 50 authors over a three-month period and is expected to be launched Secretariat-wide by the end of 2007. </s>
	</p>
	<p n="123">
	  <s n="260"> Online report-writing course for United Nations authors </s>
	</p>
	<p n="124">
	  <s n="261"> The Editorial Control Section is finalizing an online report-writing course prepared by the United Nations Office at Vienna. </s>
	  <s n="262"> The course is already available to Vienna authors and will be posted on the website of the Manual Online in September 2007. </s>
	  <s n="263"> It builds on language-teaching material developed by the Learning Section of the Office of Human Resources Management, with a particular focus on the editorial aspects of drafting United Nations documents. </s>
	</p>
	<p n="125">
	  <s n="264"> C. Publishing </s>
	</p>
	<p n="126">
	  <s n="265"> The Publishing Section of the Department prints and distributes all of the official records of meetings and conferences and handles an increasing percentage of the printing and distribution of publications for clients at Headquarters and worldwide. </s>
	</p>
	<p n="127">
	  <s n="266"> The Section has committed itself to providing timely, cost-effective services. </s>
	  <s n="267"> It has done so by acquiring and applying systems and processes (portable document format (PDF) workflow, computer-to-plate processing, digital printing/printing on demand, computer-assisted colour offset, industry-leading production management software, innovative packing/distribution technologies and software) that match those employed at flourishing printing industry plants. </s>
	  <s n="268"> The Section, which monitors its output in total page impressions, continuously seeks out technologies and process enhancements to refine and improve its service to clients. </s>
	</p>
	<p n="128">
	  <s n="269"> With the assistance of the Management Consulting Section of the Office of Internal Oversight Services, the Publishing Section is carrying out a project aimed at enhancing its services, making clients more aware of the advantages of existing in-house printing and distribution services, thus increasing the number of pages processed and reducing unit costs. </s>
	</p>
	<p n="129">
	  <s n="270"> The Department has also established a publishing working group composed of focal points from the publishing (printing and distribution) areas of each of the four duty stations. </s>
	  <s n="271"> The purpose of the working group is to share information and best practices and to investigate the possibilities for technology and capacity-sharing among the operations. </s>
	  <s n="272"> The group will carry out its work through a series of e-mail and videoconferencing exchanges and engage in projects that will test ideas about efficient and effective methods for printing, distributing, reporting on and promoting the services of the publishing operations in order to enhance those services for clients Organization-wide. </s>
	</p>
	<p n="130">
	  <s n="273"> Translation- and interpretation-related matters </s>
	</p>
	<p n="131">
	  <s n="274"> Performance measurement and management </s>
	</p>
	<p n="132">
	  <s n="275"> A new approach emphasizing more meaningful indicators of achievement and measures of full-system performance has been developed to supplement the individual workload standards that have traditionally been applied in the Department for General Assembly and Conference Management to limited categories of staff. </s>
	  <s n="276"> Since one of the key concepts of the ongoing reform of the Department has been to manage its various processes from a full-system perspective and given the limitations of quantitative individual workload standards as measures of full-system efficiencies, there was clearly a need to supplement those standards — which continue to be useful for internal capacity planning and monitoring purposes — with more meaningful, broader, higher-level measures of performance such as user satisfaction, timeliness of delivery and quality of services, and overall cost per unit of output. </s>
	  <s n="277"> Such a methodology is in line with the “balanced scorecard” approach to performance measurement that is widely used in the private sector and, increasingly, in public sector institutions (the International Monetary Fund, for example) as well. </s>
	</p>
	<p n="133">
	  <s n="278"> At the sixty-first session of the General Assembly, the Department presented an oral proposal for an array of indicators, both quantitative and qualitative, under the headings of timeliness, quality, financial performance and organizational learning and growth in response to the Assembly&apos;s call for a comprehensive methodology for performance measurement from a full-system perspective. </s>
	  <s n="279"> The Assembly, in section V, paragraph 7, of its resolution 61/236, noted the proposal and requested the Secretary-General to begin reporting on the specific indicators proposed, starting at its sixty-second session. </s>
	  <s n="280"> In response to that request, the Department will submit a report with the new indicators for Headquarters to the Committee on Conferences at its September 2007 meeting. </s>
	  <s n="281"> Starting in 2008, indicators will be provided for all four duty stations. </s>
	  <s n="282"> The array of indicators to be reported to the General Assembly will also be made available to all staff of the Department in the interests of transparency and of increasing awareness of the importance of excellent performance and client orientation. </s>
	</p>
	<p n="134">
	  <s n="283"> The proposed performance measurement matrix follows: </s>
	</p>
	<p n="135">
	  <s n="284"> B. Self-revision </s>
	</p>
	<p n="136">
	  <s n="285"> It bears repeating that there is no absolute appropriate level of self-revision. </s>
	  <s n="286"> Self-revision rates depend on a combination of factors that are likely to change over time, from language to language and from duty station to duty station. </s>
	  <s n="287"> One clear advantage of self-revision is that it makes it possible to process unexpected urgent documents more expeditiously so that they can be issued in time for scheduled dates of consideration. </s>
	  <s n="288"> This has become even more crucial in the current situation, where a large number of staff are expected to retire in the next five years. </s>
	  <s n="289"> However, even with strict coordination measures in place — something not always possible because of the urgency of a document — it is generally recognized that there is usually a trade-off between expediency and quality. </s>
	</p>
	<p n="137">
	  <s n="290"> The self-revision rate at Headquarters for the six translation services in 2006 was 47.6 per cent, very close to the 45 per cent benchmark, a figure based on the actual ratio of translators to revisers in the early 1980s. </s>
	  <s n="291"> The large number of retirements in recent years, a trend that is expected to continue into the future, and the corresponding influx of new recruits have significantly altered the demographic structure and experience level of most of the translation services. </s>
	  <s n="292"> The work of the new recruits and relatively inexperienced translators must, of necessity, be revised, which dictates that a larger proportion of the translation workload will have to be revised, thereby curbing the self-revision rate. </s>
	</p>
	<p n="138">
	  <s n="293"> The altered demographics of the translation services is expected to have an impact on translation productivity in the coming years, necessitating increased use of temporary assistance in order to enable the translation services to provide for sustained monitoring and supervision of trainees while maintaining required output levels within the applicable deadlines for issuance of documents. </s>
	  <s n="294"> On the other hand, more vigorous proactive document management may help to reduce the number of instances when it is necessary to resort to self-revision in order to meet deadlines. </s>
	</p>
	<p n="139">
	  <s n="295"> C. Contractual translation and quality control </s>
	</p>
	<p n="140">
	  <s n="296"> All duty stations have plans to expand in varying degrees the use of contractual translation, whenever feasible and appropriate, that is, after making sure that in-house capacity is fully utilized, as a means of keeping down translation costs and ensuring adequate capacity to handle the translation workload at all times of the year. </s>
	  <s n="297"> As part of this strategy for guaranteeing a standing capacity that can be called upon in case of need, institutional contractors (translation agencies) are being used for the first time for French and Spanish, following bidding exercises conducted by the Procurement Service. </s>
	  <s n="298"> (A bidding exercise for contractual translation into English did not yield any company that met the requisite quality standards; a bidding exercise for Arabic is in the planning stages. </s>
	</p>
	<p n="141">
	  <s n="299"> However, in the pursuit of cost-effectiveness — which is one of the four central objectives of the Department&apos;s reform programme, the Department does not lose sight of the other three objectives — quality, timeliness and efficiency. </s>
	  <s n="300"> Of these, the most important is the need to ensure the highest quality of translations. </s>
	  <s n="301"> In this connection, internal capacity to ensure appropriate quality control of external translations has been inadequate at all duty stations, a fact that has been recognized by the General Assembly in section V, paragraph 10, of its resolution 61/236, in which it requested the Secretary-General to provide at all duty stations staff in adequate numbers and at the appropriate grade level to cover this need. </s>
	</p>
	<p n="142">
	  <s n="302"> Quality control is a function of Senior Revisers at the P-5 level, but at some duty stations, such as Vienna, there are no such posts in the translation sections. </s>
	  <s n="303"> This anomaly, which results from the inequality in grades between Vienna on the one hand and New York and Geneva on the other should be addressed in future programme budgets. </s>
	</p>
	<p n="143">
	  <s n="304"> Succession plans for language staff </s>
	</p>
	<p n="144">
	  <s n="305"> Competitive examinations </s>
	</p>
	<p n="145">
	  <s n="306"> A detailed succession planning exercise covering the period from 2007 to 2011 was carried out by the Department in 2006 and the results were shared with the Office of Human Resources Management with the aim of scheduling competitive examinations in time to provide adequate rosters to fill projected vacancies in the language services. </s>
	  <s n="307"> In order to be able to cope better with the large number of projected retirements, particularly where acute shortages of particular language combinations existed, the dates of some competitive examinations had to be advanced (Arabic interpreters from October to April 2007, English interpreters from the end of 2007 to April 2007). </s>
	  <s n="308"> The results of these examinations were not available at the time of writing. </s>
	</p>
	<p n="146">
	  <s n="309"> In addition, in response to unexpected developments, such as the exhaustion of rosters sooner than anticipated (owing, in some cases, to the refusal of successful candidates to accept offers of appointment), additional examinations were requested. </s>
	  <s n="310"> Thus, an examination for Arabic translators was needed in 2007, despite the fact that such an examination in May 2005 had yielded 22 successful candidates. </s>
	  <s n="311"> A French translators&apos; examination for 2007 was already in the planning stages when the French Verbatim Section was unexpectedly confronted with an acute shortage of potential recruits. </s>
	  <s n="312"> When the Office of Human Resources Management advised the Department that it did not have the resources or capacity to conduct two separate examinations for French translators and French verbatim reporters in the same year, a single examination format for French-language translators/précis-writers and verbatim reporters became necessary as an exceptional measure, and the examination was held in July 2007. </s>
	  <s n="313"> Other examinations scheduled to be held in 2007 are as follows: </s>
	</p>
	<p n="147">
	  <s n="314"> In its efforts to fill vacancies in the language services, the Department is utterly dependent on the ability of the Office of Human Resources Management to organize the competitive examinations needed and handle the related recruitment workload. </s>
	  <s n="315"> The Department has worked with the Office on those issues in the hope of finding a solution in the context of the proposed programme budget for the biennium 2008-2009. </s>
	  <s n="316"> The Office of Human Resources Management has indicated that in the next biennium it will continue to ensure the prompt organization and scheduling of language examinations as needed. </s>
	  <s n="317"> It will seek economies of scale by scheduling all examinations for the same language at the same time and by charging to common staff costs, as agreed by the Controller, the projected additional expenditures resulting from the increased number of language examinations. </s>
	  <s n="318"> Preliminary planning of examinations for 2008 indicates that the Office of Human Resources Management will be able to meet the Department&apos;s needs with regard to the number of examinations to be held, but not with regard to the optimal timing of those examinations in the light of the Department&apos;s own operational constraints and requirements. </s>
	  <s n="319"> Moreover, 2009 promises to be a particularly heavy year, with eight examinations anticipated and a considerable spillover of work into 2009 from examinations conducted in the last quarter of 2008. </s>
	  <s n="320"> The scheduling of all examinations for a given language at the same time may hold the promise of economies of scale, but those economies may prove to be illusory if the timing for specific occupational groups is not precisely right (either premature or too late), since rosters tend to go stale if offers of appointment are not forthcoming soon after the establishment of the roster, while examinations held too late result in prolonged vacancies in the units concerned. </s>
	  <s n="321"> The Department remains convinced of the importance of scheduling examinations strategically in the light of anticipated real needs. </s>
	</p>
	<p n="148">
	  <s n="322"> Outreach efforts </s>
	</p>
	<p n="149">
	  <s n="323"> A common platform for outreach to universities in the area of training of language staff has recently been developed for the United Nations, spelling out the objectives of cooperation between the Organization and established translator and interpreter training institutions and specifying both the general features that should be incorporated into curricula in order to ensure that graduates are well prepared to work as language specialists in the United Nations and other international organizations and the forms that United Nations assistance to such training institutions might take. </s>
	</p>
	<p n="150">
	  <s n="324"> The platform for action received the endorsement of the membership of the International Annual Meeting on Language Arrangements, Documentation and Publications in June and will now serve as the basis for a common approach on the part of all members. </s>
	  <s n="325"> On the basis of the common platform, the Department has initiated preliminary contacts with a number of institutions and intends to expand and broaden those contacts in the near future. </s>
	  <s n="326"> In addition, a departmental steering group for the university outreach project is currently investigating ways of leveraging existing resources (both human and financial) to expand training opportunities for candidates who, while having failed to pass a competitive examination, are nonetheless deemed to have promise. </s>
	  <s n="327"> It is hoped that such training programmes will yield additional good candidates for recruitment to language posts. </s>
	</p>
	<p n="151">
	  <s n="328"> Training needs </s>
	</p>
	<p n="152">
	  <s n="329"> Staff of the Department take full advantage of the training programme that is centrally administered by the Office of Human Resources Management, including the external studies programme. </s>
	  <s n="330"> However, given the paucity of dedicated training funds, the Department is forced to rely on various low-cost internal training options, taking advantage of the expertise of its own staff for targeted peer training and coaching. </s>
	  <s n="331"> For example, information technology focal points in individual units are very active in providing informal training to colleagues to increase their proficiency in the use of standard applications. </s>
	  <s n="332"> In April 2007 the Department hosted for the first time a joint training venture organized under the auspices of the International Annual Meeting on Language Arrangements, Documentation and Publications. </s>
	  <s n="333"> The two-day programme focused on the management of quality in translation and was well received by participants. </s>
	  <s n="334"> Such joint training ventures are conducted by staff from organizations participating in the Meeting who have specific expertise in the subject covered and cost a fraction of what commercial training companies would charge on the open market for comparable training. </s>
	  <s n="335"> In addition, staff exchanges between the four duty stations, as well as with the regional commissions and other international organizations, have been actively pursued not only because of their usefulness as a tool for regulating capacity, but also because they afford invaluable learning and professional development opportunities for the staff who take part in them. </s>
	  <s n="336"> However, there is a dire need for institutional training for language staff, especially new recruits, to enable them to master United Nations terminology and to advance career development with a view to filling the lacuna that will result from increasing retirements. </s>
	  <s n="337"> Institutional training naturally requires appropriate financing and qualified training staff. </s>
	</p>
	<p n="153">
	  <s n="338"> E. Impact of freelance recruitment on quality of interpretation at all duty stations </s>
	</p>
	<p n="154">
	  <s n="339"> In its resolution 61/236, the General Assembly noted with concern the high reliance on freelance interpretation at the United Nations Office at Vienna and requested the Secretary-General to report on any inconsistency in quality of interpretation services there and at other duty stations, as well as on measures to address this issue, if needed. </s>
	</p>
	<p n="155">
	  <s n="340"> To better manage the Organization&apos;s resources, the levels of the staffing tables in the language services are kept below those required during peak periods. </s>
	  <s n="341"> Permanent staff services are supplemented as necessary with those of freelancers. </s>
	  <s n="342"> Concerns about the quality of freelance staff have been expressed in the past, in particular at the smaller duty stations where, because only one team of interpreters is available, the ratio of freelancers to permanent staff is higher than at the larger duty stations. </s>
	  <s n="343"> In addition, recruitment has proved difficult and there have been complaints about the quality of freelance services. </s>
	  <s n="344"> To attend to that situation, the 2008-2009 budget proposal contains a request for additional P-5 posts for interpreters at the United Nations Office at Vienna. </s>
	</p>
	<p n="156">
	  <s n="345"> Concluding observations </s>
	</p>
	<p n="157">
	  <s n="346"> The Department for General Assembly and Conference Management remains fully committed to the Organization&apos;s reform initiatives and intends to continue to improve management of the resources made available to it by Member States. </s>
	  <s n="347"> Nonetheless, there are external factors beyond the Department&apos;s control that can and frequently do have considerable impact on the efficient utilization of its resources. </s>
	</p>
	<p n="158">
	  <s n="348"> Among these factors is the continuing impact of the demographic transition due to the retirement of language staff, which makes all the more important a vigorous training programme to assimilate new recruits and bring them up to speed quickly. </s>
	  <s n="349"> It is equally important to upgrade the skills of serving staff so that they can achieve even higher levels of productivity, thereby offsetting the loss of capacity resulting from the need to devote more staff time to the training, mentoring and supervision of new recruits. </s>
	  <s n="350"> Training is also crucial in the context of increasing the pool of qualified linguists from which the Department can draw in replenishing its ranks. </s>
	  <s n="351"> In this connection, outreach to universities, training institutions and professional associations is a crucial component of the Department&apos;s strategy. </s>
	  <s n="352"> The capacity of the Office of Human Resources Management to organize and conduct competitive language examinations and to handle the related recruitment workload at a time of substantial staff turnover is also a key factor. </s>
	  <s n="353"> Success in all these endeavours depends on the availability of adequate resources. </s>
	</p>
	<p n="159">
	  <s n="354"> Another imponderable is the impact of the implementation of the capital master plan on the Department&apos;s operations, which will most likely be carried out from four different locations at Headquarters. </s>
	  <s n="355"> This situation dictates that the Department&apos;s information and communications infrastructure be up to the task of ensuring close coordination and seamless interaction between units at different locations. </s>
	  <s n="356"> The upgrading of hardware and the development of a reliable information technology backbone for remote access to central databases and information systems may place a strain on information and communications technology resources. </s>
	</p>
	<p n="160">
	  <s n="357"> While it is highly unlikely that the intergovernmental processes requiring the provision of services for their smooth functioning can be made fully predictable and therefore amenable to an optimal utilization of resources, there is still a considerable amount of work that can be done to continue to improve the Department&apos;s operations. </s>
	  <s n="358"> In some cases, the measures proposed by the Department go back several years and would greatly benefit from Member States&apos; explicit endorsement. </s>
	  <s n="359"> In others, the Department, in close cooperation with fellow departments, is testing innovative approaches which, if successful, could bring further efficiency to its operations. </s>
	</p>
	<p n="161">
	  <s n="360"> Annex I </s>
	</p>
	<p n="162">
	  <s n="361"> Meeting statistics of a core sample of United Nations bodies </s>
	</p>
	<p n="163">
	  <s n="362"> A Number of meetings programmed by a given organ at a scheduled session </s>
	</p>
	<p n="164">
	  <s n="363"> B Number of additional meetings held during the session </s>
	</p>
	<p n="165">
	  <s n="364"> C Number of meetings cancelled during the session </s>
	</p>
	<p n="166">
	  <s n="365"> D Number of meetings actually held </s>
	</p>
	<p n="167">
	  <s n="366"> E Total number of reassignments </s>
	</p>
	<p n="168">
	  <s n="367"> F Amount of time lost owing to late starting/early ending (hours and minutes rounded to the nearest five minutes, e.g. 5.25 = 5 hours and 25 minutes) </s>
	</p>
	<p n="169">
	  <s n="368"> MR Meeting ratio, calculated as meetings held as a percentage of meetings available to a given body (D as a percentage of A) </s>
	</p>
	<p n="170">
	  <s n="369"> PAF Planning accuracy factor, calculated as meetings planned, minus additional meetings, minus cancellations, all as a percentage of meetings planned (A minus B minus C as a percentage of A) </s>
	</p>
	<p n="171">
	  <s n="370"> UF Utilization factor, the percentage of available conference resources actually used by the organ in question. </s>
	  <s n="371"> The utilization factor is based on the following calculation: </s>
	</p>
	<p n="172">
	  <s n="372"> (A+B) - (C-E) - (F/3) = UF (A+B) </s>
	</p>
	<p n="173">
	  <s n="373"> In the foregoing calculation, the number of minutes/hours lost as a result of late starting and early ending is converted into the equivalent of meetings lost by dividing the total by three, as the standard meeting time is three hours. </s>
	  <s n="374"> The number of reassignments is subtracted from the number of cancelled meetings. </s>
	  <s n="375"> The difference between the two and the number of meetings lost are then subtracted from the sum of meetings planned and additional meetings held. </s>
	  <s n="376"> The result is expressed as a percentage of the sum of meetings planned and additional meetings held. </s>
	</p>
	<p n="174">
	  <s n="377"> Note: In the calculation of UF, in order to better reflect the utilization of time, instead of the number of meetings, the total duration of meetings in minutes is counted under A, B, C, D, E and F. </s>
	</p>
	<p n="175">
	  <s n="378"> CI Issuance compliance index, calculated first as the percentage of pre-session documentation issued in accordance with the six-week rule and again as the percentage of documentation issued four weeks before the start of the session </s>
	</p>
	<p n="176">
	  <s n="379"> AI Availability index, calculated as the actual rate of delivery presented on a week-by-week basis </s>
	</p>
	<p n="177">
	  <s n="380"> N/A Not applicable </s>
	</p>
	<p n="178">
	  <s n="381"> * Number of related reassignments </s>
	</p>
	<p n="179">
	  <s n="382"> ** Utilization factor that would result if only related reassignments were credited </s>
	</p>
	<p n="180">
	  <s n="383"> The statistics are compiled in accordance with the methodology adopted by the Committee on Conferences at its 348th meeting, held on 18 May 1993. </s>
	</p>
	<p n="181">
	  <s n="384"> New York </s>
	</p>
	<p n="182">
	  <s n="385"> * Related reassignments. </s>
	</p>
	<p n="183">
	  <s n="386"> ** UF, counting related reassignments only. </s>
	</p>
	<p n="184">
	  <s n="387"> Geneva </s>
	</p>
	<p n="185">
	  <s n="388"> C. Vienna </s>
	</p>
	<p n="186">
	  <s n="389"> Nairobi </s>
	</p>
	<p n="187">
	  <s n="390"> Annex II </s>
	</p>
	<p n="188">
	  <s n="391"> Statistics on the provision of conference services in 2006 for meetings of regional and other major groupings of Member States at New York, Geneva, Vienna and Nairobi </s>
	</p>
	<p n="189">
	  <s n="392"> Annex III </s>
	</p>
	<p n="190">
	  <s n="393"> Requests for meetings during the sixty-second session of the General Assembly and statistical information </s>
	</p>
	<p n="191">
	  <s n="394"> Requests for meetings </s>
	</p>
	<p n="192">
	  <s n="395"> Committee on Relations with the Host Country </s>
	</p>
	<p n="193">
	  <s n="396"> Letter dated 20 April 2007 from the Secretary of the Committee </s>
	</p>
	<p n="194">
	  <s n="397"> As in previous years, I hereby submit a request that the Committee on Relations with the Host Country be permitted to meet at Headquarters during the sixty-second session of the General Assembly. </s>
	</p>
	<p n="195">
	  <s n="398"> This request is based on the Committee&apos;s mandate set out in General Assembly resolution 2819 (XXVI) of 15 December 1971 authorizing the Committee to meet periodically during the year or whenever the need arises. </s>
	  <s n="399"> The Committee, since its establishment in 1971, has always met during the regular sessions of the General Assembly in order to consider, among other things, problems experienced by delegations of Member States, to finalize its annual report and to present it to the General Assembly. </s>
	</p>
	<p n="196">
	  <s n="400"> Pursuant to its resolution 61/41 of 4 December 2006, the Assembly requested the Committee to continue its work in conformity with General Assembly resolution 2819 (XXVI) and to submit a report on its work to the General Assembly at its sixty-second session. </s>
	  <s n="401"> Having due regard to the nature of the Committee, its work, and previous experience, it would suffice to make the necessary conference facilities available for two or three meetings only. </s>
	</p>
	<p n="197">
	  <s n="402"> Working Group on the Financing of the United Nations Relief and Works Agency for Palestine Refugees in the Near East </s>
	</p>
	<p n="198">
	  <s n="403"> Memorandum dated 8 June 2007 from the Secretary of the Working Group </s>
	</p>
	<p n="199">
	  <s n="404"> In its resolution 61/114, paragraph 3, the General Assembly requested the Secretary-General to provide the necessary services and assistance to the Working Group for the conduct of its work to ensure the financial security of the Agency. </s>
	</p>
	<p n="200">
	  <s n="405"> In order to fulfil its mandate, the Working Group needs the latest data with regard to the United Nations Relief and Works Agency for Palestine Refugees in the Near East (UNRWA) budget, i.e. up-to-date information on the current budget and precise indications as to the needed revenue and the anticipated contributions for the next fiscal year. </s>
	  <s n="406"> Due to its budgetary procedure, UNRWA is not in a position to supply the Working Group with this timely information any earlier than late September 2007 and the Working Group cannot prepare its report to the sixty-second session without this important material. </s>
	</p>
	<p n="201">
	  <s n="407"> In view of the above-mentioned, it would be very much appreciated if you could draw to the attention of the Committee on Conferences the request of the Working Group that it be authorized to meet during the first weeks of the sixty-second session of the General Assembly. </s>
	</p>
	<p n="202">
	  <s n="408"> Committee on the Exercise of the Inalienable Rights of the Palestinian People </s>
	</p>
	<p n="203">
	  <s n="409"> Letter dated 7 June 2007 from the Chairman of the Committee </s>
	</p>
	<p n="204">
	  <s n="410"> As you are aware, the General Assembly, by its resolution 61/22 of 1 December 2006, has again requested the Committee on the Exercise of the Inalienable Rights of the Palestinian People, “to continue to keep under review the situation relating to the question of Palestine and to report and make suggestions to the General Assembly, the Security Council or the Secretary-General, as appropriate”. </s>
	  <s n="411"> By the same resolution, the Assembly requested the Secretary-General “to continue to provide the Committee with all necessary facilities for the performance of its tasks”. </s>
	</p>
	<p n="205">
	  <s n="412"> As the Committee has no control over the timing of the events it is called upon to discuss, it needs to meet throughout the year, as circumstances require. </s>
	  <s n="413"> Based on past experience, the Committee would request facilities for approximately three meetings per General Assembly session. </s>
	  <s n="414"> These are in addition to the solemn meeting in observance of the International Day of Solidarity with the Palestinian People, which is included in each year&apos;s calendar. </s>
	</p>
	<p n="206">
	  <s n="415"> With regard to the documentation submitted to the General Assembly, please be advised that the Committee submits its annual report (supplement No. 35) under the agenda item entitled “Question of Palestine”. </s>
	  <s n="416"> The Committee usually adopts its report in early October of each year, at which point it is submitted for processing. </s>
	</p>
	<p n="207">
	  <s n="417"> In light of the above, I should like to request that authorization again be granted to the Committee on the Exercise of the Inalienable Rights of the Palestinian People to hold meetings during the forthcoming sixty-second session of the General Assembly, as necessary for carrying out the important mandate entrusted to the Committee by the Assembly. </s>
	</p>
	<p n="208">
	  <s n="418"> Disarmament Commission </s>
	</p>
	<p n="209">
	  <s n="419"> Memorandum dated 8 June 2007 from the Secretary of the Commission </s>
	</p>
	<p n="210">
	  <s n="420"> We would be most grateful if you would, in accordance with the exception to section I, paragraph 7, of General Assembly resolution 40/243, seek the approval of the Committee on Conferences for the United Nations Disarmament Commission to meet for an organizational session on Tuesday, 6 November 2007. </s>
	</p>
	<p n="211">
	  <s n="421"> The organizational session of the Commission, during the General Assembly, is justified by reasons of political practicality and reasons of membership. </s>
	  <s n="422"> Both the First Committee and the Disarmament Commission are concerned with the same disarmament agenda and participating Member States are represented by the same delegations, almost half of which come from the Geneva-based Conference on Disarmament. </s>
	</p>
	<p n="212">
	  <s n="423"> The presence of disarmament ambassadors during the work of the First Committee presents a unique opportunity to discuss and solve not only organizational but also substantive issues, which require an intricate knowledge of international disarmament machinery as well as of substance. </s>
	</p>
	<p n="213">
	  <s n="424"> And, of course, holding of an organizational session — one afternoon meeting — requires limited conference-servicing resources. </s>
	</p>
	<p n="214">
	  <s n="425"> Administrative Tribunal </s>
	</p>
	<p n="215">
	  <s n="426"> Memorandum dated 13 July 2007 from the Executive Secretary of the Administrative Tribunal </s>
	</p>
	<p n="216">
	  <s n="427"> The United Nations Administrative Tribunal has decided to hold its 2007 fall session from Monday, 22 October to Wednesday, 21 November. </s>
	</p>
	<p n="217">
	  <s n="428"> In accordance with article 15 of the Rules of the Tribunal, the President has decided that oral hearings are to be held in one of the cases currently before the Tribunal, during the fall session. </s>
	  <s n="429"> As oral hearings are held in public unless the Tribunal decides otherwise, I would like to request that a small conference room be made available for these hearings, which are scheduled to take place on Friday, 26 October from 10 a.m. to 1 p.m., and from 3 to 6 p.m. </s>
	  <s n="430"> The meetings will require interpretation in English and French, as well as verbatim records. </s>
	</p>
	<p n="218">
	  <s n="431"> In view of the fact that the Tribunal meets in New York only for four to five weeks, we would appreciate a waiver of the relevant provisions of section I, paragraph 7, of General Assembly resolution 40/243. </s>
	</p>
	<p n="219">
	  <s n="432"> Statistical information </s>
	</p>
	<p n="220">
	  <s n="433"> The table below refers to meetings with interpretation held during the main part of the sixty-first session of the General Assembly by the bodies listed above. </s>
	</p>
	<p n="221">
	  <s n="434"> Annex IV </s>
	</p>
	<p n="222">
	  <s n="435"> Document management statistics for pre-session documents </s>
	</p>
	<p n="223">
	  <s n="436"> Submission compliance for documents slotted as at 30 June </s>
	</p>
	<p n="224">
	  <s n="437"> Issuance compliance for documents slotted as at 30 June </s>
	</p>
	<p n="225">
	  <s n="438"> a Two reports are not linked to meeting dates as they are for resumed sessions of the General Assembly. </s>
	</p>
	<p n="226">
	  <s n="439"> b Four reports are not linked to meeting dates as they are for resumed sessions of the General Assembly. </s>
	</p>
	<p n="227">
	  <s n="440"> c Issuance of documents 4 weeks before meetings applies to some intergovernmental bodies based on their pattern of meetings. </s>
	</p>
	</body>
</text>
</DOC>