<?xml version="1.0" encoding="UTF-8"?>
<DOC lang="English" n="N0764114" id="A/62/582" date="2007/12/12">
<text>
	<body>
	<p n="1">
	  <s n="1"> Sixty-second session </s>
	</p>
	<p n="2">
	  <s n="2"> Agenda items 126, 128 and 140 </s>
	</p>
	<p n="3">
	  <s n="3"> Review of the efficiency of the administrative and financial functioning of the United Nations </s>
	</p>
	<p n="4">
	  <s n="4"> Proposed programme budget for the biennium 2008-2009 </s>
	</p>
	<p n="5">
	  <s n="5"> Administrative and budgetary aspects of the financing of the United Nations peacekeeping operations </s>
	</p>
	<p n="6">
	  <s n="6"> Strengthening investigations </s>
	</p>
	<p n="7">
	  <s n="7"> Report of the Secretary-General </s>
	</p>
	<p n="8">
	  <s n="8"> In its resolutions 61/275 and 61/279 respectively, the General Assembly requested the Secretary-General to report to it in the context of the programme budget for the biennium 2008-2009 on the functions, structure and work processes of the Investigations Division with a view to strengthening the investigation function and to provide a comprehensive report to the Assembly at its sixty-second session on the results of the ongoing examination and rationalization of the investigation caseload and the overall review of the capacity of the Investigations Division of the Office of Internal Oversight Services (OIOS). </s>
	</p>
	<p n="9">
	  <s n="9"> The results of the ongoing examination referred to in resolution 61/279 pertain to the review of the OIOS investigation function by an external expert commissioned for that purpose. </s>
	  <s n="10"> At the 2005 World Summit, Member States decided that the expertise, capacity and resources of OIOS in respect of audit and investigations would be significantly strengthened as a matter of urgency (resolution 60/1). </s>
	  <s n="11"> The Steering Committee on the Comprehensive Review of Governance and Oversight within the United Nations and Its Funds, Programmes and Specialized Agencies, established to prepare a report in response to that request, did not provide recommendations acceptable to the Assembly on the investigation function. </s>
	  <s n="12"> The Under-Secretary-General for Internal Oversight Services therefore decided to commission a review that could be used as a guide for determining the actions required for strengthening the investigation function within OIOS. </s>
	</p>
	<p n="10">
	  <s n="13"> In the annex to the present report, OIOS reports to the Secretary-General on strengthening its investigation function. </s>
	  <s n="14"> The recommendations of the external expert are being used by OIOS as a basis for improving investigations in three areas: leadership and management; operating strategies and procedures; and optimal structure and location. </s>
	  <s n="15"> The actions are practical in nature, and in several instances OIOS has already begun to implement them. </s>
	  <s n="16"> With regard to leadership and management, OIOS indicates that the Deputy Director of the Investigations Division has been appointed and that the recruitment of a Director is in progress. </s>
	  <s n="17"> Standard operating procedures for key activities in investigations are well on their way to being fully drafted and put into action. </s>
	  <s n="18"> The updating of the Manual of Investigation Practices and Procedures, where relevant, will follow. </s>
	  <s n="19"> The most significant operating change relates to the establishment of a Case Intake Committee and specific procedures for deciding which matters rise to a level warranting investigation by OIOS and for prioritizing the cases for investigation. </s>
	</p>
	<p n="11">
	  <s n="20"> Structuring the Investigations Division optimally is a major challenge for OIOS. </s>
	  <s n="21"> The driving factor in determining the structure of the Division is the distinction between the two main types of cases investigated by OIOS, namely sexual exploitation and abuse cases and financial, economic and administrative cases, and the need to create specialized teams to investigate the respective cases effectively. </s>
	  <s n="22"> Optimization of the investigator&apos;s skills and expertise in these two distinct types of investigations has been a primary consideration in the structuring of the Division. </s>
	  <s n="23"> OIOS will realize further economies of scale and efficiency by repositioning the resident investigators from the peacekeeping missions to one of three regional centres: New York, Vienna and Nairobi. </s>
	</p>
	<p n="12">
	  <s n="24"> The Secretary-General takes note of the approach OIOS is taking to improve the functioning of the Investigations Division and of the actions that are within the authority of the Under-Secretary-General to implement and looks forward to seeing the results. </s>
	  <s n="25"> The Secretary-General also recognizes that there are financial implications associated with these actions, particularly the restructuring, which will be submitted to the General Assembly for approval in the appropriate budget cycle. </s>
	</p>
	<p n="13">
	  <s n="26"> The Secretary-General is concerned, however, that the capacity of other areas of the Organization that are mandated to carry out investigations is insufficient and needs to be looked at alongside the review carried out by OIOS. </s>
	  <s n="27"> Programme managers, the Office of Human Resources Management, the Department of Safety and Security and others are all called upon to carry out investigations, yet in many cases they do not have a standing capacity to do so. </s>
	  <s n="28"> Such capacity must be developed and adequately supported by training and governed by detailed sets of standards and guidelines that inform all concerned parties of their rights and obligations during investigations. </s>
	</p>
	<p n="14">
	  <s n="29"> In addition, the panel appointed by the Secretary-General in 2006 to redesign the Organization&apos;s system of administration of justice touched on the fragmented nature of the existing investigation capacities in the United Nations. </s>
	  <s n="30"> In paragraph 162 of its report (A/61/205), the Panel pointed out the need for a clear framework of cooperation and coordination between the existing internal justice system and OIOS. </s>
	</p>
	<p n="15">
	  <s n="31"> Concerns have also been raised regarding due process rights. </s>
	  <s n="32"> There is a lack of clearly defined due process rights in the various investigations, whether they are conducted by OIOS, programme managers or the Department of Safety and Security. </s>
	  <s n="33"> While due process rights are defined in the OIOS investigations manual, it is essential that they withstand the review of the United Nations Administrative Tribunal and be applied uniformly in all investigations conducted in the Organization. </s>
	</p>
	<p n="16">
	  <s n="34"> In view of the foregoing comments, the Secretary-General plans to report to the General Assembly after conducting a broader review, which will provide a comprehensive approach to investigations across the United Nations. </s>
	  <s n="35"> The review will be guided by the recent experience of the Organization, including in the context of the investigations concerning the oil-for-food programme and the investigations carried out by the Procurement Task Force, as well as the practices of other international organizations that have taken steps to strengthen their internal investigative capacities. </s>
	  <s n="36"> It will also take into account the accountability and independence of the Organization&apos;s investigative capacity. </s>
	  <s n="37"> In this connection, it may be useful to study the examples of other international organizations, such as the World Bank and the European Union. </s>
	  <s n="38"> Also to be taken into account will be the reform of the system of administration of justice, the report of OIOS below and the reports on the accountability framework, results-based management and the enterprise risk-management and internal control framework. </s>
	</p>
	<p n="17">
	  <s n="39"> The Secretary-General recognizes that the Procurement Task Force investigations within OIOS need to continue without delay, as set out in the report of the Secretary-General on resource requirements for procurement investigations (A/62/520), and that the ongoing work of OIOS shall continue notwithstanding the comprehensive review. </s>
	  <s n="40"> In this respect, the work of the Task Force should continue, pending approval of the resource requirements and the implementation of actions to strengthen the investigations function that are under the authority of the Under-Secretary-General for Internal Oversight Services. </s>
	</p>
	<p n="18">
	  <s n="41"> In this connection, the General Assembly may wish to take the following actions: </s>
	</p>
	<p n="19">
	  <s n="42"> (a) Take note of the annex to the present report on strengthening the functioning of the Investigations Division of OIOS, and note that any changes that have financial implications are subject to the review and approval of the General Assembly in accordance with established procedures; </s>
	</p>
	<p n="20">
	  <s n="43"> (b) Request the Secretary-General to submit at its sixty-third session a report on the outcome of the comprehensive review of investigations in the United Nations, taking into account the reform of the system of administration of justice, the report of OIOS on strengthening its investigation function (see annex), reports on the accountability framework, results-based management, the enterprise risk-management and internal control framework and any decisions taken by the General Assembly in this regard. </s>
	</p>
	<p n="21">
	  <s n="44"> Annex </s>
	</p>
	<p n="22">
	  <s n="45"> Report of the Office of Internal Oversight Services on strengthening its investigation function </s>
	</p>
	<p n="23">
	  <s n="46"> Introduction </s>
	</p>
	<p n="24">
	  <s n="47"> The present report summarizes efforts to strengthen the investigation function of the Office of Internal Oversight Services (OIOS) and is submitted in response to requests by the General Assembly that the Secretary-General report to the Assembly in the context of the programme budget for the biennium 2008-2009 on the functions, structure and work processes of the Investigations Division with a view to strengthening the investigation function (resolution 61/275) and that he provide a comprehensive report to the Assembly at its sixty-second session on the results of the ongoing examination and rationalization of the investigation caseload and the overall review of the capacity of the Investigations Division (resolution 61/279). </s>
	</p>
	<p n="25">
	  <s n="48"> Investigation is a function of OIOS mandated by the General Assembly along with internal audit, monitoring, inspection and evaluation. </s>
	  <s n="49"> To carry out this function, OIOS has established the Investigations Division. </s>
	  <s n="50"> At the 2005 World Summit, Member States decided that the expertise, capacity and resources of OIOS in respect of audit and investigations would be significantly strengthened as a matter of urgency (resolution 60/1). </s>
	  <s n="51"> However, the report of the Steering Committee on the Comprehensive Review of Governance and Oversight within the United Nations and Its Funds, Programmes and Specialized Agencies (A/60/883/Add.2, vol. V), which was submitted in response to that resolution, was weak and lacked any compelling analysis with regard to the investigation function of OIOS, and recommended only that investigations be separated from the other functions of OIOS. </s>
	</p>
	<p n="26">
	  <s n="52"> OIOS has put forward its proposals for strengthening the other mandated functions of the Office (A/60/901), including a proposal to conduct a further internal review that would be used as a basis for deciding on the strengthening of the Investigations Division. </s>
	</p>
	<p n="27">
	  <s n="53"> The Under-Secretary-General for Internal Oversight Services subsequently commissioned a review of the Investigations Division, which was conducted by an external expert from 15 March to 15 June 2007. </s>
	  <s n="54"> The expert&apos;s report was submitted to the Under-Secretary-General on 26 June 2007 and formed the basis for strengthening the OIOS investigation function. </s>
	</p>
	<p n="28">
	  <s n="55"> With the necessary reviews now complete, OIOS has the benefit of thorough independent analysis to use as a basis for determining what actions to take to strengthen its investigation function. </s>
	  <s n="56"> These actions are outlined below. </s>
	</p>
	<p n="29">
	  <s n="57"> Summary of the expert review of the investigation function </s>
	</p>
	<p n="30">
	  <s n="58"> The Advisory Committee on Administrative and Budgetary Questions recommended that the investigation function be maintained in the Office of Internal Oversight Services “with such refinement as may be possible after the completion of the special review” (A/61/605). </s>
	  <s n="59"> That report responded to a proposal in the report of the Steering Committee mentioned in paragraph 2 above to create a separate investigative function in the Office of Legal Affairs. </s>
	  <s n="60"> The General Assembly did not support that proposal and endorsed the recommendations of the Advisory Committee. </s>
	</p>
	<p n="31">
	  <s n="61"> With the question of separating the investigation function from OIOS having been dealt with by the General Assembly in its resolution 61/245, OIOS embarked on a process to undertake a review in order to ascertain the priorities for strengthening the function. </s>
	  <s n="62"> The overall goal of the Under-Secretary-General for the review was to identify the actions required to make the Investigations Division the best among its international organization peers. </s>
	</p>
	<p n="32">
	  <s n="63"> The terms of reference of the review were broad in scope and had the objective of analysing and evaluating the management, organizational structures, operational practices and effectiveness of the Investigations Division in discharging its mandate, as well as evaluating quality and efficiency with respect to its investigative activities and reports using relevant comparators (other international organizations) as benchmarks. </s>
	</p>
	<p n="33">
	  <s n="64"> The review was undertaken by an expert who has extensive experience in international investigations and practices in the public sector. </s>
	  <s n="65"> It included extensive document reviews and interviews with Investigations Division staff, senior managers in the United Nations and heads of investigation functions in comparable international organizations. </s>
	  <s n="66"> In total, 89 in-depth interviews were conducted from mid-March to mid-June 2007. </s>
	</p>
	<p n="34">
	  <s n="67"> The expert was under contract to deliver a comprehensive assessment of the Investigations Division, as set out in the terms of reference, and to report on the findings and offer recommendations for improvement. </s>
	  <s n="68"> The expert worked independently and provided a comprehensive report on 26 June 2007. </s>
	</p>
	<p n="35">
	  <s n="69"> In the report, the expert noted that the Investigations Division had not articulated a clear and consolidated operational strategy that would clearly define the goals of the Division and provide staff with a common basis for decision-making. </s>
	  <s n="70"> This was found to be particularly evident with respect to the prioritization of cases within the Division. </s>
	  <s n="71"> While the prioritization of cases appeared to be a key process in other organizations, such as the European Anti-Fraud Office of the European Commission and the World Bank&apos;s Department of Institutional Integrity, there was no such operational strategy for managing cases within the Investigations Division. </s>
	</p>
	<p n="36">
	  <s n="72"> The report also pointed out the need to structure the Office optimally to ensure high quality and faster progression of cases, to empower the team leaders and to ensure proper responsibility and accountability. </s>
	  <s n="73"> OIOS concurred with the expert&apos;s views regarding the strategic support and infrastructure required to establish New York as the headquarters of the Investigations Division. </s>
	  <s n="74"> The review also proposed the establishment of an intake committee made up of the senior managers of the Investigations Division. </s>
	</p>
	<p n="37">
	  <s n="75"> The expert also recommended that the Investigations Division: </s>
	</p>
	<p n="38">
	  <s n="76"> (a) Develop a new electronic case management system with improved security case file management and archiving; </s>
	</p>
	<p n="39">
	  <s n="77"> (b) Improve policies on internal and external communication and interaction: clarify the roles of the function, which matters the Division investigates and which are not within its purview and how and to whom case information and reports are disclosed, and build relationships with other functions within OIOS and with other Secretariat entities (the Department of Management and the Office of Legal Affairs) and investigative offices in other international organizations; and improve internal communications within the Division itself; </s>
	</p>
	<p n="40">
	  <s n="78"> (c) Provide investigators with basic tools and equipment; </s>
	</p>
	<p n="41">
	  <s n="79"> (d) Develop procedures for dealing with sexual exploitation and abuse cases; </s>
	</p>
	<p n="42">
	  <s n="80"> (e) Update and consolidate the Manual of Investigation Practices and Procedures to bring it in line with best practices and make it accessible to all staff as a reference document, particularly for new staff. </s>
	</p>
	<p n="43">
	  <s n="81"> The expert added in his conclusion that despite the structural and organizational weaknesses and challenges in the Division, overall it had professional and dedicated investigators who strove to achieve the best results. </s>
	  <s n="82"> Some of the investigators are key personnel who possess the skills, knowledge and experience needed to bring about positive change in the Division. </s>
	  <s n="83"> The expert warned that unless major efforts to effect change were initiated in the near future, there would be a high risk of losing those very staff members who had both the ability and the knowledge required to bridge the gap to a strengthened Investigations Division. </s>
	</p>
	<p n="44">
	  <s n="84"> Actions for strengthening the investigation function </s>
	</p>
	<p n="45">
	  <s n="85"> On the basis of the conclusions and recommendations of the expert, OIOS has decided to initiate actions that pay particular attention to strengthening the Investigative Division in the following areas: </s>
	</p>
	<p n="46">
	  <s n="86"> • Effective leadership and management </s>
	</p>
	<p n="47">
	  <s n="87"> • Operating strategies and procedures </s>
	</p>
	<p n="48">
	  <s n="88"> • Optimal structure and location </s>
	</p>
	<p n="49">
	  <s n="89"> The operational independence of OIOS is the foundation on which its mandated functions, including investigations, are based. </s>
	  <s n="90"> For investigations to have legitimacy and trust they have to be impartial, objective and independent, both in fact and in perception, and thus be protected from any external influence. </s>
	  <s n="91"> Operational independence is a quality in itself and key to building trust among stakeholders and United Nations staff. </s>
	</p>
	<p n="50">
	  <s n="92"> In establishing OIOS, the General Assembly decided on the operational independence of the Office in clear terms (resolution 48/218 B). </s>
	  <s n="93"> The importance of this independence has been referred to in subsequent Assembly resolutions adopted following the five-year reviews of the OIOS mandate (54/244 and 59/272). </s>
	  <s n="94"> Given that the operational independence of the Office and its investigations is guaranteed in its mandate, it is imperative that any action taken to strengthen the investigative function be built on the foundation established in resolution 48/218 B. </s>
	</p>
	<p n="51">
	  <s n="95"> Effective leadership and management </s>
	</p>
	<p n="52">
	  <s n="96"> In order to appreciate the current challenges faced by the Investigations Division with respect to leadership and management, it is essential to review the changes that have occurred in the Division. </s>
	  <s n="97"> In terms of staffing, the Division increased from 5 staff in 1994 to 16 in 2002 to 24 in 2004, and then steeply to 112 in 2006. </s>
	  <s n="98"> This number includes senior and middle management, administrative and support staff and investigators located in New York, Vienna, Nairobi and several of the large peacekeeping missions. </s>
	  <s n="99"> The decision in 2005 to place investigators in peacekeeping operations and to give OIOS the responsibility for investigating sexual exploitation and abuse cases are the main reasons for the increase in posts. </s>
	</p>
	<p n="53">
	  <s n="100"> The transition from a small investigative unit comprising 20 to 30 staff based primarily in New York (which was the situation in as late as the second quarter of 2005) to a large division that has staff located worldwide is significant and demands a fundamental change in strategy, structure, organization and leadership to ensure successful operation. </s>
	  <s n="101"> The deployment of staff in challenging environments worldwide requires sound strategic plans, a robust operational infrastructure and, most importantly, strong leadership. </s>
	</p>
	<p n="54">
	  <s n="102"> The expert reported that in order to meet the requirements for change, the Division must rebuild the trust and respect that had eroded in recent years. </s>
	  <s n="103"> The Division must develop a new vision for investigations and, more importantly, the senior managers in the Division must have the ability, dedication and leadership skills required to implement and facilitate essential changes. </s>
	  <s n="104"> The terms of reference of the Director of Investigations, developed with the benefit of the review, reflect the qualities required for the proper leadership of the Division to ensure the effective and efficient delivery of the mandated function. </s>
	  <s n="105"> The recruitment process is currently under way. </s>
	</p>
	<p n="55">
	  <s n="106"> The leadership will, however, have to be supported by effective structures, strategic support at Headquarters and sound operational strategies and procedures. </s>
	  <s n="107"> The Deputy Director of the Investigations Division has been charged with managing the implementation of the strengthening initiatives indicated in the present report. </s>
	</p>
	<p n="56">
	  <s n="108"> Operational strategies and procedures </s>
	</p>
	<p n="57">
	  <s n="109"> Investigations manual </s>
	</p>
	<p n="58">
	  <s n="110"> The expert reported that the current investigations manual was noticeably lacking in useful and practical information for the investigators compared with similar manuals used in other international organizations and that it did not contain sufficient working instructions for conducting investigations. </s>
	  <s n="111"> The expert also observed that the manual did not adequately serve as an introduction to the Division or the Organization, which is particularly relevant for new staff. </s>
	  <s n="112"> Investigators in the Division have backgrounds as lawyers or investigators working in law enforcement agencies, and their experience and knowledge of law enforcement proceedings do not automatically translate into knowledge of the rules, regulations and proceedings of an internal, administrative investigative unit within the United Nations. </s>
	  <s n="113"> Investigators may need guidance, for example, in obtaining evidence and information without the power and authority they may have possessed in other contexts. </s>
	  <s n="114"> New investigators need an organized and comprehensive manual that provides background information on internal administrative investigations as well as instructional rules, regulations and procedures that are specific to their investigative work in the Division. </s>
	</p>
	<p n="59">
	  <s n="115"> Another important benefit of an investigations manual is the promotion of transparency and accountability. </s>
	  <s n="116"> Complainants, witnesses, subjects, victims, clients and stakeholders of the Division should be able to access information that explains the way in which investigations are conducted. </s>
	</p>
	<p n="60">
	  <s n="117"> Taking all of the above into consideration, OIOS concurs with the expert&apos;s recommendation to establish a process for ongoing review and maintenance of an investigations manual. </s>
	  <s n="118"> Transparency of procedures, facilitating an understanding of the process and the accompanying procedures involved in investigations, leads to an increase in trust from those outside the Division, as it shows the predictability of the process. </s>
	  <s n="119"> It also instils a sense of accountability in investigators and their supervisors. </s>
	  <s n="120"> Thus, the combination of transparency, predictability and accountability, further serves to protect individuals, since investigators are more compelled to follow the procedures and rules as set out in a widely accessible manual. </s>
	  <s n="121"> The process to review and update the manual is currently under way. </s>
	</p>
	<p n="61">
	  <s n="122"> Case intake and prioritization </s>
	</p>
	<p n="62">
	  <s n="123"> Managing the OIOS caseload is a primary responsibility of senior management in the Investigations Division. </s>
	  <s n="124"> The caseload as at 30 November 2007 was 252 cases. </s>
	  <s n="125"> The breakdown of those cases into categories is provided in the table below. </s>
	  <s n="126"> OIOS has during the past two years clarified the different concepts in the caseload statistics, and a clear distinction is now made between a “matter”, which is an allegation or complaint brought to the Division, and a “case”, which is essentially a matter that has been screened through the intake process. </s>
	  <s n="127"> One of the first tasks undertaken by the Acting Director was a thorough analysis and evaluation of the caseload. </s>
	  <s n="128"> The result of the Acting Director&apos;s efforts is a more accurate inventory of cases, which is now monitored and updated regularly. </s>
	  <s n="129"> The caseload shown in the table does not include the cases being investigated by the OIOS Procurement Task Force. </s>
	</p>
	<p n="63">
	  <s n="130"> Cases under investigation, by category, as at 30 November 2007 </s>
	</p>
	<p n="64">
	  <s n="131"> a Includes misconduct by staff members that does not fall into another category. </s>
	</p>
	<p n="65">
	  <s n="132"> b Procurement cases with the Investigations Division. </s>
	  <s n="133"> As agreed, the Procurement Task Force is responsible for all other procurement cases. </s>
	</p>
	<p n="66">
	  <s n="134"> No investigative unit can feasibly investigate every allegation or complaint received, nor would it be justifiable to do so. </s>
	  <s n="135"> Deciding, therefore, which cases warrant further investigation is critically important. </s>
	  <s n="136"> The expert commented that cases must be prioritized in a manner that produces reliable and consistent results and that is based on a specific set of objective criteria in order to optimize investigative resources and provide the necessary controls. </s>
	</p>
	<p n="67">
	  <s n="137"> The Investigations Division has a case assessment process in place with established criteria for guidance in deciding which complaints warrant investigation and which should be dealt with through other mechanisms, such as referral to the Office of Human Resources Management or the programme manager. </s>
	  <s n="138"> The expert recommended, however, that a special committee be established to make more informed decisions on case intake. </s>
	  <s n="139"> OIOS concurs with this concept and will establish a Case Intake Committee in the Investigations Division. </s>
	  <s n="140"> The Committee will comprise three individuals: the Director and the two Deputy Directors of the Division. </s>
	  <s n="141"> Since decisions regarding which cases to investigate may also have implications for resources applied to ongoing cases, the Case Intake Committee will also oversee the progression of the ongoing case investigations and have the authority to change priorities and direction as it deems appropriate. </s>
	</p>
	<p n="68">
	  <s n="142"> Comprehensive standard operating procedures </s>
	</p>
	<p n="69">
	  <s n="143"> Standard operating procedures constitute the operational working instructions or procedural guidelines and the rules of conduct for investigators. </s>
	  <s n="144"> Such procedures may also serve to inform other interested parties of the possibilities, limitations and processes of an administrative investigation conducted within the Organization. </s>
	</p>
	<p n="70">
	  <s n="145"> The Uniform Guidelines for Investigations developed by the Conference of International Investigators in April 2003 made the recommendation to establish, publish and update clear rules of conduct for staff, investigators and relevant parties. </s>
	  <s n="146"> In order to ensure adherence to uniform investigative procedures, written standard operating procedures must be set out for each major step of the investigative process. </s>
	</p>
	<p n="71">
	  <s n="147"> Fairness and due process considerations are of little value without explicitly written rules and regulations for proceedings, as consistency and reliability are not guaranteed in their absence. </s>
	  <s n="148"> Not only does the lack of such procedures negatively affect the rights that should be accorded to individuals during an investigation, but it also makes it difficult, if not impossible, for complainants, witnesses, subjects of an investigation and other concerned parties to understand and act in accordance with any such rules and regulations. </s>
	</p>
	<p n="72">
	  <s n="149"> In determining which standard operating procedures are basic and necessary for the effective functioning of any investigative unit, it is important to understand the core principles involved in conducting an investigation. </s>
	  <s n="150"> The following principles are set out in the World Food Programme investigative handbook, which OIOS regards as an example of good practice: </s>
	</p>
	<p n="73">
	  <s n="151"> • Thoroughness — diligent, complete and focused manner </s>
	</p>
	<p n="74">
	  <s n="152"> • Use of appropriate techniques — proportional to objectives </s>
	</p>
	<p n="75">
	  <s n="153"> • Independence and impartiality — a fair and equitable manner </s>
	</p>
	<p n="76">
	  <s n="154"> • Objectivity — unbiased and independent manner to determine the validity of an allegation </s>
	</p>
	<p n="77">
	  <s n="155"> • Ethics — respectful conduct towards all parties </s>
	</p>
	<p n="78">
	  <s n="156"> • Timeliness — quick investigations without compromising quality </s>
	</p>
	<p n="79">
	  <s n="157"> • Accuracy — in the presentation of facts, conclusions and recommendations to be supported by adequate documentation </s>
	</p>
	<p n="80">
	  <s n="158"> • Legal considerations — in accordance with applicable rules and regulations </s>
	</p>
	<p n="81">
	  <s n="159"> • Due process — fairness to the subject in the disclosure of complaints made </s>
	</p>
	<p n="82">
	  <s n="160"> • Confidentiality — efforts are made to keep the identity of staff members and others involved confidential </s>
	</p>
	<p n="83">
	  <s n="161"> In 2006, the Acting Director recognized the need to refine and further develop standard operating procedures and encouraged investigators with the interest and expertise to establish special working groups to develop them. </s>
	</p>
	<p n="84">
	  <s n="162"> In his preliminary review of the draft standard operating procedures, the expert concluded that they appeared to be written by highly qualified investigators who possessed a thorough understanding of the investigative process. </s>
	  <s n="163"> More importantly, the draft procedures appeared to begin to address many of the deficiencies. </s>
	  <s n="164"> Once these procedures have been adopted and staff have been trained, the investigations manual will be updated accordingly. </s>
	</p>
	<p n="85">
	  <s n="165"> Draft standard operating procedures have been developed by the Investigations Division in the following areas: </s>
	</p>
	<p n="86">
	  <s n="166"> (a) Evidence-handling; </s>
	</p>
	<p n="87">
	  <s n="167"> (b) The information-receiving process; </s>
	</p>
	<p n="88">
	  <s n="168"> (c) The case-initiation process; </s>
	</p>
	<p n="89">
	  <s n="169"> (d) The preliminary investigation processes; </s>
	</p>
	<p n="90">
	  <s n="170"> (e) The investigation-planning process; </s>
	</p>
	<p n="91">
	  <s n="171"> (f) Initial case assessment; </s>
	</p>
	<p n="92">
	  <s n="172"> (g) The case-assessment process; </s>
	</p>
	<p n="93">
	  <s n="173"> (h) Interaction with military contingents; </s>
	</p>
	<p n="94">
	  <s n="174"> (i) Information technology forensics; </s>
	</p>
	<p n="95">
	  <s n="175"> (j) Glossary of terms; </s>
	</p>
	<p n="96">
	  <s n="176"> (k) Contact between the Department of Peacekeeping Operations and OIOS; </s>
	</p>
	<p n="97">
	  <s n="177"> (l) Media contact; </s>
	</p>
	<p n="98">
	  <s n="178"> (m) Contact with national authorities; </s>
	</p>
	<p n="99">
	  <s n="179"> (n) The handling of informants; </s>
	</p>
	<p n="100">
	  <s n="180"> (o) The management of major investigations. </s>
	</p>
	<p n="101">
	  <s n="181"> Investigative tools and technology </s>
	</p>
	<p n="102">
	  <s n="182"> The expert recommended that the Investigations Division make increased use of computer forensic tools in order to take advantage of information technology capabilities and that it direct its efforts towards strengthening computer forensic skills, tools and resources generally in the Division. </s>
	</p>
	<p n="103">
	  <s n="183"> The Division will incorporate new computer forensic methods, tools and practices (such as data-mining) to improve its ability to detect fraud. </s>
	  <s n="184"> The implementation of this recommendation is being addressed in the context of the development of the standard operating procedures for information technology forensics. </s>
	</p>
	<p n="104">
	  <s n="185"> The expert reported that the current OIOS case management system was inadequate and should be replaced by a system that met the requirements of the users and was secure, reliable and accessible worldwide. </s>
	  <s n="186"> The expert made extensive recommendations on improving the use of technology with respect to the case management system, which is a vital tool for the operation of any investigative unit. </s>
	  <s n="187"> According to the expert, the system used must be reliable, effective and accessible worldwide to all Investigations Division staff members in all offices. </s>
	  <s n="188"> Furthermore, it should serve as a means of ensuring confidentiality protection, which is a major concern for all investigative units. </s>
	  <s n="189"> Therefore, an effective case management system ensures that only strictly authorized persons have access to the files and that any changes made are recorded systematically in an audit trail. </s>
	</p>
	<p n="105">
	  <s n="190"> OIOS agrees that the case management system is a central tool that enables users to plan, organize and manage investigative work in an efficient and effective manner. </s>
	  <s n="191"> OIOS also agrees that the Division&apos;s current case management system should be replaced. </s>
	  <s n="192"> This is a key project for the Division that will be initiated after funds for information technology tools are approved in the 2008-2009 proposed programme budget for the biennium. </s>
	</p>
	<p n="106">
	  <s n="193"> C. Structuring the Investigations Division for optimal performance </s>
	</p>
	<p n="107">
	  <s n="194"> The expert&apos;s report concluded that there are several possible structures for an effective Investigations Division and that the present organizational structure was one of the main factors contributing to the problems facing the Division. </s>
	</p>
	<p n="108">
	  <s n="195"> The most significant of the expert&apos;s proposals for a new structure are: </s>
	</p>
	<p n="109">
	  <s n="196"> • To establish specialist teams of investigators </s>
	</p>
	<p n="110">
	  <s n="197"> • To organize the Division in three main centres, in New York, Geneva and Nairobi, with the headquarters in New York </s>
	</p>
	<p n="111">
	  <s n="198"> OIOS has studied the proposals carefully and concurs with the principles in the expert&apos;s recommendations and the need for changes in the structure of the Division. </s>
	  <s n="199"> The principles of the restructuring have been discussed with the Department of Field Support, from the perspective of the implications for it on the funding it provides for resident investigators and from the perspective of changes in the location of investigators covering the peacekeeping missions. </s>
	  <s n="200"> The Department of Field Support expressed support for the proposals. </s>
	</p>
	<p n="112">
	  <s n="201"> Specialization of investigators </s>
	</p>
	<p n="113">
	  <s n="202"> With regard to the types of investigations conducted, OIOS broadly separates its cases into two types: (a) cases involving financial or economic misconduct by staff members or contracted third parties and administrative misconduct by staff members; and (b) cases involving sexual exploitation and abuse by United Nations staff members. </s>
	  <s n="203"> This distinction between types of cases does not change the categorization of matters into category I and category II as established by the General Assembly in its resolution 59/287, nor will it change the scope and extent of the investigations that OIOS is mandated to undertake. </s>
	</p>
	<p n="114">
	  <s n="204"> The skills and experience required for the two types of investigation undertaken by the Investigations Division vary significantly, and the experience of OIOS over the years, combined with the expert&apos;s report, provide a compelling argument for placing investigators in specialized teams/units. </s>
	  <s n="205"> Investigators of sexual exploitation and abuse cases must be experts who have had experience in sex crime investigations, particularly those involving children, and must have access to modern forensic methods. </s>
	  <s n="206"> An investigator who has expertise in dealing with issues of sexual exploitation and abuse would not necessarily possess the same level of expertise for the investigation of complex fraud cases. </s>
	  <s n="207"> Similarly, it is unlikely that a sexual exploitation and abuse investigator would have the level of expertise needed to specialize in investigating “white-collar” crime, namely, knowledge of business procedures as well as informal ways of concealing corruption, fraud and embezzlement. </s>
	  <s n="208"> OIOS has decided therefore that the teams should be staffed by investigators who have the requisite amount of skill and expertise in the respective area. </s>
	</p>
	<p n="115">
	  <s n="209"> Specialization will produce greater focus and encourage the development of expertise in the particular type of investigation, as well as the development of appropriate tools and techniques, all of which will improve the quality and speed of investigations conducted. </s>
	  <s n="210"> OIOS will continue to focus on category I matters and, where required, category II matters as well. </s>
	  <s n="211"> The specialization simply means that OIOS will match the cases with the appropriate investigative skill set for that type of case. </s>
	</p>
	<p n="116">
	  <s n="212"> The concept of a holistic approach to zero tolerance for sexual exploitation and abuse is also a supporting factor in the move of OIOS towards the specialization of investigations. </s>
	  <s n="213"> In this regard, OIOS has started to work closely with the Conduct and Discipline Teams in the peacekeeping missions and with the Department of Safety and Security to build a comprehensive response to this issue and to ensure that there is absolute clarity with regard to the roles of the different offices. </s>
	</p>
	<p n="117">
	  <s n="214"> OIOS will implement specialist investigation teams/units in conjunction with the restructuring of the Investigations Division. </s>
	</p>
	<p n="118">
	  <s n="215"> Concentration of investigators in three regional centres </s>
	</p>
	<p n="119">
	  <s n="216"> The expert recommended that the structure of the Investigations Division would be optimal if the investigators operated out of three regional centres, located in New York, Geneva and Nairobi. </s>
	  <s n="217"> Such a structure would: </s>
	</p>
	<p n="120">
	  <s n="218"> • Ensure that investigators are working together in teams to ensure optimal case planning, organizing and steering in each case investigated by the Division </s>
	</p>
	<p n="121">
	  <s n="219"> • Shorten the chain of command as well as the reporting lines, which would speed up the amount of time between the receipt of allegations and the submission of the final case report to the programme manager </s>
	</p>
	<p n="122">
	  <s n="220"> • Increase responsibility and accountability for supervisors as well as every staff member in the Division </s>
	</p>
	<p n="123">
	  <s n="221"> • Ensure uniform decisions and accurate assessments in the intake process as well as in the report-writing stage </s>
	</p>
	<p n="124">
	  <s n="222"> • Ensure that total quality management and internal control systems are in place </s>
	</p>
	<p n="125">
	  <s n="223"> • Ensure that investigators maximize the relationship and synergy with other OIOS disciplines </s>
	</p>
	<p n="126">
	  <s n="224"> OIOS concurs with the expert&apos;s conclusion and the proposal to concentrate the investigative capacity in three regional centres. </s>
	  <s n="225"> However, OIOS concludes that Vienna should remain one of the three centres rather than creating a new investigation centre in Geneva, as proposed in the expert&apos;s report. </s>
	</p>
	<p n="127">
	  <s n="226"> OIOS will therefore relocate investigators from the peacekeeping missions to the United Nations Offices at Vienna and Nairobi and to New York. </s>
	  <s n="227"> The advantage of this structure is that the investigators will be co-located in a larger pool, offering the Division more options for ensuring that the specific skills required for a case are readily accessible while still being close enough to the peacekeeping missions to be able to respond to any critical need within a few business days. </s>
	  <s n="228"> In addition, this structure ensures that the investigators&apos; time and expertise are maximized by being directed to high-risk cases within the remit of the relevant regional centre rather than being limited to cases within the assigned peacekeeping mission. </s>
	  <s n="229"> The structure also provides staff with an environment more conducive to professional interaction with colleagues and to obtaining cost-effective training and support. </s>
	  <s n="230"> Such a structure also ensures more effective management of cases and more effective supervision of investigations. </s>
	</p>
	<p n="128">
	  <s n="231"> The strong arguments in support of this change in the structure emanate from the experience of having resident investigators located in the missions for the past two years. </s>
	  <s n="232"> Currently, OIOS teams that are resident in the peacekeeping missions consist of three to eight investigators in each mission. </s>
	  <s n="233"> In total, OIOS has 33 investigators based in field missions. </s>
	  <s n="234"> Experience has shown that in order to conduct high-quality investigations, the resident investigator teams should comprise specialist expertise in sexual exploitation and abuse as well as financial, economic and administrative investigations. </s>
	  <s n="235"> These specialist skills, however, are rarely found in the same individual. </s>
	</p>
	<p n="129">
	  <s n="236"> The experience of the Procurement Task Force shows that highly qualified and specialized teams may carry out and complete complicated investigations after only a couple of field visits of a few weeks each. </s>
	  <s n="237"> The Task Force is based in New York, and its investigators travel to the missions to conduct their investigations. </s>
	</p>
	<p n="130">
	  <s n="238"> The challenge for small mission-based teams, therefore, is to conduct high-quality investigations with limited staff in both sexual exploitation and abuse and financial, economic and administrative cases. </s>
	  <s n="239"> A further challenge is to conduct those investigations in a timely way while maintaining the standard practice of having a minimum of two investigators on each case to ensure integrity and quality in the process as well as to allow investigators to take their authorized time off from the mission. </s>
	</p>
	<p n="131">
	  <s n="240"> As a result of these challenges, investigations frequently take a long time to conclude, and OIOS is often criticized for not finalizing investigations promptly. </s>
	  <s n="241"> The lengthy investigation time is a major problem for cases in the missions and is in itself an impediment to high-quality work. </s>
	  <s n="242"> It also delays decision-making on the part of management and the administrative follow-up of an investigation. </s>
	</p>
	<p n="132">
	  <s n="243"> From experience, OIOS regards five investigators and one administrative assistant as an absolute minimum in every mission. </s>
	  <s n="244"> In the big missions, such as the United Nations Organization Mission in the Democratic Republic of the Congo, the United Nations Mission in the Sudan and the United Nations Operation in Côte d&apos;Ivoire, where the number of sexual exploitation and abuse cases is significant, the size of the team should be at least double the minimum. </s>
	  <s n="245"> This arrangement is, however, not cost-effective for the Organization in terms of overcoming the challenges faced by having resident investigators in the missions. </s>
	  <s n="246"> In addition, the consequence of the time-off rules for staff based in the peacekeeping missions reduces the time effectively available to conduct investigations. </s>
	</p>
	<p n="133">
	  <s n="247"> There are cost implications associated with this structural change, and OIOS will present them to the General Assembly for consideration in the context of the proposed budget of the support account for peacekeeping operations for 2008/09. </s>
	  <s n="248"> OIOS also foresees servicing new peacekeeping missions the United Nations Assistance Mission for Iraq and the United Nations Mission in the Central African Republic using existing resources in the new structure, whereas the old structure would require new posts (approximately 18) to establish resident investigator teams in the two missions. </s>
	  <s n="249"> In summary, while there are cost implications of moving staff to the regional centres, there are also cost savings, in that OIOS will be able to cover the Organization&apos;s operations with approximately 18 fewer posts. </s>
	</p>
	<p n="134">
	  <s n="250"> Approach to the investigation of financial, economic and administrative misconduct allegations </s>
	</p>
	<p n="135">
	  <s n="251"> OIOS will restructure to deal effectively with financial, economic and administrative misconduct allegations involving staff and contracted third parties (vendors, consultants and contractors). </s>
	</p>
	<p n="136">
	  <s n="252"> The main element of this restructuring is that the principal Deputy Director in the Investigations Division will be given responsibility for investigations that are financial, economic and administrative in nature. </s>
	  <s n="253"> The principal Deputy Director will also have the lead in developing the Division&apos;s methodologies, tools and specific practices for financial, economic and administrative investigations, as well as in training the investigators and reviewing the draft reports from all the teams conducting this type of investigation. </s>
	</p>
	<p n="137">
	  <s n="254"> Approach to the investigation of sexual exploitation and abuse allegations </s>
	</p>
	<p n="138">
	  <s n="255"> Currently, the responsibility for investigating sexual exploitation and abuse allegations in peacekeeping missions is decided by the Conduct and Discipline Teams in the missions and the Investigations Division on a case-by-case basis. </s>
	  <s n="256"> There is no formal system in place to determine how different types of cases are handled or channelled. </s>
	  <s n="257"> In practice, the Chief Resident Investigator generally decides which cases are to be investigated by the Investigations Division and which are to be dealt with by a Conduct and Discipline Team. </s>
	  <s n="258"> The results of the Division&apos;s investigations are reported to senior management in the Department of Peacekeeping Operations. </s>
	</p>
	<p n="139">
	  <s n="259"> In the opinion of OIOS, the only effective way to combat sexual exploitation and abuse is to conduct training and awareness programmes aimed at prevention as well as to hold troop commanders accountable for the actions of the troops under their command. </s>
	  <s n="260"> The creation of an efficient, objective, effective and timely system for the conduct of investigations is important not only as a means of seeking justice, but is also a critical component in the deterrence and prevention of sexual exploitation and abuse cases. </s>
	  <s n="261"> In the missions, the training and awareness programmes are conducted primarily by the Conduct and Discipline Team. </s>
	  <s n="262"> Reliable and thorough investigations may also play a role in prevention, provided that the investigation itself reveals facts and information to potential perpetrators of sexual exploitation and abuse regarding the risks and consequences of exposure. </s>
	  <s n="263"> However, OIOS would like to point out that when a case is received for investigation, it is tantamount to proof that preventative actions have failed. </s>
	  <s n="264"> Once cases reach OIOS for investigation it is already too late. </s>
	</p>
	<p n="140">
	  <s n="265"> OIOS will, in close cooperation with the Department of Field Support and the Department of Safety and Security, seek to clarify its role in sexual exploitation and abuse cases on the basis that the Investigations Division will continue to investigate such cases within the framework of the responsibilities of the different investigative units in the missions. </s>
	  <s n="266"> In its resolution 61/276, the General Assembly stressed the importance of eliminating misconduct, including sexual exploitation and abuse, and requested the strengthening of cooperation and coordination among the Conduct and Discipline Teams, OIOS and other entities in the United Nations system. </s>
	  <s n="267"> The new approach to sexual exploitation and abuse investigations should also take into account resolution 61/267 B, in which the Assembly endorsed amendments to the model memorandum of understanding with troop-contributing countries that give the Government concerned primary responsibility for investigating members of its national contingent. </s>
	  <s n="268"> This will significantly change the role OIOS plays in the investigation of sexual exploitation and abuse cases involving members of national contingents. </s>
	</p>
	<p n="141">
	  <s n="269"> The clarification of roles implies the development of a clear delineation limiting the sexual exploitation and abuse cases to be investigated by the Investigations Division to the following types: </s>
	</p>
	<p n="142">
	  <s n="270"> (a) Rape; and </s>
	</p>
	<p n="143">
	  <s n="271"> (b) Sexual exploitation and abuse involving minors (those under 18 year of age). </s>
	</p>
	<p n="144">
	  <s n="272"> Clearly defining the Investigations Division&apos;s caseload to focus on these specific types of cases, already established by the General Assembly as category I, will allow investigations to proceed in a proper and timely fashion, ultimately leading to an increase in the number of cases that have been effectively resolved. </s>
	  <s n="273"> It will also allow professional investigators to direct their resources towards the most serious of violations, as well as allowing for cases to be properly followed up, in an effort to provide for the best interests of the victims, the Organization and the subject. </s>
	</p>
	<p n="145">
	  <s n="274"> Such clarification of roles will require further discussion among OIOS, the Conduct and Discipline Teams and the Department of Safety and Security on their respective roles and responsibilities to ensure that there are no gaps in the Organization&apos;s response to sexual exploitation and abuse allegations. </s>
	</p>
	<p n="146">
	  <s n="275"> Within OIOS, the investigation of sexual exploitation and abuse allegations will be led by a Deputy Director, who will be responsible for all final investigative reports on sexual exploitation and abuse cases and will provide support and training to team members dealing with those cases in all locations. </s>
	</p>
	<p n="147">
	  <s n="276"> The approval by the General Assembly, of the model memorandum of understanding prescribing a primary role for the Governments of the troop-contributing countries in investigating members of their own national contingents (see para. </s>
	  <s n="277"> 60 above) changes the role played by the Investigations Division in the investigation of troops and further supports the relocation of investigators from the missions to the regional centres, to be brought in as and when required. </s>
	</p>
	<p n="148">
	  <s n="278"> Procurement Task Force </s>
	</p>
	<p n="149">
	  <s n="279"> As mentioned above, the quality and success of the OIOS Procurement Task Force investigations underscore the advantages of specialist professional investigators and provides further justification for the restructuring of the Division into specialized units. </s>
	  <s n="280"> Experts in the field will provide specialized, cutting-edge knowledge, as well as knowledge of changes in the applicable rules and regulations of a given field. </s>
	  <s n="281"> The Division is currently not structured in a way that optimally utilizes and takes advantage of the strengths and abilities of its individual investigators. </s>
	</p>
	<p n="150">
	  <s n="282"> The Procurement Task Force was established in January 2006 as an ad hoc team that brought in external investigators specifically selected for their expertise to deal with the complex procurement investigations arising out of the Independent Inquiry Committee into the United Nations Oil-for-Food Programme. </s>
	  <s n="283"> To date, the Procurement Task Force has completed more than 100 cases and issued 25 reports. </s>
	  <s n="284"> A report on the activities of the Task Force is provided in document A/62/272. </s>
	</p>
	<p n="151">
	  <s n="285"> OIOS will successively integrate the model of the Procurement Task Force within the Investigations Division. </s>
	  <s n="286"> Like the Task Force, the investigators in the teams responsible for financial, economic and administrative misconduct investigations will have to have specialist skills, and will also have expertise or be trained in the use of specialized tools to carry out their functions effectively and efficiently. </s>
	</p>
	<p n="152">
	  <s n="287"> Unfortunately, the expert&apos;s report on the review of the Investigations Division and the discussion of the results was not available at the time that the 2008-2009 regular budget was due for submission, and thus no provision was made in the budget for incorporation of the Procurement Task Force caseload into the Investigations Division. </s>
	  <s n="288"> The Secretary-General has subsequently submitted a report on resource requirements for procurement investigations (A/62/520) in which he proposes interim arrangements for the Procurement Task Force for 2008. </s>
	</p>
	<p n="153">
	  <s n="289"> In accordance with the aforementioned principles, OIOS will restructure the Investigations Division as outlined below. </s>
	</p>
	<p n="154">
	  <s n="290"> Proposed new structure for the Investigations Division </s>
	</p>
	<p n="155">
	  <s n="291"> Headquarters (New York) </s>
	</p>
	<p n="156">
	  <s n="292"> As explained above, the Director of the Investigations Division will be located in New York and will report directly to the Under-Secretary-General for Internal Oversight Services. </s>
	</p>
	<p n="157">
	  <s n="293"> The Director of the Division will be accountable to the Under-Secretary-General for the overall operations of the Division. </s>
	  <s n="294"> Those directly reporting to the Director will be: </s>
	</p>
	<p n="158">
	  <s n="295"> • The principal Deputy Director, also located in New York </s>
	</p>
	<p n="159">
	  <s n="296"> • The Deputy Director, located in Nairobi </s>
	</p>
	<p n="160">
	  <s n="297"> • The New York Investigations Unit </s>
	</p>
	<p n="161">
	  <s n="298"> • The Chief of the Administrative Unit </s>
	</p>
	<p n="162">
	  <s n="299"> The principal Deputy Director, located in New York will be accountable to the Director for: </s>
	</p>
	<p n="163">
	  <s n="300"> • General management of the Division, including budget and case management </s>
	</p>
	<p n="164">
	  <s n="301"> • Supervision of the following units: </s>
	</p>
	<p n="165">
	  <s n="302"> - European Investigation Unit </s>
	</p>
	<p n="166">
	  <s n="303"> - Training Unit </s>
	</p>
	<p n="167">
	  <s n="304"> - Professional Practices Unit </s>
	</p>
	<p n="168">
	  <s n="305"> - Information Technology Forensic Unit </s>
	</p>
	<p n="169">
	  <s n="306"> • Chairing the Investigations Division Intake Committee </s>
	</p>
	<p n="170">
	  <s n="307"> • All investigations relating to financial, economic and administrative misconduct involving staff members and contracted third parties </s>
	</p>
	<p n="171">
	  <s n="308"> The Chief of the New York Investigations Unit will be responsible for supervising the two teams — financial, economic and administrative, and sexual exploitation and abuse. </s>
	</p>
	<p n="172">
	  <s n="309"> European office (Vienna) </s>
	</p>
	<p n="173">
	  <s n="310"> The European office will be headed by a Chief of Office, who will report to the principal Deputy Director in New York. </s>
	</p>
	<p n="174">
	  <s n="311"> The Investigations Division office in Europe will conduct investigations into matters arising from the operations of the Organization&apos;s offices in Vienna, Geneva and other offices in Europe, as well as providing investigative services to peacekeeping missions located in West Africa, the Middle East and Asia (the United Nations Mission in Liberia, ONUCI, the United Nations Interim Force in Lebanon, the United Nations Peacekeeping Force in Cyprus and the United Nations Integrated Mission in Timor-Leste). </s>
	  <s n="312"> The European office will also include a financial, economic and administrative misconduct team and a team to investigate sexual exploitation and abuse cases. </s>
	  <s n="313"> The sexual exploitation and abuse team in the European office will take guidance from the Deputy Director responsible for this type of investigation, and as such all reports relating to this team will be finalized by the responsible Deputy Director. </s>
	</p>
	<p n="175">
	  <s n="314"> Each of the two teams will be headed by a team leader reporting to the Chief of the Investigations Division European office. </s>
	</p>
	<p n="176">
	  <s n="315"> African office (Nairobi) </s>
	</p>
	<p n="177">
	  <s n="316"> The Chief of the Investigations Division office in Africa will be a Deputy Director who will report directly to the Director the Division. </s>
	  <s n="317"> The Chief will also be the Deputy Director, mentioned above, who has responsibility for all sexual exploitation and abuse investigations conducted by the Division and will be the OIOS focal point for dealing with such cases. </s>
	</p>
	<p n="178">
	  <s n="318"> Similar to the set-up in the European office, the African office will comprise two teams conducting two different types of investigations — financial, economic and administrative misconduct, and sexual exploitation and abuse. </s>
	  <s n="319"> For all investigations of financial, economic and administrative matters, the reports will be finalized by the principal Deputy Director, based in New York, who has been assigned responsibility for this type of investigation. </s>
	  <s n="320"> The African office will be responsible primarily for investigating cases arising out of the Organization&apos;s operations in the United Nations Office at Nairobi and peacekeeping missions located in East and Central Africa (MONUC, UNMIS, the United Nations Operation in Burundi, the United Nations Mission in Ethiopia and Eritrea, UNAMID and MINURCAT). </s>
	</p>
	<p n="179">
	  <s n="321"> As mentioned above, the most significant change in the current structure is the transfer of investigators and other support staff, as required, from the missions to regional offices in New York, Vienna, and Nairobi. </s>
	</p>
	<p n="180">
	  <s n="322"> Number of staff in the Investigations Division </s>
	</p>
	<p n="181">
	  <s n="323"> The implementation of the regional centre model and the subsequent relocation of the resident investigators from the missions to those centres will result in less demand for additional posts when new missions are mandated. </s>
	  <s n="324"> As an example, and as stated above, the current structure would have required new resident investigator posts to staff the missions in Darfur and Chad, whereas existing resources will be used if investigators are co-located as proposed in the regional centre model. </s>
	  <s n="325"> The number of posts in the Investigations Division is therefore dependent on the structure of the Division. </s>
	</p>
	<p n="182">
	  <s n="326"> In future, OIOS may require more non-post resources to support the operational strategy with regard to information technology forensics. </s>
	  <s n="327"> Posts that become vacant will, over the next biennium, be re-encumbered by staff with the specific skills and competencies required to build teams in each of the regional offices as set out above. </s>
	  <s n="328"> OIOS will also use this opportunity to establish an appropriate balance between the number of investigators in the Division who have backgrounds as lawyers and as investigative law enforcement professionals. </s>
	</p>
	<p n="183">
	  <s n="329"> The proposed structure represents an opportunity to build a better, more cohesive and more effective organization that will be supportive of the investigators in their work, especially when combined with the right leadership. </s>
	</p>
	<p n="184">
	  <s n="330"> Conclusions </s>
	</p>
	<p n="185">
	  <s n="331"> The key action to be taken to strengthen the leadership and management of the Investigations Division is the appointment of a Director. </s>
	  <s n="332"> The terms of reference of the Director, Investigations Division, have been posted, and the recruitment process is planned for completion by March 2008. </s>
	</p>
	<p n="186">
	  <s n="333"> OIOS has already initiated actions to strengthen its operating procedures. </s>
	  <s n="334"> As indicated, working groups comprising Investigations Division staff members are in the final stages of developing standard operating procedures for several key aspects of the Division&apos;s work. </s>
	  <s n="335"> The Deputy Director is charged with finalizing and implementing the procedures, as well as other actions relating to operating strategies and procedures of the Division, including the maintenance of the investigations manual, case intake procedures, information technology tools and the case management system. </s>
	</p>
	<p n="187">
	  <s n="336"> The implementation of the restructuring of the Investigations Division will be approached with care and with full consideration of the impact that the specialist team/unit concept and the relocation of investigators from the peacekeeping missions will have on the affected staff. </s>
	</p>
	</body>
</text>
</DOC>